time,open,high,low,close,Plot,fast EMA,slow EMA,third EMA,Histogram,MACD,Signal,Plot,MFI Bar TOP Line,MFI Bar BOTTOM Line,WT Wave 1,WT Wave 2,VWAP,rsiMFI,WT Bearish Divergence,WT Bullish Divergence,WT 2nd Bearish Divergence,WT 2nd Bullish Divergence,RSI,RSI Bearish Divergence,RSI Bullish Divergence,Stoch K,Stoch D,Stoch Bearish Divergence,Stoch Bullish Divergence,Schaff Trend Cycle 1,Schaff Trend Cycle 2,Over Bought Level 2,Over Bought Level 3,Over Sold Level 2,Sommi bearish flag,Sommi bullish flag,Sommi higher VWAP,Sommi bearish diamond,Sommi bullish diamond,Buy and sell circle,Buy circle,Sell circle,Divergence buy circle,Divergence sell circle,Gold  buy gold circle,Test signals,Dataset 1,Dataset 2,CMF
1999-01-18,0.0437502,0.0488294,0.0388023,0.0410169,,,,,,,,0,,,,,,,,,,,,,,,,,,,,60,100,-40,,,,,,,,,,,,,,,
1999-01-25,0.0442711,0.046745,0.0395835,0.0395835,,,,,,,,0,,,,,,,,,,,,,,,,,,,,60,100,-40,,,,,,,,,,,,,,,
1999-02-01,0.0395835,0.0416669,0.0360679,0.0412762,,,,,,,,0,,,,,,,,,,,,,,,,,,,,60,100,-40,,,,,,,,,,,,,,,
1999-02-08,0.0415367,0.0437502,0.0372398,0.0434898,,,,,,,,0,,,,,,,,,,,,,,,,,,,,60,100,-40,,,,,,,,,,,,,,,
1999-02-15,0.0442711,0.046094,0.0393231,0.0434898,,,,,,,,0,,,,,,,,,,,,,,,,,,,,60,100,-40,,,,,,,,,,,,,,,
1999-02-22,0.0442711,0.0546878,0.0414065,0.0457034,,,,,,,,0,,,,,,,,,,,,,,,,,,,,60,100,-40,,,,,,,,,,,,,,,
1999-03-01,0.0468752,0.0479169,0.041146,0.0438804,,,,,,,,0,,,,,,,,,,,,,,,,,,,,60,100,-40,,,,,,,,,,,,,,,
1999-03-08,0.0427085,0.0466148,0.0416669,0.0424481,,,,,,,,0,,,,,,,,,,,,,,,,,,,,60,100,-40,,,,,,,,,,,,,,,
1999-03-15,0.0434898,0.0450523,0.0420575,0.0437502,,0.042737588888888886,,,,,,0,,,,,,,,,,,,,,,,,,,,60,100,-40,,,,,,,,,,,,,,,
1999-03-22,0.0446617,0.0447919,0.038021,0.04362,,0.04291407111111111,,,,,,0,,,,,,,,,,,,,,,,,,,,60,100,-40,,,,,,,,,,,,,,,
1999-03-29,0.0449221,0.0459638,0.040495,0.0427085,,0.04287295688888889,,,,,,0,,,,,,,,,,,,,,,,,,,,60,100,-40,,,,,,,,,,,,,,,
1999-04-05,0.0421877,0.0458336,0.0395835,0.0437502,,0.04304840551111111,,,,,,0,,,,,,,,,,,,,,,,,,,,60,100,-40,,,,,,,,,,,,,,,
1999-04-12,0.0432294,0.0432294,0.0390627,0.0414065,,0.04272002440888889,,,,,,0,,,,,,,,,,,,,,,,,,,,60,100,-40,,,,,,,,,,,,,,,
1999-04-19,0.0419273,0.0419273,0.0356773,0.0359377,,0.04136355952711111,,,,,,0,,,,,,,,,,,38.459825688657034,,,,,,,,,60,100,-40,,,,,,,,,,,,,,,
1999-04-26,0.0359377,0.0395835,0.0333335,0.038021,0.032347528571428565,0.04069504762168889,,,,,,0,,,,,,,,,,,44.184081650736815,,,,,,,,,60,100,-40,,,,,,,,,,,,,,,
1999-05-03,0.0384117,0.0384117,0.0343752,0.0364585,0.032408662244897954,0.039847738097351114,,,,,,0,,,,,,,,,,,41.07941556373074,,,,,,,,,60,100,-40,,,,,,,,,,,,,,,
1999-05-10,0.0361981,0.0406252,0.0361981,0.0375002,0.032781643513119525,0.03937823047788089,,,,,,0,,,,,,,,,,,43.92519714899663,,,,,,,,,60,100,-40,,,,,,,,,,,,,,,
1999-05-17,0.0369794,0.0445315,0.0343752,0.0354168,0.031249183262182418,0.03858594438230471,,,,,,0,,,,,,,,,,,39.76401393379191,,,,,,,,,60,100,-40,,,,,,,,,,,,,,,
1999-05-24,0.0356773,0.0372398,0.0347658,0.0355471,0.03057031302916939,0.03797817550584377,,,,,,0,,,,,,,,,,,40.148175905407705,,,,,,,,,60,100,-40,,,,,,,,,,,,,,,
1999-05-31,0.0354168,0.0356773,0.0343752,0.0355471,0.03115830495565729,0.03749196040467502,,,,,,0,,,,,,,,,,,40.1481759054077,,,15.089096221359934,24.007903630666025,,,,,60,100,-40,,,,,,,,,,,,,,,-0.23914770492573714
1999-06-07,0.0357424,0.0382814,0.0355471,0.0368491,0.031871711744538914,0.03736338832374002,,,,,,0,,,,,,,,,,,44.313056098187914,,,33.10901010609802,26.714398066808865,,,,,60,100,-40,,,,,,,,,,,,,,,-0.15809094492556153
1999-06-14,0.0369142,0.0375002,0.0341148,0.0341148,0.032329560905643276,0.03671367065899202,,,,,,0,,,,,,,,,,,38.256477156910016,,,31.89130365248034,27.36412956560042,,,,,60,100,-40,,,,,,,,,,,,,,,-0.06537595785322003
1999-06-21,0.0351564,0.0361981,0.0342124,0.0356773,0.0326616922695259,0.03650639652719361,,,,,,0,,,,,,,,,,,43.073166905141065,,,53.07038650497401,45.515718223673865,,,,,60,100,-40,,,,,,,,,,,,,,,-0.10222951599184636
1999-06-28,0.0368491,0.040495,0.0354168,0.040495,0.030812414250274048,0.03730411722175489,,,,,,0,,,,,,,,,,,54.84071880033437,,,56.59062527845517,52.55619577063619,,,,,60,100,-40,,,,,,,,,,,,,,,-0.08157482818200609
1999-07-05,0.0408856,0.0445315,0.0388023,0.044206,0.03364317751811162,0.03868449377740391,,,,,,0,,,,,,,,,,,61.48453424441566,,,82.84727700849638,71.73616589738526,,,,,60,100,-40,,,,,,,,,,,,,,,-0.03514623286447862
1999-07-12,0.0468752,0.0481773,0.0442711,0.0457034,0.03507660769538935,0.04008827502192313,,,,-0.0005564731542388596,,0,,,,,,,,,,,63.81180263128088,63.81180263128088,,92.43057381764694,84.86114763529388,92.43057381764694,,,,60,100,-40,,,,,,,,,,,,,,,-0.016766035420152543
1999-07-19,0.0458336,0.0459638,0.0401044,0.040495,0.035268335717147256,0.0401696200175385,,,,-0.00045468504240987057,,0,,,,,,,,,,,51.977219442923435,,,89.73558321814482,93.35738863897427,,,,,60,100,-40,,,,,,,,,,,,,,,-0.06055917127519442
1999-07-26,0.0415367,0.042969,0.0401044,0.0419273,0.035176640308779594,0.0405211560140308,,,,-0.00025549737596368416,,0,,,-4.086069320188277,,,,,,,,54.49162347332981,,,81.2955417823431,87.17621534050038,,,,,60,100,-40,,,,,,,,,,,,,,,0.008338849068404796
1999-08-02,0.0419273,0.0424481,0.0406252,0.0419273,0.03551932314386677,0.04080238481122464,,,,-0.00009652701192791602,,0,,,0.7414537706146449,,,,,,,,54.49162347332982,,,70.06541343762103,75.4148682241858,,70.06541343762103,,,60,100,-40,,,,,,,,,,,,,,,0.041892763468206126
1999-08-09,0.0420575,0.0489586,0.0416669,0.0472659,0.03754884291930485,0.04209508784897971,,,,0.0004549936665836224,,0,,,17.396641030829535,4.684008493751968,,,,,,,62.97232545863366,,,75.41031229779765,72.73786286770934,,,,,60,100,-40,,,,,,,,,,,,,,,0.05300611834630803
1999-08-16,0.0476565,0.0591149,0.0438804,0.0559899,0.045925246996497374,0.044874050279183765,,,,0.0015778432732056688,,0,,,38.770167524995486,18.96942077547989,,,,,,,72.15768536122592,72.15768536122592,,82.98756759716738,77.19346389331925,,,,,60,100,-40,,,,,,,,,,,,,,,0.1645448031340277
1999-08-23,0.0552086,0.0562503,0.049219,0.0541669,0.0444677936396047,0.04673262022334701,,,,0.002294163127132272,,0,,,49.446127373052995,35.20431197629267,,,,,,,68.32099257935295,,,92.18711914178229,87.80966782811652,,,,,60,100,-40,,,,,,,,,,,,,,,0.1901913568994537
1999-08-30,0.0550784,0.0588545,0.051693,0.0555992,0.044286329808204364,0.04850593617867761,,,,0.002943495626623119,,0,,,57.0247674153403,48.41368743779626,,,,,,,69.69260820550093,,,94.44811521564657,93.56061804693918,94.44811521564657,,,,60,100,-40,,,,,,,,,,,,,,,0.1796991566549545
1999-09-06,0.0565107,0.0565107,0.0533857,0.0552086,0.044099227679046914,0.04984646894294208,,,0.002354768615740778,0.003387528831333919,0.0010327602155931412,0,,,59.55019679293942,55.340363860444235,,,,,,,68.81239498874493,,,93.92570504923745,94.93789823456923,,,,,60,100,-40,,,,,,,,,,,,,,,0.20754948102524237
1999-09-13,0.055469,0.055469,0.0489586,0.0507815,0.044502132844829276,0.05003347515435367,,,0.0018487156697325313,0.0033436548027588053,0.001494939133026274,0,,,54.834442856822875,57.13646902170086,,,57.13646902170086,,57.13646902170086,,59.57380476522891,,,88.57543856317623,91.35000034365304,,,,,60,100,-40,,,,,,57.13646902170086,,105,,,,,,,0.16575740144682422
1999-09-20,0.04987,0.0505211,0.034896,0.0377606,0.04439263049877004,0.04757890012348293,,,0.0005900262632636522,0.002232471962105839,0.001642445698842187,0,,,32.36668931709394,48.91710965561875,,,,,,,41.724711719568425,,,65.92967853864427,77.64343643097341,,,,,60,100,-40,,,,,,,,,,,,,,,0.07790811423679123
1999-09-27,0.0402346,0.0463544,0.0377606,0.0398439,0.0429516497488579,0.04603190009878635,,,-0.00011184854842723082,0.0015026350133081484,0.0016144835617353792,0,,,16.69705033910018,34.632727504339,,,,,,,44.60165010724707,,,41.44347390195431,55.72593630823079,,,,,60,100,-40,,,,,,,,,,,,,,,0.03286306675838623
1999-10-04,0.041146,0.0520836,0.0401044,0.0489586,0.04265526762393948,0.04661724007902908,,,0.000021053124853432758,0.00164079996780217,0.0016197468429487373,0,,,14.882087664694858,21.31527577362966,,,,,,,55.10635134582418,,,26.93047489330921,33.80947048215284,,26.93047489330921,,,60,100,-40,,,,,,,,,,,,,,,0.1243727691262935
1999-10-11,0.0493492,0.0494794,0.0424481,0.0445315,0.04185921279365809,0.046200092063223265,,,-0.00019404442293287122,0.0013771913142826483,0.0015712357372155196,0,,,9.674580960043897,13.75123965461298,,,,,,,50.106888232571116,,,28.24613811453793,25.926191757304817,,,,,60,100,-40,,,,,,,,,,,,,,,0.10340040080655655
1999-10-18,0.0446617,0.0462242,0.0397137,0.0449221,0.04186407616553965,0.045944493650578615,,,-0.0003080887462665197,0.00118612480438237,0.0014942135506488896,0,,,1.01575611614523,8.524141580294662,,,,,,,50.53581934069929,,,33.58449183141698,29.44663685976765,,,,,60,100,-40,,,,,,,,,,,,,,,0.12263380666265453
1999-10-25,0.0446617,0.0484377,0.0424481,0.046094,0.04194299215371539,0.045974394920462895,,,-0.00030225353704764826,0.0011163966293393293,0.0014186501663869776,0,,,0.06890248284855505,3.586413186345894,,,,,,,51.88040760031754,,,34.094034460348254,34.11912504888347,,,,,60,100,-40,,,,,,,,,,,,,,,0.1304048312778208
1999-11-01,0.0453127,0.0630211,0.0453127,0.0588545,0.044955285571307145,0.048550415936370314,,,0.0005186602252810952,0.0020669754479883465,0.0015483152227072513,0,,,21.84933201225456,7.644663537082781,,,,,,,63.56383774837096,,,44.10930219964709,40.00247376854339,,,,,60,100,-40,,,,,,7.644663537082781,,,,,,,,,0.21004636544825453
1999-11-08,0.0570315,0.066667,0.0552086,0.066667,0.05123081517335665,0.05217373274909625,,,0.0014904638459491571,0.0034113950301436977,0.0019209311841945406,0,,,41.40961657260404,21.109283689235717,,,,,,,68.61764227183396,,,58.13200800000605,49.63727262564399,,,,,60,100,-40,,,,,,,,,,,,,,,0.2494671925598303
1999-11-15,0.0671227,0.0924484,0.0643232,0.0893234,0.07335288551811688,0.059603666199277,,,0.0034498047063254724,0.006233187067101381,0.0027833823607759088,0,,,62.59144708197456,41.950131888944384,,,,,,,78.14235918716298,78.14235918716298,,77.41936166534441,67.42039933395193,,,,,60,100,-40,,,,,,,,,,,,,,,0.29333784960459625
1999-11-22,0.091602,0.0916671,0.0740889,0.0796879,0.07047575083825139,0.0636205129594216,,,0.003856746470234069,0.007604315448568495,0.0037475689783344262,0,,,70.78325910039759,58.2614409183254,,,,,,,68.55592758435796,,,85.56518974064264,81.29386171309757,,,,,60,100,-40,,,,,,,,,,,,,,,0.25656888303851916
1999-11-29,0.0794275,0.0835942,0.0721358,0.0794275,0.06931084006409058,0.06678191036753728,,,0.003858848670453192,0.008571129816400916,0.004712281145947724,0,,,71.33870403478075,68.23780340571763,,,,,,,68.31057691746078,,,87.75302503549483,88.19022295897857,87.75302503549483,,,,60,100,-40,,,,,,,,,,,,,,,0.2693410398908168
1999-12-06,0.0796879,0.0843754,0.0757816,0.0790369,0.06910339434522696,0.06923290829402982,,,0.003589990917874381,0.0091997697932907,0.0056097788754163195,0,,,70.49232824982114,70.87143046166649,,,70.87143046166649,,70.87143046166649,,67.9156059474296,,,83.25802542815845,85.91709893412893,,,,,60,100,-40,,,,,,70.87143046166649,,105,,,,,,,0.27595573561137193
1999-12-13,0.0781254,0.0808598,0.0731774,0.0783858,0.06931999474913932,0.07106348663522385,,,0.0031405878669981393,0.009535513709163994,0.0063949258421658545,0,,,66.67899577950588,69.50334268803591,,,,,,,67.2138060913949,,,81.06857396981172,82.51298174345563,,,,,60,100,-40,,,,,,,,,,,,,,,0.27819600905337405
1999-12-20,0.078516,0.0968755,0.0757816,0.0966151,0.07694302369562936,0.07617380930817909,,,0.0037993259563415364,0.011144083287592775,0.007344757331251239,0,,,70.0986983315863,69.09000745363777,,,,,,,75.03755932132843,,,83.19813354744063,81.65484630330927,,83.19813354744063,,,60,100,-40,,,,,,69.09000745363777,,,,,,,,,0.2972396764177634
1999-12-27,0.0986984,0.0988286,0.0919275,0.0977869,0.07650655771737012,0.08049642744654327,0.049577096,,0.004020864072007793,0.01237083742126098,0.008349973349253187,0,,,73.30982540540462,70.0291731721656,,,,,,,75.44559594617519,75.44559594617519,,87.61840335751896,84.90059842569444,87.61840335751896,,,,60,100,-40,,,,,,,,,,,,,,,0.3005165929799807
2000-01-03,0.098438,0.0992192,0.0822921,0.08724,0.07704071073755797,0.08184514195723462,0.05105407262745098,,0.0031997359005092856,0.012349643224889795,0.009149907324380509,0,,,69.53930641364924,70.98261005021338,,,70.98261005021338,,70.98261005021338,,65.07384643140557,,,86.68368326302999,87.11124890174386,,,,,60,100,-40,,,,,,70.98261005021338,,105,,,,,,,0.2588515353253307
2000-01-10,0.0875004,0.0951828,0.0830733,0.0915369,0.07610442425630383,0.0837834935657877,0.052641634485198,,0.0027081333884378927,0.012535074059927875,0.009826940671489983,0,,,65.61115118116275,69.4867610000722,,,,,,,67.07177072618322,,,81.65976226458903,84.97796261070941,,,,,60,100,-40,,,,,,,,,,,,,,,0.2551707159619517
2000-01-18,0.0927088,0.1005213,0.0885421,0.0932296,0.07592324395228213,0.08567271485263016,0.054233319407347096,,0.0022764754478346687,0.012672534981283318,0.010396059533448649,0,,,64.28227222135561,66.4775766053892,,,,,,,67.85647959686818,67.85647959686818,,74.69087277713348,78.49485627426293,,,,,60,100,-40,,,,,,,,,,,,,,,0.24970643094588107
2000-01-24,0.0958338,0.0962244,0.07474,0.077865,0.07577361938426197,0.08411117188210412,0.055160051979607994,,0.0008112722407694201,0.011410149834410424,0.010598877593641004,0,,,52.669649435783484,60.854357612767274,,,,,,,54.97396562754423,,,62.991396959920614,68.80281127957848,,,,,60,100,-40,,,,,,,,,,,,,,,0.21521034418105686
2000-01-31,0.0782556,0.0855473,0.072917,0.0845056,0.07427679657110041,0.0841900575056833,0.056310857784329246,,0.00017754265933306312,0.010820805917807333,0.01064326325847427,0,,,40.895501123780775,52.61580759363995,,,,,,,58.649637908969886,,,47.47919750966125,55.756316734897325,,,,,60,100,-40,,,,,,,,,,,,,,,0.2437938031533962
2000-02-07,0.0848963,0.107813,0.0791671,0.1041672,0.0805320611017361,0.08818548600454663,0.05818757708690457,,0.0009287509349032996,0.011804201927103394,0.010875450992200095,0,,,47.717041274374566,47.09406394464627,,,,,,,67.2302748258625,,,38.65166922922251,43.42134984578325,,38.65166922922251,,,60,100,-40,,,,,,47.09406394464627,,,,,,,,,0.33788857701049385
2000-02-14,0.1044276,0.1421882,0.1033859,0.1403653,0.11432611388018352,0.09862144880363731,0.06141023288741812,,0.0035618358358953,0.015327745787069219,0.011765909951173919,0,,,66.21605474971642,51.60953238262391,,,,,,,76.82275711262933,76.82275711262933,,51.445424002241076,43.99372872539228,,,,,60,100,-40,,,,,,,,,,,,,,,0.4393529119179749
2000-02-22,0.1359382,0.138933,0.1218756,0.1274746,0.11064287003159898,0.10439207904290984,0.06400099238202918,,0.004095563206248612,0.016885363958984684,0.012789800752736072,0,,,73.47342050897652,62.46883884435582,,,,,,,69.0274558197739,,,66.28556162014333,56.33755778300958,,,,,60,100,-40,,,,,,,,,,,,,,,0.402462464106133
2000-02-28,0.1268236,0.1348965,0.1197923,0.1226569,0.11012451502934191,0.10804504323432787,0.06630122405332216,,0.003791340460020687,0.01752897632776193,0.013737635867741243,0,,,73.86150304272296,71.18365943380529,,,,,,,66.30347127068683,,,73.44218683625063,70.50376460221706,,,,,60,100,-40,,,,,,,,,,,,,,,0.39010097722873327
2000-03-06,0.1234381,0.3020848,0.1208339,0.2458346,0.21559612824153176,0.1356029545874623,0.0733417486002507,,0.011137580849162294,0.02765961192919411,0.016522031080031818,0,,,92.24339221133138,79.85943858767695,,,,,,,83.9006986723634,83.9006986723634,,76.35610180144968,76.33159453261516,76.35610180144968,,,,60,100,-40,,,,,,,,,,,,,,,0.3806837704319856
2000-03-13,0.2229178,0.3125016,0.1916351,0.208074,0.19186303336713664,0.15009716366996984,0.07862536630220165,,0.012597790132724877,0.03226926874593791,0.019671478613213035,0,,,98.63198892549144,88.24562805984858,,,,,,,71.50029512316497,,,76.1409022539153,76.26075566209975,,,,,60,100,-40,,,,,,,,,,,,,,,0.23515712459249438
2000-03-20,0.2162771,0.2231782,0.1812509,0.1941416,0.17845150241234115,0.15890605093597587,0.08315541468250748,,0.011784149712153219,0.03440166575340456,0.02261751604125134,0,,,92.86473450379918,94.580038546874,,,94.580038546874,,94.580038546874,,67.51188656102065,,,75.71824140856842,75.95953518328797,,,,,60,100,-40,,,,,,94.580038546874,,105,,,,,,,0.17247556932008665
2000-03-27,0.193751,0.200001,0.1468757,0.17601,0.17727496652574537,0.1623268407487807,0.08679677096946797,,0.009293115129357231,0.03423390995294788,0.02494079482359065,0,,,81.63251541360435,91.04307961429834,,,,,,,62.58960641643441,,,62.252952168180656,69.00097520398526,,,,,60,100,-40,,,,,,,,,,,,,,,0.1304472720880935
2000-04-03,0.1744149,0.2187511,0.1187506,0.2136729,0.17458275463104928,0.17259605259902455,0.09177230544125355,,0.009420800285964696,0.03671679518104652,0.027295994895081825,0,,,74.25256982177264,82.9166065797254,,,,,,,67.86238422912494,67.86238422912494,,55.95962223412175,60.72528030861711,,,,,60,100,-40,,,,,,,,,,,,,,,0.104307485430987
2000-04-10,0.2173188,0.2299491,0.136459,0.1433275,0.16538638644311715,0.16674234207921965,0.09379407777689067,,0.0042688454868981054,0.032632051753704455,0.02836320626680635,0,,,63.543282545530516,73.14278926030251,,,,,,,52.80346864933586,,,39.219507833632136,46.28447723981668,,,,,60,100,-40,,,,,,,,,,,,,,,0.07817780633268194
2000-04-17,0.1312507,0.1869801,0.1312507,0.1679696,0.15777695884003737,0.1669877936633757,0.09670292178564005,,0.00212993941052389,0.031025630529961212,0.028895691119437322,0,,,51.47079388385413,63.08888208371909,,,,,,,56.469236731122955,,,29.621650576746646,35.64795093514182,,,,,60,100,-40,,,,,,,,,,,,,,,0.07814487759248957
2000-04-24,0.1583341,0.200001,0.1513028,0.185678,0.15610544749432043,0.17072583493070057,0.10019214053914437,,0.001544331793606045,0.03082610586144488,0.029281774067838835,0,,,48.712398291442575,54.57549157360907,,,,,,,58.95132790343493,,,17.627539714991485,22.751242018945515,,17.627539714991485,,,60,100,-40,,,,,,,,,,,,,,,0.09442586099127934
2000-05-01,0.1927093,0.2028656,0.1666675,0.191928,0.1555577869590118,0.17496626794456044,0.1037896252238838,,0.0012282319140010274,0.03081706396034012,0.02958883204633909,0,,,49.24343521062606,49.80887579530759,,,,,,,59.827151960303155,,,20.13270749002013,19.091150652357296,,,,,60,100,-40,,,,,,,,,,,,,,,0.09570637234251261
2000-05-08,0.1869801,0.193751,0.1627612,0.1661467,0.15683497360479667,0.17320235435564835,0.10623500070530012,,-0.0009493373830901618,0.028402160317476388,0.02935149770056655,0,,,42.40520971514884,46.787014405739164,,,,,,,54.61938584474769,,,17.729007136510962,17.284029002935583,,,,,60,100,-40,,,,,,,,,,,,,,,0.044567496200938216
2000-05-15,0.1653654,0.2388033,0.1572925,0.2127615,0.15876497549016833,0.1811141834845187,0.11041251048156286,,0.00044282583584709725,0.02990502999537542,0.029462204159528323,0,,,50.605039198164526,47.41789470797982,,,,,,,61.22984724543061,,,19.80124340479041,19.737684101837527,,,,,60,100,-40,,,,,,47.41789470797982,,,,,,,,,0.054502611691109336
2000-05-22,0.2104177,0.2457044,0.1917978,0.2198579,0.15333983438372772,0.18886292678761496,0.11470448654110942,,0.0014764674867762152,0.03130778851799859,0.029831321031222376,0,,,59.4947545674817,50.83500116026502,,,,,,,62.13939462444244,,,20.694810604181367,19.85710229654809,,,,,60,100,-40,,,,,,,,,,,,,,,0.06390104954432349
2000-05-30,0.2257824,0.2770847,0.2247407,0.2740899,0.18050096049917574,0.20590832143009197,0.1209548949120463,,0.005235928267824111,0.036376231366002515,0.031140303098178404,0,,,71.92386018155679,60.674551315734334,,,,,,,68.29695206552871,,,30.968313494806715,25.833487152292836,,,,,60,100,-40,,,,,,,,,,,,,,,0.08691042550061472
2000-06-05,0.2736993,0.2937515,0.2458346,0.2634128,0.17901062760637748,0.21740921714407357,0.1265414794252994,,0.00635252166323267,0.03908095517721924,0.03272843351398657,0,,,77.65966673938811,69.6927604961422,,,,,,,66.00728374596807,,,36.92712993878865,32.87247965667813,,,,,60,100,-40,,,,,,,,,,,,,,,0.07828780363792345
2000-06-12,0.2645847,0.3125016,0.2479179,0.3119807,0.21684753277735053,0.23632351371525886,0.13381360572234646,,0.00952048212232566,0.04462903616689365,0.03510855404456799,0,,,82.12327406285296,77.23560032793262,,,,,,,70.82689518649453,70.82689518649453,,51.0758217804087,44.80914090475929,,,,,60,100,-40,,,,,,,,,,,,,,,0.1472592042882712
2000-06-19,0.3111995,0.3666685,0.3033869,0.3084651,0.21441651615039692,0.2507518309722071,0.14066268392931328,,0.01046258359528024,0.04818678353866829,0.03772419994338805,0,,,86.71660120712738,82.16651400312281,,,,,,,70.0480796127799,,,64.35060293412894,56.75637218630379,,,,,60,100,-40,,,,,,,,,,,,,,,0.06992683567095316
2000-06-26,0.3145849,0.3484392,0.2395845,0.2648451,0.21234515785394,0.25357048477776567,0.14553258259875196,,0.007376957800630676,0.0469453971941764,0.03956843939354572,0,,,80.19057456715312,83.01014994571115,,,83.01014994571115,,83.01014994571115,,61.02793663616338,,,70.99568587977404,67.81967702439007,70.99568587977404,,,,60,100,-40,,,,,,83.01014994571115,,105,,106,,,,,-0.013697266228226685
2000-07-03,0.266668,0.2750014,0.2197928,0.2424491,0.20391131086437286,0.2513462078222125,0.14933323033997736,,0.003266236705434522,0.04365123527533887,0.04038499856990435,0,,,65.44354843002735,77.45024140143595,,,,,,,56.94897164312412,,,61.57753605665711,67.31790013260658,,,,,60,100,-40,,,,,,,,,,,,,,,-0.08618830218890199
2000-07-10,0.2382824,0.322137,0.2359387,0.3075536,0.2037436100883462,0.26258768625777,0.15553795071880178,,0.004305129606440625,0.045766410577955136,0.04146128097151451,0,,,63.70798773751912,69.7807035782332,,,,,,,64.43493295770119,64.43493295770119,,53.03652809185897,59.0204807248959,,,,,60,100,-40,,,,,,,,,,,,,,,-0.04549592588022286
2000-07-17,0.3122411,0.3125016,0.2731784,0.290366,0.19916078793917863,0.268143349006216,0.1608253252004174,,0.0032557384792440414,0.04553095407056956,0.04227521559132552,0,,,61.83813060291775,63.663222256821406,,,,,,,61.38230700646793,,,47.44184490266515,49.443359311215,,,,,60,100,-40,,,,,,,,,,,,,,,-0.02774322300262919
2000-07-24,0.2906265,0.2927098,0.2083344,0.2250011,0.20160175308638015,0.2595148992049728,0.16334202225138142,,-0.002129521024726279,0.039613314310417674,0.04174283533514395,0,,,45.372313229729315,56.97281052338874,,,,,,,51.35804974202667,,,40.13280945394948,43.18963121520907,,,,,60,100,-40,,,,,,,,,,,,,,,-0.10559491667012419
2000-07-31,0.2375012,0.2708347,0.2250011,0.2656263,0.19743233500878155,0.2607371793639782,0.16735317039838607,,-0.003181220446637871,0.03776630977684661,0.040947530223484484,0,,,35.66790217141414,47.62611533468708,,,,,,,56.17671685409334,,,29.587576691985394,35.42286789269399,,,,,60,100,-40,,,,,,,,,,,,,,,0.02400982050571678
2000-08-07,0.2674493,0.2958348,0.2557304,0.2684909,0.19906670393672576,0.2622879234911826,0.17131935587295916,,-0.003864139174038335,0.03611735625593657,0.0399814954299749,0,,,34.94809788833762,38.66277109649369,,,,,,,56.505854328397426,,,22.335707821890942,26.374922206937143,,22.335707821890942,,,60,100,-40,,,,,,,,,,,,,,,0.0332905314475782
2000-08-14,0.2718764,0.3244808,0.2625013,0.3208349,0.21025698936981677,0.27399731879294603,0.17718271054460782,,-0.0011136467085161514,0.03858943704432971,0.03970308375284586,0,,,43.0691352060172,37.895045088589654,,,,,,,62.13537149212821,,,31.559190428125106,26.291789946092944,,,,,60,100,-40,,,,,,37.895045088589654,,,,,,,,,0.05422414275845666
2000-08-21,0.3325537,0.3382829,0.2843764,0.3125016,0.20930119727197272,0.28169817503435685,0.18248933366050557,,-0.00022508929016151064,0.03942172214014397,0.03964681143030548,0,,,49.427427965017586,42.48155368645747,,,,,,,60.77861057030917,,,38.741449123157366,33.15149564832919,,,,,60,100,-40,,,,,,,,,,,,,,,0.00554875091534087
2000-08-28,0.3140641,0.3437517,0.3104182,0.3312517,0.21998376175254608,0.2916088800274855,0.18832315194832888,,0.001178776004425404,0.041120281435837236,0.03994150543141183,0,,,56.033314315087026,49.50995916204061,,,,,,,62.76066259621368,62.76066259621368,,49.74810972043363,45.16355323725253,49.74810972043363,,,,60,100,-40,,,,,,,,,,,,,,,0.055770877967525286
2000-09-05,0.3390642,0.3393246,0.3005223,0.3062515,0.22316954305593567,0.29453740402198836,0.1929477930483944,,0.000037304747864633225,0.03998813636624263,0.039950831618377994,0,,,55.42273175476091,53.627824678288505,,,53.627824678288505,,53.627824678288505,,58.49109560215445,,,48.64797932782844,48.990006864314296,,,,,60,100,-40,,,,,,,,,,,,,,,0.028430615225127635
2000-09-11,0.3023453,0.3093765,0.2822931,0.2953791,0.22534651140908313,0.2947057432175907,0.19696470704649657,,-0.0017381781723145306,0.03777810890298483,0.03951628707529936,0,,,47.4285660945473,52.961537388131745,,,,,,,56.674622409492386,,,44.59446850692561,47.95688875220214,,,,,60,100,-40,,,,,,52.961537388131745,,,,,,,,,0.014663957548496613
2000-09-18,0.2960952,0.2979182,0.260418,0.2942723,0.2290421105941486,0.29461905457407256,0.20078069108388885,,-0.0031907941344506696,0.035527794407236024,0.038718588541686694,0,,,35.69386156947556,46.18171980626125,,,,,,,56.481181269596334,,,35.60302616881863,40.18601309765723,,35.60302616881863,,,60,100,-40,,,,,,,,,,,,,,,0.03341866102860184
2000-09-25,0.3033869,0.3557309,0.3010432,0.3411475,0.240881424123138,0.30392474365925803,0.20628527182569714,,-0.0012955232026257563,0.037099184538404495,0.03839470774103025,0,,,45.36795827580214,42.83012864660833,,,,,,,62.373545611996256,62.373545611996256,,41.59228533155391,38.859164541184235,,,,,60,100,-40,,,,,,42.83012864660833,,,,,,,,,0.0800419926566997
2000-10-02,0.3458351,0.3593768,0.280991,0.2851577,0.239263486685771,0.30017133492740644,0.20937830822468942,,-0.003962866088214091,0.03344112513076264,0.03740399121897673,0,,,41.904046026351075,40.98862195720958,,,,,,,53.074720153676694,,,37.63392947658632,37.65332607876906,,,,,60,100,-40,,,,,,,,,,,,,,,-0.007315369432306748
2000-10-09,0.277866,0.2958348,0.2427095,0.2713555,0.2353429447796445,0.29440816794192515,0.21180878633352512,,-0.00664879415290643,0.029092998527843694,0.035741792680750124,0,,,22.317647286369613,36.52988386284094,,,,,,,51.0425434100792,,,32.58684693063432,36.77840821439896,,,,,60,100,-40,,,,,,36.52988386284094,,,,,,,,,-0.0050330703849780795
2000-10-16,0.2713555,0.2968765,0.2190115,0.2901056,0.23531108443824128,0.29354765435354013,0.21487924961456337,,-0.007113004575690557,0.026850536961136928,0.033963541536827485,0,,,8.007260144691598,24.07631781913742,,,,,,,53.654117200312214,,,17.726245583619477,25.36557742212806,,,,,60,100,-40,,,,,,,,,,,,,,,-0.005265320614214747
2000-10-23,0.2924494,0.2942723,0.2343762,0.2552096,0.2317472569783669,0.2858800434828321,0.2164608319826197,,-0.009567707543604101,0.022003907107322362,0.03157161465092646,0,,,-4.583069985630816,8.580612481810126,,,,,,,48.44389035128071,,,11.413951926146853,15.327525811068577,,11.413951926146853,,,60,100,-40,,,,,,,,,,,,,,,-0.0003541906445040856
2000-10-30,0.2510429,0.3020848,0.2369804,0.2968765,0.23100497433705497,0.2880793347862657,0.2196143875911444,,-0.00823346093682812,0.021279788479891315,0.029513249416719435,0,,,-6.583750958881211,-1.0531869332734847,,,,,,,54.1972648065833,,,16.8431321498272,12.818389021497609,,,,,60,100,-40,,,,,,,,,,,,,,,-0.036870088328041103
2000-11-06,0.3039078,0.333335,0.2385429,0.2450533,0.22957166902726533,0.27947412782901254,0.22061199199933482,,-0.010541871601800097,0.016335909914469315,0.026877781516269413,0,,,-11.245046807597136,-7.470622584036394,,,,,,,47.11323229930595,,,13.639707044518095,13.91191685210453,,,,,60,100,-40,,,,,,,,,,,,,,,-0.014748462875413572
2000-11-13,0.2328137,0.2950536,0.2250011,0.2640638,0.223999642668175,0.27639206226321006,0.22231598446994913,,-0.010467950261836473,0.013792843688973822,0.024260793950810294,0,,,-19.709957058600637,-12.512918275026335,,,,,,,49.724726336726604,,,18.48877186339309,17.80322906046866,18.48877186339309,,,,60,100,-40,,,,,,,,,,,,,,,0.058604257634292715
2000-11-20,0.2542981,0.2562513,0.2166678,0.2395845,0.22235984676330534,0.26903054981056806,0.2229931811574021,,-0.011656263313211946,0.009690464809295363,0.02134672812250731,0,,,-33.75597436888929,-21.57032607836236,,,,,,,46.520287647476636,,,9.294846936798773,12.782876444211686,,,,,60,100,-40,,,,,,,,,,,,,,,0.0768371713884259
2000-11-27,0.2567721,0.2583346,0.1515633,0.1854176,0.22407382199449782,0.25230795984845444,0.22151962895515104,,-0.015441453388230546,0.0020449113872191282,0.017486364775449674,0,,,-50.42313173790001,-34.62968772179665,,,,,,,40.295392403802914,,,8.034733635541137,10.262649841696417,,,,,60,100,-40,,,,,,,,,,,,,,,-0.004162014467222574
2000-12-04,0.1865895,0.2088552,0.1546883,0.2072927,0.21718318470917655,0.24330490787876355,0.22096171017259608,,-0.01576787276555844,-0.002223476181498374,0.013544396584060064,0,,,-59.47694647104001,-47.885350859276436,,,,,,,43.597320157838446,,,5.940507094658425,5.873662262022147,,5.940507094658425,,,60,100,-40,,,,,,,,,,,,,,,0.10419796334119477
2000-12-11,0.2005218,0.2114594,0.1552091,0.1559904,0.2182996500870925,0.22584200630301085,0.2184138156560237,,-0.0185433627746606,-0.009634806884265684,0.008908555890394914,0,,,-65.73155387510583,-58.54387736134862,,,,,,,38.22614715632917,,,5.973929510976566,5.940507094658429,,,,,60,100,-40,,,,,,,,,,,,,,,0.039573189118657474
2000-12-18,0.1625008,0.1781259,0.1145839,0.1460945,0.17476773936658588,0.20989250504240867,0.2155777640616698,,-0.020023663247019544,-0.016121023168379517,0.0039026400786400274,0,,,-71.65523687851957,-65.62124574155514,,,,,,,37.26672198610778,,,6.007351927294707,6.00735192729471,6.007351927294707,,,,60,100,-40,,,,,,,,,,,,,,,0.005226636464759629
2000-12-26,0.1479174,0.1552091,0.1307298,0.1365241,0.17441236512611547,0.19521882403392693,0.21247762037297688,,-0.020548153584414,-0.021782551901877473,-0.0012343983174634733,0,,,-73.60283957804073,-70.32987677722205,,,,,,,36.311869919360795,,,2.002450642431571,4.004901284863142,,,,,60,100,-40,,,,,,,,,,,,,,,-0.008044864921834961
2001-01-02,0.1375007,0.1859384,0.1177089,0.1545581,0.1796627604742501,0.18708667922714153,0.21020626663286013,,-0.01863758427859543,-0.02453137866570776,-0.005893794387112331,0,,,-70.82924891392034,-72.02910845682689,,,,-72.02910845682689,,-72.02910845682689,39.477470047588206,,,6.000921720803606,4.502298842225485,,,,,60,100,-40,,,,,,-72.02910845682689,-107,,,,,,,,-0.02681872915574376
2001-01-08,0.1502612,0.2156261,0.1502612,0.1958343,0.17828809901180365,0.18883620338171322,0.20964266009823815,,-0.013775180232883169,-0.023112769678216294,-0.009337589445333125,0,,,-60.30193549397193,-68.24467466197767,,,,,,,46.118112626538924,,,19.58039271970465,11.665082509697756,,,,,60,100,-40,,,,,,,,,,,,,,,-0.006920566714151621
2001-01-16,0.196876,0.2375012,0.1773446,0.2169282,0.17742085622524625,0.19445460270537057,0.20992836754536606,,-0.008574109427849497,-0.020055226230144996,-0.011481116802295499,0,,,-45.257241425933984,-58.796141944608756,,,,,,,49.20374382779347,,,40.68942550956129,29.09352463705396,,,,,60,100,-40,,,,,,,,,,,,,,,0.00793957600284415
2001-01-22,0.2104177,0.2333345,0.1923187,0.2117198,0.14454690220915728,0.19790764216429646,0.20999861979848897,,-0.00509242679438175,-0.017846650295272687,-0.012754223500890937,0,,,-32.62331033392852,-46.06082908461148,,,,,,,48.46139726321189,,,58.900001956058965,49.39525830597452,,,,,60,100,-40,,,,,,,,,,,,,,,0.019715919251060223
2001-01-29,0.2052094,0.2260428,0.193751,0.1953135,0.14722442347993175,0.19738881373143716,0.20942273274756784,,-0.003573956060528804,-0.01722166857655194,-0.013647712516023137,0,,,-24.788992620705873,-34.223181460189465,,,,,,,46.088548754428594,,,65.51508999354684,62.930062993826425,,,,,60,100,-40,,,,,,,,,,,,,,,-0.0113838253406822
2001-02-05,0.1950531,0.200001,0.1765634,0.1846363,0.1264776789456509,0.19483831098514973,0.208450715777075,,-0.0029918257100654076,-0.017387494653604896,-0.014395668943539488,0,,,-25.435763110084636,-27.616022021573016,,,,,,,44.550618455420945,,,65.8386032635767,67.04551728164101,,,,,60,100,-40,,,,,,,,,,,,,,,-0.048575126553358695
2001-02-12,0.182553,0.2541679,0.1708342,0.2479179,0.13954190902096153,0.20545422878811978,0.20999844849169952,,0.0016996052038561853,-0.012271162438719257,-0.013970767642575443,0,,,-10.677487930826778,-20.30074788720577,,,,,,,54.3345525216881,,,71.68600687672276,69.02595499805629,,,,,60,100,-40,,,,,,,,,,,,,,,-0.003777908692930903
2001-02-20,0.2416679,0.2500013,0.2125011,0.2264334,0.1353782369480357,0.20965006303049583,0.2106429563939858,,0.003307285322853435,-0.00983666098900865,-0.013143946311862085,0,,,1.6009450382002957,-11.504102000903712,,,,,,,51.02327881813126,,,78.56141229836506,74.02514314940792,,,,,60,100,-40,,,,,,,,,,,,,,,0.026699797014621673
2001-02-26,0.2197928,0.2260428,0.1666675,0.1815764,0.13805961288031887,0.20403533042439667,0.2095030914373589,,0.0013987366175453285,-0.011395525539930423,-0.012794262157475752,0,,,-5.277699224412568,-4.784747372346356,,,,,,,44.842091233363334,,,79.24184885988448,78.98185948062009,79.24184885988448,,,,60,100,-40,,,,,,-4.784747372346356,,,,,,,,,-0.02069449724694097
2001-03-05,0.17448,0.2268241,0.1734384,0.2085948,0.1373686476745818,0.20494722433951734,0.20946747216530562,,0.0019700651929678483,-0.010331680666265941,-0.01230174585923379,0,,,-5.099965334062699,-2.9255731734249957,,,,,,,48.882839451942516,,,74.37087177896767,77.83531581110161,,,,,60,100,-40,,,,,,,,,,,,,,,-0.021976454021457977
2001-03-12,0.2015635,0.2655612,0.1921885,0.2484387,0.13815929426925455,0.21364551947161387,0.21099575560980344,,0.004879786086961839,-0.006202013250531491,-0.01108179933749333,0,,,10.16927515783598,-0.06946313354642915,,,,,,,54.238561022628176,,,75.20101783116135,75.20257541207634,,,,,60,100,-40,,,,,,-0.06946313354642915,,,,,,,,,0.042950042502226254
2001-03-19,0.2471367,0.292189,0.23366,0.2791681,0.1662839803928792,0.2267500355772911,0.21366918088000722,,0.00850984549026258,-0.00044449247466510355,-0.008954337964927684,0,,,28.848344954689043,11.305884926154107,,,,,,,57.92205634476668,,,84.8892753909472,78.97110969474363,,,,,60,100,-40,,,,,,,,,,,,,,,0.08999677484201937
2001-03-26,0.2791681,0.2986994,0.2687513,0.2705091,0.1659858460791021,0.23550184846183286,0.21589819731608537,,0.00986803407485831,0.0033807046286452036,-0.006487329446213106,0,,,41.2283915875278,26.74867056668428,,,,,,,56.53294260471901,,,92.89943063876726,87.95144065373292,,,,,60,100,-40,,,,,,,,,,,,,,,0.01720507270053129
2001-04-02,0.269793,0.2763035,0.2242199,0.2611992,0.16979199278773768,0.2406413187694663,0.2176747072252585,,0.009667029390703184,0.005596457292165874,-0.00407057209853731,0,,,41.44517250396134,37.17396968205939,,,,,,,54.99666543675743,,,94.2461300647116,94.28678046009391,,,,,60,100,-40,,,,,,,,,,,,,,,0.06518991630940944
2001-04-09,0.2662513,0.3052099,0.2443929,0.2927098,0.18370575758861363,0.25105501501557304,0.2206172598830915,,0.011082325400424708,0.009782334651993574,-0.001299990748431133,0,,,47.98961434448919,43.55439281199278,,,,,,,59.07455241881264,,,94.81246982840801,95.41945998748675,,,,,60,100,-40,,,,,,,,,,,,,,,0.09621166638314986
2001-04-16,0.2875014,0.3749602,0.2803347,0.3623352,0.2524290177608555,0.2733110520124584,0.22617482616218595,,0.015843633848190816,0.018504551561807386,0.002660917713616571,0,,,61.30695956977275,50.247248806074424,,,,,,,66.36915183884787,66.36915183884787,,95.2424336397722,94.72395665455076,95.2424336397722,,,,60,100,-40,,,,,,,,,,,,,,,0.16792141463506924
2001-04-23,0.3544601,0.3678768,0.3041682,0.3291683,0.24676153077793725,0.28448250160996674,0.2302137859205316,,0.015856487121747073,0.022481526615800412,0.006625039494053339,0,,,65.83387096381273,58.37681495935823,,,,,,,60.77856100770822,,,93.8859448549949,94.4345700010782,,,,,60,100,-40,,,,,,,,,,,,,,,0.10391051444898008
2001-04-30,0.3381266,0.3893769,0.3309599,0.3742519,0.2578322642937989,0.3024363812879734,0.23586233941384407,,0.017850050856109655,0.02893760306419041,0.011087552208080755,0,,,71.01736564564543,66.05273205974363,,,,,,,65.1067718017356,,,93.08689583906249,93.81800550300757,,,,,60,100,-40,,,,,,,,,,,,,,,0.17193420784405433
2001-05-07,0.3728352,0.397002,0.3189182,0.325585,0.25754672398709894,0.30706610503037873,0.2393808751231051,,0.014956957861071157,0.0297837495344197,0.014826791673348544,0,,,69.4106457830192,68.75396079749247,,,,,,,57.66502989936906,,,85.53792163875642,89.19223729038548,,,,,60,100,-40,,,,,,,,,,,,,,,0.1191059092410697
2001-05-14,0.3265433,0.3729185,0.3147932,0.3595851,0.25472797941659187,0.31756990402430296,0.24409476629474805,,0.014394188696094282,0.0328195275434664,0.018425338847372116,0,,,66.92933384874864,69.11911509247109,,,69.11911509247109,,69.11911509247109,,61.03575492185853,,,84.1858633139948,85.65277969755861,,,,,60,100,-40,,,,,,69.11911509247109,,105,,,,,,,0.14858526399286215
2001-05-21,0.3587935,0.4166688,0.3515851,0.3820852,0.2627950880296924,0.33047296321944236,0.24950615585181676,,0.01455481224989873,0.03661885415974553,0.022064041909846798,0,,,69.04583691354702,68.4619388484383,,,,,,,63.139768262189286,,,81.20054809961138,81.75091227919529,,81.20054809961138,,,60,100,-40,,,,,,68.4619388484383,,,,,,,,,0.13580243703291542
2001-05-29,0.3799185,0.3800019,0.3490017,0.3764603,0.2620181388847144,0.3396704305755539,0.2544847497399808,,0.013332379037156086,0.038729515706291906,0.02539713666913582,0,,,66.10721067301242,67.36079381176937,,,,,,,62.2297032528914,,,85.19877654302991,83.44167098412959,,,,,60,100,-40,,,,,,67.36079381176937,,105,,,,,,,0.16883693067462782
2001-06-04,0.3767102,0.4150021,0.3656685,0.403127,0.286909943250092,0.3523617444604431,0.2603138575933149,,0.013337541890636715,0.04206906403243171,0.028731522141795,0,,,66.90065702645262,67.35123487100402,,,,,,,64.83298690821522,64.83298690821522,,89.09035697274771,86.4466949918633,,,,,60,100,-40,,,,,,,,,,,,,,,0.17827108318489132
2001-06-11,0.4037104,0.4135021,0.3782519,0.3960436,0.288163504446514,0.36109811556835447,0.2656365925896555,,0.011927616039138944,0.04364104219071868,0.03171342615157974,0,,,65.85311028993102,66.28699266313203,,,,,,,63.57211105880629,,,89.92704795163786,89.63599923970953,89.92704795163786,,,,60,100,-40,,,,,,,,,,,,,,,0.1752660478390138
2001-06-18,0.3950436,0.4014604,0.3456267,0.3804186,0.29133943984319155,0.3649622124546836,0.270137847782218,,0.00913236023818529,0.04312887644931135,0.03399651621112606,0,,,59.76732608750946,64.1736978012977,,,,,,,60.74882711323155,,,84.96270583444208,87.96938182152064,,,,,60,100,-40,,,,,,,,,,,,,,,0.19460654184766069
2001-06-25,0.3846686,0.392502,0.3685852,0.3864603,0.29134802271153504,0.36926182996374685,0.2746995125750722,,0.006977242071609775,0.042718068800638276,0.0357408267290285,0,,,55.86589799360834,60.49544479034961,,,,,,,61.465691056678956,,,77.08734795968275,81.58720560757382,,,,,60,100,-40,,,,,,,,,,,,,,,0.21341744053932002
2001-07-02,0.3711685,0.3779186,0.329585,0.3362517,0.2959155496607111,0.36265980397099745,0.277113323846638,,0.001730659347116567,0.037904150912924206,0.03617349156580764,0,,,42.312736379897714,52.648653487005184,,,,,,,52.78634934174004,,,54.97083723500718,66.1212986572924,,,,,60,100,-40,,,,,,,,,,,,,,,0.16699443003226316
2001-07-09,0.3318766,0.3468767,0.3171683,0.3373351,0.29544846754208887,0.35759486317679795,0.279474962127162,,-0.001909167844866444,0.033787031759724584,0.03569619960459103,0,,,27.48455190280424,41.88772875877011,,,,,,,52.94168216752608,,,34.975586713072275,46.58975988766456,,,,,60,100,-40,,,,,,,,,,,,,,,0.1861976411684894
2001-07-16,0.3335433,0.3375017,0.3020848,0.3120432,0.2988957341462254,0.34848453054143835,0.2807521479260968,,-0.006029964689953093,0.02815874374214966,0.034188708432102755,0,,,11.994860406752325,27.264049563151435,,,,,,,48.875026532650075,,,11.49417971640123,22.542537196001117,,,,,60,100,-40,,,,,,,,,,,,,,,0.18638368068505548
2001-07-23,0.3125224,0.3411267,0.2802681,0.3375017,0.301281267421495,0.3462879644331507,0.282977620556446,,-0.006983689540684332,0.025459096506247336,0.03244278604693167,0,,,1.5095865299407247,13.662999613165773,,,,,,,52.82643411977174,,,10.215416155245265,11.059517021442979,,10.215416155245265,,,60,100,-40,,,,,,,,,,,,,,,0.22139362946015986
2001-07-30,0.3379184,0.3689227,0.3179183,0.3632935,0.2998618768913882,0.34968907154652057,0.28612726288756574,,-0.005865171520634316,0.025111321646138773,0.03097649316677309,0,,,3.8643192070003867,5.789588714564488,,,,,,,56.51509090161807,,,18.82506570781703,11.866817235370737,,,,,60,100,-40,,,,,,,,,,,,,,,0.22778462037268957
2001-08-06,0.3607102,0.3780019,0.3420851,0.3526684,0.299951614256289,0.35028493723721643,0.2887367192449161,,-0.005817119947252581,0.023705093232707364,0.029522213179959945,0,,,8.586206070424566,4.653370602455236,,,,,,,54.60940862571964,,,31.5130745126238,24.545194623639617,,,,,60,100,-40,,,,,,4.653370602455236,,,,,,,-291,,0.17201676317715123
2001-08-13,0.3587101,0.3737519,0.3460851,0.3490434,0.3021903132379827,0.3500366297897731,0.2911016871176645,,-0.005982546525607094,0.022044030022951078,0.028026576548558172,0,,,11.549275657893128,7.9999336451060366,,,,,,,53.9371885772968,,,37.876254737607525,35.00419451427158,,,,,60,100,-40,,,,,,,,,,,,,-268.0909090909091,,0.1729527076570505
2001-08-20,0.3468351,0.3624602,0.3343767,0.3553351,0.30544767657812677,0.3510963238318185,0.2936206444855992,,-0.005626609078661818,0.0209933152002309,0.026619924278892718,0,,,10.862275176830622,10.332585635049448,,,,,,,54.97921598693959,,,38.086443974119746,38.85053932769773,38.086443974119746,,,,60,100,-40,,,,,,,,,,,,,-240.2561983471075,,0.16835177258041922
2001-08-27,0.3473767,0.3747894,0.33646,0.3529601,0.301329442536832,0.35146907906545477,0.2959476819567522,,-0.005502813957058195,0.019741406832569974,0.02524422078962817,0,,,12.802042720157651,11.73786451829381,,,,,,,54.4752679126281,,,37.642618914061686,38.338975352402144,,,,,60,100,-40,,,,,,,,,,,,,-201.11870773854253,,0.13314248992182973
2001-09-04,0.3519934,0.3520018,0.3147932,0.325085,0.29303581092705827,0.3461922632523638,0.2970903218800168,,-0.0071458254754745015,0.016311938945285043,0.023457764420759544,0,,,-1.304963070580964,7.453118275469112,,,,,,,48.78903784434771,,,29.547041092136844,33.340673320134165,,,,,60,100,-40,,,,,,7.453118275469112,,,,,,,-126.36985178608026,,0.053327858340241334
2001-09-10,0.3223349,0.3272933,0.3091265,0.3156682,0.2942565744322684,0.34008745060189105,0.2978188661200162,,-0.008615855422623497,0.012687945142480173,0.02130380056510367,0,,,-16.684548084181564,-1.7291561448682835,,,,,,,46.99382929994648,,,18.664314607659527,25.007075138794946,,,,,60,100,-40,,,,,,,,,,,,,-56.120787824974734,,0.06434296736790215
2001-09-17,0.2960015,0.3032515,0.216751,0.2247511,0.27508049768710635,0.3170201804815128,0.29495346352707436,,-0.015081923942295416,0.0024513956372343992,0.017533319579529815,0,,,-42.18909194188515,-20.05953436554922,,,,,,,33.93411851387319,,,6.345827156777255,12.69165431355453,,,,,60,100,-40,,,,,,,,,,,,,134.0829917795661,,-0.011692741471445087
2001-09-24,0.2425845,0.2615846,0.2125843,0.2289178,0.267250397852313,0.29939970438521024,0.2923638296632675,,-0.018238049915070595,-0.0052642428143084286,0.012973807100762166,0,,,-55.907208208560604,-38.26028274487577,,,,,,,34.833258872974156,,,2.9702273994836808,4.565502218872855,,2.9702273994836808,,,60,100,-40,,,,,,,,,,,,,120.61335691055412,,0.017593343094049377
2001-10-01,0.2287511,0.2816681,0.1888343,0.274168,0.2671105765771478,0.2943533635081682,0.2916502677156884,,-0.016490697488562522,-0.007639564759940987,0.008851132728621536,0,,,-59.62711547596603,-52.574471875470586,,,,,,,43.82749752282945,,,11.746079827293656,6.21677805867045,,,,,60,100,-40,,,,,,,,,,,,,99.59274656318061,,0.04791487219937696
2001-10-08,0.2633347,0.3375017,0.260168,0.3369183,0.2607188139644944,0.30286635080653457,0.2934254846680144,,-0.010607137765229924,-0.004407789477915869,0.006199348287314055,0,,,-45.90577239856313,-53.813365361029916,,,,,,-53.813365361029916,53.47439829990078,,,33.710798262322704,21.517982675164195,,,,,60,100,-40,,,,,,-53.813365361029916,-107,,,,,,62.39406536987506,,0.0960016045590561
2001-10-15,0.327085,0.3775019,0.3179182,0.3696685,0.2633729058241734,0.31622678064522763,0.2964154068378962,,-0.004329869846443612,0.0007870109792595392,0.0051168808257031516,0,,,-25.465916661971953,-43.6662681788337,,,,,,,57.592239844463265,,,62.43782897604636,47.0136633493727,,,,,60,100,-40,,,,,,,,,,,,,45.59514439353414,,0.09139407324203014
2001-10-22,0.3669602,0.4203354,0.3587518,0.3815852,0.27437019112244676,0.3292984645161821,0.29975539872660617,,0.000545425334938985,0.005798662494376883,0.005253237159437898,0,,,-5.886601403151037,-25.752763487895365,,,,,,,59.021902521670235,,,84.15753402218753,73.02016912414408,,,,,60,100,-40,,,,,,,,,,,,,-6.331245496199358,,0.058380661231734784
2001-10-29,0.3829186,0.3978354,0.3362518,0.3930853,0.2847308488994148,0.34205583161294567,0.30341539485497454,,0.004258590562378009,0.010576475362410409,0.0063178848000324,0,,,5.307743900618311,-8.681591388168217,,,,,,,60.41700035405089,,,95.52614892049183,91.05229784098367,,,,,60,100,-40,,,,,,,,,,,,,-28.81647358779947,,0.0980197768767914
2001-11-05,0.3999187,0.443669,0.3916686,0.4433356,0.3339230954065994,0.3623117852903565,0.3089024617234069,,0.009511946039098017,0.01820781734890492,0.008695871309806903,0,,,20.32116842677005,6.580770308079109,,,,,,,65.91075656942056,65.91075656942056,,99.21581648670517,98.43163297341033,,,,,60,100,-40,,,,,,,,,,,,,-52.668023844563194,,0.15239370520856374
2001-11-12,0.4416689,0.4665857,0.4266688,0.4374189,0.33430964573469946,0.3773332082322852,0.31394232204797917,,0.01184914697803709,0.023507305032353265,0.011658158054316175,0,,,31.359457042143504,18.996123123177288,,,,,,,64.76419170842442,,,99.42678939472898,99.71339469736449,99.42678939472898,,,,60,100,-40,,,,,,,,,,,,,-64.91020132736989,,0.11158372373036164
2001-11-19,0.4417521,0.4458356,0.3983353,0.4162521,0.3363947996107924,0.38511698658582816,0.31795447020296036,,0.011235806454951383,0.025702916123005404,0.01446710966805402,0,,,34.61638886553728,28.765671444816945,,,,,,,60.673655375263614,,,96.5550354670419,98.06256375654432,,,,,60,100,-40,,,,,,,,,,,,,-97.65380108602994,,0.12330103570406924
2001-11-26,0.423252,0.461419,0.4220854,0.4553356,0.34924767106716437,0.39916070926866254,0.32334196548911875,,0.012624700743305406,0.030247985597185778,0.017623284853880372,0,,,39.94915375765207,35.308333221777616,,,,,,,65.08488017483108,,,95.51264406915814,96.30324485198732,,,,,60,100,-40,,,,,,,,,,,,,-114.44401907038812,,0.15900295835969055
2001-12-03,0.4457523,0.524586,0.440419,0.4995858,0.39462316599093833,0.41924572741493005,0.33025348841111407,,0.015496701365039424,0.03699416156017965,0.021497460195140226,0,,,47.76792597283721,40.77782286534219,,,,,,,69.3075836533013,,,95.34949787346838,95.11713655270131,,95.34949787346838,,,60,100,-40,,,,,,,,,,,,,-139.09056105759032,,0.19458499157206965
2001-12-10,0.4970857,0.5495861,0.492919,0.5470027,0.4375135398487284,0.44479712193194404,0.33875345749303115,,0.019314500564584485,0.045640585900870834,0.02632608533628635,0,,,55.65423422805486,47.79043798618138,,,,,,,73.0861946341554,,,98.16700781928702,96.65947952978462,,,,,60,100,-40,,,,,,,,,,,,,-142.89227722893747,,0.17908494023742305
2001-12-17,0.542836,0.5745862,0.5139192,0.5381694,0.4372388941452478,0.46347157754555524,0.34657369053252013,,0.019891194639899135,0.05119007863616026,0.03129888399626113,0,,,60.000492615140615,54.47421760534422,,,,,,,71.3143327980097,,,98.53392292375125,98.08106028763184,,,,,60,100,-40,,,,,,,,,,,,,-154.18459046003974,,0.13970166012132654
2001-12-24,0.5379194,0.5854196,0.5376694,0.5642529,0.4536626517063015,0.48362784203644416,0.3551101301194801,,0.02058916810544629,0.05703534412806899,0.0364461760226227,0,,,62.95641704836795,59.53704796385447,,,,,,,73.37888442391386,,,99.10141065135713,99.21603574284359,99.10141065135713,,,,60,100,-40,,,,,,,,,,,,,-173.42375583094164,,0.16903999372320444
2001-12-31,0.5684196,0.605503,0.5458527,0.5801696,0.4706571980129942,0.5029361936291553,0.36393599168342206,,0.020630819917434214,0.062234700919415464,0.04160388100198125,0,,,64.46643127349404,62.47444697900087,,,,,,,74.58794975262678,74.58794975262678,,98.98678555987064,98.98678555987065,,,,,60,100,-40,,,,,,,,,,,,,-205.52852749804316,,0.24114621401239128
2002-01-07,0.5825028,0.5895863,0.5234193,0.525586,0.46995804101206606,0.5074661549033243,0.3702752076958369,,0.01571273231900175,0.06124479640073344,0.04553206408173169,0,,,60.55741982608908,62.66008938265035,,,62.66008938265035,,62.66008938265035,,63.81960651809295,,,90.43936379410641,94.71307467698853,,,,,60,100,-40,,,,,,62.66008938265035,,105,,106,,,-217.2506134074899,,0.17080057708670857
2002-01-14,0.5244192,0.5448361,0.4980024,0.5316693,0.46837786665406134,0.5123067839226594,0.3766043877861962,,0.011779597756647608,0.0602565612775412,0.04847696352089359,0,,,53.7777846355984,59.60054524506051,,,,,,,64.43945815881393,,,77.5206164759706,85.04841785575903,,,,,60,100,-40,,,,,,,,,,,,,-233.20504733340084,,0.20366637289320824
2002-01-22,0.5366693,0.5591695,0.5123359,0.5455861,0.46967246189305695,0.5189626471381275,0.38323112159850226,,0.009143061672012065,0.05990579061090867,0.050762728938896606,0,,,50.20403552198175,54.84641332788974,,,,,,,65.88784920079824,65.88784920079824,,62.840664468359876,70.45994923603155,,,,,60,100,-40,,,,,,,,,,,,,-237.16776600005522,,0.2623210694709856
2002-01-28,0.5562528,0.5695863,0.5287526,0.5344193,0.4708746003292672,0.522053977710502,0.38916006977111,,0.005835804333011119,0.058057484355160505,0.052221680022149386,0,,,47.69208656208853,50.557968906556226,,,,,,,63.63483544195342,,,52.967521409813145,57.787309404124166,,,,,60,100,-40,,,,,,,,,,,,,-252.22817218186339,,0.22459003306498082
2002-02-04,0.5332527,0.5462527,0.461994,0.4810024,0.4728480003057481,0.5138436621684016,0.3927617297800861,,-0.00042807985610134047,0.051686580202022714,0.052114660058124054,0,,,34.887637418396906,44.26125316748906,,,,,,,54.055967111790615,,,37.886344117505644,44.785450337800405,,,,,60,100,-40,,,,,,,,,,,,,-243.64123178516095,,0.23741301314874
2002-02-11,0.4802524,0.533836,0.472919,0.4779191,0.46847687171248037,0.5066587497347212,0.39610123449459256,,-0.005003608871595601,0.045860148968629555,0.050863757840225156,0,,,24.25271343056059,35.61081247034867,,,,,,,53.55189424121868,,,21.472721858366526,30.520103757361515,,,,,60,100,-40,,,,,,,,,,,,,-227.52464418785894,,0.17647048455093747
2002-02-19,0.4575022,0.4745857,0.4104187,0.4160021,0.4677524951615889,0.488527419787777,0.39688166059284385,,-0.012024277832450574,0.03583341054966194,0.04785768838211251,0,,,4.438245581362018,21.192865476773175,,,,,,,44.52030733483559,,,7.235429642763732,14.470859285527473,,7.235429642763732,,,60,100,-40,,,,,,,,,,,,,-202.52016342643003,,0.06631406798789807
2002-02-25,0.4179187,0.4707524,0.4178354,0.466169,0.4661393740786183,0.4840557358302216,0.39959881115783036,,-0.013029139661777558,0.03157126380489056,0.04460040346666812,0,,,-5.653028794698104,7.679310072408168,,,,,,,51.67413293565138,,,8.07188955293232,7.142279766309042,,,,,60,100,-40,,,,,,,,,,,,,-241.15286098526096,,0.08117687888910396
2002-03-04,0.4675857,0.5040859,0.4585023,0.4857523,0.4664629187872884,0.48439504866417726,0.4029773793477194,,-0.01213281146738595,0.02943438913243568,0.04156720059982163,0,,,-6.054546293479509,-2.4231098356052,,,,,,,54.173072541348645,,,15.483281379777873,9.992015524777834,,,,,60,100,-40,,,,,,,,,,,,,-274.57961353339533,,0.05413582102658822
2002-03-11,0.480419,0.4857523,0.4168354,0.4397522,0.46807288173105355,0.4754664789313418,0.40441952917722057,,-0.014249567445030892,0.023755241293533014,0.038004808738563906,0,,,-15.148851016064754,-8.952142034747459,,,,,,,47.873561417160545,,,21.436263845959054,18.212143566562904,21.436263845959054,,,,60,100,-40,,,,,,,,,,,,,-298.292411072778,,0.050330104357599
2002-03-18,0.4477522,0.457419,0.3838353,0.4047521,0.466234518750264,0.4613236031450734,0.40443257117027076,,-0.017409430413853524,0.016243020721247003,0.03365245113510053,0,,,-27.33738141538693,-16.180259574977065,,,,,,,43.68620160828797,,,18.045078417221923,20.431272048644242,,,,,60,100,-40,,,,,,,,,,,,,-327.69379087772745,,-0.013786580650603703
2002-03-25,0.4028353,0.4033353,0.3489184,0.3696685,0.42927728169667373,0.4429925825160587,0.4030692742616327,,-0.021023096559603893,0.007373580435595661,0.028396676995199554,0,,,-40.52655317974043,-27.67092853706404,,,,,,,39.89672872898163,,,9.177102745577328,14.668368600577367,,,,,60,100,-40,,,,,,,,,,,,,-387.2040107181406,,-0.09309179457987787
2002-04-01,0.3491683,0.3724185,0.3380017,0.3508352,0.4296088115754827,0.42456110601284697,0.4010208791925491,,-0.02364679132243302,-0.001161812157841724,0.022484979164591298,0,,,-49.76637702838558,-39.21010387450431,,,,,,,37.98078464590715,,,3.224120279396145,6.448240558792296,,,,,60,100,-40,,,,,,,,,,,,,-398.62146331484223,,-0.08589993567660976
2002-04-08,0.3345849,0.3691685,0.2961598,0.3056681,0.4329762178915197,0.40078250481027755,0.39728155451833147,,-0.02713911856122597,-0.011438919036941164,0.015700199524284805,0,,,-57.3407394052719,-49.211223204465966,,,,,,,33.767659228070556,,,0.6143061484295431,1.2286122968590927,,,,,60,100,-40,,,,,,,,,,,,,-449.78119725759825,,-0.12820082113963122
2002-04-15,0.3115849,0.3406684,0.3072765,0.3076682,0.41942316661355405,0.38215964384822204,0.39376730532153414,,-0.02792085818939007,-0.019200873212452785,0.008719984976937285,0,,,-60.805724155975035,-55.970946863210834,,,,,,,34.1182473581692,,,0.31535798160708756,0.15767899080354156,,0.31535798160708756,,,60,100,-40,,,,,,,,,,,,,-464.3664341198531,,-0.22693448768687738
2002-04-22,0.3042514,0.3154183,0.2530846,0.2530846,0.37397013328401446,0.3563446350785776,0.38825033648539553,,-0.030510076193485617,-0.029417610264919736,0.0010924659285658812,0,,,-65.82124679397421,-61.32257011840704,,,,,,,29.501429543827626,,29.501429543827626,0.3941974770088609,0.3153579816070882,,,,,60,100,-40,,,,,,,,,,,,,-422.6634460980616,,-0.29366056523285566
2002-04-29,0.2830514,0.3062515,0.2715014,0.272918,0.37304975947801344,0.3396593080628621,0.38372749976047804,,-0.029277797817167352,-0.03550478134289331,-0.006226983525725957,0,,,-65.98370940095633,-64.20356011696852,,,,,,,33.06672246311487,,,3.5863685196071753,2.0297027460089043,,,,,60,100,-40,,,,,,,,,,,,,-440.36100135295953,,-0.38028661195222263
2002-05-06,0.2658346,0.3052931,0.255918,0.265668,0.3735046695152982,0.3248610464502897,0.37909771545614557,,-0.02737654690574793,-0.04044766715791087,-0.013071120252162942,0,,,-65.23532411078284,-65.6800934352378,,,,-65.6800934352378,,-65.6800934352378,32.41749438761637,,,7.282296543581179,5.04516608819461,,,,,60,100,-40,,,,,,-65.6800934352378,-107,,,,,,-396.6590011069669,,-0.39855181972156206
2002-05-13,0.2684181,0.327335,0.266168,0.3264183,0.3744687716927769,0.3251724971602317,0.3770318560264928,,-0.020753646710918977,-0.03901317864081166,-0.018259531929892686,0,,,-59.34563820685439,-63.521557239531184,,,,,,,42.64060841378088,,,21.70322535994798,14.517228003017287,,,,,60,100,-40,,,,,,,,,,,,,-388.1755463602457,,-0.34770469076177085
2002-05-20,0.3236683,0.3387516,0.2851681,0.2919181,0.3736080237147214,0.3185216177281854,0.3736940616725127,,-0.017549854219412065,-0.04019684970415777,-0.0226469954847457,0,,,-54.26206619780542,-59.61434283848089,,,,,,,39.01014723443613,,,32.12724642221843,25.66578564007082,,,,,60,100,-40,,,,,,,,,,,,,-374.8709015674737,,-0.3855947781430601
2002-05-28,0.2945015,0.2946681,0.2715847,0.2788348,0.3279634434493841,0.3105842541825483,0.3699740906265318,,-0.015250264101691606,-0.04170982561186021,-0.0264595615101686,0,,,-53.546511173314826,-55.71807185932488,,,,,,,37.69176109773351,,,42.01019467962421,37.87457982012328,42.01019467962421,,,,60,100,-40,,,,,,,,,,,,,-366.712555827933,,-0.3633812577941729
2002-06-03,0.2720846,0.2771098,0.2495846,0.269168,0.2976506260601424,0.30230100334603865,0.36602091060196196,,-0.013385167343280852,-0.043191020689269666,-0.029805853345988814,0,,,-54.551379472377285,-54.11998561449918,,,,,,,36.69899541989908,,,39.234199962046375,40.800729166895984,,,,,60,100,-40,,,,,,-54.11998561449918,,,,,,,-270.03754567739975,,-0.37020736844187957
2002-06-10,0.2727514,0.2803931,0.2145012,0.2348344,0.26603853134156086,0.28880768267683093,0.36087634155874776,,-0.013433844104893636,-0.046598158477105855,-0.03316431437221222,0,,,-57.3146723228367,-55.1375209895096,,,,,,,33.32200262035329,,,34.11527172738146,38.01100593777121,,,,,60,100,-40,,,,,,,,,,,,,-186.39435555423617,,-0.3939577396863078
2002-06-17,0.2400845,0.2431678,0.1848342,0.1888343,0.2451942433885922,0.26881300614146475,0.35412959483095374,,-0.0153933956434512,-0.05240605892652622,-0.03701266328307502,0,,,-62.63966547950443,-58.16857242490614,,,,,,,29.395879172132155,,,23.189871715071188,28.566737926082713,,,,,60,100,-40,,,,,,,,,,,,,-136.14083636255685,,-0.40749297702704473
2002-06-24,0.1840009,0.1982509,0.1369173,0.1431673,0.21998975457512132,0.2436838649131718,0.3458565636611124,,-0.018391581216491995,-0.06000213980369001,-0.04161055858719802,0,,,-69.09029731056215,-63.01487837096776,,,,,,,26.08982587744211,,26.08982587744211,12.619656215559974,18.31796386304283,,,,,60,100,-40,,,,,,,,,,,,,-179.56977520572835,,-0.42812786715772316
2002-07-01,0.1425008,0.1583341,0.1301673,0.1582509,0.21882985067689836,0.22659727193053744,0.338499478811657,,-0.01796471313730822,-0.06406645000883329,-0.04610173687152507,0,,,-71.73319975581447,-67.82105418196035,,,,,,,28.949111500388298,,,9.419737321045394,10.893457178556892,,9.419737321045394,,,60,100,-40,,,,,,,,,,,,,-174.19345244105045,,-0.355180575274678
2002-07-08,0.1564174,0.1756675,0.1485841,0.1659175,0.22249091134283422,0.21446131754442996,0.33173155807394494,,-0.015845855310710526,-0.06590905600991323,-0.050063200699202705,0,,,-69.72430775042483,-70.18260160560048,,,,-70.18260160560048,,-70.18260160560048,30.431044945314895,,,15.503911281304568,11.468797148555035,,,,,60,100,-40,,,,,,-70.18260160560048,-107,,,,,,-136.15827926995038,,-0.2981323958189592
2002-07-15,0.1663342,0.1945844,0.1500008,0.1510841,0.22604523910406032,0.20178587403554396,0.32464734403182943,,-0.01417734664459655,-0.06778488400494839,-0.05360753736035184,0,,,-66.45365709748498,-69.30372153457476,,,,,,,29.15638912430039,,,23.30954689396856,18.526034166381276,23.30954689396856,,,,60,100,-40,,,,,,,,,,,,,-64.12950122086848,,-0.40317766710699454
2002-07-22,0.1504174,0.1546674,0.1191673,0.1225839,0.2268456577394846,0.18594547922843516,0.3167232874031302,,-0.013718444295996043,-0.0707555927303469,-0.05703714843435086,0,,,-66.78048018856403,-67.65281501215794,,,,,,,26.818222962552568,,,23.14168517180353,23.47886384480425,,,,,60,100,-40,,,,,,,,,,,,,-34.287773726165085,,-0.45567385872670324
2002-07-29,0.1276673,0.1415307,0.0758337,0.0779171,0.22888654647237855,0.16433980338274812,0.3073583388775173,,-0.015042203707026372,-0.07583990306813382,-0.060797699361107446,0,,,-68.95894742498996,-67.39769490367965,,,,,,,23.604323871258714,,,15.957260052248184,20.703021556213752,,,,,60,100,-40,,,,,,-67.39769490367965,,,,,,,4.67363967859221,,-0.5003000343562986
2002-08-05,0.0767504,0.0798337,0.0707504,0.076667,0.1919676145814944,0.1468052427061985,0.29831161970584996,,-0.014608870727715356,-0.07905878777075165,-0.06444991704303629,0,,,-70.66410071762301,-68.80117611039233,,,,,,,23.518868241267583,,23.518868241267583,7.440977068368154,12.224489795955433,,7.440977068368154,,,60,100,-40,,,,,,,,,,,,,-13.448840262970023,,-0.47582298503647796
2002-08-12,0.0758337,0.0920838,0.0738337,0.0890838,0.18472602068281618,0.13526095416495879,0.29010660716836567,,-0.012191456108410242,-0.07968923717854909,-0.06749778107013885,0,,,-68.75481819077292,-69.4592887777953,,,,,,,26.38656506601913,,,8.174237134887571,7.554359289709656,,,,,60,100,-40,,,,,,-69.4592887777953,-107,,,,,,-21.003596578793662,,-0.44651171881544494
2002-08-19,0.0929171,0.1120839,0.0927505,0.0957505,0.17917411920547222,0.12735886333196703,0.28248479904411605,,-0.008996353578306748,-0.07874322304302228,-0.06974686946471553,0,,,-63.944416959594804,-67.78777862266358,,,,,,,27.957757875439967,,,17.86869409894286,11.79724187968302,,,,,60,100,-40,,,,,,,,,,,,,-50.82112447355847,,-0.4695865133642137
2002-08-26,0.0975838,0.0986672,0.0825004,0.0842138,0.1479829249765099,0.11872985066557362,0.2747094657482684,,-0.006622497838276259,-0.07802499176256086,-0.0714024939242846,0,,,-60.93609021410255,-64.54510845482342,,,,,,,26.882113755385305,,,30.005680015434727,23.186405332284412,,,,,60,100,-40,,,,,,,,,,,,,-65.21728366018422,,-0.46056105898800104
2002-09-03,0.0801754,0.0820837,0.0750004,0.0771671,0.10587695890675919,0.11041730053245889,0.2669627063071598,,-0.004586189793864021,-0.07713523116661464,-0.07254904137275062,0,,,-59.110358365193996,-61.33028851296377,,,,,,,26.214726530496975,,,36.38356799418349,33.38305925128868,,,,,60,100,-40,,,,,,,,,,,,,-78.81414117651438,,-0.4394274822788024
2002-09-09,0.0765837,0.0991672,0.0742504,0.0880838,0.08756948327056209,0.10595060042596711,0.2599478472362908,,-0.001711361661754049,-0.07468824344994318,-0.07297688178818913,0,,,-55.11503628442349,-58.387161621240004,,,,,,,29.16609451302446,,,47.28940020664029,42.69695796223598,,,,,60,100,-40,,,,,,,,,,,,,-82.6661155080572,,-0.38701342522859705
2002-09-16,0.0867504,0.0882504,0.0750837,0.0767504,0.08960622732266481,0.10011056034077369,0.2527636336191813,,0.00012228251306838078,-0.07282402864685365,-0.07294631115992203,0,,,-52.61521030356937,-55.613534984395606,,,,,,,27.910492182989202,,,59.02607390948275,52.3295167517721,,,,,60,100,-40,,,,,,,,,,,,,-31.27227632477407,,-0.35802733815423976
2002-09-23,0.0755004,0.0804171,0.0712504,0.0713337,0.0931760753710459,0.09435518827261895,0.24564873426156636,,0.00158452136187813,-0.07096565945757437,-0.0725501808194525,0,,,-51.02585840571681,-52.91870166456988,,,,,,,27.301931515590468,,,71.44578628856061,65.1240115238398,,,,,60,100,-40,,,,,,,,,,,,,-23.768226083906043,,-0.3620163517385329
2002-09-30,0.0710837,0.0795837,0.066667,0.0678337,0.08222896284454263,0.08905089061809515,0.23867559566307356,,0.002856025442510138,-0.06898014901631483,-0.07183617445882497,0,,,-49.59921722631542,-51.08009531186718,,,,,,,26.891494341986927,,26.891494341986927,71.40850825025159,71.5768021552445,,,,,60,100,-40,,,,,,,,,,,,,48.735087749531374,,-0.44006998975439354
2002-10-07,0.066917,0.0745837,0.0600003,0.073417,0.056801744069932436,0.08592411249447612,0.2321948664213844,,0.004514491846684204,-0.0661930596504697,-0.07070755149715391,0,,,-48.1654434022804,-49.596839678104196,,,,,,,28.74275415478364,,,75.27766432187485,74.89077601057245,,,,,60,100,-40,,,,,,,,,,,,,47.14688997688931,,-0.38334202959142877
2002-10-14,0.0712504,0.0820004,0.0697503,0.0783337,0.03258372663636584,0.0844060299955809,0.22616109518917324,,0.006275728894348603,-0.06286289037921816,-0.06913861927356676,0,,,-44.20901517207728,-47.32455860022436,,,,,,,30.423518329599773,,,81.55060713764856,77.50149531343327,,,,,60,100,-40,,,,,,,,,,,,,8.574728162909437,,-0.3619039713600441
2002-10-21,0.0772504,0.0946671,0.0755004,0.0925005,0.03534562473376828,0.08602492399646472,0.22091950322097037,,0.00858506975048981,-0.05840728208545451,-0.06699235183594432,0,,,-36.58490990344654,-42.986456159268066,,,,,,,35.194930049131116,,,92.08844656658445,86.3602911820525,,,,,60,100,-40,,,,,,,,,,,,,-132.98431332125588,,-0.34846473936192013
2002-10-28,0.0967505,0.1189173,0.0842504,0.1175006,0.05867225868135626,0.09232005919717177,0.2168638599574029,,0.011788680778458668,-0.05225650086287098,-0.06404518164132965,0,,,-22.438524259832175,-34.410816445118655,,,,,,,42.70636477034279,,,97.23605348549671,94.47210697099342,97.23605348549671,,,,60,100,-40,,,,,,,,,,,,,-166.078074535573,,-0.27473368881556864
2002-11-04,0.125334,0.1376349,0.0917505,0.0946671,0.0579218687755451,0.09278946735773742,0.2120718301551518,,0.012305367049346906,-0.04866347282964602,-0.060968839878992924,0,,,-11.26570125756332,-23.429711806947335,,,,,,,38.312494861726805,,,95.34177056864519,97.1250357721017,,,,,60,100,-40,,,,,,,,,,,,,-184.9729700745597,,-0.29793664069787984
2002-11-11,0.0901671,0.1159172,0.0851671,0.1122506,0.05562257814872045,0.09668169388618994,0.20815727210985172,0.21476702999999997,0.01366212748666941,-0.04389118052065616,-0.05755330800732557,0,,,-4.321912758631101,-12.675379425342186,,,,,,,43.18872371998741,,,94.1695333056492,95.47439299412177,,,,,60,100,-40,,,,,,,,,,,,,-202.25061187918527,,-0.18352529327494918
2002-11-18,0.1212506,0.1406674,0.1145422,0.1310007,0.06914966542381185,0.10354549510895195,0.20513152418397518,0.21393353417910443,0.015517617447010378,-0.038156286198562595,-0.05367390364557297,0,,,10.668152763757995,-1.639820417478809,,,,,,,47.94241786904411,,,92.9803122418453,93.09595086651397,,92.9803122418453,,,60,100,-40,,,,,,,,,,,,,-218.20504608296977,,-0.1945297462655325
2002-11-25,0.137084,0.1481674,0.1316673,0.1427507,0.08125805360782531,0.11138653608716156,0.20268521735323106,0.21322524727184966,0.01710633574306694,-0.032290983966739295,-0.04939731970980624,0,,,23.885541390586283,10.077260465237726,,,,,,,50.74063788138344,,,97.15900337371751,95.01183849544707,97.15900337371751,,,,60,100,-40,,,,,,,,,,,,,-234.89503770424795,,-0.20108125438358151
2002-12-02,0.150334,0.1522508,0.1106672,0.1177506,0.08319799977869492,0.11265934886972925,0.1993544480452612,0.2122752507815825,0.0160602691633843,-0.029321983255575862,-0.04538225241896016,0,,,27.214527260807145,20.58940713838381,,,,,,,45.147018336793664,,,94.50656551257751,95.2959932235799,,,,,60,100,-40,,,,,,,,,,,,,-218.5504853943847,,-0.18260766239995171
2002-12-09,0.1139172,0.1225006,0.1074172,0.1103339,0.08151124979450243,0.1121942590957834,0.1958634461611333,0.2112609089827608,0.014503133914393465,-0.027253335025968328,-0.04175646894036179,0,,,23.009834254875386,24.70330096875627,,,,,24.70330096875627,,43.60220322512653,,,88.89055577434084,92.70110440056119,,,,,60,100,-40,,,,,,24.70330096875627,,,,,,,-221.54130623176934,,-0.16670849872448254
2002-12-16,0.1141672,0.1229173,0.1015838,0.1068339,0.08373072480918084,0.11112218727662672,0.1923720914097163,0.21022183426651442,0.01292419739532319,-0.025601222196207807,-0.038525419591530996,0,,,17.588029644707557,22.604130386796697,,,,,,,42.85257861785946,,,80.06534932190327,84.73196089837553,,,,,60,100,-40,,,,,,,,,,,,,-214.89743237144765,,-0.1024033209247823
2002-12-23,0.1065839,0.1103339,0.0986672,0.0995838,0.08489879446566792,0.10881450982130138,0.18873333488384508,0.20912095830366353,0.011145587242683573,-0.024593435538176528,-0.0357390227808601,0,,,8.090360260947397,16.229408053510113,,,,,,,41.26069964513906,,,73.21096878652399,76.72517061664986,,,,,60,100,-40,,,,,,,,,,,,,-208.5524446675481,,-0.13583328464230254
2002-12-30,0.1000005,0.1062505,0.0932505,0.1025838,0.0873644020038345,0.1075683678570411,0.18535492175114526,0.2080608870767614,0.009963797596109943,-0.023284275785722675,-0.03324807338183262,0,,,-0.5444427449969531,8.377982386886,,,,,,,42.22281866657445,,,69.24161507830463,70.8946837146096,,,,,60,100,-40,,,,,,,,,,,,,-226.088363818903,,-0.1503222842656852
2003-01-06,0.1050839,0.1156672,0.0986672,0.1030838,0.08946342328927488,0.10667145428563288,0.18212860325110036,0.20701633894664437,0.00903578117675738,-0.021953346910885893,-0.030989128087643272,0,,,-3.06158374306348,1.4947779242956543,,,,,,,42.39318538136871,,,66.30948767091174,67.47607218505532,,,,,60,100,-40,,,,,,,,,,,,,-236.7995703972843,,-0.13484101363940024
2003-01-13,0.1070005,0.1079172,0.0884171,0.0895838,0.09084108591146953,0.1032539234285063,0.178499395280469,0.20584785597205088,0.0074014313874997024,-0.021737338853268645,-0.029138770240768348,0,,,-13.549197712966894,-5.718408067009108,,,,,,,39.02713266591151,,,59.95490017741544,63.160312488399676,,,,,60,100,-40,,,,,,,,,,,,,-267.38146668868717,,-0.15048911461398506
2003-01-21,0.0912505,0.0932421,0.0832504,0.0847504,0.09176318691779314,0.09955321874280504,0.1748229640929996,0.2046429061613837,0.00594625364847912,-0.02170595318016945,-0.02765220682864857,0,,,-25.690215330232284,-14.100332262087553,,,,,,,37.86113008658276,,,43.08973563783388,52.01796557471678,,,,,60,100,-40,,,,,,,,,,,,,-269.6757454725622,,-0.16039389570684748
2003-01-27,0.0829171,0.0907505,0.0796671,0.0860004,0.09397776642366507,0.09684265499424403,0.17133972628543098,0.2034623837120167,0.005054335962254422,-0.02133428687583054,-0.026388622838084963,0,,,-33.79717574459379,-24.345529595930987,,,,,,,38.376946859129156,,,24.765546204283112,35.1105214939871,,,,,60,100,-40,,,,,,,,,,,,,-255.18924629573266,,-0.16194076159101087
2003-02-03,0.0870838,0.0905005,0.0811671,0.0813337,0.0958782045362604,0.09374086399539523,0.16781007819580623,0.20224717292881256,0.004173104738342613,-0.021172241915156695,-0.025345346653499308,0,,,-39.03397517040623,-32.840455415077436,,,,,,,37.13035805361666,,,9.074003341948675,16.682520824856862,,9.074003341948675,,,60,100,-40,,,,,,,,,,,,,-234.24574696923577,,-0.17136857481059067
2003-02-10,0.0812504,0.1004172,0.0777504,0.1003338,0.09789289706938467,0.09505945119631619,0.16516394963910794,0.20123310951658557,0.004845615715109268,-0.01928832700961272,-0.02413394272472199,0,,,-35.57703436808399,-36.136061761028,,,,,,,45.00901848753196,,,16.23849810229101,12.090763244550407,,,,,60,100,-40,,,,,,-36.136061761028,,,,,,,-228.01924752028384,,-0.07254226261288656
2003-02-18,0.1041672,0.1103339,0.1029172,0.1071672,0.07285881156442861,0.09748100095705295,0.1628895673003194,0.20029713031741556,0.005669233556846492,-0.017047400778663874,-0.022716634335510365,0,,,-19.99265712917666,-31.53455555588896,,,,,,,47.56903243377772,,,32.33754096659756,21.6317001880668,,,,,60,100,-40,,,,,,,,,,,,,-230.1975661529595,,-0.040701329715587306
2003-02-24,0.1062589,0.1124172,0.0985005,0.1051672,0.06722008216696942,0.09901824076564236,0.16062594505324804,0.1993505638465955,0.005967738564281951,-0.015256961130157926,-0.021224699694439877,0,,,-9.596000139309544,-21.72189721219006,,,,,,,46.87709502772328,,,54.34344371897603,43.029125535778,,,,,60,100,-40,,,,,,,,,,,,,-243.79800867060322,,-0.06649719857687651
2003-03-03,0.1064172,0.1083339,0.1000005,0.1040839,0.06514484058361447,0.1000313726125139,0.15840860995312067,0.1984026368431468,0.005966364863641556,-0.01376674361488793,-0.019733108478529486,0,,,-2.831260737290087,-10.806639335258765,,,,,,,46.48036699067607,,,69.30382138092418,61.82719660228768,,,,,60,100,-40,,,,,,,,,,,,,-226.74382527594813,,-0.07829773033660885
2003-03-10,0.1030005,0.1166673,0.1008255,0.1118339,0.07162265197049913,0.10239187809001112,0.1565821507392728,0.19754125637704584,0.00632722702745752,-0.011824074694207584,-0.018151301721665104,0,,,7.7527275872989865,-1.5581777631002165,,,,,,,49.77471644407184,,,81.06713124279366,76.14311763683051,,,,,60,100,-40,,,,,,,,,,,,,-239.15403886213937,,-0.10025859590400453
2003-03-17,0.1100006,0.123584,0.1097505,0.1180006,0.07839846968689206,0.10551362247200889,0.1550691487494974,0.1967498070598613,0.006780751085131646,-0.009675362865250545,-0.01645611395038219,0,,,20.823079001503316,8.581515283837403,,,,,,,52.30540626233603,,,91.60199718474917,86.49389634445394,,,,,60,100,-40,,,,,,,,,,,,,-272.03512270538675,,-0.14433786928276005
2003-03-24,0.1131672,0.1220839,0.1100839,0.1119172,0.07925097899497119,0.10679433797760711,0.15337691546520338,0.19590570151697712,0.006471351875339931,-0.008366924106207277,-0.014838275981547208,0,,,26.95052935458141,18.508778647794568,,,,,,,49.63276511732493,,,93.55539785398904,92.45300964544481,93.55539785398904,,,,60,100,-40,,,,,,,,,,,,,-298.9378276680437,,-0.08879830143310335
2003-03-31,0.1085005,0.1166673,0.1068339,0.1115839,0.08030452335247323,0.10775225038208569,0.15173797368225422,0.1950666786163107,0.006052194788389857,-0.007273032496059886,-0.013325227284449744,0,,,27.938123976058833,25.237244110714517,,,,,,,49.48269353943917,,,91.23274250528885,93.45834227453884,,,,,60,100,-40,,,,,,,,,,,,,-321.8582226374903,,-0.15323971621637253
2003-04-07,0.1191589,0.1200006,0.1093339,0.1104172,0.08159232882729658,0.10828524030566855,0.1501175511849109,0.19422439524699417,0.0055192366803409835,-0.006426181434023515,-0.011945418114364498,0,,,29.990987998684073,28.293213776441437,,,,,,,48.9217515301999,,,85.41174308065723,88.62210373997164,,,,,60,100,-40,,,,,,,,,,,,,-314.24763670340116,,-0.208632641226756
2003-04-14,0.1087505,0.1145839,0.1084172,0.1137506,0.08266910533963254,0.10937831224453484,0.14869139623648303,0.19342366096592956,0.005217495253779566,-0.005423549047140042,-0.010641044300919607,0,,,29.817940386286217,29.249017453676373,,,,,,,50.65321693786045,,,84.52601472086658,85.0651386497787,,,,,60,100,-40,,,,,,,,,,,,,-332.56624821187364,,-0.2104233538820984
2003-04-21,0.1139172,0.1215839,0.1118339,0.1129172,0.08431182638680165,0.11008608979562787,0.14728848658015037,0.19262260165283573,0.00479868657927782,-0.004642686076822333,-0.009441372656100153,0,,,33.50885257164639,31.10592698553889,,,,,,,50.19238367861938,,,84.47326396271896,83.78370028468379,,84.47326396271896,,,60,100,-40,,,,,,,,,,,,,-347.5542030824421,,-0.19661244540224207
2003-04-28,0.1142506,0.133334,0.1129172,0.1325007,0.09982541021631582,0.1145690118365023,0.1467085733809288,0.1920243737756931,0.005620478747512651,-0.002415774221709341,-0.008036252969221992,0,,,46.269176258917504,36.53198973895004,,,,,,,59.55855978237989,,,89.50401170908486,87.03943546271957,,,,,60,100,-40,,,,,,,,,,,,,-399.8170752492707,,-0.11461937177471275
2003-05-05,0.1337589,0.1794176,0.1304173,0.1780842,0.14482617377229326,0.12727204946920184,0.14793899011108846,0.19188566557892003,0.008823224837424162,0.0029927780775582113,-0.005830446759865951,0,,,68.86608534393129,49.548038058165055,,,,,,,72.56688015219335,72.56688015219335,,93.20543161423751,90.88556970616982,,,,,60,100,-40,,,,,,,,,,,,,-426.2139706584942,,0.07083552676101998
2003-05-12,0.1785009,0.1825008,0.1662426,0.1771675,0.14020170421712944,0.13725113957536147,0.14908520618516344,0.19173921617017456,0.010362769431166308,0.007123015029091934,-0.003239754402074374,0,,,80.54117158264852,65.2254777284991,,,,,,,72.06189113217201,,,97.5962863930917,95.67161356598469,97.5962863930917,,,,60,100,-40,,,,,,,,,,,,,-455.0841578114954,,0.11185473787813148
2003-05-19,0.1748342,0.1783341,0.1650842,0.1739175,0.14058499677304875,0.14458441166028918,0.15005902162888252,0.1915618856610186,0.010606621474404068,0.01001852244093071,-0.0005880990334733568,0,,,82.91257185522376,77.43994292726785,,,,,,,70.18598072809313,,,97.22891594283087,97.37602115704141,,,,,60,100,-40,,,,,,,,,,,,,-475.9779473003144,,0.10968066900731108
2003-05-27,0.1720841,0.2219178,0.1687508,0.2180844,0.18137086843211672,0.15928440932823135,0.15272668352578908,0.19182579127633184,0.013027436549305459,0.015696196653158467,0.0026687601038530083,0,,,88.83476559926504,84.09616967904577,,,,,,,78.44639762978485,78.44639762978485,,97.48833547721671,97.8948602258131,,,,,60,100,-40,,,,,,,,,,,,,-517.6183205184391,,0.20085951087064535
2003-06-02,0.2237512,0.2312512,0.2011677,0.2146677,0.1763979778298227,0.1703610674625851,0.15515574299536597,0.1920530739501992,0.013619460400128108,0.019693085604013144,0.006073625203885036,0,,,91.30594399070017,87.68442714839632,,,,,,,76.66624328845305,,,96.50129995798665,96.79155534330346,,,,,60,100,-40,,,,,,,,,,,,,-643.5058986059955,,0.24001027177058865
2003-06-09,0.2133345,0.2191678,0.1941676,0.1955843,0.1750779365562639,0.17540571397006807,0.15674117660339082,0.19208821052780914,0.012003344773821,0.021077806171161284,0.009074461397340285,0,,,86.97272587402018,89.03781182132848,,,89.03781182132848,,89.03781182132848,,67.41027676765329,,,91.35931962211868,94.00287363638186,,,,,60,100,-40,,,,,,89.03781182132848,,105,,,,,-613.7775534049056,,0.21569907343635797
2003-06-16,0.1979177,0.2164177,0.1848342,0.1973342,0.17457836965938794,0.17979141117605446,0.15833305987384608,0.19214040942802996,0.010390104038500863,0.022062091445466364,0.011671987406965501,0,,,80.93830068167577,86.4056568487987,,,,,,,67.7965016318025,,,83.60292812374792,88.03316660700527,,,,,60,100,-40,,,,,,,,,,,,,-582.1816346040135,,0.19507135460347835
2003-06-23,0.1971677,0.1981677,0.1838343,0.187976,0.17317401468371735,0.18142832894084357,0.1594955281140874,0.19209897251829833,0.008130659833996199,0.02183531219946075,0.01370465236546455,0,,,72.16856563646334,80.02653073071976,,,,,,,63.44069411042754,,,72.31447376037494,78.12935069227397,,,,,60,100,-40,,,,,,,,,,,,,-563.6031555851021,,0.21371896056842235
2003-06-30,0.190501,0.2031677,0.1867509,0.1959176,0.17433427077773755,0.18432618315267485,0.160923844658633,0.1921369688116486,0.006670133014890663,0.02204231863407788,0.015372185619187215,0,,,66.32105928271552,73.14264186695154,,,,,,,65.47967903032419,,,67.28326295598197,70.05970309523259,,,,,60,100,-40,,,,,,,,,,,,,-582.0389454787198,,0.15897496828682714
2003-07-07,0.1985843,0.2145844,0.1985011,0.2035843,0.17511402286504202,0.1881778065221399,0.16259680369162777,0.19225087260456752,0.005754169306461596,0.02256489725226421,0.016810727945802614,0,,,64.4829592002078,67.65752803979554,,,,,,,67.38221594549618,67.38221594549618,,64.53726754783449,65.02023868521906,,,,,60,100,-40,,,,,,,,,,,,,-610.7591372098616,,0.14239325611623443
2003-07-14,0.208751,0.2100261,0.1705842,0.1771675,0.1755166498032533,0.1859757452177119,0.16316820354685804,0.19210078929506935,0.003039299276490503,0.020609852041415744,0.01757055276492524,0,,,53.479710785609726,61.42790975617768,,,,,,,55.88511683506296,,,57.54478970323444,60.912674658412534,,,,,60,100,-40,,,,,,,,,,,,,-585.1665668080686,,0.11372695654761646
2003-07-21,0.1781676,0.1843343,0.1666675,0.1755009,0.17292264624587805,0.1838807761741695,0.1636518387018832,0.19193561626725772,0.0009118003530465511,0.01871030320623343,0.01779850285318688,0,,,38.90982450770635,52.29083149784128,,,,,,,55.24092208550441,,,47.277650190692015,53.19662538497257,,,,,60,100,-40,,,,,,,,,,,,,-583.3181001156925,,0.11268520284785562
2003-07-28,0.1769176,0.1773342,0.1530008,0.1643342,0.17362465722831533,0.1799714609393356,0.16367859796847603,0.19166097530937456,-0.001344371096480293,0.016118038982586513,0.017462410079066806,0,,,22.423121820788577,38.270885704701534,,,,,,,50.975716820448724,,,27.936559315227612,37.85217459373075,,,,,60,100,-40,,,,,,,,,,,,,-553.6239000946574,,0.09265725831984988
2003-08-04,0.1641675,0.1789176,0.1271673,0.1291673,0.17332415314057853,0.1698106287514685,0.16232521373441816,0.19103914769435593,-0.0050914923585135725,0.011098044630924842,0.016189536989438414,0,,,2.984521750903493,21.439156026466122,,,,,,,40.347372427762714,,,15.62187124789007,22.655840382229016,,,,,60,100,-40,,,,,,,,,,,,,-519.3286455319924,,0.008544196515438618
2003-08-11,0.1312507,0.142084,0.1303757,0.1345839,0.1691284136305372,0.1627652830011748,0.16123731907816646,0.19047740393620313,-0.006975133089615785,0.007470620627418684,0.014445753717034469,0,,,-12.468314365322104,4.313109735456639,,,,,,,42.35292628326538,,,5.935507409211549,9.619965242174674,,5.935507409211549,,,60,100,-40,,,,,,,,,,,,,-527.6325281625393,,0.0299322760343399
2003-08-18,0.1367507,0.1623341,0.134334,0.1521673,0.16736332694264167,0.16064568640093985,0.16088163205549327,0.1900962088721613,-0.006799682274482069,0.0059461508739318825,0.012745833148413951,0,,,-17.604409483447363,-9.029400699288674,,,,,,,48.448119273834436,,,8.968812251376432,7.194144048138104,,,,,60,100,-40,,,,,,,,,,,,,-599.881159405714,,0.04214019558579421
2003-08-25,0.1550841,0.1557508,0.1448341,0.1514174,0.1556587964467387,0.1588000291207519,0.16051048570037588,0.18971134510228904,-0.006497320715778458,0.004624182253690878,0.011121502969469337,0,,,-20.66297241011377,-16.911898752961097,,,,,,,48.21259627753273,,,14.825302126063773,10.661283570747685,,,,,60,100,-40,,,,,,,,,,,,,-637.1754940592206,,0.0664712226986064
2003-09-02,0.1540842,0.1591675,0.1464175,0.1556674,0.1575225181291145,0.15817350329660151,0.16032056077094936,0.18937259937987821,-0.005797373608704909,0.0038747859585882005,0.00967215956729311,0,,,-21.162799798687832,-19.810060564083006,,,,,,,49.71350890070416,,,22.773701960186614,18.820051264091962,,,,,60,100,-40,,,,,,,,,,,,,-679.5072224120895,,0.0658441603119381
2003-09-08,0.1581675,0.1789176,0.1525008,0.1612509,0.15899121683417777,0.15878898263728122,0.16035704466228468,0.18909278147560082,-0.004786605724542477,0.0036889024116150138,0.008475508136157491,0,,,-14.691768702984785,-18.839180303928813,,,,,,,51.70559360251868,,,29.476691132273437,26.167513900552,,,,,60,100,-40,,,,,,-18.839180303928813,,,,,,,-637.7786365189822,,0.05985750011292614
2003-09-15,0.1625841,0.1696675,0.1580009,0.1653342,0.15840260848887935,0.160098026109825,0.160552227224548,0.1888563776798237,-0.003718837138184614,0.003826961713426724,0.007545798851611338,0,,,-9.327853493352421,-15.06080733167503,,,,,,,53.1751942243766,,,37.08659665506845,33.42160358260326,37.08659665506845,,,,60,100,-40,,,,,,,,,,,,,-730.909793515531,,0.03420185304494829
2003-09-22,0.1620841,0.1624176,0.138584,0.1405007,0.15996321502538796,0.15617856088786,0.15976589282358533,0.18837522665813392,-0.004508242448679851,0.0019104957907615239,0.006418738239441375,0,,,-18.21943850222693,-14.079686899521393,,,,,,,44.29459995577798,,,35.930450967863045,36.34959000681365,,,,,60,100,-40,,,,,,-14.079686899521393,,,,,,,-638.0171037854345,,-0.13310108194417059
2003-09-29,0.1334173,0.1433341,0.130834,0.139834,0.1328407496664317,0.152909648710288,0.15898424996775845,0.18789222937795347,-0.004867762533065788,0.00033403507310914016,0.005201797606174928,0,,,-29.212734382362942,-18.920008792647447,,,,,,,44.08049141091612,,,29.644282859201866,33.88786684371245,,,,,60,100,-40,,,,,,,,,,,,,-652.9230849153555,,-0.13872687628540528
2003-10-06,0.140084,0.142334,0.1342507,0.1394174,0.13255461754740083,0.1502111989682304,0.15821692251804242,0.18740989276722755,-0.0049119368359041,-0.0009381234387051962,0.003973813397198904,0,,,-35.234217496470805,-27.555463460353575,,,,,,,43.936723553476675,,,19.10052543677161,24.778265419286736,,,,,60,100,-40,,,,,,,,,,,,,-662.3916149307454,,-0.14907255145180157
2003-10-13,0.1410007,0.1477507,0.1385007,0.138834,0.12430075200830079,0.14793575917458432,0.15745680790949174,0.18692655055063823,-0.004755592310875144,-0.001970676991395026,0.0027849153194801175,0,,,-36.69841144091125,-33.715121106581684,,,,,,,43.72039754309086,,,16.3437929185435,17.877767541508685,,16.3437929185435,,,60,100,-40,,,,,,,,,,,,,-669.2295031251552,,-0.24683955440473052
2003-10-20,0.1389174,0.1490007,0.1380841,0.142584,0.12591028400770787,0.14686540733966746,0.15687356054049206,0.18648533114217417,-0.0041943758863619415,-0.0024580545384723096,0.0017363213478896321,0,,,-36.007641228380756,-35.98009005525429,,,,,,,45.585998212752365,,,18.50443477530372,16.310368325110556,,,,,60,100,-40,,,,,,,,,,,,,-605.7332298296726,,-0.25551838360554563
2003-10-27,0.1433341,0.156334,0.142334,0.147334,0.12716676372144303,0.14695912587173396,0.15649946012713944,0.18609576565817243,-0.0033354359963655763,-0.002432973647567338,0.000902462348798238,0,,,-29.7995316142102,-34.16852809450075,,,,,,,47.95346522233882,,,29.58027932480061,23.667219542669102,,,,,60,100,-40,,,,,,-34.16852809450075,,,,,,,-631.9635516788229,,-0.22091507047900552
2003-11-03,0.1465841,0.1838343,0.1450841,0.1812509,0.14380970916991137,0.15381748069738715,0.15747010482803594,0.18604755803968315,-0.00046595030230239093,0.0003200244709202493,0.0007859747732226403,0,,,-7.117242089847625,-24.308138310812875,,,,,,,61.05923186884549,61.05923186884549,,51.15919728634816,39.62755872628133,,,,,60,100,-40,,,,,,,,,,,,,-747.9701786463097,,-0.1258822925606073
2003-11-10,0.1818343,0.1843343,0.1675842,0.1681092,0.14094833708634627,0.1566758245579097,0.15788732424654434,0.18586906691491017,0.0005111754497829248,0.0014249440854512962,0.0009137686356683715,0,,,9.121725082490755,-9.26501620718904,,,,,,,55.2223245269007,,,66.74930262209234,57.92069504938295,,,,,60,100,-40,,,,,,,,,,,,,-716.5210552560716,,-0.14760170492079588
2003-11-17,0.1649174,0.1725009,0.1615008,0.1646674,0.14143422015160725,0.15827413964632778,0.15815320957020926,0.18565810505506034,0.0008688439898074797,0.001999823622927721,0.0011309796331202414,0,,,15.134312119620226,5.712931704087769,,,,,,,53.76411427961728,,,73.99896082014732,71.56666692037784,73.99896082014732,,,,60,100,-40,,,,,,,,,,,,,-651.6990452095131,,-0.16596098226747324
2003-11-24,0.1662508,0.1810842,0.1650842,0.1769176,0.1427068258550639,0.16200283171706223,0.15888906801843636,0.1855711348555075,0.0018189456837304548,0.00340466173778331,0.0015857160540528551,0,,,24.6078040716538,16.28794709125491,,,,,,,58.03673541475337,,,72.60227381212636,74.30342813474282,,,,,60,100,-40,,,,,,,,,,,,,-646.8446733532379,,-0.14174063527426356
2003-12-01,0.1789176,0.1850009,0.1688341,0.1702508,0.14311471686541646,0.1636524253736498,0.15933462613536042,0.18541869371266662,0.0018791826088285822,0.003934694315088583,0.0020555117062600005,0,,,30.620987899558745,23.454368030277575,,,,,,,55.03815681002605,,,71.15722866772558,72.41170788621946,,,,,60,100,-40,,,,,,,,,,,,,-590.1456418344674,,-0.13537115639121092
2003-12-08,0.1702508,0.1780842,0.1625008,0.1736675,0.14352918708931528,0.16565544029891985,0.15989669962024824,0.18530176641204307,0.00201773419304259,0.004577679447563238,0.0025599452545206477,0,,,31.834105057930472,29.020965676380985,,,,,,,56.291948637319784,,,73.17297725969271,71.78745586453175,,,,,60,100,-40,,,,,,,,,,,,,-588.300979682746,,-0.12327331534380143
2003-12-15,0.1787509,0.180001,0.1661675,0.1755843,0.1439973951543642,0.1676412122391359,0.16051189963514048,0.18520507520396304,0.002097789847061494,0.005182182563347515,0.003084392716286021,0,,,34.25688900191702,32.23732731980206,,,,,,,57.02035909112636,,,72.49123004942143,72.36092705073206,,72.49123004942143,,,60,100,-40,,,,,,,,,,,,,-577.7008015586104,,-0.10965849491785859
2003-12-22,0.1730008,0.1905843,0.1712509,0.1895093,0.15294054550048103,0.17201482979130872,0.16164905259062518,0.1852479033113863,0.002898538718873756,0.006707566114878216,0.00380902739600446,0,,,42.515505458927656,36.20216650625837,,,,,,,62.0038617447863,,,80.35476902486621,76.97239243817423,,,,,60,100,-40,,,,,,,,,,,,,-539.0279285479539,,-0.0011873191400089914
2003-12-29,0.1930843,0.2016677,0.1901677,0.1923343,0.15561568510758955,0.17607872383304699,0.16285239562628692,0.18531841472122326,0.0033940451339854556,0.00805158381348628,0.004657538679500824,0,,,52.69775922276197,43.15671789453554,,,,,,,62.94807065190577,,,87.74837921851166,82.96385927417309,,,,,60,100,-40,,,,,,,,,,,,,-554.6592142665078,,-0.0015180519772948588
2004-01-05,0.1952509,0.2148344,0.193501,0.2122511,0.17641832902847598,0.1833131990664376,0.1647895997193737,0.18558640163942006,0.004755279256734298,0.010601637750418696,0.005846358493684398,0,,,62.39376174907804,52.53567547692254,,,,,,,68.85864123528582,68.85864123528582,,96.0450074624014,92.09001492480282,96.0450074624014,,,,60,100,-40,,,,,,,,,,,,,-631.0848116725972,,0.017391620019076924
2004-01-12,0.2130011,0.2156677,0.197001,0.205501,0.17576351266929915,0.18775075925315007,0.16638612522057475,0.18578455684698802,0.004875119090070587,0.011940257356272632,0.007065138266202045,0,,,65.69276025468076,60.26142707550691,,,,,,,65.04876898367624,,,95.86785470550645,96.06715214346578,,,,,60,100,-40,,,,,,,,,,,,,-737.2512095503068,,0.005197602518583015
2004-01-20,0.2079594,0.2115844,0.1920009,0.1924176,0.1757030974786349,0.18868412740252005,0.1674069673687875,0.18585055727637123,0.003795307037719719,0.011809272063351695,0.008013965025631975,0,,,62.50367027048177,63.530064091413514,,,63.530064091413514,,63.530064091413514,,58.27812393515433,,,87.15647181086833,92.49537522232094,,,,,60,100,-40,,,,,,63.530064091413514,,105,,,,,-735.0237169047965,,-0.04324737332660642
2004-01-26,0.1936677,0.2008344,0.1762508,0.1854176,0.175516026230161,0.18803082192201603,0.16811326668765858,0.18584624924377052,0.002399760060246052,0.01101366510093954,0.008613905040693488,0,,,51.8169333563544,60.004454627172294,,,,,,,54.96227172038324,,,70.07950636594227,79.41128459971183,,,,,60,100,-40,,,,,,,,,,,,,-686.8375865584699,,-0.013826447783438665
2004-02-02,0.1869175,0.1923343,0.1824,0.1896675,0.17462801721372093,0.1883581575376128,0.16895853073912295,0.1858842716393549,0.0015919462246820788,0.010603837821546086,0.009011891596864007,0,,,43.335228610731775,52.5519440791893,,,,,,,56.586897010198626,,,49.72838394648639,60.505516106140284,,,,,60,100,-40,,,,,,,,,,,,,-650.1398435478388,,-0.011620110862873468
2004-02-09,0.1904177,0.202751,0.1882509,0.1941676,0.17589619455559802,0.18952004603009026,0.1699471216905299,0.18596669281707276,0.0012071978843168595,0.010520888952260082,0.009313691067943223,0,,,42.83716230207282,45.99644142305298,,,,,,,58.31191732574102,,,36.986398739226956,43.41794434936477,,,,,60,100,-40,,,,,,,,,,,,,-620.1144174482318,,0.03449187748584586
2004-02-17,0.1950009,0.202251,0.192251,0.2011677,0.1764215306587696,0.19184957682407222,0.17117145809482284,0.18611794661988795,0.0012645806553447797,0.010894416887124198,0.009629836231779418,0,,,44.859511945848276,43.67730095288428,,,,,,,60.928179252649365,60.928179252649365,,35.03172742172814,34.89238993984448,,,,,60,100,-40,,,,,,43.67730095288428,,,,,,,-552.8208870030987,,0.023909487747818873
2004-02-23,0.2008344,0.2011677,0.1825842,0.1854176,0.17755221418314318,0.19056318145925777,0.17173013032639842,0.18611097799680448,0.00014132769131661692,0.00980649584592519,0.009665168154608572,0,,,35.69707487946563,41.1312497091289,,,,,,,52.844480669607066,,,29.5980867708312,31.230522893590834,,,,,60,100,-40,,,,,,41.1312497091289,,,,,,,-537.7625439116263,,-0.023778821731842013
2004-03-01,0.1849176,0.1897509,0.1792508,0.1849176,0.17737592031291866,0.1894340651674062,0.172247285999873,0.18609910358887607,-0.0006901384616781765,0.008802495077510852,0.009492633539189029,0,,,21.97068083165143,34.1757558856551,,,,,,,52.60445195085042,,,21.775922485689215,26.672140130765445,,,,,60,100,-40,,,,,,,,,,,,,-573.6238995640578,,0.018893915545185727
2004-03-08,0.1849176,0.1875009,0.1723341,0.177001,0.17836699029056732,0.18694745213392497,0.17243370615674072,0.18600857519495692,-0.0017668685850097642,0.0072840478079268245,0.009050916392936589,0,,,5.762539621499979,21.143431777538996,,,,,,,48.80225778368027,,,7.474225914780757,14.948451829561511,,,,,60,100,-40,,,,,,,,,,,,,-503.87409964332005,,0.013082100989085549
2004-03-15,0.1757509,0.1891676,0.1719334,0.1847509,0.17862059812695538,0.18650814170713997,0.1729167333662803,0.18599606101391258,-0.0019370549600130817,0.006629597692920236,0.008566652652933318,0,,,-2.370381328580649,8.454279708190237,,,,,,,52.447330496452274,,,7.118220207337403,7.779036313821945,,7.118220207337403,,,60,100,-40,,,,,,,,,,,,,-434.0788087990801,,0.04624581873150686
2004-03-22,0.1819176,0.2060844,0.1791676,0.2029178,0.17856074826074428,0.189790073365712,0.1740932457832889,0.18616443652621195,-0.000860912281169416,0.007490512301471547,0.008351424582640963,0,,,9.519825451210552,4.303994581376612,,,,,,,59.728484165450205,,,17.937407428769294,10.583054739597861,,,,,60,100,-40,,,,,,4.303994581376612,,,,,,,-393.33720719924736,,-0.026531514733770366
2004-03-29,0.205501,0.2247511,0.2054176,0.2191678,0.18403864481354826,0.1956656186925696,0.17586087536041484,0.18649282820256805,0.0008196222392142551,0.00937595238165878,0.008556330142444526,0,,,31.294975092535978,12.814806405055279,,,,,,,64.93172934294071,,,40.39085648133491,28.132719295365845,,,,,60,100,-40,,,,,,,,,,,,,-457.2758967993842,,0.07160053252751054
2004-04-05,0.2201678,0.2279179,0.2128343,0.2228345,0.18709552732686624,0.20109939495405568,0.1777029782874574,0.18685443687716935,0.001985976566356842,0.011038800850390579,0.009052824284033737,0,,,44.66349026544481,28.492763603063764,,,,,,,66.00539828443708,66.00539828443708,,63.1757297506787,51.07305332165052,,,,,60,100,-40,,,,,,,,,,,,,-462.3166428358598,,0.11140903766467489
2004-04-12,0.2245845,0.2255845,0.1963343,0.196751,0.18749351108923293,0.20022971596324454,0.17844995953108653,0.18695291014207313,0.000865795784138871,0.010135069014207326,0.009269273230068455,0,,,42.873326347862736,39.610597235281155,,,,,39.610597235281155,,53.40485254862785,,,65.21545532602033,64.58957762476287,65.21545532602033,,,,60,100,-40,,,,,,,,,,106,,,-405.53179868388526,,0.040936343680450314
2004-04-19,0.1968343,0.1991676,0.1827508,0.1936677,0.185839267440002,0.19891731277059563,0.17904673366712234,0.18701972397150524,-0.00016297347185065605,0.009065556390255136,0.009228529862105792,0,,,29.009692112913985,38.84883624207383,,,,,,,52.13043062444207,,,53.64816920785067,62.1040194056715,,,,,60,100,-40,,,,,,38.84883624207383,,,,,,,-389.0714716504516,,0.09964452554360079
2004-04-26,0.1940842,0.1949176,0.1703342,0.1710009,0.1861365269085733,0.1933340302164765,0.17873121077821558,0.18686033268820668,-0.002329919739640942,0.006316130187554614,0.008646049927195556,0,,,9.881602929904165,27.254873796893616,,,,,,,43.805225060808155,,,29.24261027073399,42.3797181446939,,,,,60,100,-40,,,,,,,,,,,,,-326.5130222594604,,0.035201141055324
2004-05-03,0.1728343,0.1914176,0.1658341,0.1840009,0.18524589641510375,0.1914674041731812,0.17893786525750124,0.18683188062165734,-0.0028151761939756853,0.005127079684725949,0.007942255878701635,0,,,-2.110816892337498,12.260159383493539,,,,,,,48.877799602007514,,,20.218344862898558,25.433627783150257,,,,,60,100,-40,,,,,,,,,,,,,-273.51065457592216,,0.04143223928140824
2004-05-10,0.1793342,0.1831676,0.1724175,0.1792508,0.18427601095688206,0.18902408333854495,0.17895013720818748,0.1867564469836309,-0.0033472976663299183,0.003758133795789237,0.007105431462119155,0,,,-11.76787817046718,-1.3323640443001807,,,,,,,47.19156353397949,,,14.384962119520782,14.969622144615622,,14.384962119520782,,,60,100,-40,,,,,,,,,,,,,-222.8723537439363,,0.026289118488271875
2004-05-17,0.1766675,0.1858343,0.173751,0.1766675,0.18537541731710477,0.18655276667083595,0.17886062202355268,0.18665605945145547,-0.00373498925475225,0.0024366948936788424,0.006171684148431092,0,,,-18.011403712272006,-10.630032925025573,,,,,,,46.25147975799643,,,16.616983687521056,15.509332853028724,,,,,60,100,-40,,,,,,,,,,,,,-192.35010760867516,,0.03546481983425682
2004-05-24,0.1763342,0.196501,0.1732508,0.1954176,0.18632488036588302,0.18832573333666877,0.17950991527753102,0.18674323895940118,-0.002641871010992854,0.002869345384690025,0.005511216395682879,0,,,-14.130873798628578,-14.636718560455932,,,,,,,53.53032776946663,,,21.703806980346606,18.733137644283133,,,,,60,100,-40,,,,,,-14.636718560455932,,,,,,,-183.74099713437062,,0.03170559784252885
2004-06-01,0.1925843,0.2009177,0.1824176,0.1825842,0.18561125319689137,0.187177426669335,0.17963047546272587,0.18670185548716833,-0.0026874767438613755,0.0021518704658561594,0.004839347209717535,0,,,-10.59312850136072,-14.245135337420445,,,,,,,48.64560422091057,,,24.885881163983473,23.0427182915976,,,,,60,100,-40,,,,,,,,,,,,,-178.5153612917578,,-0.003979200187882183
2004-06-07,0.1854176,0.1890843,0.1717509,0.1733342,0.18562718511139914,0.184408781335468,0.17938356269948172,0.18656884398978357,-0.003209612357009866,0.0008273317634552024,0.004036944120465068,0,,,-19.742759709850937,-14.822254003280088,,,,,,,45.41001179547552,,,25.192505549081105,25.447132862735405,25.192505549081105,,,,60,100,-40,,,,,,-14.822254003280088,,,,,,,-166.05802287507456,,-0.0013604891168303085
2004-06-14,0.1724175,0.1730008,0.1625008,0.1646674,0.1858086504605849,0.1804605050683744,0.1788064582798942,0.18635091917396482,-0.003958522638232597,-0.0009112091773256781,0.003047313460906919,0,,,-34.242193486093825,-21.526027232435172,,,,,,,42.53812263091016,,,15.07328306563172,20.453372100764895,,,,,60,100,-40,,,,,,,,,,,,,-158.59292780687923,,-0.00840675205214455
2004-06-21,0.1649174,0.1742509,0.1606675,0.1687508,0.18690572542768596,0.17811856405469953,0.1784121187395062,0.18617579361004477,-0.003987601522564276,-0.0019371884422984265,0.0020504130802658496,0,,,-41.281012855678284,-31.755322017207693,,,,,,,44.3350204046654,,,9.08733790733159,13.20143702014713,,,,,60,100,-40,,,,,,,,,,,,,-187.9396682056285,,-0.02086204351519816
2004-06-28,0.1711674,0.1733342,0.1592508,0.1605007,0.16144808075427985,0.17459499124375963,0.17770971016148635,0.18592032004178563,-0.00434198627582536,-0.00337706976451585,0.0009649165113095096,0,,,-47.22216711313033,-40.91512448496749,,,,,,,41.494894341674126,,,4.337786916083201,5.835501664295246,,,,,60,100,-40,,,,,,,,,,,,,-161.95063762278699,,-0.0358085634934046
2004-07-06,0.1602508,0.1602508,0.1380841,0.140834,0.16062440355754556,0.1678427929950077,0.17626360388064374,0.18547169994186735,-0.005600373486875036,-0.006035550347284285,-0.0004351768604092495,0,,,-59.27129133488177,-49.25815710123013,,,,,,,35.60466744081842,,,3.195599938978635,3.5511277100861154,,,,,60,100,-40,,,,,,,,,,,,,-121.59597623682579,,-0.10370662010054514
2004-07-12,0.1369173,0.1416674,0.1265006,0.1265006,0.15990726044629233,0.15957435439600617,0.1743121135323832,0.18488492282801794,-0.0070062820575847815,-0.009193029432390226,-0.0021867473748054447,0,,,-69.60280932475743,-58.69875592425651,,,,,,,32.016363679328194,,,0.9466907226237188,1.893381445247437,,,,,60,100,-40,,,,,,,,,,,,,-63.12398055740296,,-0.1233243329426942
2004-07-19,0.128334,0.1326673,0.1200006,0.1218339,0.16027702755727144,0.15202626351680493,0.17225414437425055,0.18425754946654513,-0.007798079163274825,-0.011934346328898976,-0.004136267165624151,0,,,-75.09291809284055,-67.98900625082658,,,,,,,30.917339737596365,,,0.47334536131185967,0.9466907226237188,,0.47334536131185967,,,60,100,-40,,,,,,,,,,,,,-6.192347728784213,,-0.15996905015255133
2004-07-26,0.123334,0.130834,0.1153339,0.1285006,0.1609775398746092,0.14732113081344395,0.1705383191046721,0.1837027539494651,-0.007422411276430264,-0.013414281261161981,-0.005991869984731717,0,,,-75.832843459234,-73.50952362561065,,,,,,,34.40221669149048,,,4.05473537896935,2.0273676894846755,,,,,60,100,-40,,,,,,,,,,,,,3.1153518582674877,,-0.10202576346416835
2004-08-02,0.1282506,0.130834,0.0775004,0.0785837,0.16122324416927997,0.13357364465075516,0.16693225561037123,0.18265679321364953,-0.009928808066905308,-0.018402880068363353,-0.008474072001458045,0,,,-81.95648790362573,-77.62741648523343,,,,,,,24.412887173307737,,,5.068419223711687,4.05473537896935,,,,,60,100,-40,,,,,,,,,,,,,110.73074242949161,,-0.24220793468009466
2004-08-09,0.0806671,0.0894171,0.0792504,0.0875004,0.1560466124429028,0.12435899572060413,0.16381728088055275,0.18170996343042914,-0.010332985032913253,-0.02139030329259961,-0.011057318259686357,0,,,-84.77563420352732,-80.85498852212902,,,,,,,28.434254693621853,,,10.507591457535192,8.294847262994608,,,,,60,100,-40,,,,,,,,,,,,,182.4160619877659,,-0.2132923188837145
2004-08-16,0.0865004,0.1043339,0.0860004,0.1029172,0.14447779726840976,0.1200706365764833,0.16142904241464873,0.18092595583410645,-0.008959971555662933,-0.022257282704265025,-0.013297311148602092,0,,,-80.73686420828734,-82.48966210514679,,,,-82.48966210514679,,-82.48966210514679,34.91953627325782,,,17.801280227162955,13.601249793713928,,,,,60,100,-40,,,,,,-82.48966210514679,-107,,,,,,151.97677798999024,,-0.18673871912958814
2004-08-23,0.1051672,0.1093339,0.0992505,0.1078339,0.13533061174923763,0.11762328926118663,0.15932727212387818,0.18019867169645365,-0.007194695438013956,-0.022290680446119537,-0.015095985008105581,0,,,-73.76909830646566,-79.76053223942678,,,,,,,36.895264335245855,,,32.2277710784113,24.794297117377592,,,,,60,100,-40,,,,,,,,,,,,,114.34463653726475,,-0.151541449527076
2004-08-30,0.1074172,0.1110006,0.1005838,0.1068339,0.13202126805286352,0.11546541140894931,0.15726870851117708,0.17946867396813074,-0.005637287193090399,-0.02214259399946858,-0.01650530680637818,0,,,-67.1193995868313,-73.87512070052811,,,,,,,36.65010964635513,,,45.72004739990231,38.275662624965406,,,,,60,100,-40,,,,,,,,,,,,,84.46379353048933,,-0.09458019244903343
2004-09-07,0.1075839,0.1178339,0.1024172,0.1172506,0.13315669176337327,0.11582244912715944,0.15569937092250347,0.17884958865501502,-0.003550372777089087,-0.02094327277773954,-0.01739290000065045,0,,,-58.40870794018926,-66.43240194449541,,,,,,,41.06892831214669,,,59.92672736935966,53.16978298825089,,,,,60,100,-40,,,,,,,,,,,,,9.106740161309403,,-0.05064954296330465
2004-09-13,0.1170839,0.1230481,0.1118339,0.1224173,0.12524664235170374,0.11714141930172756,0.15439419167064058,0.17828807334501487,-0.0015679243707619993,-0.01935280546410295,-0.017784881093340952,0,,,-47.32063199579082,-57.61624650760379,,,,,,,43.19790006282798,,,74.75906493839753,67.34155845052568,,,,,60,100,-40,,,,,,,,,,,,,-66.18539441347409,,0.05155432346700497
2004-09-20,0.1200006,0.1265006,0.1153339,0.1170839,0.10649606075515347,0.11712991544138204,0.1529310429776743,0.17767907659531323,-0.0004213946918085257,-0.01831162445810161,-0.017890229766293085,0,,,-37.679135059051944,-47.802824998344,,,,,,,41.52048330489418,,,86.65576059937003,80.54294109386946,,,,,60,100,-40,,,,,,,,,,,,,-71.4244136110242,,-0.0028099157459541687
2004-09-27,0.1161672,0.1266673,0.1129172,0.1260006,0.0950201278440711,0.11890405235310564,0.15187494717462824,0.17716486289784744,0.0010514628778529427,-0.016575901168976906,-0.01762736404682985,0,,,-28.005333023891886,-37.66836669291155,,,,,,,45.363095303422895,,,93.97058911224633,90.72158243890816,,,,,60,100,-40,,,,,,,,,,,,,-113.89270204538349,,0.024017184683538473
2004-10-04,0.1286673,0.1324173,0.1198339,0.1209173,0.09544729014092315,0.11930670188248452,0.15066092179523105,0.1766051856550828,0.0017558030297700061,-0.015432610259617341,-0.017188413289387347,0,,,-18.09730438591546,-27.927257489619763,,,,,,,43.59399239656245,,,95.0866496083736,95.04036877680058,95.0866496083736,,,,60,100,-40,,,,,,,,,,,,,-122.27584712804102,,-0.004374950993356849
2004-10-11,0.1210839,0.1245006,0.1090005,0.1118339,0.09601061227371437,0.11781214150598761,0.14913829348953572,0.1759606952505546,0.0016822498109666621,-0.015085601025679019,-0.01676785083664568,0,,,-19.233890485246608,-21.77884263168465,,,,,,,40.533906079709624,,,92.94193417426882,94.55909864351719,,,,,60,100,-40,,,,,,,,,,,,,-94.58932946839717,,-0.07534568172865351
2004-10-18,0.1111672,0.1185006,0.1102506,0.1106672,0.09361702568273476,0.11638315320479009,0.14762962315661277,0.1753110087306486,0.001626374990507249,-0.01473488209851162,-0.01636125708901887,0,,,-21.91465014147257,-19.748615004211544,,,,,,,40.14182399380974,,,87.32025537799893,90.27455272524124,,,,,60,100,-40,,,,,,-19.748615004211544,,,,,,,-92.84581501959771,,-0.08611003690781352
2004-10-25,0.1097505,0.126584,0.1095005,0.1205839,0.09475156670539656,0.11722330256383207,0.1465690065622358,0.17476646038507,0.002288119555631043,-0.013501107644480065,-0.015789227200111108,0,,,-16.436895807956546,-19.19514547822524,,,,,,,45.03731820924918,,,86.55097768264389,87.1981707752662,,86.55097768264389,,,60,100,-40,,,,,,-19.19514547822524,,,,,,,-129.60112137967087,,-0.03413965209792414
2004-11-01,0.1221673,0.1564174,0.1206673,0.1470007,0.11554324051215398,0.12317878205106565,0.1465859357166579,0.17449018416233297,0.004412747052907336,-0.010273293383976936,-0.014686040436884273,0,,,8.185339099920192,-10.055402283169638,,,,,,,55.53251857973757,,,89.91952394390566,87.52719762714737,,,,,60,100,-40,,,,,,,,,,,,,-233.31000840154886,,0.0311723355448784
2004-11-08,0.1453899,0.153334,0.1447507,0.1508342,0.11650463047557152,0.12870986564085252,0.14675253431600466,0.1742548012353446,0.005891633756683187,-0.007321498241030289,-0.013213131997713476,0,,,26.521801477805006,6.090081589922886,,,,,,,56.82849579386223,,,95.88304709839943,92.49543226187109,,,,,60,100,-40,,,,,,,,,,,,,-336.34455232854003,,0.04282510271927129
2004-11-15,0.1493341,0.1710842,0.1484174,0.1580009,0.12489725687017356,0.13456807251268202,0.14719364669576918,0.1740930708747939,0.007087545768365226,-0.004353699787256943,-0.011441245555622169,0,,,40.61481568665198,25.10731875479239,,,,,,,59.234694028040856,,,98.59708536593195,97.19417073186389,,,,,60,100,-40,,,,,,,,,,,,,-337.0091791778964,,0.05220462893988776
2004-11-22,0.1585841,0.1670008,0.1570842,0.1655008,0.13152358852230403,0.1407546180101456,0.14791157427632726,0.17400757564220887,0.00804851313648522,-0.001380604135015645,-0.009429117271500864,0,,,49.311107368751536,38.815908177736176,,,,,,,61.65747044559917,,,99.87844365582129,99.75688731164257,,,,,60,100,-40,,,,,,,,,,,,,-364.8256920546425,,0.09446776143669866
2004-11-29,0.1667508,0.1750009,0.1585008,0.1727509,0.13978397505642517,0.14715387440811648,0.14888566548117718,0.17399507140696302,0.008777560414387996,0.0015428332464841321,-0.007234727167903864,0,,,55.32534327007716,48.41708877516023,,,,,,,63.90409838688302,,,100,99.99999999999999,,,,,60,100,-40,,,,,,,,,,,,,-403.03920259016206,,0.1684745182593816
2004-12-06,0.1735842,0.2080011,0.1705009,0.194251,0.16128169826668054,0.15657329952649318,0.15066469820740552,0.17419662293525195,0.010212422683479624,0.005530801186445666,-0.004681621497033958,0,,,64.35666949881032,56.33104004587968,,,,,,,69.62234885975828,69.62234885975828,,100,99.99999999999999,,,,,60,100,-40,,,,,,,,,,,,,-371.5775293919509,,0.1996436177420229
2004-12-13,0.1913344,0.2071677,0.1880009,0.1921594,0.15827947696191763,0.16369051962119455,0.15229194141495825,0.1743753570353987,0.01048561490745296,0.008425397137282242,-0.0020602177701707176,0,,,68.79106928088805,62.82436068325851,,,,,,,68.47904094686652,,,99.35076073382155,99.67538036691076,,,,,60,100,-40,,,,,,,,,,,,,-364.01797859341445,,0.14320794665653785
2004-12-20,0.1944176,0.1974177,0.1854176,0.192251,0.1581107571789235,0.16940261569695564,0.153858963320254,0.17455322412957383,0.01013180155087617,0.010604534168424495,0.0004727326175483254,0,,,68.29316552545814,67.14696810171884,,,,,,,68.50357982368297,,,98.55536717972359,99.03421886504486,,,,,60,100,-40,,,,,,,,,,,,,-368.74198248552085,,0.24667377817643446
2004-12-27,0.1949176,0.1973342,0.1885009,0.1963343,0.16106120309471467,0.17478895255756452,0.1555246627978911,0.17476995125266265,0.009635189267801622,0.012516719202300353,0.0028815299344987313,0,,,66.92507666801968,68.00310382478862,,,68.00310382478862,,68.00310382478862,,69.64479198809006,69.64479198809006,,98.23478642879064,98.39305736317897,,,,,60,100,-40,,,,,,68.00310382478862,,105,,,,,-368.06162203360793,,0.2289273377528738
2005-01-03,0.2028343,0.206001,0.1808342,0.1835843,0.16231881001652076,0.1765480220460516,0.15662504072738556,0.17485765621532273,0.007978884194883254,0.0128551351781028,0.004876250983219545,0,,,63.076721063361774,66.0983210856132,,,,,,,62.04076977647573,,,94.20663966078911,96.1415775775957,,,,,60,100,-40,,,,,,,,,,,,,-312.05041802749736,,0.1449659983778489
2005-01-10,0.1837509,0.1858343,0.1725009,0.1792508,0.16115323072962642,0.17708857763684127,0.157512325404743,0.1749013690888021,0.00620146827358924,0.012628086325206095,0.006426618051616855,0,,,54.41365195685313,61.47181656274487,,,,,,,59.643013524315776,,,87.79849844117737,91.48630353018488,,,,,60,100,-40,,,,,,,,,,,,,-275.31397838613424,,0.11163811123069693
2005-01-18,0.1772509,0.1833342,0.1743342,0.1786676,0.1617613928203674,0.177404382109473,0.1583419440163217,0.1749388440232419,0.0046665184824670105,0.012259766154700619,0.007593247672233608,0,,,46.82030680264692,54.77022660762062,,,,,,,59.308827706826406,,,79.17608272895544,83.68364013851578,,,,,60,100,-40,,,,,,,,,,,,,-230.71143686138254,,0.10385616801408201
2005-01-24,0.1776676,0.1924176,0.1705009,0.1906676,0.16294517190462687,0.18005702568757842,0.15960961679999536,0.1750953490578365,0.0041564008566111026,0.012788748742997486,0.008632347886386383,0,,,44.208903452125476,48.48095407054185,,,,,,,63.82677817249516,,,76.66713246110508,78.02837089844375,,76.66713246110508,,,60,100,-40,,,,,,,,,,,,,-198.76390288658573,,0.09082196520801603
2005-01-31,0.192251,0.2155011,0.1883344,0.2149177,0.18078255248286781,0.18702916055006275,0.16177856123921122,0.17549159135576847,0.005087668871749615,0.014991933976073402,0.009904265104323786,0,,,53.2526291053011,48.09394645335785,,,,,,,70.90014894219648,,,81.27342190513295,78.13031578835682,,,,,60,100,-40,,,,,,48.09394645335785,,,,,,,-233.53410236175193,,0.09487215760742301
2005-02-07,0.2151678,0.2195011,0.2058344,0.2179177,0.18233982016266298,0.1932068684400502,0.1639800960925755,0.17591374169053695,0.0055058233098021665,0.016786544241576495,0.011280720931774329,0,,,60.357239129801215,52.60625722907594,,,,,,,71.64327940234602,,,89.19286771073516,84.52703936678643,,,,,60,100,-40,,,,,,,,,,,,,-230.16426556870613,,0.15186529532176382
2005-02-14,0.2178344,0.2358345,0.2106677,0.2355845,0.20059551157961564,0.20168239475204017,0.16678811193208234,0.17650748057918833,0.006503899778433278,0.019410595654815926,0.012906695876382648,0,,,67.22277209948264,60.277546778194996,,,,,,,75.61592109294682,,,96.37920401276548,92.75840802553095,,,,,60,100,-40,,,,,,,,,,,,,-198.31621728348682,,0.19014932244702956
2005-02-22,0.2345012,0.2440845,0.2270012,0.2403345,0.20424946789535736,0.20941281580163212,0.16967228401317716,0.1771425752997934,0.006973995619946811,0.021624190401316162,0.014650194781369351,0,,,72.03295018655292,66.53765380527894,,,,,,,76.571921095128,76.571921095128,,98.9764493424473,97.95289868489459,98.9764493424473,,,,60,100,-40,,,,,,,,,,,,,-216.80417777739825,,0.25006212089800944
2005-02-28,0.2391679,0.246668,0.2273345,0.2297512,0.2043864987599747,0.2134804926413057,0.17202831993422904,0.17766604420228302,0.0060940897009313585,0.02226780690753355,0.01617371720660219,0,,,71.89886888407857,70.3848637233714,,,70.3848637233714,,70.3848637233714,,69.95216062648035,,,92.79652074503144,96.39826037251571,,,,,60,100,-40,,,,,,,,,,,,,-243.7488727269622,,0.24296583530376212
2005-03-07,0.2307512,0.2369178,0.207751,0.2096677,0.20419228456283367,0.21271793411304457,0.17350437405445535,0.1779844686380812,0.003793984721610362,0.02091619810861514,0.01712221338700478,0,,,63.793165010243214,69.24166136029157,,,,,,,59.39591042127997,,,70.60804887613979,82.60271971745667,,,,,60,100,-40,,,,,,69.24166136029157,,105,,,,-80.99999999999997,-188.52180495842362,-80.99999999999997,0.23404972576815897
2005-03-14,0.214001,0.2187511,0.1976677,0.2014177,0.2026071856654884,0.21045788729043566,0.17459901428761396,0.17821763511929434,0.0014708408550386867,0.018960764455803136,0.01748992360076445,0,,,50.40572489063623,62.03258626165268,,,,,,,55.658129819591466,,,41.48805632638805,57.69606795128652,,,,,60,100,-40,,,,,,,,,,,,-58.090909090909086,-156.063294965983,-58.090909090909086,0.20039307205138734
2005-03-21,0.2013343,0.2152511,0.2000843,0.2094177,0.20229007954652495,0.21024984983234854,0.17596445294300164,0.17852808352606753,0.000288724393782476,0.017850829092992543,0.017562104699210067,0,,,40.656305422290025,51.61839844105649,,,,,,,58.40772099105181,,,19.030260434155323,30.48848590115576,,,,,60,100,-40,,,,,,,,,,,,-32.983471074380155,-126.77905951762241,-32.983471074380155,0.17293268323807343
2005-03-28,0.209501,0.2125011,0.1949176,0.1960843,0.20284085243605887,0.20741673986587883,0.17675346655308,0.17870277224720119,-0.0014783555075264798,0.015714160314801967,0.017192515822328447,0,,,27.841132075040775,39.63438746265569,,,,,,,52.526766572581955,,,8.688749755804622,12.557394795063407,,,,,60,100,-40,,,,,,,,,,,,-2.4410217881291985,-98.27377596896376,-2.4410217881291985,0.11920671681146669
2005-04-04,0.1955843,0.203251,0.1903343,0.1954176,0.20300704154776894,0.20501691189270307,0.17748539335492,0.17886908894125889,-0.0027077172385262735,0.013807869274170603,0.016515586512696877,0,,,14.724027181944896,27.74048822642524,,,,,,,52.241830397129775,,,5.278759758314001,5.737414800082163,,,,,60,100,-40,,,,,,,,,,,,18.91189126425793,-71.31490761097034,18.91189126425793,0.12372307387422202
2005-04-11,0.1968343,0.197501,0.1762508,0.1779176,0.2038280457229283,0.19959704951416246,0.17750234263511921,0.17885962138960457,-0.00460369290938582,0.010760970375964601,0.015364663285350421,0,,,-1.8195888423155626,13.581856804890045,,,,,,,45.26025239526939,,,1.606701572181933,3.213403144363866,,1.606701572181933,,,60,100,-40,,,,,,,,,,,,143.65518376166563,39.83325740920613,143.65518376166563,0.07409745815823342
2005-04-18,0.1768342,0.1877509,0.1758343,0.1853343,0.20339990674271916,0.19674449961132998,0.1778094782180557,0.17892404605239456,-0.005217480774256263,0.008842812317530091,0.014060293091786354,0,,,-13.148737397404691,-0.08143301925844189,,,,,,,48.42479496937247,,,3.359490928921672,2.884771643597276,,,,,60,100,-40,,,,,,,,,,,,167.5360594413628,61.68175606207775,167.5360594413628,0.05437516539739403
2005-04-25,0.1869175,0.192251,0.1743342,0.1827508,0.20433572054681065,0.19394575968906397,0.17800325554283783,0.17896212320610208,-0.005621740095962521,0.007033117971833203,0.012654858067795724,0,,,-20.52102529460704,-11.829783844775754,,,,,,,47.390931344393394,,,4.858431459631823,3.3877682833774094,,,,,60,100,-40,,,,,,,,,,,,229.80223045202408,121.37598223260902,229.80223045202408,0.029931420233291355
2005-05-02,0.1849176,0.1931675,0.1793342,0.1930843,0.2043475190791813,0.19377346775125118,0.17859466905096183,0.17910264237818066,-0.005036333198032643,0.00635944157025492,0.011395774768287563,0,,,-22.04326687190357,-18.571009854638422,,,,,,,51.84576072776076,,,11.069177884810298,8.075415154938206,,,,,60,100,-40,,,,,,,,,,,,219.8381885516561,109.30762182668005,219.8381885516561,0.10635269859016903
2005-05-09,0.1939176,0.2122511,0.1855008,0.2110844,0.20494183200209692,0.19723565420100095,0.17986877614700253,0.17942086882217886,-0.00336056736005585,0.007195065568217751,0.010555632928273601,0,,,-11.613713144689044,-18.059335103733204,,,,,,,58.480345838324304,,,20.34972775003573,15.272872687660003,,,,,60,100,-40,,,,,,-18.059335103733204,,,,,,188.0494269968095,97.6153269491018,188.0494269968095,0.17418351475949703
2005-05-16,0.2085844,0.2192511,0.208501,0.2191678,0.19306510828766144,0.20162208336080076,0.18140991433731615,0.1798163606746945,-0.0017144332905132797,0.008412591315132001,0.01012702460564528,0,,,4.157917530488726,-9.833020828701285,,,,,,,61.08852936054224,,,33.896509157096034,26.82063543532146,,,,,60,100,-40,,,,,,,,,,,,161.13134936102594,72.59435841290149,161.13134936102594,0.19284262951723455
2005-05-23,0.2206678,0.2325845,0.220001,0.2293345,0.19373311483854277,0.2071645666886406,0.18328930985349984,0.1803090784789264,-0.000036306028100884305,0.010081642070519176,0.01011794809862006,0,,,19.945764043909303,4.163322809903007,,,,,,,64.15644583135543,,,47.44783599849847,40.32365942206973,,,,,60,100,-40,,,,,,,,,,,,124.56201311356668,41.21356597419208,124.56201311356668,0.26342282490943947
2005-05-31,0.2283344,0.2377512,0.2216679,0.2358345,0.20085939949293258,0.21289855335091248,0.18534990554551944,0.180861570235355,0.0013399862645834364,0.011792930929349354,0.010452944664765918,0,,,31.122274987160296,18.40865218718612,,,,,,,66.0124591279497,66.0124591279497,,60.90232776088426,54.337262743891564,,,,,60,100,-40,,,,,,,,,,,,83.73255618382731,-5.370718748388299,83.73255618382731,0.30151552155933353
2005-06-06,0.2315844,0.2361678,0.2239178,0.2331678,0.20106000667200882,0.21695240268073,0.18722511709275397,0.18138203023301316,0.0018668952508938599,0.012786563728383243,0.010919668477489384,0,,,37.207245942061085,29.425094991043576,,,,,,,64.52742223498112,,,74.09068125750242,67.55519196695224,,,,,60,100,-40,,,,,,,,,,,,53.963000514040544,-44.39422443049949,53.963000514040544,0.3224432155783985
2005-06-13,0.2326678,0.2449179,0.2147511,0.2242511,0.2017938990525796,0.218412142144584,0.1886771164224499,0.1818085881411424,0.0014306903655487858,0.012708031434425365,0.01127734106887658,0,,,39.009574965452465,35.77969863155796,,,,,,,59.66530633918459,,,80.1487886821116,77.09778517253817,,,,,60,100,-40,,,,,,,,,,,,-12.212090488512288,-115.41345635222683,-12.212090488512288,0.23542252255853607
2005-06-20,0.2242511,0.2360013,0.2205844,0.2257511,0.1999158276916811,0.2198799337156672,0.1901309981313734,0.18224582706511114,0.001075199570898024,0.012621340532499109,0.011546140961601085,0,,,39.287268581775194,38.501363163096265,,,,,38.501363163096265,,60.21167509526943,,,80.53986790681188,81.22642463834033,80.53986790681188,,,,60,100,-40,,,,,,,,,,,,-1.8098922178736743,-93.52010065182199,-1.8098922178736743,0.16056655654030008
2005-06-27,0.2243345,0.2268345,0.2191669,0.2236678,0.200279032856561,0.22063750697253376,0.19144616683210386,0.18265798599978664,0.0005578057874085392,0.01224339819586176,0.01168559240845322,0,,,36.096072731208224,38.13097209281198,,,,,,,59.00900083666798,,,74.87155059826097,78.19905114087257,,,,,60,100,-40,,,,,,38.13097209281198,,,,,,-20.571729996442087,-114.69826416967251,-20.571729996442087,0.13423568102650957
2005-07-05,0.2245011,0.2352512,0.2223344,0.2345012,0.20172333765252093,0.223410245578027,0.1931345995053547,0.18317383887541064,0.0007890992501918739,0.012671966471193064,0.01188286722100119,0,,,38.67109350597401,38.01814493965249,,,,,,,63.154929020228316,63.154929020228316,,76.47752530771972,76.08810296159304,,,,,60,100,-40,,,,,,38.01814493965249,,,,,,-90.46777908799808,-188.38948886609572,-90.46777908799808,0.07627963462838491
2005-07-11,0.2365845,0.2441679,0.2201678,0.2240845,0.2023145921059123,0.2235450964624216,0.19434832109338,0.18358091013038166,0.00011960033424200309,0.012032367638803693,0.01191276730456169,0,,,38.847863943306926,37.871676726829726,,,,,,,57.13535593361129,,,72.7588966406519,73.48219774769987,,,,,60,100,-40,,,,,,,,,,,,-109.47363743563479,-193.2277636177147,-109.47363743563479,-0.007967590081706334
2005-07-18,0.2234178,0.2257511,0.2136677,0.2152511,0.20128028552691857,0.22188629716993727,0.19516803791324744,0.18389603639774105,-0.0009786316402127602,0.01068947775429574,0.0116681093945085,0,,,27.711073011104958,35.07667682012864,,,,,,,52.53523775552174,,,64.07487242980582,69.26307201176547,,,,,60,100,-40,,,,,,35.07667682012864,,,,,,-150.4784306291557,-238.09544295994834,-150.4784306291557,-0.002500587842117886
2005-07-25,0.2127511,0.2287511,0.2118344,0.2255011,0.20202224370356725,0.2226092577359498,0.19635756975978674,0.18431001713010184,-0.0010679255497926983,0.010333202457267626,0.011401128007060325,0,,,22.807374144751776,29.788770366387894,,,,,,,56.89761690643243,,,53.321406578005906,59.39127038436546,,,,,60,100,-40,,,,,,,,,,,,-226.7550796056728,-319.3508169672305,-226.7550796056728,0.08874968973771506
2005-08-01,0.2268345,0.2359178,0.2253344,0.2354178,0.2020207334390267,0.22517096618875984,0.19788934349469706,0.18481855228303615,-0.0005389921013995297,0.010727387880310912,0.011266379981710442,0,,,30.467173871989118,26.995207009281955,,,,,,,60.68481354386912,,,50.08128206959609,51.57519493967116,,50.08128206959609,,,60,100,-40,,,,,,26.995207009281955,,,,,,-198.25415604100505,-287.6506684277341,-198.25415604100505,0.15052542665340338
2005-08-08,0.2370012,0.2517513,0.2297512,0.2495846,0.21667418819338194,0.23005369295100786,0.19991660845568932,0.18546299056877708,0.0006221666375485387,0.012044088278646115,0.011421921641097576,0,,,43.71626216651779,32.33027006108623,,,,,,,65.39103040647277,65.39103040647277,,63.32612046044568,55.62278822301467,,,,,60,100,-40,,,,,,,,,,,,-162.2079458517314,-261.7141832590551,-162.2079458517314,0.19504454661523066
2005-08-15,0.2504179,0.2585013,0.2425845,0.2433345,0.21588206046528324,0.2327098543608063,0.2016192708691917,0.1860388264835156,0.000814345176540502,0.012439853111773203,0.0116255079352327,0,,,52.91927421105189,42.36757008318627,,,,,,,61.85232095370467,,,71.3696454530328,65.58902820086581,,,,,60,100,-40,,,,,,,,,,,,-130.8974102423257,-237.76614993922695,-130.8974102423257,0.18679465466355835
2005-08-22,0.2429178,0.2482512,0.2385012,0.2410012,0.21601555614633444,0.23436812348864502,0.20316366024687046,0.18658571577223684,0.0006372163501505747,0.012422028372920918,0.011784812022770343,0,,,53.39715516733238,50.01089718163403,,,,,,,60.52759553834513,,,75.59951024331082,74.8446839724245,,,,,60,100,-40,,,,,,,,,,,,-103.46151747099377,-209.99048631391292,-103.46151747099377,0.1823630477500977
2005-08-29,0.2387511,0.2588346,0.2368345,0.2515846,0.2190204878501677,0.23781141879091602,0.20506252062934613,0.18723247083917977,0.0010607594808587778,0.013110761373843816,0.012050001892985038,0,,,57.02191349601927,54.44611429146786,,,,,,,64.28616899791939,,,74.86334643595744,75.80782302282792,,,,,60,100,-40,,,,,,,,,,,,-84.65033247626764,-199.99221607501968,-84.65033247626764,0.22745262069043326
2005-09-06,0.2525013,0.2688346,0.2486679,0.2682513,0.2348703244322986,0.24389939503273284,0.2075405119772149,0.18803862834326754,0.0022243936354184764,0.014830493937258132,0.012606100301839656,0,,,64.91928102852795,58.44611656395987,,,,,,,69.27706654262073,,,80.73655328362386,77.93657823263293,,,,,60,100,-40,,,,,,,,,,,,-119.25936293512805,-228.17544951592515,-119.25936293512805,0.23803936851491686
2005-09-12,0.2685013,0.2807514,0.264168,0.2770847,0.2432071226871344,0.2505364560261863,0.21026773503693197,0.18892465890701612,0.003285930131559636,0.0167135129662892,0.013427582834729565,0,,,72.5696569552868,64.83695049327802,,,,,,,71.55911910812299,,,90.51894099914716,84.623320045499,,,,,60,100,-40,,,,,,,,,,,,-105.75766058328657,-225.7799132403024,-105.75766058328657,0.26345275377256877
2005-09-19,0.2767515,0.2829181,0.2637512,0.2725848,0.24325789249519625,0.254946124820949,0.21271154150607188,0.1897570981218717,0.003369436939705565,0.017639379009361522,0.014269942069655957,0,,,74.17404829326861,70.5543287590278,,,,,,,68.74127091217964,,,93.70796728789932,91.84175621580216,,,,,60,100,-40,,,,,,,,,,,,-64.71081320450719,-177.4562926511565,-64.71081320450719,0.22514399301714086
2005-09-26,0.2746681,0.2882514,0.2697513,0.2856681,0.25151936445982503,0.26109051985675924,0.2155725830156377,0.19071143644901725,0.003949995240214487,0.019207436119924065,0.015257440879709578,0,,,76.1220738877864,74.28859304544729,,,,,,,72.1905020580983,72.1905020580983,,95.71424229212961,95.85430622426274,95.71424229212961,,,,60,100,-40,,,,,,,,,,,,-96.58157444005134,-192.46423944185528,-96.58157444005134,0.17978915185557834
2005-10-03,0.2890014,0.2995848,0.270668,0.2755014,0.2513156884269804,0.2639726958854074,0.21792273270129897,0.19155511767838027,0.0033188984392941052,0.01940606392882721,0.016087165489533106,0,,,75.27066415185901,75.18892877763803,,,75.18892877763803,,75.18892877763803,,66.05459423884467,,,89.2990938284816,92.43663609423902,,,,,60,100,-40,,,,,,,,,,,,-49.021288178223834,-142.01619590697248,-49.021288178223834,0.10390852196932052
2005-10-10,0.2769181,0.277418,0.256668,0.266918,0.24963846068219608,0.26456175670832593,0.21984411573262058,0.19230499710446602,0.0020549208978354015,0.01865581661182736,0.016600895713991957,0,,,65.63233299280671,72.34169034415072,,,,,,,61.289960157788705,,,79.20414296047156,85.03600396091592,,,,,60,100,-40,,,,,,72.34169034415072,,105,,,,8.073491490544136,-92.55870574206838,8.073491490544136,0.08160849371366757
2005-10-17,0.2670847,0.272168,0.2542512,0.266168,0.24924772063346778,0.26488300536666076,0.22166073864506683,0.1930399523571579,0.0009557514678472066,0.017795585048800966,0.01683983358095376,0,,,55.47691692800968,65.45997135755847,,,,,,,60.87431319059504,,,63.56033025480224,71.66362350808895,,,,,60,100,-40,,,,,,,,,,,,17.514674855899734,-74.82075924351051,17.514674855899734,0.05771049364543328
2005-10-24,0.2685013,0.2760014,0.2562513,0.270168,0.24928963344536295,0.2659400042933286,0.22356298418839754,0.1938073956172857,0.00031845639928635566,0.017237904080061706,0.01691944768077535,0,,,49.65030912590173,56.91985301557272,,,,,,,62.349564847731166,,,51.43676198407897,57.92571073242515,,,,,60,100,-40,,,,,,,,,,,,71.60291579119068,-33.944257562872195,71.60291579119068,0.042931945881803386
2005-10-31,0.2712514,0.2958348,0.2712514,0.2838348,0.2490666524849799,0.26951896343466286,0.22592658480846037,0.1947031906857704,0.000620250059090572,0.017694760254638564,0.017074510195547992,0,,,56.26782186720979,53.79834930704041,,,,,,,66.96066344617778,,,49.235964887053925,49.71919500283902,,49.235964887053925,,,60,100,-40,,,,,,53.79834930704041,,,,,,49.4932947382469,-53.2271198241682,49.4932947382469,0.09007370979942307
2005-11-07,0.2853348,0.3064182,0.273668,0.283668,0.2480143558789099,0.2723487707477303,0.228190954031658,0.19558841266899657,0.0006105841087882848,0.017837740331533347,0.017227156222745062,0,,,61.11163288431401,55.67658795914186,,,,,,,66.85240973630638,,,50.92818118734044,48.88922759542061,,,,,60,100,-40,,,,,,,,,,,,-8.596395214161596,-126.27673440159221,-8.596395214161596,0.0724761968711853
2005-11-14,0.2837514,0.3056681,0.2794181,0.3015848,0.26194200903041637,0.27819597659818424,0.2310691440696322,0.19664310309020058,0.0015588694746544035,0.019175743066063067,0.017616873591408663,0,,,66.19697630051698,61.19214368401361,,,,,,,72.10095435765568,,,65.54596848663174,58.20295163094814,,,,,60,100,-40,,,,,,,,,,,,-77.03341426613221,-186.95369178312092,-77.03341426613221,0.09709748906887278
2005-11-21,0.3019182,0.3187516,0.2999182,0.3172517,0.2766905369568152,0.2860071212785474,0.2344488521453329,0.19784318863159162,0.00291073314036493,0.021255290016864825,0.018344556876499895,0,,,73.86403930942026,67.05754949808376,,,,,,,75.73981753787703,75.73981753787703,,78.50879005324911,70.71842505701845,,,,,60,100,-40,,,,,,,,,,,,-52.11824803592638,-168.4166569134626,-52.11824803592638,0.09234148082729397
2005-11-28,0.3180849,0.3208349,0.2935015,0.3049182,0.27689727717418555,0.2897893370228379,0.23721235598277082,0.19890861163028226,0.0026511306750338984,0.02165847022029227,0.01900733954525837,0,,,73.67915919470997,71.24672493488242,,,,,,,68.15823153628739,,,82.66247656483615,81.12827338036685,82.66247656483615,,,,60,100,-40,,,,,,,,,,,,-117.18765748393977,-237.79544656556033,-117.18765748393977,0.14324149478767578
2005-12-05,0.3055849,0.3055849,0.2951681,0.3028348,0.2758749645188866,0.2923984296182703,0.23978578515991705,0.1999427030568466,0.0020431962210786733,0.021561334821606715,0.01951813860052804,0,,,69.19768411478434,72.24696087297154,,,72.24696087297154,,72.24696087297154,,66.93215093588756,,,72.2260008247271,78.73695911205986,,,,,60,100,-40,,,,,,72.24696087297154,,105,,106,,-124.97171975958707,-256.3780926445494,-124.97171975958707,0.2089128597233867
2005-12-12,0.3036682,0.3139182,0.3012514,0.307085,0.27734233133896613,0.29533574369461624,0.2424249700556066,0.20100879556374365,0.0016483416516778829,0.021578565665125393,0.01993022401344751,0,,,67.65662564798413,70.17782298582615,,,,,,,68.19652084979172,,,58.34868003349466,66.65227058842228,,,,,60,100,-40,,,,,,,,,,,,-118.61322525784395,-247.0366212546313,-118.61322525784395,0.1705676761819177
2005-12-19,0.3077515,0.3132516,0.2978349,0.3128348,0.27838345767189715,0.298835554955693,0.24518613985734752,0.20212149212529845,0.0014996844194782137,0.02180482953779528,0.020305145118317065,0,,,65.25724490706651,67.37051822327834,,,,,,,69.88411979485939,,,55.24476433947118,56.56241517372593,,,,,60,100,-40,,,,,,,,,,,,-115.22900248369048,-243.93905375378927,-115.22900248369048,0.15819257481323212
2005-12-27,0.3125016,0.3186683,0.3034182,0.3046682,0.27895737498104733,0.30000208396455436,0.24751876966686331,0.20314185737778304,0.0006216015454584348,0.02108214705014011,0.020460545504681675,0,,,62.65822688410086,65.19069914638384,,,,,,,64.60893309919723,,,49.972771902755305,50.979436697323514,,49.972771902755305,,,60,100,-40,,,,,,,,,,,,-86.09645657756495,-208.67740761673667,-86.09645657756495,0.07225183974359899
2006-01-03,0.3063765,0.3415851,0.3054181,0.340335,0.3025973981966868,0.3080686671716435,0.2511586218367902,0.2045069632745215,0.002128287795214106,0.02312090524869931,0.020992617453485202,0,,,69.0385197639546,65.651330518374,,,,,,,73.92240864928303,,,58.53670039226431,54.99165534948303,,,,,60,100,-40,,,,,,65.651330518374,,,,,,-158.6243735634622,-268.9178789591482,-158.6243735634622,0.18192331263395622
2006-01-09,0.3401685,0.3680852,0.3394184,0.3542517,0.3139357983254949,0.3173052737373148,0.25520148764711215,0.20599696065487452,0.003657826780009397,0.025564900928496948,0.02190707414848755,0,,,78.40795059278295,70.03489908027947,,,,,,,76.53284328094556,,,67.84333652993259,61.68363140077446,,,,,60,100,-40,,,,,,,,,,,,-147.0563056428327,-265.4782646029394,-147.0563056428327,0.20131806967029556
2006-01-17,0.3494183,0.3805019,0.3400017,0.365086,0.3235545484451024,0.3268614189898519,0.2595106842099705,0.2075799361707464,0.004916459961284696,0.02805264910009342,0.023136189138808723,0,,,82.7313100513324,76.72592680268998,,,,,,,78.3598196141494,,,87.64458802771017,77.84349078738916,,,,,60,100,-40,,,,,,,,,,,,-189.40970461686317,-299.9367619478595,-189.40970461686317,0.19349521889642668
2006-01-23,0.3679602,0.3896685,0.3613351,0.3854186,0.3410679378418808,0.3385728551918815,0.2644482495350697,0.20934947511432106,0.00653426871156601,0.031304025028266236,0.024769756316700225,0,,,86.26167735393851,82.46697933268463,,,,,,,81.3169730222257,81.3169730222257,,95.24145448785364,90.4829089757073,95.24145448785364,,,,60,100,-40,,,,,,,,,,,,-324.0624855956153,-414.4937143209759,-324.0624855956153,0.18075779617473178
2006-01-30,0.3870853,0.3875019,0.3600018,0.3668352,0.3401882137103179,0.3442253241535052,0.26846342406310614,0.210916497252487,0.005793972416852689,0.032012221837766086,0.026218249420913397,0,,,83.68151056853414,84.22483265793501,,,84.22483265793501,,84.22483265793501,,71.62579054434245,,,87.90718740623868,93.31501502012713,,,,,60,100,-40,,,,,,84.22483265793501,,105,,,,-303.323851850958,-380.9494026262531,-303.323851850958,0.12287533153788416
2006-02-06,0.3658351,0.3812519,0.3572518,0.3658351,0.3394903698738666,0.34854727932280416,0.2722819211586706,0.21245797588679063,0.004723388612140625,0.03212248518608918,0.027399096573948553,0,,,78.79270753843215,82.91196515363494,,,,,,,71.13155019349887,,,73.12097341251749,82.1853266543463,,,,,60,100,-40,,,,,,,,,,,,-259.0831515144202,-326.23132942147976,-259.0831515144202,0.1164915142374118
2006-02-13,0.3646684,0.4226688,0.3621686,0.3955853,0.3495090720257332,0.35795488345824333,0.2771173477798992,0.2142801383157778,0.005453555516594533,0.03421604096969172,0.028762485453097186,0,,,79.93080628509023,80.80167479735218,,,,,,,76.38322604513283,76.38322604513283,,61.638998108029554,67.4584940447745,,,,,60,100,-40,,,,,,,,,,,,-313.7953057845257,-374.18926952666527,-313.7953057845257,0.0884292317588951
2006-02-21,0.394752,0.3954186,0.3725019,0.3805019,0.34415734545246657,0.36246428676659465,0.28117164394539335,0.21593408619323276,0.004400516154841265,0.034263130646648765,0.0298626144918075,0,,,75.57861754202511,78.10071045518251,,,,,,,69.44444148925409,,,54.655298146863885,57.296679658925264,,,,,60,100,-40,,,,,,,,,,,,-315.8325229146119,-384.33667506727147,-315.8325229146119,0.11456853593673949
2006-02-27,0.3840019,0.416752,0.3794186,0.4096687,0.35861654220586187,0.3719051694132757,0.2862107441828289,0.2178617937933001,0.005098914436298323,0.036236257537180405,0.031137343100882082,0,,,75.71066665229962,77.07336349313833,,,,,,,74.32951517483309,,,57.03608359238531,55.47639649771443,,,,,60,100,-40,,,,,,,,,,,,-342.0447914755915,-412.639097782313,-342.0447914755915,0.15339447328875538
2006-03-06,0.4176688,0.4204188,0.3855018,0.3949186,0.3569297820483003,0.3765078555306206,0.2904737973521297,0.21962355305903838,0.004044173292052852,0.03619255971594815,0.032148386423895295,0,,,73.21882448358596,74.83603622597023,,,,,,,68.34339123144734,,,47.43010278772635,51.367473224327846,,,,,60,100,-40,,,,,,,,,,,,-289.85482938912037,-353.9774436400743,-289.85482938912037,0.11101035262951373
2006-03-13,0.3989187,0.4185854,0.3952519,0.4064187,0.35570870475913596,0.3824900244244965,0.29502065627949714,0.2214822112375554,0.003611898543151859,0.03666325960283512,0.03305136105968326,0,,,71.4161756669635,73.44855560094969,,,,,,,70.35960749422087,,,47.24729706963314,49.14577429436182,,,,,60,100,-40,,,,,,,,,,,,-313.51758768200756,-369.6179084327881,-313.51758768200756,0.09241134616012799
2006-03-20,0.4100021,0.4336688,0.4018353,0.4329188,0.379432118704912,0.39257577953959716,0.3004284266214776,0.22358605789190808,0.004541466938185489,0.03872819473241512,0.034186727794229634,0,,,72.41889226329745,72.35129747128231,,,,,,,74.42575838291324,,,45.19174852455647,44.806262311285565,,45.19174852455647,,,60,100,-40,,,,,,72.35129747128231,,,,,,-341.05984446709715,-386.96010689955403,-341.05984446709715,0.16315282074975906
2006-03-27,0.4332938,0.4852524,0.4318356,0.477169,0.4229551530831326,0.4094944236316777,0.30735942949906675,0.22610927124621746,0.007398301713978234,0.043434604936702426,0.03603630322272419,0,,,79.1652631134979,74.33344368125296,,,,,,,79.51042348787595,,,59.90410821575277,52.683567753559345,,,,,60,100,-40,,,,,,,,,,,,-405.412600018534,-452.0582692814532,-405.412600018534,0.25980445177882694
2006-04-03,0.4797107,0.5140025,0.473669,0.5088359,0.45086349929148023,0.42936271890534217,0.31526046755792686,0.22892247153232476,0.010493450684988193,0.04915311657895943,0.03865966589397124,0,,,85.15003019181398,78.91139518953646,,,,,,,82.24686988309207,82.24686988309207,,76.50017185482787,66.42555678135733,,,,,60,100,-40,,,,,,,,,,,,-400.79212728789145,-442.59312941209816,-400.79212728789145,0.28189124149764455
2006-04-10,0.5076694,0.5106692,0.4848358,0.493336,0.44924245648494593,0.4421573751242737,0.3222438217713415,0.2315534519150877,0.010541725870622631,0.05183682323224953,0.0412950973616269,0,,,85.12219042628546,83.14582791053246,,,,,,,76.80756489194059,,,83.30413687667226,80.07692733989728,83.30413687667226,,,,60,100,-40,,,,,,,,,,,,-337.01174050827484,-381.2125604280803,-337.01174050827484,0.2334507539554706
2006-04-17,0.4925025,0.5070025,0.462169,0.4678358,0.4498086453074498,0.447293060099419,0.3279533111136418,0.23390452005523607,0.008015526421229248,0.051314505388163456,0.04329897896693421,0,,,79.80538765610643,83.35920275806863,,,83.35920275806863,,83.35920275806863,,68.70889339820681,,,67.3656329763806,76.95934982362671,,,,,60,100,-40,,,,,,83.35920275806863,,105,,106,,-372.10051496131575,-417.3557312593384,-372.10051496131575,0.1924751570559142
2006-04-24,0.4708357,0.4931691,0.4625023,0.4870024,0.44762009207120335,0.4552349280795352,0.3341905302856558,0.2364229069203581,0.006840385516068699,0.05184946086202008,0.04500907534595138,0,,,74.62044893839438,79.84934234026211,,,,,,,71.18301964236912,,,46.023593947298835,59.087612609294844,,,,,60,100,-40,,,,,,,,,,,,-352.6276940592584,-413.2910528485496,-352.6276940592584,0.20163833987313293
2006-05-01,0.4903358,0.5250026,0.4903358,0.5213359,0.46011167835183164,0.46845512246362814,0.3415295643921007,0.2392578620753794,0.007525990263253762,0.054416563175018584,0.04689057291176482,0,,,74.8506442419577,76.42549361215283,,,,,,,75.01646997394124,75.01646997394124,,34.22884454521683,39.79729512621774,,,,,60,100,-40,,,,,,,,,,,,-414.87720423030225,-488.14722505790417,-414.87720423030225,0.24177922366923443
2006-05-08,0.5200026,0.531336,0.4290023,0.4388355,0.4590562370409865,0.46253119797090253,0.3453454834355477,0.24124370921890798,0.0018687139960720037,0.049226465406854825,0.04735775141078282,0,,,63.63936389169919,71.0368190240171,,,,,,,55.720835212150924,,,27.52281708186111,29.16640085331024,,,,,60,100,-40,,,,,,,,,,,,-297.62680346115644,-379.3931841382852,-297.62680346115644,0.14314521208072495
2006-05-15,0.4379187,0.4490022,0.3966687,0.405502,0.44888568439520177,0.451125358376722,0.3477045625165066,0.2428781200724512,-0.004334135920800383,0.041940081509782345,0.04627421743058273,0,,,42.27400358741653,60.25467057369115,,,,,,,50.082213839560325,,,20.66209842637818,23.965956031846062,,,,,60,100,-40,,,,,,,,,,,,-189.87647555912798,-278.59442338586973,-189.87647555912798,0.11577880999950763
2006-05-22,0.4033353,0.4178356,0.3890019,0.399502,0.4465844855098302,0.4408006867013776,0.3497358345746828,0.24443656663889446,-0.008799538702985762,0.03527479405185052,0.044074332754836285,0,,,23.54806043192671,43.153809303680816,,,,,,,49.11307744420102,,,7.20624568855372,14.412491377107427,,,,,60,100,-40,,,,,,,,,,,,-158.9898436392865,-231.57725549752973,-158.9898436392865,0.06994043720286094
2006-05-30,0.4001685,0.4115021,0.3806686,0.3971687,0.44780477225912807,0.4320742893611021,0.35159594694430313,0.24595628935890546,-0.011687803331935406,0.029464578589917023,0.04115238192185243,0,,,9.028647713111605,24.950237244151626,,,,,,,48.715928142341404,,,2.8930401368183896,5.786080273636769,,,,,60,100,-40,,,,,,,,,,,,-163.71896297759807,-227.65411813434253,-163.71896297759807,0.07134445503365963
2006-06-05,0.395002,0.4023353,0.3426684,0.3558353,0.4486522099549046,0.4168264914888817,0.3517621960837422,0.24704961284787158,-0.01589839711886202,0.021279385523274907,0.037177782642136926,0,,,-6.314329160814376,8.754126328074657,,,,,,,42.17154361179832,,,8.684411214845668e-15,7.894919286223334e-15,,,,,60,100,-40,,,,,,,,,,,,-132.13369698167116,-188.0806421099166,-132.13369698167116,0.03395322007133191
2006-06-12,0.3496684,0.3716685,0.327835,0.3610018,0.44532005924384,0.40566155319110536,0.3521245334922229,0.24818346545635048,-0.017713324271544713,0.015036127302706037,0.03274945157425075,0,,,-18.326258552579056,-5.203980000093941,,,,,,,43.20470366769124,,,0.6781922534955415,0.3390961267477755,,,,,60,100,-40,,,,,,,,,,,,-80.83666116682184,-136.61143445356814,-80.83666116682184,0.03468454354720423
2006-06-19,0.3650017,0.366835,0.3345018,0.3385017,0.4444878335835657,0.3922295825528843,0.351590304727822,0.24908215435728231,-0.019656798038015837,0.008178454026730952,0.02783525206474679,0,,,-26.8861613105514,-17.17558300798161,,,,,,,39.84607724273178,,,0.8477403168694244,0.6781922534955415,,,,,60,100,-40,,,,,,,,,,,,-26.139086409217853,-81.7729918256466,-26.139086409217853,0.02464915223436138
2006-06-26,0.3380017,0.367335,0.3186683,0.3548349,0.445357952613311,0.38475064604230746,0.3517175437581035,0.2501344204830805,-0.019055909922150734,0.004015364662058374,0.023071274584209107,0,,,-32.01088897430136,-25.741102945810606,,,,,,,43.31163799224938,,,3.1622229216074498,2.0897556509253787,,,,,60,100,-40,,,,,,,,,,,,-59.56834342572371,-116.9051751300745,-59.56834342572371,0.05495242312140915
2006-07-03,0.3630018,0.3633352,0.3191681,0.3228349,0.44383256314093167,0.37236749683384596,0.35058489106170726,0.25085780833897026,-0.01993284425437745,-0.0018447807337627076,0.018088063520614744,0,,,-36.85610864321646,-31.917719642689736,,,,,,,38.59259098292096,,,3.020264303452953,2.8231267948596837,,,,,60,100,-40,,,,,,,,,,,,-17.828644621046692,-74.74059783369732,-17.828644621046692,0.027087880829984066
2006-07-10,0.3235848,0.3260016,0.2861681,0.2945015,0.44305893005943653,0.35679429746707675,0.3483855423926207,0.2512920739276372,-0.021410653889919636,-0.008675253841784802,0.012735400048134834,0,,,-44.326501255402334,-37.731166290973384,,,,,,,34.94089555367532,,,3.3869498754201057,3.5564979387939886,,,,,60,100,-40,,,,,,,,,,,,107.23110894641633,51.57587449970215,107.23110894641633,0.014070912161618016
2006-07-17,0.2931681,0.338335,0.2916681,0.2961681,0.4429596421980482,0.3446690579736614,0.3463377995536944,0.25173860155024774,-0.021224282175956063,-0.013794952671810246,0.007429329504145817,0,,,-47.0265461354762,-42.736385344698334,,,,,,,35.33082204561744,,,1.3409634516040003,2.2791826318251114,,1.3409634516040003,,,60,100,-40,,,,,,,,,,,,234.0981800470679,157.65298822702903,234.0981800470679,-0.06471552015394866
2006-07-24,0.3071117,0.3785021,0.3055015,0.3778352,0.3593908463267591,0.3513022863789291,0.34757299172805933,0.25299329407213583,-0.014850784299328354,-0.011134150870014625,0.0037166334293137287,0,,,-39.044818400536876,-43.46595526380514,,,,,,-43.46595526380514,50.940000996184054,,,10.377605926884062,6.093839484299309,,,,,60,100,-40,,,,,,-43.46595526380514,,,,,,178.80760185669192,124.44335400393278,178.80760185669192,0.013751452812598578
2006-07-31,0.373835,0.4166688,0.3475019,0.3998355,0.3199699644462763,0.36100892910314325,0.3496225018563707,0.25445441054903,-0.008707372740946802,-0.007167582496869773,0.0015397902440770282,0,,,-24.47418309111676,-36.84851587570995,,,,,,,54.16842853242557,,,23.41153024452142,15.471794282473637,,,,,60,100,-40,,,,,,,,,,,,135.3880378827479,85.45365327594503,135.3880378827479,0.04484872806709122
2006-08-07,0.3928355,0.4250021,0.372002,0.3900018,0.31053190984297085,0.3668075032825146,0.3512060037443562,0.25580314079232325,-0.005041948260900325,-0.004762645082048378,0.00027930317885194677,0,,,-11.788764349799543,-25.102588613817726,,,,,,,52.49565434016334,,,45.73557541433769,34.37094735117835,,,,,60,100,-40,,,,,,,,,,,,177.13566735861195,126.28026177122777,177.13566735861195,-0.03737241299752423
2006-08-14,0.394752,0.4620023,0.3858351,0.4560023,0.3655060948541872,0.3846464626260117,0.3553156624210481,0.2577951722272255,0.0017292274184115236,0.002440837451866351,0.0007116100334548276,0,,,4.7426646318298395,-10.506760936362157,,,,,,,61.20620689114942,,,65.52518408917399,54.87545946560355,,,,,60,100,-40,,,,,,,,,,,,144.92918238431886,90.59294144918631,144.92918238431886,-0.029024327207041782
2006-08-21,0.4491689,0.4506688,0.4285023,0.4413355,0.361089080936031,0.3959842701008094,0.3586889893849286,0.25962144414536253,0.004940131671524869,0.006886774622860914,0.001946642951336045,0,,,16.32866678564772,3.0941890225593376,,,,,,,58.61860137990997,,,82.28522504867814,74.46139057189943,,,,,60,100,-40,,,,,,,,,,,,136.76024013262452,78.66695209478877,136.76024013262452,-0.08317025211288606
2006-08-28,0.4486689,0.4920025,0.4478356,0.4648357,0.37277342515488593,0.40975455608064754,0.3628516054874804,0.26166337703943854,0.0081756750774639,0.01216623679816592,0.00399056172070202,0,,,27.92551841839221,16.332283278623255,,,,,,,61.44771882695358,,,92.5744689173532,87.85822651822691,,,,,60,100,-40,,,,,,,,,,,,79.16746919942007,18.909324441190805,79.16746919942007,-0.07974873315799642
2006-09-05,0.4663357,0.4768357,0.4390022,0.461669,0.37211115907239406,0.42013744486451804,0.3667267974291478,0.2636534827405386,0.009536596018703256,0.01591130674408109,0.006374710725377834,0,,,33.365794728626774,25.87332664422223,,,,,,,60.840512697218266,,,95.68507830416374,94.69248186256596,,,,,60,100,-40,,,,,,,,,,,,82.95520207225277,23.653083633701613,82.95520207225277,-0.03096310111506206
2006-09-11,0.4513356,0.4950025,0.4461689,0.4926691,0.40116295485293735,0.43464377589161446,0.3716657112554558,0.2659322451013293,0.01180990771672977,0.02113709537129005,0.009327187654560278,0,,,39.30819877518959,33.53317064073619,,,,,,,64.55503687951526,,,98.58603996322819,97.78511649717434,,,,,60,100,-40,,,,,,,,,,,,19.6906198772977,-27.92020429969874,19.6906198772977,-0.015708523299284564
2006-09-18,0.4940025,0.5208359,0.4911691,0.4968358,0.40488957950629895,0.4470821807132916,0.3765743421866144,0.2682297929112663,0.012796555440614091,0.02532288195532789,0.0125263265147138,0,,,45.91727466527044,39.53042272302893,,,,,,,65.03793390085706,,,98.93541531536195,98.48386720144187,,,,,60,100,-40,,,,,,,,,,,,56.1105071723345,2.610741936610168,56.1105071723345,-0.08239987019381866
2006-09-25,0.5042525,0.5183361,0.4805189,0.4931691,0.40721905239870615,0.45629956457063325,0.3811466856302766,0.2704679949718507,0.012395950182210048,0.028021264242476362,0.015625314060266314,0,,,48.21137554376226,44.47894966140743,,,,,,,64.20404604819615,,,99.32194705906073,99.35445524417139,99.32194705906073,,,,60,100,-40,,,,,,,,,,,,21.36314223191004,-36.045756597319,21.36314223191004,-0.038068505972764205
2006-10-02,0.4908358,0.5211693,0.461169,0.5155024,0.4268843915130843,0.4681401316565066,0.3864155371741873,0.2729061482557129,0.012777848401029406,0.03159762456155307,0.018819776160523667,0,,,49.01184781392292,47.71349934098521,,,,,,,66.99623037879368,,,99.3056929665054,99.32194705906073,,,,,60,100,-40,,,,,,,,,,,,-20.702883628437228,-77.67380085235189,-20.702883628437228,0.0586825051283263
2006-10-09,0.5142526,0.566003,0.5128359,0.5628361,0.4719764778335782,0.48707932532520526,0.39333399061833685,0.2757910233974471,0.01519652872538168,0.03781543706725077,0.02261890834186909,0,,,55.50037172435778,50.90786502734765,,,,,,,72.00929832271842,72.00929832271842,,99.28943887395008,99.28943887395008,,,,,60,100,-40,,,,,,,,,,,,-139.6659956959941,-184.4603825155606,-139.6659956959941,0.11385889016111266
2006-10-16,0.5646695,0.573836,0.5198359,0.5298358,0.4708711508454655,0.4956306202601642,0.3986870027509511,0.2783188321198606,0.013603669227138043,0.03962349487579164,0.0260198256486536,0,,,57.17718109884689,53.89646687904253,,,,,,,64.59839248715548,,,96.29991874340908,97.79467880867959,,,,,60,100,-40,,,,,,,,,,,,-161.54490556944972,-196.37667660364048,-161.54490556944972,0.08304949463406994
2006-10-23,0.5341693,0.5765029,0.5250026,0.5396694,0.46972577578507513,0.5044383762081314,0.4042157242116981,0.28091933528284707,0.01228250852779722,0.041372961308400125,0.029090452780602905,0,,,57.74345900262054,56.80700394194173,,,,,,,65.73672298204932,,,89.9032027010283,93.47525073853633,,,,,60,100,-40,,,,,,,,,,,,-192.17310455682247,-226.1263717666149,-192.17310455682247,0.09838252464154514
2006-10-30,0.5433362,0.5811696,0.525336,0.5433362,0.4690193275147126,0.5122179409665051,0.40967142914457266,0.2835304483646098,0.010779355708240602,0.042564647415903656,0.03178529170766305,0,,,57.216586481074245,57.37907552751389,,,,,,,66.17606856363892,,,82.07843925733488,86.32329796408216,,,,,60,100,-40,,,,,,57.37907552751389,,105,,,,-151.77799463740018,-197.73975871813946,-151.77799463740018,0.04921473620171921
2006-11-06,0.5448361,0.6033364,0.5380027,0.5740029,0.4789110969779474,0.5245749327732041,0.4161158005506678,0.2864207215152107,0.010939433717361377,0.04545958385436477,0.034520150137003394,0,,,58.95371991999915,57.97125513456465,,,,,,,69.69661761680362,,,80.82436894873075,81.45336827789235,,80.82436894873075,,,60,100,-40,,,,,,57.97125513456465,,,,,,-149.6365410669638,-211.78707531484136,-149.6365410669638,0.08153063299186962
2006-11-13,0.5750862,0.6125031,0.5750029,0.6053365,0.5077035829080941,0.5407272462185633,0.42353622013691616,0.28959401284341757,0.012151227851745126,0.049709184951684804,0.03755795709993968,0,,,62.25744761383135,59.47591800496826,,,,,,,72.82720598822738,,,85.45107411781774,82.23277460144807,,,,,60,100,-40,,,,,,,,,,,,-173.33898814569764,-227.8257888939611,-173.33898814569764,0.08675501864282331
2006-11-20,0.5978363,0.6176698,0.5933365,0.6163364,0.5201772341289445,0.5558490769748506,0.4310970115040959,0.29284518087482636,0.012633348690413299,0.0533496429629563,0.040716294272543,0,,,64.17016894516648,61.79377882633233,,,,,,,73.85444903013234,73.85444903013234,,92.92208904037284,88.67723033362556,92.92208904037284,,,,60,100,-40,,,,,,,,,,,,-149.0955357555708,-206.40291818596822,-149.0955357555708,0.1283859705459313
2006-11-27,0.6126696,0.6215029,0.5773362,0.5923361,0.5235695602625913,0.5631464815798806,0.43742011301373923,0.29582519002035046,0.010370425918137617,0.05367932667021502,0.043308900752077405,0,,,61.96455387622676,62.797390145074864,,,62.797390145074864,,62.797390145074864,,67.79636413669067,,,88.81860218493733,90.86838143779555,,,,,60,100,-40,,,,,,62.797390145074864,,105,,106,,-131.98725652728524,-187.96602397033766,-131.98725652728524,0.13639810256928833
2006-12-04,0.600003,0.6240031,0.5816694,0.592503,0.5238862345295491,0.5690177852639045,0.44350179485633767,0.2987772080300982,0.00802424708850509,0.05333920961270877,0.04531496252420368,0,,,59.48349011929298,61.87273764689541,,,,,,,67.81625240995064,,,79.71264172853233,85.84026353406597,,,,,60,100,-40,,,,,,,,,,,,-141.62593715868795,-196.51765597573078,-141.62593715868795,0.16371630906557294
2006-12-11,0.5926696,0.6250031,0.5885029,0.6250031,0.533108846348867,0.5802148482111236,0.4506194930972656,0.30202323680591814,0.007794015951681443,0.055057482463805485,0.04726346651212404,0,,,58.85199262438965,60.10001220663647,,,,,,,71.52589992106061,71.52589992106061,,71.90560847431473,76.04126495092682,,,,,60,100,-40,,,,,,,,,,,,-178.60303949347198,-245.33262761650695,-178.60303949347198,0.15701532906288992
2006-12-18,0.6255865,0.6493367,0.6141699,0.6171698,0.534458407323948,0.5876058385688988,0.45715087768168655,0.3051590235043667,0.0063103414318781414,0.05515139330197172,0.04884105187009358,0,,,59.50202174261644,59.279168162099694,,,,,,,69.43610555137766,,,69.54761436079224,70.11255016057146,,,,,60,100,-40,,,,,,59.279168162099694,,,,,,-147.0388504946589,-204.36305895896024,-147.0388504946589,0.09845754732687191
2006-12-26,0.6205031,0.6336698,0.6145031,0.6168363,0.5359020568008088,0.593451930855119,0.4634130511059341,0.30826028993715904,0.0045830467233665545,0.054569860274301774,0.04998681355093522,0,,,57.56954602391726,58.64118679697446,,,,,,,69.34266101519367,,,69.37075021251414,68.87353274593599,,,,,60,100,-40,,,,,,58.64118679697446,,105,,,,-164.84996858653912,-226.29704823914926,-164.84996858653912,0.1137834433038684
2007-01-03,0.6178366,0.6253365,0.5570028,0.5610028,0.5395283170293225,0.5869621046840953,0.467240100082172,0.31077514078355545,-0.0007587227892986853,0.049038410064311866,0.04979713285361055,0,,,45.33938735219767,54.136985039577134,,,,,,,55.73816781484516,,,51.37490922072088,60.400116170386774,,,,,60,100,-40,,,,,,,,,,,,-124.87724702535016,-184.24303946839484,-124.87724702535016,0.002766391716156101
2007-01-08,0.5630028,0.5895029,0.5400025,0.5871696,0.5358717015272281,0.5870036037472762,0.4719432177260084,0.31352533440759967,-0.002851153839426343,0.04623319055432762,0.04908434439375396,0,,,32.875903647052326,45.26161234105576,,,,,,,59.747672539584016,,,37.937324934696676,47.023079954885155,,,,,60,100,-40,,,,,,,,,,,,-167.6268384752865,-230.74430501959574,-167.6268384752865,0.06154823981230594
2007-01-16,0.5916696,0.592003,0.5188359,0.5313277,0.5351667442752832,0.5758684229978209,0.4742720209524394,0.315692522124937,-0.008024379088550748,0.03905387053306553,0.047078249621616275,0,,,16.737092724121805,31.650794574457276,,,,,,,49.40162923054571,,,17.07804567904456,26.339340885913074,,,,,60,100,-40,,,,,,,,,,,,-129.87650420705256,-194.24534047057833,-129.87650420705256,0.03076492047026299
2007-01-22,0.5363358,0.5551694,0.5150024,0.5245026,0.5311311839699058,0.5655952583982568,0.47624184758175553,0.3177702343425993,-0.011710970593870454,0.03243953637927821,0.044150506973148665,0,,,1.6890416842786458,17.1006793518176,,,,,,,48.29434150072789,,,11.322553712564739,14.828356952953435,,,,,60,100,-40,,,,,,,,,,,,-121.71713980577027,-188.01891493047322,-121.71713980577027,-0.007651136113643742
2007-01-29,0.5220859,0.533336,0.4985192,0.5308362,0.5320981779720554,0.5586434467186054,0.4783828025785494,0.31989029370237443,-0.013406062487195725,0.02739292886415401,0.040798991351349734,0,,,-10.715790403613614,2.570114668262286,,,,,,,49.43376084695188,,,3.679183289125278,5.7479668806506625,,3.679183289125278,,,60,100,-40,,,,,,,,,,,,-165.95038711381207,-242.01547585220536,-165.95038711381207,0.0036138879424031756
2007-02-05,0.533336,0.5818362,0.5325027,0.5441692,0.5337604152597657,0.5557485973748844,0.48096266130095927,0.3221219246108085,-0.013286821003125796,0.024190465097442493,0.03747728610056829,0,,,-11.279165255616295,-6.768637991650414,,,,,,,51.853399413089114,,,5.961514308153687,5.33754469652083,,,,,60,100,-40,,,,,,,,,,,,-189.41395309311898,-261.64902569725893,-189.41395309311898,0.0034016435549799866
2007-02-12,0.5481694,0.5750029,0.5423359,0.5453361,0.5329920355983538,0.5536660978999075,0.48348710987739224,0.32434296118184525,-0.012782770070273806,0.02149882351272603,0.034281593582999835,0,,,-11.189816586557239,-11.06159074859571,,,,,,,52.07084843170283,,,9.272023015472703,6.684982412082963,,,,,60,100,-40,,,,,,,,,,,,-220.42959798527914,-284.98556647957554,-220.42959798527914,-0.03526465962091025
2007-02-20,0.5461694,0.5593361,0.5365027,0.5441692,0.5348975401984715,0.551766718319926,0.48586679968612195,0.3265302869412299,-0.012183754357866734,0.01905190063566642,0.031235654993533153,0,,,-14.034261092888062,-12.167747645020526,,,,,,,51.81731871803319,,,13.174121827227353,11.198197798275926,13.174121827227353,,,,60,100,-40,,,,,,,,,,,,-265.8060347152284,-332.2609180287436,-265.8060347152284,-0.10538165774355937
2007-02-26,0.5456696,0.5498362,0.4951693,0.4961691,0.5380717373271521,0.5406471946559408,0.4862708114631368,0.3282182353298744,-0.014517634127282669,0.013088612334429817,0.027606246461712485,0,,,-26.914363579393736,-17.379480419613007,,,,,,,42.57887175526981,,,11.28482600183496,12.394690369677788,,,,,60,100,-40,,,,,,,,,,,,-172.93221022155046,-244.5771147507902,-172.93221022155046,-0.2026155458862375
2007-03-05,0.4875024,0.5266695,0.4776691,0.5085024,0.5286382632323554,0.5342182357247527,0.4871426384645824,0.33001210761514926,-0.014684024868043353,0.009251215376658295,0.023935240244701648,0,,,-36.781587557652955,-25.91007074331158,,,,,,,45.29380885051452,,,9.704466445473733,11.183485095279595,,,,,60,100,-40,,,,,,,,,,,,-124.21726290854131,-179.19945752337384,-124.21726290854131,-0.15801214414123607
2007-03-12,0.5026692,0.5128359,0.4673355,0.4725025,0.5276283872871872,0.5218750885798021,0.4865685153875399,0.3314299224647498,-0.016534197045189748,0.0032674939382144608,0.01980169098340421,0,,,-46.603611765117805,-36.76652096738816,,,,,,,39.40268713933367,,,5.282778812111105,7.241491763470556,,5.282778812111105,,,60,100,-40,,,,,,,,,,,,-78.90503328880652,-112.07228342821494,-78.90503328880652,-0.17974017530653721
2007-03-19,0.4750024,0.5156692,0.4706692,0.5048357,0.4978336239095309,0.5184672108638417,0.4872848755684207,0.33315535308699107,-0.014944198140596027,0.0011214433076591757,0.016065641448255202,0,,,-48.43699055071361,-43.94072995782812,,,,,,,46.209923283856334,,,9.443525990889206,7.609141409549487,,,,,60,100,-40,,,,,,,,,,,,-121.83139087265988,-150.78641371399408,-121.83139087265988,-0.12629385959168876
2007-03-26,0.5051692,0.5100027,0.4705024,0.4796691,0.4977861936302787,0.5107075886910734,0.48698621770299244,0.33461320131498123,-0.014916759074604102,-0.0025803073949999256,0.012336451679604177,0,,,-51.22028146171454,-48.75362792584864,,,,,,,42.211521597050954,,,9.74605442384886,8.523521320169577,,,,,60,100,-40,,,,,,,,,,,,-108.77113798672173,-130.64342940235875,-108.77113798672173,-0.16056698834942057
2007-04-02,0.4785026,0.5155024,0.4713357,0.5150024,0.4566943226566874,0.5115665509528586,0.4880848915185614,0.33640811871483217,-0.011975180054330004,-0.0026325233883083277,0.009342656666021677,0,,,-48.01722495079141,-49.22483232107319,,,,,,-49.22483232107319,48.93229531529542,,,20.93930559730655,16.031277323592544,,,,,60,100,-40,,,,,,-49.22483232107319,,,,,,-138.99456744368138,-161.4355331473845,-138.99456744368138,-0.148370399908862
2007-04-09,0.5150024,0.5208359,0.4856691,0.5096692,0.45671634960978114,0.5111870807622869,0.48893133498842173,0.33813210957339107,-0.009929224167923448,-0.003068873543882633,0.006860350624040815,0,,,-43.1843543954279,-47.47395360264462,,,,,,,48.01911211055727,,,26.998269867515717,22.703115283395036,,,,,60,100,-40,,,,,,,,,,,,-179.177373363012,-206.62907257513274,-179.177373363012,-0.14161423013526384
2007-04-16,0.5083359,0.533336,0.5005025,0.5315027,0.4580225032090825,0.5152502046098295,0.4906008002829934,0.34005619505027274,-0.006795533861079258,-0.0016340667023082567,0.005161467158771001,0,,,-31.53440515972339,-40.911994835314225,,,,,,,51.992568023897626,,,48.480234099884726,38.5253066306066,,,,,60,100,-40,,,,,,,,,,,,-203.87239638791894,-230.8783321069268,-203.87239638791894,-0.07603865965626427
2007-04-23,0.5290028,0.5630028,0.5213359,0.5511696,0.46540218869414807,0.5224340836878636,0.49297604733071915,0.3421568259452949,-0.0032671248706475763,0.0010775610704615302,0.0043446859411091065,0,,,-13.332834213326784,-29.350531256159353,,,,,,,55.32501877077653,,,66.21459670946905,55.53944485993434,,,,,60,100,-40,,,,,,,,,,,,-224.98650613557,-240.71863536021286,-224.98650613557,-0.03313459967950472
2007-04-30,0.5586695,0.5656695,0.5446692,0.5618363,0.47624271807313745,0.5303145269502909,0.49567644939618116,0.34434269135877454,-0.00024320418545290424,0.004040680709292976,0.004283884894745881,0,,,2.925698961376831,-13.980513470557774,,,,,,,57.07572977621495,,,87.10291608819043,77.38268557613686,,,,,60,100,-40,,,,,,,,,,,,-246.80714138364817,-272.4061562038105,-246.80714138364817,-0.05423103424139466
2007-05-07,0.5700029,0.5913363,0.5366694,0.5856696,0.5031898024964848,0.5413855415602328,0.4992055925571152,0.34674395413132403,0.0031468100484273367,0.008217397455280051,0.005070587406852714,0,,,17.19885213931742,2.263905629122496,,,,,,,60.7946090279474,60.7946090279474,,95.61881585987462,91.23763171974925,,,,,60,100,-40,,,,,,,,,,,,-227.38766113207578,-249.2414005303904,-227.38766113207578,0.024330327343626515
2007-05-14,0.5833363,0.5888363,0.5641697,0.5836696,0.5012716594610216,0.5498423532481862,0.5025179065744833,0.3491014232444452,0.0049327814070047864,0.011236564165608698,0.006303782758603911,0,,,27.82504159823008,15.983197566308116,,,,,,,60.319520047988576,,,99.01726612685994,98.71441971349095,99.01726612685994,,,,60,100,-40,,,,,,,,,,,,-192.4080863807893,-218.47023679759212,-192.4080863807893,0.060852990668960494
2007-05-21,0.5820029,0.600003,0.5500028,0.5610028,0.5037762837852343,0.552074442598549,0.5048114318068565,0.35120989465494823,0.0042895964958099535,0.011665778378366354,0.0073761818825564,0,,,31.899147183568953,25.641013640372154,,,,,,,55.03871099416039,,,93.77621849875662,96.71813738443554,,,,,60,100,-40,,,,,,,,,,,,-148.3338888570094,-176.93019374348444,-148.3338888570094,0.0834133110424107
2007-05-29,0.5586695,0.592503,0.5533361,0.5813362,0.5024829206577176,0.5579267940788392,0.5078124031085484,0.35349970863848107,0.0048919757607388085,0.01349115158347991,0.008599175822741102,0,,,35.7235876166732,31.815925466157413,,,,,,,58.5640567252482,,,90.10667547184593,92.59194077424962,,,,,60,100,-40,,,,,,,,,,,,-233.18227270118953,-268.39743124466906,-233.18227270118953,0.040726272652631665
2007-06-04,0.5760029,0.6160032,0.5736695,0.6091697,0.5263296548964521,0.5681753752630714,0.5117871990650759,0.3560436886520285,0.0067109618623171306,0.016987878150637514,0.010276916288320384,0,,,43.93338926084036,37.18537468702751,,,,,,,62.880134646296675,,,88.61015004989554,88.91900247057777,,88.61015004989554,,,60,100,-40,,,,,,,,,,,,-168.967314028246,-192.32517101836555,-168.967314028246,0.11526335875140639
2007-06-11,0.6091697,0.6641702,0.6038364,0.65917,0.5761994295467056,0.5863743002104571,0.5175669167487984,0.35905987085449587,0.010596477053080651,0.023522512604671197,0.012926035551590546,0,,,56.126742939603425,45.261239939039,,,,,,,69.13652412519453,,,93.84519167068562,90.9032727850067,,,,,60,100,-40,,,,,,,,,,,,-220.06416602311037,-238.2660490150264,-220.06416602311037,0.18559705756791003
2007-06-18,0.6658367,0.7311703,0.6508366,0.7270036,0.6413403845790836,0.6145001601683657,0.5257801200135515,0.36272100248778444,0.0166874955443233,0.03378540498199467,0.017097909437671373,0,,,69.0573175342349,56.3724832448929,,,,,,,75.26399558231232,75.26399558231232,,97.51473469759631,95.02946939519262,97.51473469759631,,,,60,100,-40,,,,,,,,,,,,-188.23431765527215,-205.85404010320346,-188.23431765527215,0.19427114084913266
2007-06-25,0.70667,0.7240036,0.67167,0.6885034,0.6359829428234348,0.6293008081346926,0.5321614251110592,0.36596261838342836,0.017017570643631824,0.03836987274221115,0.02135230209857933,0,,,72.69632200245466,65.96012749209767,,,,,,,67.07589508755787,,,94.71980827945004,96.55668177881616,,,,,60,100,-40,,,,,,,,,,,,-214.9189871724954,-226.60785099353006,-214.9189871724954,0.2074230677176237
2007-07-02,0.6983367,0.732337,0.6961701,0.7295036,0.6370796183360466,0.6493413665077541,0.5399003339302334,0.36957994158359325,0.01875423826553957,0.04479509993050379,0.02604086166496422,0,,,75.43438713127233,72.39600888932063,,,,,,,70.74741013218369,,,91.0985432721229,93.77000533108243,,,,,60,100,-40,,,,,,,,,,,,-253.11553495931446,-265.406423540161,-253.11553495931446,0.291301382279661
2007-07-09,0.7321702,0.7761707,0.7320037,0.7645038,0.6724195884549004,0.6723738532062032,0.5487083129917929,0.37350953221460226,0.02085584115843382,0.052110663113006495,0.03125482195457267,0,,,78.61544770970369,75.58205228114356,,,,,,,73.48215159843083,73.48215159843083,,88.33114320601908,89.49307560132137,,,,,60,100,-40,,,,,,,,,,,,-297.09452860307545,-313.514346532859,-297.09452860307545,0.3220457820512506
2007-07-16,0.7651705,0.7971707,0.7458371,0.7516706,0.6723303035652647,0.6882332025649626,0.5566676183646637,0.3772723289089843,0.019975858391672895,0.05622464494416379,0.0362487865524909,0,,,78.69049972206494,77.58011152101365,,,77.58011152101365,,77.58011152101365,,70.851124951429,,,88.94277773966127,88.37046187580067,,,,,60,100,-40,,,,,,,,,,,,-151.2591597661526,-184.6935562541574,-151.2591597661526,0.3486131889766373
2007-07-23,0.7490037,0.7746705,0.7180036,0.7375037,0.6715807533106029,0.69808730205197,0.5637592294091867,0.38085672066113374,0.017142563006880412,0.057676990311091414,0.040534427304211,0,,,74.16776248821444,77.15790330666103,,,,,,,67.94186313747386,,,85.5043033599425,86.92322778353092,,,,,60,100,-40,,,,,,77.15790330666103,,105,,,,25.333414736784263,-30.203818753401492,25.333414736784263,0.32555850727990415
2007-07-30,0.7401704,0.7988372,0.7086702,0.7090034,0.6701228423598455,0.700270521641576,0.5694550792362774,0.38412186174908264,0.012279699669688317,0.055884051891321396,0.04360435222163308,0,,,68.79660835748487,73.88495685592142,,,,,,,62.361183238306594,,,73.38545785726677,80.09284706360238,,,,,60,100,-40,,,,,,,,,,,,225.27279387555075,144.378693747217,225.27279387555075,0.31710644800082705
2007-08-06,0.7150034,0.7900038,0.6898368,0.7331705,0.6639833393341422,0.7068505173132608,0.5758752918152469,0.38759498252769875,0.009732784298708969,0.05577033259501929,0.04603754829631032,0,,,63.44807147734763,68.80414744101564,,,,,,,65.0019538254032,,,63.126906665523464,69.25431522958304,,,,,60,100,-40,,,,,,,,,,,,297.95046771635975,209.03711306590475,297.95046771635975,0.2729658510148657
2007-08-13,0.7390037,0.7650037,0.6750034,0.7513371,0.656853800810275,0.7157478338506086,0.5827561470381784,0.3912143070796619,0.00836585288201415,0.056494864398828004,0.048129011516813855,0,,,57.213641492583996,63.15277377580551,,,,,,,66.89350929235246,,,57.56564891595461,59.70221614607607,,57.56564891595461,,,60,100,-40,,,,,,,,,,,,281.9594735861125,185.5758197811948,281.9594735861125,0.3359796391904352
2007-08-20,0.7518371,0.8201709,0.7391705,0.8041707,0.6913528007523982,0.7334324070804868,0.59143907068374,0.39532332591469016,0.01000346883199775,0.060633347556811046,0.050629878724813296,0,,,61.13550180733921,60.59907159242362,,,,,,,71.71072178685229,,,65.56362355992411,60.88895672678632,,,,,60,100,-40,,,,,,60.59907159242362,,,,,,247.05775111591024,169.10748891188666,247.05775111591024,0.3215743627814735
2007-08-27,0.8041707,0.8558378,0.7703372,0.8526709,0.7363399364129412,0.7572801056643895,0.6016834561471228,0.39987404804489224,0.013139082936180727,0.0670537323950392,0.053914649458858474,0,,,66.70833008912288,61.685824463015365,,,,,,,75.28680045464009,75.28680045464009,,77.4032575929093,70.11847181617843,,,,,60,100,-40,,,,,,,,,,,,203.0472509130175,133.81521820063455,203.0472509130175,0.3479894262838797
2007-09-04,0.8565043,0.9000045,0.8278375,0.8441707,0.7324349195263026,0.7746582245315117,0.6111927598276278,0.40429491025340075,0.013381660197224053,0.07064172470538854,0.05726006450816449,0,,,71.34804274096712,66.39729154580974,,,,,,,73.52218005959121,,,87.39889618742512,82.43103153438808,87.39889618742512,,,,60,100,-40,,,,,,,,,,,,214.3113871106507,141.30336034597372,214.3113871106507,0.2800519883219121
2007-09-10,0.8625043,0.878,0.8037498,0.80625,0.7307136324172809,0.7809765796252094,0.6188420633637992,0.4082944633852077,0.009890174622792333,0.0696227827866549,0.05973260816386257,0,,,68.79672371684116,68.95103218231039,,,,,,,66.04122754159651,,,78.77426587906726,83.65083399205922,,,,,60,100,-40,,,,,,68.95103218231039,,105,,,,218.98204399962333,150.15729482852393,218.98204399962333,0.22077396125150567
2007-09-17,0.8075,0.9,0.79575,0.8622503,0.7383970943874751,0.7972313237001675,0.6283874844083561,0.41281143688386235,0.010212557341998295,0.07249830484136044,0.062285747499362144,0,,,68.34119258595308,69.49531968125378,,,,,,,70.79531495946586,,,70.14866985206405,76.64044957766639,,,,,60,100,-40,,,,,,,,,,,,124.62167236332817,53.765059405155995,124.62167236332817,0.2042878341989841
2007-09-24,0.8675,0.93,0.86125,0.9060003,0.7761008947883697,0.8189851189601339,0.6392742614903814,0.4177187887556647,0.012103436974860382,0.07741504371793761,0.06531160674307723,0,,,71.42355859846347,69.52049163375257,,,,,,,73.88907896075327,,,66.29131842706586,67.53430618666718,,66.29131842706586,,,60,100,-40,,,,,,69.52049163375257,,,,,,81.96318647908666,14.898684967854905,81.96318647908666,0.16595898967986597
2007-10-01,0.91375,0.94875,0.86875,0.9232475,0.792805195160629,0.8398375951681072,0.6504104669221311,0.4227489251859566,0.013159364089716158,0.08176081185522244,0.06860144776550628,0,,,72.62984404814587,70.79819841085414,,,,,,,75.01924651962116,75.01924651962116,,79.6997806139825,72.02619550547281,,,,,60,100,-40,,,,,,,,,,,,-36.575574698929074,-107.81016684448232,-36.575574698929074,0.15075714417103928
2007-10-08,0.92975,0.9425,0.87175,0.90325,0.7906939312205841,0.8525200761344858,0.6603257427291064,0.42753003040798687,0.011229743101590445,0.08263862664249433,0.07140888354090388,0,,,70.49364933002053,71.51568399220996,,,71.51568399220996,,71.51568399220996,,71.15094321035508,,,84.50574614716228,80.35829717107032,,,,,60,100,-40,,,,,,71.51568399220996,,105,,106,,-40.834561117305554,-111.84468196366737,-40.834561117305554,0.17241935883130838
2007-10-15,0.90625,0.99175,0.902,0.93475,0.8015574004191137,0.8689660609075887,0.6710874783083571,0.4325769952795492,0.010790847609317505,0.08489744305255076,0.07410659544323325,0,,,71.28536817866785,71.46962051894474,,,,,,,73.48413567026229,,,87.89673269822956,87.95500656055138,87.89673269822956,,,,60,100,-40,,,,,,,,,,,,56.58990454038637,-9.691103424818763,56.58990454038637,0.1464107684279929
2007-10-22,0.9287498,0.99175,0.83975,0.8599998,0.7982497289606056,0.8671728087260709,0.6784958046492059,0.43682995851059847,0.004504083536013087,0.0797366998632496,0.07523261632723652,0,,,64.42388403702608,68.73430051523815,,,,,,,60.83559028394359,,,65.75202599490993,76.99892648724546,,,,,60,100,-40,,,,,,,,,,,,37.209921896679816,-19.74726643848811,37.209921896679816,0.06980222358729317
2007-10-29,0.8305,0.925,0.814,0.9185003,0.7862854626062766,0.8774383069808568,0.6879077456433547,0.4416226982269109,0.0033750339478740843,0.07945140876207912,0.07607637481420504,0,,,56.491253453233625,64.06683522297584,,,,,,,65.82315242717021,,,51.85973290733547,61.515762538288264,,,,,60,100,-40,,,,,,,,,,,,166.80811791546532,90.20678200487332,166.80811791546532,0.06855813392398222
2007-11-05,0.9107498,0.955,0.8162498,0.834,0.7810329295629712,0.8687506455846854,0.6936368536573407,0.44552694998584713,-0.003595742842544422,0.07158169626102451,0.07517743910356893,0,,,46.05902927506965,55.6580555884431,,,,,,,54.88568857345887,,,24.165426708686255,36.25992054908239,,,,,60,100,-40,,,,,,,,,,,,319.2066419308352,228.35100345853263,319.2066419308352,-0.04636090566061334
2007-11-12,0.8337502,0.84575,0.75075,0.81125,0.772191263165616,0.8572505164677483,0.6982491339060725,0.449165985309371,-0.009913626120950828,0.0627854064523804,0.07269903257333123,0,,,25.10937820848096,42.553220312261395,,,,,,,52.34864094422133,,,17.093061269638877,22.115189670987633,,,,,60,100,-40,,,,,,,,,,,,403.89634339795606,296.8326391933449,403.89634339795606,-0.008629162614849972
2007-11-19,0.7997503,0.8037525,0.72775,0.7555,0.7702311729395006,0.8369004131741986,0.7004942659097559,0.452214084958034,-0.017574482260149182,0.05073092974814475,0.06830541200829393,0,,,5.137008964358813,25.435138815969793,,,,,,,46.62685972885444,,,4.023644289430053,8.047288578860087,,4.023644289430053,,,60,100,-40,,,,,,,,,,,,432.2788264165095,328.31761388546397,432.2788264165095,-0.0410483427725699
2007-11-26,0.755,0.855,0.7365003,0.7884998,0.7700539463009649,0.8272202905393589,0.7039454633250596,0.4555602114758645,-0.01997163233269457,0.04334087159242572,0.06331250392512029,0,,,-3.8489930083175388,8.799131388174064,,,,,,,50.12274312967832,,,4.956872009568418,5.496169221856744,,,,,60,100,-40,,,,,,,,,,,,384.5917670680533,288.62350226992504,384.5917670680533,-0.0682918037171079
2007-12-03,0.8,0.8622503,0.7837503,0.847,0.7648894215651818,0.8311762324314871,0.7095554451554494,0.45945513474476135,-0.017271035505340628,0.04172370954344451,0.05899474504878514,0,,,-3.342939759450376,-0.6849746011363802,,,,,,,55.69572883528477,,,11.094157712195575,6.651472555417815,,,,,60,100,-40,,,,,,,,,,,,342.84780941931626,235.23741094812044,342.84780941931626,-0.005724531880000677
2007-12-10,0.8497503,0.90225,0.837,0.8767503,0.7658080343105259,0.8402910459451897,0.7161121061297455,0.46360732544381844,-0.013312226698616966,0.04235446167551393,0.0556666883741309,0,,,6.180511407331785,-0.3371404534787228,,,,,,,58.26484367804205,,,23.075884913994102,16.52654687356041,,,,,60,100,-40,,,,,,-0.3371404534787228,,,,,,398.69366225216794,296.1033362302804,398.69366225216794,0.018939363031402114
2007-12-17,0.8675,0.8974998,0.83,0.879,0.7685538890026311,0.8480328367561517,0.722499866673677,0.46774058588716355,-0.010497005086262133,0.04254543201630323,0.053042437102565364,0,,,12.248984167592962,5.028851938491444,,,,,,,58.46216641417453,,,33.874044557443,28.227538734571784,,,,,60,100,-40,,,,,,,,,,,,348.0220872972282,245.90272964295673,348.0220872972282,0.09298163275934726
2007-12-24,0.8855,0.9099998,0.8622503,0.8697498,0.770782211216729,0.8523762294049214,0.7282743738629446,0.47174067756987836,-0.00925611229544427,0.04147229673326003,0.0507284090287043,0,,,19.11697603377796,12.515490536234223,,,,,,,57.256333214959284,,,39.054282802259465,36.81358473481524,39.054282802259465,,,,60,100,-40,,,,,,,,,,,,374.74534415227765,253.01132425332824,374.74534415227765,0.09912903855991405
2007-12-31,0.8627498,0.8785,0.745,0.75,0.7756728389869625,0.8319009835239372,0.7291263592016526,0.474509427046795,-0.016097757733266833,0.030606211862120758,0.04670396959538759,0,,,2.334140645812351,11.233366949061079,,,,,,,44.41000682453724,,,31.60698906450247,36.00737734475571,,,,,60,100,-40,,,,,,11.233366949061079,,,,,,612.0643724882271,483.372901661814,612.0643724882271,0.005746029470391336
2008-01-07,0.755,0.76125,0.6587503,0.67625,0.7517143647736082,0.8007707868191497,0.7270527764878623,0.4765167959319015,-0.02467444137068596,0.015860917882030146,0.040535359252716105,0,,,-20.482863195320558,0.3227511614232377,,,,,,,38.62767137702836,,,20.012729316380643,27.131760071678553,,,,,60,100,-40,,,,,,,,,,,,692.5981229449131,556.396010450575,692.5981229449131,-0.08398938221029165
2008-01-14,0.68625,0.72225,0.563,0.621,0.7489848315754932,0.7648166294553198,0.7228938440765735,0.4779544397534746,-0.03265214458612834,-0.00027982147994431994,0.03237232310618402,0,,,-38.14511688586127,-18.764613145123175,,,,,,,34.93596193489448,,,6.683383224222009,13.366766448443999,,,,,60,100,-40,,,,,,,,,,,,935.7621005912926,783.4149176413796,935.7621005912926,-0.16055477307136826
2008-01-22,0.56175,0.6865003,0.55825,0.62375,0.6988427793201009,0.7366033035642559,0.7190058501912177,0.47940514184547983,-0.0360603687483857,-0.012703137829298106,0.023357230919087597,0,,,-47.996550122325225,-35.541510067835695,,,,,,,35.26954207093084,,,2.4276294561045977,4.437239368322988,,2.4276294561045977,,,60,100,-40,,,,,,,,,,,,818.3508095746938,682.794023524765,818.3508095746938,-0.13205846337382335
2008-01-28,0.6215,0.675,0.59575,0.6715028,0.6933896807972365,0.7235832028514046,0.7171429854778366,0.48131656132960443,-0.033471704787324266,-0.01848240006506774,0.014989304722256529,0,,,-50.713014818085256,-45.618227275423926,,,,,,,40.96342551081084,,,5.1254030236036145,2.667206397773364,,,,,60,100,-40,,,,,,,,,,,,708.650662379295,582.286019247535,708.650662379295,-0.0378047563453132
2008-02-04,0.686,0.68975,0.5775003,0.6247503,0.6953261321688625,0.7038166222811237,0.7135197429100784,0.4827437627094094,-0.03321482825054632,-0.026529230590926378,0.006685597659619947,0,,,-52.79871057595298,-50.502758505454494,,,,,,,37.46779050502419,,,8.91245549946955,6.456632548064793,,,,,60,100,-40,,,,,,,,,,,,644.3505419466959,538.2340157479831,644.3505419466959,-0.05955118494378043
2008-02-11,0.63,0.6775003,0.54775,0.55675,0.6924100227282295,0.6744032978248989,0.7073719098547812,0.4834801431799625,-0.03571321843461916,-0.037955925383654,-0.0022427069490348426,0,,,-56.06095580135692,-53.190893731798404,,,,,,,33.02693916138814,,,10.458818954710107,9.967379002432097,10.458818954710107,,,,60,100,-40,,,,,,,,,,,,619.9231706836604,511.282376521077,619.9231706836604,-0.14596010932241024
2008-02-19,0.5669998,0.568,0.529,0.5580003,0.6872021211047845,0.6511226982599192,0.7015141996643975,0.4842216372776743,-0.03530677752026622,-0.04637617884936762,-0.011069401329101398,0,,,-60.04186108080751,-56.300509152705814,,,,,,,33.18468201772872,,,6.405670004961026,8.782469341946118,,,,,60,100,-40,,,,,,,,,,,,639.0280487411767,529.2310353354267,639.0280487411767,-0.13230303769012516
2008-02-25,0.5575,0.57575,0.5325,0.53475,0.6953305410258713,0.6278481586079353,0.6949744271285389,0.4847244070560059,-0.034584050820027815,-0.05429946485413617,-0.019715414034108356,0,,,-61.226705195393706,-59.10984069251939,,,,,,,31.68143340534465,,,2.65931617351767,5.074440480499848,,,,,60,100,-40,,,,,,,,,,,,655.5684035155082,549.3708470926218,655.5684035155082,-0.1718628087141551
2008-03-03,0.534,0.54175,0.475,0.48875,0.7022712166668805,0.6000285268863482,0.6868871946921256,0.4847644627071899,-0.03507397750364573,-0.06355788591366551,-0.028483908410019788,0,,,-63.90879038160927,-61.725785552603504,,,,,,,28.877638727972723,,,0.874971666775566,1.5057514670156393,,,,,60,100,-40,,,,,,,,,,,,814.5559665126884,694.9397839848723,814.5559665126884,-0.1951645343536585
2008-03-10,0.48275,0.4995,0.453,0.4580003,0.6961087869049606,0.5716228815090786,0.6779112380375324,0.48449815263050144,-0.03524510986095858,-0.07254029573621801,-0.03729518587525943,0,,,-66.08271162161545,-63.73940239953949,,,,,,,27.13835640304802,,27.13835640304802,0.08139728884517757,0.16279457769033526,,0.08139728884517757,,,60,100,-40,,,,,,,,,,,,814.6366998740177,697.6780050785319,814.6366998740177,-0.21693958235253444
2008-03-17,0.438,0.475,0.43275,0.463,0.582119059268892,0.5498983052072629,0.669483346349786,0.4842842406640288,-0.03284568314405365,-0.07835228980532649,-0.04550660666127284,0,,,-66.56392590802169,-65.51847597041548,,,,-65.51847597041548,,-65.51847597041548,27.903229499094437,,,0.7392895343024147,0.4306927337850857,,,,,60,100,-40,,,,,,,,,,,,805.6118453514691,693.5547314278897,805.6118453514691,-0.233063136847748
2008-03-24,0.4732498,0.5175,0.4715,0.4919998,0.5143248407496854,0.5383186041658103,0.6625232072772453,0.4843610123987151,-0.027354369443524436,-0.07969956846567838,-0.05234519902215395,0,,,-62.26026769004302,-64.96896840656005,,,,,,,32.36469016472368,,,5.537878441356859,3.0309108043833706,,,,,60,100,-40,,,,,,-64.96896840656005,-107,,,,,707.3187825602929,613.8175075319098,707.3187825602929,-0.19666707018820506
2008-03-31,0.49725,0.5265,0.46825,0.4695,0.5133580092675649,0.5245548833326483,0.6549536697369612,0.48421314162857865,-0.023437222637974035,-0.0816417273196215,-0.05820450468164746,0,,,-58.5272143219209,-62.45046930666188,,,,,,,30.764551545619383,,,12.14820665326763,8.347286429921338,,,,,60,100,-40,,,,,,,,,,,,605.0790039129669,518.5779607079261,605.0790039129669,-0.2730596180706868
2008-04-07,0.4810003,0.5127498,0.46025,0.46325,0.5163326371770246,0.5122939066661186,0.6474358787668844,0.48400455315466245,-0.019621634009082137,-0.08273154719300013,-0.063109913183918,0,,,-55.73514346456909,-58.84087515884435,,,,,,,30.31354141677437,,,19.696984901604228,15.846985689538181,,,,,60,100,-40,,,,,,,,,,,,571.428275928791,488.8365133064849,571.428275928791,-0.3143827255175506
2008-04-14,0.4615003,0.4830003,0.44025,0.4755,0.5199162488072371,0.5049351253328949,0.6406932952858301,0.48391993073521306,-0.014844371085116687,-0.08166537704031385,-0.06682100595519716,0,,,-54.089410495188005,-56.11725609389268,,,,,,,32.417269566162076,,,26.918834874458327,23.333445184800212,,,,,60,100,-40,,,,,,,,,,,,471.16858939628355,389.9571472507604,471.16858939628355,-0.2760922448698611
2008-04-21,0.47175,0.5165,0.47175,0.5037498,0.47788417389243454,0.5046980602663159,0.6353229621373662,0.484117242867201,-0.008659878178292835,-0.0776458536780632,-0.06898597549977037,0,,,-47.77786954823654,-52.53414116933123,,,,,,,37.156856764335416,,,40.823639921139886,33.92462213001662,,,,,60,100,-40,,,,,,,,,,,,426.41066405150474,343.6013022960767,426.41066405150474,-0.268407216342319
2008-04-28,0.5015,0.563,0.4892503,0.563,0.42023145432868914,0.5163584482130528,0.632486767543744,0.4849021459232487,0.0000805486011405121,-0.06888528974834474,-0.06896583834948525,0,,,-35.32321950157354,-45.730166514999375,,,,,,,45.79431859960716,,,61.31131202854354,50.21237658336667,,,,,60,100,-40,,,,,,,,,,,,353.42690695123116,273.8556109695173,353.42690695123116,-0.20375231937013694
2008-05-05,0.55925,0.5857498,0.5252498,0.56325,0.42014353616235434,0.5257367585704422,0.6297716001890874,0.4856817265608283,0.006199359085279202,-0.06121663949288625,-0.06741599857816545,0,,,-22.058585833176103,-35.05322496099541,,,,,,,45.82835256711569,,,81.21507127306191,70.64076193302685,,,,,60,100,-40,,,,,,,,,,,,380.0765602328255,296.790954429605,380.0765602328255,-0.18353535172990787
2008-05-12,0.5705003,0.6115003,0.532,0.61025,0.46872256929361467,0.5426394068563538,0.6290060472404957,0.48692121186868076,0.013323579298360463,-0.05076152445521487,-0.06408510375357533,0,,,-7.831682121662666,-21.737829152137454,,,,,,,51.97019349710977,,,94.03327134780294,88.06654269560583,,,,,60,100,-40,,,,,,,,,,,,322.78991291776634,245.5562354424041,322.78991291776634,-0.10298198848293783
2008-05-19,0.6105,0.63275,0.56925,0.57775,0.46747448577264217,0.5496615254850831,0.6269960061722409,0.4878249809048133,0.015600636049926023,-0.04458430869116781,-0.06018494474109383,0,,,3.5761432907203456,-8.77137488803949,,,,,,,47.901773992855475,,,95.45088125451383,95.67278578053117,,,,,60,100,-40,,,,,,,,,,,,349.55538329635425,266.3641926346943,349.55538329635425,-0.11858880334267709
2008-05-27,0.5787498,0.6195,0.5677503,0.6175,0.47585130821745353,0.5632292203880664,0.6266236137733295,0.48911527960227785,0.01929548677698377,-0.036065586269864114,-0.05536107304684788,0,,,12.774050675839103,2.8395039482989106,,,,,,,52.797859209038485,,,96.02414727374709,96.81931781899767,96.02414727374709,,,,60,100,-40,,,,,,,,,,,,300.54531360610804,222.47979397384074,300.54531360610804,-0.04809073031781788
2008-06-02,0.6175,0.6337503,0.5825,0.6015,0.47857625763049255,0.5708833763104532,0.6256383740175127,0.4902335355266333,0.020083480044807436,-0.03025672299083859,-0.05034020303564603,0,,,19.670597963653787,12.006930643404395,,,,,,,50.7193834941215,,,93.68991058660814,94.45944365755231,,,,,60,100,-40,,,,,,,,,,,,295.9007111322702,227.48346779677877,295.9007111322702,-0.04515469873193123
2008-06-09,0.598,0.60625,0.5169998,0.53275,0.481177910656886,0.5632567010483626,0.6219956926834925,0.49065658492437825,0.015596047383299817,-0.030845143806521258,-0.046441191189821075,0,,,13.321696585091733,15.255448408194857,,,,,15.255448408194857,,42.864477355905045,,,88.68538696494201,91.38003204351112,,,,,60,100,-40,,,,,,15.255448408194857,,,,,,322.1005818354938,245.21374637918262,322.1005818354938,-0.08197412775668417
2008-06-16,0.527,0.53325,0.4845,0.4939998,0.4781651741813941,0.5494053208386901,0.6169762459115908,0.4906898507460262,0.009916289190772816,-0.03404582970135506,-0.04396211889212787,0,,,-1.0764273106705637,10.638622412691635,,,,,,,39.161198928095246,,,75.68264880892173,82.56910425497007,,,,,60,100,-40,,,,,,,,,,,,408.0822942290404,319.720337946604,408.0822942290404,-0.14268255562824103
2008-06-23,0.49775,0.51125,0.4677503,0.482,0.4811533760255802,0.5359242566709521,0.6116830597974108,0.49060338456944885,0.005471493569657863,-0.03712275193005554,-0.042594245499713405,0,,,-13.491249713859949,-0.41532681314627656,,,,,,,38.05814038639769,,,58.990810653865296,68.19213913924422,,,,,60,100,-40,,,,,,,,,,,,575.7036952783058,454.3166401381305,575.7036952783058,-0.15276397034745579
2008-06-30,0.4765,0.48075,0.31,0.31225,0.4846781777380388,0.4911894053367617,0.599940586864179,0.48882872402646926,-0.008045967777145308,-0.05265170522114504,-0.04460573744399973,0,,,-34.303348531455825,-16.29034185199546,,,,,,,26.583250109716275,,,38.53548441252502,48.91416108910244,,,,,60,100,-40,,,,,,,,,,,,750.1212052277046,622.6227055675613,750.1212052277046,-0.16413787479411204
2008-07-07,0.317,0.319,0.283,0.29175,0.46959402218532176,0.45130152426940934,0.5878546814969563,0.4868677416978477,-0.01699826786083876,-0.06585357227004818,-0.04885530440920942,0,,,-49.65800214773337,-32.4842001310164,,,,,,,25.574431353752885,,,21.003063601481536,29.988104276849256,,,,,60,100,-40,,,,,,,,,,,,890.0991679135766,749.4185772825501,890.0991679135766,-0.21476190041813828
2008-07-14,0.294,0.29625,0.2675,0.289,0.47501587774351306,0.4188412194155275,0.5761348900657031,0.48489890844712286,-0.021448412919709635,-0.07566582055884646,-0.05421740763913683,0,,,-57.576980353424695,-47.17944367753798,,,,,,,25.434161792261605,,,6.695805110343581,13.391610220687134,,,,,60,100,-40,,,,,,,,,,,,760.0811373838354,642.2515632311774,760.0811373838354,-0.15339181342995611
2008-07-21,0.2935,0.29775,0.27275,0.289,0.48108617219040495,0.392872975532422,0.5648746982984206,0.48294966557700225,-0.02261902662564614,-0.0824911909211945,-0.05987216429554836,0,,,-60.51180205382288,-55.91559485166033,,,,,,,25.434161792261605,,,2.003003821018986,4.006007642037944,,,,,60,100,-40,,,,,,,,,,,,652.7936578595018,546.3876426436906,652.7936578595018,-0.11659611613543439
2008-07-28,0.28525,0.2985,0.2675,0.271,0.4872585884625189,0.36849838042593763,0.5533502003259335,0.4808407136807137,-0.02276989272151045,-0.08833453019743642,-0.06556463747592597,0,,,-61.30166327735368,-59.79681522820044,,,,,,,24.405871359926678,,24.405871359926678,2.220446049250313e-14,1.5987211554602254e-14,,,,,60,100,-40,,,,,,,,,,,,599.5584473395922,491.58988943574684,599.5584473395922,-0.10600135274802938
2008-08-04,0.271,0.2975,0.26375,0.275,0.4921329750009104,0.3497987043407501,0.5424345061955047,0.478792547375433,-0.020817806325759428,-0.09158689538312526,-0.07076908905736583,0,,,-60.32659712801355,-60.71335415306339,,,,,,-60.71335415306339,25.134538963398228,,,0.8489206684529638,0.42446033422648677,,,,,60,100,-40,,,,,,-60.71335415306339,-107,,-106,,,500.5478205505756,395.84627317470193,500.5478205505756,-0.13710897702202743
2008-08-11,0.277,0.33725,0.27275,0.324,0.49626633392941677,0.3446389634726001,0.5338684471290144,0.4772523230234386,-0.014730718780338409,-0.08918248753278885,-0.07445176875245044,0,,,-55.51007697837889,-59.046112461248725,,,,,,,33.62522275769514,,,10.378260373929251,5.507475437634484,,,,,60,100,-40,,,,,,,,,,,,384.08458045047087,295.6924053247562,384.08458045047087,-0.08027160817189928
2008-08-18,0.32625,0.353,0.32275,0.34025,0.4797115957916013,0.34376117077808005,0.5262755668494452,0.47588911582917554,-0.008427442012364963,-0.08498607126790664,-0.07655862925554167,0,,,-47.999958172951544,-54.612210759781355,,,,,,,36.22382048916702,,,24.414233637389458,16.337723396920584,,,,,60,100,-40,,,,,,,,,,,,358.7964749140217,274.65742253843683,358.7964749140217,-0.02672891795873631
2008-08-25,0.33825,0.34625,0.315,0.316,0.415339338949344,0.33820893662246404,0.5180294661886826,0.47429817935326335,-0.004884497751397959,-0.08266425144478912,-0.07777975369339116,0,,,-43.45468373560192,-48.988239628977475,,,,,,,34.06757743226555,,,38.369727838191025,31.11981121611609,,,,,60,100,-40,,,,,,,,,,,,317.19711583874493,231.0833457132665,317.19711583874493,-0.010224845603836559
2008-09-02,0.32125,0.324,0.28475,0.29175,0.3805113290243909,0.3289171492979712,0.5091557616322637,0.4724817795587035,-0.003246270663485415,-0.08183759202274793,-0.07859132135926251,0,,,-43.2822152360197,-44.91228571485774,,,,,,,32.00378100081444,,,42.32335936513432,40.68927676709822,,,,,60,100,-40,,,,,,,,,,,,364.9794584135185,270.88637376539987,364.9794584135185,-0.054172616111298234
2008-09-08,0.2945,0.29575,0.24025,0.25475,0.3710107055226487,0.314083719438377,0.49917906509766513,0.4703152941899602,-0.0036940382763101104,-0.08320886920465015,-0.07951483092834004,0,,,-47.44983941168939,-44.728912794437015,,,,,,,29.090826183849657,,29.090826183849657,39.82190221778638,42.305222714752276,,,,,60,100,-40,,,,,,-44.728912794437015,,,,,,384.98319324742425,276.17976035350904,384.98319324742425,-0.09835454501627806
2008-09-15,0.24575,0.2875,0.22,0.28525,0.2292599408424595,0.3083169755507016,0.4907896899957959,0.46847384847662726,-0.0011096824688076323,-0.08090193401434959,-0.07979225154554195,0,,,-49.000558254814855,-46.57753763417467,,,,,,,34.421182728821336,,,46.12115912008832,43.384585481041874,,,,,60,100,-40,,,,,,,,,,,,559.5317035660743,105.96525847105283,559.5317035660743,-0.08001931338630976
2008-09-22,0.283,0.29425,0.26625,0.29225,0.2275449450679981,0.3051035804405613,0.48300381979988233,0.4667203773475066,0.0017424874457859368,-0.07761414223830954,-0.07935662968409547,0,,,-45.876356315145074,-47.44225132721646,,,,,,,35.62437654017391,,,59.127134963268276,51.11264610162295,,,,,60,100,-40,,,,,,-47.44225132721646,,,,,,584.1623029176972,185.78975693086142,584.1623029176972,-0.06372773414246118
2008-09-29,0.2845,0.288,0.224255,0.22575,0.23159530613456966,0.28923286435244905,0.4729154347096909,0.464322662150019,-0.00008156717758377174,-0.07945858865607519,-0.07937702147849142,0,,,-49.31521647475579,-48.064043681571924,,,,,,,29.966058612024497,,,68.02122235967305,63.010450325848616,68.02122235967305,,,,60,100,-40,,,,,,-48.064043681571924,,,,,,809.7691569326615,417.46434657979563,809.7691569326615,-0.16021530691504257
2008-10-06,0.215,0.2155,0.157,0.17025,0.22964278426781468,0.26543629148195924,0.4610462019759775,0.4613965660092228,-0.004038788580269376,-0.08442550720382813,-0.08038671862355876,0,,,-58.69526300331374,-51.295611931071555,,,,,,,26.203124623345232,,,58.17518075844259,64.13099493382407,,,,,60,100,-40,,,,,,,,,,,,1877.0838556721776,1318.834465383469,1877.0838556721776,-0.15773008390557722
2008-10-13,0.18475,0.21,0.1725,0.19125,0.22772187110582792,0.2505990331855674,0.4504659587612333,0.4587085404767927,-0.004234337010806333,-0.08567963988706667,-0.08144530287626034,0,,,-61.26686578259135,-56.42578175355365,,,,,,,29.815766835449935,,,46.812681917288266,54.71918120278378,,,,,60,100,-40,,,,,,,,,,,,1640.3413364590542,1146.3191080410202,1640.3413364590542,-0.18607854923520972
2008-10-20,0.19775,0.19925,0.14925,0.16525,0.23008102316969736,0.23352922654845393,0.43928101920196927,0.4557885549994117,-0.005051670015123341,-0.08775989039516452,-0.08270822038004118,0,,,-63.622835237808644,-61.19498800790459,,,,,,,27.97867732473459,,27.97867732473459,37.800153674995435,41.68146414121119,,37.800153674995435,,,60,100,-40,,,,,,,,,,,,2000.2792752846808,1482.4429065790164,2000.2792752846808,-0.18953711895697545
2008-10-27,0.16425,0.22325,0.159,0.219,0.2308073786575761,0.23062338123876314,0.4306425478607156,0.4534324499745419,-0.0011149071303807323,-0.08410185429301709,-0.08298694716263635,0,,,-59.67801711410279,-61.52257271150095,,,,,,-61.52257271150095,36.71188382882279,,,53.56641879286077,44.989465856573496,,,,,60,100,-40,,,,,,-61.52257271150095,-107,,,,,1705.683043414739,1256.5441962919226,1705.683043414739,-0.12294107003736554
2008-11-03,0.22375,0.22775,0.19,0.218,0.2294461373248921,0.2280987049910105,0.4223036244151973,0.4510898385320091,0.0021037833447270504,-0.08035721798172754,-0.08246100132645459,0,,,-53.84159918057872,-59.0474838441634,,,,,,,36.62237974819617,,,67.98750893515006,58.009308202056964,,,,,60,100,-40,,,,,,,,,,,,1536.467944612059,1124.4452515115731,1536.467944612059,-0.07465829050484915
2008-11-10,0.22625,0.2275,0.171505,0.17925,0.20771784180168554,0.2183289639928084,0.41277210973224837,0.44838496451676524,0.002289759114599943,-0.07959880243320466,-0.0818885615478046,0,,,-52.29506304688372,-55.27155978052176,,,,,,,33.22222492432117,,,83.06670650146057,76.56062360007809,83.06670650146057,,,,60,100,-40,,,,,,,,,,,,1408.0192274098663,1011.8188421458325,1408.0192274098663,-0.08619412956202899
2008-11-17,0.1775,0.18225,0.14375,0.1595,0.18370299595870798,0.20656317119424672,0.4028398701349053,0.44551048725789194,0.001772455691854552,-0.07967299193298641,-0.08144544762484096,0,,,-55.53106083461113,-53.88924102069121,,,,,,,31.60218136566324,,,77.3524812986512,80.56086541709715,,,,,60,100,-40,,,,,,-53.88924102069121,,,,,,2072.0157315171637,1525.1245072102267,2072.0157315171637,-0.03544005707903927
2008-11-24,0.16925,0.19075,0.16,0.18675,0.18595635339022887,0.20260053695539737,0.3943657575805953,0.4429357560413955,0.0038368588105593543,-0.07664937411164177,-0.08048623292220113,0,,,-53.19203274164313,-53.67271887437935,,,,,,,36.248907948844185,,,75.69439900916987,78.776421150347,,,,,60,100,-40,,,,,,-53.67271887437935,-107,,,,,1742.5583257867702,1268.7382331720037,1742.5583257867702,0.025151829674536202
2008-12-01,0.17925,0.195,0.1685,0.184,0.18908447100521253,0.1988804295643179,0.38611612002841506,0.440359280856904,0.005487931258855078,-0.07362631884863227,-0.07911425010748735,0,,,-49.82190673716881,-52.84833343780772,,,,,,,35.98166001462147,,,77.98144386609941,75.6798404450992,,,,,60,100,-40,,,,,,,,,,,,1541.1840847346302,1101.6949180498211,1541.1840847346302,0.001354535658665431
2008-12-08,0.1875,0.22,0.17375,0.215,0.19266772307626878,0.20210434365145433,0.37940568394886937,0.4381168999528552,0.008934722152889513,-0.06794584741637547,-0.07688056956926498,0,,,-40.81524148589354,-47.94306032156851,,,,,,,41.269454532130815,,,89.29039703234034,82.86905455494326,,,,,60,100,-40,,,,,,,,,,,,1340.0597056919705,946.8412965862173,1340.0597056919705,0.025215811732577725
2008-12-15,0.21625,0.23625,0.20125,0.213,0.12667359999939243,0.20428347492116347,0.37287997085283525,0.43587693079909545,0.0112000011605706,-0.06288056811855172,-0.07408056927912232,0,,,-28.783887799055726,-39.80701200737271,,,,,,,41.03257402106795,,,94.01671157692132,91.00705248766992,,,,,60,100,-40,,,,,,,,,,,,1153.6852137479757,802.8701517523596,1153.6852137479757,0.047366096973446625
2008-12-22,0.21625,0.2167575,0.1825,0.18775,0.12200048571372156,0.20097677993693078,0.3656199719958613,0.43340800611452734,0.011096693986862707,-0.06020970179554394,-0.07130639578240665,0,,,-27.1164329264059,-32.2385207371184,,,,,,,38.04580987718093,,,94.27450202242801,95.32177855519154,94.27450202242801,,,,60,100,-40,,,,,,,,,,,,999.3788112483437,667.8028514337486,999.3788112483437,0.05340039900567016
2008-12-29,0.19025,0.21925,0.178,0.21775,0.12403509387702717,0.20433142394954462,0.35982114956465105,0.4312621553074176,0.01301485273025213,-0.05503782986959149,-0.06805268259984362,0,,,-21.243106749682582,-25.714475825048087,,,,,,,43.35307167507287,,,93.86041635241585,94.49360721516723,,,,,60,100,-40,,,,,,,,,,,,815.855391021372,539.1114239003399,815.855391021372,0.022175271269854753
2009-01-05,0.21525,0.23575,0.197,0.19825,0.12492544431438238,0.2031151391596357,0.3534850260523118,0.4289436263988861,0.012910836256259356,-0.051914137279519434,-0.06482497353577879,0,,,-13.565368794124003,-20.641636156737516,,,,,,,40.8867062907901,,,90.75294749810604,91.99008649388526,,,,,60,100,-40,,,,,,,,,,,,667.5180471993044,427.45480137300535,667.5180471993044,-0.04048315098540909
2009-01-12,0.19825,0.2014975,0.18,0.19975,0.12610934114906935,0.20244211132770856,0.34745620150124074,0.4266630928028773,0.012855556780250563,-0.048755527560465584,-0.061611084340716146,0,,,-17.392368205053153,-17.400281249619912,,,,,,,41.16563126053754,,,91.45925045777676,91.4153837268862,,,,,60,100,-40,,,,,,,,,,,,590.6965840721581,369.73574657791346,590.6965840721581,0.05150367545750356
2009-01-20,0.19925,0.2,0.177,0.19275,0.1286733167812787,0.20050368906216684,0.341389291638447,0.42433559934215215,0.012261971995098833,-0.04628361934684261,-0.05854559134194144,0,,,-22.190689419791234,-17.71614213965613,,,,,,,40.20652297910256,,,86.96669607717035,88.73807946133371,,,,,60,100,-40,,,,,,-17.71614213965613,,,,,,586.0244778772203,376.1474290182928,586.0244778772203,0.09003458359998681
2009-01-26,0.193625,0.22325,0.1905,0.19875,0.13151807986833022,0.20015295124973348,0.33579559392713537,0.422090966512877,0.012163786681284053,-0.04334085799033638,-0.05550464467162043,0,,,-15.253741914516176,-18.278933179786854,,,,,,,41.47273493047943,,,85.4212237940998,86.8852193674685,,,,,60,100,-40,,,,,,-18.278933179786854,,,,,,563.1109364449984,367.75698737860324,563.1109364449984,0.10826917984216747
2009-02-02,0.19575,0.24825,0.19475,0.24675,0.16199893130630666,0.20947236099978678,0.33230360985156143,0.420346280278918,0.015033873345028537,-0.03671230299033476,-0.0517461763353633,0,,,4.867432282831146,-10.858999683825422,,,,,,,50.54851619277242,,,87.05794243206978,85.81710644446942,87.05794243206978,,,,60,100,-40,,,,,,,,,,,,500.72712981863504,319.98298967340264,500.72712981863504,0.0801225624526323
2009-02-09,0.24575,0.24925,0.1965,0.20775,0.16040972192728475,0.2091278887998294,0.3274191545632649,0.41823089440549593,0.014027558703286161,-0.0342117279562556,-0.04823928665954176,0,,,11.555792149427596,0.3898275059141885,,,,,,,44.477620011717676,,,85.2038494462289,85.66592638321477,,,,,60,100,-40,,,,,,,,,,,,483.32219712433766,296.3497188236931,483.32219712433766,-0.011577271885557898
2009-02-17,0.2,0.2075,0.18125,0.19025,0.15904117036105012,0.20535231103986354,0.3220399720313722,0.415962427794496,0.011984451626325297,-0.03325872212663514,-0.045243173752960435,0,,,-0.27014264976187086,5.384360594165624,,,,,,,42.02416000245179,,,79.33598364718465,82.92812955582062,,,,,60,100,-40,,,,,,5.384360594165624,,,,,,699.0817976471853,441.5588608557489,699.0817976471853,0.028583300063059102
2009-02-23,0.1935,0.2135,0.18025,0.207,0.16152037247811796,0.20568184883189083,0.3175286005791615,0.4138831996572373,0.011557046182318738,-0.030796866025062014,-0.04235391220738075,0,,,-4.109740704794785,2.391969598290314,,,,,,,45.16081876465609,,,68.69580955986882,74.46930734188233,,,,,60,100,-40,,,,,,,,,,,,810.1578344386062,518.5481588819763,810.1578344386062,0.1138463511259381
2009-03-02,0.202,0.2175,0.18675,0.20975,0.16285820301539528,0.20649547906551266,0.31330198879174337,0.4118520235412449,0.011244948380687729,-0.02829772673152109,-0.03954267511220882,0,,,-3.242696758987169,-2.5408600378479407,,,,,,,45.683494137374545,,,63.900121686790456,66.61659822249622,,63.900121686790456,,,60,100,-40,,,,,,,,,,,,1139.2200463588597,787.9030390852533,1139.2200463588597,0.14904349976257
2009-03-09,0.20825,0.29625,0.207,0.245,0.1644576170857242,0.21419638325241014,0.3106234794273613,0.410191804401531,0.013069928419991411,-0.023205264587219554,-0.036275193007210965,0,,,23.109528870296046,5.252363802171364,,,,,,,52.03212516473719,,,71.0676574924557,66.56031797846283,,,,,60,100,-40,,,,,,5.252363802171364,,,,,,940.2709470208852,630.1024865242981,940.2709470208852,0.15059557191991027
2009-03-16,0.2475,0.26225,0.23175,0.23825,0.1575856444367439,0.2190071066019281,0.3077853037635432,0.40848094067614266,0.013428588087632545,-0.019489457897670287,-0.03291804598530283,0,,,34.95898294948435,18.275271686931077,,,,,,,50.800376911080065,,,79.83400021721283,74.10666064798971,,,,,60,100,-40,,,,,,,,,,,,782.9489566534515,510.9929435198803,782.9489566534515,0.06128860069316253
2009-03-23,0.24575,0.267625,0.238875,0.2615,0.17434738411983364,0.22750568528154247,0.30597019381203167,0.407018443753992,0.014733308467181204,-0.014501410401326326,-0.02923471886850753,0,,,45.40986082959864,34.492790883126354,,,,,,,54.793667854432485,,,91.63260067834344,86.10038453739283,,,,,60,100,-40,,,,,,,,,,,,640.5946008982785,398.08513560717483,640.5946008982785,0.07476682710368937
2009-03-30,0.2515,0.283625,0.23425,0.283,0.1978761423969883,0.23860454822523397,0.3050694018978343,0.40578442938828063,0.016417344672548136,-0.008713038027822362,-0.025130382700370497,0,,,53.71241305276247,44.693752277281824,,,,,,,58.19301585048264,,,95.23090398048436,93.29699114167465,,,,,60,100,-40,,,,,,,,,,,,520.486491644046,311.16056549677944,520.486491644046,0.16628197096520067
2009-04-06,0.27825,0.302,0.27225,0.301,0.21490284651148917,0.2510836385801872,0.30490981750968393,0.40474179825008877,0.01799006845558811,-0.0026427971308853604,-0.02063286558647347,0,,,63.18177324992831,54.10134904409648,,,,,,,60.862259714265974,60.862259714265974,,99.05493893976467,98.10987787952934,99.05493893976467,,,,60,100,-40,,,,,,,,,,,,406.76167498149226,230.04046267918315,406.76167498149226,0.21273649455238897
2009-04-13,0.29725,0.3,0.27275,0.294,0.21680264318923997,0.2596669108641497,0.30448198152891204,0.4036398898097894,0.017774134388815137,0.0015848023995454485,-0.016189331989269688,0,,,66.01831313354717,60.970833145412655,,,,,,,59.26804198617155,,,98.08762852956352,98.33501846960525,,,,,60,100,-40,,,,,,,,,,,,311.8959158939482,158.21492401024074,311.8959158939482,0.21898577456967616
2009-04-20,0.28275,0.29525,0.2685,0.28575,0.21878102581857997,0.26488352869131976,0.3037473940179743,0.4024668560803387,0.016328140927052807,0.004220844169546323,-0.012107296757506485,0,,,64.53660412213401,64.57889683520317,,,64.57889683520317,,64.57889683520317,,57.35003039026096,,,94.9653499112919,96.94273460302638,,,,,60,100,-40,,,,,,64.57889683520317,,105,,,,253.3693857314122,104.90311964474242,253.3693857314122,0.2242110090129632
2009-04-27,0.282,0.2985,0.26875,0.29175,0.22083238111725284,0.2702568229530558,0.30327690797805373,0.40136519582083285,0.015059158006763735,0.006716650750948183,-0.008342507255815552,0,,,62.89540339604435,64.48344021724184,,,,,,,58.41044173258779,,,91.41076957915085,93.41243574184521,,,,,60,100,-40,,,,,,,,,,,,196.39313378024633,69.46618880024377,196.39313378024633,0.21465872196466204
2009-05-04,0.29675,0.30975,0.22775,0.23125,0.22230863960887765,0.26245545836244466,0.3004523233514634,0.39967250730520265,0.009689446535055893,0.0037693009130043142,-0.005920145622051579,0,,,49.71650991586871,59.04950581134903,,,,,,,45.93478183318218,,,74.6143996626457,82.90646699032631,,,,,60,100,-40,,,,,,,,,,,,147.95801854747427,27.745063563835828,147.95801854747427,0.13796421179967713
2009-05-11,0.2275,0.2415,0.20825,0.2185,0.21621516535110066,0.25366436668995573,0.2972385067494452,0.397869795789728,0.0050561762386736155,0.0004000746762904406,-0.004656101562383175,0,,,28.137143971762296,46.91635242789179,,,,,,,43.79901285054156,,,53.62018814042662,65.7429530080687,,,,,60,100,-40,,,,,,,,,,,,114.6929242661153,2.7005065522293137,114.6929242661153,0.11782713600098665
2009-05-18,0.224,0.25625,0.2235,0.2455,0.21752122496887918,0.25203149335196456,0.29520954570044733,0.3963536784186859,0.00365260477714636,-0.00009034559095022487,-0.003742950368096585,0,,,18.546788863273388,32.13348091696813,,,,,,,49.215970722981794,,,35.11371865217593,44.51179822802536,,,,,60,100,-40,,,,,,,,,,,,82.02148349045798,-29.608676457266938,82.02148349045798,0.11351651578269538
2009-05-26,0.24325,0.267,0.24075,0.26075,0.2180911374711021,0.25377519468157167,0.2938581909670965,0.3950043880861617,0.003588740935956654,0.0007429758018492327,-0.0028457651341074214,0,,,17.24986628827602,21.31126637443724,,,,,,,52.04423829159967,,,34.39218356104686,33.99935736780118,,34.39218356104686,,,60,100,-40,,,,,,,,,,,,42.563031946738334,-56.95255346503661,42.563031946738334,0.17747465092342554
2009-06-01,0.26375,0.2795,0.25625,0.27075,0.2202631990803091,0.2571701557452573,0.29295198739975936,0.3937680260156526,0.00402470552326666,0.0021851167699759033,-0.0018395887532907565,0,,,22.157358828416726,19.318004659988713,,,,,,,53.869292287791446,,,44.571603190842204,37.41096380307585,,,,,60,100,-40,,,,,,19.318004659988713,,,,,,-14.266610225395908,-106.59754374412086,-14.266610225395908,0.14055630072051523
2009-06-08,0.26875,0.305,0.2625,0.28775,0.222708684860287,0.2632861245962059,0.29274798789388645,0.39271312028415356,0.005188649430932238,0.0046462230353745415,-0.0005424263955576968,0,,,31.8287671912591,23.74533076931728,,,,,,,56.89074934373738,,,57.00029746218721,50.12946181431888,,,,,60,100,-40,,,,,,,,,,,,-40.76359018441485,-126.3070812451898,-40.76359018441485,0.13582441366545264
2009-06-15,0.2825,0.2865,0.26875,0.2795,0.22222949308455223,0.2665288996769647,0.2922284589568713,0.3915866215748585,0.0051246388173227355,0.005863372126095723,0.0007387333087729871,0,,,34.70779422842417,29.5646400827,,,,,,,54.996958070279966,,,65.54741262462517,61.6745502344786,,,,,60,100,-40,,,,,,,,,,,,-68.80657378724851,-143.342157382428,-68.80657378724851,0.1597078023196763
2009-06-22,0.2805,0.29025,0.252125,0.28925,0.22514167214994135,0.2710731197415718,0.2921116566448371,0.39056834673331764,0.005431363501593642,0.00752793768576504,0.002096574184171398,0,,,35.637773762242034,34.058111727308436,,,,,,,56.83654140580218,,,72.11007735270009,69.37789070755686,72.11007735270009,,,,60,100,-40,,,,,,,,,,,,-121.75083309865789,-203.64358331289566,-121.75083309865789,0.15293868250218362
2009-06-29,0.29,0.2945,0.26875,0.2725,0.21811369556780266,0.27135849579325744,0.29134257207052977,0.3893935373130856,0.004250831606211685,0.0074101136919360044,0.0031592820857243194,0,,,36.45797528435466,35.601181091673624,,,,,35.601181091673624,,52.818314679694055,,,68.95863805154352,70.54495377892552,,,,,60,100,-40,,,,,,,,,,,,-104.15977253526555,-189.3447499832783,-104.15977253526555,0.177420921045433
2009-07-06,0.27225,0.2725,0.24275,0.25925,0.2176055744558168,0.26893679663460596,0.2900840398324698,0.3880985767428062,0.002413674850620126,0.006176375648999477,0.003762700798379351,0,,,23.47127301194525,31.855674019513987,,,,,,,49.80108236589729,,,61.93736467482146,66.52232891791193,,,,,60,100,-40,,,,,,31.855674019513987,,,,,,-71.58526843794453,-172.19115907722767,-71.58526843794453,0.1909539078195207
2009-07-13,0.2645,0.30275,0.24875,0.30175,0.22865160485182986,0.2754994373076848,0.29054152846649056,0.3872393869244698,0.0038135986510862965,0.008529699112237221,0.004716100461150925,0,,,30.327624542935936,30.085624279745286,,,,,,,58.1151944048133,,,62.100865544693534,62.23161346131988,,62.100865544693534,,,60,100,-40,,,,,,30.085624279745286,,,,,,-112.20612872195463,-209.97458469954992,-112.20612872195463,0.2064789857133254
2009-07-20,0.30425,0.326,0.29125,0.324,0.24840863307669914,0.2851995498461478,0.29185362538937326,0.38661013929338056,0.005868075857487719,0.012051195283010574,0.006183119425522855,0,,,45.84805167367097,33.21564974285072,,,,,,,61.711776117467046,,,70.99496285654033,65.3281109432197,,,,,60,100,-40,,,,,,,,,,,,-164.5322871361447,-258.16102384508633,-164.5322871361447,0.22239592399878297
2009-07-27,0.321,0.33025,0.3145,0.32325,0.24884373071407778,0.29280963987691827,0.2930848557662606,0.3859796901461827,0.006743934568225196,0.014613037635804349,0.007869103067579153,0,,,55.80104488936589,43.992240368657605,,,,,,,61.51887481252466,,,87.77649561631019,78.54623090763711,,,,,60,100,-40,,,,,,,,,,,,-190.0718712932093,-274.85901950961613,-190.0718712932093,0.24430059619685338
2009-08-03,0.331,0.35575,0.32475,0.34275,0.2707120356630722,0.3027977119015346,0.2950325084813092,0.38554954397557395,0.0081120809798795,0.018009204292428527,0.009897123312549027,0,,,64.5045082068119,55.38453492328293,,,,,,,64.6327675636567,,,95.40943168474362,91.12185961608286,,,,,60,100,-40,,,,,,,,,,,,-213.6951674217167,-287.61192505332224,-213.6951674217167,0.29054813413215397
2009-08-10,0.34525,0.35025,0.322,0.3355,0.2712147474014242,0.30933816952122767,0.29661946893302255,0.38505153856288166,0.007991451709036186,0.01988643794884426,0.011894986239808074,0,,,66.29296869837125,62.19950726484969,,,,,,,62.592697613677416,,,97.44817155785802,97.90002679852591,,,,,60,100,-40,,,,,,,,,,,,-204.84150061776825,-271.68248413453637,-204.84150061776825,0.25957810394326153
2009-08-17,0.32525,0.34875,0.318,0.34825,0.2777886940156082,0.3171205356169821,0.29864419564153144,0.3846853540995694,0.008202149409893243,0.022147673002174628,0.013945523592281385,0,,,66.24994207171862,65.6824729923006,,,,,,,64.71458264507818,,,97.64842838762291,97.99754421146008,,,,,60,100,-40,,,,,,,,,,,,-232.14304595999215,-288.6493052009843,-232.14304595999215,0.24627749194010523
2009-08-24,0.34625,0.37575,0.3345,0.36825,0.2984287873002076,0.3273464284935857,0.301373835028138,0.3845218182378821,0.009053455021150264,0.025262342368719215,0.01620888734756895,0,,,69.65906096276208,67.40065724428399,,,,,,,67.81682851654503,,,97.24881318935314,97.19831381492054,,97.24881318935314,,,60,100,-40,,,,,,,,,,,,-260.84431033090266,-308.89488607353263,-260.84431033090266,0.2323212932038819
2009-08-31,0.364,0.38025,0.34875,0.37775,0.30702315963590704,0.3374271427948686,0.3043689787525248,0.3844544369618833,0.009570934287746156,0.02817255520725165,0.018601620919505492,0,,,71.71852952482891,69.20917751976988,,,,,,,69.2098213474839,,,99.09977085459525,98.1995417091905,,,,,60,100,-40,,,,,,,,,,,,-245.2362539071022,-297.2776340601631,-245.2362539071022,0.2350124008705817
2009-09-08,0.3805,0.4122503,0.3775,0.4079498,0.3377748768047708,0.3515316742358949,0.30843097174262185,0.38468822166873023,0.011151249332800733,0.03254068258550641,0.021389433252705675,0,,,76.60739670127441,72.66166239628846,,,,,,,73.20404076177849,73.20404076177849,,99.54988542729762,99.09977085459525,99.54988542729762,,,,60,100,-40,,,,,,,,,,,,-296.10238956035636,-323.22715514013345,-296.10238956035636,0.24929718182811778
2009-09-14,0.402,0.4145,0.374205,0.3805,0.3378230427472872,0.3573253393887159,0.31125720814487196,0.38464654782128016,0.009610407782315877,0.03340244298060052,0.023792035198284645,0,,,75.27946451487487,74.53513024699272,,,74.53513024699272,,74.53513024699272,,64.91233021374295,,,93.43667143082061,96.7183357154103,,,,,60,100,-40,,,,,,,,,,,,-346.8110460039279,-359.91312693283646,-346.8110460039279,0.18958184561276067
2009-09-21,0.376,0.38525,0.35975,0.3625,0.3370756682653381,0.3583602715109727,0.31326672939409267,0.3844261841613669,0.006775219301017328,0.03226105932455631,0.02548584002353898,0,,,67.79699069590166,73.22795063735032,,,,,,,60.0781683362033,,,80.9505925470082,88.01404806006182,,,,,60,100,-40,,,,,,73.22795063735032,,105,,,,-315.57267400321376,-334.4743765814116,-315.57267400321376,0.2683692672848473
2009-09-28,0.36375,0.38025,0.3435,0.34625,0.33849524910352824,0.35593821720877816,0.3145601909864812,0.3840463216323981,0.0033736233206762174,0.02970286917438425,0.026329245853708032,0,,,57.27027284622406,66.78224268566686,,,,,,,55.99947624199255,,,61.85085734493039,71.93596471751157,,,,,60,100,-40,,,,,,,,,,,,-280.0140060026294,-310.9335808393368,-280.0140060026294,0.2630459491351771
2009-10-05,0.35,0.35625,0.33725,0.35425,0.3382062884532762,0.35560057376702253,0.3161166540850506,0.3837498408201354,0.001335220552848973,0.02799827154476925,0.026663050991920276,0,,,45.445393555552606,56.837552365892776,,,,,,,57.5369719981926,,,48.73125318980142,55.77884834647667,,,,,60,100,-40,,,,,,,,,,,,-360.0114594566968,-347.1274752321846,-360.0114594566968,0.288201267993026
2009-10-12,0.34825,0.3625,0.3245,0.3305,0.34047368213518503,0.350580459013618,0.316680706866029,0.383219991657746,-0.0017711567413634006,0.024449105065216026,0.026220261806579426,0,,,31.546796994389396,44.75415446538867,,,,,,,51.72417224491151,,,31.98703120895867,39.35586760584819,,,,,60,100,-40,,,,,,,,,,,,-390.0093759191156,-354.92247973542374,-390.0093759191156,0.2118089930450233
2009-10-19,0.33325,0.35075,0.32675,0.32875,0.3398648334112433,0.3462143672108944,0.3171540124791259,0.38267800169100225,-0.003976052919331199,0.021250195657415427,0.025226248576746626,0,,,19.10566313004803,32.032617893330006,,,,,,,51.31038209402261,,,19.98780783442669,26.569367128512187,,,,,60,100,-40,,,,,,,,,,,,-401.8258530247309,-369.4820288744376,-401.8258530247309,0.16642783434725603
2009-10-26,0.33125,0.33625,0.2975,0.299,0.34129947388186876,0.3367714937687155,0.316442090421121,0.38184538475875346,-0.007278166255179672,0.016128540757772036,0.023406707012951708,0,,,1.0206586820556502,17.224372935497687,,,,,,,44.72147020309878,,,6.3374072254017255,12.67481445080346,,6.3374072254017255,,,60,100,-40,,,,,,,,,,,,-326.9484252020526,-321.3943872609035,-326.9484252020526,0.11281577492223742
2009-11-02,0.2985,0.33575,0.289,0.329,0.34052449717602096,0.33521719501497244,0.31693455746342997,0.3813195600347858,-0.007265197985187644,0.014325209531467153,0.021590407516654798,0,,,-8.627107762507876,3.8330713498652655,,,,,,,51.52209322637716,,,8.194360056564623,7.4487421633676085,,,,,60,100,-40,,,,,,,,,,,,-332.048711528952,-324.7772259407392,-332.048711528952,0.153312504385223
2009-11-09,0.3335,0.34625,0.324,0.339,0.3386620188063052,0.33597375601197793,0.3177998689354523,0.38089846988518594,-0.006434875027146604,0.013546813732721541,0.019981688759868145,0,,,-7.368960674069321,-4.991803251507185,,,,,,,53.5841443568533,,,15.129878868379881,9.799933921630348,,,,,60,100,-40,,,,,,,,,,,,-298.0398548873244,-312.0904575878775,-298.0398548873244,0.1264902994629226
2009-11-16,0.342,0.34775,0.31625,0.3225,0.3404325746058548,0.33327900480958234,0.3179841878007287,0.3803173905828458,-0.00681227859627212,0.011466340514527995,0.018278619110800115,0,,,-10.69964558953327,-8.898571342036824,,,,,,,49.797867503742324,,,22.89135074886837,18.795625815656948,,,,,60,100,-40,,,,,,,,,,,,-278.39624490781085,-296.25582893553616,-278.39624490781085,0.1288985346703542
2009-11-23,0.32725,0.333175,0.31325,0.31975,0.3407552335625795,0.33057320384766586,0.318053435337955,0.3797147299800314,-0.0070338581979552325,0.009486296363356073,0.016520154561311305,0,,,-16.982817798653436,-11.683808020752009,,,,,,,49.17054346391026,,,23.719719337923408,23.721584543264004,,,,,60,100,-40,,,,,,,,,,,,-244.1423821972998,-290.5729509472569,-244.1423821972998,0.1187527364367324
2009-11-30,0.321,0.358,0.3175,0.3565,0.3152586168795381,0.3357585630781327,0.3195611437560744,0.37948373764192167,-0.0046093254803601,0.010758497710861181,0.015367823191221281,0,,,-6.7920067963912185,-11.491490061525974,,,,,,,57.01075467062983,,,26.934567547807504,26.143516227569403,,,,,60,100,-40,,,,,,-11.491490061525974,,,,,,-288.84376725233614,-340.4687780477556,-288.84376725233614,0.10653824284482417
2009-12-07,0.39625,0.41125,0.3775,0.38025,0.3138830013881425,0.34465685046250616,0.321941098902895,0.37949136214299706,-0.0014724828806516634,0.013527219590406703,0.014999702471058366,0,,,18.185035906287993,-1.8632628962522204,,,,,,,61.20066697104406,,,36.41085775716747,31.06629712874084,,,,,60,100,-40,,,,,,,,,,,,-282.6903550246386,-344.929000220891,-282.6903550246386,-0.02037491847116439
2009-12-14,0.38575,0.437,0.3815,0.4205003,0.3510523727175609,0.3598255403700049,0.3258061656125854,0.37989941127590254,0.003002749965594638,0.018753139928051665,0.015750389962457027,0,,,36.75688656615318,16.04997189201665,,,,,,,67.08970663277287,,,57.858836421381795,46.29967752410082,,,,,60,100,-40,,,,,,,,,,,,-301.29210865652254,-368.57827290800174,-301.29210865652254,0.002584678443221534
2009-12-21,0.423,0.4552503,0.4224998,0.45225,0.379655496094878,0.3783104322960039,0.33076474735326833,0.3806193176313662,0.007532928481057251,0.02516655056377859,0.01763362208272134,0,,,51.332454989687776,35.424792487376315,,,,,,,70.86821143935856,,,76.67804765148648,66.13237725180745,,,,,60,100,-40,,,,,,,,,,,,-413.78445253715483,-492.47313237927415,-413.78445253715483,0.015308873574992225
2009-12-28,0.4515,0.47375,0.4405,0.4669998,0.394626332088101,0.3960483058368031,0.3361072984374539,0.3814788249186163,0.010758003463067572,0.031081126411555804,0.02032312294848823,0,,,60.40527345065989,49.49820500216695,,,,,,,72.45956829964189,72.45956829964189,,92.77361889497138,85.54723778994276,,,,,60,100,-40,,,,,,,,,,,,-444.00546116676304,-520.205290128497,-444.00546116676304,0.03946147215351258
2010-01-04,0.4627498,0.4740003,0.45275,0.46375,0.3950458655103795,0.4095886446694425,0.3411128945771616,0.3822974435761425,0.011822788986961208,0.03510160918218974,0.023278820195228533,0,,,64.2953741931534,58.67770087783369,,,,,,,71.52695251338218,,,97.26794760811302,95.43990331684789,97.26794760811302,,,,60,100,-40,,,,,,,,,,,,-501.459013681897,-569.2588737414976,-501.459013681897,-0.005971889113141888
2010-01-11,0.4662498,0.46825,0.422,0.42775,0.39714967511678095,0.41322091573555403,0.34451042812315524,0.38274970781916595,0.009360741332464874,0.034979746860809624,0.02561900552834475,0,,,60.98003187660499,61.89355984013943,,,61.89355984013943,,61.89355984013943,,61.9570841593633,,,91.9358704910866,95.74193322038782,,,,,60,100,-40,,,,,,61.89355984013943,,105,,106,,-505.7391930124612,-556.6663512430434,-505.7391930124612,-0.07058003298816418
2010-01-19,0.4245,0.4415,0.409,0.4115003,0.3955318268941538,0.41287679258844323,0.3471374819222472,0.38303578336325383,0.00605629055697408,0.03318936872456235,0.02713307816758827,0,,,53.36491230505298,59.54677279160379,,,,,,,58.15248035414476,,,79.67817753700882,86.64553868379528,,,,,60,100,-40,,,,,,,,,,,,-454.69570337383186,-498.1815601079447,-454.69570337383186,-0.1436695762965075
2010-01-25,0.41825,0.4265,0.37875,0.38475,0.3959938249731428,0.4072514340707546,0.34861248263117867,0.3830528402452115,0.0017131353233770102,0.029274497321809534,0.027561361998432524,0,,,40.106503066675735,51.48381574944457,,,,,,,52.4126387475717,,,60.76431032823217,70.59231120211803,,,,,60,100,-40,,,,,,,,,,,,-399.2964845785897,-451.23945827013654,-399.2964845785897,-0.211058810450105
2010-02-01,0.38625,0.42375,0.383,0.4055,0.39424425176077543,0.4069011472566037,0.3508433656652501,0.38327619506864224,-0.000025930772738304297,0.027528948532509645,0.02755487930524795,0,,,31.567819933684902,41.679745101804535,,,,,,,56.05739906582311,,,47.28414002098144,54.553851471632896,,,,,60,100,-40,,,,,,,,,,,,-305.7880328370279,-361.01410222102083,-305.7880328370279,-0.16925218124888616
2010-02-08,0.40425,0.4425,0.396825,0.4337503,0.3936196480635772,0.41227097780528293,0.354094617992103,0.38377842496845677,0.00043707119676656553,0.028101218301206154,0.02766414710443959,0,,,32.076887793055306,34.583736931138645,,,,,,,60.517540386508216,60.517540386508216,,41.777522099737894,43.62644555603803,,,,,60,100,-40,,,,,,,,,,,,-292.00839050302284,-356.28426545356257,-292.00839050302284,-0.1074801982906418
2010-02-16,0.4395,0.4474998,0.4052503,0.4145,0.3923360874876074,0.41271678224422637,0.3564634565022166,0.38408411228220346,-0.0007763580552665635,0.026693699535356386,0.02747005759062295,0,,,31.253135108787074,31.63261427850909,,,,,,,56.29919993127409,,,40.63977521052965,40.305644408706776,,,,,60,100,-40,,,,,,,,,,,,-355.279592229746,-426.0507626438239,-355.279592229746,-0.09217642285667721
2010-02-22,0.4162497,0.4224998,0.394,0.405,0.3916335669527783,0.4111734257953811,0.3583668503648748,0.3842922305679527,-0.002352921108031196,0.024528906205583956,0.02688182731361515,0,,,22.750077397193962,28.693366766345445,,,,,,,54.27654964333738,,,38.91404226592948,39.68264729691233,,,,,60,100,-40,,,,,,,,,,,,-377.9560300061558,-444.0415330722195,-377.9560300061558,-0.14908678822090204
2010-03-01,0.4052503,0.4322498,0.402,0.42925,0.3929454693132941,0.4147887406363049,0.36114658172311503,0.3847395715573263,-0.001915234414652283,0.024487784295299797,0.02640301870995208,0,,,23.741772008687448,25.914994838222825,,,,,,,58.40865846353181,,,33.73613871060487,36.64790516712724,,,,,60,100,-40,,,,,,,,,,,,-522.8731154595821,-596.0339816045432,-522.8731154595821,-0.0724609097390296
2010-03-08,0.4294998,0.4445,0.4212503,0.43125,0.39391366436234454,0.4180809925090439,0.3638957353810321,0.3852023618900892,-0.0016535770759026867,0.02433604736507372,0.025989624440976408,0,,,30.030151860418048,25.507333755433148,,,,,,,58.74179589564575,,,31.638078520543225,33.06149163252891,,31.638078520543225,,,60,100,-40,,,,,,25.507333755433148,,,,,,-612.350730830567,-691.3005304037174,-612.350730830567,-0.043406870518529296
2010-03-15,0.43075,0.4585,0.425,0.43125,0.3958127169078913,0.4207147940072351,0.36653707909157984,0.3856605473439192,-0.0016398345274399838,0.023939831281676427,0.02557966580911641,0,,,36.48575853304669,30.085894134050722,,,,,,,58.74179589564575,,,31.965362740082995,31.24244078570153,,,,,60,100,-40,,,,,,,,,,,,-652.8324161341003,-729.2458885121323,-652.8324161341003,-0.028204678182242992
2010-03-22,0.42575,0.4495,0.42575,0.4335,0.3928619942716134,0.4232718352057881,0.36916307598994924,0.38613656179820854,-0.0016348733155382399,0.02353607416469361,0.02517094748023185,0,,,39.02186231701425,35.179257570159656,,,,,,,59.17355234459504,,,33.16181925426848,32.30664715288976,,,,,60,100,-40,,,,,,,,,,,,-604.1356132006276,-678.4739087826538,-604.1356132006276,-0.1005612403115248
2010-03-29,0.43625,0.4462503,0.4259998,0.4305,0.36453286610935526,0.42471746816463046,0.37156844555897084,0.38657798904399754,-0.00196699267825182,0.022712206632417076,0.024679199310668896,0,,,38.937611913262636,38.14841092110785,,,,,38.14841092110785,,58.29241940485511,,,33.273108579050394,33.31287330205313,33.273108579050394,,,,60,100,-40,,,,,,,,,,,,-611.5655017096044,-687.8422890039894,-611.5655017096044,-0.13750401587113337
2010-04-05,0.43325,0.4377498,0.41875,0.4247503,0.366584039958687,0.4247240345317044,0.3736540084782269,0.3869578130336095,-0.0026639736250076117,0.02134923227940938,0.024013205904416992,0,,,33.08962932025534,37.0163678501774,,,,,,,56.544231396277446,,,30.991340568706093,32.30825408727678,,,,,60,100,-40,,,,,,37.0163678501774,,,,,,-661.2808650351309,-730.052781912355,-661.2808650351309,-0.13334022554003225
2010-04-12,0.4252498,0.45325,0.4169998,0.4265,0.3686673728187808,0.4250792276253635,0.3757264003026101,0.38735126763029,-0.0030684399283702236,0.020177655993954213,0.023246095922324437,0,,,32.829763813103924,34.952335015540626,,,,,,,56.96966452030002,,,32.65934661268642,32.056616032888996,,,,,60,100,-40,,,,,,,,,,,,-711.0479804832889,-773.6795488373814,-711.0479804832889,-0.1549556677351523
2010-04-19,0.4232498,0.432,0.4025003,0.411,0.36813755333172504,0.4222633821002908,0.3771096787221156,0.3875865784001378,-0.004362202888510393,0.017793342311686444,0.022155545200196837,0,,,16.413078565062982,27.44415723280741,,,,,,,52.076849669217005,,,25.7929546216753,28.630603371492484,,,,,60,100,-40,,,,,,,,,,,,-897.2210749408728,-944.8287217760392,-897.2210749408728,-0.22308397052723178
2010-04-26,0.4115003,0.42,0.3925,0.39275,0.3686099352366018,0.41636070568023265,0.37772302465458163,0.38763795572948967,-0.006311094805099754,0.014266676693822145,0.0205777714989219,0,,,-3.459509350935207,15.261111009077228,,,,,,,46.935151051959394,,,19.652099749087064,23.880395640629047,,,,,60,100,-40,,,,,,,,,,,,-894.0899704061687,-930.3144087258502,-894.0899704061687,-0.21738690391555412
2010-05-03,0.39475,0.397,0.326,0.349,0.36908394700541597,0.4028885645441861,0.3765966315308725,0.38725349845854945,-0.010181410890662091,0.007851007885594286,0.018032418776256377,0,,,-30.14690230436876,-5.731111030080332,,,,,,,37.35648183738883,,,6.396518288233871,12.793036576467756,,,,,60,100,-40,,,,,,,,,,,,-688.8008848777743,-740.2572435029684,-688.8008848777743,-0.2716876215707214
2010-05-10,0.37,0.38225,0.315,0.324,0.36354223650502915,0.38711085163534886,0.37453401852966184,0.38662411041418576,-0.013833363365076758,0.0007407145699104278,0.014574077934987186,0,,,-46.764791564014025,-26.790401073106,,,,,,,33.1663413894138,,,2.5706339762575157,5.141267952515046,,,,,60,100,-40,,,,,,,,,,,,-562.6552694454517,-618.3922901387923,-562.6552694454517,-0.34286914777460387
2010-05-17,0.3245,0.3295,0.30025,0.31825,0.35893207675466987,0.3733386813082791,0.3723268021167339,0.38594377100707944,-0.015896989313355345,-0.005297158706706995,0.01059983060664835,0,,,-58.83305922700131,-45.2482510317947,,,,,,,32.26460639225127,,,-1.282924384011293e-15,1.401348173304642e-14,,,,,60,100,-40,,,,,,,,,,,,-349.4452204553696,-447.7755101135574,-349.4452204553696,-0.33705823824715475
2010-05-24,0.31725,0.3375,0.29625,0.3285,0.36007978555790776,0.36437094504662326,0.37060810399450905,0.3853721911960637,-0.015799589208502975,-0.00914965590398037,0.006649933304522606,0,,,-62.99866223212878,-56.19883767438137,,,,,,,35.64362851765168,,,3.0439565761561114,1.5219782880780477,,,,,60,100,-40,,,,,,,,,,,,-284.09154400893874,-391.8163264565469,-284.09154400893874,-0.30510843699879764
2010-06-01,0.324,0.32775,0.30075,0.302375,0.35943122944662864,0.35197175603729863,0.3679322959947244,0.3845463484975954,-0.016638162775655357,-0.014147770165046591,0.002490392610608767,0,,,-65.61355804440606,-62.481759834512054,,,,,,,31.328362161533732,,,3.8049457201951435,3.0439565761561114,,,,,60,100,-40,,,,,,,,,,,,-163.3476269164044,-287.84972164626566,-163.3476269164044,-0.30519882094111517
2010-06-07,0.30375,0.30575,0.27175,0.29025,0.36075757020044086,0.3396274048298389,0.36488593144591164,0.38360807637324124,-0.01708805806356255,-0.01886967996884442,-0.001781621905281871,0,,,-68.84034815632765,-65.81752281095417,,,,,,,29.53078225700895,,,4.565934864234175,4.565934864234175,,,,,60,100,-40,,,,,,,,,,,,-128.19351293160364,-259.14977225603553,-128.19351293160364,-0.26500792068266277
2010-06-14,0.2945,0.31125,0.28325,0.3075,0.35809631518612367,0.3332019238638711,0.36263550276175827,0.3828507820809702,-0.015357162066050058,-0.020978074487844445,-0.005620912421794386,0,,,-66.94100039684989,-67.13163553252788,,,,,,,35.25633297308616,,,6.286873061417483,5.426403962825829,,,,,60,100,-40,,,,,,-67.13163553252788,-107,,,,,-133.0674196713121,-269.30435911857455,-133.0674196713121,-0.19751921828048974
2010-06-21,0.314,0.31475,0.2725,0.277,0.3552680069585434,0.32196153909109687,0.3592772477514932,0.38179754046822423,-0.015362416136654585,-0.02482393259261262,-0.009461516455958033,0,,,-66.34020921283533,-67.37385258867097,,,,,,,30.508347835271607,,,7.318949810348283,6.58779416123497,,,,,60,100,-40,,,,,,,,,,,,-47.0551615492554,-211.2490210970156,-47.0551615492554,-0.24053088268023615
2010-06-28,0.279,0.2815,0.2475,0.25625,0.3543202921757903,0.30881923127287747,0.35523696352594447,0.38054831120983396,-0.015798343731980784,-0.029209446120934013,-0.013411102388953228,0,,,-68.6916704640419,-67.32429335790904,,,,,,,27.753657391341946,,,7.899644909552853,7.749184359644109,7.899644909552853,,,,60,100,-40,,,,,,-67.32429335790904,,,,,,84.22759509606372,-116.47647180664912,84.22759509606372,-0.2925748579069679
2010-07-06,0.25525,0.26775,0.25125,0.25875,0.3391188427346624,0.29880538501830195,0.35145316103473095,0.3793363877152087,-0.014961588799384438,-0.032113088388183775,-0.017151499588799336,0,,,-68.60818490356836,-67.8800215268152,,,,-67.8800215268152,,-67.8800215268152,28.595179746010118,,,4.044531914198666,6.047318686830131,,,,,60,100,-40,,,,,,,,,,,,87.0953050785976,-105.29893147816748,87.0953050785976,-0.2718808036856244
2010-07-12,0.25875,0.287,0.25025,0.25125,0.3236460682536151,0.28929430801464157,0.3475236253078788,0.3780618962951569,-0.013975081341367195,-0.03462035126550833,-0.020645269924141136,0,,,-66.13865137069658,-67.81283557943561,,,,,,,27.55216862348206,,,2.4412963282479607,3.7436108143811793,,,,,60,100,-40,,,,,,-67.81283557943561,-107,,,,,121.25979506430713,-61.608216663955204,121.25979506430713,-0.318802327733955
2010-07-19,0.25475,0.27075,0.2525,0.259,0.2795820633783569,0.2832354464117133,0.34405211058992274,0.37687720080963294,-0.011941354842215621,-0.03557196347691066,-0.02363060863469504,0,,,-63.34860658108293,-66.03181428511596,,,,,,,30.394295664608705,,,4.18388468968622,2.8871240907635958,,,,,60,100,-40,,,,,,,,,,,,56.485286870796756,-116.77035908869065,56.485286870796756,-0.3580598576884944
2010-07-26,0.25825,0.265,0.223,0.22975,0.2612547731370457,0.27253835712937063,0.339569674880514,0.3754132485627709,-0.011691899837824975,-0.03824548343197626,-0.026553583594151282,0,,,-64.20793175395708,-64.56506323524553,,,,,,,26.19294691298346,,,3.9977134861166546,3.653763525739224,,3.9977134861166546,,,60,100,-40,,,,,,,,,,,,38.942507439742826,-119.17574834529233,38.942507439742826,-0.39217312524713427
2010-08-02,0.23375,0.24125,0.22175,0.23875,0.26005800362725673,0.2657806857034965,0.33561596214010164,0.37405341524373836,-0.01010619463701809,-0.039186326890423895,-0.029080132253405805,0,,,-64.10497987617987,-63.88717273707331,,,,,,,29.443894702467247,,,11.082392789711081,7.996773578631273,,,,,60,100,-40,,,,,,-63.88717273707331,,,,,,40.04386972342594,-118.41652137342102,40.04386972342594,-0.32134538305535376
2010-08-09,0.24125,0.2415,0.21625,0.23475,0.26216100336816694,0.2595745485627972,0.3316604342130388,0.3726673116094723,-0.00857267455522448,-0.039795975447436405,-0.031223300892211925,0,,,-63.05181531375139,-63.78824231462945,,,,,,,28.832427832953613,,,15.944792907886736,12.59981531576461,,,,,60,100,-40,,,,,,-63.78824231462945,-107,,,,,131.85407522825756,-49.613517487344474,131.85407522825756,-0.27059481731234
2010-08-16,0.2315,0.25525,0.22575,0.24925,0.2422923602704407,0.25750963885023775,0.32842865247919417,0.37143927865813425,-0.005952087111732188,-0.038663409781877156,-0.03271132267014497,0,,,-58.04912638354564,-61.73530719115896,,,,,,,34.19880934171286,,,36.686859708766136,26.707875479583006,,,,,60,100,-40,,,,,,,,,,,,195.1533342776653,4.861667510354515,195.1533342776653,-0.21899999074914625
2010-08-23,0.25,0.25625,0.237,0.253,0.2427357631082664,0.2566077110801902,0.32547066610746106,0.3702607783729787,-0.003459996305553728,-0.037036318052087125,-0.0335763217465334,0,,,-51.90516735774864,-57.66870301834856,,,,,,,35.56018828370692,,,56.66270493825806,44.82025607861856,,,,,60,100,-40,,,,,,,,,,,,212.39818259081702,25.79590978119917,212.39818259081702,-0.1717688486385861
2010-08-30,0.25,0.252,0.2325,0.247475,0.2446117800291045,0.25478116886415214,0.32241201253461943,0.3690390293344416,-0.0017631070207378835,-0.035780205522455755,-0.03401709850171787,0,,,-48.168969061158876,-52.70775426748438,,,,,,,34.423444159971254,,,78.15117598523307,67.86833742657824,,,,,60,100,-40,,,,,,,,,,,,121.96214939248662,-60.71243745174616,121.96214939248662,-0.12331950088972472
2010-09-07,0.24675,0.2615,0.24625,0.25175,0.21567522431273994,0.2541749350913217,0.31964095321953634,0.36787197431618845,-0.000024156801232008696,-0.034047294503257886,-0.03402313770202588,0,,,-40.92542079548737,-46.9998524047983,,,,,,,36.1347561138315,,,89.08404434981813,83.77681426035542,,,,,60,100,-40,,,,,,,,,,,,95.2417585938527,-76.03744882415594,95.2417585938527,-0.11491710374231814
2010-09-13,0.25625,0.26925,0.256125,0.26375,0.20462699400468704,0.25608994807305735,0.3174491511324957,0.36683593477075377,0.0021430442645242395,-0.031344332371370576,-0.033487376635894815,0,,,-29.820469141600984,-39.638286332749075,,,,,,,40.8303127951727,,,94.51018106944085,92.9614127805126,,,,,60,100,-40,,,,,,,,,,,,31.56143884951586,-134.9397308561276,31.56143884951586,-0.06393290564405804
2010-09-20,0.26375,0.3075,0.26125,0.3065,0.24910006586149513,0.2661719584584459,0.31701977265671155,0.36623557721084576,0.006422565134136721,-0.025459170218223914,-0.031881735352360635,0,,,-9.43365832655589,-26.72651608788141,,,,,,,53.90879988594361,,,98.40837063294165,96.81674126588331,98.40837063294165,,,,60,100,-40,,,,,,,,,,,,-73.26791366857793,-222.2234161550135,-73.26791366857793,0.026603789098893996
2010-09-27,0.30875,0.309,0.2815,0.28375,0.24659291829995977,0.2696875667667567,0.3157150756897817,0.36541482519879753,0.0076070122736643375,-0.022372970010280213,-0.02997998228394455,0,,,3.9896284910595927,-11.754832992365758,,,,,,,47.81572684017761,,,94.91651826215107,96.4729964706678,,,,,60,100,-40,,,,,,,,,,,,-137.21920209247284,-268.18279503592015,-137.21920209247284,0.039572449803358875
2010-10-04,0.281,0.2875,0.2595,0.2715,0.2469434241356769,0.2700500534134054,0.3139811511529275,0.3644803493261727,0.0074421840348303445,-0.02067725224040662,-0.028119436275236963,0,,,5.579374865418178,0.0451150099739633,,,,,,,44.85815743050527,,,87.7439101890827,92.21196510794994,,,,,60,100,-40,,,,,,,,,,,,-214.0884380756596,-330.33137775666194,-214.0884380756596,0.019186858132334304
2010-10-11,0.27275,0.2875,0.26575,0.2822375,0.24719746526884284,0.2724875427307243,0.3127363020881068,0.363662012516957,0.007890343001486739,-0.01825650752337854,-0.02614685052486528,0,,,9.873699607271647,6.480900987916475,,,,,,,47.91721451469603,,,80.52936001446889,84.4236538381969,,,,,60,100,-40,,,,,,,,,,,,-318.79963115281237,-431.1802181645416,-318.79963115281237,0.012823875363685218
2010-10-18,0.2825,0.29725,0.273,0.295,0.2483262177496398,0.2769900341845794,0.3120407608297497,0.36297880841231067,0.008810464320907322,-0.015133770123731127,-0.02394423444463845,0,,,18.142293618060066,11.198456030249966,,,,,,,51.38961682326507,,,80.24202731533234,80.09874402290527,,80.24202731533234,,,60,100,-40,,,,,,,,,,,,-328.1087891250283,-434.6019966800794,-328.1087891250283,0.0840951083418355
2010-10-25,0.29725,0.306,0.29175,0.3005125,0.24901720219609408,0.28169452734766354,0.3115886721697595,0.3623572531047255,0.009495409326578799,-0.01207497278641495,-0.02157038211299375,0,,,28.44172273846557,18.8192386545991,,,,,,,52.86022932070734,,,85.58497712378049,82.04758276151533,,,,,60,100,-40,,,,,,,,,,,,-344.81628201138676,-450.1289063746105,-344.81628201138676,0.08958391922683902
2010-11-01,0.3025,0.318,0.2985,0.315125,0.25971240203923024,0.28838062187813085,0.31172735169251403,0.3618872804370168,0.010556143208060996,-0.008375203102917506,-0.0189313463109785,0,,,38.670233729868144,28.41808336213126,,,,,,,56.6282572165906,,,92.09338739264767,88.4236142197751,,,,,60,100,-40,,,,,,,,,,,,-486.6678671002255,-581.0145597610449,-486.6678671002255,0.08931436630458549
2010-11-08,0.315,0.342,0.30675,0.3315,0.2772597304649995,0.2970044975025047,0.3125027496653566,0.3615849194376435,0.011885227900633327,-0.0040748114351868425,-0.01596003933582017,0,,,49.140800062109626,38.75091884348112,,,,,,,60.46471487859586,,,96.58283940517259,94.51280271547778,,,,,60,100,-40,,,,,,,,,,,,-415.4555276274573,-520.8300943499457,-415.4555276274573,0.1432952912539997
2010-11-15,0.333,0.345,0.3145,0.3438,0.28839832114607095,0.30636359800200375,0.3137300928157348,0.3614079550651296,0.013025691048407926,0.0003220744746897375,-0.012703616573718188,0,,,56.106572788626394,47.97253552686806,,,,,,,63.11936811026243,,,99.06933944339795,98.13867888679589,,,,,60,100,-40,,,,,,,,,,,,-391.7363407861013,-500.679168104501,-391.7363407861013,0.20243446623167036
2010-11-22,0.3415,0.346,0.3335,0.341,0.28799844106420874,0.313290878401603,0.31479950094060793,0.36120489083562585,0.012994809995005088,0.003539895920038172,-0.009454914074966916,0,,,60.297297339169916,55.18155672996864,,,,,,,62.091190979454844,,,99.09757085675307,99.21200445209338,,,,,60,100,-40,,,,,,,,,,,,-390.5115515522648,-515.1011375400462,-390.5115515522648,0.21205709809809967
2010-11-29,0.3385,0.36975,0.334,0.36975,0.3161485524167653,0.3245827027212824,0.3169544224723488,0.3612899167974604,0.014215201417749157,0.00831408769721953,-0.005901113720529627,0,,,65.53881684896544,60.64756232558725,,,,,,,67.90640370970307,,,99.15261438451063,99.3220915076085,99.15261438451063,,,,60,100,-40,,,,,,,,,,,,-483.1458149063984,-609.628203441856,-483.1458149063984,0.31276148955297434
2010-12-06,0.371,0.38325,0.36125,0.3736875,0.31880758438699636,0.33440366217702594,0.3191792490420606,0.3614132758343016,0.014540016149438076,0.01227390646626797,-0.002266109683170107,0,,,69.91205643351847,65.24939020721794,,,,,,,68.62059571560545,68.62059571560545,,98.98313726141276,98.98313726141276,,,,,60,100,-40,,,,,,,,,,,,-603.4829394688716,-718.7867119069732,-603.4829394688716,0.33416389991158846
2010-12-13,0.37525,0.378,0.35325,0.35925,0.3195847212164966,0.33937292974162075,0.3207506510404111,0.361391750701622,0.013080684225814265,0.014084745599097725,0.0010040613732834594,0,,,68.439137812203,67.9633370315623,,,,,,,63.04748226085413,,,95.8118490475687,97.39749315449073,,,,,60,100,-40,,,,,,,,,,,,-666.4860413836221,-767.1891279238872,-666.4860413836221,0.38285297936752394
2010-12-20,0.3605,0.37625,0.3575,0.373,0.319913491129604,0.3460983437932966,0.3227996451172577,0.36150725566976505,0.01234863120773242,0.016439850382948984,0.0040912191752165645,0,,,67.07436895881918,68.47518773484688,,,,,,,65.90450202872053,,,92.9824779030559,94.79357450204282,,,,,60,100,-40,,,,,,68.47518773484688,,105,,,,-653.4885793138727,-746.7911046649986,-653.4885793138727,0.3675560252961247
2010-12-27,0.372,0.3855,0.36525,0.385,0.3323884203346323,0.3538786750346373,0.3252388747205025,0.36174101431981714,0.011970972006704033,0.019054934183596606,0.007083962176892573,0,,,66.87045121458372,67.4613193285353,,,,,,,68.22706351388676,,,91.64710775204888,92.17295043720337,,91.64710775204888,,,60,100,-40,,,,,,,,,,,,-601.9452012568048,-692.8290856349988,-601.9452012568048,0.3703011989716921
2011-01-03,0.388,0.4982498,0.3855,0.49675,0.44500353316787283,0.38245294002770985,0.3319648012020514,0.36308438731165976,0.018173765202955692,0.029801168680587187,0.011627403477631495,0,,,78.80513902231765,70.91665306524018,,,,,,,81.16851772269847,,,94.97881447932573,93.06256883240371,,,,,60,100,-40,,,,,,70.91665306524018,,,,,,-611.5915283010222,-687.7692518831807,-611.5915283010222,0.4300857731075498
2011-01-10,0.4877498,0.5995,0.484,0.58975,0.5255211665130247,0.42391235202216787,0.3420740246843239,0.36533976654238953,0.026937894924643914,0.04529977213343639,0.018361877208792475,0,,,91.17196381563191,78.94918468417775,,,,,,,86.22641701915501,86.22641701915501,,97.96931004074065,95.98873631865587,97.96931004074065,,,,60,100,-40,,,,,,,,,,,,-697.6657958826545,-759.9930242680571,-697.6657958826545,0.4788691721396082
2011-01-18,0.58175,0.5900003,0.5447498,0.5554748,0.513608940333523,0.4502248416177343,0.3504426825398406,0.36723165742256475,0.028664187759657695,0.05419211190836459,0.025527924148706898,0,,,94.14293479113363,88.04001254302773,,,,,,,77.87530015331681,,,95.47943893923875,96.95095544188769,,,,,60,100,-40,,,,,,,,,,,,-607.1811057221719,-665.4488380375012,-607.1811057221719,0.41763271066068336
2011-01-24,0.5810003,0.62625,0.5745,0.5939998,0.5168330303096998,0.4789798332941874,0.35999394204808216,0.36948805685119596,0.030469412864072135,0.06361469022879707,0.03314527736472493,0,,,94.9574045019454,93.42410103623699,,,,,,,80.20924860803922,,,92.20611191579789,94.59250750775277,,,,,60,100,-40,,,,,,,,,,,,-568.6027228635952,-620.8217765761375,-568.6027228635952,0.3992281602967842
2011-01-31,0.595,0.65425,0.58525,0.64175,0.5599843995732928,0.5115338666353499,0.37104319922266715,0.3721971309123781,0.03274876305981321,0.07408123118949145,0.04133246812967824,0,,,94.09741804690398,94.39925244666101,,,94.39925244666101,,94.39925244666101,,82.66474232961167,82.66474232961167,,89.01800576072273,90.46591257046958,,,,,60,100,-40,,,,,,94.39925244666101,,105,,,,-590.6749550702143,-646.1269081077489,-590.6749550702143,0.42090325531534695
2011-02-07,0.6330003,0.6357498,0.55925,0.58675,0.5559676567466291,0.52657709330828,0.3795022894492292,0.3743319853311604,0.028573879597555404,0.0770498176266225,0.04847593802906709,0,,,88.04435995551252,92.36639416812064,,,,,,,71.58238144892718,,,82.51706527831217,85.60598645786081,,,,,60,100,-40,,,,,,,,,,,,-658.734054148357,-714.10383390634,-658.734054148357,0.3413800643139716
2011-02-14,0.59375,0.6502498,0.56125,0.64075,0.5503092526932984,0.549411674646624,0.38974729770612215,0.3769829108502533,0.027463461512128695,0.08280526491922796,0.055341803407099266,0,,,83.65090608488282,88.59756136243311,,,,,,,75.12888503581817,,,76.2872910727825,79.8932062988261,,,,,60,100,-40,,,,,,,,,,,,-738.0551352122922,-795.1758641051873,-738.0551352122922,0.4397614044490258
2011-02-22,0.6197498,0.6215,0.5445,0.578,0.5441264775009199,0.5551293397172992,0.39712975661960753,0.3789830808915443,0.020818693872471303,0.0813651707476884,0.060546476875217095,0,,,75.2280224270928,82.30776282249603,,,,,,,64.92822386048324,,,59.59979994923933,67.82727996099528,,,,,60,100,-40,,,,,,,,,,,,-674.7723833555118,-729.6893433587895,-674.7723833555118,0.4349030608454755
2011-02-28,0.5875,0.5877498,0.5060003,0.518875,0.5373495862508543,0.5478784717738393,0.40190407988942684,0.3803750402856583,0.011237321866833697,0.07459312920875921,0.06335580734192552,0,,,62.20855104268144,73.69582651821901,,,,,,,57.024969331507336,,,42.12429531055207,52.0755716013316,,,,,60,100,-40,,,,,,,,,,,,-626.6319500181461,-674.2912809299187,-626.6319500181461,0.35968761855421666
2011-03-07,0.52275,0.5245,0.4415,0.45125,0.5331282586615075,0.5285527774190715,0.4038392140114101,0.381080263765403,-0.000250447782978766,0.06304274761320205,0.06329319539618082,0,,,42.80444116460684,60.080338211460344,,,,,,,49.5514218566392,,,20.4406631936831,31.10666633615553,,,,,60,100,-40,,,,,,,,,,,,-483.60795910575587,-543.5110480335699,-483.60795910575587,0.25355960912951836
2011-03-14,0.45475,0.4662498,0.4252498,0.4405,0.529029811614257,0.5109422219352572,0.40527689189331556,0.38167150492196616,-0.008700702224630319,0.05241731761539292,0.06111801984002324,0,,,24.879091042017343,43.29736108310187,,,,,,,48.457746950912025,,,6.991279845163868,13.982559690327735,,,,,60,100,-40,,,,,,,,,,,,-399.3156029047094,-463.7817665729208,-399.3156029047094,0.2247455768432921
2011-03-21,0.45,0.48625,0.4259998,0.46575,0.5312241107846672,0.5019037775482057,0.4076483863288718,0.38250810686304115,-0.01248685812126342,0.04550944718844396,0.05799630530970738,0,,,13.498759566782816,27.06076392446899,,,,,,,51.19856223894909,,,3.5795121565028656,4.2334210910541,,,,,60,100,-40,,,,,,,,,,,,-450.34912964930766,-506.73053628693515,-450.34912964930766,0.21483006495639412
2011-03-28,0.4767503,0.491,0.44875,0.455,0.5305116457286195,0.4925230220385646,0.40950531235519055,0.38322941923256315,-0.01542014668200159,0.038721121957205396,0.054141268639206985,0,,,5.583120422962382,14.653657010587507,,,,,,,49.972929463178474,,,3.437166477439482,2.4499840442076493,,3.437166477439482,,,60,100,-40,,,,,,,,,,,,-562.1038333494336,-617.3249842347651,-562.1038333494336,0.16449524709901484
2011-04-04,0.455,0.45625,0.43275,0.43875,0.5324215281765753,0.48176841763085165,0.4106521628510654,0.3837818628222889,-0.01798095820353733,0.03166507088478532,0.04964602908832265,0,,,-3.7198451859267925,5.120678267939461,,,,,,,48.08778606614745,,,4.1745579625513685,3.9247670144314206,,,,,60,100,-40,,,,,,,,,,,,-494.4485909222638,-560.5386234648079,-494.4485909222638,0.10954396412333711
2011-04-11,0.4405,0.4735,0.42075,0.4677503,0.5368735618782485,0.47896479410468135,0.412891305484357,0.38461736965987803,-0.01724531568751283,0.02808938447893161,0.04533470016644444,0,,,-8.650964792513038,-2.2625631851591574,,,,,,,51.616512441474256,,,4.902250361806013,4.663299636238664,,,,,60,100,-40,,,,,,,,,,,,-447.27611984548855,-515.8952373802973,-447.27611984548855,0.1358800531561671
2011-04-18,0.45675,0.47375,0.43825,0.463,0.5368290217440879,0.47577183528374506,0.4148563523281077,0.385397296329929,-0.01659666212157835,0.024588872514471505,0.041185534636049854,0,,,-11.489281632562625,-7.953363870334159,,,,,,,51.00132068322726,,,6.114594891842011,5.448684945432174,,,,,60,100,-40,,,,,,,,,,,,-463.225916237218,-524.8233760384251,-463.225916237218,0.11783646310101686
2011-04-25,0.4650003,0.511,0.46475,0.5,0.5382519487623674,0.480617468226996,0.418195318903476,0.3865376217395814,-0.013334301276258481,0.024517658040726753,0.037851959316985234,0,,,-5.651348958758319,-8.597198461278001,,,,,,,55.47878048597562,,,11.657569253404386,8.809211108108496,,,,,60,100,-40,,,,,,-8.597198461278001,,,,,,-531.7302951031784,-589.4009440314387,-531.7302951031784,0.12998612770471532
2011-05-02,0.5105,0.5107498,0.45625,0.4830003,0.5387160952793411,0.48109403458159683,0.4207366907111828,0.3874974493839637,-0.012020480821446064,0.02282635829017765,0.034846839111623715,0,,,-3.2833130680984444,-6.807981219806471,,,,,,,53.06521605262362,,,14.19185536002156,12.41753573924881,,,,,60,100,-40,,,,,,,,,,,,-465.96115053896403,-520.4189542075408,-465.96115053896403,0.14473779660768418
2011-05-09,0.4845,0.513,0.453,0.4564998,0.47546854561653096,0.47617518766527744,0.42213916558525405,0.38818403993735706,-0.012575762126243353,0.019127136453819527,0.03170289858006288,0,,,-4.49458051565471,-4.476414180837167,,,,,,,49.433372371338706,,,14.40676654023078,14.821408864989037,14.40676654023078,,,,60,100,-40,,,,,,-4.476414180837167,,,,,,-435.7863958955161,-487.6155079879879,-435.7863958955161,0.08810688543170558
2011-05-16,0.4552503,0.45625,0.428,0.45225,0.41509579235820726,0.47139015013222196,0.42331998262112647,0.38882151217678634,-0.012824801041880739,0.015671897277711955,0.028496698319592693,0,,,-14.854885990588638,-7.544259858113931,,,,,,,48.85250024513549,,,9.398279133159596,12.188714365646504,,,,,60,100,-40,,,,,,,,,,,,-354.7343239145131,-417.13996108108097,-354.7343239145131,0.10151755873434737
2011-05-23,0.44575,0.4882775,0.4400003,0.4875,0.39956219290404965,0.4746121201057776,0.42583684604774896,0.3898033876775148,-0.010318822856388781,0.015598169749106716,0.025916992605495497,0,,,-12.43826997455395,-10.595912160265767,,,,,,,53.73727195652145,,,10.805013840655526,10.552498949364065,,,,,60,100,-40,,,,,,,,,,,,-335.6917195664198,-399.4781499754299,-335.6917195664198,0.05434312480750731
2011-05-31,0.497,0.50125,0.45925,0.4615003,0.39983957912518897,0.47198975608462207,0.42723541286940586,0.39051678979017634,-0.010102714921835506,0.013288598953201114,0.02339131387503662,0,,,-9.32763409804507,-12.206930021062552,,,,,,,49.927238980018565,,,11.930541084134695,10.381613700222266,,,,,60,100,-40,,,,,,-12.206930021062552,,,,,,-231.9295887361617,-292.3003045253517,-231.9295887361617,-0.0728958961901605
2011-06-06,0.4607498,0.4650003,0.4185003,0.428,0.4009938949019612,0.4631918048676977,0.42726539667844876,0.39088975705594575,-0.011788826671797412,0.008655280535289855,0.020444107207087267,0,,,-23.545345762116916,-15.103749944905312,,,,,,,45.43101417762445,,,12.84838368159804,12.558441140797548,12.84838368159804,,,,60,100,-40,,,,,,-15.103749944905312,,,,,,-77.94239078413227,-162.79115824801505,-77.94239078413227,-0.06434486000667071
2011-06-13,0.428,0.438,0.38275,0.395125,0.40142290240896394,0.44957844389415813,0.42600498896556843,0.39093189877678214,-0.014512049797988914,0.002304044959601126,0.01681609475759004,0,,,-40.18046365344185,-24.351147837867945,,,,,,,41.46152259513727,,,6.82692472199196,10.067911033607395,,,,,60,100,-40,,,,,,,,,,,,1.6834984493463878,-101.37458402110323,1.6834984493463878,-0.07632658638295997
2011-06-20,0.39175,0.4079103,0.385,0.3935,0.40057126652260944,0.4383627551153265,0.4247302835159383,0.3909574520227843,-0.015715180495149632,-0.0028278808613469986,0.012887299633802632,0,,,-50.53800481939929,-38.087938078319354,,,,,,,41.268436863186395,,,2.7873774387958417,5.574754877591684,,,,,60,100,-40,,,,,,,,,,,,-14.986228541443865,-112.94284147181176,-14.986228541443865,-0.12091150329569607
2011-06-27,0.3935,0.4052503,0.3715,0.403625,0.4044004189138516,0.4314152040922612,0.42390262533884265,0.39108349727628894,-0.01511680098259344,-0.00600870159443917,0.00910809938815427,0,,,-55.676501663031225,-48.798323378624126,,,,,,,43.058377175908056,,,3.4241004341822476,2.6085348196852554,,3.4241004341822476,,,60,100,-40,,,,,,,,,,,,-124.98873244299955,-224.22596120420965,-124.98873244299955,-0.065851845374863
2011-07-05,0.40325,0.407,0.3825,0.38575,0.40640748899143364,0.42228216327380896,0.4224064439530057,0.39103042765164925,-0.015173078154103473,-0.00985824830447507,0.0053148298496284024,0,,,-57.78883436379122,-54.66778028207391,,,,,,,40.6868186457504,,,3.5330550405660337,2.8264440324528266,,,,,60,100,-40,,,,,,,,,,,,-160.44532654427235,-244.36669553071698,-160.44532654427235,-0.1705840619549361
2011-07-11,0.3785,0.38,0.34525,0.3525,0.4095926683491884,0.40832573061904714,0.41966501477837803,0.39064704031183184,-0.016583345376939694,-0.015414351871546217,0.001168993505393478,0,,,-64.0250064128463,-59.16344747988958,,,,,,,36.62212822376354,,,4.23966604867924,4.23966604867924,,,,,60,100,-40,,,,,,,,,,,,-140.3643580816774,-218.118205434223,-140.3643580816774,-0.1931645062278604
2011-07-18,0.34975,0.37625,0.3405,0.375,0.39776462060996065,0.4016605844952377,0.4179134455713828,0.3904913483684305,-0.015172707238209043,-0.017796890542367827,-0.0026241833041587828,0,,,-65.02582212462649,-62.27988763375466,,,,,,,40.94695773646369,,,6.71876238529866,5.47921421698895,,,,,60,100,-40,,,,,,,,,,,,-173.02538388500878,-245.73307717345523,-173.02538388500878,-0.10199367354727096
2011-07-25,0.36925,0.37075,0.33975,0.34575,0.39906714770924917,0.3904784675961902,0.4150835065293678,0.390046160822476,-0.015335910684713006,-0.02179407166005004,-0.006458160975337034,0,,,-66.17868923298957,-65.07650592348745,,,,,,,37.35685327325727,,,8.150060182564003,7.124524241853904,,,,,60,100,-40,,,,,,,,,,,,-70.6571322695526,-157.41797223282697,-70.6571322695526,-0.0594227657474792
2011-08-01,0.35375,0.3845,0.315,0.32375,0.4003480657300171,0.37713277407695217,0.41150180039096124,0.3893864975307101,-0.015979380446852823,-0.026432386533903063,-0.01045300608705024,0,,,-67.15203381106606,-66.1188483895607,,,,,,,34.86600887374762,,,8.97271519499648,8.769834266718858,8.97271519499648,,,,60,100,-40,,,,,,,,,,,,251.2805281430933,115.74893180950525,251.2805281430933,-0.09252312724076325
2011-08-08,0.308,0.3715,0.29625,0.322,0.3966446324635873,0.3661062192615617,0.4079919258658255,0.3887159851174692,-0.015561412150471335,-0.029904771275139408,-0.014343359124668073,0,,,-67.96088204455006,-67.09720169620189,,,,,,,34.66681876168883,,,3.8700557542018554,6.522825938737978,,,,,60,100,-40,,,,,,,,,,,,251.04770484434908,128.3400351168679,251.04770484434908,-0.14131049543922114
2011-08-15,0.32525,0.335,0.29125,0.29325,0.366384601573331,0.3515349754092494,0.4034922424985382,0.38776607481779285,-0.01618767494827325,-0.03457795281000964,-0.018390277861736387,0,,,-70.52669368540151,-68.54653651367254,,,,,,,31.46728484949263,,,1.7321469488233057,3.4642938976466113,,,,,60,100,-40,,,,,,,,,,,,459.0390312362856,319.5509378228919,459.0390312362856,-0.14444683741522016
2011-08-22,0.30145,0.331,0.295125,0.32525,0.33342828003237884,0.3462779803273995,0.4004239192633014,0.38714402432209344,-0.013521793772520073,-0.03529252007738648,-0.021770726304866407,0,,,-68.28830327194959,-68.92529300063372,,,,-68.92529300063372,,-68.92529300063372,38.33035462503164,,,7.690045565163512,4.1493441749981885,,,,,60,100,-40,,,,,,-68.92529300063372,-107,,,,,458.3046619205973,323.26894912782063,458.3046619205973,-0.0867118707657066
2011-08-29,0.3345,0.348,0.3205,0.323,0.3104155457443518,0.3416223842619196,0.3973876871353288,0.38650577532386365,-0.011087146512532502,-0.035629659445532036,-0.024542512932999534,0,,,-62.43290021951226,-67.08263239228778,,,,,,,38.04018115805608,,,17.796649523065216,11.706011500364816,,,,,60,100,-40,,,,,,,,,,,,448.6129052077615,322.67459474094414,448.6129052077615,-0.16633405752966926
2011-09-06,0.3125,0.366,0.3095,0.347,0.3131447924768981,0.34269790740953565,0.3954116994045316,0.3861126830320839,-0.0072245768988189185,-0.03357323405652318,-0.026348657157704264,0,,,-54.35972840972559,-61.69364396706248,,,,,,,43.02437357432931,,,39.81832006190694,28.688668656227083,,,,,60,100,-40,,,,,,,,,,,,517.9560133518048,382.18830478804523,517.9560133518048,-0.1585510817981017
2011-09-12,0.34225,0.4025003,0.34225,0.3865,0.3115362358714054,0.35145832592762855,0.3950622209965107,0.38611653693226217,-0.001663855437679617,-0.028428476454803786,-0.02676462101712417,0,,,-36.58032177007576,-51.12431679977121,,,,,,,50.17119733433177,,,61.172915065952935,49.29527228631457,,,,,60,100,-40,,,,,,,,,,,,432.8731018332948,305.4267948265824,432.8731018332948,-0.1437918007863634
2011-09-19,0.3800025,0.38475,0.33125,0.34475,0.2923818190234479,0.35011666074210285,0.39308919272213777,0.38570492959960284,-0.000511660426970869,-0.027404196550837756,-0.026892536123866887,0,,,-30.19161285602935,-40.37722101194356,,,,,,,43.87012676491431,,,76.25296227843396,69.1261134675115,76.25296227843396,,,,60,100,-40,,,,,,,,,,,,522.3507196817867,353.53101394902194,522.3507196817867,-0.16954342961938684
2011-09-26,0.349,0.35725,0.31225,0.31275,0.2912116890932016,0.3426433285936823,0.389938636144799,0.3849790099020944,-0.0015596559545818026,-0.028842106067094142,-0.02728245011251234,0,,,-34.66590012437959,-33.81261158349489,,,,,,,39.72723297136262,,,73.96044589483459,76.08781518115423,,,,,60,100,-40,,,,,,-33.81261158349489,,,,,,630.1051342850983,421.0708295946543,630.1051342850983,-0.16841631151221784
2011-10-03,0.30875,0.359,0.28675,0.35375,0.2915894255865443,0.3448646628749458,0.3885194739430422,0.38466827348515814,0.0007304936005462399,-0.02636933311182954,-0.02709982671237578,0,,,-35.05610067002641,-33.304537883478446,,,,,,,46.71211931142166,,,69.89185493278185,73.74914939085878,,,,,60,100,-40,,,,,,,,,,,,557.3587462332622,373.60340603198983,557.3587462332622,-0.15279405401680518
2011-10-10,0.35975,0.39725,0.359,0.393,0.294547323758934,0.3544917302999567,0.38869518084723664,0.3847511762365496,0.0048795285445853015,-0.021000416031644153,-0.025879944576229455,0,,,-15.232445947578327,-28.318148913994776,,,,,,,52.42946157279496,,,73.89933949642756,71.41657901901876,,73.89933949642756,,,60,100,-40,,,,,,-28.318148913994776,,,,,,450.5662469181236,290.2209685716281,450.5662469181236,-0.15679711391387838
2011-10-17,0.3885,0.39425,0.346,0.362,0.2953653720618673,0.35599338423996535,0.3876483110100901,0.38452479637349934,0.0054818652543065505,-0.019027613008346267,-0.024509478262652817,0,,,-6.6096673562315615,-18.966071324612095,,,,,,,48.0210555759148,,,82.39076403927254,76.79954713177159,,,,,60,100,-40,,,,,,,,,,,,359.55420202391934,218.3626106495139,359.55420202391934,-0.13642743617805375
2011-10-24,0.3635,0.3935,0.355,0.39,0.29544641691459106,0.3627947073919723,0.3877405341077336,0.384579276011574,0.0075823726215428,-0.015031512485724319,-0.02261388510726712,0,,,4.414897095558963,-5.80907206941697,,,,,,,51.97248934956659,,,89.44449200235714,85.81326623133104,,,,,60,100,-40,,,,,,,,,,,,265.9988925650249,139.56940871323866,265.9988925650249,-0.09083855904823061
2011-10-31,0.3775,0.37975,0.33825,0.3705,0.2969145299921203,0.3643357659135778,0.38706443473095975,0.3844391837129514,0.007463171473106451,-0.013284920765884056,-0.020748092238990507,0,,,5.161596920538337,0.9889422199552488,,,,,,,49.153334549422496,,,89.13080244660344,89.8298259033409,,,,,60,100,-40,,,,,,,,,,,,217.6354575532022,100.55678894719527,217.6354575532022,-0.036412246476439106
2011-11-07,0.36775,0.37925,0.35175,0.3745,0.29638492070696887,0.36636861273086224,0.3865717118003339,0.3843402863625738,0.007441653773401637,-0.01144602502223846,-0.018887678795640097,0,,,8.885846584645595,6.154113533580968,,,,,,,49.75894263092411,,,90.82178868180182,90.78776853171321,90.82178868180182,,,,60,100,-40,,,,,,,,,,,,194.42901072534727,75.00100913861431,194.42901072534727,0.009484257427333699
2011-11-14,0.3745,0.37825,0.344375,0.34825,0.2993574263707568,0.3627448901846898,0.3850688995728698,0.383981179035583,0.00553504479556801,-0.011968872801180086,-0.017503917596748096,0,,,4.089803908711404,6.045749137965114,,,,,,,45.87447328535768,,,84.59960937978616,87.12170164533218,,,,,60,100,-40,,,,,,6.045749137965114,,,,,,225.44191786619322,90.45537111341173,225.44191786619322,-0.059668364772598494
2011-11-21,0.3427525,0.379,0.3375,0.351,0.3012068959157027,0.36039591214775185,0.3837328642955024,0.38365300809990555,0.00438494148202883,-0.012022740744212057,-0.016407682226240887,0,,,-0.5581725675078104,4.1391593086163985,,,,,,,46.34980560835503,,,77.45738698204221,81.96202497755375,,,,,60,100,-40,,,,,,,,,,,,319.9070237087035,180.37257636551868,319.9070237087035,-0.051387290430317555
2011-11-28,0.3625,0.40125,0.3625,0.393,0.3018349747788668,0.3669167297182015,0.3840962813819533,0.38374601299443384,0.0062641407152938585,-0.008577506332123563,-0.014841647047417422,0,,,16.042510961444933,6.524714100882844,,,,,,,53.15632209758647,,,77.00385905941027,77.25949605489784,,,,,60,100,-40,,,,,,6.524714100882844,,,,,,253.56029212530288,127.5775624808789,253.56029212530288,-0.0007729877160896228
2011-12-05,0.3995,0.4,0.359375,0.3725,0.3011681908660906,0.3680333837745612,0.38364152524932765,0.38363411236762357,0.005940656136116211,-0.007415826877272158,-0.013356483013388369,0,,,21.810587521047054,12.431641971661394,,,,,,,49.81455244497197,,,77.30424780971757,76.07736666747213,,,,,60,100,-40,,,,,,,,,,,,222.00387537524784,92.56346021162818,222.00387537524784,-0.05859200703365246
2011-12-12,0.3645,0.3725,0.33575,0.33775,0.30192403437565557,0.36197670701964896,0.3818418575924913,0.38317755403560744,0.0033305879461424433,-0.009193248080710315,-0.012523836026852758,0,,,6.234944035256033,14.696014172582677,,,,,,,44.658803901806685,,,73.71112809987291,75.67540180390789,,,,,60,100,-40,,,,,,14.696014172582677,,,,,,257.0940798524755,100.27919471860486,257.0940798524755,-0.06502807134571444
2011-12-19,0.33925,0.36,0.32775,0.35425,0.30317946049168015,0.36043136561571915,0.38075982396141317,0.38288971767704416,0.002687221721876614,-0.009164808874506991,-0.011852030596383605,0,,,-5.283357891349615,7.58739122165116,,,,,,,47.45616483358063,,,63.85645387275122,69.49772277332585,,,,,60,100,-40,,,,,,,,,,,,220.34970169747993,61.1375229515858,220.34970169747993,0.003633572066711007
2011-12-27,0.35275,0.357,0.34125,0.3465,0.3049880704565601,0.3576450924925753,0.37941630145312244,0.382527630933989,0.0017565694395045607,-0.009656318797002905,-0.011412888236507466,0,,,-12.715311746272612,-3.9212418674553953,,,,,,,46.266174536627105,,,54.59834668149165,59.78968318274946,,,,,60,100,-40,,,,,,,,,,,,214.8315741161199,42.74888241493386,214.8315741161199,0.03525979607101799
2012-01-03,0.3575,0.3695,0.348,0.3635,0.30902463685252013,0.35881607399406024,0.3787921327686863,0.38233830127295426,0.0022701217544564035,-0.008575236043436962,-0.010845357797893366,0,,,-8.91164671676229,-8.970105451461503,,,,,,,49.2880096520054,,,54.65074274620871,54.23092016120697,,,,,60,100,-40,,,,,,-8.970105451461503,,,,,,169.40765154955267,14.976358339491327,169.40765154955267,0.09765362577427607
2012-01-09,0.36375,0.3705,0.3415,0.34325,0.31173716279162583,0.3557028591952482,0.3773983236405025,0.38194936295183035,0.0012795702272788059,-0.009245895013794858,-0.010525465241073664,0,,,-13.583465370117874,-11.736807944384255,,,,,,,45.95315757996215,,,44.36075130071616,48.299769528219166,,,,,60,100,-40,,,,,,-11.736807944384255,,,,,,125.87898763145216,-8.655706813143453,125.87898763145216,0.027028859545361848
2012-01-17,0.3485,0.3625,0.3375,0.3555,0.3133987940207954,0.35566228735619854,0.3765395658506789,0.3816861852110161,0.0014693595737472458,-0.008688765773889606,-0.010158125347636852,0,,,-16.824904107833362,-13.106672064904508,,,,,,,48.24791261884477,,,41.15116844501702,44.448658823614416,,41.15116844501702,,,60,100,-40,,,,,,,,,,,,57.53735351664268,-53.445578301662806,57.53735351664268,0.08291178277146886
2012-01-23,0.35575,0.381,0.35125,0.37275,0.31551316587645295,0.35907982988495885,0.37639095542516204,0.38159726794523485,0.002704753993059337,-0.00677718285631268,-0.009481936849372017,0,,,-2.441147610616813,-10.949839029522684,,,,,,,51.39604327451016,,,43.481298886990544,41.309502228403474,,,,,60,100,-40,,,,,,-10.949839029522684,,,,,,-3.833074395474192,-97.36456406499684,-3.833074395474192,0.08882878341647994
2012-01-30,0.36625,0.39875,0.36075,0.3955,0.3192979397424206,0.3663638639079671,0.3771403297222145,0.3817356035875708,0.004875584467972052,-0.0033874562644069517,-0.008263040732379004,0,,,17.59002388874007,-0.5586759432367027,,,,,,,55.28252440507047,,,63.14019375349038,52.446790279744505,,,,,60,100,-40,,,,,,,,,,,,-208.59069723266066,-293.29827968954294,-208.59069723266066,0.08382853962668602
2012-02-06,0.3935,0.4155,0.3865,0.397375,0.32118737261796193,0.3725660911263737,0.3779338462036963,0.3818912194722716,0.006175623444079526,-0.0005435114272795971,-0.006719134871359123,0,,,35.1070790952156,16.751985124446286,,,,,,,55.59952098077889,,,81.85444290399083,70.79889464519889,,,,,60,100,-40,,,,,,,,,,,,-196.11966137217695,-273.60768338235334,-196.11966137217695,0.1154992810207643
2012-02-13,0.4075,0.4224998,0.375,0.39625,0.32248648885953607,0.37730287290109893,0.3786521267447278,0.38203409291035845,0.006656188500948277,0.0016011007548262235,-0.005055087746122054,0,,,43.518917419719195,32.07200680122495,,,,,,,55.344506309486924,,,93.98502320397915,88.67840869949434,,,,,60,100,-40,,,,,,,,,,,,-255.00699566814475,-323.86083185828903,-255.00699566814475,0.1777546170152839
2012-02-21,0.396,0.4080003,0.39,0.39475,0.32104998251242634,0.38079229832087913,0.3792834158919934,0.38216061934906137,0.006558828742775259,0.0031434481823470195,-0.0034153805604282394,0,,,47.57237277036165,42.06612309509882,,,,,,,54.98025451040167,,,97.08185678000162,96.5913356078125,97.08185678000162,,,,60,100,-40,,,,,,,,,,,,-291.3693600921184,-351.34068061132734,-291.3693600921184,0.10397659184352227
2012-02-27,0.38975,0.3915,0.3785,0.3845,0.32393029804725304,0.3815338386567033,0.3794879878177976,0.3821838967684737,0.00553098721037709,0.0034983534525431237,-0.0020326337578339664,0,,,42.78291820239718,44.624736130826,,,,,44.624736130826,,52.42597501812515,,,91.90591857196223,95.16896320114479,,,,,60,100,-40,,,,,,44.624736130826,,,,,,-264.7567491662787,-324.7332841365406,-264.7567491662787,0.05315349231274979
2012-03-05,0.38175,0.3825,0.3615,0.3705,0.32685491961530644,0.37932707092536266,0.3791355177072957,0.3820676390891854,0.0037218964019056318,0.0026197367445480735,-0.0011021596573575583,0,,,29.641329050060037,39.99887334093962,,,,,,,49.05386904469164,,,78.04355208427607,85.57558901588065,,,,,60,100,-40,,,,,,,,,,,,-309.34643113604625,-365.69086883898774,-309.34643113604625,0.06857206300004547
2012-03-12,0.372,0.3745,0.358,0.365,0.3286063539284988,0.37646165674029014,0.3785811836795586,0.3818978118345666,0.002051936399753992,0.0014627608423349314,-0.0005891755574190603,0,,,15.877804465852579,29.4340172394366,,,,,,,47.74680820423442,,,59.480013690207294,69.52860411896644,,,,,60,100,-40,,,,,,,,,,,,-359.46526183858333,-413.74707450462637,-359.46526183858333,0.023899162699701236
2012-03-19,0.367,0.36875,0.356,0.363625,0.3311612572193203,0.3738943253922321,0.3779946666725171,0.3817159928113371,0.0008152940395115554,0.00042994199197038396,-0.00038535204754117146,0,,,3.864169995788451,16.461101170567023,,,,,,,47.404713636103,,,40.750595042733565,50.3610321248967,,,,,60,100,-40,,,,,,,,,,,,-336.8352142315682,-386.70215186742155,-336.8352142315682,-0.004967389192090144
2012-03-26,0.36725,0.38725,0.36375,0.384875,0.3340693817036546,0.3760904603137857,0.3782644836657517,0.381747425718687,0.0013570900422801516,0.0013110105053090182,-0.00004607953697113355,0,,,6.977911978363322,8.90662881333479,,,,,,,53.03805711294583,,,41.165219644893625,40.725505127951465,,,,,60,100,-40,,,,,,,,,,,,-347.41062982582855,-404.5744878915267,-347.41062982582855,-0.02220055020150139
2012-04-02,0.384,0.3872475,0.364,0.36575,0.33521621158196496,0.3740223682510285,0.3777737196004281,0.3815882473533269,0.0004054436558113398,0.0004607250327930412,0.000055281376981701404,0,,,3.479973190984497,4.774018388378761,,,,,,,48.02302689967726,,,38.18750215351428,37.280024107358706,,,,,60,100,-40,,,,,,,,,,,,-290.60869713022333,-352.8336719112491,-290.60869713022333,-0.010804778688243082
2012-04-09,0.36,0.369,0.35225,0.354,0.33633505361182464,0.3700178946008228,0.37684141687099953,0.3813137374294132,-0.0009626454287937968,-0.0011480254090105446,-0.0001853799802167478,0,,,-10.86173586109009,-0.13461689724741946,,,,,,,45.17969368512585,,,35.43826317800114,37.89411017937699,,,,,60,100,-40,,,,,,,,,,,,-249.58893401563728,-316.8639133819311,-249.58893401563728,-0.014430392624932072
2012-04-16,0.3565,0.3575,0.334,0.33475,0.3383021926395514,0.36296431568065823,0.37519077307213683,0.3808504166589713,-0.002996473653257131,-0.0039309720467881615,-0.0009344983935310305,0,,,-28.690189235903617,-12.023983968669732,,,,,,,40.88352311827824,,,17.362251211829747,26.70047469998867,,,,,60,100,-40,,,,,,,,,,,,-226.0273096491578,-290.1613836761254,-226.0273096491578,-0.09766043641903123
2012-04-23,0.329,0.3345,0.31875,0.3245,0.3391645360224406,0.3552714525445266,0.37320289961832753,0.38028971599569794,-0.004759769092865941,-0.006884209759613458,-0.002124440666747516,0,,,-44.36966498030695,-27.97386335910021,,,,,,,38.757587040294325,,,6.834407316716016,13.668814633432044,,,,,60,100,-40,,,,,,,,,,,,-285.8405260765836,-347.40476846228444,-285.8405260765836,-0.09439436590820567
2012-04-30,0.32275,0.33425,0.3065,0.3065,0.33991171202083775,0.3455171620356213,0.37058709963329506,0.37955548996589,-0.006744803381389081,-0.010555444893483867,-0.0038106415120947863,0,,,-55.0438289015833,-42.70122770593128,,,,,,,35.26858904517498,,,1.337337953945132,2.674675907890276,,1.337337953945132,,,60,100,-40,,,,,,,,,,,,-197.50588497175022,-268.78571965095995,-197.50588497175022,-0.0920957243446342
2012-05-07,0.312,0.342,0.303,0.33025,0.33847158973363506,0.342463729628497,0.36900525258885214,0.3790648880756821,-0.0060850002714712085,-0.011416891851433797,-0.005331891579962588,0,,,-56.695042508575305,-52.036178796821844,,,,,,,42.648362444829715,,,8.579023810760468,4.289511905380228,,,,,60,100,-40,,,,,,,,,,,,-126.14117861325016,-204.46104335078545,-126.14117861325016,-0.0902755697142135
2012-05-14,0.3275,0.3355,0.3005,0.302,0.327045047609804,0.3343709837027976,0.36637759562458344,0.3782980732689589,-0.007106701860551308,-0.014215268905651723,-0.007108567045100415,0,,,-60.54220178420431,-57.42702439812097,,,,,,,37.18551910445617,,,12.872671955529935,9.653469906800142,,,,,60,100,-40,,,,,,,,,,,,61.339035680068044,-61.83176274155173,61.339035680068044,-0.12419414148643027
2012-05-21,0.3025,0.31325,0.295625,0.31,0.326175758494818,0.3294967869622381,0.3641667095216586,0.37761849045036233,-0.006799190808754055,-0.015607555556042985,-0.00880836474728893,0,,,-63.26778635357721,-60.1683435487856,,,,,,,39.560556667521745,,,20.640524835642715,17.560364847921466,20.640524835642715,,,,60,100,-40,,,,,,,,,,,,70.18648373823751,-43.31689678854232,70.18648373823751,-0.11276457736697393
2012-05-29,0.315,0.32,0.299,0.2995,0.3278507043166167,0.3234974295697905,0.36163076012865236,0.37684119203792094,-0.00683980531169482,-0.017358121386907455,-0.010518316075212635,0,,,-63.3237414902527,-62.37790987601141,,,,,,,37.5422267646919,,,16.71474554757157,18.31051248069171,,,,,60,100,-40,,,,,,,,,,,,176.51621396764887,50.92253899119264,176.51621396764887,-0.096995515046944
2012-06-04,0.301,0.316,0.29075,0.303,0.3289238682940012,0.3193979436558324,0.3593315146334111,0.3761064538086879,-0.006187452495373207,-0.018252631694429144,-0.012065179199055937,0,,,-62.767241318564906,-63.119589720798274,,,,,,-63.119589720798274,38.6720974064931,,,18.765747453088537,19.09278958599812,,,,,60,100,-40,,,,,,-63.119589720798274,-107,,-106,,,132.60417506444003,17.118440992794,132.60417506444003,-0.11951516664895408
2012-06-11,0.31275,0.31825,0.29775,0.30725,0.3293132348444297,0.3169683549246659,0.357289102294846,0.37542131496482034,-0.005072992897246106,-0.01840642032061357,-0.013333427423367464,0,,,-59.245570342783594,-61.778851050533724,,,,,,,40.09760458674313,,,19.03773861619986,17.908290291757528,,,,,60,100,-40,,,,,,,,,,,,100.31250687090545,-16.90309373316854,100.31250687090545,-0.15973169397712905
2012-06-18,0.305,0.3425,0.3025,0.324875,0.3112283609269705,0.3185496839397327,0.35601796102838146,0.37491836655721017,-0.002862191903935371,-0.01691116730328668,-0.014048975399351307,0,,,-47.937051437962964,-56.64995436643716,,,,,,,45.76157137071254,,,30.432708615949974,24.867827373180276,,,,,60,100,-40,,,,,,,,,,,,67.52841471255898,-46.55707669077426,67.52841471255898,-0.18571969912610306
2012-06-25,0.32525,0.34625,0.312,0.3455,0.2976584780036154,0.32393974715178614,0.35560549196844493,0.3746256464919643,0.00011785730073327061,-0.013901653773434719,-0.01401951107416799,0,,,-32.533162790731254,-46.5719281904926,,,,,,,51.56712565114888,,,49.33852702143233,38.71045771055663,,,,,60,100,-40,,,,,,,,,,,,-35.658569780633584,-149.91033547426983,-35.658569780633584,-0.1251245137161412
2012-07-02,0.34725,0.3475,0.33125,0.335,0.28829001528907144,0.32615179772142894,0.35479743345987846,0.3742313614522432,0.0014372438709069346,-0.012222956235534321,-0.013660200106441256,0,,,-18.94463924578693,-33.138284491493714,,,,,,,48.692657401084716,,,68.24991655430757,58.11600482491071,,,,,60,100,-40,,,,,,,,,,,,-56.44792072960932,-156.29027447894805,-56.44792072960932,-0.1398101102010257
2012-07-09,0.333,0.33675,0.307125,0.313875,0.2900550141969949,0.32369643817714316,0.3531926321477264,0.3736308006417731,0.0009652564024001716,-0.012453629603441041,-0.013418886005841213,0,,,-20.339558145730873,-23.939120060749683,,,,,,,43.417678631493104,,,73.27357573558578,71.224394021796,73.27357573558578,,,,60,100,-40,,,,,,,,,,,,-106.18466241513491,-202.41931548277566,-106.18466241513491,-0.14566772625207422
2012-07-16,0.312,0.334,0.304,0.320125,0.2897832274686381,0.32298215054171453,0.35189586225958025,0.3730984046154868,0.0011400212865683643,-0.011993859397630757,-0.013133880684199122,0,,,-21.09894331692568,-20.12771356948116,,,,,,,45.31639368344733,,,69.451249987979,73.15227142725949,,,,,60,100,-40,,,,,,-20.12771356948116,,,,,,-63.24199652147399,-168.34307630408918,-63.24199652147399,-0.13993093207399407
2012-07-23,0.31175,0.338,0.30825,0.336875,0.28947728264944966,0.3257607204333716,0.35130680883763593,0.3727379727287656,0.0023784836826754533,-0.010160776080854805,-0.012539259763530259,0,,,-14.178635825868778,-18.53904576284177,,,,,,,50.17104163398942,,,69.21181052896657,69.8741517640018,,,,,60,100,-40,,,,,,-18.53904576284177,,,,,,-79.92526988120599,-179.553426066982,-79.92526988120599,-0.09617934537060079
2012-07-30,0.337,0.3465,0.3275,0.343,0.28922890531734613,0.3292085763466973,0.3509810516283169,0.3724420725026087,0.003535245103261305,-0.008120203384453628,-0.011655448487714933,0,,,0.20479618183594184,-11.690927653652833,,,,,,,51.86391603249315,,,78.94771033129692,73.04877962630592,,,,,60,100,-40,,,,,,,,,,,,-78.1206753573504,-164.18007587298533,-78.1206753573504,-0.0654721683014638
2012-08-06,0.34625,0.3805,0.34575,0.365525,0.31055898350896427,0.3364718610773578,0.35155140254485345,0.37237324591054294,0.005618710737989382,-0.004632060065228205,-0.010250770803217587,0,,,22.047420312651155,2.6911935562061124,,,,,,,57.60249126587057,,,90.39297292361215,83.54551404436089,,,,,60,100,-40,,,,,,,,,,,,-61.189643474195776,-147.96551662335162,-61.189643474195776,-0.06234541985160456
2012-08-13,0.366,0.372,0.360125,0.36625,0.3098529846868954,0.3424274888618863,0.35212781813132976,0.37231231809053755,0.006769766660016401,-0.0017885624781970866,-0.008558329138213487,0,,,34.77800414643388,19.01007354697367,,,,,,,57.77800350310722,,,97.01451213985854,94.02902427971709,,,,,60,100,-40,,,,,,,,,,,,-107.33698102434201,-187.4263317827422,-107.33698102434201,-0.10348275004853955
2012-08-20,0.365,0.36975,0.35625,0.365,0.3121849143521172,0.346941991089509,0.35263260957715997,0.3722395587065521,0.007134596430796782,0.0003599164002824895,-0.006774680030514292,0,,,40.76213306204703,32.52918584037736,,,,,,,57.33468221518826,,,99.10916802864111,98.8646919650364,99.10916802864111,,,,60,100,-40,,,,,,,,,,,,-101.45752992900711,-183.34881691315275,-101.45752992900711,-0.06243956557909562
2012-08-27,0.36475,0.3657475,0.34725,0.35075,0.3141181347555374,0.34770359287160724,0.3525587817506047,0.37202573225176055,0.006141619084194706,0.0009023438247290905,-0.0052392752594656155,0,,,39.60370683874154,38.38128134907416,,,,,38.38128134907416,,52.37194044002231,,,94.06447971613048,96.87065088112668,,,,,60,100,-40,,,,,,,,,,,,-110.28343357827858,-188.19448656530682,-110.28343357827858,-0.05312014541701423
2012-09-04,0.345,0.35225,0.32375,0.335,0.31519933941585615,0.3451628742972858,0.35187020207411035,0.3716573170054744,0.004239923566897429,0.000060629199156170266,-0.0041792943677412585,0,,,27.19218247483805,35.85267412520888,,,,,,,47.45377806142763,,,81.29391105831897,88.2999436900045,,,,,60,100,-40,,,,,,35.85267412520888,,,,,,-191.14099110950065,-267.6136708261601,-191.14099110950065,-0.015165779017926257
2012-09-10,0.33425,0.352,0.3305,0.346,0.3147743866004378,0.34533029943782867,0.35163999807120405,0.3714020203188528,0.0035658099900896002,0.00027796811987074177,-0.0032878418702188585,0,,,21.233253168051938,29.34304749387718,,,,,,,50.93963235335074,,,69.52780419508399,76.15044884198392,,,,,60,100,-40,,,,,,,,,,,,-333.6608109077733,-411.68391249413105,-333.6608109077733,0.02077457419915699
2012-09-17,0.34675,0.3475,0.332375,0.341625,0.3153797875575494,0.34458923955026294,0.3512472530488039,0.3711057315594612,0.0027071353555292916,0.00009607732419275594,-0.0026110580313365357,0,,,14.309696830198025,20.911710824362675,,,,,,,49.52406196046875,,,58.05585968689286,63.32618933715079,,,,,60,100,-40,,,,,,,,,,,,-413.9042998336327,-488.6504738588345,-413.9042998336327,0.08130926947020818
2012-09-24,0.33625,0.3475,0.3255,0.3335,0.3168526598748673,0.34237139164021035,0.35055128234100763,0.37073154517578494,0.0015323082203591398,-0.0006956727558876108,-0.0022279809762467506,0,,,4.426238050142064,13.32306268279735,,,,,,,46.90181990839022,,,49.559674628744645,53.70250971057706,,,,,60,100,-40,,,,,,,,,,,,-390.4671544093358,-466.1685695208646,-390.4671544093358,0.03702671286996459
2012-10-01,0.335,0.345,0.32425,0.3325,0.31723818416951965,0.34039711331216826,0.3498433889158701,0.37035113179095125,0.0006721176167464229,-0.001387833955313722,-0.002059951572060145,0,,,-4.264254540545284,4.823893446598276,,,,,,,46.57302152714189,,,37.919858594174954,43.51052169297426,,,,,60,100,-40,,,,,,,,,,,,-419.47312633491106,-500.5015568807074,-419.47312633491106,0.07679619921993532
2012-10-08,0.33125,0.33275,0.31375,0.31575,0.3177747424431254,0.3354676906497346,0.34850639327211047,0.3698078369472602,-0.0009524323887018251,-0.0032504920579374263,-0.0022980596692356013,0,,,-19.904127683663805,-6.580714724689002,,,,,,,41.31712305671271,,,24.431557316849975,31.65228741899695,,,,,60,100,-40,,,,,,,,,,,,-327.75073972856364,-409.50127381148786,-327.75073972856364,0.018122826244559263
2012-10-15,0.31625,0.33,0.300875,0.302625,0.31852297512575933,0.3288991525197877,0.346707122947714,0.36913935100748646,-0.002737396645980917,-0.005719805476711748,-0.0029824088307308307,0,,,-34.16095190804373,-19.443111377417598,,,,,,,37.70503364386596,,,13.73441344874189,19.252212401890596,,,,,60,100,-40,,,,,,,,,,,,-223.61424159609754,-325.9555876639446,-223.61424159609754,0.010684149239970601
2012-10-22,0.304,0.3115,0.29575,0.30125,0.3177713340453479,0.32336932201583013,0.3449244906752546,0.3684638350770637,-0.0037732380421547085,-0.007698956383424216,-0.003925718341269507,0,,,-45.44482729174983,-33.16996896115245,,,,,,,37.33460423137565,,,4.237906951716032,8.475813903432062,,4.237906951716032,,,60,100,-40,,,,,,,,,,,,-152.0480158513525,-263.05457172504566,-152.0480158513525,-0.0022187079614102148
2012-10-29,0.3025,0.3175,0.29875,0.31225,0.31898409589925164,0.3211454576126641,0.34364313809975444,0.3679044934345059,-0.0034868996617858136,-0.008284342918501775,-0.004797443256715961,0,,,-48.001905652340625,-42.53589495071139,,,,,,,42.25158273138892,,,7.012480185793145,5.56039371679487,,,,,60,100,-40,,,,,,,,,,,,-133.49383115110658,-242.49919504776466,-133.49383115110658,0.01376430420405778
2012-11-05,0.3115,0.327,0.30375,0.30475,0.3184316604778765,0.3178663660901313,0.3421179169978033,0.36727609051475957,-0.003559534374379796,-0.009246861224690706,-0.00568732685031091,0,,,-47.41542541260492,-46.954052785565125,,,,,,,39.936980168909045,,,10.015115049453799,7.123699188424755,,,,,60,100,-40,,,,,,,,,,,,-17.4040436690872,-132.0447959481711,-17.4040436690872,-0.05821316836944997
2012-11-12,0.30525,0.3065,0.27875,0.2845,0.3041865418723139,0.31119309287210506,0.3398583908410267,0.3664524478230704,-0.00465892115033736,-0.01151097828823261,-0.00685205713789525,0,,,-56.57399998230365,-50.66377701574972,,,,,,,34.4214367068186,,,12.166203534534272,11.425876158585702,,,,,60,100,-40,,,,,,,,,,,,142.1239642707468,-4.40028759395819,142.1239642707468,-0.15750689112393212
2012-11-19,0.28975,0.301,0.28425,0.2975,0.2987982174528629,0.308454474297684,0.33819727747471195,0.36576635381488065,-0.004211668611030214,-0.012116642901683017,-0.007904974290652803,0,,,-58.57456828709458,-54.187997894001036,,,,,,,40.16822751323898,,,13.222888275460653,13.064709592971747,,,,,60,100,-40,,,,,,,,,,,,105.37415258515648,-25.418417122329444,105.37415258515648,-0.11855257794435572
2012-11-26,0.298,0.3085,0.2975,0.29925,0.2997769162062298,0.3066135794381472,0.3366699332600174,0.3651044995480659,-0.0035268077027093784,-0.012313483919039525,-0.008786676216330147,0,,,-54.69015559467812,-56.612907954692105,,,,,,-56.612907954692105,40.92321052366252,,,18.68758091129752,15.91568992275686,,,,,60,100,-40,,,,,,-56.612907954692105,-107,,,,,68.9424884787644,-57.16052310008774,68.9424884787644,-0.12632862766714398
2012-12-03,0.303,0.303,0.2925,0.298875,0.2971321364772134,0.3050658635505178,0.3351877790145265,0.3644454995525628,-0.002856494239881142,-0.012357294016181575,-0.009500799776300433,0,,,-53.08420426667961,-55.44964271615077,,,,,,,40.80368517389208,,,28.964384282279752,23.19232685558681,,,,,60,100,-40,,,,,,,,,,,,47.31658148262543,-70.40406435461722,47.31658148262543,-0.11839962376934832
2012-12-10,0.299,0.32025,0.29825,0.31475,0.2906851981574125,0.3070026908404142,0.33438629748454507,0.3639510169699502,-0.001186890208199719,-0.010984412536550081,-0.009797522328350362,0,,,-41.42798876206766,-49.73411620780846,,,,,,,47.79625138937899,,,44.51643688805419,36.30719684622981,,,,,60,100,-40,,,,,,,,,,,,50.53174848578443,-60.3305981083232,50.53174848578443,-0.13029014209743126
2012-12-17,0.314,0.32,0.30525,0.30875,0.28960054114616873,0.30735215267233135,0.33338095248515115,0.3634017531195029,-0.0003717798428108394,-0.01026224713186391,-0.009890467289053071,0,,,-31.580337898813973,-42.03084364252041,,,,,,,45.59118136816204,,,57.78928397836206,50.760171648893845,,,,,60,100,-40,,,,,,,,,,,,27.70779421564182,-72.08867117953716,27.70779421564182,-0.18175546106812723
2012-12-24,0.3085,0.3104975,0.3005,0.3025,0.2738076453500138,0.3063817221378651,0.33216993474063544,0.362795765526274,-0.0001500860399098261,-0.010078074838940354,-0.009927988799030528,0,,,-30.50176974215089,-34.503365467677504,,,,,,,43.33507794993746,,,68.99396977860926,63.88300319873184,,,,,60,100,-40,,,,,,,,,,,,31.76092254007056,-73.52709460143949,31.76092254007056,-0.2175904660643249
2012-12-31,0.3015,0.32975,0.30075,0.32875,0.2883753135392985,0.31085537771029204,0.3320358196527674,0.3624570016901917,0.001762460353051604,-0.007724913357716023,-0.009487373710767627,0,,,-13.765369383993658,-25.28249234165283,,,,,,,53.748928735267285,,,76.82717662349016,73.14442147832432,76.82717662349016,,,,60,100,-40,,,,,,,,,,,,-80.37742701266953,-168.3403501284505,-80.37742701266953,-0.1836168624644331
2013-01-07,0.3285,0.3295,0.30225,0.30525,0.2871163625722058,0.3097343021682336,0.33098539535265886,0.36188777779277687,0.001455595771370173,-0.007667878996554911,-0.009123474767925084,0,,,-8.845256780128715,-17.704131968757746,,,,,,,45.618098486240896,,,76.22989823416856,76.76866614886995,,,,,60,100,-40,,,,,,,,,,,,-164.85425846491148,-245.00574101418675,-164.85425846491148,-0.24450758512212414
2013-01-14,0.30725,0.3075,0.29775,0.30425,0.2861973366741911,0.3086374417345869,0.329936948476084,0.36131426756598306,0.0012063135750574328,-0.007615582799103293,-0.008821896374160726,0,,,-16.17124566679085,-12.927290610304402,,,,,,,45.30217755327589,,,74.28134207981279,76.19093656193718,,,,,60,100,-40,,,,,,-12.927290610304402,,,,,,-239.4262114712912,-317.73196992069825,-239.4262114712912,-0.20077896407907747
2013-01-22,0.304,0.3105,0.3,0.31025,0.2878439554831774,0.3089599533876695,0.32916491128094344,0.3608061654011474,0.0014501649010615798,-0.007009190247833752,-0.008459355148895332,0,,,-16.566067790961196,-13.860856745960247,,,,,,,47.6583236138581,,,66.21865654450576,70.12504775154177,,,,,60,100,-40,,,,,,,,,,,,-352.25780938560194,-422.68979357148044,-352.25780938560194,-0.15618637927625142
2013-01-28,0.31175,0.31725,0.3045,0.30925,0.2892658158058076,0.3090179627101356,0.32838393436796526,0.3602931687304892,0.0015402908099443474,-0.0065339916364648976,-0.008074282446409245,0,,,-11.030764146571922,-14.589359201441317,,,,,,,47.29051905412592,,,65.89331878194278,66.61766262476091,,65.89331878194278,,,60,100,-40,,,,,,-14.589359201441317,,,,,,-490.02911677003794,-559.4734674675749,-490.02911677003794,-0.18850009521557262
2013-02-04,0.3075,0.31375,0.30175,0.30925,0.2902646861053928,0.3090643701681085,0.32763358400059406,0.3597852765043152,0.0015896470859549814,-0.006087223588965518,-0.007676870674920499,0,,,-10.657613882875452,-12.751481940136182,,,,,,,47.29051905412592,,,66.96410306550595,65.35236160190158,,,,,60,100,-40,,,,,,,,,,,,-537.2965500845766,-606.8419279280158,-537.2965500845766,-0.18509264950463866
2013-02-11,0.31175,0.31975,0.30125,0.318275,0.29129935138357904,0.3109064961344868,0.3272665807064531,0.3593722389271578,0.002183193697067578,-0.004947878553586027,-0.007131072250653605,0,,,0.021829781585186225,-7.222182749287389,,,,,,,51.27355730129944,,,71.99778064240374,69.43509518826062,,,,,60,100,-40,,,,,,,,,,,,-588.6971773419262,-651.9615773956493,-588.6971773419262,-0.10101573674052504
2013-02-19,0.3185,0.32,0.3065,0.313,0.29133154057046623,0.3113251969075894,0.32670710695325883,0.35891082361444976,0.00216914504071662,-0.00441964094975783,-0.0065887859904744505,0,,,7.844889091256445,-0.9302983366779332,,,,,,,48.932250703215644,,,72.98159658385396,72.27487594834128,,,,,60,100,-40,,,,,,,,,,,,-547.1158723706669,-607.0594724146222,-547.1158723706669,-0.09209487266923197
2013-02-25,0.31375,0.32125,0.3052275,0.31775,0.29207571624400436,0.3126101575260715,0.32635584785705263,0.35850126318047515,0.002409832055027504,-0.0035764959216900705,-0.0059863279767175745,0,,,16.488146124002615,8.118288332281422,,,,,,,51.11004919090797,,,76.52487700814405,75.32463433305038,,,,,60,100,-40,,,,,,,,,,,,-492.1857137578184,-554.8668410665091,-492.1857137578184,-0.02639277436661032
2013-03-04,0.3155,0.325,0.313,0.3205,0.29240637936943265,0.3141881260208572,0.3261262067646192,0.35812314115877886,0.0026644374193049714,-0.0026557812025863603,-0.005320218621891332,0,,,29.90631318300853,18.079782799422535,,,,,,,52.38363554833202,,,77.4606952728394,76.58370686207078,,,,,60,100,-40,,,,,,,,,,,,-609.0610385291242,-670.3455972362348,-609.0610385291242,0.024944703115886167
2013-03-11,0.31725,0.323905,0.314,0.316,0.2932880665573303,0.3145505008166858,0.32572910061698707,0.3577040054258557,0.0024456688472704654,-0.0022631325628032495,-0.004708801410073715,0,,,35.202982831208786,27.19914737940665,,,,,,,50.071357327859694,,,78.28715044547133,78.1592760644471,78.28715044547133,,,,60,100,-40,,,,,,,,,,,,-669.2317587965562,-723.9191250114648,-669.2317587965562,0.013822301435018147
2013-03-18,0.314,0.31675,0.3095,0.312,0.29440606180323525,0.31404040065334865,0.3251907045143601,0.35724923920271284,0.0019680015306746054,-0.002248799496730458,-0.0042168010274050635,0,,,27.146468870790223,30.75192162833585,,,,,,,48.02978541385119,,,70.905405708085,74.64087998156839,,,,,60,100,-40,,,,,,30.75192162833585,,,,,,-641.1896208335461,-694.115647736653,-641.1896208335461,-0.009305635942298768
2013-03-25,0.31375,0.321,0.308,0.32075,0.28782348596014706,0.3153823205226789,0.3250165592392872,0.3568860626932331,0.0021622913468347382,-0.0015139368438616407,-0.003676228190696379,0,,,30.191133052033038,30.846861584677356,,,,,30.846861584677356,,52.608907346166156,,,68.97533790534054,70.88390801794456,,,,,60,100,-40,,,,,,,,,,,,-685.5187806819922,-740.640075420898,-685.5187806819922,0.08281326681046863
2013-04-01,0.32,0.32,0.301,0.3115,0.2883182369629937,0.3146058564181431,0.32448649809264846,0.3564344600793701,0.0016139196345376083,-0.0016588286475243685,-0.003272748282061977,0,,,16.780961921876205,24.70618794823316,,,,,,,47.78685487310802,,,59.41777298707595,63.2680613003725,,,,,60,100,-40,,,,,,,,,,,,-553.6062751034483,-607.7964253443711,-553.6062751034483,0.1323080916275905
2013-04-08,0.31175,0.33075,0.304875,0.32725,0.2943133628942084,0.3171346851345145,0.32459487071646614,0.3561440674417644,0.00222057176138013,-0.0004970335803368142,-0.0027176053417169443,0,,,30.410820224527196,25.794305066145487,,,,,,,55.33798411427551,,,69.41111688251115,65.36412155788456,,,,,60,100,-40,,,,,,25.794305066145487,,,,,,-510.2233159937304,-558.1970752817581,-510.2233159937304,0.15790861071750215
2013-04-15,0.32625,0.32725,0.30925,0.31425,0.29296955125890783,0.31655774810761156,0.32418918951189885,0.35572721104930904,0.0016795497801535219,-0.0006181681165250419,-0.0022977178966785638,0,,,30.396882315247332,25.86288815388359,,,,,,,49.00126778183645,,,59.19061049876993,61.85170446961425,,59.19061049876993,,,60,100,-40,,,,,,,,,,,,-419.27362217668843,-473.97942523052933,-419.27362217668843,0.17090086734946114
2013-04-22,0.314,0.3375,0.3115,0.33525,0.30084672616898583,0.32029619848608926,0.324622946785942,0.35552345770553484,0.0026135217044973747,0.0009691842339431544,-0.0016443374705542202,0,,,48.01782439083601,36.27517564353685,,,,,,,57.51491208695853,,,74.66856744685117,69.83119090719143,,,,,60,100,-40,,,,,,,,,,,,-394.8602363263815,-446.89225700679674,-394.8602363263815,0.19866404959133346
2013-04-29,0.33575,0.34925,0.33425,0.34675,0.3110898171569154,0.3255869587888714,0.32549067436296386,0.3554361596189126,0.0038108063309892836,0.003119170443182384,-0.0006916358878068994,0,,,67.40910003612996,48.60793558073777,,,,,,,61.34334502918898,,,75.67653941008004,71.84713483364915,,,,,60,100,-40,,,,,,,,,,,,-513.9765569943121,-547.4573011873791,-513.9765569943121,0.19783131611941052
2013-05-06,0.34675,0.365,0.338,0.3635,0.32824411593142144,0.3331695670310971,0.32698123615265157,0.3555163968366349,0.005436723756000721,0.006104268807194002,0.0006675450511932809,0,,,80.32680717467007,65.25124386721201,,,,,,,66.15561736518424,,,93.16864799550365,86.3372959910073,,,,,60,100,-40,,,,,,,,,,,,-566.8899102680735,-597.9196100624011,-566.8899102680735,0.27876526342380314
2013-05-13,0.361,0.37425,0.3545,0.37175,0.3351552505077485,0.3408856536248777,0.3287368739505868,0.35567792522632014,0.006691225101380413,0.009031576427918797,0.002340351326538384,0,,,88.21501938319842,78.65030886466614,,,,,,,68.26368102572741,68.26368102572741,,96.58432399775182,93.16864799550365,96.58432399775182,,,,60,100,-40,,,,,,,,,,,,-658.3644720375148,-684.6614991419647,-658.3644720375148,0.31650668303423907
2013-05-20,0.37025,0.3745,0.35475,0.3635,0.3349477326143379,0.34540852289990215,0.33010013379566183,0.355755756816108,0.006578924901589012,0.010564007453524649,0.003985082551935637,0,,,88.23529652908984,85.59237436231945,,,,,,,63.948587734819924,,,95.78427073707601,97.892135368538,,,,,60,100,-40,,,,,,,,,,,,-592.2982043943302,-613.8139538434256,-592.2982043943302,0.27326883135713387
2013-05-28,0.36625,0.369375,0.3595,0.36175,0.3347550374275995,0.3486768183199217,0.3313413050193614,0.35581540102689296,0.006015647048855266,0.01150464136300472,0.0054889943141494535,0,,,85.12700518804063,87.19244036677628,,,87.19244036677628,,87.19244036677628,,63.03296944455293,,,89.60078366535868,93.21949335908285,,,,,60,100,-40,,,,,,87.19244036677628,,105,,,,-582.7894399589975,-605.8477804173482,-582.7894399589975,0.31739001877481354
2013-06-03,0.36225,0.37,0.353,0.361125,0.33598682046848527,0.3511664546559374,0.3325092930578178,0.35586823285747116,0.005257317091289337,0.012060640678261125,0.006803323586971788,0,,,79.7754315732071,84.37924443011252,,,,,,,62.685708362251,,,81.78813313145972,85.808686585042,,,,,60,100,-40,,,,,,,,,,,,-577.7368145119071,-601.1481839778303,-577.7368145119071,0.2991510529463325
2013-06-10,0.36025,0.36325,0.34925,0.35875,0.33611276186359346,0.3526831637247499,0.33353834038888375,0.3558969071573968,0.004292821761880408,0.012169350789322297,0.00787652902744189,0,,,71.99185706067864,78.9647646073088,,,,,,,61.29555400569376,,,76.48404391093536,79.17943536784567,,,,,60,100,-40,,,,,,,,,,,,-521.784666418833,-554.575786890952,-521.784666418833,0.275586711111061
2013-06-17,0.3615,0.387,0.3545,0.360375,0.33665827887333677,0.3542215309797999,0.3345907584128491,0.35594146529513415,0.0034951528565345773,0.012245470098110112,0.008750317241575534,0,,,70.74063314486304,74.16930725958294,,,,,,,61.921484845424374,,,73.35983360368947,74.56897483482037,,,,,60,100,-40,,,,,,,,,,,,-433.2783634335907,-475.5620074562335,-433.2783634335907,0.226511395273793
2013-06-24,0.35525,0.359875,0.34575,0.351,0.334521973239527,0.3535772247838399,0.33523425808293345,0.35589229648622733,0.00213390218157917,0.011417694968549497,0.009283792786970326,0,,,58.28961227770173,67.00736749441447,,,,,,,56.237278829544444,,,65.87438371510957,69.4220280642007,,,,,60,100,-40,,,,,,,,,,,,-456.3186609911196,-508.18709700964564,-456.3186609911196,0.19163950793460816
2013-07-01,0.3535,0.3575,0.349,0.356,0.3350918322938465,0.35406177982707193,0.33604860090321054,0.3558933681629813,0.001403283704230025,0.011037897417257858,0.009634613713027833,0,,,49.55322618079674,59.52782386778716,,,,,,,58.44147096960351,,,61.100216191610585,64.16946603044956,,,,,60,100,-40,,,,,,,,,,,,-625.1698135381888,-681.2439884624373,-625.1698135381888,0.14783342820433726
2013-07-08,0.357,0.3695,0.35225,0.366,0.33649598713000034,0.35644942386165757,0.3372231655736729,0.35599393166384713,0.0014221234505082826,0.011412268026163186,0.009990144575654903,0,,,50.19861055702001,52.68048300517282,,,,,,,62.53045701761453,62.53045701761453,,59.10972523596254,59.64428904767879,,,,,60,100,-40,,,,,,,,,,,,-769.6843928948817,-824.6541723783578,-769.6843928948817,0.1709797756072182
2013-07-15,0.36675,0.36925,0.35225,0.356,0.33654984519214315,0.35635953908932605,0.33795951202176416,0.3559939920453014,0.0006301268979435181,0.010777803198084301,0.010147676300140783,0,,,46.3334420478181,48.695092928544945,,,,,,,56.507325825817254,,,58.054256502579534,58.17866019554424,,,,,60,100,-40,,,,,,,,,,,,-814.2872305503578,-866.5352319459291,-814.2872305503578,0.11593871884843475
2013-07-22,0.35875,0.362,0.35225,0.355,0.3366355705355615,0.3560876312714608,0.3386277664522832,0.35598410157718896,-0.00005564558253187343,0.010078119321975942,0.010133764904507816,0,,,39.250539434876494,45.2608640132382,,,,,,,55.92376088008219,,,45.547378110821306,51.89994261387593,,,,,60,100,-40,,,,,,,,,,,,-786.235006813929,-841.7106443193966,-786.235006813929,0.09011670537152948
2013-07-29,0.35425,0.36975,0.35325,0.369,0.33775088692587857,0.35867010501716867,0.33981883443454663,0.3561136130042816,0.00031850223889138586,0.010531892703122048,0.010213390464230662,0,,,43.69384604162219,43.09260917477226,,,,,,,61.892529042891674,,,37.220783520676086,42.89155836468342,,,,,60,100,-40,,,,,,43.09260917477226,,,,,,-823.2831873932146,-883.217799897688,-823.2831873932146,0.1534328868720051
2013-08-05,0.368,0.372,0.35275,0.36225,0.3350722521454586,0.35938608401373495,0.34069848798613306,0.35617467158135346,0.00001243166918197397,0.01022893005070813,0.010216498381526155,0,,,43.599968611627965,42.18145136270888,,,,,,,57.80392237536993,,,26.704407701841745,31.038409422029726,,26.704407701841745,,,60,100,-40,,,,,,,,,,,,-752.6862442308119,-808.087290825381,-752.6862442308119,0.16494733897497343
2013-08-12,0.3475,0.385,0.32775,0.379725,0.3454706627064973,0.36345386721098794,0.34222893943765725,0.35640900320740965,0.0008420126866466367,0.011269014239834452,0.010427001553187815,0,,,45.29441678725538,44.19607714683517,,,,,,,64.39970350989957,64.39970350989957,,40.03676569421686,33.49848651168906,,,,,60,100,-40,,,,,,,,,,,,-628.5614725524825,-681.16232885713,-628.5614725524825,0.18592354174367062
2013-08-19,0.3775,0.37875,0.3705,0.374,0.3397388296560332,0.36556309376879037,0.34347486338127853,0.3565840380013658,0.0008574211921672115,0.011498778043396829,0.010641356851229617,0,,,56.64365107138938,48.51267882342423,,,,,,,61.01477441103028,,,44.922477131150416,39.69760128017481,,,,,60,100,-40,,,,,,,,,,,,-582.4593866338494,-630.041905428561,-582.4593866338494,0.17869144510921495
2013-08-26,0.37425,0.37575,0.367,0.36875,0.3412771275377451,0.3662004750150323,0.34446604520946367,0.3567050923496109,0.00039007355500119203,0.011128948794981108,0.010738875239979916,0,,,57.75399976606495,53.23068920823656,,,,,,,57.986875740984104,,,51.69953123650504,50.030365082970185,,,,,60,100,-40,,,,,,,,,,,,-485.64858906405857,-531.8524680779135,-485.64858906405857,0.100112453807758
2013-09-03,0.36975,0.37575,0.36675,0.372,0.3427734041421919,0.3673603800120258,0.34554580814242586,0.3568572804854357,0.0001862039414499174,0.010971630166792312,0.010785426225342395,0,,,58.20564588212431,57.53443223985954,,,,,,,59.34006689756098,,,46.023429111563644,48.890727148823295,,,,,60,100,-40,,,,,,,,,,,,-465.53066377968435,-511.5156557001111,-465.53066377968435,0.13614476497846423
2013-09-09,0.375,0.3975,0.374,0.395,0.35940208956060676,0.37288830400962064,0.3474851882152719,0.3572368100328443,0.0014181388946548999,0.01255809984366102,0.01113996094900612,0,,,70.9193023960677,62.29298268141898,,,,,,,67.39207074512655,67.39207074512655,,53.43195477338526,50.84718450277859,,,,,60,100,-40,,,,,,,,,,,,-452.7069067288326,-496.694627391,-452.7069067288326,0.1250461160606214
2013-09-16,0.39825,0.4025003,0.39375,0.394875,0.3583019403062777,0.37728564320769653,0.34934361220682986,0.3576113193857513,0.002006412567038469,0.013647976657804206,0.011641564090765737,0,,,79.44671837489676,69.52388888436292,,,,,,,67.3135861674525,,,70.15975627441301,59.87309216678048,,,,,60,100,-40,,,,,,,,,,,,-517.6692873235903,-558.204695138091,-517.6692873235903,0.06779760377936565
2013-09-23,0.3945,0.39775,0.38725,0.3895,0.3596731874272579,0.37972851456615725,0.3509183725124444,0.3579286196903707,0.0018207977852733193,0.013917561322357386,0.012096763537084066,0,,,78.46040861433227,76.27547646176556,,,,,,,63.84968989257736,,,82.81799194964609,75.5247823313324,82.81799194964609,,,,60,100,-40,,,,,,,,,,,,-489.91123508293754,-527.6220232948017,-489.91123508293754,-0.015453613242363653
2013-09-30,0.3855,0.393,0.382625,0.38975,0.36069653118245376,0.3817328116529258,0.352441181433525,0.35824525034021776,0.0015146793392446858,0.013990112711139924,0.012475433371895238,0,,,73.70396515228067,77.20369738050323,,,77.20369738050323,,77.20369738050323,,63.9431816231739,,,82.22599249813973,83.75240173657119,,,,,60,100,-40,,,,,,77.20369738050323,,105,,106,,-489.92737415876707,-531.6907463321104,-489.92737415876707,-0.040013646308708885
2013-10-07,0.38825,0.39425,0.3775,0.3815,0.36166463609799276,0.38168624932234063,0.3535807429459358,0.3584766408840962,0.0006031763627248506,0.0132294038253013,0.01262622746257645,0,,,65.60815751676503,72.59084376112598,,,,,,,58.53156121213813,,,66.00648196031597,75.70593718707498,,,,,60,100,-40,,,,,,,,,,,,-523.5769424935368,-563.2015197262722,-523.5769424935368,-0.05413215334583025
2013-10-14,0.3805,0.3965,0.3805,0.39525,0.36190287637670754,0.3843989994578725,0.35521483145785987,0.3588425449549012,0.0007626264260047894,0.013579510495082436,0.012816884069077647,0,,,64.09984706586354,67.8039899116364,,,,,,,64.02829784707865,64.02829784707865,,60.84204167700255,64.67267333681757,,,,,60,100,-40,,,,,,,,,,,,-740.1993165856209,-777.1648797760408,-740.1993165856209,0.000606262926962941
2013-10-21,0.4,0.4002497,0.37975,0.381,0.361999099492657,0.38371919956629796,0.3562260145379438,0.3590630171444047,-0.00020366229575577953,0.012562306199382922,0.012765968495138702,0,,,58.145579143860836,62.61786124216314,,,,,,,55.73396504249038,,,41.318001967598214,48.98861017148522,,,,,60,100,-40,,,,,,,,,,,,-802.8903499336899,-831.3167198167606,-802.8903499336899,-0.031738907808167745
2013-10-28,0.3805,0.38375,0.375,0.381375,0.3614456352431815,0.3832503596530384,0.357212249261946,0.35928502692406233,-0.0008910903063821512,0.011652105612161012,0.012543195918543163,0,,,44.293654351161805,55.51302685362873,,,,,,,55.89684127144148,,,32.04235080837887,38.68587634941411,,,,,60,100,-40,,,,,,,,,,,,-698.7284681275645,-729.2591343955314,-698.7284681275645,-0.024451116934060074
2013-11-04,0.38275,0.39025,0.363,0.389,0.3626102327258114,0.38440028772243073,0.35845882772226184,0.35958069829795225,-0.0009029886757260675,0.01141446007388558,0.012317448749611647,0,,,33.91324632852017,45.4508266078476,,,,,,,59.20343872989105,,,17.30781059877263,23.415460057150014,,17.30781059877263,,,60,100,-40,,,,,,,,,,,,-662.5960193770982,-692.1211099599802,-662.5960193770982,0.11847937012654827
2013-11-11,0.3875,0.407875,0.38675,0.40425,0.3700487875311106,0.3883702301779446,0.36025455996844763,0.3600251689616542,-0.0000021866404584253846,0.012314715449038616,0.012316902089497041,0,,,47.51085135387906,41.90591734452035,,,,,,,64.90449390008742,64.90449390008742,,31.05559872928793,24.67754596657868,,,,,60,100,-40,,,,,,41.90591734452035,,,,,,-657.5785613085349,-687.1899990581655,-657.5785613085349,0.18975543658833355
2013-11-18,0.3955,0.399,0.37875,0.3795,0.3694738741360313,0.3865961841423557,0.36100928310693986,0.3602189483749711,-0.0011292447736295681,0.01090534612246008,0.012034590896089648,0,,,39.65916608756059,40.36108792331994,,,,,,,52.1029709452623,,,32.7414768021713,28.529191559183754,,,,,60,100,-40,,,,,,40.36108792331994,,,,,,-725.2915501615286,-759.519090138499,-725.2915501615286,0.1336119302057306
2013-11-25,0.3795,0.395125,0.3795,0.39,0.3683150259834576,0.38727694731388457,0.36214617396549126,0.36051527724686194,-0.0012160976976476699,0.010514468774030061,0.011730566471677731,0,,,37.00938346452449,41.393133635321384,,,,,,,56.083920178657124,,,36.2443053979704,36.7190060832742,36.2443053979704,,,,60,100,-40,,,,,,,,,,,,-859.7839955867051,-901.4247101133175,-859.7839955867051,0.12567431627314826
2013-12-02,0.3885,0.39975,0.38575,0.38675,0.3686496669846392,0.38717155785110763,0.36311102988841315,0.3607763192643061,-0.00152113831974637,0.00982914357199477,0.01135028189174114,0,,,38.65568147550145,38.44141034252885,,,,,,,54.56325193141803,,,21.781674353973276,29.071678866442994,,,,,60,100,-40,,,,,,38.44141034252885,,,,,,-822.5505418436678,-865.7111264563507,-822.5505418436678,0.09952036952520942
2013-12-09,0.38675,0.39075,0.375,0.3755,0.36919254791430783,0.3848372462808861,0.3635968718535734,0.3609228235502334,-0.002454018359153617,0.008282758942799118,0.010736777301952735,0,,,21.14431373734205,32.269792892456,,,,,,,49.52740041590083,,,18.037992320030728,21.5843147985579,,,,,60,100,-40,,,,,,32.269792892456,,,,,,-684.8140796902737,-745.5818307370141,-684.8140796902737,0.060658372317878136
2013-12-16,0.37575,0.3925,0.3725,0.392125,0.3694466516347144,0.38629479702470887,0.3647156219769627,0.361233292967644,-0.0019470022857274553,0.008303024444793417,0.010250026730520872,0,,,17.37383614793434,25.724610453592614,,,,,,,56.024958440510915,,,16.821342423665417,15.656506132584488,,16.821342423665417,,,60,100,-40,,,,,,,,,,,,-765.7569742920421,-833.6578615121025,-765.7569742920421,0.07425684986439013
2013-12-23,0.3945,0.398125,0.39075,0.394,0.3690754622322348,0.3878358376197671,0.3658640289582583,0.3615593298535381,-0.0015009387738371995,0.008373853263224373,0.009874792037061573,0,,,29.921125793310743,22.813091892862378,,,,,,,56.70592329744851,,,24.146489848786167,20.19270706345556,,,,,60,100,-40,,,,,,22.813091892862378,,,,,,-769.2557062389436,-850.2655230553567,-769.2557062389436,0.07579186771949983
2013-12-30,0.39425,0.4025,0.3905,0.39175,0.37053435778707516,0.3886186700958137,0.3668791650775423,0.36185973453161235,-0.001376289453222216,0.008154430220533804,0.00953071967375602,0,,,37.88052340691754,28.391828449387546,,,,,,,55.58691232678895,,,35.22442098147323,29.133823327952395,,,,,60,100,-40,,,,,,,,,,,,-701.2092141954992,-795.6717915907462,-701.2092141954992,-0.03063054060334901
2014-01-06,0.39575,0.411,0.38975,0.39325,0.37122833223085555,0.38954493607665097,0.3679133154666583,0.36217207548154656,-0.001217177562855911,0.00800924772018613,0.009226425283042041,0,,,46.00499941165822,37.93554953729551,,,,,,,56.210994599411976,,,40.49271057961707,37.60017810708624,,,,,60,100,-40,,,,,,,,,,,,-699.1711752508629,-795.549647665156,-699.1711752508629,-0.06195614686484909
2014-01-13,0.39325,0.40625,0.38325,0.39975,0.3705513085000801,0.39158594886132075,0.36916181289933836,0.3625459851782476,-0.0007229435966695976,0.008322745787205044,0.009045689383874641,0,,,47.89372769020229,43.92641683625936,,,,,,,58.92079389171319,,,46.137316788401094,44.24372381598604,46.137316788401094,,,,60,100,-40,,,,,,,,,,,,-691.1400524779788,-777.2678935442186,-691.1400524779788,-0.00797753538148347
2014-01-21,0.40025,0.40375,0.389,0.389,0.36967264360721724,0.3910687590890566,0.36993978102093295,0.36280920920632476,-0.0011437771331046214,0.007615967967493864,0.008759745100598485,0,,,44.184988017427514,46.02790503976268,,,46.02790503976268,,46.02790503976268,,53.040038827690275,,,43.552835318189544,44.630455862335786,,,,,60,100,-40,,,,,,46.02790503976268,,,,106,,-582.7509520274372,-657.7646401725426,-582.7509520274372,-0.051542021551173704
2014-01-27,0.389,0.39475,0.38425,0.3925,0.3700353119209875,0.3913550072712453,0.3708244954907003,0.3631046399604907,-0.0012040878541544446,0.007254635282905431,0.008458723137059875,0,,,33.40860552872288,41.82910707878423,,,,,,,54.63697726252233,,,41.089788640167754,43.17142545379874,,,,,60,100,-40,,,,,,,,,,,,-515.8871425679032,-587.2619783229893,-515.8871425679032,-0.06997286804260351
2014-02-03,0.39525,0.39725,0.383,0.39675,0.3664792182123455,0.3924340058169962,0.37184118194204535,0.36343941966237636,-0.000984660663707445,0.007227897307425568,0.008212557971133013,0,,,29.2054617523715,35.5996850995073,,,,,,,56.579380750515995,,,36.205742708283395,38.473713004286715,,36.205742708283395,,,60,100,-40,,,,,,,,,,,,-442.08948028282987,-505.94161862790037,-442.08948028282987,0.0091748806940833
2014-02-10,0.39625,0.44875,0.395875,0.44775,0.4148199883400351,0.40349720465359695,0.37481799833647494,0.3642783309095169,0.0023843181186370653,0.011192955619429346,0.00880863750079228,0,,,61.31895720287568,41.31100816132335,,,,,,,72.10633782935642,,,51.899023860808796,44.18599299010861,,,,,60,100,-40,,,,,,41.31100816132335,,,,,,-462.6186656859517,-511.2249606955549,-462.6186656859517,0.13147161950621286
2014-02-18,0.448,0.47475,0.44375,0.466,0.4278685606014612,0.41599776372287756,0.3783937631075936,0.36529048682086496,0.005455304553766213,0.015627768193000047,0.010172463639233834,0,,,81.98592257266704,57.50344717597141,,,,,,,75.5023522393206,75.5023522393206,,70.17117261229356,58.47304309209405,,,,,60,100,-40,,,,,,,,,,,,-520.3243628339605,-571.9113314781814,-520.3243628339605,0.1387727874258517
2014-02-24,0.465,0.47625,0.45286,0.4595,0.42616366341564255,0.42469821097830207,0.3815743998484723,0.36622789491219965,0.006586608053178115,0.018405723705706478,0.011819115652528363,0,,,88.66851478210455,77.3244648525491,,,,,,,72.11468836509879,,,87.63557912523842,79.18812877861973,,,,,60,100,-40,,,,,,,,,,,,-554.810842318695,-609.7456348457847,-554.810842318695,0.1318324775941825
2014-03-03,0.44925,0.46925,0.44525,0.459,0.42566768745738237,0.43155856878264165,0.3846106978936302,0.36715100043546134,0.0068107448383748215,0.02033254670049689,0.013521801862122068,0,,,87.73894154587406,86.13112630021521,,,86.13112630021521,,86.13112630021521,,71.84605403941663,,,90.89344482695759,89.93480531456635,90.89344482695759,,,,60,100,-40,,,,,,,,,,,,-577.5725073516595,-626.1555194192784,-577.5725073516595,0.1073703416058659
2014-03-10,0.4575,0.46075,0.439,0.4455,0.42511999549614077,0.4343468550261133,0.3869985136625075,0.3679305924709294,0.005609384786404426,0.0205335328451276,0.014924148058723174,0,,,81.53402154603066,85.98049262466975,,,,,,,64.78692659339634,,,84.08484092683146,89.02619891621721,,,,,60,100,-40,,,,,,85.98049262466975,,105,,,,-514.3775060149942,-565.9454249794096,-514.3775060149942,0.11786698695277313
2014-03-17,0.44675,0.47275,0.445,0.4635,0.42493285296070216,0.44017748402089063,0.3899985719502523,0.3688815318493281,0.005574999700104569,0.021892897683853885,0.016317897983749316,0,,,79.38964696813831,82.887536686681,,,,,,,69.1633217999064,,,78.25506573764545,81.87642468802136,,,,,60,100,-40,,,,,,,,,,,,-543.5815958304497,-589.4098931649714,-543.5815958304497,0.11348750506987355
2014-03-24,0.46375,0.47425,0.439625,0.4475,0.42390193489208056,0.4416419872167125,0.3922535299129875,0.3696638051642602,0.004091347315443906,0.021432082128054197,0.01734073481261029,0,,,73.51650447093587,78.14672432836828,,,,,,,61.77060544354982,,,65.53198367041789,71.21028926638776,,,,,60,100,-40,,,,,,,,,,,,-440.20312386127705,-480.42627622588566,-440.20312386127705,0.007077107672016477
2014-03-31,0.44825,0.479625,0.445125,0.45375,0.4219625109712177,0.44406358977337,0.3946651561909096,0.3705004837198397,0.0031877157865839133,0.021325379545840184,0.01813766375925627,0,,,70.09807113585134,74.3347408583085,,,,,,,63.42498390318822,,,59.71892557267053,63.48130900176466,,,,,60,100,-40,,,,,,,,,,,,-378.348010431954,-413.98513509390637,-378.348010431954,-0.06408813481137654
2014-04-07,0.454,0.47775,0.447,0.453,0.42017947447327353,0.44585087181869604,0.3969527971245994,0.371321374429095,0.0022410108553817497,0.02093892732848346,0.01869791647310171,0,,,66.04891041334777,69.88782867337834,,,,,,,63.07016661092717,,,50.810478843242045,54.35779447612713,,50.810478843242045,,,60,100,-40,,,,,,,,,,,,-255.0120085352351,-285.0787468950143,-255.0120085352351,-0.06939556812603687
2014-04-14,0.456,0.46825,0.453,0.464,0.41905951201089686,0.44948069745495683,0.3995820991981445,0.37224354980790997,0.002061686019719563,0.021275023997751163,0.0192133379780316,0,,,62.98477518521598,66.37725224480504,,,,,,,66.08478608505814,,,52.862827783329934,52.23634023014831,,,,,60,100,-40,,,,,,,,,,,,-226.82800698337417,-255.06442927773904,-226.82800698337417,-0.07046819403046799
2014-04-21,0.46425,0.4865,0.46125,0.46825,0.4224838325815471,0.45323455796396545,0.40227495805311925,0.3731988378695228,0.0019372724352801872,0.021634928522131835,0.01969765608685165,0,,,64.12514671938081,64.38627743931487,,,,,,,67.20529977905134,67.20529977905134,,56.06869318304538,53.222466228239824,,,,,60,100,-40,,,,,,,,,,,,-161.04109662276062,-192.32544213633193,-161.04109662276062,-0.04330911810123942
2014-04-28,0.472,0.4745,0.458,0.46075,0.42214570168286514,0.45473764637117237,0.40456809695299695,0.3740699937116171,0.0010995251393720804,0.021072062511066747,0.019972537371694667,0,,,59.62471416818717,62.244878690928,,,,,,,63.212651491402646,,,57.33048940386903,56.766303570525146,57.33048940386903,,,,60,100,-40,,,,,,,,,,,,-123.57907905498595,-157.35717992972613,-123.57907905498595,-0.013037124851459612
2014-05-05,0.46025,0.47425,0.44275,0.45125,0.4230817229912319,0.45404011709693787,0.4063987598175853,0.374837953973193,-0.0002715511775899064,0.019633098399707283,0.01990464957729719,0,,,49.87228116776755,57.87404735177851,,,,,,,58.44779208889183,,,47.72048615824478,53.06264192288836,,,,,60,100,-40,,,,,,,,,,,,-6.564701044988475,-46.928601760685034,-6.564701044988475,-0.09124258404167983
2014-05-12,0.45225,0.46575,0.4455,0.449,0.4218080284918582,0.4530320936775503,0.4080693966874839,0.37557588477942994,-0.0014417367237760416,0.018102478672577138,0.01954421539635318,0,,,39.42538196723838,49.6407924343977,,,,,,,57.338831930489135,,,30.195587332937798,40.16604507417243,,,,,60,100,-40,,,,,,,,,,,,47.356153690464,0.6947803776213135,47.356153690464,-0.11481306840753333
2014-05-19,0.45375,0.466,0.45175,0.46225,0.42223245502815404,0.45487567494204023,0.4101941262291512,0.3764383137865998,-0.0014322049679692112,0.017753959186391666,0.019186164154360877,0,,,37.15266028411277,42.1501078063729,,,,,,,61.9451442418303,,,19.579745062658905,25.440737527655546,,19.579745062658905,,,60,100,-40,,,,,,,,,,,,30.564125746743258,-14.886088781946185,30.564125746743258,-0.07190546563100422
2014-05-27,0.465,0.47825,0.4635,0.475,0.4298408510975716,0.45890053995363217,0.41273553304369426,0.37741902708225555,-0.0007123934796667286,0.018295672304777466,0.019008065784444195,0,,,45.080805055892476,40.552949102414544,,,,,,,65.79517678661162,,,24.373155414482497,20.67254825458261,,,,,60,100,-40,,,,,,40.552949102414544,,,,,,2.279739247335364,-45.81589082159233,2.279739247335364,-0.02427156590094388
2014-06-02,0.4765,0.48,0.46525,0.47575,0.43153079030488795,0.46227043196290574,0.4152066886106082,0.3783974447232281,-0.00034931440005929806,0.018571422784370073,0.01892073718442937,0,,,49.878329541916436,44.03726496064056,,,,,,,66.0142876362288,,,39.174299658605456,30.035278622313893,,,,,60,100,-40,,,,,,,,,,,,-77.2256678885438,-125.66754703584827,-77.2256678885438,-0.028901910292665135
2014-06-09,0.47525,0.49325,0.472,0.4885,0.44533216242596735,0.46751634557032457,0.41808093611607455,0.37949299253692736,0.0005377466355091717,0.019592920478815834,0.019055173843306662,0,,,58.27067995510736,51.076604850972096,,,,,,,69.60063293504759,69.60063293504759,,61.37122601228954,49.78238382346462,,,,,60,100,-40,,,,,,,,,,,,-86.82100099971763,-138.27344757478494,-86.82100099971763,0.027616615315691203
2014-06-16,0.48625,0.49225,0.4695,0.47325,0.4453798651098268,0.46866307645625965,0.420244428817405,0.3804258980838236,-0.00008139201567847892,0.018953433823708565,0.019034825839387044,0,,,57.90714467129687,55.35205138944022,,,55.35205138944022,,55.35205138944022,,61.228584895413974,,,63.153759487089786,61.895226967547764,63.153759487089786,,,,60,100,-40,,,,,,,,,,106,,-135.58081899976895,-186.76918437936948,-135.58081899976895,-0.022959822261676976
2014-06-23,0.467,0.47075,0.45575,0.4595,0.4452098747448392,0.4668304611650077,0.42178386298142834,0.38121270506806415,-0.0015162191748205045,0.017139551870861414,0.018655771045681918,0,,,42.853632283364774,53.01048563658967,,,,,,,54.79100343577589,,,52.34388262536916,60.515031364621144,,,,,60,100,-40,,,,,,53.01048563658967,,105,,,,-150.02067009072005,-205.53842358312045,-150.02067009072005,-0.083354725875882
2014-06-30,0.45775,0.4725,0.45775,0.47125,0.44580202654877926,0.4677143689320062,0.4237237114919606,0.382108598549974,-0.0017562818800647348,0.016460418695600998,0.018216700575665733,0,,,35.5491964520625,45.43665780224138,,,,,,,58.801071222255686,,,31.390360575945067,42.84143676115978,,,,,60,100,-40,,,,,,,,,,,,-195.47145734695277,-249.07689202255312,-195.47145734695277,-0.16630903400366245
2014-07-07,0.472,0.47975,0.45925,0.47625,0.44674473893815214,0.46942149514560494,0.4257835659432562,0.3830453289126608,-0.001661671197451236,0.016139611578851687,0.017801282776302923,0,,,34.81664016671004,37.739822967379105,,,,,,,60.419531413597284,60.419531413597284,,25.246765336117758,28.651387237270757,,,,,60,100,-40,,,,,,,,,,,,-156.2948287384159,-205.60836620027075,-156.2948287384159,-0.1682281876272338
2014-07-14,0.47825,0.49,0.46025,0.461,0.4467986861568556,0.46773719611648396,0.42716460257293243,0.38382099728168906,-0.002650773774876023,0.014487815557707895,0.017138589332583918,0,,,32.09666366924045,34.154166762671,,,,,,,53.478029612344045,,,21.525000260925694,21.20785708688662,,,,,60,100,-40,,,,,,,,,,,,-103.33213260415846,-156.4068450729488,-103.33213260415846,-0.20355794531552868
2014-07-21,0.45925,0.46975,0.444,0.44475,0.4455273514313659,0.46313975689318715,0.4278542260014449,0.3844272560152046,-0.0043250524513432954,0.0117322737684048,0.016057326219748095,0,,,9.060569593532719,25.324624476494403,,,,,,,47.216053582766335,,,15.775554209667085,18.80884882231592,,,,,60,100,-40,,,,,,,,,,,,-77.27174485794784,-125.24196415059448,-77.27174485794784,-0.2560657664659882
2014-07-28,0.44675,0.45325,0.435375,0.44225,0.44491825490055403,0.45896180551454974,0.428418766158251,0.3850026067016205,-0.005453667230891093,0.009240242181134228,0.014693909412025322,0,,,-11.678225842710201,9.826335806687656,,,,,,,46.31223657782465,,,5.764067171997166,11.528134343994331,,5.764067171997166,,,60,100,-40,,,,,,,,,,,,24.05039057076994,-27.925243395940953,24.05039057076994,-0.24614386057600535
2014-08-04,0.44175,0.4775,0.4335,0.475,0.4454776652648002,0.46216944441163976,0.4302454812108686,0.3858981031523507,-0.003919103939069458,0.0097950294881885,0.013714133427257958,0,,,-9.09974440445995,-3.9058002178791438,,,,,,,57.781323406082755,,,13.081827917976321,9.726478858242718,,,,,60,100,-40,,,,,,,,,,,,56.9503195579027,0.7884372215028534,56.9503195579027,-0.19939762988859394
2014-08-11,0.4755,0.47925,0.467,0.476,0.44226497488874306,0.4649355555293118,0.4320397760653443,0.38679463943939196,-0.0028130349655297957,0.010197839720345714,0.01301087468587551,0,,,5.114786254379789,-5.221061330930123,,,,,,,58.07756824768743,,,24.932837643560212,16.57571306620758,,,,,60,100,-40,,,,,,-5.221061330930123,,,,,,40.23207963828405,-6.627642273315857,40.23207963828405,-0.13738343480598558
2014-08-18,0.478,0.48675,0.47325,0.477,0.44381747668240423,0.46734844442344947,0.4338029221019975,0.3876922052161144,-0.002027108416955265,0.010476989164681427,0.012504097581636692,0,,,18.20956253578257,4.741534795234134,,,,,,,58.393843987865054,,,42.01029666860842,33.4369331339599,,,,,60,100,-40,,,,,,,,,,,,8.371701522232406,-40.8771618599857,8.371701522232406,-0.123376767594324
2014-08-25,0.479,0.48725,0.47675,0.48625,0.44508051406223254,0.4711287555387596,0.43585967025486033,0.38867287979107845,-0.00095192458989787,0.011314191844264354,0.012266116434162224,0,,,29.258302792275924,17.527550527479423,,,,,,,61.31819803334735,,,50.97340908118875,46.45511014663682,,,,,60,100,-40,,,,,,,,,,,,-25.87769875453713,-72.53585970362468,-25.87769875453713,-0.050176992487816624
2014-09-02,0.4875,0.50375,0.482875,0.49925,0.4574319059149302,0.4767530044310077,0.43834556553898346,0.3897731496439035,0.0004896830506076165,0.012878220247421746,0.012388537196814129,0,,,42.16100288468016,29.87628940424621,,,,,,,65.0574962596524,65.0574962596524,,61.106593089578105,57.07213859953845,61.106593089578105,,,,60,100,-40,,,,,,,,,,,,-18.44538989007585,-65.7111579393293,-18.44538989007585,-0.04048047126393034
2014-09-08,0.49875,0.49975,0.477375,0.478,0.4574367697781495,0.47700240354480616,0.4399006414001998,0.39065102875192437,-0.00010148448856555324,0.012261681586107187,0.01236316607467274,0,,,42.96474851179646,38.12801806291751,,,,,,,55.54852329241284,,,60.86205361298201,60.58921570533061,,,,,60,100,-40,,,,,,,,,,,,-29.637137182789353,-81.94549285945122,-29.637137182789353,-0.06117635054209182
2014-09-15,0.4795,0.488,0.46875,0.477,0.4572270005082817,0.4770019228358449,0.4413555182080351,0.3915102224956863,-0.0006432271537149797,0.011559132132529015,0.012202359286243995,0,,,36.99838287165246,40.70804475604302,,,,,40.70804475604302,,55.137668988270896,,,58.216944205659566,60.677456877892574,,,,,60,100,-40,,,,,,40.70804475604302,,,,,,-5.157657695009448,-61.59176688500555,-5.157657695009448,-0.04185949735011948
2014-09-22,0.48675,0.48675,0.46175,0.463625,0.4574786433291187,0.47432653826867593,0.4422288312194847,0.3922277824708536,-0.0019138697645995281,0.009810022080494585,0.011723891845094113,0,,,24.652444416468335,34.87185859997242,,,,,,,49.80056694059959,,,43.04520162888175,50.745431577955856,,,,,60,100,-40,,,,,,,,,,,,59.41646188590138,-8.575081996822718,59.41646188590138,-0.045645215509815
2014-09-29,0.46,0.46625,0.44425,0.45575,0.45689088309132453,0.47061123061494076,0.44275907313244606,0.39285984433681526,-0.003219404307705726,0.007699636460461956,0.010919040768167682,0,,,3.702580662296775,21.784469316805854,,,,,,,46.904613692243736,,,30.267045510499944,37.90887355855852,,,,,60,100,-40,,,,,,,,,,,,71.34074154301021,-2.4705216337640223,71.34074154301021,-0.009386623448398227
2014-10-06,0.4575,0.46125,0.421,0.421125,0.4567736771562299,0.4607139844919526,0.44191067810764423,0.39314108966679717,-0.006178154993402924,0.003196347026414026,0.00937450201981695,0,,,-19.008701873760597,3.115441068334833,,,,,,,36.73070474467456,,,14.100666630011212,21.542880600567855,,,,,60,100,-40,,,,,,,,,,,,322.9151521715538,207.97866411782948,322.9151521715538,-0.0952360980383591
2014-10-13,0.424,0.446625,0.41925,0.4355,0.4540577002164992,0.45567118759356207,0.44165927896616797,0.3935625713616549,-0.00687686013710144,0.0007784268484401502,0.00765528698554159,0,,,-31.787666084833177,-15.69792909876567,,,,,,,42.35436278927688,,,9.866400515153519,12.254117788050742,,9.866400515153519,,,60,100,-40,,,,,,,,,,,,268.7487608676349,166.52799791458776,268.7487608676349,-0.09665444064351739
2014-10-20,0.4355,0.46475,0.4325,0.462,0.45337500734389213,0.45693695007484963,0.44245695430082804,0.3942435408008424,-0.005332922312157706,0.0009891340953444572,0.0063220564075021635,0,,,-30.031216660366134,-26.942528206319974,,,,,,,51.0445151507287,,,18.38581988714241,12.727193918998921,,,,,60,100,-40,,,,,,,,,,,,233.52171343715585,132.61381647557184,233.52171343715585,-0.07373069915634911
2014-10-27,0.46175,0.48875,0.45675,0.4885,0.45204464967647123,0.4632495600598797,0.4442625639360897,0.39518141601675444,-0.0024521202850143805,0.0032569060512341874,0.005709026336248568,0,,,-13.444005488337726,-25.08762941117902,,,,,,,57.917217023988684,,,37.88341893091132,26.82249173984121,,,,,60,100,-40,,,,,,-25.08762941117902,,,,,,37.42685644858199,-64.22505924725942,37.42685644858199,-0.06739060718734904
2014-11-03,0.49975,0.5171475,0.48975,0.49475,0.45084503184243757,0.4695496480479038,0.4462424633895764,0.3961721481956922,-0.00017113289202346643,0.005495110221219235,0.005666243113242701,0,,,6.8283448900426436,-12.215625752887078,,,,,,,59.37442623108127,,,57.86229608818911,47.178346038411384,,,,,60,100,-40,,,,,,,,,,,,-3.014390178432933,-113.45686665684866,-3.014390178432933,-0.07475669721536844
2014-11-10,0.49425,0.5037525,0.484375,0.494625,0.4502100295679778,0.47456471843832304,0.4481398177664558,0.3971517785619042,0.0012078816199676155,0.007176095138202221,0.005968213518234605,0,,,17.10793218910579,3.497423863603563,,,,,,,59.32991359934659,,,71.5000687476895,65.12268243883182,,,,,60,100,-40,,,,,,,,,,,,-15.193591964172413,-129.19198181014895,-15.193591964172413,-0.04690826871570227
2014-11-17,0.4925,0.51375,0.48925,0.511375,0.4630696703131222,0.4819267747506584,0.4506196288344379,0.3982883280289499,0.003023436855216279,0.009747509587254954,0.0067240727320386755,0,,,27.409982490171764,17.11541985644006,,,,,,,63.32163911474923,,,80.2667373835325,76.73929399039476,,,,,60,100,-40,,,,,,,,,,,,-65.15839342523194,-178.42980329921284,-65.15839342523194,-0.04121919682379528
2014-11-24,0.5125,0.52725,0.5105,0.52425,0.47589505100504204,0.49039141980052675,0.4535070943703423,0.39954167799881113,0.004763248481644179,0.0126781333340939,0.00791488485244972,0,,,38.2588925031661,27.592269060814544,,,,,,,66.09286072962745,,,87.35508501070649,84.0954514636576,,,,,60,100,-40,,,,,,,,,,,,-117.85686734791703,-249.62438451753775,-117.85686734791703,-0.05508011295467842
2014-12-01,0.522,0.52975,0.50925,0.52675,0.47945611879039624,0.49766313584042143,0.4563793651793485,0.4008074324465842,0.005691417012197029,0.015029156117696008,0.009337739105498979,0,,,44.363432406629265,36.677435799989034,,,,,,,66.62332878542273,66.62332878542273,,94.05701165806113,90.63073066263696,94.05701165806113,,,,60,100,-40,,,,,,,,,,,,-140.97380055738668,-274.2381327870763,-140.97380055738668,0.03935568065790483
2014-12-08,0.526,0.53125,0.49025,0.49075,0.4799056817339393,0.49628050867233714,0.4577272332115309,0.4017023833675137,0.0035922552986916295,0.013828058228863516,0.010235802930171886,0,,,41.26042494522589,41.29424995167375,,,,,41.29424995167375,,53.55324247249328,,,88.94102844189311,91.49501702375672,,,,,60,100,-40,,,,,,41.29424995167375,,,,,,-18.97856409240724,-162.55847228033517,-18.97856409240724,0.04646538667632669
2014-12-15,0.4965,0.51575,0.4775,0.5105,0.47739456161008653,0.4991244069378697,0.4597967534777454,0.40278494671709064,0.003255310444436176,0.014304940985717107,0.011049630541280931,0,,,37.07074800123519,40.898201784363444,,,,,,,58.403208197699094,,,82.6418890107686,87.288527633763,,,,,60,100,-40,,,,,,,,,,,,-91.89155243924226,-218.45693186572876,-91.89155243924226,0.0961764174092255
2014-12-22,0.51,0.526,0.50825,0.51475,0.4754556643522232,0.5022495255502958,0.4619517827531279,0.4038990268492589,0.0030439588836215746,0.0148545791458079,0.011810620262186326,0,,,40.776816264123575,39.70266307019488,,,,,,,59.39171986835643,,,74.49872782473233,78.34493647431708,,,,,60,100,-40,,,,,,39.70266307019488,,,,,,-161.54763381392547,-286.0102169810508,-161.54763381392547,0.024112139386371783
2014-12-29,0.51325,0.5175,0.495275,0.50325,0.4765838311842073,0.5024496204402367,0.4635713206843778,0.4048875937462812,0.001910340160895526,0.014198545463305734,0.012288205302410208,0,,,36.83572356136771,38.22776260890882,,,,,,,55.5238441774641,,,73.30829044786054,73.8160876146607,,,,,60,100,-40,,,,,,38.22776260890882,,,,,,-160.3571549386663,-283.09926843904157,-160.3571549386663,-0.01108993759737397
2015-01-05,0.50325,0.50475,0.477,0.4985,0.4769921289567639,0.5016596963521893,0.46494107281440217,0.4058190604751739,0.0006845035941493074,0.013143834795096843,0.012459331200947535,0,,,25.254775802342053,34.28910520927777,,,,,,,53.95163934400036,,,69.2521144657494,70.48931034692667,,,,,60,100,-40,,,,,,,,,,,,-143.9285813134542,-261.62667417739766,-143.9285813134542,0.041719591641620694
2015-01-12,0.49975,0.506,0.485,0.499,0.47658197688842363,0.5011277570817515,0.46627671701775897,0.40674623400278415,-0.00020139033935369713,0.012207593276755413,0.01240898361610911,0,,,18.360648845635495,26.817049403115078,,,,,,,54.0998509445188,,,62.845835353328155,66.62677064307219,,,,,60,100,-40,,,,,,,,,,,,-58.66883925646256,-165.87636978150712,-58.66883925646256,0.020905900572254464
2015-01-20,0.5025,0.518625,0.49425,0.51775,0.47716540711067906,0.5044522056654012,0.4682952771347096,0.40785074908733354,0.0003373565817343799,0.012830679343277085,0.012493322761542705,0,,,24.123573810505246,22.57966615282759,,,,,,,59.40755401325388,,,58.39399609629292,60.9669527101855,,,,,60,100,-40,,,,,,22.57966615282759,,,,,,-74.3654139371057,-182.9897570939604,-74.3654139371057,0.014576315696409256
2015-01-26,0.5155,0.518,0.47925,0.480125,0.4772250208884877,0.4995867645323209,0.46875918783530923,0.40856989586258396,-0.0018576909148510286,0.010171209117978919,0.012028900032829947,0,,,12.335149051171557,18.27312390243743,,,,,,,47.473651117826535,,,42.92437013620448,50.18366995459834,,,,,60,100,-40,,,,,,18.27312390243743,,,,,,-12.66261140308643,-118.80980125869485,-12.66261140308643,0.010009347921997203
2015-02-02,0.483,0.51775,0.4735,0.51,0.4752268051107386,0.5016694116258568,0.4703764745868657,0.40957915063012046,-0.0013392334120607072,0.010354858267754063,0.01169409167981477,0,,,10.937052713017746,15.798591858231513,,,,,,,55.21272479423743,,,36.929332092652814,41.33619349637913,,36.929332092652814,,,60,100,-40,,,,,,,,,,,,-72.17850023888893,-172.6625646662049,-72.17850023888893,0.04845913866682142
2015-02-09,0.507,0.5625,0.50375,0.55775,0.5035856047456857,0.5128855293006854,0.4738028873481651,0.411053487439771,0.0019966111805899862,0.014189855655552253,0.012193244474962266,0,,,35.81892533794027,19.697042367376525,,,,,,,64.31625374914613,,,40.38699228012366,37.24038139174609,,,,,60,100,-40,,,,,,19.697042367376525,,,,,,-131.78240928636367,-223.996643817804,-131.78240928636367,0.15454395644165497
2015-02-17,0.55675,0.56225,0.55,0.558375,0.49968663297813676,0.5219834234405484,0.47711944078549196,0.4125193731368877,0.0039115108453775214,0.01708263303168417,0.013171122186306648,0,,,52.481394363469946,33.07912413814265,,,,,,,64.41880581279915,,,61.571317870284396,49.7996773994991,,,,,60,100,-40,,,,,,,,,,,,-174.18560759793394,-256.9063449418396,-174.18560759793394,0.16794104260510656
2015-02-23,0.55825,0.55825,0.549,0.5515,0.5021286591939841,0.5278867387524387,0.4800363254605707,0.4139022649464709,0.004347859949941954,0.01860594712373409,0.014258087173792136,0,,,58.751500490285196,49.017273397231804,,,,,,,62.2856776626009,,,76.66097857426689,67.54962966452615,,,,,60,100,-40,,,,,,,,,,,,-195.24276985285502,-277.46882767968697,-195.24276985285502,0.24336911239938946
2015-03-02,0.55,0.5725,0.549275,0.56375,0.5101819692515567,0.535059391001951,0.4833192146581954,0.41539328718580953,0.00504521123475422,0.020564601217234912,0.015519389982480692,0,,,63.53868786566278,58.257194239805976,,,,,,,64.55150872203924,,,84.03892148225766,81.79828219739814,,,,,60,100,-40,,,,,,,,,,,,-173.38044806142682,-255.20176810156204,-173.38044806142682,0.24851129609851907
2015-03-09,0.564,0.5825,0.556,0.5675,0.5144404000193027,0.5415475128015608,0.48662042192650146,0.41690678681580146,0.005315648123629755,0.022163950137017885,0.01684830201338813,0,,,66.54633924885073,62.94550920159957,,,,,,,65.24399059355792,,,88.54434066044217,87.28514239300227,,,,,60,100,-40,,,,,,,,,,,,-174.58400295934922,-259.7105375376417,-174.58400295934922,0.1833247204283522
2015-03-16,0.572,0.590125,0.5665,0.58675,0.533694657160781,0.5505880102412486,0.4905470720470308,0.41859676903653975,0.006281384943102555,0.024700033192266324,0.01841864824916377,0,,,69.77734416048193,66.62079042499848,,,66.62079042499848,,66.62079042499848,,68.64974482631196,68.64974482631196,,93.8868627141284,90.96420628081398,93.8868627141284,,,,60,100,-40,,,,,,,,,,,,-294.6596387849221,-388.85407616716134,-294.6596387849221,0.19096217220098866
2015-03-23,0.56925,0.57675,0.5115,0.5345,0.5341093245064396,0.5473704081929989,0.4922707162804806,0.41975003501627567,0.003055017259152727,0.022237419823104676,0.01918240256395195,0,,,56.34842833767728,64.2240372490033,,,,,,,53.293766761727746,,,82.2761587943316,87.79134391599699,,,,,60,100,-40,,,,,,64.2240372490033,,105,,,,-230.17606809675445,-315.42606231858656,-230.17606809675445,0.2176776695279712
2015-03-30,0.537,0.5395,0.51625,0.5265,0.5271193727559796,0.5431963265543991,0.4936130411322264,0.42081222372258137,0.00018721983396175618,0.019416427356404142,0.019229207522442386,0,,,39.89298704679887,55.339586514986024,,,,,,,51.38716913634354,,,62.509270702186086,74.64725855612028,,,,,60,100,-40,,,,,,,,,,,,-242.8713284427991,-325.3485964424799,-242.8713284427991,0.20838308091051
2015-04-06,0.52425,0.56925,0.51875,0.569,0.528057274701981,0.5483570612435192,0.4965693924603744,0.4222867289591726,0.0009168672910593798,0.020375291636266613,0.019458424345207233,0,,,38.2333794959568,44.82493162681098,,,,,,,59.68730993836291,,,45.89365215198693,54.72989020622297,,,,,60,100,-40,,,,,,,,,,,,-256.8947232713811,-339.8306698165744,-256.8947232713811,0.2473919588666117
2015-04-13,0.56775,0.571,0.55025,0.555,0.5250353265089824,0.5496856489948154,0.4988607888344774,0.4236072590192803,0.00025528644918284063,0.019777532406685783,0.019522245957502942,0,,,39.425985522622106,39.18411735512592,,,,,,,56.259389193077205,,,42.32632667207159,43.02033757253647,,42.32632667207159,,,60,100,-40,,,,,,39.18411735512592,,,,,,-209.2775008584027,-283.49782075901544,-209.2775008584027,0.19754390241036152
2015-04-20,0.5575,0.561,0.54125,0.55075,0.5264792317583408,0.5498985191958523,0.5008956598605763,0.42487236091958597,-0.0006219678042126073,0.018744786202237185,0.019366754006449792,0,,,35.489633635218716,37.716332884599204,,,,,,,55.216494168124214,,,44.91341508914968,42.12914001191422,,,,,60,100,-40,,,,,,37.716332884599204,,,,,,-235.7725007023295,-304.6800351664671,-235.7725007023295,0.1627081786462317
2015-04-27,0.5525,0.5705,0.54775,0.56875,0.5279628580613165,0.5536688153566819,0.5035566143758478,0.42630397921889357,-0.00016705424572297997,0.019157936199296066,0.019324990445019046,0,,,38.83620093193423,37.917273363258346,,,,,,,58.726907647642626,,,45.65330895076194,45.15915595987891,45.65330895076194,,,,60,100,-40,,,,,,37.917273363258346,,,,,,-154.72295512008776,-227.46548331801853,-154.72295512008776,0.2505645375716196
2015-05-04,0.56825,0.572,0.51225,0.520625,0.5289119396283652,0.5470600522853455,0.5042259628316969,0.42724249683860605,-0.003120573301093485,0.01542427381865219,0.018544847119745675,0,,,22.838108856758005,32.38798114130365,,,,,,,47.86066789213636,,,36.62636085919809,41.77446845660655,,,,,60,100,-40,,,,,,32.38798114130365,,,,,,-142.95514509825364,-218.83539544201514,-142.95514509825364,0.12741566071727783
2015-05-11,0.5135,0.537,0.5095,0.5325,0.5245075153691964,0.5441480418282764,0.5053347486030029,0.42828983517852043,-0.004219431290337271,0.013270558006824085,0.017489989297161355,0,,,6.692142434721166,22.788817407804462,,,,,,,50.31801265640492,,,28.023220613719083,33.418039107718165,,,,,60,100,-40,,,,,,,,,,,,-163.32693689857112,-242.68350536164877,-163.32693689857112,0.16925644996511938
2015-05-18,0.53125,0.535,0.52025,0.5215,0.525024835699968,0.5396184334626211,0.5059686800303361,0.4292172995051023,-0.005548431824930828,0.010554449515997821,0.01610288134092865,0,,,-4.825393191697533,8.23495269992721,,,,,,,48.04565883687625,,,11.931520451763134,19.492424071258952,,11.931520451763134,,,60,100,-40,,,,,,,,,,,,-142.7220392806491,-229.4683225686217,-142.7220392806491,0.13164504528835017
2015-05-26,0.519,0.557,0.51435,0.55325,0.5273266331499703,0.5423447467700968,0.5078228494409112,0.4304514557289321,-0.004211161717588499,0.010838929193943025,0.015050090911531524,0,,,-2.925312949254651,-0.35285456874367593,,,,,,,54.47433985646889,,,14.678590468051976,14.089049972022798,,,,,60,100,-40,,,,,,,,,,,,-150.40894122962203,-234.1104457379632,-150.40894122962203,0.1476099355844548
2015-06-01,0.55675,0.5650025,0.53925,0.5565,0.5254783022106867,0.5451757974160775,0.5097317573059734,0.4317056700997885,-0.0030820320643063434,0.011197550831148595,0.014279582895454938,0,,,7.204867945744488,-0.18194606506923527,,,,,,,55.090564929613706,,,18.60886419220798,14.214119045191088,,,,,60,100,-40,,,,,,-0.18194606506923527,,,,,,-179.42549736969073,-265.18127378560627,-179.42549736969073,0.15152745649741436
2015-06-08,0.55475,0.5585,0.5265,0.52775,0.5084259234813518,0.541690637932862,0.5104383550586803,0.43266133507391996,-0.004177692325161336,0.009057467489003268,0.013235159814164604,0,,,1.684332310867223,1.9879624357856833,,,,,,,48.76488889004759,,,22.4270400187862,20.781455085219587,22.4270400187862,,,,60,100,-40,,,,,,1.9879624357856833,,,,,,-185.8935887570197,-266.9664967336779,-185.8935887570197,0.07152137749574618
2015-06-15,0.525,0.553,0.5205,0.54675,0.5081812146612553,0.5427025103462896,0.5118623411348104,0.4337965456701994,-0.0035535562283250804,0.008793214528758253,0.012346770757083333,0,,,-0.33475377187828714,2.8514821615778043,,,,,,,52.656818841450296,,,21.804945653450723,22.671531399619766,,,,,60,100,-40,,,,,,,,,,,,-245.73111807392522,-323.8816791457364,-245.73111807392522,0.14484451884284322
2015-06-22,0.54775,0.55075,0.51625,0.5185,0.5078825564711656,0.5378620082770317,0.5121226414824649,0.4346393661112919,-0.004891488679941946,0.0062324099071559,0.011123898587097846,0,,,-12.619195529340788,-3.7565389967839504,,,,,,,46.91633653122797,,,13.530974656945798,18.018233543381502,,,,,60,100,-40,,,,,,,,,,,,-261.9618238786661,-346.8122829374207,-261.9618238786661,0.06212521387531829
2015-06-29,0.5125,0.5225,0.49925,0.5105,0.5070695167232253,0.5323896066216254,0.5120590084831526,0.435394198289289,-0.006085614671746694,0.003516880247414478,0.009602494919161172,0,,,-30.90603997026072,-14.6199964238266,,,,,,,45.398013244971516,,,10.172512004127086,12.581774921511466,,,,,60,100,-40,,,,,,,,,,,,-180.6960377189086,-266.4827769487988,-180.6960377189086,0.010431620119727618
2015-07-06,0.50625,0.51325,0.479,0.49375,0.5081538369572806,0.5246616852973003,0.5113410081504799,0.43597485303267913,-0.00767154171441972,0.000013067776136521658,0.007684609490556242,0,,,-46.62501262100686,-30.050082706869457,,,,,,,42.29345204916429,,,2.801160809542134,5.602321619084267,,2.801160809542134,,,60,100,-40,,,,,,,,,,,,-149.66039449728885,-244.39499932174445,-149.66039449728885,-0.006290854812948099
2015-07-13,0.49875,0.50475,0.48925,0.50175,0.5075892771746177,0.5200793482378402,0.5109648901837944,0.43662933210698085,-0.007822932974284467,-0.0020940567272993427,0.005728876246985124,0,,,-52.928705433208215,-43.4865860081586,,,,,,,44.265532007546504,,,4.016354718450398,3.948989630910876,,,,,60,100,-40,,,,,,,,,,,,-148.81305004323636,-248.14136308142724,-148.81305004323636,0.02888180424448819
2015-07-20,0.50175,0.50375,0.47925,0.4855,0.49749361451928786,0.5131634785902721,0.5099662670393319,0.437115607409399,-0.008596997117970398,-0.005017370150477873,0.0035796269674925247,0,,,-58.715434039777364,-52.75638403133081,,,,,,,41.169532756527516,,,3.403099838324933,2.722479870659947,,,,,60,100,-40,,,,,,,,,,,,20.971140873715726,-92.11566070298595,20.971140873715726,0.0019824758626577703
2015-07-27,0.48125,0.5055,0.47725,0.49875,0.49820835633933874,0.5102807828722177,0.5095264134299463,0.4377288849476139,-0.007818547462518081,-0.0061935573606550776,0.0016249901018630043,0,,,-59.0601816638865,-56.90144037895735,,,,,,-56.90144037895735,44.592689961760556,,,8.486842997422126,6.285281401706023,,,,,60,100,-40,,,,,,,,,,,,9.885478896676503,-105.36735875698852,9.885478896676503,0.027964580774732482
2015-08-03,0.50275,0.58425,0.49625,0.5745,0.5163363308865289,0.5231246262977741,0.5120743972170072,0.43908979156505057,-0.0021013958124215418,-0.001001754663663923,0.0010996411487576188,0,,,-33.5968088914092,-50.45747486502435,,,,,,,59.27053049873121,,,29.087366146842456,18.236714173203264,,,,,60,100,-40,,,,,,-50.45747486502435,,,,,,123.54266455182625,-2.5732935284450775,123.54266455182625,0.06121975250858827
2015-08-10,0.5705,0.59875,0.567,0.5885,0.5219194501089197,0.5361997010382193,0.5150714796790854,0.44057646030569686,0.002475584798102024,0.004194122146385149,0.0017185373482831248,0,,,-8.478322429713476,-33.71177099500306,,,,,,,61.322006943932614,61.322006943932614,,57.285304754813296,41.29925805581161,,,,,60,100,-40,,,,,,,,,,,,138.35308917876694,15.167305294908573,138.35308917876694,0.10190576844692818
2015-08-17,0.5875,0.5875,0.53625,0.53675,0.522139489386854,0.5363097608305755,0.515921617730886,0.4415334109494213,0.0018963416485738341,0.004088964409000417,0.0021926227604265832,0,,,-0.09768557572163772,-14.057605632281437,,,,,,,51.02945364598585,,,74.66618065731934,65.63543272223383,,,,,60,100,-40,,,,,,,,,,,,338.6525275099002,196.9550679685616,338.6525275099002,0.05430759646327843
2015-08-24,0.50675,0.57175,0.5,0.56825,0.5194152401449358,0.5426978086644604,0.5179737111532041,0.4427942725320141,0.0034241405885643544,0.006472798496132026,0.003048657907567672,0,,,3.89316537496429,-1.5609475434902744,,,,,,,55.90940032017571,,,76.40386824486154,77.44400413398573,76.40386824486154,,,,60,100,-40,,,,,,,,,,,,281.6247952353729,153.87232833791404,281.6247952353729,0.06925371764832267
2015-08-31,0.5655,0.5695,0.535,0.54375,0.514099865848869,0.5429082469315683,0.5189845460099413,0.4437988071336856,0.002610909462251264,0.0063122947353817516,0.0037013852731304876,0,,,8.064497608642522,3.9533258026283917,,,,,,,51.57860778845269,,,66.49343042618867,73.01188045012988,,,,,60,100,-40,,,,,,,,,,,,269.51119610166876,161.35008682192966,269.51119610166876,0.06552489290145104
2015-09-08,0.557,0.5735,0.549875,0.56625,0.5144855897168069,0.5475765975452546,0.5208380932252377,0.4450172269632012,0.0033664763717432137,0.007909480737809504,0.004543004366066291,0,,,16.593641732515607,9.517101572040806,,,,,,,55.04323222816486,,,66.91443601929373,67.29189619914307,,,,,60,100,-40,,,,,,,,,,,,264.14552408318355,168.37734376339705,264.14552408318355,0.08086622602111639
2015-09-14,0.569,0.59275,0.5642525,0.58225,0.5155223333084635,0.5545112780362037,0.5232464032948362,0.44638272719242306,0.004643239736064387,0.010347054036146774,0.0057038143000823875,0,,,27.70540440038804,17.45451458051539,,,,,,,57.39184384169665,,,66.9885817140111,65.12227991742851,,,,,60,100,-40,,,,,,,,,,,,226.11906515896837,146.85419035187027,226.11906515896837,0.06112423486959899
2015-09-21,0.583,0.60175,0.5625,0.59025,0.518413952357859,0.5616590224289629,0.5258739953224897,0.44781424234473727,0.005658624702579554,0.01277709517830683,0.007118470475727276,0,,,35.73100504829723,26.67668372706696,,,,,,,58.56436905803054,,,75.93732616834225,71.81662792168065,,,,,60,100,-40,,,,,,,,,,,,285.9155987664287,202.88070119698475,285.9155987664287,0.13818007009185582
2015-09-28,0.59025,0.620015,0.57875,0.62,0.547687955760869,0.5733272179431703,0.529565211192196,0.44952753346568514,0.007832091633017015,0.016908585016998545,0.00907649338398153,0,,,45.76854366149318,36.40165103672615,,,,,,,62.69961937398202,,,84.68488491120095,79.57066943699986,,,,,60,100,-40,,,,,,,,,,,,397.5673080816234,308.7205737066239,397.5673080816234,0.16815219327213943
2015-10-05,0.624,0.657,0.62075,0.65175,0.57870810177795,0.5890117743545362,0.5343567715376001,0.4515396973117977,0.010727269581222122,0.022485580360509183,0.011758310779287061,0,,,57.87013847793137,46.45656239590726,,,,,,,66.55826993021995,,,92.18578010068117,88.55717125044207,,,,,60,100,-40,,,,,,,,,,,,292.555070248601,211.68046939632865,292.555070248601,0.2400352414009404
2015-10-12,0.6525,0.703,0.647625,0.6965,0.6233896659366678,0.610509419483629,0.5407153295165177,0.453977113258944,0.01472821201374895,0.03016857579647325,0.0154403637827243,0,,,68.5318983302151,57.390193489879884,,,,,,,71.12001096244452,,,97.60224822272039,95.20449644544078,,,,,60,100,-40,,,,,,,,,,,,205.7268756579462,133.1931113242689,205.7268756579462,0.24942554972121386
2015-10-19,0.69875,0.7195,0.684,0.71475,0.6389511183697629,0.6313575355869032,0.5475402185550856,0.4565718683508948,0.017487753523715267,0.03730005568736838,0.019812302163653116,0,,,74.97685332653676,67.12629671156107,,,,,,,72.76156782687517,,,99.30239815848671,98.60479631697342,99.30239815848671,,,,60,100,-40,,,,,,,,,,,,88.32198917468325,17.158000174401877,88.32198917468325,0.26868937671471416
2015-10-26,0.71525,0.717,0.69075,0.70925,0.6392938956290656,0.6469360284695226,0.5538817786117489,0.45908607861606004,0.017769021616115783,0.04202357918379784,0.02425455756768206,0,,,76.15445885633515,73.221070171029,,,,,,,71.43589209208696,,,99.13968310750046,99.56984155375024,,,,,60,100,-40,,,,,,,,,,,,89.53617296110444,8.583818324510624,89.53617296110444,0.3356583289757773
2015-11-02,0.7115,0.7985,0.69075,0.78875,0.7149336173698465,0.675298822775618,0.5630922970975627,0.46236631663978084,0.021866213634278132,0.05158732461052973,0.029721110976251595,0,,,80.36432680421312,77.16521299569501,,,,,,,77.77631102800095,77.77631102800095,,98.92460388437557,99.13968310750046,,,,,60,100,-40,,,,,,,,,,,,-3.106767577278191,-82.06778500721856,-3.106767577278191,0.36093227516841886
2015-11-09,0.781,0.7875,0.74125,0.745,0.704813358986286,0.6892390582204945,0.5702259325055015,0.4651785920961014,0.020225006677015975,0.05500236932252156,0.034777362645505586,0,,,80.01456695241166,78.84445087098665,,,,,,,68.68674293858507,,,92.30699056427449,95.50825761276259,,,,,60,100,-40,,,,,,,,,,,,132.9126447094997,30.126357721366688,132.9126447094997,0.35260439653223985
2015-11-16,0.75475,0.78925,0.74875,0.78475,0.7040231190586942,0.7083412465763955,0.5786386410346975,0.4683584071001203,0.020355795241345377,0.060222106697187305,0.03986631145584193,0,,,79.0822991158781,79.82039762416763,,,79.82039762416763,,79.82039762416763,,71.9171567910031,,,87.67820055180073,90.79291232015964,,,,,60,100,-40,,,,,,79.82039762416763,,105,,,,113.29216385322702,1.9215654083909328,113.29216385322702,0.38254362786043833
2015-11-23,0.79125,0.79125,0.7695,0.78475,0.7037536105545017,0.7236229972611165,0.5867214394254937,0.47150658215385044,0.019007233005029205,0.06362535271212844,0.04461811970709923,0,,,77.00176195910296,78.69954267579757,,,,,,,71.9171567910031,,,81.34373613449752,84.08917114205582,,81.34373613449752,,,60,100,-40,,,,,,,,,,,,50.87540678900396,-60.245991938589256,50.87540678900396,0.4089706159303376
2015-11-30,0.7855,0.84525,0.78475,0.84375,0.7617176383720373,0.7476483978088931,0.5968009908205724,0.4752104967592848,0.02052405704393289,0.07027319101201535,0.049749133968082455,0,,,77.7826780580556,77.95557971101222,,,,,,,76.19510299202575,76.19510299202575,,85.40206446309372,83.49147970914213,,,,,60,100,-40,,,,,,,,,,,,75.26169646373056,-37.47399340430029,75.26169646373056,0.4287500329837253
2015-12-07,0.8435,0.84375,0.80925,0.81225,0.7589342356311776,0.7605687182471145,0.6052499715727068,0.47856412365720236,0.017935058212743632,0.072167956734012,0.05423289852126836,0,,,75.67872250511536,76.82105417409132,,,,,,,70.02531862985276,,,83.88260807873044,83.41904162536137,,,,,60,100,-40,,,,,,,,,,,,201.57775165214315,71.15764176011797,201.57775165214315,0.40336473508416937
2015-12-14,0.813,0.839,0.8025,0.8035,0.7600639330860934,0.7691549745976916,0.6130244824914242,0.48179731645663315,0.014319302972731741,0.07213202723718304,0.0578127242644513,0,,,71.59157971623368,75.0176600931349,,,,,,,68.35959850122617,,,80.60453345905263,83.21697266681254,,,,,60,100,-40,,,,,,,,,,,,254.01816044266258,124.58352507646012,254.01816044266258,0.3444214423342383
2015-12-21,0.81225,0.8315,0.805,0.82925,0.7608272235799439,0.7811739796781533,0.621503914550584,0.48525455708890547,0.012418613385417991,0.07333599099622379,0.0609173776108058,0,,,67.97850114476631,71.74960112203847,,,,,,,70.58995323306856,70.58995323306856,,73.31008946485659,77.23961192827636,,,,,60,100,-40,,,,,,,,,,,,189.6512221803603,73.75015688074008,189.6512221803603,0.31457791640843386
2015-12-28,0.8205,0.8485,0.809,0.824,0.7627502790385193,0.7897391837425226,0.6294449375093846,0.48862515851090643,0.009685878901499786,0.07302472623768053,0.06333884733618074,0,,,64.65576017828447,68.07528034642816,,,,,,,69.50774868548456,,,67.15151328032212,70.41892195334346,,,,,60,100,-40,,,,,,,,,,,,203.35099996574937,72.15921926606008,203.35099996574937,0.3004482436831234
2016-01-04,0.80725,0.836,0.739125,0.74075,0.7628931162500536,0.7799413469940181,0.6338098419207813,0.4911338634013452,0.0015750353980086146,0.06530764158369151,0.0637326061856829,0,,,51.95432428616788,61.529528536406225,,,,,,,55.018067305006106,,,50.79080474230747,58.71157027333814,,,,,60,100,-40,,,,,,,,,,,,410.0144545174314,269.94845212677643,410.0144545174314,0.27324543245716304
2016-01-11,0.7415,0.7655,0.666,0.67775,0.7548293222321927,0.7595030775952144,0.6355329853748682,0.49299074038242635,-0.008192800960639804,0.053491604984883145,0.06168440594552295,0,,,30.869755578345803,49.159946680932734,,,,,,,46.98781363418756,,,30.484148091867993,41.9306100005784,,,,,60,100,-40,,,,,,,,,,,,776.3754627869891,600.8669153764536,776.3754627869891,0.13306454972191742
2016-01-19,0.69175,0.716,0.66125,0.71125,0.7469665135013218,0.7498524620761715,0.6385022800660499,0.49516247430896937,-0.012310084608082951,0.04629680018541926,0.05860688479350221,0,,,14.830411071337078,32.55149697861693,,,,,,,51.099356935826016,,,13.61505967160093,22.28446118440907,,,,,60,100,-40,,,,,,,,,,,,662.4890150075368,517.0729307625529,662.4890150075368,0.19599385602367086
2016-01-25,0.711,0.733625,0.6875,0.73225,0.7460581911083702,0.7463319696609372,0.6421786612399303,0.49752155416659155,-0.013439540098077116,0.04180745967090582,0.05524699976898294,0,,,6.338244444191215,17.346137031291374,,,,,,,53.546097651497476,,,12.485683626792621,12.238677898883914,,,,,60,100,-40,,,,,,,,,,,,604.7637395516209,474.8778524420888,604.7637395516209,0.2187308863143685
2016-02-01,0.7315,0.73625,0.65875,0.66075,0.7464468917434867,0.7292155757287497,0.6429069490344428,0.49914571780672495,-0.01850957733242148,0.03211002810345609,0.05061960543587757,0,,,-5.1305760816041595,5.346026477974718,,,,,,,45.203613585623216,,,11.434850822049912,10.137012289398493,,,,,60,100,-40,,,,,,,,,,,,654.8066959967808,532.172788361709,654.8066959967808,0.15124444058925468
2016-02-08,0.65075,0.66375,0.61875,0.64325,0.7423256851903804,0.7120224605829998,0.6429204020134842,0.5005795912613844,-0.02229537421570922,0.022750387666241045,0.045045761881950266,0,,,-18.59390624598659,-5.795412627799839,,,,,,,43.41030705101844,,,9.435583915506136,11.084136635103741,,9.435583915506136,,,60,100,-40,,,,,,,,,,,,646.6600239973661,519.9595541141255,646.6600239973661,0.1366733493946975
2016-02-16,0.6525,0.774375,0.6505,0.761,0.7431417076767819,0.7218179684663998,0.6475509744835437,0.5031708391095299,-0.01639562169940293,0.024551234757696605,0.040946856457099536,0,,,-13.400542596013734,-12.375008307868157,,,,,,,56.104075020703064,,,12.446879614376314,11.353369944840631,,,,,60,100,-40,,,,,,,,,,,,559.0854741796633,439.9669079115572,559.0854741796633,0.13499287249307876
2016-02-22,0.772,0.802905,0.765,0.792,0.7170958714141547,0.7358543747731199,0.6532156421508557,0.50604476110844,-0.010233242633324154,0.028155303165444345,0.0383885457987685,0,,,0.6580477969235794,-10.445467015025576,,,,,,,58.743495211104985,,,23.335127348786976,16.999418794348628,,,,,60,100,-40,,,,,,-10.445467015025576,,,,,,465.615387965179,350.88201556400134,465.615387965179,0.11534169259820488
2016-02-29,0.79025,0.8265,0.7835,0.81375,0.7191204520274294,0.7514334998184959,0.6595111071645476,0.5091065047790028,-0.00479628618764201,0.03239318806421598,0.03718947425185799,0,,,13.142458369381744,0.13332119009720186,,,,,,,60.54662966702335,,,38.88965740364918,30.24763499860893,,,,,60,100,-40,,,,,,,,,,,,370.9580446987827,266.1761945523648,370.9580446987827,0.08691330082248962
2016-03-07,0.80925,0.81475,0.776,0.8055,0.7208439911683272,0.7622467998547967,0.6652361617855458,0.5120556937861769,-0.002002623035799421,0.034686195457108715,0.036688818492908136,0,,,19.962059269339385,11.254188478548242,,,,,,,59.47843113143429,,,48.594417690897934,43.59783777342766,,,,,60,100,-40,,,,,,,,,,,,293.5111274808223,194.14415917920758,293.5111274808223,0.07245580699125552
2016-03-14,0.80175,0.85625,0.78925,0.84525,0.7390515632277324,0.7788474398838373,0.6722955279900342,0.5153710600171602,0.0020556388960717292,0.039258367112997794,0.037202728216926065,0,,,28.854453158579407,20.65299026576685,,,,,,,62.895356974933925,,,57.396852766768475,53.979095737648656,,,,,60,100,-40,,,,,,,,,,,,207.4181952115819,115.20885751026074,207.4181952115819,0.08907847890697707
2016-03-21,0.83775,0.867,0.82875,0.862,0.7538157372828943,0.7954779519070698,0.6797349190492485,0.5188201041960939,0.005221294562823241,0.04372934642045512,0.03850805185763188,0,,,36.93208778347614,28.58286673713165,,,,,,,64.27070782197097,,,64.26581829666223,60.734310999395255,,,,,60,100,-40,,,,,,,,,,,,197.88761426402152,112.44361069021335,197.88761426402152,0.054646613401463595
2016-03-28,0.8605,0.90625,0.8595,0.90375,0.7978288989055448,0.8171323615256558,0.6885198241845721,0.5226502524130482,0.009245074223179259,0.05006439463660595,0.04081932041342669,0,,,45.51317020741773,37.0999037164911,,,,,,,67.52147124266435,,,73.10155096605426,68.70375933048152,,,,,60,100,-40,,,,,,,,,,,,128.2716843978358,47.453863291992704,128.2716843978358,0.1597074172682589
2016-04-04,0.91125,0.916,0.86575,0.8915,0.7987161204122916,0.8320058892205247,0.6964798310792948,0.5263203991552069,0.010128550958930962,0.05348000911209039,0.043351458153159425,0,,,49.80417072186291,44.08314290425227,,,,,,,65.62361710394079,,,81.03541124528722,76.84187267153267,,,,,60,100,-40,,,,,,,,,,,,100.40410541641111,29.73497905708495,100.40410541641111,0.12467081466327921
2016-04-11,0.89675,0.9365,0.8785,0.92825,0.8235399689542707,0.8512547113764197,0.7055688573114793,0.5303196986661004,0.012101413859588926,0.058478225477645585,0.04637681161805666,0,,,53.91589125622033,49.74441072850033,,,,,,,68.50102066719863,68.50102066719863,,89.60053103602486,85.48233862317964,,,,,60,100,-40,,,,,,,,,,,,53.05790443160909,-15.671380771475967,53.05790443160909,0.15222606384474557
2016-04-18,0.9265,0.9295,0.902,0.90675,0.8227335426003942,0.8623537691011358,0.7134583138874998,0.5340652738037511,0.010908701682809836,0.06001268872156895,0.049103987038759116,0,,,55.014289650812394,52.91145054296521,,,,,,,65.05012403401521,,,92.3746172653054,90.92422694963068,92.3746172653054,,,,60,100,-40,,,,,,,,,,,,22.50192180768014,-41.912947903934885,22.50192180768014,0.08088794791579511
2016-04-25,0.907,0.93325,0.8785,0.88825,0.8263418609860804,0.8675330152809086,0.7203128898134802,0.5375894999350571,0.00796098217175821,0.059055214753456875,0.051094232581698665,0,,,52.90220359518733,53.94412816740669,,,53.94412816740669,,53.94412816740669,,62.13237305036928,,,90.38997005025354,92.08091778258932,,,,,60,100,-40,,,,,,53.94412816740669,,105,,106,,0.22884511537466068,-54.29241192140125,0.22884511537466068,0.08953575117594753
2016-05-02,0.89675,0.9055,0.86,0.88325,0.8257995852013603,0.8706764122247269,0.72670258040903,0.5410289078959023,0.004911176164199373,0.05723320278694788,0.052322026622748506,0,,,47.7809043600831,51.899132535360955,,,,,,,61.326972351904864,,,83.98838598778985,87.62520046861941,,,,,60,100,-40,,,,,,,,,,,,38.36905509439745,-17.148337026601013,38.36905509439745,0.13249374347161852
2016-05-09,0.8855,1.025,0.87325,1.0245,0.9228674719726917,0.9014411297797815,0.7383809105890681,0.5458395655287789,0.011279399958282026,0.06642127657060104,0.055141876612319014,0,,,56.21372937895861,52.29894577807636,,,,,,,72.31136711358033,,,84.35969671540971,84.44249681392438,,84.35969671540971,,,60,100,-40,,,,,,52.29894577807636,,,,,,76.84740871359793,15.969542432781019,76.84740871359793,0.20926012314340628
2016-05-16,1.01675,1.11275,1.0135,1.10825,0.9921983668317852,0.9428029038238253,0.7528855807620458,0.5514356892548606,0.019521605856590747,0.07954388393305745,0.0600222780764667,0,,,68.45974516306433,57.48479296736868,,,,,,,76.58353039737099,,,88.53977748000429,85.42700577096599,,,,,60,100,-40,,,,,,,,,,,,65.60242531112557,2.1568983540935704,65.60242531112557,0.27041162391560136
2016-05-23,1.113,1.1495,1.10325,1.1475,1.025559197772372,0.9837423230590602,0.7683606560262793,0.5573666774214789,0.02562193765152504,0.09204970014087299,0.06642776248934795,0,,,76.27331351980074,66.98226268727456,,,,,,,78.284632804591,,,95.98824096765628,91.97648193531256,,,,,60,100,-40,,,,,,,,,,,,10.03834798183,-50.96253771028708,10.03834798183,0.37817848920084
2016-05-31,1.1525,1.1885,1.1415,1.162,1.0421621122172025,1.0193938584472482,0.7837974930448566,0.5633829293874344,0.028422110022270214,0.10195540001718573,0.07353328999491551,0,,,79.8137281970035,74.84892895995618,,,,,,,78.89814077462967,78.89814077462967,,98.60875819817377,97.21751639634755,,,,,60,100,-40,,,,,,,,,,,,-16.332260742139084,-78.06025812659853,-16.332260742139084,0.4431854002934136
2016-06-06,1.165,1.18625,1.145,1.155,1.0440076756302594,1.0465150867577986,0.7983544541019211,0.569269666408455,0.027570157227884168,0.10799598652977072,0.08042582930188655,0,,,79.19228490126987,78.4264422060247,,,,,,,77.7493473849982,,,98.93523252057344,99.46761626028672,98.93523252057344,,,,60,100,-40,,,,,,,,,,,,-6.999122425386517,-68.41293846721697,-6.999122425386517,0.38344959799416145
2016-06-13,1.15625,1.19425,1.153875,1.168,1.0525428416566696,1.0708120694062389,0.81285035786263,0.5752271821655848,0.025687299217844142,0.11253495332419172,0.08684765410634758,0,,,77.12266484065601,78.70955931297647,,,78.70955931297647,,78.70955931297647,,78.38261281202051,,,98.2600607181248,98.73074255427746,,,,,60,100,-40,,,,,,78.70955931297647,,105,,,,7.909808924683759,-55.97422238226842,7.909808924683759,0.33088039890739995
2016-06-20,1.18675,1.2135,1.1325,1.14325,1.0550219243954788,1.0852996555249912,0.8258072065738995,0.5808791505022456,0.020789328958706013,0.11283431530473009,0.09204498634602408,0,,,73.10451545234952,76.47315506475847,,,,,,,74.03667139849574,,,92.82752137257455,95.46181760199538,,,,,60,100,-40,,,,,,,,,,,,75.56257093837765,6.9301816872349065,75.56257093837765,0.3384430300361601
2016-06-27,1.13375,1.184,1.11425,1.1665,1.0515203583672303,1.101539724419993,0.8391677082768838,0.5867062236315764,0.017274169226062522,0.11363769787860223,0.0963635286525397,0,,,68.03791506384772,72.75503178561776,,,,,,,75.42341305586818,,,89.14343276353179,91.56736738804739,,,,,60,100,-40,,,,,,,,,,,,-11.812441959509208,-77.96621498317144,-11.812441959509208,0.3599695511023757
2016-07-05,1.16,1.277275,1.15075,1.27125,1.1531260470552853,1.1354817795359944,0.8561121118738687,0.5935176044909637,0.01997176709891378,0.12132823752618194,0.10135647042726816,0,,,69.06007541702226,70.06750197773984,,,,,,,80.5054849875198,,,87.70743257229779,88.08189710669139,,87.70743257229779,,,60,100,-40,,,,,,,,,,,,-106.0283616032348,-162.88144862259483,-106.0283616032348,0.34935250343253377
2016-07-11,1.2895,1.345,1.288,1.3175,1.189738472265622,1.1718854236287954,0.8742057545454817,0.6007214094214018,0.02264313550928411,0.1296603898138733,0.10701725430458918,0,,,73.05680774939304,70.05159941008768,,,,,,,82.26013079316238,,,92.29482554730183,89.66052931788101,,,,,60,100,-40,,,,,,70.05159941008768,,,,,,-135.841386766283,-190.53936705485032,-135.841386766283,0.32831741828394245
2016-07-18,1.33375,1.36675,1.31925,1.36675,1.2375785813895062,1.2108583389030363,0.8935212151515411,0.6083435844520346,0.025297870959814006,0.1386395930043567,0.11334172204454268,0,,,75.0756247221755,72.39750262953027,,,,,,,83.92884067568205,,,97.04368163577115,94.08736327154229,,,,,60,100,-40,,,,,,,,,,,,-173.87022553604976,-230.44130031760483,-173.87022553604976,0.35522545147882156
2016-07-25,1.375,1.43125,1.369,1.4275,1.3005193970045414,1.254186671122429,0.9144615596554023,0.6164943945569895,0.028479259743043217,0.1489407967233467,0.12046153698030349,0,,,77.08283577456392,75.07175608204415,,,,,,,85.7233983483441,,,99.15485362945378,98.30970725890757,,,,,60,100,-40,,,,,,,,,,,,-206.80291180222255,-263.08833662349485,-206.80291180222255,0.37649180161193935
2016-08-01,1.4335,1.45575,1.3875,1.455,1.32787515436136,1.2943493368979433,0.935659145551269,0.6248377339146314,0.029637123659571607,0.157507941554768,0.1278708178951964,0,,,77.11043896010327,76.42296648561423,,,,,,,86.46458939766914,,,100,100.00000000000001,,,,,60,100,-40,,,,,,,,,,,,-252.83874602000026,-300.7086390555867,-252.83874602000026,0.38806918321404227
2016-08-08,1.475,1.5845,1.453,1.576,1.4482055004784058,1.3506794695183546,0.9607705516080819,0.6343020350697097,0.035365386819217026,0.17207755141921766,0.13671216460000063,0,,,79.69369014314096,77.96232162593604,,,,,,,89.14969838265773,89.14969838265773,,100,100.00000000000001,,,,,60,100,-40,,,,,,,,,,,,-248.6862467436365,-296.03434104548,-248.6862467436365,0.4162818724877604
2016-08-15,1.57775,1.58741,1.516375,1.5565,1.4385479647299482,1.3918435756146836,0.9841324907607061,0.643478134223245,0.03461101602414113,0.17997593463017703,0.1453649186060359,0,,,79.36061125780049,78.72158012034824,,,78.72158012034824,,78.72158012034824,,86.16544984315868,,,96.64330675743679,98.32165337871841,,,,,60,100,-40,,,,,,,,,,,,-277.10692915388444,-312.20991540084725,-277.10692915388444,0.3809890476926245
2016-08-22,1.56125,1.583,1.519,1.55075,1.4382181101063805,1.423624860491747,1.0063527852406784,0.6525057149772425,0.030631608590237447,0.1836544293438327,0.15302282075359525,0,,,76.71632920018227,78.59021020037456,,,,,,,85.25380802604997,,,91.40410568763377,94.4432928778557,,,,,60,100,-40,,,,,,78.59021020037456,,105,,,,-313.9965783986327,-356.3535671461478,-313.9965783986327,0.38178091512479345
2016-08-29,1.557,1.5845,1.529,1.56325,1.4389168165273534,1.4515498883933975,1.0281918917018282,0.6615678471665237,0.0259342745163606,0.185440663899046,0.1595063893826854,0,,,73.36134175892697,76.47942740563657,,,,,,,85.6123058711371,,,85.58435645559533,88.62464788618944,,,,,60,100,-40,,,,,,,,,,,,-360.54265505342676,-413.38019130139367,-360.54265505342676,0.35893723658060844
2016-09-06,1.56875,1.5807125,1.475,1.488,1.4407799010611138,1.458839910714718,1.0462235822233252,0.6697910526673543,0.015374090489641418,0.1787240024947372,0.16334991200509577,0,,,66.85661756106232,72.31142950672385,,,,,,,73.89610494657919,,,68.71001880101076,77.08225528110866,,,,,60,100,-40,,,,,,,,,,,,-291.3530814073491,-353.6747019738675,-291.3530814073491,0.3415689513744757
2016-09-12,1.46825,1.58125,1.432875,1.571,1.4353366938424628,1.4812719285717744,1.0668030495871164,0.6787583058746443,0.011756872628376491,0.17804600279056637,0.16628913016218988,0,,,61.86348888505819,67.36048273501582,,,,,,,77.56481918256502,,,54.99457946393382,63.21775156844544,,,,,60,100,-40,,,,,,,,,,,,-264.7434302423766,-334.824756160437,-264.7434302423766,0.4134523215780706
2016-09-19,1.5875,1.636,1.5685,1.62375,1.471937644282287,1.5097675428574195,1.088644106466053,0.6881612083037523,0.010723711368093414,0.17969376937230663,0.16897005800421322,0,,,62.50135483738752,63.740487094502676,,,,,,,79.5442089751413,,,42.06593164085913,47.81026324051334,,42.06593164085913,,,60,100,-40,,,,,,,,,,,,-282.06280656194446,-353.03843685853934,-282.06280656194446,0.4364951245147186
2016-09-26,1.60525,1.72975,1.58825,1.713,1.5623885268335522,1.5504140342859356,1.1131286513105216,0.6983586092161528,0.013669249966245245,0.18605662046201976,0.17238737049577452,0,,,65.26414080665235,63.209661509699345,,,,,,,82.39172643781873,82.39172643781873,,48.547751389087,45.04712754470029,,,,,60,100,-40,,,,,,63.209661509699345,,,,,,-278.0513871870455,-350.6678119751686,-278.0513871870455,0.3974930662873571
2016-10-03,1.713,1.7425,1.6565,1.67125,1.5529322034882984,1.5745812274287485,1.1350157630238344,0.7080391205672358,0.010562881609060104,0.18559097250709966,0.17502809089803956,0,,,65.91617525592065,64.56055696665351,,,64.56055696665351,,64.56055696665351,,76.96248025973176,,,45.978796284647856,45.081891960993595,,,,,60,100,-40,,,,,,,,,,106,,-243.86022588030997,-316.9100279796834,-243.86022588030997,0.3151804378393266
2016-10-10,1.68,1.689,1.5925,1.64975,1.5520799032391344,1.5896149819429988,1.1552014193758409,0.7174093780740295,0.005094368927974047,0.18139605205800713,0.17630168313003308,0,,,61.72410289513125,64.30147298590141,,,,,,,74.23350266264943,,,37.33853965984465,43.40028879036629,,,,,60,100,-40,,,,,,64.30147298590141,,105,,,,-159.52200299298084,-244.74456834701368,-159.52200299298084,0.27861680964084157
2016-10-17,1.6495,1.69875,1.638,1.6885,1.5497884815791962,1.609391985554399,1.1761150892042394,0.7270719713270242,0.0022653815657810994,0.17913341008725947,0.17686802852147837,0,,,59.81945959274307,62.48657924793165,,,,,,,75.90189850031189,,,22.927805151342405,31.002025360077493,,,,,60,100,-40,,,,,,,,,,,,-136.8816388124389,-218.42737410210214,-136.8816388124389,0.3093076082027671
2016-10-24,1.7,1.82375,1.69975,1.764,1.6037678757521108,1.6403135884435192,1.199169399431524,0.737389663154616,0.0035792336120443746,0.18134207053653384,0.17776283692448946,0,,,63.037084634965545,61.52688237427995,,,,,,,78.79943255423555,,,20.477827955341276,21.77150784565323,,,,,60,100,-40,,,,,,61.52688237427995,,,,,,-34.721340846540905,-150.5314879017199,-34.721340846540905,0.3326248914044535
2016-10-31,1.76975,1.79525,1.664375,1.68925,1.5958915989126743,1.6501008707548153,1.2183882465126408,0.7468609102874059,-0.0021758989419215224,0.17504296324708757,0.1772188621890091,0,,,60.270574119078034,61.04237278226221,,,,,,,69.7979372511345,,,17.486545902141444,17.25270620297989,,17.486545902141444,,,60,100,-40,,,,,,61.04237278226221,,105,,,,85.22799385283015,-64.98030828322538,85.22799385283015,0.32047253609485526
2016-11-07,1.73875,2.21925,1.669,2.19925,2.024452913276055,1.7599306966038522,1.2568534133160667,0.7613125430208645,0.025262297695269414,0.20879673430809587,0.18353443661282645,0,,,73.20915977838332,65.50560617747563,,,,,,,83.62437907916087,,,31.81346169140722,25.1328642622867,,,,,60,100,-40,,,,,,65.50560617747563,,,,,,-193.90436866586626,-334.07479768627536,-193.90436866586626,0.4435476482109151
2016-11-14,2.20225,2.3698075,2.0905,2.334,2.0930812766134794,1.8747445572830816,1.2990944559311228,0.7769611744335922,0.04806191816657443,0.2436118343210445,0.19554991615447007,0,,,84.2336078258528,72.57111390777138,,,,,,,85.52158916646728,,,49.03746560264604,38.57234398178071,,,,,60,100,-40,,,,,,,,,,,,-360.46721072661785,-484.2430162887707,-360.46721072661785,0.47263694065214923
2016-11-21,2.35225,2.3812475,2.3095,2.354,2.0903886854268023,1.9705956458264653,1.340463300796569,0.7926531030461933,0.05932635542505815,0.26970786043579276,0.2103815050107346,0,,,88.78810362115492,82.07695707513034,,,,,,,85.78636966353758,85.78636966353758,,78.22338809523632,63.61085563362795,,,,,60,100,-40,,,,,,,,,,,,-517.6549905945055,-638.0170133271761,-517.6549905945055,0.44898495570291297
2016-11-28,2.34675,2.3685,2.11925,2.21125,2.098968422182031,2.018726516661172,1.3746117988045465,0.8067684950556839,0.05224872135386435,0.27569240670306505,0.2234436853492007,0,,,85.25396814501896,86.09189319734223,,,86.09189319734223,,86.09189319734223,,75.15838831895114,,,78.36690521300085,77.26807955158945,78.36690521300085,,,,60,100,-40,,,,,,86.09189319734223,,105,,,,-471.7177195773228,-596.5593745404168,-471.7177195773228,0.4231394376575214
2016-12-05,2.24975,2.4155,2.225,2.2955,2.0815778205976,2.0740812133289377,1.410725061596525,0.8215817438611001,0.048413177873262714,0.2839601576907791,0.23554697981751638,0,,,82.82023290080676,85.62076822232687,,,,,,,76.98170281801076,,,70.39982724734264,78.27532648148556,,,,,60,100,-40,,,,,,,,,,,,-705.041770563264,-806.2758518967047,-705.041770563264,0.36436838882676303
2016-12-12,2.24625,2.5175,2.1885,2.51025,2.2281079762691998,2.1613149706631503,1.4538436866319553,0.8383844130764125,0.05502864119515333,0.304332781311458,0.2493041401163047,0,,,81.45695040524272,83.17705048368947,,,,,,,80.86080227823889,,,59.18051751221033,65.08777347800816,,,,,60,100,-40,,,,,,,,,,,,-686.8523577335795,-792.4075151882129,-686.8523577335795,0.3926584354868285
2016-12-19,2.4925,2.745875,2.475,2.7445,2.435510977964257,2.2779519765305203,1.504457659705212,0.8573507373244085,0.06896682263234111,0.3355126684067311,0.26654584577439,0,,,84.13510875621786,82.80409735408911,,,,,,,84.03927733052626,84.03927733052626,,66.61538915475235,62.257091967279244,,66.61538915475235,,,60,100,-40,,,,,,82.80409735408911,,,,,,-601.9701108729288,-719.2425124267196,-601.9701108729288,0.41856496664052967
2016-12-27,2.8015,2.99825,2.57,2.6685,2.418885193823953,2.356061581224416,1.5501063789324585,0.8753721230226731,0.06680745987811915,0.35005517062203895,0.2832477107439198,0,,,84.77222154952193,83.45476023699418,,,83.45476023699418,,83.45476023699418,,79.4044251979648,,,71.65441700083773,66.88894547257836,71.65441700083773,,,,60,100,-40,,,,,,,,,,106,,-492.5209998051235,-619.3802374400433,-492.5209998051235,0.26028982874971907
2017-01-03,2.61,2.65925,2.4845,2.5775,2.3809648228365274,2.400349264979533,1.590396324856676,0.8923087188134923,0.05356213297764412,0.35020037696597495,0.29663824398833083,0,,,78.56417896229983,82.49050308934655,,,,,,,74.10315227706997,,,66.97623425446966,70.33651084506548,,,,,60,100,-40,,,,,,82.49050308934655,,105,,,,-448.42627256782833,-569.4929215418535,-448.42627256782833,0.24877205578150158
2017-01-09,2.5875,2.72975,2.5405,2.58575,2.3806459069196326,2.437429411983626,1.629429802313277,0.9091588808153481,0.04027450464244231,0.3469813747913837,0.3067068701489414,0,,,73.72985936340537,79.02208662507572,,,,,,,74.27185364996846,,,53.15066099195599,61.58429204422074,,,,,60,100,-40,,,,,,,,,,,,-463.2578593736778,-565.9487539887893,-463.2578593736778,0.20841102584777002
2017-01-17,2.575,2.67,2.47775,2.60025,2.3795997707110876,2.469993529586901,1.667501182614717,0.925985658120668,0.027963988677650486,0.3416618559960045,0.31369786731835403,0,,,67.64972147005403,73.31458659858642,,,,,,,74.5870656110766,,,41.44115974794529,47.80382677486393,,41.44115974794529,,,60,100,-40,,,,,,,,,,,,-414.4837031239182,-513.9580714453731,-414.4837031239182,0.21043559188668576
2017-01-23,2.595,2.79725,2.5925,2.79425,2.427949787088867,2.5348448236695207,1.7116874107474733,0.9445753530647409,0.028302780474397604,0.34907634291135103,0.32077356243695343,0,,,66.66682774673146,69.34880286006363,,,,,,,78.41932614617893,,,42.18743179341871,41.04259656188884,,,,,60,100,-40,,,,,,,,,,,,-414.5775752832057,-502.32933118257796,-414.5775752832057,0.27046063085889377
2017-01-30,2.773,2.8975,2.697765,2.8595,2.490114088011091,2.5997758589356166,1.7566996691495331,0.9636293296511614,0.028271121314162095,0.356112464079656,0.3278413427654939,0,,,67.03833065374357,67.11829329017635,,,,,,,79.5433502228031,79.5433502228031,,48.69478569594024,43.95008278446394,,,,,60,100,-40,,,,,,,,,,,,-441.0180161408047,-520.9967255130184,-441.0180161408047,0.25507961383762146
2017-02-06,2.85,3.023,2.815,2.8405,2.4879652245817274,2.6479206871484933,1.799201642908375,0.9823046597043837,0.02256785651563764,0.35605116341004095,0.3334833068944033,0,,,67.6532431903719,67.11946719694897,,,,,,,78.25755421052718,,,51.6507537972964,50.01831580673949,51.6507537972964,,,,60,100,-40,,,,,,67.11946719694897,,,,,,-473.5601950242948,-550.8155026924695,-473.5601950242948,0.17125363457542433
2017-02-13,2.83475,2.8495,2.61975,2.68075,2.484789137111604,2.654486549718795,1.8337721667158897,0.999204613339166,0.004574940852887788,0.33920198296051307,0.3346270421076253,0,,,60.39271557858145,65.0280964742323,,,,,,,68.2139262864424,,,40.28783438761732,46.82458729262614,,,,,60,100,-40,,,,,,65.0280964742323,,105,,,,-482.9128868380593,-557.9399567483841,-482.9128868380593,0.1157653124497054
2017-02-21,2.70575,2.795,2.3925,2.5365,2.478732770175061,2.630889239775036,1.8613301209623254,1.014501084848229,-0.019198924936976947,0.3106283859364041,0.329827310873381,0,,,47.37701505055574,58.474324606503025,,,,,,,60.60521037396678,,,22.534577958920078,33.025857297075504,,,,,60,100,-40,,,,,,,,,,,,-426.01963468568493,-509.22360097595066,-426.01963468568493,0.11088351707282341
2017-02-27,2.555,2.63,2.4055,2.46075,2.448430429448271,2.596861391820029,1.8848367828853714,1.0288916213174009,-0.04093464473676206,0.27865900495242846,0.3195936496891905,0,,,33.045234125225825,46.93832158478767,,,,,,,56.98896404710563,,,7.632396683895527,15.264793367791052,,,,,60,100,-40,,,,,,,,,,,,-360.3797011064695,-452.0920371621415,-360.3797011064695,0.07514565475345626
2017-03-06,2.424,2.5325,2.37925,2.478,2.4457211130591086,2.573089113456023,1.9080980855173175,1.0433106101600138,-0.054225130696311186,0.25181223631880156,0.30603736701511275,0,,,20.102090767416406,33.50811331439932,,,,,,,57.612914588512126,,,2.505327909534567,4.263488609958444,,2.505327909534567,,,60,100,-40,,,,,,,,,,,,-332.1288463598387,-429.89348495084306,-332.1288463598387,0.07401146632604858
2017-03-13,2.4885,2.653,2.48775,2.65175,2.4533838906977437,2.5888212907648187,1.937260905693109,1.0593149821982226,-0.0514145440317445,0.24176918697543215,0.29318373100717665,0,,,18.08790177742193,23.74507555668805,,,,,,,63.40563190187957,,,5.681395805774775,3.02748970516506,,,,,60,100,-40,,,,,,,,,,,,-365.3781470216862,-459.91285132341704,-365.3781470216862,0.12295630074797181
2017-03-20,2.6695,2.749,2.6325,2.68675,2.4573921842193336,2.608407032611855,1.9666526348816145,1.0755083654599318,-0.047396969281984336,0.2339375194046962,0.28133448868668054,0,,,22.65992053407202,20.283304359636784,,,,,,,64.4653874577395,,,12.953113715014865,8.747174136381227,,,,,60,100,-40,,,,,,20.283304359636784,,,,,,-316.21848392683415,-416.2923329009776,-316.21848392683415,0.13178364620846578
2017-03-27,2.6395,2.75,2.589375,2.72325,2.4694713139179525,2.631375626089484,1.9963231197882179,1.0919038046095841,-0.04262973191463848,0.22804732379338244,0.2706770557080209,0,,,25.480271013163232,22.07603110821906,,,,,,,65.5911543674888,65.5911543674888,,23.120423240907556,17.933800420462024,23.120423240907556,,,,60,100,-40,,,,,,,,,,,,-329.6333050310461,-421.51190873716354,-329.6333050310461,0.0972881340894076
2017-04-03,2.72375,2.74125,2.46025,2.50825,2.4743840772095274,2.606750500871587,2.0163986837180916,1.105996801578643,-0.053595507670251785,0.20368267112020622,0.257278178790458,0,,,17.028453630268807,21.722881725834686,,,,,,,54.56088744735667,,,21.390290801886458,22.061670239693626,,,,,60,100,-40,,,,,,21.722881725834686,,,,,,-274.2454313890378,-372.1461071485884,-274.2454313890378,0.01417754343174936
2017-04-10,2.509,2.51575,2.38725,2.38725,2.4617495002659897,2.5628504006972697,2.030941872591892,1.1187455896226366,-0.06772657176492922,0.17261996408429647,0.2403465358492257,0,,,0.11913132081324562,14.209285321415095,,,,,,,49.48699934280784,,,16.10109955544891,20.307039134082547,,,,,60,100,-40,,,,,,,,,,,,-208.92808022739447,-315.39226948520866,-208.92808022739447,-0.02533803367099982
2017-04-17,2.40025,2.54475,2.395,2.542,2.4718031073898477,2.5586803205578157,2.050983367784367,1.132907325049277,-0.06534872018393728,0.1586606356193041,0.22400935580324138,0,,,-6.820373344278708,3.4424038689344485,,,,,,,55.25248358449799,,,9.535072341617173,12.921054006032227,,9.535072341617173,,,60,100,-40,,,,,,,,,,,,-210.94115654968644,-318.9573113969889,-210.94115654968644,0.01395849973818117
2017-04-24,2.574,2.6495,2.55275,2.6075,2.457995742576287,2.5684442564462526,2.072807549439882,1.1475798889791349,-0.0582948345411102,0.15114081262685364,0.20943564716796384,0,,,-1.4443378197492942,-2.715193281071585,,,,,,,57.47794278898256,,,12.743194309731223,10.88265981836996,,,,,60,100,-40,,,,,,-2.715193281071585,,,,,,-232.58821899519802,-344.6014365975364,-232.58821899519802,0.026883528288630876
2017-05-01,2.6185,2.67125,2.564,2.5965,2.3527103323922667,2.574055405157002,2.093344508285377,1.1619970045116808,-0.053429063241848346,0.1426493181156534,0.19607838135750175,0,,,3.5162970359918715,-1.5828047093453776,,,,,,,56.96253203155098,,,18.438950234183874,14.40767998666559,,,,,60,100,-40,,,,,,,,,,,,-232.11763372334383,-355.58299357980246,-232.11763372334383,-0.04010113450948172
2017-05-08,2.6085,3.26075,2.55775,3.19725,2.837856022935676,2.6986943241256016,2.136634919725166,1.1822482780986292,-0.011027599910954838,0.1822938814688082,0.19332148137976304,0,,,30.48157779143335,10.85117900255864,,,,,,,71.88080045695298,,,32.842257552862286,25.689616097129804,,,,,60,100,-40,,,,,,,,,,,,-199.91442759182675,-329.11335838347475,-199.91442759182675,-0.014072703081387663
2017-05-15,3.239,3.4555,3.17625,3.4,2.965848449868842,2.838955459300481,2.186178648363395,1.2043154594110808,0.027303457156688693,0.2274508028256239,0.20014734566893522,0,,,52.24928017864249,28.749051668689237,,,,,,,75.04367216448061,,,53.659916060407966,42.446237902778215,,,,,60,100,-40,,,,,,,,,,,,-163.56634984785828,-291.0927477682975,-163.56634984785828,0.09508365524635115
2017-05-22,3.44425,3.632,3.39275,3.546,3.1029664177353533,2.980364367440385,2.239504975878556,1.2276158030985327,0.05739000256141216,0.2718848488707004,0.21449484630928825,0,,,65.07395775664206,49.268271908905966,,,,,,,77.0568654530412,,,77.705039451613,65.06964303246463,,,,,60,100,-40,,,,,,,,,,,,-152.00883169370223,-285.4395209013343,-152.00883169370223,0.10800687700549083
2017-05-30,3.5925,3.675,3.55125,3.591,3.145433102182828,3.102491493952308,2.2925047807460635,1.251132063764219,0.07415547388255023,0.307189188662476,0.2330337147799258,0,,,71.32677438070807,62.883337438664206,,,,,,,77.65864316840032,,,92.53567168146651,85.07134336293304,,,,,60,100,-40,,,,,,,,,,,,-269.8254077493927,-404.4505171010917,-269.8254077493927,0.12071377026654669
2017-06-05,3.5745,4.2125,3.56275,3.74,3.3078307377411975,3.2299931951618466,2.3492692991481787,1.2758969188511422,0.08816070204185417,0.3432345923322435,0.25507389029038935,0,,,76.42470467835653,70.94181227190222,,,,,,,79.57986623717866,,,98.3900726451269,96.7801452902538,,,,,60,100,-40,,,,,,,,,,,,-357.1298790676849,-483.64133217362047,-357.1298790676849,0.056185729887480954
2017-06-12,3.647,3.86925,3.55275,3.7905,3.296378542188255,3.3420945561294775,2.4057881501619756,1.3009178450317278,0.09321471010039412,0.371592277915882,0.2783775678154879,0,,,75.29880578351381,74.35009494752615,,,,,,,80.2048856108451,,,100,100,,,,,60,100,-40,,,,,,,,,,,,-279.46990105537856,-413.88836268750765,-279.46990105537856,0.06741431333548749
2017-06-19,3.83525,4.0435,3.8305,3.84575,3.341708646317665,3.442825644903582,2.462257242312486,1.3262395580164867,0.09248400608336271,0.3939825754196913,0.30149856933632857,0,,,75.34724040896234,75.69025029027756,,,75.69025029027756,,75.69025029027756,,80.89786422914054,80.89786422914054,,100,100,,,,,60,100,-40,,,,,,75.69025029027756,,105,,106,,-283.202646318037,-409.5450240170517,-283.202646318037,-0.0007706580935891745
2017-06-26,3.879,3.915,3.5875,3.614,3.3415687430092604,3.4770605159228656,2.5074236249668984,1.34900334350886,0.0696394020447384,0.38854782189225157,0.31890841984751317,0,,,69.57094126286373,73.4056624851133,,,,,,,69.79498526106198,,,93.03137282251319,96.5156864112566,,,,,60,100,-40,,,,,,,,,,,,-256.25671062384845,-371.4459287412242,-256.25671062384845,-0.012764370920065871
2017-07-03,3.62625,3.6875,3.4645,3.669,3.330795975651456,3.5154484127382926,2.552975639674079,1.372087887354543,0.05227277859849194,0.3842493930956281,0.33197661449713617,0,,,61.756638349930256,68.89160667391877,,,,,,,70.82447559517739,,,84.99676171944984,89.88514566816737,,,,,60,100,-40,,,,,,,,,,,,-195.11912687405783,-304.8193962428198,-195.11912687405783,0.04276259721703824
2017-07-10,3.7435,4.1575,3.717105,4.12375,3.613721263104924,3.637108730190634,2.6145746341966642,1.3994676098684282,0.06464200523445396,0.41277912104020364,0.3481371158057497,0,,,64.35354057643411,65.22704006307602,,,,,,,77.64827668276989,,,79.92840805441753,82.3780632783343,,79.92840805441753,,,60,100,-40,,,,,,,,,,,,-186.91564926059274,-289.39768783503433,-186.91564926059274,0.11305488287492699
2017-07-17,4.15825,4.2325,4.0325,4.2025,3.6591161728831434,3.7501869841525073,2.676846217169344,1.4273584794219762,0.07085789752225802,0.4367094877085722,0.3658515901863142,0,,,67.2342627459598,64.44814722410804,,,,,,,78.58780285404586,78.58780285404586,,83.4992125885565,81.14638894458652,,,,,60,100,-40,,,,,,64.44814722410804,,,,,,-201.11280394048498,-295.8708355013917,-201.11280394048498,0.17008674989406028
2017-07-24,4.20975,4.248175,3.939,4.10975,3.6693578748200615,3.822099587322006,2.7330385223783895,1.4540489423132998,0.06178492287927001,0.4430827437854017,0.3812978209061317,0,,,66.01566505273095,65.86782279170829,,,,,,,74.58753050764639,,,85.94299122093337,83.8041928762235,85.94299122093337,,,,60,100,-40,,,,,,,,,,,,-160.9104759513059,-258.4397745011387,-160.9104759513059,0.16260236511466625
2017-07-31,4.1235,4.25175,4.0155,4.18025,3.6632715980472,3.8937296698576045,2.7897919136576683,1.4811753209967495,0.0538822162429865,0.44865059120986484,0.39476837496687833,0,,,64.67793730232994,65.97595503367356,,,65.97595503367356,,65.97595503367356,,75.60984897809041,,,85.5524760265277,86.25969446280628,,,,,60,100,-40,,,,,,65.97595503367356,,105,,106,,-126.19948032379571,-227.81436095547707,-126.19948032379571,0.13144795570230622
2017-08-07,4.20975,4.364,3.82275,3.899,3.6680379124724,3.8947837358860835,2.8332902699848184,1.505233278001757,0.024556612143991186,0.4254641401468673,0.4009075280028761,0,,,59.30566587182155,63.33308940896081,,,,,,,64.41118647190956,,,64.54889560672889,75.50620959233753,,,,,60,100,-40,,,,,,,,,,,,-15.072302083105598,-138.21174987266306,-15.072302083105598,0.08646541135802219
2017-08-14,3.99175,4.24175,3.98,4.0375,3.6288923472958,3.9233269887088666,2.8805141809658057,1.5304299618027346,0.010072342472089102,0.41349795609298745,0.40342561362089835,0,,,56.0670784811259,60.01689388509246,,,,,,,67.01730004681043,,,45.048204260812206,57.13331193324844,,,,,60,100,-40,,,,,,,,,,,,80.3953892047318,-52.173249895815275,80.3953892047318,0.0385903268195971
2017-08-21,4.06225,4.182,3.93425,4.09525,3.6209000367746715,3.9577115909670932,2.92815087975146,1.5559505591977323,0.0004733897857875924,0.40401735085313284,0.40354396106734525,0,,,52.20786055083873,55.8602016345954,,,,,,,68.07338069354412,,,23.230512856486683,33.253925980617396,,,,,60,100,-40,,,,,,,,,,,,54.868954803871475,-62.68720446021252,54.868954803871475,0.0788233454691061
2017-08-28,4.1145,4.2975,4.056525,4.2615,3.686050034147909,4.018469272773674,2.9804390805455205,1.582871449155964,0.0013627896762141711,0.40524744816261293,0.40388465848639876,0,,,53.10711300481579,53.79401734559347,,,,,,,70.9720521008245,,,25.689957828029428,24.387527994197697,,,,,60,100,-40,,,,,,,,,,,,-36.92540061501429,-146.74407637653755,-36.92540061501429,0.12836720164230245
2017-09-05,4.2095,4.2146075,4.06775,4.09225,3.6927286031373443,4.033225418218939,3.024039508759422,1.6078403899603821,-0.0126344703275037,0.38809157057701915,0.40072604090452285,0,,,49.66482630710431,51.65993328758628,,,,,,,64.51227490149302,,,21.030892893164754,20.56531829513666,,21.030892893164754,,,60,100,-40,,,,,,,,,,,,-61.12078232137531,-164.6087897626216,-61.12078232137531,0.08667124445050892
2017-09-11,4.1385,4.50275,4.133,4.50275,3.9469265600561054,4.127130334575152,3.0820281554747386,1.636645460707045,0.0017984462602844697,0.40297409872987844,0.40117565246959397,0,,,55.41513112791957,52.729023479946555,,,,,,,71.36131666326904,71.36131666326904,,26.86668186433107,25.55555472042904,,,,,60,100,-40,,,,,,52.729023479946555,,,,,,-110.00791280839799,-200.13446435123583,-110.00791280839799,0.12556588674918862
2017-09-18,4.6285,4.78,4.44025,4.475,3.927985377194955,4.196704267660121,3.1366545023188666,1.6648877944313532,0.0053220592238785724,0.40782822649944217,0.4025061672755636,0,,,62.4838918600724,55.854616431698766,,,,,,,70.36675636544082,,,26.073102917548376,25.455120583630674,,,,,60,100,-40,,,,,,,,,,,,-160.91556502505287,-241.92819810555653,-160.91556502505287,0.0818542759719663
2017-09-25,4.44375,4.49325,4.254,4.46925,3.920504278823887,4.251213414128097,3.188913149286754,1.6927918959792998,0.003215076964589003,0.4065250134812999,0.4033099365167109,0,,,60.41786086885483,59.4389612856156,,,,,,,70.14730100509053,,,35.75124010289691,31.592843616373248,,,,,60,100,-40,,,,,,,,,,,,-299.8400077477705,-374.3048893590917,-299.8400077477705,0.05789704164101709
2017-10-02,4.52,4.55,4.425,4.5325,3.9576646874793235,4.307470731302478,3.2416028297068813,1.7210476980093565,0.0020854891866816105,0.40591679800006286,0.40383130881338125,0,,,60.79302301216624,61.23159191369783,,,,,,,71.21701881444625,,,38.58016011451578,35.94026051747955,,,,,60,100,-40,,,,,,61.23159191369783,,105,,,,-375.3236427027213,-434.43127311198407,-375.3236427027213,0.03542074557550088
2017-10-09,4.56975,4.875,4.55075,4.86475,4.313117209802229,4.418926585041982,3.3052556599144545,1.7523283179296614,0.018789926507543797,0.427318716947811,0.4085287904402672,0,,,66.63786096413055,62.61624828171721,,,,,,,76.09220973054026,,,50.9085796714554,45.73671391097085,,,,,60,100,-40,,,,,,62.61624828171721,,,,,,-389.81025312040845,-439.9892234552598,-389.81025312040845,0.06188087417170737
2017-10-16,4.895,4.98975,4.8112525,4.9225,4.361340980530642,4.519641268033586,3.368677006584476,1.7838723147661821,0.02823593628942994,0.4438237108020546,0.4155877745126247,0,,,71.28450768441023,66.23846388690234,,,,,,,76.83115016868639,,,64.0697520879712,56.36000232985859,,,,,60,100,-40,,,,,,,,,,,,-449.84475255306137,-512.7184555543034,-449.84475255306137,0.08440879427779417
2017-10-23,4.9445,5.04675,4.77925,5.0465,4.4999241247784525,4.625013014426869,3.434473986718418,1.8163362718331852,0.03680089368501133,0.46158889161888883,0.4247879979338775,0,,,72.8976929614508,70.2733538699972,,,,,,,78.38516020819736,,,80.91658519870913,72.4232794188605,,,,,60,100,-40,,,,,,,,,,,,-438.96388845250476,-509.4969181807937,-438.96388845250476,0.17130045974832203
2017-10-30,5.0465,5.24925,5.0305,5.21725,4.671500973008563,4.743460411541495,3.50438677155299,1.850176209426885,0.04726423439679306,0.4838682909298688,0.43660405653307577,0,,,75.8528085982917,73.34500308138423,,,,,,,80.35117616288598,,,90.58774841661692,85.59122241446885,,,,,60,100,-40,,,,,,,,,,,,-399.1522723702312,-473.2247512388313,-399.1522723702312,0.1562138714423956
2017-11-06,5.18,5.46675,5.00925,5.4035,4.865483046365094,4.875468329233196,3.5788618001195394,1.8855326650544781,0.05925038842182195,0.5106670420603532,0.45141665363853123,0,,,77.53337779183941,75.42795978386064,,,,,,,82.25809790586503,82.25809790586503,,97.49902756622046,94.99805513244091,97.49902756622046,,,,60,100,-40,,,,,,,,,,,,-331.12458648473455,-413.54752374086195,-331.12458648473455,0.2504711512743816
2017-11-13,5.4035,5.42925,5.195,5.284,4.838555685910444,4.9571746633865565,3.6457299648207337,1.9193482604270704,0.051915383997039766,0.5163108836348309,0.46439549963779114,0,,,76.36681144756126,76.58433261256413,,,76.58433261256413,,76.58433261256413,,77.05983638919179,,,93.3372137103996,95.56467545989103,,,,,60,100,-40,,,,,,76.58433261256413,,105,,,,-332.7382980329646,-410.17524669706887,-332.7382980329646,0.3138892844331631
2017-11-20,5.29975,5.425,5.2625,5.424,4.86594456548827,5.050539730709246,3.715466044631685,1.9542204170397364,0.04929712292057653,0.5260169032885118,0.4767197803679353,0,,,74.76107800800101,76.22042241580057,,,,,,,78.76313976457874,,,88.79433763682809,92.17460680864109,,,,,60,100,-40,,,,,,,,,,,,-345.87678929969843,-413.77974729760183,-345.87678929969843,0.3037526540956395
2017-11-27,5.43275,5.434,4.78075,4.942,4.8825913822391085,5.028831784567396,3.7635654154304428,1.9839495671189429,0.009965533758930056,0.4891766975665979,0.4792111638076678,0,,,64.50559886393194,71.87782943983142,,,,,,,61.68143923854474,,,64.14112682544172,76.20151851920167,,,,,60,100,-40,,,,,,,,,,,,-325.7173730633896,-392.18342960712874,-325.7173730633896,0.20441419282787127
2017-12-04,5.00125,5.0075,4.5145,4.78725,4.827941997793458,4.980515427653917,3.8037099089429742,2.0118431037645257,-0.02945381427785393,0.4423938959603504,0.4718477102382043,0,,,47.39939483030159,62.22202390074485,,,,,,,57.35505109209991,,,41.34090049107631,55.04415114471237,,,,,60,100,-40,,,,,,,,,,,,-296.4960325064097,-361.7864424058326,-296.4960325064097,0.16782332937997801
2017-12-11,4.8015,4.8695,4.615,4.789,4.800088997951068,4.942212342123134,3.84234873604325,2.0394765057171176,-0.05680714492783118,0.40083877907841536,0.45764592400624654,0,,,33.474865466774155,48.45995305366923,,,,,,,57.39166406985144,,,13.319772697425048,26.58948259099303,,,,,60,100,-40,,,,,,,,,,,,-271.67857205069885,-343.279816513863,-271.67857205069885,0.1793618112881329
2017-12-18,4.83,4.95175,4.78125,4.88175,4.808296926668849,4.930119873698507,3.883109569923907,2.06775783401844,-0.0692269404638513,0.3711122484264324,0.44033918889028373,0,,,26.29738406195544,35.7238814530104,,,,,,,59.39337923157986,,,6.49195358161971,10.167904951134185,,,,,60,100,-40,,,,,,,,,,,,-254.1006498596627,-315.4107589658879,-254.1006498596627,0.17027881085782134
2017-12-26,4.82575,4.99925,4.7955,4.8375,4.827918574763931,4.911595898958805,3.9205366456131654,2.095317457560545,-0.08022085703888926,0.3400631175916722,0.42028397463056144,0,,,20.560193752165837,26.77748109363181,,,,,,,57.98542665919173,,,2.7780983620810877,2.105565435031116,,2.7780983620810877,,,60,100,-40,,,,,,,,,,,,-249.71871352154216,-307.15425733572647,-249.71871352154216,0.2308338397675094
2018-01-02,4.8945,5.45125,4.8625,5.385,4.841388676566508,5.006276719167044,3.9779665810793157,2.1280506171868083,-0.05179779890729597,0.3555367259964415,0.40733452490373745,0,,,31.161922087697718,26.006499967273,,,,,,,68.11638449832023,,,12.853473828870126,7.993395289744133,,,,,60,100,-40,,,,,,26.006499967273,,,,,,-304.31531106307995,-348.58075600195804,-304.31531106307995,0.30992431070227877
2018-01-08,5.51,5.65675,5.4,5.5745,4.945825199668899,5.119921375333635,4.04057573476248,2.1623436458715166,-0.022887594322815008,0.3787250320002187,0.4016126263230337,0,,,45.359373910725765,32.36049658352977,,,,,,,70.76009393093823,,,25.401750990865324,17.991921409714454,,,,,60,100,-40,,,,,,,,,,,,-438.9852545061563,-471.56607309251115,-438.9852545061563,0.3128502358472133
2018-01-16,5.60125,5.77725,5.41725,5.75275,5.130159113978264,5.246487100266908,4.107719823595324,2.198069082231004,0.004146640263772261,0.406795926652749,0.40264928638897673,0,,,54.432578302726405,43.65129143371663,,,,,,,73.03821707258898,,,43.82032792093911,34.54144719547263,,,,,60,100,-40,,,,,,,,,,,,-488.26066277776425,-519.4631507120546,-488.26066277776425,0.3202846532569104
2018-01-22,5.76075,6.0835,5.7025,6.08325,5.453701320122673,5.413839680213526,4.185191595219036,2.2367275988257203,0.038294662234572785,0.4505176141821927,0.41222295194761993,0,,,63.7498292471613,54.51392715353783,,,,,,,76.6866759417609,76.6866759417609,,57.41015335717569,50.18277398319329,,,,,60,100,-40,,,,,,,,,,,,-527.6678149999889,-555.9243960371357,-527.6678149999889,0.38598397601023965
2018-01-29,6.0685,6.23175,5.77925,5.838,5.444240511542482,5.498671744170821,4.2500076110928,2.27256115505631,0.038281071357728014,0.46007429114477993,0.4217932197870519,0,,,66.98660502408963,61.72300419132578,,,,,,,69.16293364784937,,,61.45861071176897,60.163490700275396,61.45861071176897,,,,60,100,-40,,,,,,,,,,,,-372.6373031818091,-426.66541493947454,-372.6373031818091,0.29088488956905284
2018-02-05,5.675,5.97225,5.1,5.802,5.425241189289448,5.559337395336657,4.3108700577166115,2.3076799495333615,0.030122951673378973,0.45944690937877564,0.42932395770539666,0,,,60.566370627750786,63.767601633000574,,,63.767601633000574,,63.767601633000574,,68.10045646504533,,,58.79997882904436,61.24780527812734,,,,,60,100,-40,,,,,,63.767601633000574,,105,,106,,-139.43052078511656,-239.08988495047913,-139.43052078511656,0.4191894813331375
2018-02-12,5.883875,6.25,5.6257625,6.096,5.360384675768773,5.666669916269326,4.380875153492431,2.3453746764036763,0.03827883399245541,0.4771725001959659,0.4388936662035105,0,,,63.08308079594679,63.545352149262406,,,,,,,71.9172044115725,,,55.0393041759428,57.296122863777384,,,,,60,100,-40,,,,,,,,,,,,-163.17042609691356,-251.9826331413011,-163.17042609691356,0.399454297208386
2018-02-20,6.11875,6.2991875,5.9875,6.14825,5.376001841785289,5.762985933015461,4.450183971002532,2.383214231862346,0.040717306450814894,0.4897902992670291,0.4490729928162142,0,,,65.86204707124006,63.170499498312545,,,,,,,72.54955719869652,72.54955719869652,,58.218524567132434,56.39292175058362,,,,,60,100,-40,,,,,,63.170499498312545,,,,,,-141.68489407929292,-230.71306347924633,-141.68489407929292,0.3710553557208362
2018-02-26,6.195,6.22275,5.54625,5.9135,5.386635638800626,5.793088746412368,4.507568913316158,2.418341453435855,0.021035915924126458,0.4753678877213723,0.4543319717972458,0,,,60.54524923177904,63.16345903298862,,,,,,,65.38367242088756,,,58.35786124229388,57.3855838390943,58.35786124229388,,,,60,100,-40,,,,,,63.16345903298862,,105,,,,-116.83309515578512,-199.6743246648379,-116.83309515578512,0.3214900001892741
2018-03-05,5.86275,6.14625,5.738025,6.13325,5.344393807457724,5.861120997129895,4.571321112793956,2.4553057175807718,0.017479137922340904,0.47618089420017196,0.45870175627783105,0,,,58.471358920223885,61.62621840774765,,,,,,,68.53536033467265,,,57.4404981971317,58.563815605859524,,,,,60,100,-40,,,,,,,,,,,,-263.7725324001878,-332.4608110894128,-263.7725324001878,0.35499421635190337
2018-03-12,6.175,6.3625,6.151,6.262,5.457244249782172,5.941296797703916,4.637622245625566,2.4931832726297194,0.018368160947261458,0.4816619574619079,0.4632937965146464,0,,,61.68343836973682,60.23334884057991,,,,,,,70.2543233293845,70.2543233293845,,56.13771270053198,56.980686208740316,,,,,60,100,-40,,,,,,60.23334884057991,,,,,,-278.54116287288093,-340.195209073156,-278.54116287288093,0.3121609673444819
2018-03-19,6.2045,6.3,5.813,5.82425,5.481976803369159,5.917887438163133,4.684156667365739,2.5263282151906177,-0.014197449436767318,0.44554698471868726,0.4597444341554546,0,,,54.99102034508061,58.38193921168044,,,,,,,58.48550108495298,,,46.26068607838618,51.033323034374966,,,,,60,100,-40,,,,,,58.38193921168044,,105,,,,-162.4427696232662,-240.15971651440032,-162.4427696232662,0.2314995765037894
2018-03-26,5.95,6.25,5.425,5.78975,5.468121317414219,5.892259950530506,4.727513268645514,2.558800073745935,-0.040257801015533945,0.40942218288603716,0.4496799839015711,0,,,43.37402254040197,53.3494937517398,,,,,,,57.66080169902485,,,30.943375321697193,39.66738473952885,,,,,60,100,-40,,,,,,,,,,,,-93.81681150994507,-190.13067714814576,-93.81681150994507,0.17763341507394279
2018-04-02,5.7185,5.86625,5.3268375,5.35625,5.406969794741775,5.785057960424405,4.752169611051572,2.586635396395229,-0.08624614790193841,0.34187229902414806,0.42811844692608647,0,,,23.843941636360043,40.736328173947534,,,,,,,48.37533826888442,,,10.61790250437715,21.2358050087543,,,,,60,100,-40,,,,,,,,,,,,-65.85011850813686,-156.470554030301,-65.85011850813686,0.1279082114631543
2018-04-09,5.42,5.93775,5.365,5.7875,5.39098445226022,5.785546368339524,4.79277080277504,2.618484795436072,-0.08693129383862414,0.3194543296278063,0.4063856234664304,0,,,15.53056447088106,27.58284288254769,,,,,,,56.00983795855541,,,9.774790055496723,10.442236503714739,,9.774790055496723,,,60,100,-40,,,,,,,,,,,,-65.69555150665738,-151.6577260247917,-65.69555150665738,0.12517062175564161
2018-04-16,5.7943,5.98125,5.67,5.71775,5.370128419955918,5.771987094671619,4.829044496783862,2.649323255182977,-0.09095987017632418,0.2926857857460252,0.3836456559223494,0,,,13.036136780558353,17.470214295933154,,,,,,,54.5951691158359,,,12.478256047708264,8.515963925673804,,,,,60,100,-40,,,,,,,,,,,,-51.93272395999241,-139.53813947482956,-51.93272395999241,0.13938155713985662
2018-04-23,5.73575,5.7875,5.2575,5.65825,5.389369247101924,5.749239675737296,4.861562359655083,2.6792628247831463,-0.09601141229028765,0.2636313905594898,0.35964280284977745,0,,,0.2622898523882622,9.609663701275897,,,,,,,53.349911978581424,,,19.054455506931166,15.914200697720934,,,,,60,100,-40,,,,,,,,,,,,-40.67222869453925,-128.71302320667877,-40.67222869453925,0.15598126199782553
2018-04-30,5.67475,5.9797225,5.555,5.9765,5.375985729451787,5.794691740589837,4.905285404374491,2.7120711548848067,-0.07711336741293706,0.2632510935836061,0.34036446099654316,0,,,5.141516691363098,6.1466477747699075,,,,,,,58.79570204938187,,,24.398854978384094,21.85824211066307,,,,,60,100,-40,,,,,,,,,,,,-76.00455075007756,-158.9470189872826,-76.00455075007756,0.171616197107137
2018-05-07,6.0823675,6.5125,6.07225,6.36325,5.47984782020523,5.908403392471869,4.962460486555884,2.748401292647147,-0.03964758519576811,0.29080497950183304,0.33045256469760115,0,,,26.00934943405253,10.471051992601296,,,,,,,64.28463074531145,64.28463074531145,,35.24896664316695,29.9080278621451,,,,,60,100,-40,,,,,,10.471051992601296,,,,,,-136.7309960682453,-220.0475609895949,-136.7309960682453,0.181709534157036
2018-05-14,6.40175,6.46225,6.0375,6.1485,5.466376547333429,5.956422713977496,5.00897184002428,2.7822331205810062,-0.030803883063725335,0.29194771086794447,0.3227515939316698,0,,,34.63488457050033,21.92858356530532,,,,,,,59.51549100895222,,,44.24829948979671,39.006493062471826,,,,,60,100,-40,,,,,,,,,,,,-204.5980876922007,-283.6752771733049,-204.5980876922007,0.16373792571397017
2018-05-21,6.247,6.25075,6.00625,6.232,5.469760365381041,6.011538171181996,5.056933728650779,2.8165591591821904,-0.021259721192384562,0.2961769424411891,0.31743666363357365,0,,,37.79374527896994,32.81265976117427,,,,,,,60.74228960416843,,,49.61201495778119,47.32601031421819,,,,,60,100,-40,,,,,,,,,,,,-235.58025356634604,-313.9161358690676,-235.58025356634604,0.16548170811202237
2018-05-29,6.21375,6.44675,6.1675,6.4405,5.575902482139538,6.097330536945597,5.1111912294880035,2.852618272026149,-0.003751182280682719,0.3127476857827203,0.316498868063403,0,,,45.07696006790303,39.16852997245777,,,,,,,63.71652259646686,,,52.213926814181605,51.453994786707234,,,,,60,100,-40,,,,,,,,,,,,-314.5656620088286,-393.2041111656008,-314.5656620088286,0.17876544113944476
2018-06-04,6.475,6.66475,6.4425,6.557,5.714266590558143,6.189264429556477,5.167889612645337,2.8894777917074808,0.011968771955032487,0.3314598330071936,0.31949106105216113,0,,,53.647444168211294,45.50604983836143,,,,,,,65.30751253186611,,,59.22437752151009,55.830158371505085,,,,,60,100,-40,,,,,,,,,,,,-360.09917800722343,-438.9851818627643,-360.09917800722343,0.147033418802678
2018-06-11,6.54425,6.73,6.4915,6.6315,5.816926119803989,6.277711543645181,5.225286098423951,2.926711843531287,0.023035988856792977,0.34828604712315236,0.3252500582663594,0,,,58.7012404600471,52.47521489872047,,,,,,,66.33031104311222,66.33031104311222,,67.32469066015018,62.56045920836785,67.32469066015018,,,,60,100,-40,,,,,,,,,,,,-390.99023655136466,-462.80605788771624,-390.99023655136466,0.11068241321941807
2018-06-18,6.587,6.645,6.2582525,6.27375,5.8410385398179905,6.276919234916145,5.266402329858306,2.960015705784707,0.0029691094749402236,0.32896144511003467,0.32599233563509444,0,,,54.338266089829546,55.56231690602931,,,55.56231690602931,,55.56231690602931,,57.51000721744409,,,67.0434497296797,67.19860456070175,,,,,60,100,-40,,,,,,55.56231690602931,,105,,106,,-392.62837536020743,-469.56859281722245,-392.62837536020743,0.11337375500770205
2018-06-25,6.16625,6.17,5.87525,5.9225,5.842250429830991,6.206035387932916,5.29213165025602,2.9894931614485407,-0.03515203169992792,0.28205229601018456,0.3172043277101125,0,,,36.292628546543085,49.77737836547323,,,,,,,50.383760025951865,,,53.07674325704154,61.2826758811683,,,,,60,100,-40,,,,,,,,,,,,-311.2413980219879,-396.91975775954563,-311.2413980219879,0.024629331657130264
2018-07-02,5.85225,6.191625,5.8316225,6.18325,5.841696827700206,6.2014783103463325,5.327077467893039,3.021271836459003,-0.043454332337719004,0.2628864122879637,0.3063407446256827,0,,,25.05004486167058,38.560313166014396,,,,,,,54.880067408030385,,,38.77369854966601,47.326625657726105,,,,,60,100,-40,,,,,,,,,,,,-352.8338711088992,-433.8434381669009,-352.8338711088992,0.010311754729493928
2018-07-09,6.2582425,6.3535,6.1517675,6.233,5.846682411435905,6.207782648277066,5.362603841701155,3.05322933062359,-0.04599802694769595,0.24884321094106276,0.2948412378887587,0,,,23.64924293314393,28.330638780452528,,,,,,,55.709673439075566,,,28.859616743562654,33.20270389041149,,28.859616743562654,,,60,100,-40,,,,,,,,,,,,-335.95498545273574,-419.5082675911007,-335.95498545273574,0.002627477315620558
2018-07-16,6.205,6.3575,6.1295,6.27225,5.873921882047626,6.220676118621652,5.398276240065815,3.0852593870352956,-0.045364240849694926,0.23813593682664003,0.28350017767633495,0,,,22.70170089413928,23.800329562984587,,,,,,,56.394923671876754,,,32.315778936734006,29.842214727946924,,,,,60,100,-40,,,,,,,,,,,,-340.326806279511,-419.5976734836279,-340.326806279511,0.003468449078960878
2018-07-23,6.2455,6.415,6.082,6.3005,5.895463176187081,6.236640894897322,5.433657563984803,3.117251830945392,-0.04337069553735723,0.22928680825463843,0.27265750379199566,0,,,22.508169895069233,22.953037907450806,,,,,,,56.91469270496456,,,34.76252211698947,32.207729244053446,,,,,60,100,-40,,,,,,,,,,,,-258.44920513778175,-352.3980964866047,-258.44920513778175,-0.04072530233771948
2018-07-30,6.31475,6.3265,6.03025,6.3025,5.900465806459433,6.249812715917858,5.467729816377556,3.1489458425777763,-0.04220574751893219,0.21990031939333043,0.2621060669122626,0,,,18.81538408322525,21.341751624144578,,,,,,,56.95404584029474,,,38.58460902996012,37.318969048841694,,,,,60,100,-40,,,,,,,,,,,,-229.6402587490942,-320.14389712540384,-229.6402587490942,-0.019054723352506388
2018-08-06,6.28975,6.506,6.2426475,6.36975,5.910361105998045,6.273800172734286,5.503103156911769,3.1809936451391914,-0.03736091873180247,0.21540491849750953,0.252765837229312,0,,,27.138723995127705,22.820759324474054,,,,,,,58.34013881400835,,,42.033561008964895,40.30867150473345,,,,,60,100,-40,,,,,,22.820759324474054,,,,,,-168.796575340168,-269.20864310260316,-168.796575340168,0.044021214904494024
2018-08-13,6.3785,6.590975,6.09325,6.1205,5.924249241283898,6.243140138187429,5.52731479781719,3.2102424645905425,-0.05057672340787053,0.18954493296947383,0.24012165637734437,0,,,24.406662131538635,23.45359006996385,,,,,,,51.660899948026795,,,35.576815725069395,38.69058274360341,,35.576815725069395,,,60,100,-40,,,,,,,,,,,,-149.92447073286473,-250.261617083948,-149.92447073286473,-0.014175594715936107
2018-08-20,6.0795,6.82025,5.968,6.8055,6.0776635811921915,6.355612110549943,5.577439707706712,3.2460161714105373,-0.014682861921938156,0.22176807897492168,0.23645094089685983,0,,,40.044429823826455,30.529938650164254,,,,,,,63.94920268139052,,,43.482348134651566,40.796548872258704,,,,,60,100,-40,,,,,,,,,,,,-219.93820332688932,-315.66859579595746,-219.93820332688932,0.14128467406595704
2018-08-27,6.8355,7.042925,6.73825,7.017,6.219401896821321,6.487889688439955,5.633893052502527,3.2835383985606814,0.01992617276580738,0.2613586568541191,0.2414324840883117,0,,,60.34777751374334,41.59962315636947,,,,,,,66.77439577175414,66.77439577175414,,54.95534168984852,47.1354698708192,,,,,60,100,-40,,,,,,,,,,,,-262.67671181290945,-348.2743056512379,-262.67671181290945,0.15236881750129072
2018-09-04,7.00375,7.1305,6.67975,6.7965,6.232848189905512,6.549611750751964,5.679485481816154,3.3184932403660476,0.02430099357301682,0.2718087260545827,0.2475077324815659,0,,,66.97579834389606,55.78933522715528,,,,,,,61.34475582160938,,,73.36218979150463,63.91693512223287,,,,,60,100,-40,,,,,,,,,,,,-238.55367330147132,-334.0426137146491,-238.55367330147132,0.17242606457965587
2018-09-10,6.81925,6.9775,6.548,6.91075,6.224466176340833,6.621839400601571,5.727770364882187,3.3542370887206143,0.03080383560122746,0.2860125269831002,0.25520869138187274,0,,,67.23711278733927,64.85356288165954,,,,,,,63.03206986347355,,,78.37490130280997,75.58311514381853,78.37490130280997,,,,60,100,-40,,,,,,,,,,,,-244.27118724665837,-346.0348657665311,-244.27118724665837,0.17396718998116048
2018-09-17,6.8850475,6.956,6.55275,6.58625,6.219718592316488,6.614721520481257,5.761436232926023,3.3863964211711552,0.01022938220727132,0.2679954191409619,0.2577660369336906,0,,,61.77007051190585,65.3276605477137,,,65.3276605477137,,65.3276605477137,,55.568648933372096,,,66.30521884465682,74.14614240297284,,,,,60,100,-40,,,,,,65.3276605477137,,105,,,,-230.7673350199932,-325.8467083544346,-230.7673350199932,0.10162486527157179
2018-09-24,6.555,7.04788,6.467,7.0255,6.227560121436738,6.696877216385006,5.811007361046571,3.4226064070301487,0.022479377371169118,0.285865258647652,0.2633858812764829,0,,,62.32866381735407,63.77861570553305,,,,,,,62.14208230519421,,,63.35252806216819,66.58400971811963,,,,,60,100,-40,,,,,,,,,,,,-184.26418319817626,-282.9654886536283,-184.26418319817626,0.1162401937647226
2018-10-01,7.104,7.319,6.6885,6.7465,6.201572969905543,6.706801773108005,5.8476933468878824,3.455679975119401,0.008772663902061939,0.2743517111540603,0.2655790472519984,0,,,63.578535754948675,62.55909002806951,,,,,,,56.400396273769786,,,49.56458179228484,54.42862631928179,,,,,60,100,-40,,,,,,62.55909002806951,,,,,,-73.4888771621442,-177.88085435296864,-73.4888771621442,0.11119016560790128
2018-10-08,6.6625,6.779,5.856525,6.1635,6.1703534720551465,6.598141418486404,5.86007792151973,3.482623457954034,-0.03990524758001174,0.21569748777698372,0.25560273535699546,0,,,38.21684410682736,54.708014559710016,,,,,,,46.64425171267256,,,40.35908532827895,46.38493858201562,,,,,60,100,-40,,,,,,54.708014559710016,,105,,,,124.41819141279112,2.642937347571177,124.41819141279112,0.035296233618605774
2018-10-15,6.15,6.247,5.6925,5.72925,6.099653224051208,6.4243631347891235,5.854947414793466,3.504977950909715,-0.098366822291483,0.13264420749264172,0.23101102978412472,0,,,12.521999179864864,38.10579301388028,,,,,,,40.931017930622666,,,20.059880819605493,29.788382744760273,,,,,60,100,-40,,,,,,,,,,,,265.4330657013746,133.98058510255822,265.4330657013746,-0.05740839536861233
2018-10-22,5.782,5.883,4.828,4.95725,6.086570850904693,6.130940507831299,5.819743594605487,3.5194284190598673,-0.18122617329339097,0.0044783131673860055,0.18570448646077697,0,,,-12.645565090256031,12.697759398812044,,,,,,,33.11845522650104,,,7.44410182816549,14.88820365633098,,,,,60,100,-40,,,,,,,,,,,,484.4452355738519,328.71138781118395,484.4452355738519,-0.12228854690605148
2018-10-29,5.09975,5.55,4.40025,5.373,6.00292293298293,5.979352406265039,5.802224237954292,3.5378719173776796,-0.19882147240591488,-0.06282235404661662,0.13599911835929826,0,,,-27.91566627036508,-9.346410726918768,,,,,,,39.819934663616415,,,6.762150224471754,5.963919835848542,,6.762150224471754,,,60,100,-40,,,,,,,,,,,,403.63701092406063,263.4911354818778,403.63701092406063,-0.07032994274330008
2018-11-05,5.35975,5.43525,5.026,5.14175,5.911714152055577,5.811831925012031,5.776323287446281,3.5538309032744193,-0.2154250276516023,-0.1332821662052046,0.08214286144639768,0,,,-35.47314471083172,-25.34479202381763,,,,,,,37.55259819208843,,,9.644679919022343,6.712435112784913,,,,,60,100,-40,,,,,,,,,,,,396.6120998469587,251.94729266699088,396.6120998469587,-0.045639224285777866
2018-11-12,5.0495,5.172,4.04025,4.11075,5.932805998337322,5.471615540009625,5.711006687938584,3.5593723868239278,-0.28108377067693036,-0.26921185189976526,0.011871918777165077,0,,,-47.24985053441503,-36.8795538385373,,,,,,,29.45269978748901,,,11.74083403989897,10.90474335453817,11.74083403989897,,,,60,100,-40,,,,,,,,,,,,411.7735362384208,249.77505763662893,411.7735362384208,-0.0983955627848909
2018-11-19,4.04475,4.0455,3.33275,3.625,5.849176998456085,5.1022924320077,5.629202504097855,3.5600253979003065,-0.3386101872729521,-0.4113908153140251,-0.07278062804107296,0,,,-58.5639249458724,-47.095640063706405,,,,,,,26.531764318939395,,26.531764318939395,7.536670983196462,10.056797854228117,,,,,60,100,-40,,,,,,,,,,,,382.3601660132533,226.1795926117873,382.3601660132533,-0.13258681338255549
2018-11-26,3.74725,4.0964975,3.664,4.08575,5.822057212852078,4.89898394560616,5.568674954917547,3.5652564884684628,-0.3268486094825564,-0.48134138989426845,-0.15449278041171205,0,,,-61.23928348912081,-55.68435298980277,,,,,,,33.32638895893051,,,7.779424453523319,8.288079436117805,,,,,60,100,-40,,,,,,,,,,,,348.2946812835709,185.0560303187351,348.2946812835709,-0.051682224207207667
2018-12-03,4.315,4.367,3.6404,3.69025,5.840660626219788,4.6572371564849275,5.49501123119529,3.5665002050011148,-0.32617414103331543,-0.5622104567033563,-0.2360363156700409,0,,,-61.72025960532753,-60.507822680106926,,,,,,,30.687223012083294,,,10.186182289840204,8.164919540693512,,,,,60,100,-40,,,,,,,,,,,,494.96837559564887,278.6822066244197,494.96837559564887,-0.10757009551754687
2018-12-10,3.645,3.89725,3.6205,3.66125,5.821492010061231,4.458039725187942,5.423099026050377,3.5674429890309542,-0.30835162404189004,-0.6214758457224034,-0.3131242216805134,0,,,-61.928677339040355,-61.629406811162916,,,,,,,30.495388726017623,,,14.530805693301275,12.134956474129572,14.530805693301275,,,,60,100,-40,,,,,,,,,,,,768.6104891237128,486.194532692707,768.6104891237128,-0.15292590842164372
2018-12-17,3.631,3.75825,3.2115,3.23925,5.588956866485429,4.214281780150354,5.337457887773891,3.5641773871500493,-0.30509287438416366,-0.694490314660718,-0.3893974402765543,0,,,-63.1630743088888,-62.27067041775225,,,,,,,27.759738488556465,,27.759738488556465,12.34544034703217,13.456245161381055,,,,,60,100,-40,,,,,,,,,,,,1354.3176729194013,936.8864358394876,1354.3176729194013,-0.22635458660207003
2018-12-24,3.16225,3.43475,3.1115,3.34125,5.010531376022184,4.039675424120283,5.2591752255082485,3.5619592041933323,-0.27699741677090606,-0.7356442112401869,-0.4586467944692808,0,,,-63.198982842007155,-62.763578163312125,,,,,,-62.763578163312125,29.417690994467335,,,11.331973897472416,12.706309560025275,,,,,60,100,-40,,,,,,,,,,,,1206.259914206783,811.0889020504899,1206.259914206783,-0.20255559043087717
2018-12-31,3.385,3.462,3.19233,3.40475,4.612457706306314,3.9126903392962262,5.18645266764518,3.5603949335048415,-0.23663324900508553,-0.7544383557256378,-0.5178051067205522,0,,,-61.17626520644149,-62.5127741191125,,,,,,,30.493545570044986,,,10.831909351966445,10.714023117883933,,10.831909351966445,,,60,100,-40,,,,,,-62.5127741191125,-107,,,,,998.7581116237316,666.3454653140371,998.7581116237316,-0.1287017853182961
2019-01-07,3.4625,3.74375,3.41075,3.72075,4.2974542987130055,3.874302271436981,5.128974131659095,3.561990506305788,-0.17404195261853295,-0.7353575474937184,-0.5613155948751855,0,,,-55.64690563427278,-60.007384560907155,,,,,,,35.77144740507987,,,21.319137526739016,15.886427218611637,,,,,60,100,-40,,,,,,,,,,,,810.8020913285077,528.8281079842122,810.8020913285077,-0.13567088284170245
2019-01-14,3.668,3.9495,3.64425,3.92325,4.325850420233506,3.8840918171495846,5.081690832378346,3.5655851281335913,-0.10764688983556114,-0.6958742071696369,-0.5882273173340757,0,,,-47.77925610096484,-54.86747564722638,,,,,,,38.98772442228844,,,41.86240507369723,30.356613392077453,,,,,60,100,-40,,,,,,,,,,,,658.8380747233243,419.950270168901,658.8380747233243,-0.12017541858996836
2019-01-22,3.89275,4.022,3.6887675,4.00375,4.125789675931112,3.9080234537196676,5.039418642873312,3.569944977604899,-0.049888644819329975,-0.6505881233582382,-0.6006994785389083,0,,,-39.92042576090446,-47.78219583204737,,,,,,,40.27570496840814,,,67.34678267438714,53.70340248473942,,,,,60,100,-40,,,,,,,,,,,,523.5947884099927,320.8684028654645,523.5947884099927,-0.057024228360746804
2019-01-28,3.41375,3.66975,3.275,3.61825,3.1197536276503186,3.850068762975734,4.983686539231222,3.570425624593905,-0.03019689752710475,-0.6384456004477892,-0.6082487029206844,0,,,-40.847098442198096,-42.84892676802249,,,,,,,36.30020490255844,,,81.04561793351779,74.11239887159685,,,,,60,100,-40,,,,,,,,,,,,405.66846324453945,230.71051143537997,405.66846324453945,0.0020166163698898346
2019-02-04,3.63425,3.89,3.60325,3.70425,3.0614319399610097,3.8209050103805873,4.933512557300586,3.571757210418841,-0.005237914142105948,-0.6147960955983169,-0.609558181456211,0,,,-36.3933050692195,-39.053609757440704,,,,,,,37.784376936592004,,,85.06103298361805,84.77276645667742,,,,,60,100,-40,,,,,,,,,,,,328.27419720007777,168.7631457198563,328.27419720007777,0.009533606690899083
2019-02-11,3.65975,4.09675,3.6125,3.9335,3.0936332299637948,3.8434240083044697,4.894296378582916,3.575356641160942,0.0308678982384476,-0.5709733086581514,-0.601841206896599,0,,,-28.3716222900753,-35.20400860049765,,,,,,,41.70665335674176,,,85.78755575803869,86.2258120055187,,,,,60,100,-40,,,,,,,,,,,,209.49707043642718,70.80621013442787,209.49707043642718,0.004419307568858397
2019-02-19,3.92275,4.0315,3.8795,3.97975,3.013320142109238,3.8706892066435756,4.858431814716919,3.5793804556767532,0.06031861407378525,-0.5264429393043675,-0.5867615533781527,0,,,-19.18376963908402,-27.98289899945962,,,,,,,42.49893416525875,,,91.32520408520725,88.33725179788297,,,,,60,100,-40,,,,,,,,,,,,100.49760308434948,-19.3403735263772,100.49760308434948,0.040452681058859075
2019-02-25,4.064,4.132,3.82775,3.91125,3.0623508462442928,3.8788013653148603,4.82128742982606,3.5826826401973824,0.0765936338903852,-0.49101951101517116,-0.5676131449055564,0,,,-12.04363201278273,-19.866341313980698,,,,,,,41.591928201899215,,,95.3676468069828,92.59943737426396,95.3676468069828,,,,60,100,-40,,,,,,,,,,,,19.498038887195044,-83.09666924885406,19.498038887195044,0.03844595571792955
2019-03-04,3.95,3.973,3.62,3.766,3.0861293572268433,3.856241092251888,4.779903609048567,3.5845066935287515,0.07868464118316809,-0.4692573434265963,-0.5479419846097644,0,,,-13.55161851961764,-14.926340057161475,,,,,,,39.6481670658617,,,93.54319902612707,94.88385266612183,,,,,60,100,-40,,,,,,,,,,,,36.86203181679595,-60.71545665815332,36.86203181679595,0.06414375168771164
2019-03-11,3.78975,4.28825,3.74225,4.24525,3.342745117424926,3.9340428738015105,4.758936800850584,3.591081253792147,0.11145056299910272,-0.40862878086088594,-0.5200793438599887,0,,,-1.1454763399884644,-8.913575624129626,,,,,,,48.28677133984567,,,93.19143052839385,94.18031567065542,,,,,60,100,-40,,,,,,,,,,,,-2.5674285135305652,-89.67628272030726,-2.5674285135305652,0.14873488096363904
2019-03-18,4.277,4.625,4.1964425,4.4375,3.5214597518945734,4.034734299041208,4.746331436111346,3.599503330868842,0.1431555953087157,-0.341134849724094,-0.4842904450328097,0,,,17.03988479324037,0.7809299778780877,,,,,,,51.31517040054516,,,93.44530789299785,92.82392663956507,,93.44530789299785,,,60,100,-40,,,,,,,,,,,,49.71755848892954,-34.280594952978696,49.71755848892954,0.11971702154371887
2019-03-25,4.3965,4.54375,4.27775,4.489,3.577168698187818,4.125587439232967,4.736240007244234,3.608354043994525,0.1632250357034148,-0.2802591504035412,-0.443484186106956,0,,,28.148689668057635,14.68103270710318,,,,,,,52.12873002159258,,,97.71153908876047,95.42307817752096,,,,,60,100,-40,,,,,,,,,,,,25.22345694548779,-62.593214052437105,25.22345694548779,0.15604029361964683
2019-04-01,4.5815,4.79125,4.5093625,4.77375,3.889049505460117,4.2552199513863735,4.737710987352304,3.6199500236562714,0.18946288648812531,-0.20665557799679934,-0.39611846448492466,0,,,40.067387120374555,28.418653860557516,,,,,,,56.48443966240244,,,99.01111485773845,98.02222971547688,,,,,60,100,-40,,,,,,,,,,,,-15.726262499146344,-99.39444786108488,-15.726262499146344,0.2599672399006433
2019-04-08,4.743,4.83675,4.689,4.75025,3.90906382649868,4.3542259611090985,4.738202713338488,3.6311967895900397,0.19808792679469672,-0.14850855599155377,-0.3465964827862505,0,,,47.5072367709367,38.574437853122966,,,,,,,56.02865427295307,,,99.56661059696974,99.78330529848488,99.56661059696974,,,,60,100,-40,,,,,,,,,,,,-57.412396590210655,-134.959093704524,-57.412396590210655,0.2794665166764396
2019-04-15,4.7425,4.7615,4.5775,4.6575,3.949719981748774,4.414880768887278,4.735037901050704,3.641408761832925,0.1903506041717311,-0.10865822757158661,-0.2990088317433177,0,,,49.06391626684861,45.546180052719954,,,,,,,54.16004394482502,,,97.1816529072843,98.4283054275058,,,,,60,100,-40,,,,,,,,,,,,-26.973779028354166,-110.42107666733784,-26.973779028354166,0.22742317029099718
2019-04-22,4.63375,4.82025,4.3325,4.45225,3.9822935544810045,4.422354615109823,4.723948179440873,3.649476833854488,0.16514993798303212,-0.09257140926452756,-0.2577213472475597,0,,,45.809733076477116,47.460295371420806,,,47.460295371420806,,47.460295371420806,,50.15032733753816,,,90.12537010949794,93.88391412537833,,,,,60,100,-40,,,,,,47.460295371420806,,,,,,-52.978546477744324,-140.34451727327644,-52.978546477744324,0.2556700089900887
2019-04-29,4.46025,4.62175,4.3875,4.57525,3.96914758630379,4.452933692087858,4.718116878286329,3.6586885071494684,0.15089638496534122,-0.06910086604088317,-0.2199972510062244,0,,,42.51005106808126,45.794566803802326,,,,,,,52.43641713178412,,,84.32338230655881,87.73714777344951,,,,,60,100,-40,,,,,,,,,,,,-88.80062893633624,-170.2818777690443,-88.80062893633624,0.31535755574092333
2019-05-06,4.3875,4.5085,4.1,4.2205,3.993154901567805,4.406446953670287,4.698602490902552,3.664278671257434,0.11341865293105499,-0.07822393484240564,-0.19164258777346063,0,,,29.846683180661508,39.38882244173996,,,,,,,45.864566739142106,,,71.94549833298996,77.7918598998164,,,,,60,100,-40,,,,,,,,,,,,-37.200514584275126,-127.503354538309,-37.200514584275126,0.3587323864555907
2019-05-13,4.0875,4.11075,3.8735,3.91325,3.9810188371701045,4.30780756293623,4.667804354004413,3.6667559979115887,0.06612193503760985,-0.10899016897644831,-0.17511210401405816,0,,,10.53438626805831,27.63037350560036,,,,,,,41.03865503769807,,,54.43672830798806,63.970552555451945,,,,,60,100,-40,,,,,,,,,,,,4.108669885593095,-99.77547189498009,4.108669885593095,0.29399640324401044
2019-05-20,3.81375,3.8925,3.622,3.62875,3.988071063086526,4.171996050348984,4.627057124435613,3.66637782877814,0.01645138572591448,-0.15454787185666508,-0.17099925758257956,0,,,-7.983659037669689,10.79913680368338,,,,,,,37.12060802470579,,,30.284916194905083,42.89296830412447,,,,,60,100,-40,,,,,,,,,,,,73.36163899730344,-44.3617497322564,73.36163899730344,0.23504771393061227
2019-05-28,3.6465,3.6795,3.38475,3.3865,4.002583844294631,4.014896840279187,4.578407825438138,3.663592974760447,-0.029444422597918296,-0.2078047858299774,-0.17836036323205912,0,,,-23.545077378025837,-6.9981167158790685,,,,,,,34.11606086303773,,,12.142578913867483,21.71623149348622,,,,,60,100,-40,,,,,,,,,,,,243.65952281597558,110.97675021906295,243.65952281597558,0.15662651501698474
2019-06-03,3.39775,3.672,3.315,3.6375,4.015559998273586,3.9394174722233495,4.541509479342524,3.6633333431707906,-0.039023189814724246,-0.2271393505004644,-0.18811616068574016,0,,,-31.581022163368925,-21.036586193021478,,,,,,,39.60324566400214,,,9.39918639644771,9.761040803207477,,9.39918639644771,,,60,100,-40,,,,,,,,,,,,204.8123368494346,52.617341088324245,204.8123368494346,0.14872582328947603
2019-06-10,3.694,3.809,3.5709,3.616,4.0187164269683295,3.87473397777868,4.505214989956543,3.6628623646317777,-0.04263837608512949,-0.24141413079215202,-0.19877575470702252,0,,,-33.75178258416575,-29.625960708520164,,,,,,,39.29951817475445,,,13.656133142834427,9.729631152401398,,,,,60,100,-40,,,,,,,,,,,,197.57373014953737,45.77782452681074,197.57373014953737,0.07938326868833935
2019-06-17,3.61425,3.93325,3.59125,3.794,4.038633110756306,3.858587182222944,4.477324206036679,3.664167216724994,-0.02949738589840653,-0.2356474870800307,-0.20615010118162416,0,,,-32.04377547111579,-32.45886007288348,,,,,,,43.20611461192468,,,25.830655527826863,19.570319544652293,,,,,60,100,-40,,,,,,-32.45886007288348,,,,,,160.74214284962142,16.54549279466334,160.74214284962142,0.0025739691186968975
2019-06-24,3.8155,4.13425,3.768,4.10575,4.018784317130856,3.908019745778355,4.462752668545044,3.6685610752650435,0.0020600216953000627,-0.20357507406249908,-0.20563509575779915,0,,,-22.80031602410962,-29.531958026463712,,,,,,,49.38657343984706,,,39.20530537589762,32.02105934901605,,,,,60,100,-40,,,,,,,,,,,,107.87993505878117,-25.553687713457265,107.87993505878117,0.05492051797968427
2019-07-01,4.31425,4.34875,3.942,4.00575,3.9259604373357946,3.927565796622684,4.444830995268768,3.671916188943998,0.017224573199137172,-0.18410437925887768,-0.20132895245801485,0,,,-12.194029365445932,-22.34604028689044,,,,,,,47.587025820397024,,,52.16628285216173,45.703277154526035,,,,,60,100,-40,,,,,,,,,,,,71.90176504809372,-50.90756267464684,71.90176504809372,0.0035348273563021154
2019-07-08,3.94575,4.26175,3.875,4.19025,3.8378561203832375,3.980102637298147,4.434847426826856,3.6770737393027644,0.039436316309808817,-0.15203355707075383,-0.19146987338056265,0,,,-3.740366262856755,-12.911570550804091,,,,,,,51.145146246785266,,,64.33808627764682,58.423753126967576,,,,,60,100,-40,,,,,,,,,,,,34.283262312076666,-76.19709673380197,34.283262312076666,0.021354101626542867
2019-07-15,4.2115,4.31775,4.1210625,4.211,3.8352771117844346,4.026282109838518,4.426069096363058,3.68238643841418,0.054360700523669786,-0.12351899772597541,-0.1778796982496452,0,,,6.382879777827265,-3.1838386168251294,,,,,,,51.54591703052385,,,71.94786969035862,68.1943618397102,,,,,60,100,-40,,,,,,,,,,,,38.95903280079004,-79.61580641856526,38.95903280079004,0.04097554850993718
2019-07-22,4.2325,4.47225,4.225,4.37675,3.6615341037998332,4.096375687870815,4.424135014152742,3.689295528579213,0.0730648106997738,-0.08654868487492795,-0.15961349557470175,0,,,17.84879217912614,6.83043523136556,,,,,,,54.7575920242649,,,83.15874655071727,78.06782251769192,,,,,60,100,-40,,,,,,,,,,,,7.330117746100981,-111.50384161518971,7.330117746100981,0.057656155264347836
2019-07-29,4.3695,4.3985,3.982,4.02975,3.675299524956988,4.083050550296652,4.40866893516636,3.6926831352600167,0.06026844291546091,-0.08427794193037563,-0.14454638484583654,0,,,17.251303854848704,13.827658603934047,,,,,,,47.60172951052208,,,83.86344275543564,82.91948340890525,83.86344275543564,,,,60,100,-40,,,,,,,,,,,,140.54282361044628,6.951402314844799,140.54282361044628,-0.03312808358281281
2019-08-05,3.845,3.95775,3.7225,3.8545,3.6659031303172034,4.037340440237322,4.386936820061797,3.694293253317131,0.03922231234370446,-0.09551849441620597,-0.13474080675991043,0,,,3.6162233067589913,12.905439780244622,,,,,,,44.425303745289284,,,77.92266243260508,82.22559938772973,,,,,60,100,-40,,,,,,12.905439780244622,,,,,,183.17140113581968,33.86932916669117,183.17140113581968,-0.03939231806843532
2019-08-12,3.802,4.0385,3.68485,3.989,3.67278504958026,4.027672352189858,4.3713314545691775,3.6972256587567616,0.03378678900672735,-0.09250732050150123,-0.12629410950822859,0,,,-3.686579801965367,5.72698245321412,,,,,,,47.34655641038506,,,68.05403670391345,73.63380024681837,,,,,60,100,-40,,,,,,,,,,,,203.50387365657969,39.52945113638368,203.50387365657969,-0.03144560078431211
2019-08-19,4.103,4.33625,4.041,4.061,3.672546831753099,4.0343378817518865,4.3591615936056805,3.7008453039432614,0.034355020056777416,-0.08335033443725681,-0.11770535449403423,0,,,3.429494076359809,1.1197125270511563,,,,,,,48.904135449582526,,,65.58456598051838,66.81578264988146,,65.58456598051838,,,60,100,-40,,,,,,1.1197125270511563,,,,,,298.32135117356523,125.06955092976845,298.32135117356523,-0.13827065730610744
2019-08-26,4.14025,4.2715,3.975,4.18775,3.6732399151993063,4.065020305401509,4.352439570327026,3.705690126789597,0.04207221548796637,-0.06511508513407627,-0.10718730062204264,0,,,8.641729066588908,2.794881113661129,,,,,,,51.63281005141289,,,71.40389324376417,67.40885223992306,,,,,60,100,-40,,,,,,,,,,,,265.8992873238261,107.78417803344692,265.8992873238261,-0.11592079340256463
2019-09-03,4.1145,4.52725,4.0813,4.46625,3.770633492685069,4.145266244321207,4.356902724431849,3.713257886722039,0.0634541345531333,-0.027869632430626012,-0.09132376698375931,0,,,22.193293241066293,11.421505461338349,,,,,,,57.08771263219332,,,80.98830496917822,75.43222337427927,,,,,60,100,-40,,,,,,,,,,,,198.4630532649486,58.1870547546384,198.4630532649486,-0.08336561754786702
2019-09-09,4.4975,4.71,4.46975,4.5485,3.8388632432075642,4.225912995456966,4.36441634308158,3.721568753520825,0.07961112080073116,0.008190134017154627,-0.07142098678357653,0,,,37.16471697003825,22.666579759231166,,,,,,,58.58221240217109,,,90.53017011713223,85.75091526148675,90.53017011713223,,,,60,100,-40,,,,,,,,,,,,110.56067994404884,-6.028773382568602,110.56067994404884,-0.0708720650759942
2019-09-16,4.473,4.54,4.307,4.31725,3.854730154407024,4.244180396365572,4.362566682568577,3.727495930102707,0.07145795700997801,0.017901459478895987,-0.05355649753108202,0,,,38.99346302974642,32.783824413617,,,,,,,52.96394442304328,,,89.26924448892309,90.09807512867529,,,,,60,100,-40,,,,,,,,,,,,91.36782904513083,-22.20536004028343,91.36782904513083,-0.12854920756817276
2019-09-23,4.3175,4.4755,4.233,4.294,3.8697851433779507,4.254144317092458,4.359877793056084,3.7331327865195956,0.06160627139502102,0.02345134171269425,-0.03815492968232677,0,,,37.24149476211088,37.79989158729853,,,,,,,52.41641518059445,,,80.40598028789822,86.14044984943628,,,,,60,100,-40,,,,,,37.79989158729853,,,,,,134.7554964914707,6.377432694313576,134.7554964914707,-0.12381149642737115
2019-09-30,4.32,4.57875,4.25325,4.54925,3.8843719188509542,4.3131654536739665,4.367304154112708,3.7412533558079577,0.06883923306460714,0.04789411164843216,-0.020945121416174984,0,,,41.28564492177183,39.17353423787639,,,,,,,57.6263017422702,,,75.67549474836864,78.61572851806712,,75.67549474836864,,,60,100,-40,,,,,,39.17353423787639,,,,,,156.6181334930215,23.399717658983832,156.6181334930215,-0.03475091140616263
2019-10-07,4.6145,4.7335,4.4125,4.64975,3.9858632103616007,4.380482362939174,4.3783804617945625,3.7502931234118586,0.07636867485221889,0.07451572214909863,-0.0018529527031202614,0,,,48.497659620146194,42.34159976800965,,,,,,,59.51693341770846,,,80.76436003717126,77.23387294484324,,,,,60,100,-40,,,,,,,,,,,,143.5966546761085,-3.5820491881041505,143.5966546761085,0.046212858965585024
2019-10-14,4.641,4.98225,4.609625,4.76225,4.099926552478629,4.456835890351339,4.393434169175168,3.760362346064477,0.084280991161745,0.10349828624906099,0.01921729508731599,0,,,57.5232319067256,49.102178816214554,,,,,,,61.594942978064616,,,91.54751818623492,85.03128612015985,,,,,60,100,-40,,,,,,,,,,,,115.66999018954331,-20.203494790267023,115.66999018954331,0.08328871829233608
2019-10-21,4.824,5.13451,4.77575,5.1135,4.445253227301585,4.588168712281071,4.421672044893789,3.7738264023225416,0.1070628829179858,0.15304589873479824,0.04598301581681244,0,,,66.53416068952683,57.51835073879954,,,,,,,67.27641565977571,,,97.05976623030156,94.11953246060312,,,,,60,100,-40,,,,,,,,,,,,70.09362833689909,-58.34831391930937,70.09362833689909,0.07014694553350695
2019-10-28,5.1575,5.2225,4.94525,5.06475,4.439805139637186,4.683484969824857,4.446890788231288,3.7866714132447052,0.11219938858769536,0.18623225155143164,0.07403286296373628,0,,,71.01157171563969,65.02298810396404,,,,,,,65.81254868957704,,,98.45471055856238,98.74329284235871,,,,,60,100,-40,,,,,,,,,,,,-0.8324859061734458,-111.37589320670767,-0.8324859061734458,0.09809733708463066
2019-11-04,5.14625,5.2925,5.10275,5.1945,4.529319058234529,4.785687975859886,4.476208796535944,3.8006796578890367,0.11714257188068272,0.22046107781458968,0.10331850593390696,0,,,73.92007800380314,70.48860346965655,,,,,,,67.83079403973909,67.83079403973909,,98.47177356230506,98.77741884984407,98.47177356230506,,,,60,100,-40,,,,,,,,,,,,3.864329713130843,-116.58027626003357,3.864329713130843,0.08811409304682177
2019-11-11,5.19375,5.2965,5.0159425,5.10475,4.544296268360634,4.849500380687909,4.500857471181593,3.8136554821886484,0.1074304857919764,0.23760661317387743,0.13017612738190104,0,,,72.25146055001981,72.39437008982088,,,,,,,64.95721068021646,,,95.46642082138317,96.81627454807465,,,,,60,100,-40,,,,,,72.39437008982088,,105,,,,-12.292821143802044,-143.5656805763911,-12.292821143802044,0.015758559516064544
2019-11-18,5.09725,5.36375,5.09425,5.27225,4.628409749192017,4.934050304550327,4.531108158586236,3.8281688604753286,0.10521412258482604,0.2616937806129336,0.15647965802810754,0,,,71.59113491721212,72.58755782367835,,,72.58755782367835,,72.58755782367835,,67.72190578945916,,,96.0140751081934,96.07771139646117,,,,,60,100,-40,,,,,,,,,,,,2.669509973252815,-135.64464774431997,2.669509973252815,0.06602429378411204
2019-11-25,5.401,5.53525,5.388,5.4185,4.782148338535444,5.030940243640262,4.565907838641678,3.84399305091836,0.10621618906111158,0.289249894354497,0.18303370529338542,0,,,73.41271890973724,72.4184381256564,,,,,,,69.96342351384968,,,95.64479353238667,95.3391482448477,,,,,60,100,-40,,,,,,72.4184381256564,,,,,,-60.543128203702246,-190.98198451807997,-60.543128203702246,0.006209532206922322
2019-12-02,5.4115,5.425,5.00925,5.30425,4.7900306000686275,5.08560219491221,4.594862433204749,3.8585229708097195,0.09231638532640934,0.2984291869513971,0.20611280162498774,0,,,68.02339726005617,71.00908369566851,,,,,,,66.07989855779101,,,94.37816945384789,95.1643041368868,,,,,60,100,-40,,,,,,71.00908369566851,,105,,,,-109.53528671211998,-235.34889642388356,-109.53528671211998,0.028851146994984592
2019-12-09,5.28125,5.7245,5.2725,5.59975,4.95677841434944,5.188431755929768,4.634269788765348,3.8758486128912146,0.0957439087542149,0.32579268756775637,0.23004877881354147,0,,,69.52075417325176,70.31895678101505,,,,,,,70.64545561335896,,,93.98510211232845,94.37816945384792,,,,,60,100,-40,,,,,,,,,,,,-170.52887094627994,-293.4672788922684,-170.52887094627994,0.03752467610104236
2019-12-16,5.6475,6.00975,5.61925,5.98425,5.322633527610194,5.347595404743815,4.687210189205922,3.896827731170904,0.11531374106429004,0.374190955143904,0.25887721407961395,0,,,74.68938510574829,70.7445121796854,,,,,,,75.32673191245918,75.32673191245918,,93.59203477080901,93.59203477080904,,93.59203477080901,,,60,100,-40,,,,,,70.7445121796854,,,,,,-257.7054398651381,-373.7459554573105,-257.7054398651381,0.12335342704787856
2019-12-23,6.013,6.04525,5.89525,5.92175,5.31132041849518,5.462426323795052,4.735623515119416,3.9169762114577606,0.1151860578380185,0.40285978637713704,0.28767372853911855,0,,,76.62703450634207,73.6123912617807,,,,,,,73.26915585227813,,,96.21206474238673,94.90204975659789,96.21206474238673,,,,60,100,-40,,,,,,,,,,,,-264.4862689805676,-372.1557817377996,-264.4862689805676,0.10252996057965605
2019-12-30,5.89975,5.99775,5.75325,5.90175,5.337958245745525,5.5502910590360415,4.78135396550689,3.936725204378579,0.10516876523025698,0.41913468507693974,0.31396591984668276,0,,,74.31249338460123,75.20963766556386,,,75.20963766556386,,75.20963766556386,,72.58185494032388,,,94.00042502101626,94.7787411352543,,,,,60,100,-40,,,,,,75.20963766556386,,105,,,,-256.3978564386462,-349.9456396036543,-256.3978564386462,0.056031095265252795
2020-01-06,5.808,6.21375,5.78175,6.108,5.472943371049415,5.661832847228833,4.833379300192894,3.9583299287131206,0.10367702563637177,0.44356220189214746,0.3398851762557757,0,,,73.52664441938765,74.82205743677699,,,,,,,75.18265582207431,,,93.93877071034447,94.65543251391072,,,,,60,100,-40,,,,,,,,,,,,-271.59824617707415,-355.4100687666262,-271.59824617707415,0.15204368623562847
2020-01-13,6.1915,6.32471,6.11325,6.232,5.5805902731173145,5.7758662777830665,4.888227170773566,3.980953511511995,0.102121833196536,0.46753746775144567,0.36541563455490966,0,,,74.16371888653298,74.00095223017395,,,,,,,76.62669505708716,,,94.87405575466119,94.04808233071974,,,,,60,100,-40,,,,,,74.00095223017395,,,,,,-377.671292326697,-453.517328990876,-377.671292326697,0.13706329497598238
2020-01-21,6.195125,6.4875,6.1642575,6.262,5.6261609678946485,5.8730930222264535,4.9421006150569555,4.00365049149695,0.09437677878583478,0.4833866080372031,0.38900982925136834,0,,,73.7416452917708,73.81066953256381,,,,,,,76.9777962129974,76.9777962129974,,98.15368968089683,96.30737936179366,98.15368968089683,,,,60,100,-40,,,,,,73.81066953256381,,105,,,,-359.91287554002486,-440.1505419016258,-359.91287554002486,0.08815993770816472
2020-01-27,5.956,6.23175,5.80575,5.91075,5.625400541616459,5.880624417781163,4.980086865446879,4.0226266060094185,0.058612459259858196,0.4622754033261911,0.4036629440663329,0,,,65.29509194944755,71.06681870925044,,,,,,,64.65828446284443,,,79.71639182416203,88.7832032067317,,,,,60,100,-40,,,,,,,,,,,,-239.0196254418385,-332.8504433740575,-239.0196254418385,0.08035242175748632
2020-02-03,5.8925,6.35625,5.88625,6.28975,5.633443360072427,5.96244953422493,5.031446204056805,4.045185047740668,0.05363029126239838,0.4707008081443309,0.41707051688193253,0,,,62.57424712941505,67.2036614568778,,,,,,,70.22787037085362,,,65.45483838392312,75.38981430235968,,,,,60,100,-40,,,,,,,,,,,,-188.2887844524133,-295.0594536696834,-188.2887844524133,0.14735036239795257
2020-02-10,6.3125,7.37425,6.3075,7.24475,6.568179548638682,6.2189096273799445,5.118242431348695,4.077021514927329,0.10483969304960122,0.548120133193934,0.4432804401443328,0,,,72.70072262435824,66.85668723440695,,,,,,,79.1831126518136,,,58.04148212817087,60.5631017908552,,58.04148212817087,,,60,100,-40,,,,,,66.85668723440695,,,,,,-219.50900546106539,-332.32137118428636,-219.50900546106539,0.2359074462129616
2020-02-18,7.1410875,7.908,7.1215,7.35175,6.5685774380216335,6.445477701903956,5.205830963452668,4.109605877962878,0.13422807092028555,0.6110655287946898,0.47683745787440424,0,,,80.96653968604659,72.08050314660663,,,,,,,79.91636305930024,79.91636305930024,,75.08680883775833,65.30333565162248,75.08680883775833,,,,60,100,-40,,,,,,,,,,,,-192.32554992268985,-300.99021278714343,-192.32554992268985,0.15236013439883184
2020-02-24,6.75475,7.0468075,6.04475,6.75175,6.5121611924486595,6.506732161523165,5.2664552393957,4.135895869226928,0.10297384516934371,0.6055547643360839,0.5025809191667402,0,,,72.02402092438854,75.23042774493113,,,75.23042774493113,,75.23042774493113,,65.83023839124277,,,70.93214585727421,70.56360905098232,,,,,60,100,-40,,,,,,75.23042774493113,,105,,,,300.82455006325375,102.8261895377917,300.82455006325375,0.16771921455558553
2020-03-02,6.9225,7.12225,6.45,6.651,6.385417535845184,6.535585729218532,5.320751112360575,4.160921780975914,0.06697467890821318,0.5862992678020067,0.5193245888937935,0,,,66.51182571702051,73.1674621091519,,,,,,,63.78506228066522,,,51.372886398282176,64.7291843710062,,,,,60,100,-40,,,,,,,,,,,,693.4019045972076,469.58506416728414,693.4019045972076,0.13674160543053193
2020-03-09,5.9975,6.527,5.395,6.021,6.358405568999099,6.432668583374825,5.348211853052317,4.179430021961228,-0.004039535775034908,0.5142751691749998,0.5183147049500347,0,,,46.09553014986531,61.54379226375814,,,,,,,52.69503569479881,,,21.341715243003947,38.000175393783074,,,,,60,100,-40,,,,,,,,,,,,1170.0561037613516,866.9241434095961,1170.0561037613516,0.10472980536037446
2020-03-16,5.31025,5.758,4.5170175,5.14375,6.24993017121345,6.17488486669986,5.340193741167912,4.189025245623306,-0.10904753243570176,0.38200528940540757,0.4910528218411093,0,,,19.89811250287495,44.16848945658694,,,,,,,41.7460492482183,,,7.149466649847453,14.249694204369506,,7.149466649847453,,,60,100,-40,,,,,,,,,,,,1176.4095394411058,885.665208244215,1176.4095394411058,0.1028737303469994
2020-03-23,5.14275,6.5779425,4.963,6.31825,6.113776944698203,6.203557893359888,5.378548888573092,4.210211561587253,-0.09867104724601933,0.3677140127835852,0.4663850600296045,0,,,13.352530904480675,26.448724519073664,,,,,,,55.23634582559208,,,9.2553070190395,5.810777056407336,,,,,60,100,-40,,,,,,,,,,,,990.6987140881774,739.1806249270851,990.6987140881774,0.15740812405175564
2020-03-30,6.384,6.8849975,5.95975,6.09775,5.971497520076903,6.18239631468791,5.406752853727088,4.228993038586385,-0.10531850645125496,0.3347369269655358,0.44005543341679076,0,,,15.404260082342134,16.218301163232606,,,,,,,52.75177779599485,,,17.560413115154244,11.967475576826422,,,,,60,100,-40,,,,,,,,,,,,962.3898569812361,706.6023294857969,962.3898569812361,0.11825388607796856
2020-04-06,6.381,6.95625,6.32325,6.57375,5.9379087686428385,6.260667051750328,5.4525174476985745,4.252323953625326,-0.07759872836972354,0.34305702295463636,0.4206557513243599,0,,,22.620083744118222,17.125624910313693,,,,,,,57.24889084008069,,,30.945979381455118,24.436286599516023,,,,,60,100,-40,,,,,,17.125624910313693,,,,,,784.682610257375,570.8564513974702,784.682610257375,0.09130672330001074
2020-04-13,6.51375,7.475,6.425,7.308,5.916254570882636,6.470133641400262,5.525281469357454,4.282728690405174,-0.013133573453194325,0.404238784507867,0.4173723579610613,0,,,34.14022214409943,24.054855323519945,,,,,,,63.115548784908434,63.115548784908434,,39.300528417944356,34.80251991319128,,,,,60,100,-40,,,,,,,,,,,,622.922135665125,440.7007329615664,622.922135665125,0.141224304759836
2020-04-20,7.181,7.3375,6.67775,7.23975,5.868789958676733,6.62405691312021,5.592515529382652,4.312151788013082,0.01979976069979711,0.4421220588358077,0.4223222981360106,0,,,40.70558317288843,32.48862968703538,,,,,,,62.25526785976523,,,48.02544262173751,44.3262735823917,,,,,60,100,-40,,,,,,,,,,,,486.93629281692046,335.1187815140089,486.93629281692046,0.16081128420414897
2020-04-27,7.37475,7.605,7.02108,7.0695,5.88046567591411,6.713145530496168,5.650436489014705,4.339588088629868,0.02468861130591249,0.4531830622684012,0.4284944509624887,0,,,46.06739640687443,40.30440057462078,,,,,,,60.04361317191719,,,51.96120840940125,49.861391350645846,,,,,60,100,-40,,,,,,,,,,,,401.12969412293495,278.73354851146183,401.12969412293495,0.11047272869141674
2020-05-04,7.022,7.81875,7.022,7.8125,6.362890270491673,6.933016424396934,5.73522329336707,4.374144426056437,0.06996865245188577,0.5159552665273459,0.44598661407546014,0,,,52.5089043390215,46.427294639594805,,,,,,,65.78958345744567,,,55.06466694859741,53.97874275660873,,,,,60,100,-40,,,,,,,,,,,,274.5606588278559,175.3274487821051,274.5606588278559,0.10952176540888306
2020-05-11,7.8075,8.5005,7.59475,8.49075,7.030862394027983,7.244563139517547,5.8432831642154195,4.415105675548412,0.1338997882979201,0.6133613494478602,0.47946156114994015,0,,,61.71411370137591,53.430138149090624,,,,,,,70.049012670197,,,59.798307769220486,57.45205803679596,,,,,60,100,-40,,,,,,,,,,,,200.09508449551845,120.72245809444965,200.09508449551845,0.17778692244044517
2020-05-18,8.7605,9.093,8.6805025,9.02625,7.541247223025982,7.600900511614038,5.968105393069717,4.460987708627533,0.19675453697531564,0.7254047323690846,0.528650195393769,0,,,70.82034846277078,61.68112216772275,,,,,,,72.93162959824771,72.93162959824771,,67.74725727015641,63.44741579563601,,,,,60,100,-40,,,,,,,,,,,,117.35052367815146,52.409283895458785,117.35052367815146,0.21316097930801214
2020-05-26,9.15675,9.18175,7.99675,8.8755,7.561283135666984,7.85582040929123,6.082120867851296,4.504913204064075,0.2113963620562881,0.7928956479641291,0.5814992859078411,0,,,71.7720239257961,68.10216202998095,,,,,,,70.85199132290582,,,77.37625927181924,72.2360436974901,,,,,60,100,-40,,,,,,,,,,,,55.10497391848755,-0.7560404491700723,55.10497391848755,0.22213668979970197
2020-06-01,8.83325,8.997,8.658,8.92,7.496637911690771,8.068656327432985,6.193410245582618,4.548844415963935,0.2070302957915391,0.8402871556472649,0.6332568598557258,0,,,71.72307293042886,71.4384817729986,,,,,,,71.11538374913515,,,85.75378353513298,81.51778516527283,,,,,60,100,-40,,,,,,,,,,,,-26.732294066692006,-67.89130582204827,-26.732294066692006,0.23654285091561342
2020-06-08,8.87725,9.5,8.68575,8.9325,7.557467346570001,8.241425061946387,6.300825530069575,4.592462879486682,0.18846529871932405,0.8688384832548808,0.6803731845355567,0,,,71.17999990415203,71.55836558679233,,,71.55836558679233,,71.55836558679233,,71.19459383866754,,,92.33017893127382,89.29165365342232,,,,,60,100,-40,,,,,,71.55836558679233,,105,,106,,-30.05369514547528,-61.00197749076678,-30.05369514547528,0.21948565480980228
2020-06-15,8.81525,9.445,8.74375,9.26125,7.7810589646721455,8.44539004955711,6.416920607321748,4.638918472725621,0.18172668036366368,0.9075315349901363,0.7258048546264726,0,,,69.83847137506987,70.9138480698836,,,,,,,73.28212813630091,,,95.62667703740826,94.15296004723378,,,,,60,100,-40,,,,,,,,,,,,-121.86211420993432,-144.45616340153646,-121.86211420993432,0.25003871638454295
2020-06-22,9.3,9.6425,9.125,9.155,7.78660832433842,8.587312039645688,6.524296269779718,4.683854607325366,0.1545789809569934,0.9190285808227143,0.7644495998657209,0,,,68.513500175447,69.84399048488966,,,,,,,71.46869823874658,,,96.20863098233713,96.2215900503456,,,,,60,100,-40,,,,,,,,,,,,-126.06900253540081,-151.82777005580255,-126.06900253540081,0.19915608368419266
2020-06-29,9.16975,9.7375,8.9,9.61225,8.16901130117139,8.792299631716551,6.645392494494239,4.732893367451482,0.1516713289950371,0.9540387611095174,0.8023674321144803,0,,,66.88262701870667,68.41153285640787,,,,,,,74.41985684636137,,,97.28854857932697,96.96829077514137,,,,,60,100,-40,,,,,,,,,,,,-197.69282025623704,-221.4954482274748,-197.69282025623704,0.18120758258683975
2020-07-06,9.74175,10.65525,9.7125,10.47925,9.01945692251629,9.129689705373242,6.795739847651327,4.790071045387289,0.1899128911947381,1.0397585461079029,0.8498456549131648,0,,,71.02700208778668,68.8077097606468,,,,,,,78.90245983006659,78.90245983006659,,97.37328397198192,97.1377615604513,97.37328397198192,,,,60,100,-40,,,,,,68.8077097606468,,,,,,-214.47594384601211,-234.85991218611574,-214.47594384601211,0.22754031555324117
2020-07-13,10.595,10.7922475,9.7855,10.2015,8.97472785662227,9.344051764298593,6.9292990693120595,4.843916109612291,0.1784531772067851,1.0729121264216461,0.894458949214861,0,,,71.20333577625279,69.70432162758208,,,,,,,74.37896093367165,,,94.85770403776286,96.23325521063775,,,,,60,100,-40,,,,,,,,,,,,-245.4803176921917,-263.97629178864014,-245.4803176921917,0.19662528336803278
2020-07-20,10.27425,10.6025,9.777,10.1945,8.938372652577822,9.514141411438874,7.057346164633155,4.897155750312666,0.15331430491207854,1.0861018303549592,0.9327875254428807,0,,,68.84462343798144,70.358320434007,,,70.358320434007,,70.358320434007,,74.26271952248234,,,89.70987187983107,92.6276757520157,,,,,60,100,-40,,,,,,70.358320434007,,105,,106,,-213.5748053845205,-229.6169660088874,-213.5748053845205,0.22657010954493165
2020-07-27,10.23225,10.7665,10.20925,10.61475,9.066006748822264,9.734263129151099,7.196852197392639,4.954047235384182,0.1478360849786461,1.1175826316661883,0.9697465466875422,0,,,68.36777211846109,69.4719104442318,,,,,,,76.63739278573125,,,86.09648365405793,88.11679704516261,,86.09648365405793,,,60,100,-40,,,,,,,,,,,,-252.9248407691531,-261.5047903709079,-252.9248407691531,0.24091346533970562
2020-08-03,10.7325,11.50475,10.71525,11.1995,9.679666981049245,10.02731050332088,7.353818777887045,5.016191043987324,0.16512901575254224,1.17615781637822,1.0110288006256778,0,,,70.81034914574971,69.34091490073077,,,,,,,79.48993948774186,,,88.87405131047682,87.15408522288836,,,,,60,100,-40,,,,,,69.34091490073077,,,,,,-298.75668790203434,-303.0493739398337,-298.75668790203434,0.25946769168098255
2020-08-10,11.33425,11.72175,10.79575,11.564,10.025583625260014,10.334648402656704,7.518923923852259,5.081343371907848,0.18135573574800756,1.2377234703106872,1.0563677345626796,0,,,71.76277245938742,70.31363124119942,,,,,,,81.0522206066369,,,93.96776611370768,90.65142997210852,,,,,60,100,-40,,,,,,,,,,,,-278.982744647119,-282.4949423144094,-278.982744647119,0.24174446149233303
2020-08-17,11.85125,12.8087,11.81719,12.6835,11.122684794884298,10.804418722125364,7.721456318995307,5.156986721441103,0.24383253378401504,1.3611584017926983,1.1173258680086833,0,,,76.74436050916363,73.10582737143362,,,,,,,84.88341792674754,,,97.97968660889538,95.95937321779076,,,,,60,100,-40,,,,,,,,,,,,-246.44042743855186,-259.31404371178945,-246.44042743855186,0.352744945056593
2020-08-24,12.88375,13.148,12.5075,13.14775,11.52060730953542,11.273084977700291,7.934252149622942,5.236496803814823,0.28965057984859577,1.479389092819428,1.1897385129708322,0,,,79.62315083348598,76.04342793401237,,,,,,,86.142226202331,86.142226202331,,99.54735037588449,99.094700751769,99.54735037588449,,,,60,100,-40,,,,,,,,,,,,-256.1785315406334,-272.16603576419135,-256.1785315406334,0.4114096029361044
2020-08-31,13.182785,14.7267475,11.70475,12.6225,11.545331787425747,11.542967982160233,8.118105006500475,5.309989372931094,0.25881763461636487,1.5132605562412884,1.2544429216249235,0,,,79.1978587805045,78.5217900410514,,,78.5217900410514,,78.5217900410514,,78.16428889544281,,,90.99225519611502,95.49612759805756,,,,,60,100,-40,,,,,,,,,,,,-167.7824348968819,-207.22675653433836,-167.7824348968819,0.32483666558309526
2020-09-08,11.7345,13.06525,11.70425,12.1645,11.228076302609622,11.667274385728186,8.276787163108299,5.378193458772576,0.18525948710288387,1.4860172805035283,1.3007577934006445,0,,,72.60558144866621,77.14219702088559,,,,,,,71.87616688937007,,,71.869360624232,82.55677601065916,,,,,60,100,-40,,,,,,77.14219702088559,,105,,,,-130.91290127926703,-171.36734625536772,-130.91290127926703,0.2672490480188409
2020-09-14,13.081,13.315,11.98875,12.18925,11.17076728099465,11.77166950858255,8.430217078280522,5.445965165650461,0.11916378352869339,1.4497125228115113,1.330548739282818,0,,,67.76538360484331,73.18960794467137,,,,,,,72.00799813883089,,,48.19746674937582,61.016315382682286,,,,,60,100,-40,,,,,,,,,,,,-151.65601013758211,-185.66419239075543,-151.65601013758211,0.2351885229500908
2020-09-21,11.925,12.8835,11.9045,12.87375,11.12251604663789,11.99208560686604,8.604473271289129,5.519873472459909,0.10304234658010403,1.4593516725079478,1.3563093259278438,0,,,63.397387033203756,67.92278402890445,,,,,,,75.45517907595806,,,36.07843971507603,42.17936069600661,,,,,60,100,-40,,,,,,,,,,,,-107.71855374893082,-143.725248319709,-107.71855374893082,0.2581357518968062
2020-09-28,13.04025,13.7627375,12.75,13.06225,11.12731847187804,12.206118485492832,8.779288044964066,5.594921995121999,0.08720050854952643,1.4653099616147518,1.3781094530652254,0,,,63.88252042006483,65.01509701937064,,,,,,,76.32498119632129,,,33.74149574334244,33.20978208422497,,33.74149574334244,,,60,100,-40,,,,,,,,,,,,-117.22427124912522,-148.50247589794373,-117.22427124912522,0.17714477766489417
2020-10-05,13.236,14.142,13.222765,13.76275,11.741958223886751,12.517444788394265,8.97471792555371,5.676193915568547,0.104840269307797,1.5091597896999716,1.4043195203921746,0,,,66.07822204574718,64.45270983300527,,,,,,,79.28088732335547,,,41.286482410832306,36.70592323956754,,,,,60,100,-40,,,,,,64.45270983300527,,,,,,-205.91076738564792,-233.320207552863,-205.91076738564792,0.13848863396604297
2020-10-12,13.9895,14.3484975,13.76775,13.8115,11.780800493609126,12.776255830715412,9.164395653963368,5.757142234816621,0.1007088275593675,1.530205554841384,1.4294967272820165,0,,,67.3498431784528,65.77019521475495,,,65.77019521475495,,65.77019521475495,,79.47409800942287,79.47409800942287,,47.41099100507347,43.74055824867603,,,,,60,100,-40,,,,,,,,,,,,-237.56335513371195,-260.89835163416063,-237.56335513371195,0.08211737737525174
2020-10-19,13.902875,13.9834975,13.23175,13.59025,11.842172244065617,12.93905466457233,9.337958569494216,5.835083605614466,0.06568788984127694,1.5116065895836126,1.4459186997423357,0,,,63.7316273786239,65.71989753427464,,,,,,,75.99002426186433,,,49.53186742267249,49.00305004722829,49.53186742267249,,,,60,100,-40,,,,,,65.71989753427464,,105,,,,-228.0063814730371,-249.82592406431323,-228.0063814730371,0.0587018853882727
2020-10-26,13.427,13.6927925,12.3,12.534,11.875446012346645,12.858043731657864,9.463293527553267,5.901739490135715,-0.040295595373066595,1.3955492055260024,1.435844800899069,0,,,52.60774703063773,61.229739195904834,,,,,,,61.94523610311069,,,37.481582364519106,44.026318322156506,,,,,60,100,-40,,,,,,,,,,,,-153.82340302339398,-188.03939241625628,-153.82340302339398,0.05798806210260768
2020-11-02,12.65775,14.58875,12.395,14.562,12.565265225750455,13.198834985326291,9.66324280098255,5.987911236502524,0.011720270281725398,1.4504951387512257,1.4387748684695003,0,,,54.07092345218448,56.803432620482056,,,,,,,72.5124056899495,,,31.318442205857977,35.90860390417864,,,,,60,100,-40,,,,,,,,,,,,-210.40096611004964,-243.85041197693695,-210.40096611004964,0.07224442472365841
2020-11-09,14.5525,14.6915,12.62825,13.297,12.394496281053994,13.218467988261033,9.80574308329696,6.060638487880608,-0.05013796934286674,1.3761024067909169,1.4262403761337836,0,,,50.69335291177356,52.45734113153194,,,,,,,61.05568257173779,,,19.895143169477443,24.36385331334353,,,,,60,100,-40,,,,,,,,,,,,-233.96442681731332,-260.42306434476654,-233.96442681731332,0.09597617997078839
2020-11-16,13.1725,13.6495,13.065,13.08775,12.254567975264422,13.192324390608826,9.934449236893158,6.130559995463885,-0.11263780776204024,1.2854431164312334,1.3980809241932737,0,,,43.77084111260641,49.511705825521496,,,,,,,59.37461203706619,,,17.310074272599046,19.193715519586743,,,,,60,100,-40,,,,,,,,,,,,-285.9708946687109,-305.80068900935447,-285.9708946687109,0.031694831465878856
2020-11-23,13.17113,13.4075,12.885,13.26125,12.335884548459822,13.20610951248706,10.064912011916956,6.2015121348125035,-0.1475805078954171,1.2136052893240024,1.3611857972194195,0,,,36.40336081150633,43.62251827862878,,,,,,,60.35510225672418,,,6.016865622993425,10.72164932430244,,,,,60,100,-40,,,,,,,,,,,,-353.0670956380362,-367.4732910076537,-353.0670956380362,0.01558610801160679
2020-11-30,13.265,13.6734425,12.9723525,13.55825,12.420249937855548,13.276537609989647,10.201905658508448,6.274713506605414,-0.15520132622923155,1.1671841394328801,1.3223854656621117,0,,,34.744924399329435,38.306375441147416,,,,,,,62.05348930119678,62.05348930119678,,6.621469195214747,7.495363334431314,,,,,60,100,-40,,,,,,,,,,,,-458.8730782493024,-466.11451082444387,-458.8730782493024,0.04226588331514409
2020-12-07,13.60125,13.73125,12.823,13.01325,12.473076370865865,13.223880087991718,10.312154456214,6.341763620967549,-0.19867856019202423,1.0740372654220813,1.2727158256141056,0,,,27.85089366842157,32.99972629308579,,,,,,,57.183559398064595,,,5.0083262002792175,4.269077344560256,,,,,60,100,-40,,,,,,,,,,,,-489.98706402215646,-493.1845997654541,-489.98706402215646,0.02530976717273998
2020-12-14,13.087875,13.464,13.0705,13.272,12.492535201518304,13.233504070393375,10.428226830480117,6.4107211968783195,-0.21060447644913638,1.0094602300526851,1.2200647065018215,0,,,24.52048530696969,29.038767791573576,,,,,,,58.84478031092269,,,6.523670612887126,6.135622834442652,,,,,60,100,-40,,,,,,,,,,,,-631.8075978363099,-627.1510361717352,-631.8075978363099,0.010431208312951731
2020-12-21,13.07475,13.37,12.93875,12.99375,12.575961258552711,13.1855532563147,10.528835582225994,6.476223971038734,-0.23591953704943913,0.9251652851900225,1.1610848222394616,0,,,15.72580267874254,22.699060551377944,,,,,,,56.300045697986526,,,3.7606990792335155,5.045172901449202,,,,,60,100,-40,,,,,,,,,,,,-605.1153073206171,-601.3053932314197,-605.1153073206171,-0.010425283326735993
2020-12-28,13.0625,13.21375,12.763175,13.055,12.656214025798945,13.15944260505176,10.62790085351125,6.541684429038349,-0.24609579141275373,0.8534650829735195,1.0995608743862733,0,,,5.671621411545402,15.305969799085887,,,,,,,56.746105201982004,,,3.6402635058966624,4.167117665035688,,,,,60,100,-40,,,,,,,,,,,,-582.3670696259594,-580.1589580984343,-582.3670696259594,-0.035856650110175504
2021-01-04,13.10425,13.6524975,12.586,13.27675,12.727973738241879,13.182904084041407,10.731777290628456,6.608700006858863,-0.23544624211352483,0.8052530717443673,1.0406993138578922,0,,,4.667489711181008,8.68830460048966,,,,,,,58.411085287524784,,,3.353002958619874,3.0739101302538034,,3.353002958619874,,,60,100,-40,,,,,,,,,,,,-730.1094206030577,-724.6664202623554,-730.1094206030577,-0.08767896255317363
2021-01-11,13.41875,13.961,12.8485,12.8595,12.706618828367459,13.118223267233127,10.815217396878321,6.670897021715988,-0.25254460708112103,0.7250185550064909,0.977563162087612,0,,,6.644216698794403,5.661109273840281,,,,,,,54.161293303018994,,,3.5456480469478935,3.459200306909842,,,,,60,100,-40,,,,,,5.661109273840281,,,,,,-729.1804350388655,-717.454343851018,-729.1804350388655,-0.17415359188490573
2021-01-19,13.01625,13.9993575,12.844,13.7125,12.680217483484068,13.237078613786501,10.928836322490936,6.740962722992446,-0.20449851489097548,0.7219400184738927,0.9264385333648681,0,,,21.51168752908204,10.941131313019149,,,,,,,60.52246624700379,60.52246624700379,,9.388692154738791,6.510393970862368,,,,,60,100,-40,,,,,,,,,,,,-737.511265031799,-718.826281332651,-737.511265031799,-0.13000144481190448
2021-01-25,13.78175,13.8285,12.79375,12.98975,11.800079448949493,13.1876128910292,11.009656466706977,6.803139710823367,-0.21823438483667723,0.6536455523190217,0.8718799371556989,0,,,15.569838431210332,14.575247553028923,,,,,,,53.68410918379029,,,8.831233448512913,8.390388255656747,,,,,60,100,-40,,,,,,,,,,,,-648.8728532078356,-628.1305938176235,-648.8728532078356,-0.1321188449554617
2021-02-01,13.0533375,13.93175,12.90275,13.591,11.788859488310242,13.26829031282336,11.11088562487533,6.870680609223134,-0.1849819475317135,0.640652502741057,0.8256344502727705,0,,,25.62573570193001,20.902420554074126,,,,,,,57.9644735765927,,,14.547905122872711,12.65871980643243,,,,,60,100,-40,,,,,,,,,,,,-758.1686980791383,-729.3795767598738,-758.1686980791383,-0.04937977857519089
2021-02-08,13.727215,15.2911375,13.727215,14.96125,13.028012382002368,13.606882250258689,11.261880306252769,6.951183787240814,-0.07452390251518137,0.7324795721287938,0.8070034746439751,0,,,54.52535895674589,31.906977696628744,,,,,,,65.77383888998654,65.77383888998654,,31.28375826763184,22.069171403986434,,,,,60,100,-40,,,,,,,,,,,,-818.5016620647496,-780.4014718944422,-818.5016620647496,-0.11703375926884503
2021-02-16,15.06425,15.3725,14.575,14.9265,12.923223997573627,13.870805800206952,11.405590882478151,7.030540167467274,-0.010959234164596099,0.7933044319382301,0.8042636661028262,0,,,69.15513608485932,49.768743581178406,,,,,,,65.43982962562337,,,58.11232099906127,43.29001939217819,,,,,60,100,-40,,,,,,,,,,,,-840.5831780529769,-800.3193860954527,-840.5831780529769,-0.09078885805938551
2021-02-22,14.77475,15.13325,13.21625,13.7145,12.954868712032653,13.839544640165562,11.496136338067243,7.09704723047755,-0.05522295720098158,0.7352349696015992,0.7904579268025808,0,,,61.9718398081934,61.88411161659954,,,61.88411161659954,,61.88411161659954,,54.90500774595548,,,64.19937910667106,60.45793148764093,64.19937910667106,,,,60,100,-40,,,,,,,,,,106,,-725.9316911342539,-688.4431340780976,-725.9316911342539,-0.14428168945597392
2021-03-01,13.875,13.925,11.67925,12.4615,12.824324518316036,13.56393571213245,11.533993736574411,7.150424869975286,-0.16724170939834648,0.5814057900546477,0.7486474994529941,0,,,34.08626905996165,55.07108165100479,,,,,,,46.5178431748168,,,46.55090381685284,58.494314241337804,,,,,60,100,-40,,,,,,55.07108165100479,,105,,,,-762.1259291098442,-675.089836972989,-762.1259291098442,-0.11920908740236896
2021-03-08,12.45,13.04625,11.5665,12.856,12.656140624150604,13.42234856970596,11.585837119453846,7.207196761816328,-0.21033501432353285,0.4857287315485781,0.696063745872111,0,,,13.353634779346564,36.47058121583387,,,,,,,49.166416360087744,,,21.69545653155204,36.48480829529329,,,,,60,100,-40,,,,,,,,,,,,-982.6484874535088,-847.8007757051729,-982.6484874535088,-0.06737742965321776
2021-03-15,12.86475,13.5125,12.6125,12.84575,12.609398436711274,13.307028855764768,11.635245467710558,7.263301769161439,-0.23331896533999674,0.4044150391971151,0.6377340045371118,0,,,5.092839280790788,17.510914373366333,,,,,,,49.09797704930139,,,13.146232288483343,16.951515684286335,,,,,60,100,-40,,,,,,,,,,,,-904.8942170074163,-778.2006346678688,-904.8942170074163,-0.05242914073133301
2021-03-22,12.91275,13.3945,12.272,12.83925,12.648816405517612,13.213473084611815,11.682461331721909,7.318783841110081,-0.2417228088610356,0.3355804934608173,0.5773033023218529,0,,,-3.3997944817579473,5.0155598594598,,,,,,,49.05107010344031,,,11.947285312871152,10.035406071558358,,11.947285312871152,,,60,100,-40,,,,,,,,,,,,-794.0043593697043,-683.0732465464381,-794.0043593697043,-0.10587511845733182
2021-03-29,12.82025,13.87,12.7,13.81175,12.653633090837783,13.333128467689452,11.765962848124971,7.383390469556747,-0.1775191520491144,0.3554043622604599,0.5329235143095743,0,,,1.3229075260815897,1.0053174417048087,,,,,,,55.88265250168108,,,20.687740645389013,16.143898684410576,,,,,60,100,-40,,,,,,1.0053174417048087,,,,,,-712.3672031206671,-617.9690199016311,-712.3672031206671,-0.04888301319094839
2021-04-05,13.8675,14.4715,13.7115,14.4,12.651320012920799,13.546502774151561,11.869258422708306,7.4532074798099135,-0.09528951771710403,0.41381161716319426,0.5091011348802983,0,,,15.887191124813524,4.603434723045721,,,,,,,59.44597131088911,,,34.88669453712817,27.216034058701936,,,,,60,100,-40,,,,,,,,,,,,-625.5731661896367,-560.1564708286073,-625.5731661896367,0.05125942983830713
2021-04-12,14.28975,16.21415,14.13925,15.9125,13.658993583426454,14.019702219321248,12.027816915935432,7.537379544687427,0.05312849666300967,0.5755117557090603,0.5223832590460507,0,,,35.723967356491514,17.644688669128875,,,,,,,66.89408695180191,66.89408695180191,,58.8798047285764,46.38713676976867,,,,,60,100,-40,,,,,,,,,,,,-575.4689541551573,-540.1280215870424,-575.4689541551573,0.09904481822610489
2021-04-19,15.53654,15.8075,14.7835,15.26525,13.523544041753137,14.268811775456998,12.154775076094827,7.614273778073622,0.09730049779143801,0.6440088812853482,0.5467083834939102,0,,,44.793773478138135,32.13497731981439,,,,,,,61.645386712744404,,,72.6936182565106,64.82926605398994,,,,,60,100,-40,,,,,,,,,,,,-551.7473261269469,-524.6501994803075,-551.7473261269469,0.06754072122247605
2021-04-26,15.185045,15.6705,14.997,15.0095,13.53289803877077,14.416949420365597,12.266725073110717,7.687858118590302,0.09858039597295165,0.6699338784600997,0.571353482487148,0,,,48.78084666997121,43.099529168200284,,,,,,,59.642191282868154,,,79.12885475889463,77.54703816605117,79.12885475889463,,,,60,100,-40,,,,,,,,,,,,-508.70235774022933,-491.0774359384333,-508.70235774022933,0.06341976256713605
2021-05-03,15.125,15.24675,14.0102525,14.81225,13.606655321715715,14.496009536292478,12.366549580047552,7.758747590047116,0.07641790927799919,0.666875869084647,0.5904579598066478,0,,,45.14018060143026,46.238266916513204,,,46.238266916513204,,46.238266916513204,,58.06564943597357,,,71.47102126370932,76.052671084547,,,,,60,100,-40,,,,,,46.238266916513204,,,,106,,-519.8473836056421,-512.6997203132636,-519.8473836056421,0.07534920072217738
2021-05-10,14.78725,14.806,13.459,14.243,13.594716013021735,14.445407629033982,12.44013587102608,7.823267514524259,0.01680964125809603,0.6114700113792679,0.5946603701211719,0,,,34.78343484363723,42.901487371679565,,,,,,,53.633294598776686,,,60.347876708734574,67.07394905301972,,,,,60,100,-40,,,,,,,,,,,,-488.05695022279815,-486.754316619943,-488.05695022279815,0.09983376548319353
2021-05-17,14.157,15.222,13.54325,14.99175,13.566950583520182,14.554676103227186,12.540199170201527,7.894595698459341,0.020929215195659046,0.6208218891157458,0.5998926739200867,0,,,32.80207741420406,37.57523095309052,,,,,,,58.1818732651508,,,54.07481544559887,57.16520167462971,,54.07481544559887,,,60,100,-40,,,,,,,,,,,,-479.3193229095621,-476.4353499617715,-479.3193229095621,0.12930854554518825
2021-05-24,15.2125,16.277475,15.176,16.2445,13.826668398983026,14.892640882581748,12.68546586940931,7.9776793233502925,0.09689261163474594,0.7210084384635191,0.6241158268287732,0,,,46.37557921308836,37.987030490309884,,,,,,,64.49505138599076,,,58.0434747813776,55.17329578594317,,,,,60,100,-40,,,,,,37.987030490309884,,,,,,-473.07944601691446,-467.9925590596313,-473.07944601691446,0.18326971608622883
2021-06-01,16.27,17.661,15.90325,17.57825,15.149445656198527,15.429762706065398,12.877339756883455,8.073207389784619,0.2188525903147116,0.8976815647221628,0.6788289744074512,0,,,60.60429979409336,46.59398547379525,,,,,,,69.76044653908681,,,73.46418017531462,64.70661083600233,,,,,60,100,-40,,,,,,,,,,,,-477.0650012865664,-471.08482104878925,-477.0650012865664,0.2894875534656017
2021-06-07,17.57114,17.939225,17.1760025,17.82525,15.318824537898632,15.90886016485232,13.071375452691946,8.170242639637507,0.2933963365531659,1.0455743950989085,0.7521780585457426,0,,,69.48136668978827,58.820415232323334,,,,,,,70.63416021380132,,,87.92785031615817,79.74777598093883,,,,,60,100,-40,,,,,,,,,,,,-464.87136468900894,-459.97848994900943,-464.87136468900894,0.30698881707882947
2021-06-14,17.906,19.375,17.584425,18.63875,16.202323142334443,16.454838131881857,13.28970386631187,8.274406891979423,0.36979679750056005,1.2144240554214427,0.8446272579208827,0,,,76.20553284749123,68.76373311045762,,,,,,,73.37856364466715,,,96.38827902766741,92.77655805533482,,,,,60,100,-40,,,,,,,,,,,,-390.34929838191636,-389.0733099582804,-390.34929838191636,0.331301272326396
2021-06-21,18.43525,19.42,17.82265,19.031,16.512807203596267,16.970070505505486,13.51485273429964,8.381437669173657,0.41562994026144173,1.3641646832476848,0.9485347429862431,0,,,78.41265259548902,74.69985071092283,,,,,,,74.61765893222082,,,99.3513207752296,98.70264155045918,,,,,60,100,-40,,,,,,,,,,,,-430.2857895852043,-428.332708147684,-430.2857895852043,0.34209389503723014
2021-06-28,19.36125,20.50525,19.319,20.487,17.920485260482245,17.673456404404387,13.788270274131026,8.501891025699292,0.5068401662700683,1.5820849508238286,1.0752447845537603,0,,,82.34896815103751,78.98905119800592,,,,,,,78.61943612709248,78.61943612709248,,100,100,100,,,,60,100,-40,,,,,,,,,,,,-392.96110056971264,-394.0903975753778,-392.96110056971264,0.3637649184693624
2021-07-06,20.7375,20.875,19.70075,20.05025,17.893200599019227,18.14881512352351,14.033838106518045,8.616800070219696,0.49976440374002773,1.699950289228795,1.2001858854887673,0,,,82.23471797031327,80.99877957227994,,,80.99877957227994,,80.99877957227994,,74.78778847744432,,,97.13959960556713,98.56979980278356,,,,,60,100,-40,,,,,,,,,,,,-359.69544592067393,-356.9830525616727,-359.69544592067393,0.343386026188146
2021-07-12,20.24,20.53275,18.073,18.161,17.91072198480357,18.15125209881881,14.195687592536945,8.711767233700098,0.337621590010716,1.6222128730021623,1.2845912829914463,0,,,74.40276017138702,79.66214876424594,,,,,,,60.88284565534575,,,81.93002803130119,89.89236386773827,,,,,60,100,-40,,,,,,79.66214876424594,,105,,,,-261.56900120782416,-279.3497702777322,-261.56900120782416,0.3217912229494753
2021-07-19,17.91525,19.887,17.8655,19.558,17.74334898588903,18.432601679055047,14.405974353613928,8.819689947792634,0.29573683678502194,1.6542623289727239,1.358525492187702,0,,,68.30691506532281,74.98146440234103,,,,,,,65.95366324630547,,,67.49249184386078,76.16551882273409,,,,,60,100,-40,,,,,,,,,,,,-199.4655464427652,-224.92253931814457,-199.4655464427652,0.3781775486124151
2021-07-26,19.311,19.853,18.741,19.499,17.650538344039813,18.64588134324404,14.605700849550637,8.925951739356886,0.23783061148161022,1.6558137565397146,1.4179831450581044,0,,,64.12008106838292,68.94325210169758,,,,,,,65.56479796187662,,,53.773090327486145,60.08333442870596,,53.773090327486145,,,60,100,-40,,,,,,,,,,,,-177.7445379986261,-204.9366230784819,-177.7445379986261,0.35722118988004975
2021-08-02,19.7,20.733,19.22,20.366,17.694285605179825,18.98990507459523,14.831594933881984,9.039783065333435,0.2314710705066867,1.7073219831914628,1.475850912684776,0,,,64.0592032254301,65.4953997863786,,,,,,,68.51960805721082,,,55.923443166021855,54.532299355824364,,,,,60,100,-40,,,,,,,,,,,,-185.4273492716032,-215.85723706421246,-185.4273492716032,0.3940455583634684
2021-08-09,20.446,20.50799,19.43,20.188,17.67762234766698,19.229524059676184,15.041650034514063,9.150710597021659,0.19053634220925697,1.7140213404463474,1.5234849982370904,0,,,62.072983714674415,63.41742266949581,,,,,,,67.23640775818359,,,56.78300049721719,54.58585854923001,,,,,60,100,-40,,,,,,,,,,,,-120.80419485858445,-178.42864850708287,-120.80419485858445,0.41011067403241325
2021-08-16,20.135,20.86506,18.762,20.816,18.05329360854791,19.546819247740945,15.268095131199786,9.266783128394577,0.1810791886011549,1.749833983988534,1.568754795387379,0,,,59.99995021741459,62.04404571917303,,,,,,,69.42491977217168,,,60.31081163331608,59.22908817201397,,,,,60,100,-40,,,,,,,,,,,,1.1602042066127183,-81.44162150579507,1.1602042066127183,0.4276740415018013
2021-08-23,20.971,22.722,20.95,22.636,19.770192636508774,20.164655398192757,15.557032577035088,9.39981016194289,0.26750526777698425,1.9031363801086094,1.6356311123316252,0,,,67.54456049329485,63.205831475127944,,,,,,,74.72540348614243,,,64.7974638015553,62.491901285733285,,,,,60,100,-40,,,,,,63.205831475127944,,,,,,-81.77801474004414,-151.17950850474142,-81.77801474004414,0.43871007238338805
2021-08-30,22.82997,23.043,22.12,22.843,19.90960744818672,20.700324318554205,15.842756789700378,9.533573244908633,0.3059509114582524,2.0180697516544406,1.7121188401961882,0,,,72.06489863482882,66.53646978184608,,,,,,,75.25398769827696,75.25398769827696,,71.70459919689111,67.97618995144443,,,,,60,100,-40,,,,,,,,,,,,-149.63655751458163,-207.3286887766066,-149.63655751458163,0.42074709856530235
2021-09-07,22.833,22.899,21.977,22.478,19.987278344744812,21.055859454843365,16.10296240579056,9.662373511128447,0.27510693581842416,2.0560025099692183,1.7808955741507941,0,,,71.6427521177696,70.41740374863109,,,,,,,72.36309664629037,,,76.01967888155258,73.64384813070505,76.01967888155258,,,,60,100,-40,,,,,,,,,,,,-135.1571834210213,-188.72347263540541,-135.1571834210213,0.43251623497299546
2021-09-13,22.684,22.964,21.83,21.9,20.05954417726304,21.224687563874692,16.330297213406617,9.784140938878412,0.18823027457311214,2.016183417367184,1.827953142794072,0,,,68.43197020423503,70.71320698561114,,,70.71320698561114,,70.71320698561114,,67.88906439355956,,,69.6646190093106,73.28943902333977,,,,,60,100,-40,,,,,,70.71320698561114,,105,,106,,-114.21951370810831,-164.4101139744226,-114.21951370810831,0.42850379716046166
2021-09-20,21.146,22.5345,20.662,22.081,20.096362450315677,21.395950051099753,16.55581496974361,9.906497745456736,0.11879622162993586,1.9764484198314918,1.857652198201556,0,,,62.05250561125989,67.37574264442149,,,,,,,68.54874362071867,,,60.01111357782645,66.11438394583361,,,,,60,100,-40,,,,,,,,,,,,-113.45232939754318,-161.7900932518003,-113.45232939754318,0.4368661551155073
2021-09-27,21.71035,21.799,20.203,20.742,20.0250508467217,21.265160040879802,16.719979088577194,10.014313688288013,-0.033338904181271944,1.815978567974966,1.849317472156238,0,,,50.006675827421105,60.163717214305336,,,,,,,58.85814648933552,,,40.5558305457703,50.26482582416033,,,,,60,100,-40,,,,,,,,,,,,-51.0064513252626,-111.46462175147295,-51.0064513252626,0.4197470643354509
2021-10-04,20.504,21.322,19.555,20.831,19.958047214813007,21.178328032703842,16.8811955949075,10.121942407807536,-0.13812667555571734,1.6766591277115914,1.8147858032673088,0,,,37.10752589724331,49.722235778641426,,,,,,,59.27272607874117,,,25.39969384145683,33.8885165400283,,,,,60,100,-40,,,,,,,,,,,,-46.27800562976031,-105.74378143302333,-46.27800562976031,0.40488900801297983
2021-10-11,20.575,21.931,20.511,21.862,19.91168669946922,21.315062426163074,17.076521257852303,10.238758901262187,-0.1473138363608708,1.6306435078162203,1.777957344177091,0,,,35.166280893154536,40.76016087260631,,,,,,,63.84491545211933,,,15.402313842544386,19.640583523838597,,15.402313842544386,,,60,100,-40,,,,,,,,,,,,-112.40927733344023,-173.79036662701907,-112.40927733344023,0.37687629131009187
2021-10-18,21.749,23.13,21.644,22.726,19.91820907807856,21.59724994093046,17.29806944381888,10.36301005647351,-0.10642057222828072,1.6449316288917402,1.7513522011200209,0,,,42.51702850069399,38.26361176369726,,,,,,,67.18898790797277,,,23.568863002039045,18.803160327053405,,,,,60,100,-40,,,,,,38.26361176369726,,,,,,-100.15304509099657,-183.10120905847015,-100.15304509099657,0.34031850755682724
2021-10-25,22.973,25.709,22.77,25.567,22.63883700107295,22.39119995274437,17.622341230335785,10.514293538498649,0.09012851493578466,1.8640128447897517,1.773884329853967,0,,,57.863804787008235,45.1823713936189,,,,,,,75.32037239707934,,,47.12024542598762,33.434775172562524,,,,,60,100,-40,,,,,,,,,,,,-129.2161278017245,-215.26462559329377,-129.2161278017245,0.344338738515692
2021-11-01,25.649,31.4,25.227,29.752,26.606848643853453,23.863359962195496,18.098014123263795,10.705713503289706,0.4595017475447378,2.3482615142848893,1.8887597667401514,0,,,75.77804840456064,58.71962723075427,,,,,,,82.3146730652116,,,70.74817234770036,57.659156512959534,,,,,60,100,-40,,,,,,,,,,,,-302.9950136559564,-387.0346936672404,-302.9950136559564,0.3701091050851247
2021-11-08,30.149,32.31,28.778,30.39,26.587645169292493,25.168687969756398,18.580052785096587,10.901577050520654,0.690426100153223,2.75179239193168,2.061366291778457,0,,,85.02035477351757,72.8874026550288,,,,,,,83.10542504521126,,,90.77381731030898,81.54763462061797,,,,,60,100,-40,,,,,,,,,,,,-266.99592026396436,-368.48293118228753,-266.99592026396436,0.3222980303136997
2021-11-15,30.552,33.088,28.8,32.985,28.94967051434303,26.73195037580512,19.144952675877114,11.121312602256767,0.9457854881798782,3.2435981520033046,2.2978126638234264,0,,,88.77995542966181,83.19278620257998,,,,,,,85.88611495483437,85.88611495483437,,97.30619803040688,94.61239606081374,97.30619803040688,,,,60,100,-40,,,,,,,,,,,,-52.996662034152635,-249.667852785508,-52.996662034152635,0.32887625412810256
2021-11-22,33.517,34.647,30.88,31.503,28.62533690617567,27.686160300644097,19.629581982705464,11.324115461935804,0.940733670114692,3.4737297514667915,2.5329960813520995,0,,,89.01974919069386,87.60668646462439,,,87.60668646462439,,87.60668646462439,,77.94856679849634,,,94.52632749587474,97.26316374793737,,,,,60,100,-40,,,,,,,,,,,,96.63909469932968,-143.36460682450655,96.63909469932968,0.3040978659935622
2021-11-29,32.366,33.412,30.13,30.693,28.39859855573455,28.28752824051528,20.063441512795446,11.516840681220025,0.8134673254856946,3.5498302382092177,2.736362912723523,0,,,84.5641523180919,87.4546189794825,,,,,,,73.90436845647672,,,84.67688220918917,90.28581391554762,,,,,60,100,-40,,,,,,87.4546189794825,,105,,,,556.3410774812697,162.70168532540373,556.3410774812697,0.31262031467591356
2021-12-06,29.88,32.449,28.038,30.198,28.257341516039226,28.669622592412225,20.46087517896033,11.702722863496442,0.6345193028987111,3.529512041346912,2.894992738448201,0,,,76.78055360585589,83.4548183715472,,,,,,,71.45016898118575,,,70.81011007185754,78.11941547258948,,,,,60,100,-40,,,,,,,,,,,,510.6426997574025,171.301378902603,510.6426997574025,0.26168801763282135
2021-12-13,30.249,31.16,27.25,27.801,27.964888550607853,28.49589807392978,20.748723211157962,11.862904725551203,0.30973156242718103,3.2821571914821774,2.9724256290549964,0,,,65.3523115016732,75.56567247520698,,,,,,,60.84974049278832,,,52.26619770989299,61.77528764843557,,,,,60,100,-40,,,,,,,,,,,,635.9803907106021,285.6102191021297,635.9803907106021,0.16328127596517455
2021-12-20,27.305,30.059,27.145,29.64,27.76489651127872,28.724718459143823,21.09740073228902,12.039791245694973,0.18018590526087852,3.197658010631095,3.0174721053702163,0,,,56.50271406175275,66.21185972309392,,,,,,,65.14739241780993,,,38.83088917650198,45.979922698869984,,,,,60,100,-40,,,,,,,,,,,,523.9839560359471,210.9538156290152,523.9839560359471,0.1787137701654303
2021-12-27,29.66,31.33,29.33057,29.411,27.721475331901665,28.861974767315058,21.42342423298357,12.212639093996515,0.04741959195440648,3.0767465953132245,3.029327003358818,0,,,53.571959370266086,58.47566164456399,,,,,,,64.19673208382554,,,27.232872859906855,32.226177286324514,,,,,60,100,-40,,,,,,,,,,,,492.3505094839568,187.14403096919423,492.3505094839568,0.1206360780746876
2022-01-03,29.815,30.711,27.057,27.247,27.81180852248012,28.538979813852045,21.651799753258725,12.362234724902022,-0.2040007950260292,2.7743260095762814,2.9783268046023106,0,,,42.11690405881917,50.730525830279326,,,,,,,55.85302722812098,,,20.893864518683124,23.927288281247346,,,,,60,100,-40,,,,,,,,,,,,530.1049623050556,209.48147988388615,530.1049623050556,0.007899386216253704
2022-01-10,26.581,28.595,25.64384,26.942,27.659322199445825,28.219583851081637,21.859258586464264,12.50730701619653,-0.39750938842188344,2.4814400690749565,2.87894945749684,0,,,26.32553083840116,40.67146475582879,,,,,,,54.766193130959024,,,12.232601718923622,16.14130315686383,,,,,60,100,-40,,,,,,,,,,,,793.7222418859545,385.0303017231796,793.7222418859545,-0.04282997775384049
2022-01-18,26.26,26.638,23.263,23.374,27.618133470913982,27.25046708086531,21.91866021052449,12.615433314542832,-0.7519069840461432,1.9390657274391607,2.690972711485304,0,,,4.788885898358771,24.410440265193014,,,,,,,43.93223908179359,,,4.364056839517046,8.728113679034097,,,,,60,100,-40,,,,,,,,,,,,1397.5909251794176,786.8429741371469,1397.5909251794176,-0.11075638077349471
2022-01-24,22.33,24.057,20.888,22.84,27.475909651562983,26.368373664692246,21.954791182660784,12.71717029648768,-0.9932320416177696,1.449432659463092,2.4426647010808615,0,,,-13.780088801156175,5.778109311867897,,,,,,,42.56694735200811,,,1.3873167134972277,2.774633426994461,,1.3873167134972277,,,60,100,-40,,,,,,,,,,,,1709.8471206013414,1051.9624333849383,1709.8471206013414,-0.08584911297037844
2022-01-31,23.182,25.817,23.052,24.319,27.416701819308486,25.958498931753798,22.04750525392899,12.832611388064917,-1.0203060306304481,1.1672821627928016,2.1875881934232497,0,,,-19.976903632898814,-9.656035511898764,,,,,,,47.46558220347744,,,2.8393312622726428,1.4196656311363134,,,,,60,100,-40,,,,,,,,,,,,1530.7840077647338,951.6056273149496,1530.7840077647338,-0.06457416982059516
2022-02-07,24.372,26.92499,23.773,23.949,25.907151689357878,25.556599145403037,22.12207367534354,12.94322222002447,-1.0273457139299986,0.9034060510107516,1.9307517649407502,0,,,-22.34001777616285,-18.69900340340597,,,,,,,46.39316728450276,,,5.721750582046873,3.925624514375673,,,,,60,100,-40,,,,,,,,,,,,1383.3687336256914,851.3136950758679,1383.3687336256914,-0.12879884616840281
2022-02-14,23.934,26.582,23.1,23.642,25.046570854403747,25.17367931632243,22.181678629251635,13.049677720322734,-1.0150972091932478,0.6618802534491905,1.6769774626424383,0,,,-25.599332494969698,-22.638751301343813,,,,,,,45.46973466319638,,,8.568005746871115,7.228221259217314,,,,,60,100,-40,,,,,,,,,,,,1420.0289638755658,880.1657505166193,1420.0289638755658,-0.1661692699835741
2022-02-22,23.035,24.217,20.89,24.157,24.457458650517765,24.970343453057946,22.259142212418237,13.160198340021015,-0.9366295971967085,0.5061904661465526,1.442820063343261,0,,,-32.813385782003024,-26.91757868437855,,,,,,,47.37338671688037,,,9.78368456604952,9.248259004085503,9.78368456604952,,,,60,100,-40,,,,,,,,,,,,1181.8418795345538,723.7719776954157,1181.8418795345538,-0.1233919011192473
2022-02-28,23.992,24.665,22.482,22.936,23.834211604052207,24.563474762446358,22.2856856550685,13.257469998329263,-0.92942322960423,0.2810410263379737,1.2104642559422036,0,,,-35.89506266547699,-31.4359269808166,,,,,,,43.475204503924864,,,8.373219772664084,9.24333497696665,,,,,60,100,-40,,,,,,,,,,,,1223.325174164635,750.3588908417038,1223.325174164635,-0.16486762533192328
2022-03-07,22.817,23.22,20.65,22.1,23.937053632334194,24.070779809957088,22.27840386467366,13.345455371480217,-0.9405716550285954,0.03474968715645943,0.9753213421850548,0,,,-42.57075358602628,-37.093067344502124,,,,,,,40.974327918015106,,,6.379163105098955,7.645135226643236,,,,,60,100,-40,,,,,,,,,,,,1189.0842334074284,739.384547052303,1189.0842334074284,-0.16294997626260732
2022-03-14,21.869,26.56899,21.15901,26.453,23.748264087167467,24.54722384796567,22.4421135170394,13.47587870111723,-0.6293464796320907,0.18863824264494156,0.8179847222770322,0,,,-33.384910970818964,-37.283575740774104,,,,,,,55.43501397479876,,,14.922363366795626,10.615255571376862,,,,,60,100,-40,,,,,,-37.283575740774104,,,,,,961.0689182424414,583.1328112246116,961.0689182424414,-0.13297623212228313
2022-03-21,26.507,28.358,25.57501,27.692,21.660890938084073,25.176179078372538,22.647991418331973,13.617332644389695,-0.32967251182247437,0.4058940824989392,0.7355665943214136,0,,,-14.525854065109048,-30.16050620731812,,,,,,,58.5651182525291,,,31.573980696775518,21.872655884830024,,,,,60,100,-40,,,,,,,,,,,,787.2382058347248,460.7450273655912,787.2382058347248,-0.12606403815715914
2022-03-28,27.7555,28.946,26.267,26.712,21.69411444250664,25.483343262698032,22.80736430388758,13.747627841957957,-0.1938080273956343,0.4933065600768707,0.687114587472505,0,,,-1.098837744745003,-16.33653426022436,,,,,,,55.24051644160458,,,50.320063673522256,40.28622600449498,50.320063673522256,,,,60,100,-40,,,,,,,,,,,,669.558532046593,370.6095678445747,669.558532046593,-0.15421848344490896
2022-04-04,26.728,27.558,23.06201,23.119,21.739820553756168,25.010474610158425,22.819585311578265,13.84087532611758,-0.3340522222729201,0.2695493096313548,0.6036015319042749,0,,,-5.190760233603196,-6.938484014485774,,,,,,,45.07690697795398,,,49.35951385050849,50.08705863807188,,,,,60,100,-40,,,,,,,,,,,,656.9115262199397,355.0441918728339,656.9115262199397,-0.24968262679523465
2022-04-11,22.214,22.777,21.163,21.258,21.522691942773584,24.25997968812674,22.75834667190853,13.914677561678598,-0.5287105894674342,-0.05728670493001786,0.47142388453741635,0,,,-20.366888004120394,-8.885495327489554,,,,,,,40.85871620083119,,,35.59315208077005,45.043043641758686,,,,,60,100,-40,,,,,,-8.885495327489554,,,,,,671.109430543587,356.8543388050459,671.109430543587,-0.2621142375615389
2022-04-18,21.2,22.67037,19.5,19.515,21.683928232575468,23.310983750501393,22.631156606343488,13.97040216305493,-0.7385348697156197,-0.4517447026071082,0.28679016710851146,0,,,-32.95830683170583,-19.505318356476497,,,,,,,37.31567255067023,,,17.172314721089684,27.279964756226473,,,,,60,100,-40,,,,,,,,,,,,938.1804431720257,524.6990044768556,938.1804431720257,-0.2820511371851739
2022-04-25,19.202,20.12848,18.29,18.547,21.660166215962935,22.358187000401113,22.470993602173156,14.015940449989706,-0.8957235551474707,-0.832864276825827,0.06285927832164379,0,,,-44.01823452529372,-32.44780978704001,,,,,,,35.465395873950854,,,5.534654200955717,11.069308401911437,,,,,60,100,-40,,,,,,,,,,,,1070.3294535043847,626.5719127537909,1070.3294535043847,-0.3205824761178382
2022-05-02,18.5405,20.4,17.99,18.675,21.8283714862513,21.62154960032089,22.322131107970286,14.062299251482345,-0.9396954841244631,-1.111760076833935,-0.172064592709472,0,,,-49.43515099043246,-42.13723078247736,,,,,,,35.920552509068244,,,1.6942893938675057,2.6133108684219777,,,,,60,100,-40,,,,,,,,,,,,1505.7240983217694,940.8315649803744,1505.7240983217694,-0.30041306264074047
2022-05-09,18.034,18.255,15.567,17.706,21.902916380090492,20.838439680256712,22.14110635863812,14.098554980323318,-0.9782664834702668,-1.3948976970473055,-0.4166312135770387,0,,,-56.04513857097231,-49.83284136223285,,,,,,,33.95644028940548,,,0.6460565994275285,0.5168452795420232,,0.6460565994275285,,,60,100,-40,,,,,,,,,,,,1352.865171354175,827.9530986203064,1352.865171354175,-0.27485511800983214
2022-05-16,17.509,18.371,15.755,16.694,21.87242235294117,20.00955174420537,21.92749434457388,14.124380303902191,-1.0119448215807458,-1.6815622405529709,-0.6696174189722252,0,,,-59.07565763116499,-54.85198239752327,,,,,,,31.978126632050447,,,0.7752679193130345,0.7752679193130355,,,,,60,100,-40,,,,,,,,,,,,1371.4351401988702,861.961626143887,1371.4351401988702,-0.25426815034158856
2022-05-23,16.274,18.881,15.78,18.811,21.914392184873947,19.769841395364296,21.805278880080788,14.17101333570416,-0.838799163251708,-1.7181163730368603,-0.8793172097851523,0,,,-57.298319213821586,-57.473038471986314,,,,,,-57.473038471986314,39.91164383838572,,,7.809849747852978,4.292558833583008,,,,,60,100,-40,,,,,,-57.473038471986314,-107,,,,,1148.4469328899847,704.3322395722712,1148.4469328899847,-0.14528172985145582
2022-05-31,18.98,19.619,18.122,18.72,21.884078457382948,19.559873116291435,21.68428755145017,14.216276884602626,-0.6840944210650073,-1.7344352361164113,-1.050340815051404,0,,,-51.790333775155034,-56.05477020671389,,,,,,,39.696044682683294,,,16.925751852295193,11.488478071506593,,,,,60,100,-40,,,,,,,,,,,,976.9111269099875,568.9991051045855,976.9111269099875,-0.14882037547967597
2022-06-06,19.139,19.337,16.869,16.974,22.085072853284167,19.042698493033146,21.49957039256977,14.243716915601604,-0.6531170101338535,-1.8667370777187209,-1.2136200675848674,0,,,-50.858137854293474,-53.31559694775672,,,,,,,35.68881262682545,,,24.166049692517344,20.505566420060358,24.166049692517344,,,,60,100,-40,,,,,,,,,,,,1043.836376562717,633.7265405401154,1043.836376562717,-0.14765095484439408
2022-06-13,16,16.868,15.328,15.88,21.152996220906726,18.41015879442652,21.27919508305723,14.25999833932696,-0.6582156779185018,-2.0363896649829947,-1.378173987064493,0,,,-54.739422785669696,-52.46263147170609,,,,,,,33.40015451070795,,,20.784154346100216,22.93946682256464,,,,,60,100,-40,,,,,,-52.46263147170609,,,,,,1078.5933990058593,666.6853513510035,1078.5933990058593,-0.17872937352022297
2022-06-21,16.4745,17.14,15.853,17.126,17.72192506227053,18.153327035541214,21.11632468764322,14.288515768786393,-0.534825312335357,-2.0467056274836892,-1.5118803151483322,0,,,-53.657535192982714,-53.08503194431532,,,,,,,38.283452976167226,,,18.86550216092553,21.0465947891153,,,,,60,100,-40,,,,,,,,,,,,933.3945991866121,557.2880147417302,933.3945991866121,-0.14310143980990672
2022-06-27,17.312,17.33,14.392,14.523,16.06257327210835,17.42726162843297,20.857762935186624,14.290848945216378,-0.5817840497036255,-2.239110377277864,-1.6573263275742387,0,,,-56.225004194191506,-54.873987390948,,,,,,,32.834762272749,,,14.270082465130972,15.963354083158379,,14.270082465130972,,,60,100,-40,,,,,,,,,,,,941.8683084254101,576.8720120614156,941.8683084254101,-0.14702969592288836
2022-07-05,14.175,16.03699,14.055,15.838,14.270960895529184,17.109409302746375,20.660909486747933,14.306243483074923,-0.4816890396131275,-2.259437627090648,-1.7777485874775205,0,,,-56.85740806840132,-55.57998248519187,,,,,,,37.68836153268671,,,22.03001055006341,18.330310369991537,,,,,60,100,-40,,,,,,,,,,,,793.3467978026083,478.3498280502491,793.3467978026083,-0.07329798108680047
2022-07-11,15.526,15.782,14.465,15.762,13.658393688705669,16.8399274421971,20.468795389228408,14.320728622546813,-0.3823432389615058,-2.255677636179403,-1.873334397217897,0,,,-55.875492452177006,-56.31930157158997,,,,,,-56.31930157158997,37.518609089056106,,,31.636377010557887,25.394818899588657,,,,,60,100,-40,,,,,,-56.31930157158997,-107,,-106,,,724.5564709294068,406.83167749565837,724.5564709294068,-0.07706814472146999
2022-07-18,16.302,18.144,16.002,17.319,13.830294139512407,16.93574195375768,20.34527400141553,14.350562168591123,-0.18358921670695905,-2.102820918101596,-1.919231701394637,0,,,-45.49005025906162,-52.74098359321334,,,,,,,43.19690360386323,,,57.1715141810118,44.48766855342151,,,,,60,100,-40,,,,,,,,,,,,611.9098398513328,311.95319067826597,611.9098398513328,-0.03907391483180239
2022-07-25,17.019,18.244,16.478,18.163,13.845773129547236,17.181193563006143,20.259694628810998,14.38849687338126,0.021969381378142305,-1.8917699746719592,-1.9137393560501015,0,,,-34.09449512507556,-45.15334594543808,,,,,,,46.074798583383526,,,76.55977828310108,65.21321287408284,,,,,60,100,-40,,,,,,,,,,,,517.017141696545,217.96170146403574,517.017141696545,-0.004706082965571904
2022-08-01,18.182,19.274,17.99,18.989,14.126146477436722,17.542754850404915,20.20986346689684,14.43427302389488,0.2198184437733719,-1.6389663013333866,-1.8587847451067585,0,,,-18.7448900448467,-32.77647847632798,,,,,,,48.82377422735148,,,92.96028391678689,85.9205678335738,,,,,60,100,-40,,,,,,,,,,,,399.3776613880823,130.15048301602923,399.3776613880823,-0.031447555339641844
2022-08-08,17.502,18.718,16.724,18.709,14.290064586191242,17.77600388032393,20.151006076038144,14.476807620672046,0.33138039689548426,-1.444559248987403,-1.7759396458828873,0,,,-11.325183700486406,-21.388189623469575,,,,,,,47.926561393895355,,,96.94667854304231,95.44992519455099,96.94667854304231,,,,60,100,-40,,,,,,,,,,,,279.49081386297644,29.214031558569395,279.49081386297644,-0.0015310072362528355
2022-08-15,18.701,19.164,17.77,17.849,14.302131401463296,17.790603104259144,20.060731327958216,14.510361773700184,0.34524147168412567,-1.3443878062777301,-1.6896292779618558,0,,,-3.9778511716886475,-11.349308305673942,,,,,,,45.16491630803443,,,94.37949976111547,96.80060785344115,,,,,60,100,-40,,,,,,,,,,,,272.3106658878898,35.72057127519315,272.3106658878898,-0.008057869525632772
2022-08-22,17.49,17.947,16.237,16.26,14.437764872787346,17.484482483407316,19.911683040587306,14.527771109285258,0.24982895619692402,-1.3773430827157007,-1.6271720389126247,0,,,-10.154655489983625,-8.485896787386226,,,,,,,40.4943110840476,,,82.19658918145592,88.69875048080883,,,,,60,100,-40,,,,,,-8.485896787386226,,,,,,310.98145390827347,77.40774013424894,310.98145390827347,-0.011977752505225366
2022-08-29,16.02,16.338,13.27021,13.647,14.518567381873964,16.716985986725852,19.666009195858393,14.519007217650579,0.025008854553938864,-1.595910970720201,-1.62091982527414,0,,,-27.88172361235361,-14.004743424675295,,,,,,,34.19476578634499,,,59.267299546987985,71.5468546612172,,,,,60,100,-40,,,,,,,,,,,,403.5302804704056,148.78815101893093,403.5302804704056,-0.022829576530289924
2022-09-06,13.731,14.474,13.346,14.387,14.399628283168681,16.25098878938068,19.45898922739336,14.517693712997339,-0.05521234728188018,-1.6899352593764903,-1.63472291209461,0,,,-39.003835930249835,-25.680071677529025,,,,,,,37.19242085775014,,,40.533045406160404,50.937065781795646,,,,,60,100,-40,,,,,,,,,,,,356.5247749303319,126.28121447003437,356.5247749303319,0.061928297567493525
2022-09-12,14.369,14.547,12.617,13.198,14.566297691513775,15.640391031504546,19.213460238083815,14.504562432270998,-0.16357486550179745,-1.8391914939718568,-1.6756166284700593,0,,,-47.20146756707664,-38.02900903656003,,,,,,,34.459993342687085,,,24.028415303363154,31.293400017502552,,,,,60,100,-40,,,,,,,,,,,,603.5202703975442,311.502811839119,603.5202703975442,0.07801358440310976
2022-09-19,13.012,14.031,12.257,12.516,14.606490713548506,15.015512825203636,18.950814738551117,14.484775741402629,-0.25116689761588473,-1.9895752504899153,-1.7384083528740306,0,,,-52.9435010318844,-46.382934843070295,,,,,,,32.955511716335494,,,17.017604654088373,20.231916231981405,,,,,60,100,-40,,,,,,,,,,,,1180.1529485070816,691.2295733229156,1180.1529485070816,0.057689355873541376
2022-09-26,12.491,12.823,11.94601,12.139,14.666098519723612,14.440210260162909,18.683684748804016,14.46143468924937,-0.3011118247377351,-2.1147981337961994,-1.8136863090584643,0,,,-57.37518929279559,-52.50671929725221,,,,,,,32.11583897902764,,,7.6369335227961646,11.460147677752845,,,,,60,100,-40,,,,,,,,,,,,1268.3069578694303,754.6423781732944,1268.3069578694303,-0.008135428311430508
2022-10-03,12.347,13.656,12.022,12.076,14.849592911171925,13.967368208130328,18.424559856694053,14.437699020699624,-0.30411703899028764,-2.193832607796324,-1.8897155688060363,0,,,-57.63000616049369,-55.98289882839123,,,,,,,31.968382465555734,,,3.0094649156686697,5.908985568843029,,,,,60,100,-40,,,,,,,,,,,,1285.8875109840797,783.7983094145137,1285.8875109840797,-0.04372125057054067
2022-10-10,12.037,12.12432,10.813,11.227,14.911836274659645,13.419294566504263,18.142302607411935,14.405751766762315,-0.3270113518049922,-2.2984797585622765,-1.9714684067572843,0,,,-60.84597232107242,-58.61705592478723,,,,,,,29.96013294284549,,29.96013294284549,0.653943938388962,1.307887876777917,,0.653943938388962,,,60,100,-40,,,,,,,,,,,,1222.089781714247,714.9258895209658,1222.089781714247,-0.13461787383393983
2022-10-17,11.518,12.769,11.517,12.466,15.015730826469671,13.22863565320341,17.919702505160487,14.386450754157714,-0.22717500150413583,-2.255437158637454,-2.028262157133318,0,,,-57.99044365974467,-58.82214071377026,,,,,,-58.82214071377026,36.287822719797205,,,8.57139045315306,4.313181292200109,,,,,60,100,-40,,,,,,-58.82214071377026,-107,,,,,1228.073457766202,703.1211823353357,1228.073457766202,-0.095102096794882
2022-10-24,12.508,13.85,12.064,13.834,14.799250053150407,13.349708522562729,17.759478877507135,14.380953731728283,-0.046896779291340174,-2.086883131247493,-2.039986351956153,0,,,-49.71330175034702,-56.18323924372137,,,,,,,42.501300961241185,,,26.49018617280261,16.45249298992781,,,,,60,100,-40,,,,,,,,,,,,1017.5146472632562,559.8264219107291,1017.5146472632562,-0.011949452042125334
2022-10-31,13.778,14.229,12.956,14.156,13.963375049353951,13.510966818050184,17.618165980349993,14.378715386138946,0.10770397840676571,-1.9053563789476957,-2.0130603573544614,0,,,-39.05608193317877,-48.91994244775682,,,,,,,43.89649373923873,,,49.876256045553816,37.27749776522276,,,,,60,100,-40,,,,,,,,,,,,1018.8756204881188,541.6761633815056,1018.8756204881188,0.04662457265149038
2022-11-07,14.228,16.389,13.75901,16.327,12.53706254582867,14.074173454440148,17.567532020336266,14.398101302694778,0.3558595528638402,-1.568235916274661,-1.9240954691385013,0,,,-19.958278333076734,-36.24255400553417,,,,,,,52.34286537118149,,,71.8196476436685,60.66054724222482,,,,,60,100,-40,,,,,,,,,,,,864.534598581188,415.00777003941374,864.534598581188,0.061459642738766036
2022-11-14,16.218,16.998,15.12001,15.409,12.432059506840908,14.341138763552118,17.482883705813276,14.408159996200302,0.45170090930003504,-1.3594693325134575,-1.8111702418134925,0,,,-4.769619047370021,-21.261326437875173,,,,,,,48.965956153842335,,,83.13593491339418,77.93140804944635,,,,,60,100,-40,,,,,,,,,,,,795.528307930063,354.097266395884,795.528307930063,0.06787415028139107
2022-11-21,15.147,16.527,15.08,16.27,12.441985256352272,14.726911010841695,17.43531963891864,14.42668576738239,0.5595526086124167,-1.1117294810479716,-1.6712820896603884,0,,,6.335522594380755,-6.130791595355331,,,,,,,52.105524151097015,,,92.11624020818633,88.88792255970672,,,,,60,100,-40,,,,,,,,,,,,694.5231610336879,268.8068543239051,694.5231610336879,0.054846767279162066
2022-11-28,16.026,17.265,15.52,16.876,13.061772023755681,15.156728808673357,17.413385535431633,14.451057053279083,0.6517295560117569,-0.8566201446456922,-1.508349700657449,0,,,16.880406873536053,6.148770140182265,,,,,,,54.2514694107364,,,94.17720851011194,93.00985916355796,,,,,60,100,-40,,,,,,,,,,,,602.7916772093811,203.56924444683145,602.7916772093811,0.035414374682444794
2022-12-05,16.679,17.583,15.667,17.001,13.20993116491599,15.525583046938685,17.39721355365,14.476429619913121,0.6970680848987725,-0.6370145945339836,-1.334082679432756,0,,,24.627226215256947,15.94771856105792,,,,,,,54.704975588883,,,98.19345109635401,96.76900447650998,98.19345109635401,,,,60,100,-40,,,,,,,,,,,,651.3750086258573,208.37483636558932,651.3750086258573,0.03742755456509415
2022-12-12,17.037,18.79,16.41,16.571,13.207007510279134,15.734666437550949,17.364813022134314,14.497271116232394,0.6736649172839309,-0.4920015328278424,-1.1656664501117733,0,,,31.860747215482114,24.456126768091707,,,,,,,52.75603433077731,,,97.74188136209463,97.61155457426332,,,,,60,100,-40,,,,,,,,,,,,826.5795525120652,295.0339570263913,826.5795525120652,-0.04376673306116153
2022-12-19,16.572,16.627,14.882,15.206,13.138006973830624,15.628933150040758,17.28015368793297,14.504323144926598,0.5471976844835551,-0.48166934450732946,-1.0288670289908846,0,,,25.93695504505584,27.4749761585983,,,,,27.4749761585983,,46.9979604321701,,,92.27032285441896,95.50768789374048,,,,,60,100,-40,,,,,,27.4749761585983,,,,,,856.2923611462351,292.30051029432013,856.2923611462351,-0.08991496387672071
2022-12-27,15.074,15.1,13.884,14.614,13.164649332842723,15.425946520032607,17.175598641347364,14.505414456917379,0.4108453935496259,-0.5153102870538522,-0.9261556806034781,0,,,13.484451353935926,23.760717871491295,,,,,,,44.705422865956905,,,82.703812235638,88.07819760907485,,,,,60,100,-40,,,,,,,,,,,,786.0573863923743,253.7004175135347,786.0573863923743,-0.14905090517196493
2023-01-03,14.851,15.01,14.034,14.859,13.249817237639672,15.312557216026086,17.08475163580433,14.508932721027653,0.3279241369432263,-0.5162505094244452,-0.8441746463676715,0,,,4.8428412550317095,14.754749218007825,,,,,,,45.88882113328652,,,73.85710666770649,78.5191495031779,,73.85710666770649,,,60,100,-40,,,,,,,,,,,,646.7742252301243,198.48215978380114,646.7742252301243,-0.09060842398101762
2023-01-09,15.284,16.922,15.141,16.899,13.378330292093981,15.629845772820868,17.07746725792965,14.532714484997527,0.39664458792673996,-0.34836891145924653,-0.7450134993859865,0,,,12.645647153216752,10.324313254061463,,,,,,,54.644748609089795,,,76.28245634680479,74.77235084701145,,,,,60,100,-40,,,,,,10.324313254061463,,,,,,469.17891155191995,110.57631255038277,469.17891155191995,0.0059161357256173825
2023-01-17,16.899,17.873,16.731,17.839,14.180378128372979,16.071676618256696,17.107331287030448,14.565612848330884,0.4857052203955614,-0.13788197389153467,-0.6235871942870961,0,,,25.400034721249593,14.296174376499351,,,,,,,58.034496438575935,,,84.16199947946849,78.82790615944255,,,,,60,100,-40,,,,,,,,,,,,357.51001854247994,63.1988011775859,357.51001854247994,0.09783963357446143
2023-01-23,18.064,20.628,17.8175,20.365,16.804565404917767,16.930341294605356,17.23508300126455,14.623318193123612,0.6829537734143107,0.23010502248079234,-0.4528487509335184,0,,,42.07018651342629,26.705289462630883,,,,,,,65.53351469001578,,,94.38694089403847,89.01563410854237,,,,,60,100,-40,,,,,,,,,,,,258.87183335293815,17.162655508933895,258.87183335293815,0.10321143088677552
2023-01-30,19.95,21.949,18.95,21.1,17.392382161709357,17.764273035684283,17.38664837376398,14.68776278821691,0.821818298304023,0.5744241219465103,-0.24739417635751265,0,,,53.687830853762776,40.386017362812886,,,,,,,67.3714324679932,,,98.20905674650484,96.41811349300967,,,,,60,100,-40,,,,,,,,,,,,130.89513637967667,-59.594190947235894,130.89513637967667,0.15125682440421587
2023-02-06,20.806,23.02,20.786,21.265,17.393783435872972,18.464418428547425,17.538740594400686,14.75320793460281,0.8785601790769186,0.8508060474886356,-0.027754131588282965,0,,,61.70062700027108,52.486214789153394,,,,,,,67.78915690607393,,,99.95970794658908,99.91941589317817,,,,,60,100,-40,,,,,,,,,,,,136.18692976518997,-45.12251986592027,136.18692976518997,0.1691133173760628
2023-02-13,21.538,23.0488,20.962,21.388,17.474156047596335,19.04913474283794,17.689691943639875,14.8192257660993,0.8761719161028578,1.0674607635402893,0.1912888474374315,0,,,64.8601835821934,60.082880478742425,,,,,,,68.11877432836336,,,100,100,,,,,60,100,-40,,,,,,,,,,,,108.69839708060996,-57.82751625393473,108.69839708060996,0.17190738540670591
2023-02-21,21,23.888,20.421,23.286,19.353602044196595,19.896507794270352,17.909155004673607,14.903472275889358,0.9481266015091669,1.3764470993238902,0.42832049781472326,0,,,67.04932399693634,64.53671152646695,,,,,,,72.77587109393465,,,100,100,,,,,60,100,-40,,,,,,,,,,,,192.57141579322635,11.777486701326119,192.57141579322635,0.2661833253794508
2023-02-27,23.67,23.9,22.432,23.89,19.74320189818255,20.695206235416283,18.143697945666798,14.992890462198917,0.9781649938983753,1.6510267401876924,0.672861746289317,0,,,68.88957107714869,66.93302621875948,,,,,,,74.08113711740091,,,100,100,,,,,60,100,-40,,,,,,,,,,,,148.46752201263973,-21.272965426187724,148.46752201263973,0.34596069694010767
2023-03-06,23.891,24.454,22.726,22.965,19.829687476883798,21.149164988333027,18.33276861446418,15.072214935211862,0.8805497598521332,1.7735489461044835,0.8929991862523503,0,,,68.04865495315276,67.99585000907926,,,,,,,68.62256690950355,,,96.74224644965204,98.37112322482602,,,,,60,100,-40,,,,,,,,,,,,527.8370634648871,240.77666465130096,527.8370634648871,0.27837260388304225
2023-03-13,22.752,26.399,22.297,25.725,21.707852657106383,22.06433199066642,18.622660041347938,15.178212796553037,0.9412019978365804,2.0695016835480757,1.1282996857114953,0,,,69.583319290499,68.84051510693348,,,,,,,74.6583722312573,,,95.92780806206505,96.74224644965204,,,,,60,100,-40,,,,,,,,,,,,670.0485064712713,316.99908926015536,670.0485064712713,0.2621853853194169
2023-03-20,25.615,27.589,25.12983,26.779,22.462791753027354,23.007265592533138,18.942516510314686,15.293643514995296,0.9868556063895948,2.361869193698489,1.375013587308894,0,,,72.59579429971066,70.07592284778748,,,,,,,76.5264311507496,,,95.11336967447807,95.11336967447807,,95.11336967447807,,,60,100,-40,,,,,,,,,,,,791.8578689310402,411.1810730310362,791.8578689310402,0.2307251211085053
2023-03-27,26.837,27.83431,25.85,27.777,23.417782342096828,23.96121247402651,19.28896684324352,15.417856017333651,1.0148920942662514,2.6436287051417082,1.6287366108754568,0,,,73.67944969201953,71.95285442740975,,,,,,,78.17660751554726,78.17660751554726,,98.37112322482602,96.74224644965204,98.37112322482602,,,,60,100,-40,,,,,,,,,,,,694.2473473072147,324.60269611630235,694.2473473072147,0.21592977109889447
2023-04-03,27.509,28,26.395,27.037,23.445682174804197,24.57636997922121,19.59281128076338,15.533469390295506,0.9171885490912188,2.7752222972394804,1.8580337481482616,0,,,72.21157188974068,72.82893862715696,,,72.82893862715696,,72.82893862715696,,73.99797336444024,,,97.03253673116399,97.29461078420151,,,,,60,100,-40,,,,,,72.82893862715696,,105,,,,702.5660114331756,327.4022059133383,702.5660114331756,0.2600634086228391
2023-04-10,26.823,27.79,26.22,26.758,23.525776305175327,25.012695983376968,19.873799073674622,15.64515626203386,0.773124853262559,2.8244398147264604,2.0513149614639015,0,,,68.82646737214414,71.57249631796812,,,,,,,72.41697116029833,,,93.07787252651215,95.7315519327877,,,,,60,100,-40,,,,,,,,,,,,708.4631002635074,354.2381684745496,708.4631002635074,0.22298758542109154
2023-04-17,26.5655,28.11,26.43318,27.119,23.605149426234235,25.433956786701575,20.157924600197187,15.759323861416608,0.6466367670545199,2.8596109202820514,2.2129741532275315,0,,,65.77066669810726,68.93623531999737,,,,,,,73.21902610551342,,,87.31594779285291,90.45663784601722,,,,,60,100,-40,,,,,,,,,,,,691.469809306506,344.3766832973587,691.469809306506,0.18957252790884452
2023-04-24,27.013,27.758,26.225,27.749,23.663593038646074,25.89696542936126,20.455613831562005,15.878624121502014,0.5534885825248916,2.904834881383646,2.3513462988587546,0,,,62.29006964789848,65.62906790604997,,,,,,,74.61456587095853,,,82.9847235275517,85.14222447875714,,82.9847235275517,,,60,100,-40,,,,,,,,,,,,643.9298439780503,317.2172863342025,643.9298439780503,0.21232800039467042
2023-05-01,27.84,29.05844,27.24,28.68,24.641407821599927,26.453572343489007,20.778138779343887,16.006000995914928,0.5040677885894977,2.9814310345956265,2.477363246006129,0,,,61.96382093818775,63.341519094731176,,,,,,,76.56923625447928,,,84.17694963595213,83.33909489698478,,,,,60,100,-40,,,,,,,,,,,,562.3062359820412,252.26868881889294,562.3062359820412,0.2922700932188536
2023-05-08,28.522,29.22,28.046,28.34,24.6701015486285,26.830857874791207,21.074682356624518,16.128727354164532,0.4023840724554413,2.98034333657543,2.577959264119989,0,,,60.92423096321363,61.726040516433294,,,,,,,74.30562435715275,,,83.23875837657556,83.07988592610421,,,,,60,100,-40,,,,,,,,,,,,617.3414658034883,300.9471090336397,617.3414658034883,0.3049088206727605
2023-05-15,28.5085,31.828,28.152,31.264,27.37280858086932,27.717486299832967,21.47426344067846,16.27932708198379,0.4806571376182438,3.178780686142794,2.69812354852455,0,,,64.39520756739313,62.427753156264835,,,,,,,79.8543123651884,,,88.0522080751696,86.1292128380764,,,,,60,100,-40,,,,,,62.427753156264835,,,,,,501.4611992937631,215.32036193661435,501.4611992937631,0.32924135668166715
2023-05-22,30.901,39.48,29.806,38.946,34.807607967950084,29.96318903986637,22.159429580259697,16.504866115993902,0.9701693531406415,3.9108352399503516,2.94066588680971,0,,,76.06260420262194,67.1273475777429,,,,,,,87.52300442450321,,,90.31806640427122,88.50224173696303,,,,,60,100,-40,,,,,,,,,,,,442.104617603988,164.35302340268447,442.104617603988,0.361148730232676
2023-05-30,40.595,41.938,37.822,39.327,34.10220739881079,31.835951231893098,22.83266763593579,16.731952025287494,1.2236332861302381,4.470207494472508,3.2465742083422695,0,,,84.38911983860197,74.94897720287234,,,,,,,87.77307874494753,,,97.01818239730707,94.03636479461409,,,,,60,100,-40,,,,,,,,,,,,330.81286894871744,82.65247369310543,330.81286894871744,0.29186621500404786
2023-06-05,38.909,39.711,37.356,38.77,33.887406870324305,33.222760985514476,23.45766106197752,16.95123608473737,1.2532098540112093,4.813086525856281,3.559876671845072,0,,,84.42788605397395,81.62653669839928,,,,,,,85.07259792313184,,,96.48964552415734,96.27829552997353,,,,,60,100,-40,,,,,,,,,,,,246.11962004895065,23.988387567086242,246.11962004895065,0.2609944124817061
2023-06-12,39.2,43.721,38.618,42.692,37.30452066530115,35.11660878841158,24.2119488634686,17.207363088869336,1.4238907037835835,5.339740051574552,3.915849347790968,0,,,85.7313949889287,84.84946696050154,,,,,,,87.90999832970698,87.90999832970698,,97.25082959861763,97.80066367889411,97.25082959861763,,,,60,100,-40,,,,,,,,,,,,163.18878004005057,-45.82768289965671,163.18878004005057,0.25148597881241247
2023-06-20,42.998,43.99,42.015,42.209,36.960340617779636,36.535087030729265,24.917715574705124,17.45613559544775,1.3897034675652709,5.652978682247557,4.263275214682286,0,,,84.97545852162851,85.04491318817706,,,85.04491318817706,,85.04491318817706,,85.73579467694854,,,94.5375305116772,95.61926301500917,,,,,60,100,-40,,,,,,85.04491318817706,,105,,,,212.60900185095045,-14.768104190628186,212.60900185095045,0.20147357661271229
2023-06-26,42.461,42.764,40.1,42.302,37.087602002223946,37.68846962458341,25.599452218834333,17.70335812683633,1.2624925944649519,5.841390957763476,4.578898363298524,0,,,80.62521506634796,83.77735619230172,,,,,,,85.80900506659457,,,94.12958546598273,94.60399111466296,,,,,60,100,-40,,,,,,,,,,,,135.77100151441408,-80.2648125196049,135.77100151441408,0.2710380530344076
2023-07-03,42.517,43.214,41.346,42.503,37.10734471635081,38.65137569966673,26.262336445546712,17.950120732539453,1.087659743801754,5.938473043050717,4.850813299248963,0,,,76.56453291460844,80.72173550086164,,,,,,,85.97751493443775,,,91.77826960565235,92.66687925923812,,,,,60,100,-40,,,,,,,,,,,,128.35809214815697,-72.94393751604036,128.35809214815697,0.31649572833103545
2023-07-10,42.657,48.088,41.649,45.469,40.016391522325755,40.014900559733384,27.015538937878212,18.22394042674304,1.066120231011296,6.183463588013083,5.117343357001787,0,,,75.73392705203425,77.64122501099689,,,,,,,88.2146498617918,88.2146498617918,,93.51404493626984,92.89323241047718,,,,,60,100,-40,,,,,,,,,,,,83.20207539394666,-106.04503978585122,83.20207539394666,0.2901889667120551
2023-07-17,46.289,47.89599,44.1,44.309,39.4860064135882,40.87372044778671,27.69371388149083,18.483493258317736,0.8760495648947302,6.2124053131202,5.33635574822547,0,,,73.60150472738832,75.29998823134368,,,,,,,82.62930201886282,,,90.02222208154868,91.2672403943066,,,,,60,100,-40,,,,,,,,,,,,46.256243504138155,-133.12775982478735,46.256243504138155,0.18068759477364915
2023-07-24,44.731,47.395,44.04,46.75,40.65207881261761,42.04897635822937,28.44101921947158,18.764752031866813,0.8181213685014894,6.359007458852332,5.540886090350843,0,,,71.20461129061992,73.51334769001416,,,,,,,84.82031154246138,,,88.291619627441,89.8738251214338,,,,,60,100,-40,,,,,,,,,,,,33.300562867022094,-140.74089440209875,33.300562867022094,0.24694021286911425
2023-07-31,46.754,47.13,43.387,44.68,40.60835889743064,42.57518108658349,29.077841995178577,19.022615195728836,0.5563080583132685,6.236271163242428,5.6799631049291595,0,,,66.2631516502273,70.35642255607851,,,,,,,76.01234240561176,,,73.42926733841877,80.58628814476911,,,,,60,100,-40,,,,,,,,,,,,52.700460527563564,-124.2425499653535,52.700460527563564,0.19840508892644718
2023-08-07,45.111,45.54,40.639,40.855,40.51233326189988,42.23114486926679,29.539691328700986,19.239852855472826,0.06716025646099855,5.763913425505407,5.696753169044409,0,,,55.71000736642739,64.39259010242488,,,,,,,62.930714699989124,,,53.094403154058405,64.79261674340835,,,,,60,100,-40,,,,,,,,,,,,138.57310406800656,-78.92572269892557,138.57310406800656,0.13162275704392104
2023-08-14,40.486,45.268,40.311,43.299,40.257738028907035,42.44471589541343,30.07927206090879,19.479247354423347,-0.13891460185046434,5.523109916731329,5.662024518581793,0,,,48.529073875586064,56.83407763074691,,,,,,,66.87659991758181,,,30.074863330056278,41.95454068922235,,,,,60,100,-40,,,,,,,,,,,,285.19617605564173,2.6971359736063505,285.19617605564173,0.10207606559179723
2023-08-21,44.494,50.266,44.222,46.018,40.013328169699385,43.15937271633074,30.704320215382953,19.743314544926598,-0.1388955665625291,5.488405060378632,5.627300626941161,0,,,52.72622347694077,52.32176823965141,,,,,,,70.64288908333292,,,20.342640936971975,25.06916435238564,,20.342640936971975,,,60,100,-40,,,,,,52.32176823965141,,,,,,383.3423258637069,61.29765670567792,383.3423258637069,0.06681602582773422
2023-08-28,46.482,49.927,44.888,48.509,41.258233300435144,44.22929817306459,31.4025429520346,20.029540270847725,-0.023935725588499324,5.5973809699555375,5.621316695544037,0,,,56.142566518513156,52.46595462368,,,,,,,73.6199085446456,73.6199085446456,,25.565651386836965,21.235651566530603,,,,,60,100,-40,,,,,,,,,,,,315.46190297939654,26.516264577372866,315.46190297939654,0.1052762843192861
2023-09-05,48.223,48.85081,45.152,45.572,41.05628806468978,44.497838538451674,31.958207934307755,20.283694098998495,-0.18930732405182038,5.384682540479261,5.5739898645310815,0,,,53.966323774713764,54.27837125672256,,,54.27837125672256,,54.27837125672256,,65.17763735498652,,,25.3527985136354,24.054341438993095,,,,,60,100,-40,,,,,,54.27837125672256,,105,,106,,422.65064789223345,87.1496710178505,422.65064789223345,0.08565844843824091
2023-09-11,46.148,46.163,43.808,43.9,41.060223202926224,44.37827083076134,32.42651350551137,20.51868221741642,-0.4405553709631498,5.023295650827144,5.463851021790294,0,,,45.254438998978614,51.787776430735185,,,,,,,60.87256865560761,,,20.313923336340856,24.293688367025677,,,,,60,100,-40,,,,,,,,,,,,494.89598463910005,124.94063992369587,494.89598463910005,0.009303948551368976
2023-09-18,42.748,44.242,40.98,41.61,41.25585011700292,43.82461666460907,32.78665023078544,20.728546075949588,-0.7708934757053125,4.500234177158653,5.2711276528639655,0,,,29.283707732504936,42.834823502065774,,,,,,,55.439307447366176,,,8.533985395702937,15.013346171334893,,,,,60,100,-40,,,,,,,,,,,,650.3694419774455,224.95143266484206,650.3694419774455,-0.0421833955046489
2023-09-25,41.591,44.144,41.177,43.499,41.30793225150271,43.75949333168725,33.206742378597774,20.95511775678591,-0.8650357878975159,4.189832917992071,5.054868705889587,0,,,19.449233971095403,31.329126900859652,,,,,,,58.731015575263925,,,5.363157732352434,7.278774597607961,,5.363157732352434,,,60,100,-40,,,,,,,,,,,,639.393179799728,227.68753581668898,639.393179799728,-0.001534156906538954
2023-10-02,44.03,45.789,43.246,45.762,41.39843709068109,44.1599946653498,33.699105422574334,21.20195240597212,-0.7803606598172204,4.0794178811180615,4.859778540935282,0,,,20.995878742540317,23.242940148713554,,,,,,,62.341360658313256,62.341360658313256,,7.97391514238829,5.362498942986107,,,,,60,100,-40,,,,,,,,,,,,725.8671471088685,290.835256577291,725.8671471088685,0.006323500307107132
2023-10-09,44.842,47.609,44.368,45.461,41.54304872706101,44.420195732279836,34.16035619031652,21.44333596412165,-0.7498949248106452,3.9224098849219757,4.672304809732621,0,,,25.943137968208514,22.12941689394808,,,,,,,61.56528356506855,,,13.575668807737522,10.296052456090596,13.575668807737522,,,,60,100,-40,,,,,,22.12941689394808,,,,,,852.0731203618016,382.501573563238,852.0731203618016,-0.07723796867716486
2023-10-16,45.063,46.225,41.078,41.387,41.577616675128084,43.81355658582387,34.443753986774695,21.641780382389097,-0.9940785347057481,3.4297066413504353,4.4237851760561835,0,,,13.664587897920157,20.201201536222996,,,,,,,52.062140947364824,,,13.511932278387507,13.616120264487472,,,,,60,100,-40,,,,,,20.201201536222996,,,,,,1053.5143712051104,512.9558329153766,1053.5143712051104,-0.11228916623191144
2023-10-23,41.229,43.697,39.88019,40.5,41.33742976976179,43.1508452686591,34.68125383043059,21.829424358683735,-1.1919539241693302,2.933842770844521,4.125796695013851,0,,,-1.9076823174412691,12.5666811828958,,,,,,,50.23325190515175,,,9.223807453674642,12.17766108975531,,,,,60,100,-40,,,,,,,,,,,,1259.2390309859993,636.9638632943991,1259.2390309859993,-0.15297405592374358
2023-10-30,41.087,45.30899,39.23001,45.005,41.30442621477881,43.521676214927275,35.0861066213941,22.060027101383398,-1.003609715910975,2.8712845501251323,3.874894266036107,0,,,-4.059265067275989,2.5658801710676324,,,,,,,58.294339176255356,,,9.735741797861346,9.787295426401043,,9.735741797861346,,,60,100,-40,,,,,,,,,,,,1046.6501162612722,503.8795245135992,1046.6501162612722,-0.15151879247468253
2023-11-06,45.2845,48.472,44.899,48.335,40.95061291372318,44.48434097194182,35.60567106761394,22.321469617787542,-0.6557621861722729,3.055191533320766,3.710953719493039,0,,,14.005451621852421,2.679501412378387,,,,,,,63.08278750267872,,,20.432784576824652,14.204927785141223,,,,,60,100,-40,,,,,,2.679501412378387,,,,,,1073.6228223955864,484.99233823839927,1073.6228223955864,-0.07974984954558442
2023-11-13,48.32,49.96,48.09901,49.298,41.769069134171524,45.44707277755346,36.142625143393786,22.589892805670253,-0.37573760250929045,3.2412817163564256,3.617019318865716,0,,,30.172694139601468,13.372960231392634,,,,,,,64.36460311854017,64.36460311854017,,36.22108649686009,27.19675063288747,,,,,60,100,-40,,,,,,,,,,,,899.327763778207,372.2664585586904,899.327763778207,-0.10418430006851753
2023-11-20,49.312,50.548,47.69,47.776,42.04099419601641,45.912858222042765,36.59883592208423,22.840500837454627,-0.3106329914789234,3.2287280795170616,3.539361070995985,0,,,37.84686527086074,27.34167034410488,,,,,,,60.75288353407628,,,44.90293869717608,40.42798528092323,44.90293869717608,,,,60,100,-40,,,,,,,,,,,,738.5408976367148,260.03619336620125,738.5408976367148,-0.15118637419813938
2023-11-27,47.8,48.762,46.187,46.765,42.1510660391581,46.08328657763421,36.997509023178964,23.078555555489903,-0.3503301252603914,3.1014484144204957,3.451778539680887,0,,,37.30784900988887,35.10913614011702,,,,,,,58.39490162375875,,,44.4229788779708,45.8673180575508,,,,,60,100,-40,,,,,,,,,,,,580.6243707936757,150.02961275416467,580.6243707936757,-0.18595000359843986
2023-12-04,46.077,47.74085,45.01,47.506,42.29370417921824,46.36782926210737,37.409606708544494,23.321614704191497,-0.3410269527649801,3.0254948487246622,3.3665218014896423,0,,,34.26109901164228,36.47193776413063,,,,,,,59.63874971180644,,,43.48350553684232,44.830885721376085,,,,,60,100,-40,,,,,,36.47193776413063,,,,,,455.96539428573465,60.93331952613472,455.96539428573465,-0.09784324178125117
2023-12-11,47.491,49.404,45.83,48.89,42.403889594988364,46.8722634096859,37.859818210170204,23.57602649817964,-0.25968699802110873,3.041913053963256,3.301600051984365,0,,,37.61364856467029,36.39419886206715,,,,,,,61.94102806860159,,,51.132786044000405,46.84508428467503,,,,,60,100,-40,,,,,,36.39419886206715,,,,,,275.7898680519646,-59.236374933162494,275.7898680519646,-0.08831668124394036
2023-12-18,49.4,50.43299,48.098,48.83,42.38575462391776,47.26381072774872,38.29002141761451,23.827309816605712,-0.22902058593880303,3.015324319560861,3.244344905499664,0,,,43.61260857688215,38.49578538439824,,,,,,,61.77553226644548,,,63.96110082880331,56.36970370331023,,,,,60,100,-40,,,,,,,,,,,,115.64625567888015,-182.10248858167841,115.64625567888015,-0.09140684204325808
2023-12-26,48.968,49.997,48.751,49.522,42.769916436495066,47.715448582198974,38.730491165943356,24.082978375644462,-0.1832100852499634,3.01533229893721,3.1985423841871734,0,,,47.64686678554051,42.957707975697645,,,,,,,63.01035794450899,,,76.69656807459597,70.09153047670353,,,,,60,100,-40,,,,,,,,,,,,60.07420919181108,-204.44749065773692,60.07420919181108,-0.04173884395966925
2024-01-02,49.244,49.547,47.32,49.097,43.07420811960256,47.99175886575918,39.13702092414166,24.33187411320024,-0.20117578299712813,2.9470726554407634,3.1482484384378915,0,,,45.86186273253561,45.70711269831943,,,,,,,61.684535263562054,,,80.87271430950918,79.1498830614508,,,,,60,100,-40,,,,,,,,,,,,63.697080247845435,-182.72976508360296,63.697080247845435,-0.037111775871278584
2024-01-08,49.512,55.346,49.479,54.71,48.40462182534524,49.33540709260735,39.74772598594002,24.63414402252163,0.12761619962329673,3.3077686879670125,3.1801524883437158,0,,,59.6937079943926,51.06747917082291,,,,,,,70.55040023805327,,,87.12930384219732,85.03893972861266,,,,,60,100,-40,,,,,,,,,,,,63.024883839146284,-176.77889870476605,63.024883839146284,0.05669520267168217
2024-01-16,55.018,59.5,54.74,59.491,52.74329169496343,51.36652567408588,40.52197202570708,24.98097841035724,0.6031262000242235,3.934060238373995,3.3309340383497714,0,,,74.16297347269352,59.90618139987391,,,,,,,75.73202895603427,,,90.6769535353455,88.29228014601013,,,,,60,100,-40,,,,,,,,,,,,121.56581405021065,-158.2736443948086,121.56581405021065,0.0726366685298534
2024-01-22,60.049,62.849,58.585,61.031,54.08098514532319,53.2994205392687,41.32624763254209,25.339685092841247,0.9374614965627948,4.502760909053265,3.56529941249047,0,,,82.90209532520879,72.25292559743163,,,,,,,77.13583261013596,,,97.04688248007713,94.09376496015427,,,,,60,100,-40,,,,,,,,,,,,74.00839331380872,-190.40570905029793,74.00839331380872,0.1123364332933049
2024-01-29,61.232,66.6,60.7,66.16,59.09727192065724,55.87153643141496,42.300120274403184,25.745857380474668,1.3926897460834864,5.306161595094828,3.9134718490113416,0,,,88.77753756774852,81.94753545521695,,,,,,,81.08385509323838,,,98.84360448744681,97.68720897489362,,,,,60,100,-40,,,,,,,,,,,,107.8250490749344,-160.3319437684256,107.8250490749344,0.20124039686872836
2024-02-05,68.225,72.185,66.3,72.133,64.73189535489601,59.123829145131964,43.470037126387375,26.20742098862915,1.950515425997386,6.351616131508074,4.401100705510688,0,,,94.02468556976402,88.56810615424045,,,,,,,84.46751746727534,,,100,100,,,,,60,100,-40,,,,,,,,,,,,-10.870414393235492,-241.1806812650755,-10.870414393235492,0.29363072330299944
2024-02-12,72.6,74.611,69.62,72.613,64.87983140097487,61.82166331610557,44.612898415548656,26.66916804346866,2.1884089971799243,7.136611951985593,4.9482029548056685,0,,,95.0257696081103,92.60933091520762,,,,,,,84.70569185351233,,,100,100,,,,,60,100,-40,,,,,,,,,,,,-87.98488450355627,-284.6023755805163,-87.98488450355627,0.27448036306467777
2024-02-20,71.947,82.394,66.248,78.817,70.92320058661952,65.22073065288446,45.954235732585964,27.188051943533647,2.57360902754081,8.16521423923168,5.5916052116908705,0,,,94.94394070543862,94.66479862777096,,,,,,,87.40905898026904,,,100,100,,,,,60,100,-40,,,,,,,,,,,,-74.71490550290966,-271.9473982022406,-74.71490550290966,0.2606708939935852
2024-02-26,79.7,82.3,77.125,82.279,72.64247197328956,68.63238452230756,47.3787362920924,27.73622058091142,2.8500912608605615,9.154219287766573,6.304128026906011,0,,,94.89776572613766,94.95582534656221,,,,,,,88.62457378001965,,,100,100,,,,,60,100,-40,,,,,,94.95582534656221,,105,,,,-154.76674086601696,-322.5024167109241,-154.76674086601696,0.32699506138476103
2024-03-04,84.13,97.4,83.41701,87.528,77.84050968948317,72.41150761784606,48.95321722181426,28.331163659708324,3.151483860417292,10.243482852427626,7.091998992010334,0,,,96.7689333620477,95.53687993120799,,,95.53687993120799,,95.53687993120799,,90.18147149824117,,,100,100,,,,,60,100,-40,,,,,,95.53687993120799,,,,,,-188.44551525401386,-341.1383409453016,-188.44551525401386,0.3451674884827034
2024-03-11,86.429,91.96,84.166,87.8365,76.68083042594866,75.49650609427684,50.47805184056664,28.9232565586167,3.1302162595522516,11.004769316450648,7.874553056898397,0,,,93.55636950415798,95.07435619744778,,,,,,,90.26629404901281,,,100,100,,,,,60,100,-40,,,,,,95.07435619744778,,105,,,,-84.1826942987386,-259.11318804615587,-84.1826942987386,0.3667520859530221
2024-03-18,90.388,94.77799,85.01,94.289,82.81673539552375,79.25500487542148,52.196128238975795,29.573661965993647,3.292787709272627,11.99053769348918,8.697749984216554,0,,,90.58375591211698,93.63635292610756,,,,,,,91.85974249713453,91.85974249713453,,100,100,,,,,60,100,-40,,,,,,,,,,,,-69.78584078987708,-245.6380629468548,-69.78584078987708,0.3749505569819312
2024-03-25,93.941,96.76599,89.123,90.356,82.24075572441491,81.47520390033718,53.69259379823165,30.178461349416597,2.8917803734845187,12.312475451072203,9.420695077587684,0,,,86.40453800357045,90.18155447328182,,,,,,,82.89856932216911,,,94.92444279502601,97.462221397513,,,,,60,100,-40,,,,,,,,,,,,-138.91568791899033,-296.43114241106304,-138.91568791899033,0.3029923552546045
2024-04-01,90.299,92.225,85.88,88.008,82.0094888869567,82.78176312026974,55.038296002222566,30.753879644447277,2.25311428518315,12.237087934066622,9.983973648883472,0,,,79.10270359098749,85.36366583555832,,,,,,,77.97871787987114,,,85.5476917232472,90.87051190975835,,,,,60,100,-40,,,,,,,,,,,,-61.84010829735577,-233.44366197268798,-61.84010829735577,0.27506709587237255
2024-04-08,88.7,90.73899,83.022,88.186,81.98016825217408,83.8626104962158,56.33820596291972,31.32534352858213,1.6550363423053724,12.052769076765188,10.397732734459815,0,,,71.1894431324827,78.89889490901355,,,,,,,78.08552985459684,,,71.10804435349652,78.70690610906702,,,,,60,100,-40,,,,,,,,,,,,95.7671841203453,-111.90845070492654,95.7671841203453,0.33514017549221436
2024-04-15,89.098,90.613,75.606,76.2,81.75694337701879,82.33008839697264,57.117099846726795,31.77185752332261,0.3337002714170527,10.81485807373113,10.481157802314078,0,,,57.407802197333346,69.23331630693453,,,,,,,57.6775323579311,,,49.148465737146125,60.50774640223858,,,,,60,100,-40,,,,,,,,,,,,227.44587791664623,-7.0160051222126185,227.44587791664623,0.3037914067005349
2024-04-22,78.104,88.33093,76.4,87.735,80.50823313580317,83.41107071757811,58.317801813521825,32.32870471214527,0.12860133820649544,10.641909475072197,10.513308136865701,0,,,50.10532397862114,59.5675231028124,,,,,,,66.74018101963136,,,33.924356722097826,42.28677027854385,,,,,60,100,-40,,,,,,,,,,,,224.27390011361965,-0.2858223727194087,224.27390011361965,0.3145178031226119
2024-04-29,87.595,89.281,81.25456,88.789,79.75958362610294,84.4866565740625,59.512750762011166,32.890498695108995,-0.03527620016186361,10.469212886663371,10.504489086825235,0,,,47.099145472343146,51.53742388276589,,,,,,,67.43054756483947,,,22.9245854853097,27.300074802081227,,22.9245854853097,,,60,100,-40,,,,,,,,,,,,141.67864554750702,-60.23385466858862,141.67864554750702,0.3208632912664625
2024-05-06,89.39,92.22,88.231,89.878,79.65076479566702,85.56492525924999,60.70354484977543,33.45753850908801,-0.16241221564877506,10.301473817264267,10.463886032913042,0,,,49.144302142336784,48.78292386443371,,,,,,,68.17005928481998,,,26.58926132468613,24.32239049589057,,,,,60,100,-40,,,,,,48.78292386443371,,,,,,107.73707362977845,-96.55497200157254,107.73707362977845,0.32828464757980624
2024-05-13,90.478,95.81899,88.529,92.479,80.1264958816908,86.94774020739999,61.949641130176396,34.04481673287818,-0.16299219839664048,10.260145784917242,10.423137983313882,0,,,52.149115251827155,49.46418762216905,,,,,,,69.93630660662612,,,29.158124761515758,26.430369461262856,,,,,60,100,-40,,,,,,,,,,,,77.23942387890965,-110.81770436492295,77.23942387890965,0.32177414231155654
2024-05-20,93.75,106.475,93.18,106.469,92.27667617585574,90.85199216592,63.695498340757716,34.76545537235203,0.642971957441997,11.22685293011638,10.583880972674383,0,,,62.4599013226439,54.5844395722693,,,,,,,77.28190354318825,,,37.59877799116027,33.984892049392734,,,,,60,100,-40,,,,,,,,,,,,101.37771044638058,-100.66903084402784,101.37771044638058,0.3477171312381249
2024-05-28,110.244,115.81915,106.94,109.633,94.45498502043748,94.608193732736,65.49696899406133,35.510406065164446,1.2198568895075574,12.108702084558828,10.888845195051271,0,,,72.27725400306892,62.29542352584665,,,,,,,78.56508309858343,,,46.22510603269653,41.38718901502239,,,,,60,100,-40,,,,,,,,,,,,121.12721763794774,-87.82011614511369,121.12721763794774,0.2861241767046763
2024-06-03,113.621,125.587,112.003,120.888,105.45839323326338,99.8641549861888,67.66916628841187,36.359934363023505,2.136486558064032,13.559453392631312,11.42296683456728,0,,,79.84626018541222,71.527805170375,,,,,,,82.39669009696803,,,57.352656879352686,51.74525018550097,,,,,60,100,-40,,,,,,,,,,,,188.19499624922994,-43.671004118729364,188.19499624922994,0.258716362810501
2024-06-10,120.37,132.84,117.01,131.88,115.27336514517313,106.26732398895103,70.18723819867023,37.31038277732178,3.1963568730025678,15.41841292582049,12.222056052817923,0,,,84.7065594647863,78.94335788442247,,,,,,,85.19643680283231,85.19643680283231,,66.13347281928284,61.5725080655352,,,,,60,100,-40,,,,,,,,,,,,299.4322696584609,45.17826935740324,299.4322696584609,0.28193691597525444
2024-06-17,132.99,140.76,124.3,126.57,114.19812477766075,110.32785919116083,72.39832689676159,38.198538172572306,3.242806797373552,16.275564549534863,13.032757752161311,0,,,85.88000580403757,83.47760848474536,,,,,,,78.65002696108536,,,70.04625390828039,68.43675224069892,,,,,60,100,-40,,,,,,,,,,,,382.2627660841953,88.7822203833299,382.2627660841953,0.22035615743294787
2024-06-24,123.24,128.12,118.04,123.54,113.10968729354214,112.97028735292866,74.40388270473173,39.04770694697457,2.789742733222628,16.519936168689597,13.730193435466969,0,,,80.46376013517026,83.68344180133137,,,83.68344180133137,,83.68344180133137,,75.08357078679606,,,70.48208866699568,70.82859262072093,70.48208866699568,,,,60,100,-40,,,,,,83.68344180133137,,105,,106,,389.1240813416142,69.91272576817899,389.1240813416142,0.17121874799150147
2024-07-01,123.47,128.85,118.83,125.83,113.01042391543199,115.54222988234294,76.42059318689911,39.91121235048726,2.3804949286699433,16.7058120963044,14.325317167634456,0,,,75.53668930013002,80.62681841311262,,,,,,,75.97553355599739,,,68.1870014082384,69.54133577640228,,,,,60,100,-40,,,,,,,,,,,,412.0106120067753,96.29223017396463,412.0106120067753,0.17424740625619212
2024-07-08,127.49,136.15,127.04,129.24,112.92682220718683,118.28178390587435,78.49194247368739,40.80005600869137,2.086213906944735,16.933084551315375,14.84687064437064,0,,,73.86754241043639,76.62266394857889,,,,,,,77.2871691486723,77.2871691486723,,69.87215734049784,69.17814160858516,,,,,60,100,-40,,,,,,,,,,,,220.73595527827067,-48.48817531221073,220.73595527827067,0.12473894030756988
2024-07-15,130.56,131.39,116.56,117.93,112.8063349066735,118.21142712469948,80.03853296491533,41.567518137958125,0.9352676199666234,16.01595516932892,15.080687549362295,0,,,65.36437439117086,71.58953536724574,,,,,,,64.61226363357062,,,61.23670045473796,64.96806025549024,,,,,60,100,-40,,,,,,,,,,,,211.51123613676697,-45.12668889180876,211.51123613676697,0.04846482890560899
2024-07-22,120.35,124.69,106.3,113.06,112.0501681276254,117.18114169975959,81.33349245648728,42.27888611668491,-0.28343126180126355,14.726398472110716,15.00982973391198,0,,,51.721925357249965,63.65128071961906,,,,,,,60.02063870201511,,,44.106787660257126,54.071272261727614,,,,,60,100,-40,,,,,,,,,,,,51.23646593008203,-180.558200002389,51.23646593008203,0.07615813058320736
2024-07-29,113.69,120.16,101.37,107.27,110.839441832795,115.19891335980768,82.35061039937013,42.92556386676765,-1.5387762017451756,13.086359481730511,14.625135683475687,0,,,36.078194060540405,51.05483126965373,,,,,,,54.9876249236076,,,21.467996566284018,33.645909211335095,,,,,60,100,-40,,,,,,,,,,,,232.8298357609762,-65.91125454740919,232.8298357609762,0.06202931323710787
2024-08-05,92.06,108.8,90.69,104.75,109.65805313045252,113.10913068784615,83.22901783468895,43.540732385506274,-2.5390919819807074,11.451270705999804,13.990362687980511,0,,,17.747357793968973,35.182492403919774,,,,,,,52.89622879198725,,,7.238731163336603,14.477462326673205,,7.238731163336603,,,60,100,-40,,,,,,,,,,,,274.1335019862533,-23.018299175152954,274.1335019862533,0.025608867902371293
2024-08-12,106.32,125,106.26,124.58,108.65819219256304,115.40330455027691,84.85062497842664,44.34709325729228,-1.895010328946265,11.62159977679768,13.516610105743945,0,,,20.088423951311086,24.637991935273476,,,,,,,64.42936129976789,,,9.491334660574681,7.068188310595576,,,,,60,100,-40,,,,,,,,,,,,233.3819561705709,-53.37860841603426,233.3819561705709,0.10284086704289298
2024-08-19,124.28,130.75,123.1,129.37,107.42403560737998,118.19664364022154,86.59648282240991,45.193092329359025,-1.2095145985137563,12.00471685760175,13.214231456115506,0,,,29.23582482977202,22.357202191684014,,,,,,,66.5712024744289,66.5712024744289,,19.277674452070027,12.61745747867346,,,,,60,100,-40,,,,,,22.357202191684014,,,,,,105.49432777592166,-147.3097705222099,105.49432777592166,0.1491943236628597
2024-08-26,129.57,131.26,116.71,119.37,108.07803306399569,118.43131491217723,87.88171879015854,45.93117101264899,-1.475102665043,11.370353124811757,12.845455789854757,0,,,30.24135521809671,26.52186799972659,,,,,26.52186799972659,,58.591983348922774,,,27.10909317549271,23.01763969675145,27.10909317549271,,,,60,100,-40,,,,,,,,,,106,,69.94990454393587,-175.98072133635353,69.94990454393587,0.09965716899313405
2024-09-03,116.01,116.21,100.95,102.83,105.18960213085315,115.31105192974178,88.46792589642683,46.49732851501069,-2.7368945286531847,9.424337629038277,12.161232157691462,0,,,14.162234726895232,24.546471591587974,,,,,,,48.23302470706691,,,22.380450109070217,25.47483457446025,,,,,60,100,-40,,,,,,24.546471591587974,,,,,,192.6862855359476,-90.34786291156202,192.6862855359476,0.13657493483841557
2024-09-09,104.88,120.79,103.69,119.1,104.28534483579222,116.06884154379343,89.6691837044101,47.21974315665238,-2.4568469319911888,9.090173492702476,11.547020424693665,0,,,10.387653812162956,18.26374791905162,,,,,,,56.439949100409805,,,17.055289403739685,21.14929777634838,,,,,60,100,-40,,,,,,,,,,,,92.19786998395712,-157.5573423821871,92.19786998395712,0.11212747885633341
2024-09-16,116.79,119.66,113.22,116,103.51139163323562,116.05507323503474,90.7017647356097,47.904123821760315,-2.4556332868195074,8.477478816169281,10.933112102988789,0,,,9.833125908008789,11.461004815688979,,,,,,,54.65154230261467,,,15.10400785471441,15.61384059606,,15.10400785471441,,,60,100,-40,,,,,,,,,,,,55.43462089596488,-195.2741892217894,55.43462089596488,0.05585710847336792
2024-09-23,116.55,127.665,114.86,121.4,104.43843508800451,117.1240585880278,91.90561709891912,48.635426072290066,-2.0812039543816603,8.331607160011714,10.412811114393374,0,,,16.893207967245374,12.371329229139024,,,,,,,57.210210776051404,,,20.899666431699487,17.338697251974697,,,,,60,100,-40,,,,,,12.371329229139024,,,,,,26.26468982397128,-203.4061548178277,26.26468982397128,0.0668105630562309
2024-09-30,118.31,125.04,115.14,124.92,104.38997543886133,118.68324687042224,93.20029878131446,49.394476559132954,-1.607712187057185,8.403170880571892,10.010883067629077,0,,,22.18446577187784,16.303599882377316,,,,,,,58.84979782775754,,,25.391760194337458,22.459582778367004,,,,,60,100,-40,,,,,,,,,,,,1.489291674158295,-217.33230848731355,1.489291674158295,0.0999503265004017
2024-10-07,124.99,135.78,124.95,134.8,110.18997719322837,121.9065974963378,94.83165961341977,50.24428276252467,-0.6874065823938711,9.151624839636739,9.83903142203061,0,,,37.08671414286766,25.388129293996958,,,,,,,63.1439684022556,,,33.66700851531571,30.0296475630909,,,,,60,100,-40,,,,,,,,,,,,-50.59967044841599,-267.81734330780193,-50.59967044841599,0.06087368385207389
2024-10-14,136.47,140.89,128.74,138,113.59640739371206,125.12527799707024,96.52453570701115,51.117473978817955,0.0399740831089197,9.88899902591676,9.84902494280784,0,,,48.14143552357186,35.80420514610579,,,,,,,64.44579583895032,,,47.134626620759384,39.9743900798418,,,,,60,100,-40,,,,,,,,,,,,-125.03609400324947,-315.48691725183795,-125.03609400324947,0.11346722197079279
2024-10-21,138.13,144.42,137.46,141.54,117.14380686558977,128.4082223976562,98.2898480322264,52.017200605894395,0.6299095345745087,10.636411861025977,10.006502326451468,0,,,57.07839781477785,47.43551582707246,,,,,,,65.88972363504806,,,63.12151428327416,54.46056529894145,,,,,60,100,-40,,,,,,,,,,,,-98.66589509356771,-286.30747775150377,-98.66589509356771,0.10013315663210137
2024-10-28,143,143.14,132.1106,135.4,117.8921063751905,129.80657791812496,99.745148109394,52.84688020185565,0.483580920448059,10.610978477011543,10.127397556563484,0,,,57.60058572688792,54.27347302174587,,,,,,,61.218162665682094,,,72.82472167584575,67.93169244524384,,,,,60,100,-40,,,,,,,,,,,,-32.54482325837358,-226.06975452395758,-32.54482325837358,0.04742103696379536
2024-11-04,137.21,149.77,135.57,147.63,124.09561306267689,133.37126233449996,101.62298543843737,53.78999582173768,1.054675347157282,11.445741740510087,10.391066393352805,0,,,62.175222415678036,58.951401985781274,,,,,,,66.36413172342561,66.36413172342561,,78.62237150426124,76.68623929564426,78.62237150426124,,,,60,100,-40,,,,,,,,,,,,-120.2639463023057,-322.2388900650561,-120.2639463023057,0.11500028936978071
2024-11-11,148.68,149.65,140.08,141.98,123.72378355819995,135.09300986759996,103.20561346045943,54.66750830112338,0.9020352760165533,11.518610488373497,10.616575212356944,0,,,62.96333087236695,60.91304633831097,,,,,,,62.23144243527863,,,76.2857783638317,77.71195283674733,,,,,60,100,-40,,,,,,,,,,,,78.87495302538625,-197.28636459868233,78.87495302538625,0.09099023729953767
2024-11-18,139.5,152.89,137.15,141.95,124.06422758975711,136.46440789407995,104.7250011678924,55.53599080558981,0.660373437243873,11.442042008911784,10.781668571667911,0,,,61.96204710014352,62.36686679606283,,,62.36686679606283,,62.36686679606283,,62.20915866981212,,,76.81215903561998,77.26060641875857,,,,,60,100,-40,,,,,,62.36686679606283,,105,,106,,-32.73867479741128,-286.8706619443765,-32.73867479741128,0.0580486267848848
2024-11-25,141.99,142.05,131.8,138.25,123.49892561906017,136.82152631526395,106.03970700444565,56.35901577269837,0.139866841219348,10.956502123192095,10.816635281972747,0,,,53.510254462140374,59.478544144883614,,,,,,,59.36876022042085,,,70.33883492316713,72.97524634743293,,,,,60,100,-40,,,,,,,,,,,,-87.69527937970011,-329.25781431812624,-87.69527937970011,0.09258183768449346
2024-12-02,138.83,146.54,137.825,142.44,123.7582880748416,137.94522105221117,107.46716947485955,57.21554297894018,-0.024925847971960735,10.785477972007797,10.810403819979758,0,,,52.15290779077649,55.87506978435346,,,,,,,61.52397023396076,,,70.11039915713556,71.07173336641347,,,,,60,100,-40,,,,,,,,,,,,-78.11431949248188,-314.8473026239214,-78.11431949248188,0.1350516376455647
2024-12-09,138.97,141.82,132.54,134.25,124.21841035521005,137.20617684176892,108.51747655427681,57.98205498909998,-0.7481311136224953,9.87523992795164,10.623371041574135,0,,,41.91825051292995,49.19380425528227,,,,,,,55.3113376684684,,,54.017446718773314,61.221595471076405,,,,,60,100,-40,,,,,,,,,,,,45.17919314251479,-227.60233851048113,45.17919314251479,0.12990134532969397
2024-12-16,134.18,136.7,126.86,134.7,124.47638104412361,136.70494147341515,109.5442421795993,58.745417626024356,-1.23033719135897,9.085449552375422,10.315786743734392,0,,,28.206544091154363,40.75923413162027,,,,,,,55.57834107785524,,,37.68414564239874,47.83266354978134,,,,,60,100,-40,,,,,,,,,,,,182.41933984387578,-128.94736787221183,182.41933984387578,0.19394510134909315
2024-12-23,136.28,141.9,134.71,137.01,124.72449668382907,136.7659531787321,110.62133072157579,59.524169689447,-1.4147065656067532,8.547403536725952,9.962110102332705,0,,,26.422349271108306,32.18238129173087,,,,,,,57.00684150946758,,,17.589048087489154,27.381755469116168,,17.589048087489154,,,60,100,-40,,,,,,,,,,,,159.25218714498925,-112.77511916817332,159.25218714498925,0.15218431360802126
2024-12-30,134.83,144.9,133.83,144.47,125.33203263498413,138.3067625429857,111.94872951680811,60.36940183184056,-1.0708473458198817,8.623550920057852,9.694398265877734,0,,,30.67473347623462,28.434542279499098,,,,,,,61.354662555152366,61.354662555152366,,22.322322234926826,19.994153227682983,,,,,60,100,-40,,,,,,28.434542279499098,,,,,,105.75178948226394,-120.45237022850546,105.75178948226394,0.12324434612993151
2025-01-06,148.59,153.13,134.22,135.91,125.34331601819956,137.82741003438855,112.88838718281563,61.12104957480732,-1.4338486419298953,7.902087463465364,9.335936105395259,0,,,33.147951568920824,30.08167810542125,,,,,,,54.50308697320299,,,20.668967077060383,18.446191525538392,,,,,60,100,-40,,,,,,,,,,,,230.16055503094327,-7.642848368777209,230.16055503094327,0.04744290713953655
2025-01-13,129.99,138.75,129.51,137.71,124.23379344547101,137.80392802751084,113.86178376388169,61.88312868351571,-1.556448259223222,7.390375781366231,8.946824040589453,0,,,21.29119230318659,28.37129244944735,,,,,,,55.63177972503149,,,21.889420078562413,22.830268506969464,,,,,60,100,-40,,,,,,28.37129244944735,,,,,,186.49499957077177,-30.79869411990863,186.49499957077177,0.13452527286320629
2025-01-21,139.16,148.97,137.09,142.62,124.5849510565088,138.76714242200867,114.98955694961182,62.68648063691356,-1.319921492171094,7.296922175375585,8.616843667546679,0,,,29.373993442594713,27.937712438234048,,,,,,,58.66226108239653,,,16.960775806774606,19.440466473071734,,,,,60,100,-40,,,,,,27.937712438234048,,,,,,136.22318146699507,-71.56256791628888,136.22318146699507,0.18972288620400274
2025-01-27,124.8,129,116.25,120.07,121.37388312390104,135.02771393760693,115.18879001041137,63.25746092908357,-2.6201250691760407,5.341687331076628,7.9618124002526685,0,,,0.4406740148285557,17.035286586869958,,,,,,,43.78323217162205,,,15.558999558757126,16.636913977036773,,15.558999558757126,,,60,100,-40,,,,,,17.035286586869958,,,,,,116.00078483663232,-85.82391920423639,116.00078483663232,0.08070154630581675
2025-02-03,114.75,130.37,113.01,129.84,119.25646290076524,133.99017115008556,115.76334726490504,63.91997375565985,-2.7468039448143937,4.528307469234676,7.27511141404907,0,,,-13.850113916123428,5.321517847099949,,,,,,,49.76380336501654,,,18.456290806948882,16.46868797371318,,,,,60,100,-40,,,,,,,,,,,,132.18246032088103,-84.76502480346613,132.18246032088103,0.14520007370858018
2025-02-10,130.09,139.25,129.08,138.85,118.57742983642487,134.96213692006845,116.66870619569308,64.66554615610104,-2.1735404592896472,4.5581858399370105,6.731726299226658,0,,,-7.876509481387323,-7.095316460894064,,,,,,,54.590156859327024,,,24.473268993002808,20.96787919166692,,,,,60,100,-40,,,,,,,,,,,,64.51292208072083,-131.17138393010865,64.51292208072083,0.18536869434954345
2025-02-18,141.27,143.44,134.03,134.43,118.97404199096596,134.85570953605475,117.36522752135217,65.35971982618959,-2.043735367811422,4.17705708946238,6.220792457273802,0,,,-0.6637430028872657,-7.4634554667993385,,,,,,,51.938302249157836,,,36.255157717133336,30.23321696719749,,,,,60,100,-40,,,,,,-7.4634554667993385,,,,,,114.60148170240792,-94.59476867008891,114.60148170240792,0.1024360417724769
2025-02-24,136.56,138.59,116.4,124.92,119.45089613446838,132.8685676288438,117.66149310875012,65.9523594299091,-2.5188598264163833,3.0722176742533236,5.591077500669707,0,,,-12.81048729184546,-7.116913258706681,,,,,,,46.655563205995904,,,36.95674198156237,36.04231030613315,36.95674198156237,,,,60,100,-40,,,,,,-7.116913258706681,,,,,,344.6739395746974,48.05882563356363,344.6739395746974,0.036631641917590954
2025-03-03,123.51,123.7,107.56,112.69,118.06797498200635,128.83285410307505,117.4665325946815,66.41741057986025,-3.5160786528812604,1.195979184568131,4.712057837449391,0,,,-31.949114057655223,-15.141114784129316,,,,,,,40.86488144282359,,,26.004801946643674,33.03946900433703,,,,,60,100,-40,,,,,,,,,,,,398.3695869247525,90.229948245643,398.3695869247525,-0.02282220883534888
2025-03-10,109.9,121.88,104.77,121.67,117.47383391186304,127.40028328246004,117.63137445371359,66.96718758901586,-3.4266737517105965,0.4287156478111456,3.855389399521742,0,,,-40.896134846950574,-28.55191206548375,,,,,,,46.17854086842235,,,18.506586304699375,23.463620288835163,,,,,60,100,-40,,,,,,,,,,,,444.12057112025195,118.36995765552608,444.12057112025195,0.036609282407857234
2025-03-17,122.74,122.89,114.54,117.7,116.9578457753014,125.46022662596803,117.63406565160717,67.47199169260774,-3.479509565925549,-0.4939975578851943,2.9855120080403545,0,,,-43.56683943534659,-38.804029446650794,,,,,,,44.273230494258215,,,15.092082340237372,15.67596297249716,,,,,60,100,-40,,,,,,,,,,,,485.18955818929714,163.2117835363395,485.18955818929714,0.039079806168148754
2025-03-24,119.88,122.22,109.0701,109.67,115.88014250563702,122.30218130077442,117.32174935154414,67.89187237228329,-3.8698985731619775,-1.8518612084121173,2.01803736474986,0,,,-48.71086925967482,-44.39128118065733,,,,,,,40.602399648276936,,,14.348426810075246,14.18865191217291,,,,,60,100,-40,,,,,,,,,,,,652.4278203366976,272.62782289336866,652.4278203366976,-0.03346038045311246
2025-03-31,105.13,111.98,92.11,94.31,115.91157518380581,116.70374504061954,116.41932780834634,68.1547393138526,-4.910357739580879,-4.119909809726238,0.7904479298546405,0,,,-60.32184596695413,-50.86651822065851,,,,,,,34.64915670466054,,,8.589630305081744,11.548916006529659,,8.589630305081744,,,60,100,-40,,,,,,,,,,,,1403.80458027548,778.5136732763925,1403.80458027548,-0.0587889155120716
2025-04-07,87.46,115.1,86.62,110.93,114.98074838496254,115.54899603249564,116.20406005115629,68.58036379829188,-4.25164511160198,-4.5241084596478345,-0.2724633480458545,0,,,-62.174523444108374,-57.06907955691244,,,,,,,44.23377950097003,,,12.70377858908888,11.386525872447294,,,,,60,100,-40,,,,,,,,,,,,1254.9310202253926,696.0566417715938,1254.9310202253926,0.03248293202403783
2025-04-14,114.11,114.29,100.05,101.49,109.11640921460805,112.7371968259965,115.62703808836585,68.90782286497554,-4.215853285611723,-5.542279955060508,-1.3264266694487852,0,,,-61.02368008056227,-61.17334983054159,,,,,,-61.17334983054159,40.57230052697422,,,18.478957500271548,14.152322727476848,,,,,60,100,-40,,,,,,-61.17334983054159,-107,,,,,1112.2162892753213,604.9554341767587,1112.2162892753213,-0.01329050422267518
2025-04-21,98.77,111.92,95.04,111.01,109.20595141356463,112.39175746079721,115.44597777117504,69.32675000064742,-3.352780728587931,-5.517402580183699,-2.164621851595768,0,,,-58.30320637716138,-60.50046996727733,,,,,,,45.50085171326191,,,31.703925129315223,25.05861845935679,,,,,60,100,-40,,,,,,,,,,,,931.813327588899,504.96353705371166,931.813327588899,0.02723996165071794
2025-04-28,109.69,115.4,104.08,114.5,108.9119548840243,112.81340596863777,115.40888060367797,69.77623507526785,-2.393607173384624,-5.156630818326548,-2.763023644941924,0,,,-49.892062042660626,-56.40631616679476,,,,,,,47.238640208044565,,,40.57126873357572,35.57434038487284,,,,,60,100,-40,,,,,,,,,,,,764.2109043909174,404.0610757712186,764.2109043909174,0.08380569824988156
2025-05-05,112.905,118.68,110.822,116.65,105.01324382087972,113.58072477491021,115.45755195255335,70.24264069640947,-1.5045409916216048,-4.64369988446893,-3.139158892847325,0,,,-37.513038826085804,-48.56943574863593,,,,,,,48.338033976801455,,,53.760398706480736,47.85955657362843,,,,,60,100,-40,,,,,,,,,,,,667.9907399562052,335.14088017645156,667.9907399562052,0.07119072255594261
2025-05-12,121.97,136.35,120.28,135.4,106.96186926224544,117.94457981992817,116.23960873872772,70.89097262977853,0.3567793009448037,-2.6931847666663202,-3.049964067611124,0,,,-13.114452251008782,-33.506517706585065,,,,,,,56.83549162134281,,,69.1721960845746,60.893457522690206,,,,,60,100,-40,,,,,,,,,,,,552.9015145096224,245.11526559891493,552.9015145096224,0.11976848159340198
2025-05-19,132.39,137.4,129.16,131.29,106.17887860065649,120.61366385594253,116.82982016073841,71.49195797674591,1.2702311819806447,-1.462175090135318,-2.7324062721159628,0,,,3.855447111767205,-15.59068132177579,,,,,,,54.69900507614744,,,80.74166329765117,74.64887552027359,,,,,60,100,-40,,,,,,,,,,,,503.28305732605475,221.45794458093036,503.28305732605475,0.0745811258049736
2025-05-27,134.15,143.49,132.92,135.13,107.0889587006096,123.51693108475402,117.547474272082,72.125172325236,2.0461481624655873,-0.17472106903397844,-2.2208692314995657,0,,,17.71061445156093,2.8172031041064542,,,,,,,56.35944186183007,,,91.85740185848825,87.00004735961606,,,,,60,100,-40,,,,,,,,,,,,439.04977417586286,174.82922738439757,439.04977417586286,0.08030146468495043
2025-06-02,135.49,144,135.4,141.72,113.68831879342318,127.15754486780321,118.49541645749055,72.81765817274608,2.8660210714630714,1.3616571078292736,-1.5043639636337978,0,,,28.14009869232429,16.568720085217475,,,,,,,59.14358259470623,,,95.06803881030515,93.42132126324987,,,,,60,100,-40,,,,,,,,,,,,323.76799705297867,95.76936785996165,323.76799705297867,0.06874960305379497
2025-06-09,143.19,145,140.855,141.97,114.67343887960723,130.12003589424256,119.41598836111837,73.50574117600233,3.259329381856677,2.569797763687049,-0.6895316181696283,0,,,35.573883357852345,27.141532167245856,,,,,,,59.25042426764668,,,98.52130323471252,97.61802979603647,,,,,60,100,-40,,,,,,,,,,,,324.9010884978917,95.62948279451408,324.9010884978917,0.05621152665543193
2025-06-16,143.345,146.2,142.65,143.85,117.91105038820672,132.86602871539404,120.37418489597647,74.20568404987296,3.4612515152998897,3.637032775955234,0.17578126065534416,0,,,40.62469631616755,34.779559455448066,,,,,,,60.100442850277176,,,99.35655550512482,98.71311101024965,,,,,60,100,-40,,,,,,,,,,,,275.8281633164568,58.24230410460242,275.8281633164568,0.09348968860028052
2025-06-23,142.5,158.71,142.03,157.75,133.0595467890491,137.84282297231522,121.83990313534994,75.03697077574486,4.291830835647179,5.540569805214318,1.248738969567139,0,,,47.85707951234682,41.35188639545557,,,,,,,65.812490823092,,,99.90409611223143,99.80819222446284,,,,,60,100,-40,,,,,,,,,,,,192.0412245316465,-11.4381148235071,192.0412245316465,0.08096994921750815
2025-06-30,158.4,160.98,151.49,159.34,134.03029344697416,142.1422583778522,123.31049516925779,75.875806887429,4.677522568974476,7.095642180785234,2.418119611810758,0,,,53.3624979078102,47.28142457877485,,,,,,,66.40842537092534,,,100,100,,,,,60,100,-40,,,,,,,,,,,,111.67009279861983,-72.08573031014218,111.67009279861983,0.06535347025794194
2025-07-07,158.2,167.89,157.342,164.92,140.06241534361885,146.69780670228175,124.94224045673788,76.76181875919588,5.008120242208322,8.67826991457116,3.6701496723628386,0,,,58.27471184646445,53.164763088873826,,,,,,,68.4962433269106,,,100,100,,,,,60,100,-40,,,,,,,,,,,,66.82098501705258,-93.52468843557088,66.82098501705258,0.10802245036199326
2025-07-14,165.37,174.25,162.02,172.41,147.8210999619318,151.8402453618254,126.80372122314031,77.71354195562179,5.397332768428419,10.416815632898363,5.019482864469944,0,,,62.41229053739143,58.01650009722203,,,,,,,71.10754163474009,,,100,100,,,,,60,100,-40,,,,,,,,,,,,1.0353513775884693,-131.065654174558,1.0353513775884693,0.15278012755245182
2025-07-21,172.75,174.72,164.58,173.5,148.9203071075081,156.17219628946032,128.6349478418407,78.66664104064049,5.382146123593753,11.747165518962134,6.365019395368382,0,,,63.82628595558367,61.504429446479854,,,,,,,71.4802309429641,,,100,100,,,,,60,100,-40,,,,,,,,,,,,-16.425621600154905,-141.7809897791838,-16.425621600154905,0.21202166679036288
2025-07-28,174.02,183.3,170.89,173.72,149.4474280284004,159.68175703156825,130.40298910294499,79.61244560740028,5.046497654639515,12.673141463667775,7.626643809028261,0,,,65.22022326317327,63.81959991871613,,,,,,,71.56044371829464,,,100,100,,,,,60,100,-40,,,,,,,,,,,,98.37903687260055,-57.8208098193322,98.37903687260055,0.12498627801842745
2025-08-04,175.16,183.88,174.52,182.7,158.38832602637177,164.2854056252546,132.45385227537852,80.63819241727688,5.075125916166069,13.970551204235846,8.895425288069777,0,,,66.21924111966315,65.08858344614003,,,,,,,74.7062148712356,74.7062148712356,,100,100,,,,,60,100,-40,,,,,,,,,,,,93.21921198667314,-64.58066257945362,93.21921198667314,0.1690373555037468
2025-08-11,182.05,184.48,178.0417,180.45,158.67344559591666,167.51832450020368,134.3360541469323,81.63134473153283,4.602335431142032,14.648344576997317,10.046009145855285,0,,,65.37761706468932,65.60569381584192,,,65.60569381584192,,65.60569381584192,,72.52859601868235,,,98.05506490264902,99.02753245132452,,,,,60,100,-40,,,,,,65.60569381584192,,105,,,,61.724809807278014,-95.56599665591659,61.724809807278014,0.21357677648078072
2025-08-18,180.6,182.9375,168.801,177.99,159.46987091049402,169.61265960016294,136.04797359215064,82.59013732126883,3.8161584855436175,14.816207252784807,11.00004876724119,0,,,61.07456993882336,64.22380937439193,,,,,,,70.10808030800297,,,93.4009041503402,95.97110141366348,,,,,60,100,-40,,,,,,,,,,,,-62.22515561222707,-203.64490635484086,-62.22515561222707,0.29647424409685785
2025-08-25,178.35,184.47,173.145,174.18,159.10966584545875,170.52612768013034,137.5433471767722,83.50147923847013,2.7799180290740253,14.474946303583721,11.695028274509696,0,,,57.25021668904318,61.23413456418529,,,,,,,66.39053088081468,,,83.40931883040318,88.6829854754492,,,,,60,100,-40,,,,,,,,,,,,-77.27512731909488,-216.61855974486983,-77.27512731909488,0.17842367310608118
2025-09-02,170,172.41,164.07,167.02,159.17683257078312,169.82490214410427,138.69929434631052,84.33250929579879,1.4211388762628978,13.471451869838319,12.050312993575421,0,,,46.52438304887738,54.949723225581316,,,,,,,59.9217382122182,,,63.518242465356394,74.00071100077172,,,,,60,100,-40,,,,,,,,,,,,-133.22510417016855,-269.05154888216623,-133.22510417016855,0.22167235815201589
2025-09-08,167.55,180.28,166.7401,177.82,159.41277310144147,171.42392171528343,140.23343966606305,85.26273308390029,1.074354344863682,13.393255924655023,12.31890157979134,0,,,43.878114907415075,49.21757154844522,,,,,,,65.42644255872383,,,50.27564534374782,57.93067920069847,,,,,60,100,-40,,,,,,,,,,,,-168.09326704831972,-282.86035817631785,-168.09326704831972,0.1941307578688938
2025-09-15,175.67,178.85,168.41,176.67,159.14187502276707,172.47313737222674,141.66232438504096,86.17225812784157,0.614977701249293,13.087623706352957,12.472646005103664,0,,,40.99052976265678,43.79767590631642,,,,,,,64.40600213642588,,,39.59619266916165,43.712192688765384,,39.59619266916165,,,60,100,-40,,,,,,,,,,,,-229.34903667589793,-335.0675657806237,-229.34903667589793,0.17668256796016998
2025-09-22,175.3,184.55,173.125,178.19,159.333169663998,173.61650989778138,143.09478225229427,87.0878575494551,0.27810328952711316,12.820275117012557,12.542171827485443,0,,,42.28395042830108,42.384198366124316,,,,,,,65.18354922103794,,,41.88877440215939,40.469588235168466,,,,,60,100,-40,,,,,,,,,,,,-198.5583027348256,-290.509826547783,-198.5583027348256,0.14727051574143343
2025-09-29,180.425,191.05,180.32,187.62,164.2900861165696,176.4172079182251,144.84086922279252,88.08817737483365,0.5398342839597969,13.21696468243519,12.677130398475393,0,,,49.12215888776148,44.13221302623979,,,,,,,69.64083035621226,69.64083035621226,,47.068618777503275,43.231347693428695,,,,,60,100,-40,,,,,,44.13221302623979,,,,,,-275.1840658739482,-352.2353126300043,-275.1840658739482,0.10404141747385533
2025-10-06,185.5,195.62,182.05,183.16,164.11936567967174,177.7657663345801,146.3435802336634,89.03416565966117,0.27538143688060934,13.021357194576154,12.745975757695545,0,,,52.63115831203394,48.012422542698836,,,,,,,65.35393812839862,,,50.12544208760161,48.61618365148285,,,,,60,100,-40,,,,,,,,,,,,-187.8778720786849,-274.55616487909435,-187.8778720786849,0.09065567431202239
2025-10-13,187.965,190.1099,177.29,183.22,163.85941098826663,178.85661306766409,147.7897143421472,89.97133814065957,-0.017182002494461557,12.724498254577469,12.74168025707193,0,,,50.60727264729567,50.786863282363704,,,,,,,65.38499241478559,,,52.28676273841735,51.77852896553323,,,,,60,100,-40,,,,,,50.786863282363704,,,,,,-112.80916806437855,-208.27322581016813,-112.80916806437855,0.12874698351927458
2025-10-20,183.13,187.47,176.76,186.26,163.72518163196187,180.33729045413128,149.29835299539633,90.92943427856345,-0.1218121581618199,12.589415059369657,12.711227217531476,0,,,48.20480930452079,50.48108008795015,,,,,,,67.00814323225401,,,48.65680687442328,50.4358276959671,,48.65680687442328,,,60,100,-40,,,,,,,,,,,,-164.11659205267335,-251.31445748104665,-164.11659205267335,0.13416483334402957
2025-10-27,189.99,212.1899,188.4318,202.49,178.77195437253602,184.76783236330502,151.38429993675334,92.03948965887625,0.7388681334827858,13.634812384384958,12.895944250902172,0,,,60.4647197680284,53.092267239948306,,,,,,,74.04683329953696,74.04683329953696,,60.601763047120784,55.21907716460563,60.601763047120784,,,,60,100,-40,,,,,,53.092267239948306,,,,,,-56.09539349764184,-167.43910157540176,-56.09539349764184,0.16704828154521376
2025-11-03,208.08,211.335,178.91,188.15,176.76182906021202,185.444265890644,152.82609209609635,92.99581314485758,0.20687801639685688,13.154541771398243,12.947663755001386,0,,,59.580734145828224,56.08342107279248,,,,,,,61.48994750465327,,,56.723332159379055,56.577224825318375,,,,,60,100,-40,,,,,,,,,,,,169.55831441102026,-36.99562856169237,169.55831441102026,0.15227804462013442
2025-11-10,195.11,199.94,180.58,190.17,173.9674126987683,186.3894127125152,154.29055907272001,93.96272047674954,-0.12653766815188838,12.789491669811525,12.916029337963414,0,,,55.209900947072164,58.41845162030961,,,58.41845162030961,,58.41845162030961,,62.46139189324377,,,51.160215241633935,56.29357972658588,,,,,60,100,-40,,,,,,58.41845162030961,,105,,106,,326.0022572453802,49.73084935861536,326.0022572453802,0.09815284469901046
2025-11-17,185.965,196,172.93,178.88,173.23902607742772,184.88753017001216,155.25485087378982,94.80766853170725,-1.167137244756491,11.4571077820178,12.624245026774291,0,,,41.56186385710757,52.117499650002664,,,,,,,54.185222465627994,,,25.611726657252724,38.52993589115679,,,,,60,100,-40,,,,,,,,,,,,480.3654832007657,128.8706949297762,480.3654832007657,0.03251057315881828
2025-11-24,179.49,183.5,169.55,177,172.03266707189715,183.31002413600973,156.10760181991571,95.62550267567036,-1.993251676765512,10.132680430817402,12.125932107582914,0,,,23.961067649294243,40.244277484491334,,,,,,,52.92029396893426,,,14.789668376992193,22.074926233503756,,,,,60,100,-40,,,,,,,,,,,,301.2081226188082,-3.6512496029103403,301.2081226188082,0.01570201221814032
2025-12-01,174.76,185.66,173.68,182.41,172.2153337096188,183.1300193088078,157.13906841521313,96.48903001223086,-2.1718508987990397,9.411118484084113,11.582969382883153,0,,,15.475252908501272,26.999394804967704,,,,,,,56.11412132259282,,,6.902539289895493,8.500751630905066,,,,,60,100,-40,,,,,,,,,,,,190.07937305175219,-71.16920422056303,190.07937305175219,0.004809173543638583
2025-12-08,182.64,188,174.62,175.02,172.66638130178887,181.50801544704623,157.8402814185381,97.27043269867632,-2.7471536746813765,8.149027289531432,10.896180964212808,0,,,6.817536490774408,15.417952349523317,,,,,,,50.9947948960232,,,5.6710075441517045,6.0376881394174875,,5.6710075441517045,,,60,100,-40,,,,,,,,,,,,89.1558506787063,-144.59298527136977,89.1558506787063,-0.07206276590106202
2025-12-15,177.936,181.45,170.31,180.99,172.88521120880395,181.404412357637,158.7481135197719,98.1034632190875,-2.682078923016018,7.543582310442787,10.225661233458805,0,,,-2.1379136734530864,6.71829190860754,,,,,,,54.61818053420109,,,8.984137696237271,7.144232322561597,,,,,60,100,-40,,,,,,,,,,,,103.8547869189415,-158.30335158566612,103.8547869189415,0.007218198610696668
2025-12-22,183.92,192.69,182.35,190.53,173.40841040817511,183.2295298861096,159.9944620091926,99.02313025173339,-1.9850972090478844,7.744289722148949,9.729386931196833,0,,,9.117511138756363,4.599044652025905,,,,,,,59.76787506632027,,,15.178018264648871,11.621101637024154,,,,,60,100,-40,,,,,,4.599044652025905,,,,,,162.24482566095213,-125.88456038827229,162.24482566095213,-0.005975446933780971
2025-12-29,187.71,192.9299,185.91,188.85,173.8142382361626,184.35362390888767,161.12605173432232,99.91692995072111,-1.6400951362854066,7.679268010840076,9.319363147125483,0,,,17.642576565903397,8.207391343735567,,,,,,,58.50142228326927,,,24.95696261695982,19.868225799026543,,,,,60,100,-40,,,,,,,,,,,,156.38213008623353,-116.63282213585916,156.38213008623353,0.0001172417909277219
2026-01-05,191.76,193.63,183.6701,184.86,174.8596640764367,184.45489912711014,162.05679480356457,100.76213462782836,-1.6774733572409648,7.222521450574277,8.899994807815242,0,,,20.528878691470794,15.762988798710195,,,,,,,55.47688478472374,,,28.923735112324366,26.657026137953853,28.923735112324366,,,,60,100,-40,,,,,,,,,,,,58.85810643419106,-179.06321811115748,58.85810643419106,-0.04917645309689212
2026-01-12,183.22,190.44,180.8,186.23,175.41041664240552,184.8099193016881,163.00476363479734,101.6125611489445,-1.60667473109282,6.891651393949218,8.498326125042038,0,,,19.445459358459505,19.205638205277907,,,,,,,56.316954322866465,,,27.47185269166242,29.044962226228204,,,,,60,100,-40,,,,,,,,,,,,2.702087082519995,-213.77899663640162,2.702087082519995,0.007221121964616407
2026-01-20,181.9,189.6,177.61,187.67,164.00752973937654,185.38193544135046,163.97202780598175,102.4688540728356,-1.4636551607094326,6.668757174155246,8.132412334864679,0,,,16.252216358992673,18.742184802974332,,,,,,,57.23574097229355,,,25.434075351516015,26.989334486705886,,,,,60,100,-40,,,,,,18.742184802974332,,,,,,-23.24374693248366,-225.8191790661468,-23.24374693248366,0.0473982962485033
2026-01-26,187.16,194.49,185.7,191.13,164.78913475799249,186.53154835308038,165.03704632339424,103.3510545298223,-1.1506185767497952,6.694139113927434,7.84475769067723,0,,,26.963374444319143,20.88701672059045,,,,,20.88701672059045,,59.45551742736777,,,28.154985058108366,26.521882372409877,,,,,60,100,-40,,,,,,20.88701672059045,,,,,,71.89147978251341,-181.12478287230198,71.89147978251341,0.02781183825100915
2026-02-02,187.2,190.3,171.03,185.41,165.4149108467073,186.30723868246432,165.83598568326113,104.16756144992358,-1.3306521788206078,6.18144246715147,7.512094645972078,0,,,13.249259726121917,18.821616843144586,,,,,,,54.39847017362635,,,29.538287360231948,28.18586967014922,,,,,60,100,-40,,,,,,18.821616843144586,,,,,,33.365756185692774,-261.8293678046107,33.365756185692774,0.02532283105917993
2026-02-09,184.26,193.66,181.59,182.81,164.3802743576568,185.60779094597146,166.5016333035254,104.9500732762925,-1.6081510256365226,5.5019058639264244,7.110056889562947,0,,,13.253853816244076,17.822162662228386,,,,,,,52.21165666658472,,,26.228434511446874,28.28391545425382,,26.228434511446874,,,60,100,-40,,,,,,,,,,,,97.29925506102134,-210.58766456740872,97.29925506102134,-0.006389266979304995
2026-02-17,181.75,190.37,179.18,189.82,164.56668333210987,186.45023275677715,167.41607905632833,105.79455015911546,-1.315239200777233,5.466007888591406,6.781247089368639,0,,,14.637170368863078,13.713427970409697,,,,,,,57.233214263294926,,,32.012587409671596,29.77220835957445,32.012587409671596,,,,60,100,-40,,,,,,13.713427970409697,,,,,,125.97211777719927,-188.66263464606166,125.97211777719927,0.008285195644957099
2026-02-23,191.4,197.6299,176.38,177.19,164.86549166553058,184.5981862054217,167.7993700737272,106.5049526450944,-1.9305411606707867,4.368070638530156,6.298611799200943,0,,,5.17170083458381,11.020908339896996,,,,,,,47.49253462519553,,,26.5555408791432,27.88425044667377,,,,,60,100,-40,,,,,,11.020908339896996,,,,,,133.06809636316302,-167.99670107405046,133.06809636316302,-0.016838256619330458
2026-03-02,175.01,184.7,174.64,177.82,163.70582797513555,183.24254896433737,168.1923359531889,107.21455510633724,-2.2322164643108993,3.508341218812319,5.740557683123218,0,,,-14.15907094707617,1.883266752123579,,,,,,,47.971038638423,,,25.869168887227815,27.804533886459254,,,,,60,100,-40,,,,,,,,,,,,187.05571520622428,-115.63366451513218,187.05571520622428,-0.03282040946691974
2026-03-09,176.83,187.62,175.56,180.25,164.22755454834015,182.6440391714699,168.66518552365207,107.9412759510503,-2.201542870132827,2.988629095457185,5.190171965590012,0,,,-20.874404519950886,-9.953924877481077,,,,,,,49.87960322283458,,,13.269942757515635,18.925130178660073,,,,,60,100,-40,,,,,,,,,,,,269.4092215323653,-30.972998239653613,269.4092215323653,-0.071520439795775
2026-03-16,182.97,188.88,171.72,172.7,164.42630065203014,180.6552313371759,168.8234135423324,108.58564136447269,-2.5960499093358873,1.9451095789201531,4.54115948825604,0,,,-32.996142942546186,-22.676539469857744,,,,,,,44.39777194182912,,,10.334596761642063,13.054438186912927,,,,,60,100,-40,,,,,,,,,,,,400.4257267082989,57.3857287130107,400.4257267082989,-0.1326637989370444
2026-03-23,177.255,181.22,167.01,167.52,163.88227917688513,178.02818506974072,168.77229928577034,109.17205289318441,-3.0792064354193927,0.6921514439817997,3.7713578794011924,0,,,-48.735370344095124,-34.201972602197394,,,,,,,41.044972624932896,,,6.761382871999183,7.1880691041851925,,6.761382871999183,,,60,100,-40,,,,,,,,,,,,576.7119582158809,179.67923258337242,576.7119582158809,-0.15509367923766992
2026-03-30,168.78,177.49,164.27,177.39,163.79854494996476,177.90054805579257,169.1102483333872,109.85083843653581,-2.6251249041964217,0.4899517491556651,3.115076653352087,0,,,-54.55052515053239,-45.42734614572456,,,,,,,48.99563366922447,,,11.824992221221049,9.399859104656619,,,,,60,100,-40,,,,,,,,,,,,529.1279658129936,152.46482665912293,529.1279658129936,-0.11503547038144203
2026-04-06,177.155,190,173.66,188.63,163.86222031068158,180.04643844463405,169.87572879090143,110.63471069089864,-1.5139910300780768,1.222587865754491,2.736578895832568,0,,,-36.26379576885423,-46.51656375449391,,,,,,-46.51656375449391,56.27111976132084,,,30.78676520179385,20.53958809529659,,,,,60,100,-40,,,,,,-46.51656375449391,,,,,,459.28651748335835,98.38031272110058,459.28651748335835,-0.04744609839225836
2026-04-13,186.03,201.7,185.74,201.68,174.0256331456329,184.37315075570723,171.12295511282687,111.54063396760613,0.06968371292138986,2.823683536984305,2.753999824062915,0,,,-8.672919212200739,-33.16241337719578,,,,,,,62.92327442044422,,,58.79219503542905,43.217114429233675,,,,,60,100,-40,,,,,,,,,,,,199.4162415772933,-107.6888350463723,199.4162415772933,-0.004425250334164582
2026-04-20,199.98,210.95,197.2206,208.27,180.310945063802,189.15252060456578,172.5797019711474,112.5031152216598,1.4540981394317107,4.5716224983525535,3.117524358920843,0,,,14.216830579089148,-10.239961467321939,,,,,,,65.77176928668563,65.77176928668563,,81.53385874976746,69.61723386236262,,,,,60,100,-40,,,,,,,,,,,,124.97692492687634,-167.1999559470319,124.97692492687634,-0.0034717514603852476
2026-04-27,209.645,216.825,197.12,198.45,180.3466775592447,191.01201648365262,173.59422346247493,113.35830810502637,1.5904847209649828,5.1056302601270716,3.5151455391620887,0,,,26.38047505055754,10.641462139148652,,,,,,,58.51461137831989,,,88.54287493593498,86.22587728766666,,,,,60,100,-40,,,,,,,,,,,,35.89021130380786,-227.70905486575333,35.89021130380786,0.0035268794913251664
2026-05-04,199.5,217.8,194.74,215.2,186.4562005907272,195.84961318692208,175.22582254237787,114.37165827313555,2.629492308846036,6.8020109252196335,4.172518616373598,0,,,36.66376206147133,25.753689230372675,,,,,,,65.54050253883182,,,91.28051145140896,91.71784478104837,,,,,60,100,-40,,,,,,,,,,,,-0.6352816605208744,-261.7619539810709,-0.6352816605208744,-0.020595941598042348
2026-05-11,214.035,236.54,213.89,225.32,195.33504340567526,201.74369054953766,177.1903000897356,115.47562187240783,3.7506745062211593,8.860861749150047,5.1101872429288875,0,,,49.951663555194045,37.665300222407645,,,,,,,68.979150733826,68.979150733826,,90.84596053217516,90.84874294258077,,,,,60,100,-40,,,,,,,,,,,,76.75295136866474,-191.44159871178528,76.75295136866474,-0.03798298946441742
2026-05-18,229.87,230,214.8,215.33,194.2411117338413,204.46095243963012,178.68597459602046,116.46919777417492,3.572666168131934,9.576019953093805,6.003353784961871,0,,,53.818439886563255,46.81128850107621,,,,,,,62.327829938128396,,,92.152960026218,91.49806907399376,92.152960026218,,,,60,100,-40,,,,,,,,,,,,8.252414756180215,-239.36130803691523,8.252414756180215,-0.07975535948027142
2026-05-26,216.54,218.18,208.78,211.14,194.28960375285266,205.7967619517041,179.95868147460789,117.41119580627267,2.9516814844136112,9.692955640478885,6.741274156065274,0,,,50.96099965123413,51.57703436433048,,,51.57703436433048,,51.57703436433048,,59.71169528228324,,,85.72511357528771,88.7753140626968,,,,,60,100,-40,,,,,,51.57703436433048,,,,106,,-56.88438792676166,-273.11379748474883,-56.88438792676166,-0.06600858426237056
2026-06-01,215.73,232.28,204.33,205.1,195.16320348479175,205.65740956136327,180.9446155344272,118.28372122113564,1.960810695152519,9.192287525005923,7.2314768298534045,0,,,48.83257351386388,51.20400435055376,,,,,,,56.038455601070744,,,74.71837396805357,81.229878000607,,,,,60,100,-40,,,,,,,,,,,,13.458228059922277,-229.82037976024907,13.458228059922277,-0.1262874907349903
2026-06-08,210.18,211.4,199.34,205.19,193.32440323587807,205.5639276490906,181.89541492523395,119.14846031346265,1.176778739928058,8.702450254763477,7.525671514835419,0,,,39.15274713446391,46.31544009985398,,,,,,,56.082066941501274,,,65.79051488252058,70.61570319710499,,,,,60,100,-40,,,,,,,,,,,,-64.44326795097268,-314.3984925311128,-64.44326795097268,-0.1559486175113091
2026-06-15,208.92,212.7107,203.08,210.69,193.88694586188677,206.58914211927248,183.02461433993065,120.05932140487099,0.9060610538553115,8.658247832154558,7.752186778299246,0,,,34.812158196146385,40.932492948158064,,,,,,,58.78867492918689,,,61.41692104408577,63.00150964790196,,,,,60,100,-40,,,,,,,,,,,,-40.90812832352306,-297.23513025272865,-40.90812832352306,-0.14543217098793482
2026-06-22,211.44,213.99,191.22,192.53,194.75634972889486,203.77731369541797,183.39737456189417,120.78042268442451,-0.5407207467643156,7.076285844843852,7.617006591608168,0,,,20.274460112423135,31.413121814344482,,,,,,,48.1698988651241,,,53.44155770460917,56.92019360435602,,,,,60,100,-40,,,,,,,,,,,,-111.65210499197343,-409.55601566132344,-111.65210499197343,-0.21936993551594758
2026-06-29,193.85,200.63,189.8,194.83,193.68661046254522,201.98785095633437,183.8457128143689,121.51723439900735,-1.341852243883995,5.939691286753174,7.281543530637169,0,,,5.600410623332959,20.229009643967498,,,,,,,49.42334307427026,,,40.42031093624929,47.658969029407615,,,,,60,100,-40,,,,,,,,,,,,-231.35172226616007,-497.81855826835556,-231.35172226616007,-0.18401061192093698
2026-07-06,194.42,211,191.14,210.96,194.39899542950627,203.7822807650675,184.90901819419759,122.40721216618141,-0.8106493589178996,6.2682318319897945,7.078881190907694,0,,,5.556474420841684,10.477115052199263,,,,,,,57.27366140035425,,,31.32026656988977,36.4462769469332,,,,,60,100,-40,,,,,,,,,,,,-178.37868185413095,-433.6697294922909,-178.37868185413095,-0.17819187265768266
2026-07-13,208.54,213.81,197.97,202.81,193.7704957559701,203.587824612054,185.61101748069964,123.2072399058214,-1.019856871494187,5.80406010153996,6.823916973034147,0,,,6.284298984756953,5.81372800964387,,,,,,,52.78865475934554,,,26.45435493538872,28.071154726678685,,,,,60,100,-40,,,,,,5.81372800964387,,,,,,-75.03710333519805,-371.1843241300562,-75.03710333519805,-0.12576434037821088
2026-07-20,205.87,214.39,202.28,206.84,193.76117463054368,204.2382596896432,186.4435265991036,124.03940667292765,-0.9025486682035897,5.69573113777966,6.59827980598325,0,,,11.857650545519014,7.899474650372554,,,,,,,54.68937306646659,,,30.816348467657058,28.1661270680648,,,,,60,100,-40,,,,,,,,,,,,32.242369998474345,-299.1508106518642,32.242369998474345,-0.11499058273291105
2026-07-27,208.2,208.75,190.01,200.75,194.2853764426477,203.54060775171456,187.00456477168777,124.80269615876917,-1.2305138965804163,5.0601374352577295,6.290651331838146,0,,,1.104094216067761,6.415347915447914,,,,,,,51.30772437528343,,,25.361424117809555,27.256743311741797,,25.361424117809555,,,60,100,-40,,,,,,6.415347915447914,,,,,,80.01648454420632,-252.0324814424344,80.01648454420632,-0.0968480452781034
2026-08-03,197.69,224.76,196.85,223.96,192.46499241103,207.62448620137164,188.45379752573922,125.78933599798539,0.052286733597068036,6.356009748834481,6.303723015237413,0,,,17.94287848219766,10.301541081261478,,,,,,,61.21054976932293,,,34.115175162016975,31.290756278790145,,,,,60,100,-40,,,,,,10.301541081261478,,,,,,37.286214627077925,-268.93566663471904,37.286214627077925,0.000741863414260547
2026-08-10,223.4,227.49,216.2,225.16,191.9274929530993,211.13158896109732,189.89325644629847,126.77809882387608,0.8726917167654591,7.394587661194237,6.521895944428778,0,,,34.70564361856316,17.917538772276192,,,,,,,61.64742934379904,61.64742934379904,,42.04978092814575,36.126315206353155,,,,,60,100,-40,,,,,,,,,,,,15.052357422154685,-269.1291817920428,15.052357422154685,0.07821603138563706
2026-08-17,225.98,227.92,214.5,214.72,192.68838631359222,211.84927116887786,190.86685423271814,127.65314261667334,0.6154424338206699,7.2911989867046145,6.675756552883945,0,,,40.284069236369184,30.977530445710002,,,,,,,55.73141097855227,,,54.54343883174291,48.499929589667,,,,,60,100,-40,,,,,,,,,,,,11.406474254490178,-251.1056941934896,11.406474254490178,-0.004540324886260236
2026-08-24,215.53,230.47,207.25,217.55,193.09064443404992,212.9894169351023,191.91325210594488,128.54763871003976,0.5416834480674613,7.352860862968271,6.8111774149008095,0,,,42.47547950890463,39.15506412127899,,,,,,,56.94476775870207,,,59.105513884954775,56.69280562341668,,,,,60,100,-40,,,,,,,,,,,,56.60529711731016,-212.72284070376423,56.60529711731016,-0.05044750177748616
2026-08-31,218.87,234.76,215.1,230.36,197.26416983161778,216.46353354808184,193.42096770963332,129.5606970313329,1.2224648724610931,8.339258505477176,7.116793633016083,0,,,50.72736886553676,44.495639203603524,,,,,,,62.04600102772714,62.04600102772714,,69.05340950812338,65.05299730913961,,,,,60,100,-40,,,,,,,,,,,,89.04069764143557,-179.50050603035254,89.04069764143557,-0.07952408491953182
2026-09-08,233.11,233.71,217.2,218.29,196.81958627221653,216.82882683846546,194.396223877883,130.44357566783705,0.749920200346188,8.054193883448818,7.30427368310263,0,,,51.23453728564484,48.14579522002875,,,,,,,55.35176573155446,,,71.11071737145835,69.19836964912918,,,,,60,100,-40,,,,,,,,,,,,191.9423889793564,-101.40950493392481,191.9423889793564,-0.13494291406047887
2026-09-14,211.24,222.73,208.93,222.27,196.8567586813439,217.91706147077238,195.48931313757384,131.35727143233618,0.6018289315781598,8.056559847575329,7.454730915997169,0,,,44.56944411264991,48.84378342127717,,,,,,,57.00870140932577,,,72.73601707177207,72.8872302361097,72.73601707177207,,,,60,100,-40,,,,,,48.84378342127717,,,,,,266.1346818922008,-37.516867673211216,266.1346818922008,-0.04299181733328161
2026-09-21,222.935,229.98,221.09,225.07,197.27841877553362,219.3476491766179,196.64934007335526,132.28973639320844,0.5881854261616395,8.189962698699219,7.601777272537579,0,,,48.559475824320046,48.12115240753827,,,,,,,58.19121455691912,,,66.69980063747792,69.75186756904445,,,,,60,100,-40,,,,,,48.12115240753827,,,,,,319.5647397299825,12.031653721918119,319.5647397299825,-0.08979579051485911
2026-09-28,229.75,233.21,227.025,228.38,198.37138886299553,221.15411934129432,197.89367967832172,133.24585841914666,0.690732804209718,8.465193277799727,7.774460473590009,0,,,54.296128533912636,49.14168282362754,,,,,,,59.613838332745644,,,71.45954158636168,69.7879051965173,,,,,60,100,-40,,,,,,,,,,,,397.82569614271296,63.480443954296604,397.82569614271296,-0.10930556178408092