time,open,high,low,close,Plot,fast EMA,slow EMA,third EMA,Histogram,MACD,Signal,Plot,MFI Bar TOP Line,MFI Bar BOTTOM Line,WT Wave 1,WT Wave 2,VWAP,rsiMFI,WT Bearish Divergence,WT Bullish Divergence,WT 2nd Bearish Divergence,WT 2nd Bullish Divergence,RSI,RSI Bearish Divergence,RSI Bullish Divergence,Stoch K,Stoch D,Stoch Bearish Divergence,Stoch Bullish Divergence,Schaff Trend Cycle 1,Schaff Trend Cycle 2,Over Bought Level 2,Over Bought Level 3,Over Sold Level 2,Sommi bearish flag,Sommi bullish flag,Sommi higher VWAP,Sommi bearish diamond,Sommi bullish diamond,Buy and sell circle,Buy circle,Sell circle,Divergence buy circle,Divergence sell circle,Gold  buy gold circle,Test signals,Dataset 1,Dataset 2,CMF
1993-01-25,43.9688,43.96899,43.75,43.938,,,,,,,,0,,,,,,,,,,,,,,,,,,,,60,100,-40,,,,,,,,,,,,,,,
1993-02-01,43.96875,45.09375,43.96875,44.96875,,,,,,,,0,,,,,,,,,,,,,,,,,,,,60,100,-40,,,,,,,,,,,,,,,
1993-02-08,44.96875,45.125,44.53125,44.59375,,,,,,,,0,,,,,,,,,,,,,,,,,,,,60,100,-40,,,,,,,,,,,,,,,
1993-02-15,44.46875,44.46875,42.8125,43.5625,,,,,,,,0,,,,,,,,,,,,,,,,,,,,60,100,-40,,,,,,,,,,,,,,,
1993-02-22,43.6875,44.4375,43.46875,44.40625,,,,,,,,0,,,,,,,,,,,,,,,,,,,,60,100,-40,,,,,,,,,,,,,,,
1993-03-01,44.5625,45.1875,44.21875,44.75,,,,,,,,0,,,,,,,,,,,,,,,,,,,,60,100,-40,,,,,,,,,,,,,,,
1993-03-08,44.84375,45.84375,44.8125,45.09375,,,,,,,,0,,,,,,,,,,,,,,,,,,,,60,100,-40,,,,,,,,,,,,,,,
1993-03-15,45.0625,45.5,44.96875,45.03125,,,,,,,,0,,,,,,,,,,,,,,,,,,,,60,100,-40,,,,,,,,,,,,,,,
1993-03-22,44.59375,45.25,44.5625,44.90625,,44.58338888888889,,,,,,0,,,,,,,,,,,,,,,,,,,,60,100,-40,,,,,,,,,,,,,,,
1993-03-29,44.9375,45.46875,44.09375,44.09375,,44.485461111111114,,,,,,0,,,,,,,,,,,,,,,,,,,,60,100,-40,,,,,,,,,,,,,,,
1993-04-05,44.4375,44.53125,44.0625,44.28125,,44.44461888888889,,,,,,0,,,,,,,,,,,,,,,,,,,,60,100,-40,,,,,,,,,,,,,,,
1993-04-12,44.71875,45.15625,44.65625,44.9375,,44.54319511111111,,,,,,0,,,,,,,,,,,,,,,,,,,,60,100,-40,,,,,,,,,,,,,,,
1993-04-19,44.9375,45.0625,43.6875,43.75,,44.384556088888885,,,,,,0,,,,,,,,,,,,,,,,,,,,60,100,-40,,,,,,,,,,,,,,,
1993-04-26,43.78125,44.28125,43.28125,44.03125,,44.31389487111111,,,,,,0,,,,,,,,,,,50.64038732273459,,,,,,,,,60,100,-40,,,,,,,,,,,,,,,
1993-05-03,44.09375,44.75,43.90625,44.34375,43.22325142857143,44.319865896888885,,,,,,0,,,,,,,,,,,52.83354205060617,,,,,,,,,60,100,-40,,,,,,,,,,,,,,,
1993-05-10,44.40625,44.6875,43.96875,44,43.236322755102044,44.25589271751111,,,,,,0,,,,,,,,,,,50.176765769612196,,,,,,,,,60,100,-40,,,,,,,,,,,,,,,
1993-05-17,44.125,45.25,43.84375,44.75,43.26631755830904,44.35471417400889,,,,,,0,,,,,,,,,,,55.46953709206962,,,,,,,,,60,100,-40,,,,,,,,,,,,,,,
1993-05-24,44.84375,45.65625,44.84375,45.21875,43.32095558985839,44.52752133920711,,,,,,0,,,,,,,,,,,58.45756909282233,,,,,,,,,60,100,-40,,,,,,,,,,,,,,,
1993-05-31,45.375,45.8125,45.09375,45.28125,43.389548047725654,44.67826707136569,,,,,,0,,,,,,,,,,,58.856347578494386,,,,,,,,,60,100,-40,,,,,,,,,,,,,,,
1993-06-07,45.375,45.375,44.71875,45.09375,43.42199104431668,44.76136365709255,,,,,,0,,,,,,,,,,,57.07571412403569,,,90.0346793417096,86.68400633752147,,,,,60,100,-40,,,,,,,,,,,,,,,0.04457539636950555
1993-06-14,45.15625,45.1875,44.5,44.5,43.461045255436915,44.70909092567404,,,,,,0,,,,,,,,,,,51.70896244000565,,,76.59022159074873,86.6414488818488,,,,,60,100,-40,,,,,,,,,,,,,,,-0.0468682504034632
1993-06-21,44.625,44.90625,44.21875,44.78125,43.49284559433428,44.72352274053923,,,,,,0,,,,,,,,,,,53.93182284604453,,,58.74418705945328,69.35318019111324,,,,,60,100,-40,,,,,,,,,,,,,,,-0.15225253918205656
1993-06-28,45,45.28125,44.53125,44.6875,43.52237448045326,44.71631819243139,,,,,,0,,,,,,,,,,,53.050018879665906,,,41.1259743013176,49.231534207519296,,41.1259743013176,,,60,100,-40,,,,,,,,,,,,,,,-0.16038208721782338
1993-07-05,44.625,44.96875,44.15625,44.96875,43.54086558899231,44.76680455394511,,,,,,0,,,,,,,,,,,55.41899231349273,,,44.90562256696035,42.74171336420748,,,,,60,100,-40,,,,,,,,,,,,,,,-0.06490744855339042
1993-07-12,44.90625,45.1875,44.65625,44.75,43.549107332635714,44.76344364315609,,,,,,0,,,,,,,,,,,53.158938872374506,,,42.82904902857793,41.43701105549625,,,,,60,100,-40,,,,,,,,,,,,,,,-0.21134280304399053
1993-07-19,44.75,44.84375,44.46875,44.71875,43.596938951733165,44.75450491452487,,,,0.13554024428814415,,0,,,,,,,,,,,52.825536972381464,,,44.18114486705878,44.9132271263726,,,,,60,100,-40,,,,,,,,,,,,,,,-0.17868723495148553
1993-07-26,44.84375,45.21875,44.78125,44.84375,43.663675455180794,44.7723539316199,,,,0.13462938487761278,,0,,,,,,,,,,,54.073711217630056,,,40.214136757479196,42.02460578109074,,40.214136757479196,,,60,100,-40,,,,,,,,,,,,,,,-0.1811288108756875
1993-08-02,44.90625,45.1875,44.84375,44.96875,43.70778792266788,44.811633145295914,,,,0.14235302055451626,,0,,,38.148950759175925,,,,,,,,55.35344121024699,,,44.69285573186956,42.80961045133793,,,,,60,100,-40,,,,,,,,,,,,,,,-0.1688186331929954
1993-08-09,45.09375,45.34375,44.90625,45.125,43.771070928191605,44.87430651623673,,,,0.15924643288764884,,0,,,46.18422393760083,,,,,,,,56.976862344729,,,55.5158470566375,49.00286571488596,,,,,60,100,-40,,,,,,,,,,,,,,,-0.15073746490069034
1993-08-16,45.15625,45.875,45.15625,45.8125,44.347690861892204,45.061945212989386,,,,0.22551054303026774,,0,,,62.57280286961674,48.96865918879783,,,,,,,63.33225253634085,,,71.34846419774377,62.82546445156944,,,,,60,100,-40,,,,,,,,,,,,,,,-0.0699630374263394
1993-08-23,45.625,46.53125,45.625,46.25,44.78267722889991,45.29955617039151,,,,0.3097572328225766,,0,,,76.83362041696881,61.86354907472879,,,,,,,66.72127380896092,,,85.61756592724687,78.28385604920022,,,,,60,100,-40,,,,,,,,,,,,,,,-0.053658270469902784
1993-08-30,46.28125,46.59375,46.25,46.375,44.88302171254991,45.51464493631321,,,,0.38220398712911674,,0,,,84.43305363568535,74.6131589740903,,,,,,,67.64682621827303,,,95.4704566248686,90.9409132497372,,,,,60,100,-40,,,,,,,,,,,,,,,-0.07815747129320372
1993-09-06,46.375,46.4375,45.59375,46.40625,44.97173444736777,45.69296594905057,,,,0.43710154121966127,,0,,,82.38970173424312,81.21879192896576,,,,,,,67.88870305641032,67.88870305641032,,98.82521263421557,97.65042526843116,98.82521263421557,,,,60,100,-40,,,,,,,,,,,,,,,-0.00555444314852063
1993-09-13,46.5625,46.5625,45.75,45.8125,44.953664129698645,45.71687275924045,,,0.16619889827629603,0.4277665589120261,0.26156766063573006,0,,,77.21246064318716,81.34507200437189,,,81.34507200437189,,81.34507200437189,,58.83495282974362,,,88.06547759171093,94.03273879585545,,,,,60,100,-40,,,,,,81.34507200437189,,105,,,,,,,-0.044233951369145076
1993-09-20,45.875,45.96875,44.8125,45.78125,44.94134883472017,45.72974820739236,,,0.12121396450081962,0.4130851162617546,0.291871151760935,0,,,61.57974690117579,73.7273030928687,,,,,,,58.39095070465159,,,71.58751418362627,81.31831118870473,,,,,60,100,-40,,,,,,,,,,,,,,,-0.01156879397882922
1993-09-27,46.125,46.3125,45.8125,46.15625,44.88080606081159,45.81504856591389,,,0.1079347335519415,0.4267895687008618,0.3188548351489203,0,,,61.13799603797486,66.6434011941126,,,,,,,62.10832892504853,,,57.17256365054875,64.57501521680292,,,,,60,100,-40,,,,,,,,,,,,,,,0.020000472131236516
1993-10-04,46.21875,46.375,45.71875,46.0625,44.91387348503933,45.864538852731116,,,0.08506360711722777,0.425184344045455,0.34012073692822725,0,,,58.5999745524233,60.439239163857984,,,,,,,60.6410331600943,,,53.560814692056276,54.687114661738725,,53.560814692056276,,,60,100,-40,,,,,,,,,,,,,,,0.015971345892316514
1993-10-11,46.15625,47.15625,46.15625,47.0625,45.582971807536524,46.10413108218489,,,0.12698610129168653,0.4988533635428354,0.37186726225114886,0,,,67.71625881832588,62.48474313624135,,,,,,,69.08166179679071,69.08166179679071,,65.48478042203969,58.29354691268694,,,,,60,100,-40,,,,,,62.48474313624135,,,,,,,,,0.0940412096545227
1993-10-18,47.03125,47.03125,46.375,46.375,45.532402392712484,46.158304865747915,,,0.09934060048089027,0.4960430128522617,0.39670241237137144,0,,,68.0173825695985,64.77787198011589,,,,,,,59.567410220804106,,,64.90078992556867,63.728027126225896,,,,,60,100,-40,,,,,,,,,,,,,,,-0.0010779136003079791
1993-10-25,46.40625,46.96875,46.28125,46.84375,45.54348079323302,46.295393892598334,,,0.10310320747002827,0.5255814217089068,0.4224782142388785,0,,,67.989201776514,67.90761438814613,,,67.90761438814613,,67.90761438814613,,63.30076724597318,,,69.29706711959021,69.33592522387107,69.29706711959021,,,,60,100,-40,,,,,,,,,,106,,,,,0.009462775255339395
1993-11-01,46.78125,47,45.53125,46.0625,45.553767879430666,46.24881511407867,,,0.04634749303868413,0.4804125805372337,0.43406508749854955,0,,,56.59257353216096,64.19971929275782,,,,,,,54.2554787985669,,,46.50521074468747,57.08554580739892,,,,,60,100,-40,,,,,,64.19971929275782,,105,,,,,,,0.020093476241624716
1993-11-08,46.09375,46.75,45.96875,46.59375,45.4517130308999,46.317802091262934,,,0.038290343959473894,0.48192801744789193,0.44363767348841804,0,,,53.06511053416853,59.215628614281165,,,,,,,58.61217311935563,,,38.396229776116186,45.493886062379424,,,,,60,100,-40,,,,,,,,,,,,,,,0.023033069716962073
1993-11-15,46.6875,46.8125,46.21875,46.3125,45.455162100121335,46.31674167301035,,,0.009239757972454521,0.4551873709539862,0.4459476129815317,0,,,49.873669290676276,53.17711778566859,,,,,,,55.576434478512894,,,19.89447109112105,26.753097838517757,,,,,60,100,-40,,,,,,,,,,,,,,,0.03904594178220618
1993-11-22,46.1875,46.59375,45.875,46.5,45.48515052154124,46.35339333840828,,,-0.0015527571995655465,0.44400666648207476,0.4455594236816403,0,,,42.73493314230842,48.55790432238441,,,,,,,57.17824756885692,,,20.538691280196744,21.352950098492695,,,,,60,100,-40,,,,,,,,,,,,,,,0.03028542843251619
1993-11-29,46.625,46.71875,46.25,46.71875,45.49513977000258,46.426464670726624,,,0.0016621352188024852,0.4476370927051434,0.4459749574863409,0,,,45.246987833357004,45.951863422113895,,,,,,,59.04470208431567,,,19.232758331237406,17.806448367024988,,19.232758331237406,,,60,100,-40,,,,,,,,,,,,,,,0.15410898514921087
1993-12-06,46.78125,46.9375,46.5,46.59375,45.54012978643097,46.4599217365813,,,-0.008453040906384823,0.4354086563533599,0.4438616972597447,0,,,49.44101133898549,45.80764410488364,,,,,,,57.4934047008173,,,23.440212779417106,21.815981579046205,,,,,60,100,-40,,,,,,45.80764410488364,,,,,,,,,0.11084479678632154
1993-12-13,46.59375,46.90625,46.375,46.5625,45.586370515971616,46.48043738926504,,,-0.020390819328306664,0.4183731730993614,0.43876399242766806,0,,,49.05032355647004,47.91277424293751,,,,,,,57.08719067876229,,,24.20451817324977,23.533137155434343,,,,,60,100,-40,,,,,,,,,,,,,,,0.12297360430567116
1993-12-20,46.53125,46.84375,46.40625,46.75,45.6159154791165,46.534349911412036,,,-0.018838582727023323,0.41521576401888893,0.43405434674591226,0,,,49.650080613315254,49.38047183625692,,,,,,,58.97143231157059,,,24.776205349386217,24.87318846740641,,,,,60,100,-40,,,,,,,,,,,,,,,0.16039007989164897
1993-12-27,46.75,47.15625,46.5625,46.59375,45.65674294489389,46.54622992912963,,,-0.030806821858444244,0.39554581942285694,0.4263526412813012,0,,,52.596080393463374,50.43216152108289,,,,,,,56.722950784238336,,,23.553792128831176,24.16567642002339,,23.553792128831176,,,60,100,-40,,,,,,,,,,,,,,,0.08554785017597483
1994-01-03,46.59375,47.0625,46.40625,47.03125,45.64108273454433,46.643233943303706,45.380635000000005,,-0.01266008550179809,0.41052753440405354,0.42318761990585163,0,,,55.3000502151142,52.51540374063094,,,,,,,61.20932153949805,,,29.439776239884615,26.625170637193552,,,,,60,100,-40,,,,,,,,,,,,,,,0.1406616720560826
1994-01-10,47.09375,47.59375,46.96875,47.40625,46.02163039636259,46.79583715464297,45.460070882352944,,0.01945110306799186,0.44750149874084144,0.4280503956728496,0,,,67.48178020119907,58.45930360325888,,,,,,,64.61548927681447,,,39.23389346737508,33.4160191537412,,,,,60,100,-40,,,,,,,,,,,,,,,0.14831279628859792
1994-01-17,47.40625,47.53125,47.25,47.375,46.03124608233669,46.911669723714375,45.535166141868515,,0.032661359258161105,0.46887709474555095,0.43621573548738984,0,,,72.96093363780732,65.24758801804019,,,,,,,64.10729825284382,,,60.29001561259374,49.471545212193035,,,,,60,100,-40,,,,,,,,,,,,,,,0.16457266233027604
1994-01-24,47.34375,48.03125,47.09375,47.875,46.5580320764555,47.1043357789715,45.626924332383474,,0.06716106580496234,0.5201670677435928,0.45300600193863044,0,,,78.40462984046492,72.94911455982377,,,,,,,68.41332177539459,68.41332177539459,,78.44624364029221,68.26318526864696,78.44624364029221,,,,60,100,-40,,,,,,,,,,,,,,,0.17007338428164637
1994-01-31,48.0625,48.3125,46.96875,46.96875,46.51817264242296,47.0772186231772,45.67954494679981,,0.023299392367018223,0.4821302423974032,0.458830850030385,0,,,74.74071166838029,75.3687583822175,,,75.3687583822175,,75.3687583822175,,55.37008059264725,,,71.97197212231492,75.92043306739043,,,,,60,100,-40,,,,,,75.3687583822175,,105,,,,,,,0.08011302429841681
1994-02-07,46.84375,47.4375,46.8125,47.15625,46.42312459653561,47.09302489854176,45.73745494888609,,0.0023690912388215635,0.4617922140789119,0.45942312284009035,0,,,63.84222056159092,72.32918735681203,,,,,,,57.199078970951454,,,53.44918765588555,65.88779712523699,,,,,60,100,-40,,,,,,,,,,,,,,,0.06303520739797443
1994-02-14,47.0625,47.6875,46.75,46.875,46.43754426821164,47.04941991883341,45.782064558733694,,-0.033010998562000626,0.41815937463758956,0.4511703731995902,0,,,53.55523575119122,64.0460559937208,,,,,,,53.62774766826786,,,23.290511462762787,38.903778072324776,,,,,60,100,-40,,,,,,,,,,,,,,,-0.03900355990052068
1994-02-21,47,47.4375,46.5625,46.8125,46.40629110619652,47.00203593506673,45.822473791724526,,-0.06155790049042659,0.37422299758655697,0.43578089807698356,0,,,38.750032084484914,52.04916279908901,,,,,,,52.83360065600267,,,11.267787863382225,17.80584969162484,,,,,60,100,-40,,,,,,,,,,,,,,,-0.06467904729665383
1994-02-28,46.9375,47.0625,45.9375,46.6875,46.38619888432534,46.939128748053385,45.856396388127486,,-0.0881737179521841,0.32556375063675347,0.41373746858893756,0,,,16.489897249566532,36.26505502841422,,,,,,,51.19112799176414,,,2.0678284813900594,4.13565696278013,,2.0678284813900594,,,60,100,-40,,,,,,,,,,,,,,,-0.09727260937594072
1994-03-07,46.875,47,46.4375,46.84375,46.33182753544496,46.920052998442706,45.89511613761268,,-0.09403424026201879,0.29619466826141405,0.39022890852343284,0,,,6.660786787938749,20.633572040663392,,,,,,,53.16287107349145,,,3.317927112621941,2.84139506509587,,,,,60,100,-40,,,,,,,,,,,,,,,0.029108683296874913
1994-03-14,47.03125,47.3125,46.71875,46.96875,46.36169699719889,46.92979239875417,45.937219426333755,,-0.08835850634354747,0.2797807755939985,0.36813928193754597,0,,,8.317100966747397,10.48926166808422,,,,,,,54.74721322622576,,,7.720486768987702,4.808858174530851,,,,,60,100,-40,,,,,,,,,,,,,,,0.008899142277028807
1994-03-21,46.8125,47.0625,45.9375,45.9375,46.38496864025611,46.73133391900333,45.93723042922263,,-0.14933738874643832,0.1814675460044981,0.3308049347509364,0,,,-12.562303634754404,0.8051947066439086,,,,,,,42.038041651838256,,,9.492505996228463,8.352896629012372,9.492505996228463,,,,60,100,-40,,,,,,,,,,,,,,,-0.05264184683383579
1994-03-28,46,46.0625,43.53125,44.59375,46.330685165952104,46.303817135202664,45.884544922194294,,-0.2685001293928903,-0.004820226990176479,0.26367990240271383,0,,,-41.9997626216317,-15.414988429879577,,,,,,,31.662387141874262,,,8.102475923345871,9.367295643395213,,,,,60,100,-40,,,,,,,,,,,,,,,-0.07469535448434637
1994-04-04,43.34375,45.125,43.34375,44.6875,46.07938622552695,45.980553708162134,45.837601984069025,,-0.3255348195612041,-0.14323862204879134,0.18229619751241277,0,,,-57.304664306409144,-37.288910187598425,,,,,,,32.9138580210534,,,3.6779761713061174,6.2064309773383295,,,,,60,100,-40,,,,,,,,,,,,,,,0.006572427299801297
1994-04-11,44.8125,45.0625,44.25,44.59375,45.95318006656074,45.703192966529706,45.788823474889845,,-0.35186285086930846,-0.2575323660742228,0.09433048479508566,0,,,-62.0259208893333,-53.77678260579139,,,,,,,32.27357768786315,,,2.4514736357185587,3.2225312100018884,,2.4514736357185587,,,60,100,-40,,,,,,,,,,,,,,,-0.023738992647862483
1994-04-18,44.64062,45.04687,43.98437,44.85937,45.25563149037783,45.53442837322376,45.752374319011814,,-0.33382826392665843,-0.32295484511323735,0.010873418813421049,0,,,-63.23406395306455,-60.854883049602336,,,,,,,36.08962987848987,,,4.259902675983177,2.837435694668873,,,,,60,100,-40,,,,,,,,,,,,,,,-0.03606464891468547
1994-04-25,44.84375,45.35937,44.8125,45.09375,45.23960424106513,45.44629269857901,45.72654591434468,,-0.29016625183711797,-0.3518343959829764,-0.061668144145858445,0,,,-58.1679723496513,-61.14265239734973,,,,,,-61.14265239734973,39.35600356818175,,,8.885311129158433,6.283351994262394,,,,,60,100,-40,,,,,,-61.14265239734973,-107,,,,,,,,-0.020933042467982933
1994-05-02,45.09375,45.71875,44.59375,44.75,45.110883223846194,45.3070341588632,45.688249996135085,,-0.26896385937339207,-0.39787296836259856,-0.1289091089892065,0,,,-54.27260315049679,-58.55821315107088,,,,,,,36.40015593560283,,,14.103318290381196,11.344069125528586,,,,,60,100,-40,,,,,,,,,,,,,,,-0.04253505009420251
1994-05-09,44.625,44.84375,44.17187,44.51562,45.08287370785718,45.148751327090565,45.64226450609057,,-0.25535742489117774,-0.4481058901031787,-0.19274846521200095,0,,,-56.33879548337028,-56.25979032783946,,,,,,,34.48693301575261,,,15.53948919070933,14.857204025176735,,,,,60,100,-40,,,,,,-56.25979032783946,,,,,,,,,-0.05504043699645627
1994-05-16,44.60937,45.85937,44.5,45.5625,45.121596300153094,45.23150106167245,45.63913648624388,,-0.16487623032490245,-0.39884375311812903,-0.23396752279322658,0,,,-45.69837558127993,-52.10325807171568,,,,,,,47.77054750917787,,,26.676290259091903,21.609230582414884,,,,,60,100,-40,,,,,,-52.10325807171568,,,,,,,,,0.013072856341029225
1994-05-23,45.51562,45.9375,45.34375,45.875,45.059340135856445,45.360200849337964,45.64838603580294,,-0.07744522885624483,-0.3307740588635326,-0.2533288300072878,0,,,-30.503490447157773,-44.180220503936006,,,,,,,50.98448292582654,,,43.216907940095325,33.59973504305037,,,,,60,100,-40,,,,,,,,,,,,,,,-0.004928909743999093
1994-05-30,45.73437,46.39062,45.5625,46.23437,45.11090512615241,45.53503467947037,45.67136579910479,,0.006658340346266001,-0.24500590457445526,-0.25166424492072126,0,,,-14.230360922808039,-30.14407565041526,,,,,,,54.47452051860205,,,68.33801295305892,55.31336416975677,,,,,60,100,-40,,,,,,,,,,,,,,,-0.004364889706678274
1994-06-06,46.32812,46.46875,45.78125,46.10937,44.39092547428438,45.649901743576294,45.68854243443401,,0.05334095386743015,-0.18498805258643358,-0.23832900645386373,0,,,-1.8773172111600172,-15.537056193708622,,,,,,,53.05113834204599,,,81.57448514659175,74.33642821667122,,,,,60,100,-40,,,,,,,,,,,,,,,-0.003155427202804911
1994-06-13,46.04687,46.5625,45.8125,45.875,44.42438579754978,45.69492139486103,45.695854495828755,,0.06702034487639447,-0.15455357535837067,-0.22157392023476513,0,,,6.401700210778092,-3.2353259743966647,,,,,,,50.377405460771165,,,87.05395467578452,86.07077829111061,87.05395467578452,,,,60,100,-40,,,,,,,,,,,,,,,-0.039293390065052995
1994-06-20,45.54687,45.625,44,44.0625,44.44652752629623,45.368437115888824,45.63180137834527,,-0.041568463610789,-0.2735344997482514,-0.2319660361374624,0,,,-10.35320190001924,-1.9429396334670652,,,,,,,35.421121092099426,,,70.16206651759236,79.29345154303887,,,,,60,100,-40,,,,,,-1.9429396334670652,,,,,,,,,-0.01673084326734449
1994-06-27,44.23437,45.01562,44.01562,44.5625,44.30637341727507,45.20724969271106,45.589867990959185,,-0.07342711552276054,-0.32374993054091306,-0.2503228150181525,0,,,-21.138963735435574,-8.36348847489225,,,,,,,40.683894165703876,,,54.13393417025138,64.33392022327676,,,,,60,100,-40,,,,,,,,,,,,,,,-0.007399969152500716
1994-07-04,44.65625,44.98437,44.46875,44.90625,44.301230316041135,45.14704975416885,45.56305944229412,,-0.06532686334885418,-0.33198139420422024,-0.26665453085536606,0,,,-24.912592431407763,-18.801586022287534,,,,,,,44.07811985238986,,,40.96422064176029,46.72326772322311,,40.96422064176029,,,60,100,-40,,,,,,,,,,,,,,,0.06119372895526131
1994-07-11,44.9375,45.48437,44.51562,45.39062,44.365651722038194,45.195763803335076,45.55629711122376,,-0.02348283980863053,-0.29600808061615425,-0.2725252408075237,0,,,-21.93427927068817,-22.661945145843845,,,,,,,48.57050497840925,,,49.62855659593263,44.599058717347184,,,,,60,100,-40,,,,,,-22.661945145843845,,,,,,,,,0.10291253907218935
1994-07-18,45.39062,45.57812,45.0625,45.34375,44.36073874189261,45.22536104266806,45.54796193039146,,0.003468619456076738,-0.2681894664874278,-0.27165808594350455,0,,,-15.2807551631157,-20.709208955070554,,,,,,,48.16489775382222,,,58.02123951883982,51.47642676812381,,,,,60,100,-40,,,,,,,,,,,,,,,0.0919806526638778
1994-07-25,45.35937,46.04687,45.17187,45.90625,44.42090954604314,45.36153883413445,45.56201244292513,,0.05855353203517477,-0.1984661708995361,-0.2570197029347109,0,,,-2.5123390838380093,-13.24245783921397,,,,,,,53.24160729931784,,,72.03786490360886,65.82495913782292,,,,,60,100,-40,,,,,,,,,,,,,,,0.08069663995717122
1994-08-01,45.9375,46.375,45.65625,45.78125,44.42544243561149,45.44548106730756,45.570609994182966,,0.08437620675695562,-0.15154944448851637,-0.235925651245472,0,,,10.241557553328756,-2.5171788978749956,,,,,,,52.01519035571921,,,79.19263378441417,75.30052262694475,,,,,60,100,-40,,,,,,,,,,,,,,,0.06653175606639099
1994-08-08,45.82812,46.34375,45.71875,46.32812,44.54572297592495,45.62200885384605,45.60031626892089,,0.1331890737610808,-0.06943930904412099,-0.2026283828052018,0,,,21.465972767706575,9.731730412399095,,,,,,,56.73828755509252,,,89.34320991080635,85.00548385822277,,,,,60,100,-40,,,,,,,,,,,,,,,0.1830053890730787
1994-08-15,46.375,46.73437,46.15625,46.42187,44.67750133478746,45.781981083076836,45.63253406229654,,0.16463227207640915,0.0031619572903096582,-0.1614703147860995,0,,,32.45621849856982,21.387916273201707,,,,,,,57.514908234693046,,,93.35215593831538,90.86749819547606,,,,,60,100,-40,,,,,,,,,,,,,,,0.19629908420738185
1994-08-22,46.4375,47.78125,46.28125,47.6875,45.98514052515978,46.16308486646147,45.713120961814326,,0.25795160777578774,0.16096919493363515,-0.09698241284215256,0,,,46.7902291746731,33.570806813649824,,,,,,,66.34962680911921,66.34962680911921,,98.25295827409076,96.50591654818153,98.25295827409076,,,,60,100,-40,,,,,,,,,,,,,,,0.17259307864330864
1994-08-29,47.8125,47.98437,47.21875,47.29687,45.8924519162198,46.38984189316918,45.77522876723337,,0.27887518610024276,0.2516115697831509,-0.027263616317091857,0,,,55.629350334382124,44.958599335875,,,,,,,62.03620136858501,,,96.37247437338928,97.14544060698331,,,,,60,100,-40,,,,,,,,,,,,,,,0.1672701278253288
1994-09-05,47.26562,47.5625,46.8125,47,45.911295350775525,46.51187351453534,45.823259011655594,,0.25867358889041636,0.2960783697959286,0.03740478090551223,0,,,56.041707711237585,52.82042907343092,,,,,,,58.884482313846235,,,91.22838647699905,94.51407027344834,,,,,60,100,-40,,,,,,,,,,,,,,,0.12259829947225968
1994-09-12,47,47.64062,46.78125,47.01562,45.93102425429156,46.61262281162827,45.87001826610047,,0.23310734182305667,0.32878895818433307,0.0956816163612764,0,,,55.26831633147436,55.64645812569802,,,55.64645812569802,,55.64645812569802,,59.00320372319433,,,84.19793914454544,87.98452227735898,,,,,60,100,-40,,,,,,55.64645812569802,,105,,,,,,,0.0899270288747108
1994-09-19,47.125,47.32812,45.73437,45.90625,45.933719664699304,46.471348249302615,45.87143911841026,,0.13319332867001152,0.2621732771987908,0.12897994852877928,0,,,42.605527952511544,51.30518399840782,,,,,,,48.27750503169933,,,72.01529008206637,78.09615971410359,,,,,60,100,-40,,,,,,,,,,,,,,,0.09605156700904291
1994-09-26,46.07812,46.53125,45.98437,46.17187,45.831311117220785,46.41145259944209,45.88322072160985,,0.07936230879397,0.22818283452124177,0.14882052572727178,0,,,30.856822177644496,42.910222153876795,,,,,,,50.606488279133714,,,60.22337091707205,66.69812957397629,,,,,60,100,-40,,,,,,,,,,,,,,,0.08563719436709182
1994-10-03,46.20312,46.29687,45,45.45312,45.87461032313359,46.21978607955367,45.86635402664476,,-0.005763949145817293,0.14161558929500018,0.14737953844081747,0,,,12.936653612930723,28.799667914362246,,,,,,,44.705472456326056,,,39.550819361188864,49.69616785814367,,,,,60,100,-40,,,,,,,,,,,,,,,0.034524433630113115
1994-10-10,45.65625,47.32812,45.64062,47.04687,45.81883530005261,46.38520286364294,45.912648770697906,,0.04154848787560375,0.19931514828532215,0.1577666604097184,0,,,16.67458003603173,20.156018608868973,,,,,,,56.80478431752572,,,36.4699464045639,39.02349398338242,,,,,60,100,-40,,,,,,,,,,,,,,,0.034302334008406786
1994-10-17,47,47.23437,46.35937,46.5625,45.68445420719171,46.42066229091435,45.93813313263132,,0.03667527606503579,0.20361075549101315,0.16693547942597736,0,,,20.008771005342112,16.54000155143484,,,,,,,52.98736401020966,,,32.861163510622625,32.26104917780617,,32.861163510622625,,,60,100,-40,,,,,,16.54000155143484,,,,,,,,,0.001827644751099485
1994-10-24,46.57812,47.70312,46,47.65625,45.70252890667802,46.66777983273148,46.00551026468499,,0.09997691363743919,0.29190662147277635,0.19192970783533717,0,,,28.40309535244611,21.695482131273305,,,,,,,59.62483072095304,,,48.164104627323255,40.926471480957744,48.164104627323255,,,,60,100,-40,,,,,,,,,,,,,,,0.025879771322249008
1994-10-31,47.54687,47.59375,46.32812,46.32812,45.60100969905816,46.599847866185186,46.01816162685421,,0.04790425833809156,0.2518100307579516,0.20390577241986005,0,,,27.334173649997233,25.248680002595137,,,,,,,50.28551091364239,,,44.979877990937155,44.70569289975054,,,,,60,100,-40,,,,,,,,,,,,,,,0.023557831361600397
1994-11-07,46.3125,47.32812,46.28125,46.40625,45.56031186341115,46.56112829294815,46.03338077874228,,0.015882010500421206,0.22375828554538657,0.20787627504496536,0,,,24.432701293372222,26.723323431938507,,,,,26.723323431938507,,50.77686738614009,,,44.652211675848505,47.49005605187739,,,,,60,100,-40,,,,,,26.723323431938507,,,,,,,,,0.04688866830067393
1994-11-14,46.60937,47.09375,46.26562,46.46875,45.53145101602464,46.54265263435852,46.0504540815367,,-0.0029280396352974747,0.2042162255008435,0.20714426513614098,0,,,20.07164205129478,23.94617233155473,,,,,,,51.19489335880564,,,33.62313962181095,38.57867740639133,,,,,60,100,-40,,,,,,,,,,,,,,,0.015805990639896034
1994-11-21,46.4375,46.57812,44.60937,45.46875,45.564918086308595,46.32787210748681,46.027642156770554,,-0.08027048051565439,0.10680616449157299,0.18707664500722737,0,,,-5.670667488422922,12.944558618748014,,,,,,,44.625843688986095,,,24.979289960080663,30.11013726430288,,,,,60,100,-40,,,,,,,,,,,,,,,-0.003338967637123479
1994-11-28,45.45312,45.95312,45.04687,45.5625,45.43304893728655,46.17479768598945,46.009401287877594,,-0.1202619489379145,0.036749208834834235,0.15701115777274874,0,,,-20.903551360283615,-2.167525599137265,,,,,,,45.338193423365304,,,15.847511072200623,20.05276665937257,,,,,60,100,-40,,,,,,,,,,,,,,,-0.03918428077065178
1994-12-05,45.65625,45.8125,44.6875,45.04687,45.46238472748037,45.94921214879156,45.971654962862786,,-0.17336123924364866,-0.05969039128181208,0.11367084796183657,0,,,-33.926775156831994,-20.166998001846192,,,,,,,42.1104083816477,,,6.174926856005374,10.960137963224469,,6.174926856005374,,,60,100,-40,,,,,,,,,,,,,,,-0.06013555216534492
1994-12-12,44.95312,46.03125,44.95312,45.75,45.458375104088915,45.90936971903325,45.96296261137797,,-0.15371916453896822,-0.07847810771187369,0.07524105682709452,0,,,-36.064612874282744,-30.29831313046613,,,,,,,47.619380579902916,,,10.096728318368728,8.306356967638104,,,,,60,100,-40,,,,,,,,,,,,,,,-0.09727020928371406
1994-12-19,45.75,46.26562,45.60937,46.0625,45.461347596653994,45.9399957752266,45.966866038382754,,-0.11409261844010976,-0.0673747162230427,0.04671790221706707,0,,,-29.592743611497646,-33.194710547537476,,,,,,,49.91426413323126,,,19.097801749631156,12.868104729286989,,,,,60,100,-40,,,,,,-33.194710547537476,,,,,,,,,-0.023306713260433525
1994-12-26,46.21875,46.40625,45.5625,45.5625,45.524376339750134,45.86449662018128,45.95100854668147,,-0.11560929355704747,-0.09779371472924225,0.017815578827805205,0,,,-27.4380638828164,-31.03180678953228,,,,,,,46.39129673083561,,,28.512888470011326,23.560093844774332,,,,,60,100,-40,,,,,,,,,,,,,,,-0.19740834016548142
1995-01-02,45.70312,46.25,45.6875,46.04687,45.55611731548227,45.90097129614502,45.954767819360626,,-0.07975054534202664,-0.08187260284972808,-0.002122057507701454,0,,,-21.132372840643086,-26.054393444985724,,,,,,,50.08834611319,,,35.182871173636364,32.28973105312409,,,,,60,100,-40,,,,,,,,,,,,,,,-0.18630807780329992
1995-01-09,46.03125,46.73437,45.8125,46.73437,45.607912507233536,46.06765103691602,45.9853404538955,,-0.009200331024013225,-0.013622471287717985,-0.004422140263704761,0,,,-4.682896790968481,-17.751111171476,,,,,,,54.87363213023344,,,43.468097847949494,39.619472521323985,,,,,60,100,-40,,,,,,,,,,,,,,,-0.19805860698475405
1995-01-16,46.71875,47.07812,46.45312,46.54687,44.70064661385971,46.163494829532816,46.00736122040941,,0.02357597692370505,0.025047830890926548,0.0014718539672215012,0,,,11.504597314088201,-4.770224105841138,,,,,,,53.362058895312636,,,54.53777363682799,48.617070435594904,,,,,60,100,-40,,,,,,,,,,,,,,,-0.18220775276337264
1995-01-23,46.23437,47.23437,46.20312,47.10937,45.13162685572687,46.352669863626254,46.05057725098159,,0.07876765738070288,0.0999314256931001,0.02116376831239722,0,,,24.155335358534558,10.325678627218076,,,,,,,57.19428076913325,,,67.13508638997459,60.51134319814631,,,,,60,100,-40,,,,,,,,,,,,,,,-0.16251293781276113
1995-01-30,47.01562,48.10937,46.84375,48.03125,46.04745279460353,46.688385890901,46.128250692119565,,0.16787088457767332,0.23100237403448887,0.06313148945681554,0,,,41.55281146491192,25.73758137917821,,,,,,,62.64412579502944,,,77.71710852667572,72.41288086830384,,,,,60,100,-40,,,,,,,,,,,,,,,-0.09146104518776421
1995-02-06,48.01562,48.46875,47.96875,48.35937,46.33646973784613,47.022582712720805,46.2157455669384,,0.23528328611853289,0.35723559710498165,0.12195231098644876,0,,,55.18475703406354,40.29763461916999,,,,,,,64.3921541430208,,,89.51318198088963,83.95163243215742,,,,,60,100,-40,,,,,,,,,,,,,,,-0.00021129124253677637
1995-02-13,48.32812,48.76562,48.25,48.45312,46.50328404228569,47.30869017017665,46.303485740783955,,0.27007322480586327,0.45954384199377785,0.18947061718791458,0,,,62.73471652204151,53.157428340338974,,,,,,,64.9005367940875,,,96.34934461911156,92.69868923822314,,,,,60,100,-40,,,,,,,,,,,,,,,0.00801370982149872
1995-02-20,48.45312,49.15625,48.42187,49,47.11577803926529,47.646952136141316,46.40923139800812,,0.31089443620125545,0.5780886624394839,0.2671942262382284,0,,,67.85217395555539,61.923882503886794,,,,,,,67.80530944108695,,,99.17912192160362,98.35824384320726,99.17912192160362,,,,60,100,-40,,,,,,,,,,,,,,,0.04990749085193853
1995-02-27,48.85937,49.03125,48.48437,48.78125,47.14545389360348,47.87381170891305,46.50225173534113,,0.3037867078733908,0.6469276110799669,0.3431409032065761,0,,,68.22991875801476,66.27226974520387,,,,,,,65.45788424167574,,,98.10543820663484,99.05271910331741,,,,,60,100,-40,,,,,,,,,,,,,,,-0.00875365693885143
1995-03-06,48.45312,49.39062,48.21875,49.26562,47.46541575834609,48.152173367130445,46.61061911826893,,0.31118973195526545,0.7321280681506579,0.42093833619539245,0,,,68.08355193048938,68.05521488135315,,,,,,,68.10651443950748,,,97.63179775829356,98.10543820663484,,,,,60,100,-40,,,,,,,,,,,,,,,0.03295026580838509
1995-03-13,49.23437,49.8125,49.17187,49.5625,47.72347177560708,48.43423869370436,46.72637915284662,,0.31462529763677943,0.8142199582413667,0.4995946606045873,0,,,70.12574539279147,68.81307202709853,,,,,,,69.65167267634709,,,97.15815730995227,97.15815730995227,,97.15815730995227,,,60,100,-40,,,,,,,,,,,,,,,0.008357316093881406
1995-03-20,49.625,50.21875,49.32812,50.21875,48.41956236306372,48.79114095496349,46.86333487234283,,0.33761109837603753,0.9216085335746342,0.5839974351985967,0,,,71.98721341941285,70.0655035808979,,,,,,,72.80657142086976,,,99.05271910331743,98.10543820663486,99.05271910331743,,,,60,100,-40,,,,,,,,,,,,,,,0.06646785937714964
1995-03-27,50.29687,50.89062,49.54687,50.10937,48.420842908559166,49.05478676397079,46.99063036754507,,0.32201545210790006,0.9865167503334717,0.6645012982255717,0,,,72.65543414287566,71.58946431835999,,,,,,,71.46511832611252,,,98.49321738279406,98.5361480188851,,,,,60,100,-40,,,,,,,,,,,,,,,0.09483522242772338
1995-04-03,50.09375,50.85937,50.0625,50.70312,48.8416705579478,49.38445341117663,47.13621819626879,,0.3271934274580546,1.07349308254814,0.7462996550900853,0,,,73.18804563529558,72.61023106586136,,,,,,,74.25465130387195,,,98.70857228891916,98.96685783113533,,,,,60,100,-40,,,,,,,,,,,,,,,0.14114392140817855
1995-04-10,50.625,51.09375,50.59375,51.07812,49.235792660951525,49.7231867289413,47.29080258072884,,0.3304146143968456,1.1593179230861423,0.8289033086892967,0,,,73.6610215285942,73.16816710225514,,,73.16816710225514,,73.16816710225514,,75.86873226037646,,,98.450286746703,98.45028674670301,,,,,60,100,-40,,,,,,,,,,,,,,,0.1874851555873883
1995-04-17,51.26562,51.3125,50.29687,50.89062,49.29595889945499,49.95667338315304,47.43197189128849,,0.2955899466869496,1.1983907420479838,0.9028007953610342,0,,,71.3493249561379,72.73279737334254,,,,,,,73.37690443010943,,,97.2500406055197,97.85016367611136,,,,,60,100,-40,,,,,,72.73279737334254,,105,,,,,,,0.189048097240922
1995-04-24,50.85937,51.67187,50.85937,51.59375,49.793796120922494,50.28408870652243,47.595178875943844,,0.2949086576260618,1.2714366173936114,0.9765279597675496,0,,,71.35564953156809,72.12199867210005,,,,,,,76.51102520967324,,,96.94997907022389,97.25004060551971,,,,,60,100,-40,,,,,,,,,,,,,,,0.25496056864407196
1995-05-01,51.54687,52.6875,51.39062,52.1875,50.40004282657088,50.66477096521795,47.77526990041663,,0.3080109585805604,1.36154165799325,1.0535306994126896,0,,,73.36735218975622,72.02410889248738,,,,,,,78.79468785573084,,,96.64991753492808,96.64991753492808,,,,,60,100,-40,,,,,,72.02410889248738,,,,,,,,,0.2455554266321709
1995-05-08,52.14062,52.875,52.09375,52.75,50.904949767530105,51.081816772174356,47.970357355302255,,0.326369381184509,1.4614924258933257,1.1351230447088168,0,,,74.87726209563552,73.20008793898658,,,,,,,80.71860896281602,80.71860896281602,,98.88330584497604,97.76661168995206,98.88330584497604,,,,60,100,-40,,,,,,,,,,,,,,,0.2510841031803509
1995-05-15,52.89062,53.15625,51.90625,52.09375,50.92513192699224,51.284203417739484,48.13205902764334,,0.26853822054635224,1.470795820391757,1.2022575998454048,0,,,72.63195260908084,73.62552229815752,,,73.62552229815752,,73.62552229815752,,72.41477475479981,,,88.96005362572987,93.64250619659697,,,,,60,100,-40,,,,,,73.62552229815752,,105,,,,,,,0.3485037690828649
1995-05-22,52.26562,53.42187,52.23437,52.5625,50.87690821792137,51.53986273419159,48.305801810873014,,0.23716732904220938,1.4987167611481667,1.2615494321059573,0,,,71.26605190646649,72.92508887039428,,,,,,,74.4487741172628,,,78.79399035508293,85.46639544125718,,,,,60,100,-40,,,,,,,,,,,,,,,0.2956284093513963
1995-05-29,52.6875,53.92187,52.375,53.54687,51.61783905949841,51.94126418735327,48.51133389672113,,0.25639084708202065,1.582037990958483,1.3256471438764623,0,,,71.43512491620733,71.77770981058487,,,,,,,78.11920152539551,78.11920152539551,,71.22028626162343,74.70993971175459,,,,,60,100,-40,,,,,,,,,,,,,,,0.28915835406365625
1995-06-05,53.54687,54.04687,52.75,53.0625,51.534645555248524,52.165511349882614,48.6898109988105,,0.21200231010778658,1.5906500315111956,1.378647721403409,0,,,69.62037917937425,70.77385200068267,,,,,,,72.56272534152396,,,66.49445141149711,68.2102802258488,,,,,60,100,-40,,,,,,,,,,,,,,,0.27902307754664313
1995-06-12,53.23437,54.23437,53.20312,53.96875,51.914988729873635,52.526159079906094,48.89682821454342,,0.2183328133875435,1.6515637381378383,1.4332309247502948,0,,,69.52954255204828,70.19501554920994,,,,,,,76.01992935739877,,,65.82479225068084,66.03970997749987,,,,,60,100,-40,,,,,,,,,,,,,,,0.28727649562956104
1995-06-19,54.125,55.15625,54.09375,55.01562,52.94114596345408,53.024051263924875,49.13678083358093,,0.2645975883049596,1.7639779101314943,1.4993803218265347,0,,,72.3461894734778,70.49870373496675,,,,,,,79.28619019287987,79.28619019287987,,66.8801033139159,66.03717593720978,66.8801033139159,,,,60,100,-40,,,,,,70.49870373496675,,,,,,,,,0.28347853002674583
1995-06-26,54.85937,54.95312,54.0625,54.40625,52.91967982320737,53.3004910111399,49.343426683244424,,0.2271666761316744,1.7833386669911278,1.5561719908594533,0,,,70.55204684540632,70.80925962364411,,,,,,,73.01482787142893,,,64.51027692899011,65.58836476811604,,,,,60,100,-40,,,,,,70.80925962364411,,105,,,,,,,0.23227046840698118
1995-07-03,54.46875,55.78125,54.46875,55.76562,53.68322983583541,53.79351680891192,49.595277401548564,,0.26436174767100673,1.8866241754482118,1.622262427777205,0,,,71.85514152404653,71.58445928097687,,,,,,,77.3453512994991,,,64.94470274139694,65.26115631582002,,,,,60,100,-40,,,,,,71.58445928097687,,,,,,,,,0.28014643845528686
1995-07-10,55.8125,56.3125,55.45312,56.04687,53.916793418990025,54.24418744712953,49.848281032860385,,0.27697547933088607,1.9684817769408127,1.6915062976099267,0,,,73.29363655594648,71.90027497513309,,,71.90027497513309,,71.90027497513309,,78.13193075052051,78.13193075052051,,61.42885482043561,62.72953697442731,,,,,60,100,-40,,,,,,,,,,106,,,,,0.2726175130529581
1995-07-17,56.125,56.42187,54.20312,55.40625,53.94617317477645,54.47659995770363,50.066240600199194,,0.21405799782984314,1.9590787948972306,1.7450207970673874,0,,,69.2405875694628,71.46312188315191,,,,,,,71.96620852114927,,,54.78260333386676,58.58040712528783,,,,,60,100,-40,,,,,,71.46312188315191,,105,,,,,,,0.27630352804602465
1995-07-24,55.48437,56.70312,55.48437,56.29687,54.02925866229242,54.840653966162904,50.31057900803452,,0.20432953161640843,2.000432711587898,1.7961031799714895,0,,,69.12799041131662,70.55407151224195,,,,,,,74.94416493673268,,,46.15618659162523,50.85633634803502,,,,,60,100,-40,,,,,,,,,,,,,,,0.26479015460297334
1995-07-31,56.34375,56.79687,55.45312,55.98437,54.00596375784296,55.06939717293032,50.53308061556258,,0.1512028759907531,1.985106774959931,1.8339038989691778,0,,,66.81074701835601,68.39310833304512,,,,,,,72.03544166039124,,,26.44885881460826,36.33463850171942,,,,,60,100,-40,,,,,,,,,,,,,,,0.2276116039127523
1995-08-07,56.10937,56.3125,55.42187,55.65625,53.97763563228275,55.18676773834426,50.73398921887385,,0.07231860923127842,1.924302160508276,1.8519835512769975,0,,,62.02840376875507,65.98904706614253,,,,,,,68.9896962281473,,,19.895432446054695,24.45249521370549,,,,,60,100,-40,,,,,,,,,,,,,,,0.1646665808781409
1995-08-14,55.79687,56.40625,55.65625,56.17187,54.01606237283398,55.3837881906754,50.94723944558468,,0.03510590136510561,1.8958659279833796,1.860760026618274,0,,,59.33772228274288,62.72562435661796,,,,,,,71.07191439024973,,,11.021596478723879,13.486160440837198,,11.021596478723879,,,60,100,-40,,,,,,,,,,,,,,,0.18923048660966552
1995-08-21,56.40625,56.64062,55.75,56.29687,54.071834346202984,55.56640455254032,51.157028879091165,,0.0009544016475719896,1.861953028677739,1.860998627030167,0,,,57.3195193125324,59.56188178801009,,,,,,,71.57320602385164,,,14.280719003268434,13.11421005038784,,,,,60,100,-40,,,,,,,,,,,,,,,0.17413007870104635
1995-08-28,56.45312,56.75,55.76562,56.65625,54.462914035759916,55.78437364203226,51.37268460932288,,-0.014532705288806458,1.8428327454191589,1.8573654507079653,0,,,55.958029747575516,57.53842378095024,,,,,,,73.02891696463882,,,23.207287847896733,17.60470904213827,,,,,60,100,-40,,,,,,,,,,,,,,,0.21467166284493658
1995-09-04,56.82812,57.54687,56.73437,57.54687,55.369575176062774,56.13687291362581,51.61480952660434,,0.016426146019012933,1.8778981332317315,1.8614719872127186,0,,,60.070169555538406,57.78257287188209,,,,,,,76.28879620858233,,,38.12953224981835,30.129039777360237,,,,,60,100,-40,,,,,,57.78257287188209,,,,,,,,,0.23932241721716097
1995-09-11,57.64062,58.8125,57.57812,58.4375,56.288494806344005,56.59699833090065,51.882366015757114,,0.07483670967112488,1.9550178743016247,1.8801811646304998,0,,,66.594424276896,60.87420786000329,,,,,,,79.0340620447246,79.0340620447246,,59.76375508375028,48.616850385858065,,,,,60,100,-40,,,,,,,,,,,,,,,0.22215621966440027
1995-09-18,58.23437,58.78125,57.78125,58.3125,56.261190891605146,56.940098664720516,52.134528132786244,,0.08240579462467967,1.9831884079113493,1.9007826132866696,0,,,68.48705165849798,65.05054849697744,,,,,,,77.66683324013445,,,77.16659347715768,67.84346786455859,,,,,60,100,-40,,,,,,,,,,,,,,,0.2102374667905081
1995-09-25,58.375,58.90625,57.59375,58.48437,56.32065439934764,57.248952931776415,52.383541539343646,,0.0764693721351386,1.996369328455593,1.9198999563204544,0,,,67.96224279005885,67.68123957515093,,,67.68123957515093,,67.68123957515093,,78.2278557278268,,,88.29216906175938,83.49617924872952,,,,,60,100,-40,,,,,,,,,,106,,,,,0.20383501038720953
1995-10-02,58.48437,58.625,57.95312,58.40625,56.287705513679946,57.48041234542113,52.61972618485958,,0.04625108935676003,1.9777138180164044,1.9314627286596444,0,,,65.88287796900461,67.44405747252046,,,,,,,77.27203471704662,,,88.27353358021111,89.03123628124206,,,,,60,100,-40,,,,,,67.44405747252046,,105,,,,,,,0.2559609922921336
1995-10-09,58.1875,58.85937,57.26562,58.625,56.48925726270281,57.7093298763369,52.85522711878666,,0.0212376335530009,1.9580097706008956,1.9367721370478947,0,,,62.43767119803963,65.42759731903435,,,,,,,78.08433703592242,,,89.44480680469889,89.8734008408418,,,,,60,100,-40,,,,,,,,,,,,,,,0.3168513521552562
1995-10-16,58.45312,59.1875,58.29687,58.82812,56.617251743938326,57.93308790106952,53.08945821216757,,-0.0002481657995805353,1.9364619297984191,1.9367100955979997,0,,,62.31285856568632,63.544469244243494,,,,,,,78.84490638541176,78.84490638541176,,90.1946900360542,89.23035592996115,90.1946900360542,,,,60,100,-40,,,,,,,,,,,,,,,0.2988786500876994
1995-10-23,58.54687,58.89062,57.28125,58.1875,56.64793804794273,57.98397032085562,53.28938141953355,,-0.07224152737441991,1.8464081863799748,1.9186497137543947,0,,,55.72795698345727,60.159495582394385,,,,,,,70.4869029178117,,,76.33061800473571,83.20911823004367,,,,,60,100,-40,,,,,,,,,,,,,,,0.3082569270476425
1995-10-30,58.32812,59.25,58.23437,59.23437,56.98000533023253,58.2340502566845,53.522518226610664,,-0.06426171690942817,1.8383225676176096,1.9025842845270378,0,,,56.84436008037019,58.29505854317123,,,,,,,75.15031831885918,,,66.9040340499784,73.60480250538296,,,,,60,100,-40,,,,,,,,,,,,,,,0.346497578766979
1995-11-06,59.21875,59.60937,58.625,59.53125,57.28612566378735,58.4934902053476,53.75815476674358,,-0.054290730633238304,1.8347208712354899,1.8890116018687282,0,,,58.91950503820478,57.16394070067739,,,,,,,76.30078379931287,,,56.4251980995568,60.62644489327881,,56.4251980995568,,,60,100,-40,,,,,,57.16394070067739,,,,,,,,,0.36615741873156593
1995-11-13,59.42187,60.20312,59.07812,60.1875,57.96211740208825,58.83229216427808,54.01028595236148,,-0.020536516107782843,1.8633409567339996,1.8838774728417824,0,,,62.77819916786237,59.51402142881242,,,,,,,78.66602299023225,,,71.31745531131999,63.765531880762154,,,,,60,100,-40,,,,,,,,,,,,,,,0.43036777902584233
1995-11-20,60.28125,60.375,59.85937,60.32812,58.100979016224805,59.131457731422465,54.25804415030809,,-0.006504381694993011,1.8757469957230413,1.8822513774180343,0,,,65.77454457191698,62.49074959266135,,,,,,,79.1490884797636,,,82.52187791799798,74.03427147092715,,,,,60,100,-40,,,,,,,,,,,,,,,0.42424596260889974
1995-11-27,60.45312,61.20312,60.15625,60.98437,58.84264908649446,59.50204018513797,54.52182163460973,,0.027351874106331664,1.9164412200509489,1.8890893459446172,0,,,69.30442191379247,65.95238855119058,,,,,,,81.29085647842194,,,94.55727256963408,89.7483520615537,,,,,60,100,-40,,,,,,,,,,,,,,,0.4352245145763376
1995-12-04,61.125,62.53125,61.04687,62.15625,60.017956294602,60.032882148110374,54.82121098227209,,0.10470266580351373,2.0199676781990092,1.9152650123954955,0,,,75.00458612329193,70.02785086966709,,,,,,,84.39229013415911,84.39229013415911,,98.39594624046387,96.79189248092776,98.39594624046387,,,,60,100,-40,,,,,,,,,,,,,,,0.4507126500774305
1995-12-11,62.28125,62.79687,61.59375,61.8125,59.94970870213043,60.3888057184883,55.095379179045736,,0.10829752928764735,2.0506369240050546,1.9423393947174072,0,,,76.55950901485562,73.62283901731331,,,,,,,80.16913110092328,,,93.39022289996802,96.53665971941263,,,,,60,100,-40,,,,,,,,,,,,,,,0.4053117920702214
1995-12-18,61.26562,61.51562,60.57812,61.20312,59.93544450912112,60.55166857479064,55.334898426926294,,0.04827643915807611,2.0026849436650025,1.9544085045069264,0,,,70.18847399602858,73.91752304472534,,,73.91752304472534,,73.91752304472534,,73.1400653812279,,,74.30580061866635,84.71384682946403,,,,,60,100,-40,,,,,,73.91752304472534,,105,,,,,,,0.4304194870718678
1995-12-25,61.45312,61.65625,61.25,61.48437,59.91773347275532,60.73820885983251,55.57605417488997,,0.008256400629769844,1.9647290052941386,1.9564726046643688,0,,,66.58872272539061,71.11223524542491,,,,,,,74.26811566408918,,,52.49209168471418,64.78143096445511,,,,,60,100,-40,,,,,,,,,,,,,,,0.46310912057254505
1996-01-01,61.40625,62.625,61.17187,61.59375,60.012894653272795,60.90931708786601,55.81204224646291,,-0.02811660957747697,1.9213268426925225,1.9494434522699995,0,,,64.79142837916598,67.18954170019502,,,,,,,74.7155046536472,74.7155046536472,,35.55945344967853,43.804853428049746,,,,,60,100,-40,,,,,,,,,,,,,,,0.41043614315824417
1996-01-08,61.8125,62.0625,59.64062,60.23437,59.95840146375331,60.774327670292806,55.98546686424868,,-0.15396574825734022,1.7569862669483243,1.9109520152056645,0,,,52.84248048249389,61.40754386235013,,,,,,,60.543103307484735,,,24.80396885313258,29.28118589563643,,,,,60,100,-40,,,,,,,,,,,,,,,0.3650471290744734
1996-01-15,60.25,61.42187,59.85937,61.26562,59.76940778777093,60.87258613623425,56.19253169310167,,-0.17638423028096661,1.6904717273544563,1.866855957635423,0,,,44.95897243577136,54.197627099143716,,,,,,,65.86448445324476,,,19.946449611613716,21.883426126290868,,19.946449611613716,,,60,100,-40,,,,,,,,,,,,,,,0.3497271934184196
1996-01-22,61.21875,62.26562,61.10937,62.23437,59.79480223150158,61.144942908987396,56.42946652866631,,-0.1363857552737331,1.6963737635432565,1.8327595188169896,0,,,49.1490881393904,48.98351368588519,,,,,,,69.98414990756639,,,19.95484837986,19.561480416821322,,,,,60,100,-40,,,,,,48.98351368588519,,,,,,,,,0.38080617467361894
1996-01-29,62.1875,64.01562,62.14062,63.64062,61.210128500680035,61.644078327189916,56.71225686087548,,-0.031131248326685235,1.793845458408633,1.8249767067353182,0,,,60.41973773135647,51.50926610217272,,,,,,,74.77209903201408,,,33.106150165779624,26.142497442848622,,,,,60,100,-40,,,,,,,,,,,,,,,0.3899357345727172
1996-02-05,63.53125,66.375,63.4375,65.82812,63.30337789348861,62.48088666175193,57.069741689860756,,0.15943536431151584,2.024270912124713,1.8648355478131973,0,,,73.4129783235357,60.993934731427494,,,,,,,80.11689099104015,80.11689099104015,,50.11131166044464,40.160160638124644,,,,,60,100,-40,,,,,,,,,,,,,,,0.42384987309997774
1996-02-12,65.95312,66.6875,64.73437,64.9375,63.06407375823942,62.972209329401544,57.37828123143484,,0.19668232249975093,2.110688450937886,1.914006128438135,0,,,78.50378016945764,70.77883207478324,,,,,,,73.27015926232835,,,59.907967288423336,54.987050037080486,,,,,60,100,-40,,,,,,,,,,,,,,,0.3325591556205818
1996-02-19,64.4375,66.60937,63.875,65.9375,63.09186706122232,63.56526746352124,57.713936869417786,,0.25608561724736534,2.2341131499973415,1.9780275327499761,0,,,78.91973464360932,76.94549771220086,,,,,,,75.78711419966179,,,65.10539546864071,63.775534539953064,65.10539546864071,,,,60,100,-40,,,,,,,,,,,,,,,0.34335108222384014
1996-02-26,65.75,65.89062,63.60937,64.89062,62.90450227113501,63.83033797081699,57.995375423558265,,0.19505128500327995,2.221841639004076,2.026790354000796,0,,,74.01482736953062,77.14611406086584,,,77.14611406086584,,77.14611406086584,,68.47458692002299,,,55.27878816930448,60.45542931892587,,,,,60,100,-40,,,,,,77.14611406086584,,105,,,,,,,0.3092469810276497
1996-03-04,65.03125,65.96875,62,63.5,62.78855496605394,63.76427037665359,58.211243054006964,,0.03934725688201812,2.0759744251033183,2.0366271682213,0,,,63.56489456513826,72.16648552609271,,,,,,,60.12608198949911,,,40.96194152718762,49.61532161784667,,,,,60,100,-40,,,,,,,,,,,,,,,0.2672732835622869
1996-03-11,63.25,64.8125,62.90625,64.125,62.44651532562152,63.83641630132287,58.44315509110473,,-0.038989160928848854,1.987890717060239,2.0268798779890878,0,,,55.64232826665524,64.40735006710803,,,,,,,62.36046290420991,,,23.484478050438483,32.34491613927215,,,,,60,100,-40,,,,,,,,,,,,,,,0.2746617777893603
1996-03-18,64.71875,66,64.57812,65.15625,62.42354994521998,64.1003830410583,58.70641371498297,,-0.03871174488003737,1.978490196889041,2.0172019417690783,0,,,58.217197318870795,59.14147338355475,,,,,,,65.78735911194664,65.78735911194664,,16.458819462007956,19.96256008053732,,,,,60,100,-40,,,,,,,,,,,,,,,0.21830653483771134
1996-03-25,65.75,65.8125,64.375,64.6875,62.40668923484712,64.21780643284663,58.94096611831697,,-0.0848135072080407,1.9111850577590275,1.9959985649670682,0,,,56.52422172657679,56.7945824373676,,,,,,,62.96448346165326,,,16.255833040859326,15.022696221700508,,,,,60,100,-40,,,,,,,,,,,,,,,0.14076186324761164
1996-04-01,65,65.71875,64.79687,65.51562,62.45353286092947,64.4773691462773,59.19879568230454,,-0.07461158865370487,1.902734079149937,1.9773456678036418,0,,,56.968295467098805,57.23657150418213,,,,,,,65.77512382686689,,,20.392500135444863,17.807262243596607,20.392500135444863,,,,60,100,-40,,,,,,,,,,,,,,,0.12312582229573565
1996-04-08,63.875,64.64062,62.125,63.71875,62.555066228005934,64.32564531702184,59.3760487928024,,-0.1970050895761819,1.7310893058334145,1.9280943954095964,0,,,39.92245120640972,51.138322800028426,,,,,,,55.81775237739947,,,15.8551820560618,18.044267999858707,,,,,60,100,-40,,,,,,,,,,,,,,,0.12598657999551838
1996-04-15,64.04687,64.85937,63.84375,64.53125,62.31229435457694,64.36676625361747,59.578213546025836,,-0.22911784917747147,1.641697083937757,1.8708149331152284,0,,,35.33238965223596,44.07437877524816,,,,,,,58.86797765012942,,,14.928995959180465,16.62545651447973,,,,,60,100,-40,,,,,,,,,,,,,,,0.12263698224837662
1996-04-22,65.125,65.8125,64.59375,65.4375,62.40829190067859,64.58091300289398,59.80798948539737,,-0.1964558733181785,1.6252450914675052,1.8217009647856837,0,,,40.21519471147337,38.49001185670634,,,,,,,62.03502114792223,62.03502114792223,,12.76974182190364,13.109528789988337,,,,,60,100,-40,,,,,,38.49001185670634,,,,,,,,,0.1221158809607874
1996-04-29,65.15625,65.79687,63.75,64.3125,62.477342479201546,64.52723040231518,59.98463695655826,,-0.25408840986865444,1.5040904524498657,1.7581788623185202,0,,,35.66255186378685,37.07004540916539,,,,,,,56.21417141613975,,,12.734732577196663,12.78298885302336,,12.734732577196663,,,60,100,-40,,,,,,37.07004540916539,,,,,,,,,0.11073505497724646
1996-05-06,64.5625,65.59375,63.07812,65.375,62.43208658783001,64.69678432185215,60.19602374257558,,-0.22511434621890514,1.4767859295448886,1.7019002757637938,0,,,32.669711743881955,36.182486106380715,,,,,,,60.04956138133383,,,13.515822882585336,13.037019230089888,,,,,60,100,-40,,,,,,,,,,,,,,,0.14282352310599505
1996-05-13,65.53125,67.3125,65.46875,67.1875,63.57309754584215,65.19492745748173,60.470199282082426,,-0.09499948271198067,1.583150922373818,1.6781504050857987,0,,,49.97579982432272,39.436021143997166,,,,,,,65.61562617629306,,,18.529223448227825,15.934887433226592,,,,,60,100,-40,,,,,,39.436021143997166,,,,,,,,,0.17258275494524966
1996-05-20,67.65625,68.4375,66.98437,68.17187,64.53885343542485,65.79031596598539,60.77222558474586,,0.03905483967305612,1.726968954677119,1.6879141150040629,0,,,64.2264563540495,48.957322640751386,,,,,,,68.22066373267738,68.22066373267738,,32.85324522954255,25.20616911434873,,,,,60,100,-40,,,,,,,,,,,,,,,0.2194942647606061
1996-05-27,68.375,68.375,66.75,66.875,64.59076461860879,66.0072527727883,61.01155007161857,,0.022878568182198578,1.716512325231811,1.6936337570496125,0,,,67.05913513294003,60.42046377043741,,,,,,,61.56367825432101,,,42.82170181824255,36.816821111112624,,,,,60,100,-40,,,,,,,,,,,,,,,0.19939627666439338
1996-06-03,66.89062,68.5,66.1875,67.625,64.61441500299388,66.33080221823064,61.27090104920216,,0.04396297443547459,1.7485874750939558,1.7046245006584813,0,,,67.51768852500537,66.26776000399829,,,,,,,63.77809752281424,,,51.23012316420677,47.94678754963059,51.23012316420677,,,,60,100,-40,,,,,,,,,,,,,,,0.18839871363900226
1996-06-10,67.53125,68.03125,66.71875,66.9375,64.5381617884943,66.45214177458452,61.49312061590011,,-0.004541720026053353,1.6989473506259145,1.7034890706519679,0,,,64.74516020913394,66.44066128902644,,,66.44066128902644,,66.44066128902644,,60.32665367171797,,,48.212412028047325,49.94121634006251,,,,,60,100,-40,,,,,,66.44066128902644,,105,,106,,,,,0.09695996484833544
1996-06-17,66.96875,67.21875,66.1875,66.8125,64.61021237503043,66.52421341966762,61.70172372900207,,-0.05821303102077224,1.6307227818760026,1.6889358128967749,0,,,57.64602892099787,63.30295921837905,,,,,,,59.69039585897278,,,45.22039220393191,47.85946272566972,,,,,60,100,-40,,,,,,,,,,,,,,,0.09094438575201982
1996-06-24,66.96875,67.5,66.15625,67.10937,64.71729506252827,66.64124473573409,61.913788288649044,,-0.08525370124676934,1.582368686338313,1.6676223875850824,0,,,53.23013437501801,58.54044116838327,,,,,,,60.755330547668464,60.755330547668464,,37.609198222508056,41.07083146081058,,,,,60,100,-40,,,,,,,,,,,,,,,0.08306884944536103
1996-07-01,67.28125,67.70312,65.375,65.57812,64.77208612949053,66.42861978858727,62.05748757144712,,-0.210657322292501,1.404300734719456,1.614958057011957,0,,,40.97452404585111,50.616895780622336,,,,,,,52.940110988134734,,,27.817569589665297,33.09100646143255,,,,,60,100,-40,,,,,,,,,,,,,,,0.10018391827011291
1996-07-08,65.625,65.98437,63.875,64.5625,64.68233926309834,66.05539583086981,62.155723352958994,,-0.3577526376267397,1.1677672599785325,1.5255198976052722,0,,,18.065445541875064,37.4233679875814,,,,,,,48.46095664457127,,,17.923067636506122,23.13445824377895,,,,,60,100,-40,,,,,,,,,,,,,,,0.052372034692122184
1996-07-15,64.71875,64.71875,60.375,63.96875,64.63025288716275,65.63806666469586,62.22682243715668,,-0.48299475874792486,0.9217764491703662,1.404771207918291,0,,,-6.713032344073508,17.442312414550894,,,,,,,45.99623462427734,,,5.87596829118856,11.751936582377112,,,,,60,100,-40,,,,,,,,,,,,,,,0.11967083655053112
1996-07-22,63.53125,63.9375,61.625,63.71875,64.26268982379398,65.25420333175668,62.28532940040544,,-0.5649361574688359,0.6986010110822463,1.2635371685510821,0,,,-20.759735996737447,-3.13577426631196,,,,,,,44.95334940971759,,,2.118612838205554,4.237225676411101,,2.118612838205554,,,60,100,-40,,,,,,,,,,,,,,,0.19461307659440677
1996-07-29,63.625,66.59375,62.9375,66.5625,64.20709555066584,65.51586266540535,62.45306158078169,,-0.4167184975273359,0.7426390466419122,1.159357544169248,0,,,-15.208227391408474,-14.226998577406476,,,,,,,56.97466506753084,,,11.260157254448316,5.630078627224161,,,,,60,100,-40,,,,,,,,,,,,,,,0.24489989158918005
1996-08-05,66.57812,66.76562,65.79687,66.21875,63.967972297046856,65.65644013232428,62.600735636437314,,-0.3344804308598397,0.7412570055944485,1.0757374364542882,0,,,-4.074317576188056,-13.347426988111325,,,,,,,55.39060867299191,,,23.836009608349542,16.14056377459289,,,,,60,100,-40,,,,,,-13.347426988111325,,,,,,,,,0.24581927191674682
1996-08-12,66.25,66.875,66,66.84375,63.5829878472578,65.89390210585942,62.767128356577025,,-0.23532243998230218,0.7815843864764105,1.0169068264587127,0,,,6.13009668831549,-4.384149426427013,,,,,,,57.7067210721163,,,40.999166392043634,32.605006026966485,,,,,60,100,-40,,,,,,,,,,,,,,,0.30833926462217454
1996-08-19,66.85937,67.34375,66.375,66.85937,63.7467030010251,66.08699568468754,62.927608421024985,,-0.16911025467158325,0.8055190081192336,0.9746292627908169,0,,,15.144711342728495,5.73349681828531,,,,,,,57.76608980018843,,,47.11882627749364,43.79060868855356,47.11882627749364,,,,60,100,-40,,,,,,,,,,,,,,,0.29130670764808053
1996-08-26,66.70312,67,65.125,65.32812,63.36970135809473,65.93522054775003,63.021746130004395,,-0.2253510073400008,0.6929405036158158,0.9182915109558166,0,,,12.592269445723483,11.289025825589157,,,,,,,50.27168708250283,,,46.46537029587989,48.19277780382856,,,,,60,100,-40,,,,,,,,,,,,,,,0.2477737747443031
1996-09-02,64.46875,66.75,64.375,65.9375,63.3689634039451,65.93567643820003,63.13608941902383,,-0.2182710298102324,0.6454527236930261,0.8637237535032585,0,,,8.910089325283236,12.21569003791174,,,,,,,52.90580742279147,,,42.750806659636666,45.17165499340956,,,,,60,100,-40,,,,,,12.21569003791174,,,,,,,,,0.2471669234946673
1996-09-09,66.1875,68.625,66.07812,68.5625,64.7499795893776,66.46104115056002,63.34888983396407,,-0.042744346067087435,0.8102933209193992,0.8530376669864866,0,,,25.910336719843407,15.804231830283376,,,,,,,62.23983340633903,,,51.32421263110698,46.929086594002236,,,,,60,100,-40,,,,,,15.804231830283376,,,,,,,,,0.28134524084250817
1996-09-16,68.65625,69.15625,68.21875,68.64062,64.71649390442205,66.89695692044802,63.5564086640047,,0.06672156235676518,0.9364396199324432,0.869718057575678,0,,,40.51860143691697,25.1130091606812,,,,,,,62.479586543556216,,,69.42190517875514,58.72327683789644,,,,,60,100,-40,,,,,,,,,,,,,,,0.2964786111757002
1996-09-23,68.46875,69.25,68.15625,68.6875,64.9097400541062,67.25506553635842,63.75762793208295,,0.12689773706229368,1.028340228903545,0.9014424918412514,0,,,48.06259316726468,38.16384377467502,,,,,,,62.633826359853174,,,89.3066453646376,78.61329072927519,,,,,60,100,-40,,,,,,,,,,,,,,,0.2538478783188519
1996-09-30,68.78125,70.34375,68.4375,70.34375,66.67958005024147,67.87280242908673,64.01590722886401,,0.25544253506622017,1.2207456606740266,0.9653031256078064,0,,,56.282450962697524,48.28788185562639,,,,,,,67.71364589650435,,,96.68675558660229,93.37351117320459,,,,,60,100,-40,,,,,,,,,,,,,,,0.257807374677971
1996-10-07,70.3125,70.6875,69.375,70.3125,66.6689850466528,68.36074194326939,64.26283243557522,,0.3118264180112398,1.3550861481218561,1.0432597301106163,0,,,61.3391508347629,55.2280649882417,,,,,,,67.52600523681033,,,99.82466581102217,99.9123329055111,99.82466581102217,,,,60,100,-40,,,,,,,,,,,,,,,0.24649355027617242
1996-10-14,70.3125,71.3125,69.9375,71.21875,67.61896825760616,68.93234355461551,64.53561351653306,,0.3791438454190512,1.5171895368844304,1.1380456914653792,0,,,65.489159226719,61.03692034139314,,,,,,,70.12672574967493,70.12672574967493,,99.78083226377771,99.82466581102217,,,,,60,100,-40,,,,,,,,,,,,,,,0.30499623429964207
1996-10-21,71.28125,71.625,70.125,70.3125,67.67966695349143,69.20837484369241,64.76215808451215,,0.33325165471055707,1.5546102598535754,1.2213586051430183,0,,,65.61659415551703,64.14830140566632,,,,,,,64.52824811445352,,,95.00171152298842,97.36935511976083,,,,,60,100,-40,,,,,,,,,,,,,,,0.2660190705239295
1996-10-28,70.375,71.15625,69.70312,70.59375,67.7181728853849,69.48544987495393,64.99084796355089,,0.2938315409242296,1.5886480312983053,1.2948164903740758,0,,,63.12431200747164,64.74335512990255,,,,,,,65.45544633444278,,,89.0270918361937,92.60631257878417,,,,,60,100,-40,,,,,,64.74335512990255,,105,,,,,,,0.32247491872891015
1996-11-04,70.6875,73.4375,70.53125,73.42187,69.96374410785741,70.27273389996314,65.32147627870576,,0.4224000590006076,1.8228165641248353,1.4004165051242277,0,,,68.23530803294294,65.65873806531054,,,,,,,73.11176024582798,,,86.64557056570536,87.84327003780749,,86.64557056570536,,,60,100,-40,,,,,,65.65873806531054,,,,,,,,,0.37956502169019785
1996-11-11,73.25,74.5,73.01562,74.03125,70.40495452872474,71.02443711997051,65.663036032482,,0.5069632842849039,2.0341206104803575,1.5271573261954536,0,,,73.64584927893924,68.33515643978461,,,,,,,74.43442036522013,,,90.18315828714807,87.81551469037565,,,,,60,100,-40,,,,,,,,,,,,,,,0.3772816136594471
1996-11-18,74.17187,75.25,73.73437,75.17187,71.59254134810155,71.8539236959764,66.03593148218859,52.86234485,0.5922589244213186,2.2674809817221018,1.6752220573007832,0,,,76.89414826542901,72.92510185910373,,,,,,,76.7532217550947,,,96.33311216292063,92.66622432584126,,,,,60,100,-40,,,,,,,,,,,,,,,0.4314430002931089
1996-11-25,75.25,76.6875,75.07812,76.01562,72.47543910895143,72.68626295678112,66.4272918162204,53.09272569726368,0.6532468618495069,2.4917806346126667,1.8385337727631599,0,,,79.5160006354482,76.68533272660547,,,,,,,78.32841382643593,78.32841382643593,,98.75846698065342,97.51693396130685,98.75846698065342,,,,60,100,-40,,,,,,,,,,,,,,,0.4597255409078898
1996-12-02,75.92187,76.57812,72.65625,74.3125,72.49839774402633,73.0115103654249,66.7365156665647,53.303867730126726,0.5317779384971659,2.5032561958846173,1.9714782573874514,0,,,74.67556379218533,77.02857089768752,,,77.02857089768752,,77.02857089768752,,68.22014158400536,,,91.73800467796359,95.86900233898182,,,,,60,100,-40,,,,,,77.02857089768752,,105,,,,,,,0.3688353850307179
1996-12-09,74.6875,75.67187,72.40625,73.3125,72.18936076231016,73.07170829233992,66.99439740513078,53.50295859848367,0.34597563755841776,2.4039478043354734,2.0579721667770556,0,,,67.0910047366766,73.76085638810338,,,,,,,63.04496841137292,,,69.70454499800579,81.75402425323925,,,,,60,100,-40,,,,,,,,,,,,,,,0.2570431991039898
1996-12-16,73.5,75.71875,71.875,74.84375,71.99614785071658,73.42611663387194,67.30221515394918,53.715304781583335,0.29034039860887884,2.4208976650381544,2.1305572664292756,0,,,61.88272104189674,67.88309652358623,,,,,,,67.17560686625292,,,47.99450023024064,60.31276830504975,,,,,60,100,-40,,,,,,,,,,,,,,,0.23863231001044904
1996-12-23,75.09375,76.03125,74.32812,75.875,71.73414586137969,73.91589330709755,67.63840279497077,53.93579926136857,0.28663726711065696,2.4888538503175965,2.2022165832069396,0,,,62.322611257345955,63.76544567863977,,,,,,,69.65059833124926,69.65059833124926,,36.205458038825185,41.43555349396356,,,,,60,100,-40,,,,,,,,,,,,,,,0.2746428889237427
1996-12-30,76.125,76.125,72.75,75.09375,71.79666115699541,74.15146464567803,67.93076935203074,54.14632613438978,0.19935547876106696,2.4514109316582733,2.2520554528972063,0,,,57.78669844870984,60.66401024931752,,,,,,,65.59164816742135,,,33.3577415212669,33.34176944541304,,,,,60,100,-40,,,,,,,,,,,,,,,0.2609626286092944
1997-01-06,75.09375,76.25,74.125,76.125,71.72525250292432,74.54617171654243,68.25211173038247,54.36501940668441,0.17947880726425458,2.4764039619775247,2.29692515471327,0,,,57.63690601449088,59.248738573515574,,,,,,,68.23847906584348,,,33.18693837967848,32.68073823504114,,33.18693837967848,,,60,100,-40,,,,,,,,,,,,,,,0.31355873796958716
1997-01-13,76.5,77.75,75.64062,77.5625,73.17344875271544,75.14943737323395,68.61722499585767,54.59584010910546,0.22840918254048104,2.5824366328888715,2.3540274503483904,0,,,62.496918426983235,59.30684096339467,,,,,,,71.54401543736893,71.54401543736893,,35.51537556582301,34.52440081327066,,,,,60,100,-40,,,,,,59.30684096339467,,,,,,,,,0.3854458475219618
1997-01-20,77.75,79.6875,76.75,76.75,73.18561241323576,75.46954989858716,68.93615734896129,54.81627951100491,0.17379113627526355,2.57126637069247,2.3974752344172066,0,,,66.3812492819457,62.171691241139946,,,,,,,67.25792123413689,,,38.61934572442147,36.85954507288354,,,,,60,100,-40,,,,,,,,,,,,,,,0.26237353993629875
1997-01-27,76.875,79.40625,76,78.40625,73.92235438371893,76.05688991886973,69.30753353135496,55.05100558552227,0.21428786608738104,2.665335067026433,2.451047200939052,0,,,67.5834846540207,65.48721745431655,,,,,,,71.08351249329625,,,44.06327174160502,41.25301004438621,,,,,60,100,-40,,,,,,,,,,,,,,,0.2514385272542217
1997-02-03,78.71875,79.46875,77.125,79.21875,74.56852549916758,76.68926193509579,69.6962086869881,55.291480654323045,0.2579432301319735,2.773476238604019,2.5155330084720453,0,,,68.84867583674855,67.60446992423833,,,,,,,72.77408714262026,,,47.717590173132386,45.671965040262016,,,,,60,100,-40,,,,,,,,,,,,,,,0.29525906729165813
1997-02-10,79.25,81.5625,78.125,81.1875,76.53461296351274,77.58890954807663,70.14684756200818,55.549152488608385,0.3744911475914381,2.983646942961343,2.609155795369905,0,,,72.98395306624212,69.80537118567047,,,,,,,76.3964752818777,76.3964752818777,,62.89776271782699,55.608068545120155,,,,,60,100,-40,,,,,,,,,,,,,,,0.3352354007704999
1997-02-17,81.34375,82,80.14062,80.375,76.37589060897612,78.14612763846131,70.54795157918433,55.79617584693069,0.3522706523783734,3.049494110842872,2.6972234584644985,0,,,74.70602468425336,72.17955119574803,,,,,,,72.10717995954793,,,68.58683133162876,64.28108371494854,68.58683133162876,,,,60,100,-40,,,,,,,,,,,,,,,0.28548425778067066
1997-02-24,79.96875,81.53125,79.0625,79.15625,76.45395127976354,78.34815211076905,70.88553190941239,56.02861439571745,0.21750881757005303,2.969109480427065,2.7516006628570118,0,,,70.76611567983157,72.81869781010904,,,72.81869781010904,,72.81869781010904,,66.07844989548022,,,62.87335863471421,67.20668827706781,,,,,60,100,-40,,,,,,72.81869781010904,,105,,106,,,,,0.2074439771073167
1997-03-03,78.75,81.15625,78.6875,80.84375,76.439383331209,78.84727168861524,71.27605026590602,56.275531167899366,0.20424702833284147,3.0069094482730634,2.802662419940222,0,,,67.55845968756897,71.01020001721798,,,,,,,69.85854556603692,,,52.66107935649168,59.188691663413245,,,,,60,100,-40,,,,,,,,,,,,,,,0.2207503929901608
1997-03-10,80.9375,81.79687,79.0625,79.6875,76.42585595040836,79.01531735089219,71.60591103979206,56.50848608165161,0.08588731694446583,2.910021566120804,2.824134249176338,0,,,63.665036494815254,67.32987062073862,,,,,,,64.5214918640041,,,37.281452862105425,44.8091004415354,,,,,60,100,-40,,,,,,,,,,,,,,,0.20763842147066372
1997-03-17,79.25,80.10937,77.875,78.4375,76.37534909680777,78.89975388071375,71.87381648921198,56.72668522511776,-0.09831978486346227,2.70123451809701,2.7995543029604724,0,,,52.84378767829164,61.35576128689197,,,,,,,59.22254602163354,,,27.423872587941894,32.68375437703234,,,,,60,100,-40,,,,,,,,,,,,,,,0.16000807446503798
1997-03-24,78.5,79.96875,76.15625,77,76.39987844703577,78.519803104571,72.0748432935566,56.92840975024097,-0.3258840359339268,2.392199258043064,2.7180832939769908,0,,,37.48420996997676,51.331011381027906,,,,,,,53.72554455287345,,,11.648814031542857,18.803856036153153,,,,,60,100,-40,,,,,,,,,,,,,,,0.08562637455475897
1997-03-31,75.6875,76.1875,74.15625,75.84375,76.1972085579618,77.9845924836568,72.22264355655437,57.116622091034586,-0.5500029405351841,2.0305796183080105,2.5805825588431945,0,,,15.40263679845464,35.24354481557436,,,,,,,49.70534278054585,,,4.442960470964004,8.885920941928006,,,,,60,100,-40,,,,,,,,,,,,,,,0.13262502902053294
1997-04-07,76.1875,77.04687,73.375,73.375,76.14740794667881,77.06267398692543,72.26783400531694,57.278396995601405,-0.8427208012039307,1.527181557338281,2.3699023585422117,0,,,-1.975712550398157,16.97037807267777,,,,,,,42.37154690903492,,,0.748962004488766,1.4979240089775303,,0.748962004488766,,,60,100,-40,,,,,,,,,,,,,,,0.02828196493455508
1997-04-14,73.73437,77,73.3125,76.5625,75.98286166477318,76.96263918954034,72.43625227961824,57.47027861753572,-0.8002010124640657,1.3696510929621297,2.1698521054261954,0,,,-9.63405150429583,1.2642909145869072,,,,,,,52.2301392108876,,,6.495432203040654,3.2477161015203344,,,,,60,100,-40,,,,,,,,,,,,,,,0.07170656309575824
1997-04-21,76.75,78.28125,75.46875,76.53125,75.8278358315751,76.87636135163227,72.59684042551557,57.65994002432641,-0.7533790027354548,1.2281283520068769,1.9815073547423316,0,,,-9.551399022498893,-7.053721025730937,,,,,,,52.13541244873205,,,14.550983816034428,9.711278984157465,,,,,60,100,-40,,,,,,,,,,,,,,,0.06357162234161083
1997-04-28,76.5,81.67187,76.375,81.4375,76.05888327217687,77.78858908130582,72.94353295784829,57.89653266090028,-0.3894981131187687,1.4946347133438707,1.8841328264626394,0,,,6.322607560437554,-4.287614322119034,,,,,,,63.4194296758801,,,31.43686106188772,23.00188976906195,,,,,60,100,-40,,,,,,-4.287614322119034,,,,,,,,,0.14219353140233118
1997-05-05,81.65625,83.5625,81.1875,82.625,76.87387446702138,78.75587126504465,73.32319833205032,58.142587062284356,-0.08240028989262638,1.7811324640968564,1.8635327539894828,0,,,24.639842774223002,7.1370171040539105,,,,,,,65.54902455151375,,,44.96417929381484,37.29771989756364,,,,,60,100,-40,,,,,,,,,,,,,,,0.12726316855985925
1997-05-12,82.9375,84.59375,82.875,83.21875,77.53913343366271,79.64844701203572,73.71125918177384,58.3921011213661,0.13530450107889935,2.032663380338107,1.8973588792592078,0,,,37.5182622770575,22.826904203906015,,,,,,,66.6021900435097,,,59.736313147593165,52.993774334991464,,,,,60,100,-40,,,,,,,,,,,,,,,0.08055238720140388
1997-05-19,83.3125,85.21875,82.75,84.78125,79.22607033125823,80.67500760962858,74.1453764687631,58.65467971717341,0.3470820018773513,2.331211381605897,1.9841293797285455,0,,,45.87907968066796,36.01239491064948,,,,,,,69.27951833844384,,,70.14023685853593,64.84749109183319,,,,,60,100,-40,,,,,,,,,,,,,,,0.08772367132048851
1997-05-26,84.375,85.5625,83.125,85.15625,79.64519030759693,81.57125608770286,74.5771754307724,58.918376933917955,0.4674681196152033,2.5684645292475494,2.100996409632346,0,,,50.721331994959186,44.706224650894875,,,,,,,69.90674732191658,,,80.52736835125998,75.74164282198838,,,,,60,100,-40,,,,,,,,,,,,,,,0.07231566366495618
1997-06-02,85.34375,86.4375,84.07812,86.375,80.90937314276857,82.5320048701623,75.03983521780093,59.19157716343121,0.5770417492180044,2.8222985961548517,2.2452568469368472,0,,,54.84867470697078,50.4830287941993,,,,,,,71.92494707443598,,,90.22479515121884,85.29891670205198,,,,,60,100,-40,,,,,,,,,,,,,,,0.07214129777354851
1997-06-09,86.4375,90,86.34375,89.71875,84.30647077542797,83.96935389612983,75.61547893474992,59.49533012697916,0.8083916307473658,3.2557463853710544,2.4473547546236887,0,,,62.03043372402541,55.86681347531845,,,,,,,76.5910850590321,76.5910850590321,,96.10978295473497,93.1708333475968,,,,,60,100,-40,,,,,,,,,,,,,,,0.17563018053946575
1997-06-16,89.75,90.5,88.9375,89.57812,84.17074072004026,85.09110711690387,76.16303348632835,59.79466136949678,0.8797332852086583,3.5470213611345116,2.6672880759258533,0,,,66.11911931243857,60.99940924781158,,,,,,,76.01545274747204,,,98.69666525025775,97.89818416569358,98.69666525025775,,,,60,100,-40,,,,,,,,,,,,,,,0.1438451037323133
1997-06-23,89.40625,90.25,87.34375,88.90625,84.34381281146595,85.85413569352309,76.66276746725664,60.084328918059,0.8111374495695713,3.6812098878878174,2.870072438318246,0,,,65.22513646227726,64.45822983291374,,,,,,,73.16925573584135,,,97.40938803635825,98.34066374235289,,,,,60,100,-40,,,,,,,,,,,,,,,0.11004621158827854
1997-06-30,88.90625,92.15625,87.875,92.0625,86.65630832493267,87.09580855481848,77.26667854697207,60.40251967509324,0.9008803421185916,3.9961728659664857,3.095292523847894,0,,,66.50890221464603,65.95105266312062,,,,,,,77.46359176731626,77.46359176731626,,96.98095133110667,97.48379033184972,,,,,60,100,-40,,,,,,,,,,,,,,,0.11896218617478171
1997-07-07,92.375,92.5,90.03125,91.78125,86.43085773029462,88.03289684385479,77.83587742748297,60.71474584748037,0.8637359033422012,4.174962403025646,3.3112264996834444,0,,,66.86629083753462,66.20010983815264,,,,,,,76.28494041620326,,,96.14825671527478,96.3131845228192,,,,,60,100,-40,,,,,,,,,,,,,,,0.15805369845717215
1997-07-14,91.89062,94.09375,91.0625,91.29687,86.48043932098787,88.68569147508383,78.36375948915031,61.01904559029151,0.7340762054752856,4.228821756527552,3.494745551052266,0,,,66.64825149669443,66.67448151629169,,,,,,,74.17910184130413,,,95.47288823614767,95.85180442759732,,,,,60,100,-40,,,,,,66.67448151629169,,105,,,,,,,0.1345255666586151
1997-07-21,91.28125,94.8125,90.6875,94.03125,88.41487222663159,89.75480318006706,78.97817088173265,61.34752523615926,0.7569673465726248,4.440954734268047,3.683987387695422,0,,,66.68331439437559,66.73261890953488,,,,,,,77.90855503568369,,,95.24219818853675,95.39042433237546,,,,,60,100,-40,,,,,,,,,,,,,,,0.15298001442616443
1997-07-28,94.25,96.03125,93.42187,94.9375,89.13300635330076,90.79134254405365,79.60402692558627,61.68175384077459,0.7558821392331669,4.628840061736881,3.872957922503714,0,,,67.85440203692302,67.061989309331,,,67.061989309331,,67.061989309331,,78.99771488496326,78.99771488496326,,95.76039676990561,95.42718440730182,95.76039676990561,,,,60,100,-40,,,,,,67.061989309331,,,,106,,,,,0.17388698707300132
1997-08-04,94.78125,96.625,92.40625,93.375,89.17484447092214,91.30807403524292,80.1440650853672,61.99710952395096,0.5805532437101437,4.598649477141393,4.018096233431249,0,,,65.55598158913432,66.6978993401443,,,,,,,72.33642050181143,,,88.66328863566318,92.12853961213345,,,,,60,100,-40,,,,,,66.6978993401443,,105,,,,,,,0.1527247680773674
1997-08-11,93.75,94.54687,89.625,89.78125,88.98378415157055,91.00270922819433,80.52199390554888,62.27356863316538,0.1742499826095365,4.23590871169317,4.061658729083634,0,,,55.756055329066236,63.05547965170785,,,,,,,59.77703454510459,,,64.79174401585678,77.71878370585397,,,,,60,100,-40,,,,,,,,,,,,,,,0.060673537963658056
1997-08-18,90.375,94.3125,89.34375,92.5625,88.70592528360123,91.31466738255547,80.9941706151352,62.57495103482543,0.05091600809325758,4.125303739200206,4.074387731106948,0,,,49.92486717146941,57.07896802988998,,,,,,,64.88818786920496,,,41.17043202981256,54.850901511169404,,,,,60,100,-40,,,,,,,,,,,,,,,0.047166751835057336
1997-08-25,92.78125,93.40625,89.71875,90.375,88.44121633477256,91.12673390604438,81.36204627728677,62.85156843746398,-0.20580299384988265,3.8171339887945948,4.022936982644477,0,,,41.29418971920481,48.99170407324681,,,,,,,58.54898917643346,,,19.198172183005532,29.43775281008159,,,,,60,100,-40,,,,,,,,,,,,,,,0.04526866149219077
1997-09-01,90.6875,94.4375,90.59375,93.14062,88.37845088228882,91.52951112483551,81.82395112915788,63.15295203510116,-0.21610189893567355,3.7528096089748857,3.9689115079105592,0,,,41.008194799723206,44.075750563465796,,,,,,,63.440822853946706,,,17.399651511651122,17.811964281921856,,,,,60,100,-40,,,,,,,,,,,,,,,0.03074890011794598
1997-09-08,93.71875,94.28125,90.25,92.65625,88.26659724783961,91.75485889986841,82.24874716330855,63.44651718898075,-0.2783238049293324,3.6210067517488937,3.899330556678226,0,,,38.62267490897348,40.30835314263382,,,,,,,62.05139831309154,,,13.476057909803423,13.224511529229176,,13.476057909803423,,,60,100,-40,,,,,,,,,,,,,,,0.053542882447680955
1997-09-15,92.65625,96.375,92.1875,95.03125,88.2609474444225,92.41013711989473,82.75002178435527,63.7607931373491,-0.18671559720646957,3.6659360601701394,3.852651657376609,0,,,45.775425181022,41.802098296572886,,,,,,,66.0061155380476,,,22.366236848077502,18.861854181978263,,,,,60,100,-40,,,,,,41.802098296572886,,,,,,,,,0.037794512768998846
1997-09-22,95.5,96.20312,93.625,94.46875,88.14632619839232,92.82185969591578,83.20957975359624,64.06634494692771,-0.19053073286452005,3.614488241295959,3.805018974160479,0,,,50.031050511076906,44.80971686702412,,,,,,,64.28715894500382,,,24.706395203902655,22.252753553089928,,,,,60,100,-40,,,,,,,,,,,,,,,0.007312946480007736
1997-09-29,94.5,97.75,94.15625,96.64062,89.87917361279287,93.58561175673262,83.73628721423952,64.39046708675927,-0.07902001228724487,3.706243958801423,3.7852639710886677,0,,,56.47235995085299,50.759611880983954,,,,,,,67.7952734232606,,,33.15307677673836,29.83420248059221,,,,,60,100,-40,,,,,,,,,,,,,,,0.047555067558383186
1997-10-06,97.3125,98.5,96.21875,96.875,90.08312121187909,94.2434894053861,84.25153085289679,64.7136962699756,-0.0245368383681579,3.7545929231284703,3.779129761496628,0,,,61.89912036139674,56.13417694110887,,,,,,,68.16091765620422,68.16091765620422,,37.22636595798498,34.52117996089246,37.22636595798498,,,,60,100,-40,,,,,,,,,,,,,,,0.014688843677663118
1997-10-13,97.34375,97.54687,93,94.28125,90.24236255388773,94.25104152430887,84.64485317239104,65.00790078470222,-0.18908224904797155,3.5427769501866635,3.731859199234635,0,,,55.54633379620586,57.97260470281852,,,57.97260470281852,,57.97260470281852,,59.994688133020595,,,34.58201173699533,36.39188162548817,,,,,60,100,-40,,,,,,57.97260470281852,,105,,106,,,,,-0.028167801206194526
1997-10-20,94.84375,97.5,93.67187,94,90.06656951432431,94.2008332194471,85.01172167543453,65.2963793838594,-0.3342754866680031,3.314014840899631,3.648290327567634,0,,,50.54711574058554,55.99752329939603,,,,,,,59.1620507672447,,,24.45770849814341,30.404777699966704,,,,,60,100,-40,,,,,,,,,,,,,,,-0.1086007779552826
1997-10-27,93.01562,93.9375,84.375,92.0625,90.00601026330115,93.77316657555768,85.2882227862018,65.56270894222897,-0.5646640119384512,2.9424603126445703,3.5071243245830215,0,,,24.454516243422535,43.515988593404636,,,,,,,53.60945827579513,,,10.485812317689136,18.06360144505022,,,,,60,100,-40,,,,,,,,,,,,,,,-0.03400272087871092
1997-11-03,93.1875,95.28125,91.4375,92.9375,89.12165238735108,93.60603326044614,85.58819444164487,65.83509492290331,-0.6555997828173679,2.687624596061312,3.3432243788786797,0,,,18.612372587313672,31.20466819044057,,,,,,,55.646091956195974,,,6.411878721843987,8.560604982584037,,6.411878721843987,,,60,100,-40,,,,,,,,,,,,,,,-0.04333354853975584
1997-11-10,93.625,93.84375,90.09375,93.0625,89.12635578825457,93.49732660835691,85.88130446354116,66.10601437640676,-0.7007312688627558,2.467310292800235,3.168041561662991,0,,,9.112768056977236,17.39321896257114,,,,,,,55.94541397682931,,,7.042694186616462,5.314141006166229,,,,,60,100,-40,,,,,,,,,,,,,,,-0.007355766704431388
1997-11-17,94.375,96.8125,93.6875,96.75,89.14411608909353,94.14786128668553,86.30752781791209,66.41092965624351,-0.48584011382069026,2.560741419387128,3.046581533207818,0,,,20.273832923028237,15.99965785577305,,,,,,,63.761082252321096,,,23.167665186963816,14.842432550524569,,,,,60,100,-40,,,,,,15.99965785577305,,,,,,,,,0.023850293269339035
1997-11-24,96,96.34375,94.625,95.625,89.16060779701542,94.44328902934842,86.67291888387632,66.70161692334557,-0.425251933486519,2.515016616349669,2.9402685498361882,0,,,26.317919992300222,18.568173657435235,,,,,,,60.22951900769103,,,35.16687325257342,27.649472923904153,,,,,60,100,-40,,,,,,,,,,,,,,,0.015468443087652568
1997-12-01,96.21875,99,96.03125,98.9375,91.47056438294288,95.34213122347873,87.1538828492145,67.02237197883467,-0.18039388251731747,2.7147761966895416,2.895170079206859,0,,,39.25097643990152,28.61424311840999,,,,,,,66.20098335834159,66.20098335834159,,56.05030048136531,46.569443091844086,56.05030048136531,,,,60,100,-40,,,,,,,,,,,,,,,0.07718620009986668
1997-12-08,98.96875,99,94.90625,95.75,91.52177406987553,95.42370497878298,87.49098548257864,67.3082190238214,-0.2472785708418619,2.5860718656545316,2.8333504364963935,0,,,40.90413010197169,35.491008844724476,,,,,,,57.24142058661709,,,51.638593931866176,52.87315482896539,,,,,60,100,-40,,,,,,,,,,,,,,,0.030793045132986897
1997-12-15,96.25,97.875,92.375,94.78125,91.46664735059872,95.29521398302639,87.77687820875202,67.58158251612168,-0.363892323333884,2.3784850323290385,2.7423773556629225,0,,,33.297827647740206,37.81764472987114,,,,,37.81764472987114,,54.799548100676304,,,44.319537105395284,51.14356627911101,,,,,60,100,-40,,,,,,37.81764472987114,,,,106,,,,,0.017338257800745226
1997-12-22,95.4375,95.90625,93.25,93.78125,91.21456539698453,94.99242118642111,88.01234376919312,67.84227572491649,-0.5067271220148526,2.1089684531443567,2.6156955751592093,0,,,22.56619258513296,32.25605011161495,,,,,,,52.30437332206373,,,20.91076347118071,32.43026697720199,,,,,60,100,-40,,,,,,,,,,,,,,,0.02132118934459767
1997-12-29,94.59375,97.65625,94.4375,97.5625,91.38673929719991,95.50643694913688,88.386859699813,68.13799934954419,-0.35222598955117634,2.175413088220239,2.5276390777714153,0,,,28.948251321199102,28.270757184690755,,,,,,,59.80203094308041,,,19.21128484495322,21.327334396686357,,,,,60,100,-40,,,,,,28.270757184690755,,,,,,,,,0.1085605053377993
1998-01-05,97.84375,98.4375,91.90625,92.3125,91.37250791882849,94.86764955930951,88.5408063782517,68.3785416445736,-0.5950101425401191,1.7838763995962665,2.3788865421363856,0,,,16.92531342112929,22.813252442487116,,,,,,,48.366044455137626,,,14.613416508581548,13.92833206888565,,14.613416508581548,,,60,100,-40,,,,,,22.813252442487116,,,,,,,,,0.03942183930438162
1998-01-12,91.125,96.6875,90.90625,96.3125,90.97982878176931,95.15661964744761,88.84557867714379,68.65649147895596,-0.4824083304878859,1.7758761290265284,2.2582844595144143,0,,,10.606611237593288,18.82672532664056,,,,,,,55.40497816615045,,,24.300515965447673,20.248692043098217,,,,,60,100,-40,,,,,,,,,,,,,,,0.12398183952957104
1998-01-19,96.6875,98.01562,95,95.9375,90.72234101164292,95.3127957179581,89.12369323882443,68.92794430006087,-0.4310630266074784,1.7194556762550661,2.1505187028625445,0,,,19.327541216026933,15.619821958249837,,,,,,,54.64835101218494,,,23.739582547063282,22.782501482550284,,,,,60,100,-40,,,,,,15.619821958249837,,,,,,,,,0.09359684055450707
1998-01-26,96.375,99.5625,95.40625,98.3125,90.878335225097,95.91273657436648,89.48403860200779,69.22032793886623,-0.2443226656556048,1.8451153707930388,2.0894380364486436,0,,,32.99228291301535,20.97547845554519,,,,,,,58.53364142599705,,,37.76094495541899,32.14272335255285,,,,,60,100,-40,,,,,,,,,,,,,,,0.10743914472987123
1998-02-02,99.90625,101.625,99.71875,101.625,93.54773985187579,97.05518925949318,89.96015473526238,69.54276248673821,0.07787737634108449,2.1867847568749994,2.108907380533915,0,,,51.48786243247345,34.60256218717191,,,,,,,63.28607058405061,,,49.688246103293466,41.863080594112084,,,,,60,100,-40,,,,,,,,,,,,,,,0.1415732996336357
1998-02-09,101.71875,102.9375,100.71875,102,94.02647271959896,98.04415140759454,90.43230552995797,69.86572007393485,0.2804487777567197,2.4594683527298145,2.1790195749730947,0,,,61.93839671363514,48.80618068637465,,,,,,,63.79496329697617,,,66.12327653384267,58.28478280961133,,,,,60,100,-40,,,,,,,,,,,,,,,0.16137358151055936
1998-02-16,102.8125,103.71875,102.15625,103.65625,95.93529609677046,99.16657112607564,90.95089158760668,70.20194425230366,0.4785473195253891,2.777203724379831,2.298656404854442,0,,,68.85996765370375,60.76207559993745,,,,,,,66.0467801190813,,,80.14331929266851,72.94045511397147,,,,,60,100,-40,,,,,,,,,,,,,,,0.17415423976427774
1998-02-23,104.25,105.53125,102.9375,105.125,97.71000708985828,100.35825690086051,91.50673897632798,70.54943734432054,0.6504011885120113,3.111657890494456,2.4612567019824447,0,,,73.492287637938,68.09688400175897,,,,,,,67.96114678898152,,,89.2122808288996,84.93312884680968,,,,,60,100,-40,,,,,,,,,,,,,,,0.21262818647464096
1998-03-02,105.25,105.9375,103.15625,105.9375,98.68161372629697,101.47410552068841,92.07265117333472,70.90155737074521,0.7534338035037349,3.403048956362113,2.6496151528583782,0,,,74.8657003621328,72.40598521792485,,,,,,,69.00833947660223,,,95.96199126483725,93.1903997030074,,,,,60,100,-40,,,,,,,,,,,,,,,0.2918953256882926
1998-03-09,105.53125,108,105.25,107.09375,99.95881988870433,102.59803441655073,92.66171387241964,71.26167869043928,0.8281495437446518,3.6848020825391927,2.856652538794541,0,,,76.83996728282195,75.06598509429759,,,,,,,70.49507798940638,,,98.70416927294278,97.40833854588554,,,,,60,100,-40,,,,,,,,,,,,,,,0.3642880644769959
1998-03-16,107.84375,110.1875,107.53125,109.875,102.85685061093973,104.05342753324058,93.33674470095221,71.64589084277323,0.9830162762915342,4.085422884158959,3.1024066078674246,0,,,79.69876631867533,77.13481132121002,,,,,,,73.77360477277522,,,99.78893047111117,99.57786094222236,99.78893047111117,,,,60,100,-40,,,,,,,,,,,,,,,0.3450868786017002
1998-03-23,109.71875,111.53125,109,109.625,102.91618271015832,105.16774202659246,93.97549981071879,72.02379242642722,0.9843139416230979,4.332799034896297,3.348485093273199,0,,,80.15512344759148,78.89795234969625,,,,,,,72.98388442946442,,,99.37717448984763,99.68858724492382,,,,,60,100,-40,,,,,,,,,,,,,,,0.34569929311568104
1998-03-30,109.625,112.8125,108.96875,112.59375,105.77038394514702,106.65294362127398,94.70562726912198,72.42747359631352,1.0924591198242508,4.714058993053513,3.621599873229262,0,,,80.11775455094305,79.99054810573661,,,79.99054810573661,,79.99054810573661,,76.25396960494398,76.25396960494398,,99.22146811230954,99.37717448984763,,,,,60,100,-40,,,,,,,,,,,,,,,0.3554987421623125
1998-04-06,113.25,113.375,109.75,111.1875,105.70866009192223,107.55985489701918,95.35197521935248,72.81314550082782,0.9802128856508907,4.8468659802928755,3.866653094641985,0,,,77.67706306421466,79.31664702091639,,,,,,,71.79454697375962,,,95.8618781127173,97.46381992374438,,,,,60,100,-40,,,,,,79.31664702091639,,105,,,,,,,0.29041571217968204
1998-04-13,111.375,112.4375,110,112.28125,105.68259508535635,108.50413391761535,96.01586834800533,73.20586295853101,0.8930237730669361,4.9829328109756545,4.089909037908718,0,,,74.23732392443407,77.34404717986394,,,,,,,73.11912403666155,,,92.83753567595558,94.7501923470932,,,,,60,100,-40,,,,,,,,,,,,,,,0.3304544189180737
1998-04-20,112,113.4375,110.34375,110.8125,105.82803472211661,108.96580713409227,96.59612841278943,73.58005835197847,0.660542430861204,4.915587076485224,4.25504464562402,0,,,70.04004940016532,73.98481212960469,,,,,,,68.4432107860038,,,84.17299820680516,88.38270293002962,,,,,60,100,-40,,,,,,,,,,,,,,,0.237224403976185
1998-04-27,109.375,112.59375,107.625,112.59375,105.869335813394,109.69139570727381,97.2234861220918,73.9682542887747,0.5550836876158929,4.9488992551438855,4.393815567527993,0,,,64.36079739757925,69.54605690739288,,,,,,,70.88906581457722,,,79.01560048590648,82.2298433650529,,,,,60,100,-40,,,,,,,,,,,,,,,0.3435384814580274
1998-05-04,112.71875,113.3125,109.34375,111.125,105.63982968386586,109.97811656581905,97.7686435290686,74.33797315157297,0.32609601473216276,4.801435585943196,4.475339571211033,0,,,59.8743756089504,64.75840746889833,,,,,,,66.29889050994849,,,63.680678168542315,70.78150185685635,,,,,60,100,-40,,,,,,,,,,,,,,,0.3374956367818469
1998-05-11,111.5625,112.6875,110.34375,111.03125,105.56957399216115,110.18874325265524,98.28874574361492,74.70308038389562,0.11869276307014953,4.62370552504872,4.505012761978571,0,,,55.814072422069756,60.01641514286647,,,,,,,66.0033605126329,,,50.282160912743656,58.23638347811892,,,,,60,100,-40,,,,,,,,,,,,,,,0.3174427132387309
1998-05-18,110.71875,112.78125,109.82812,111.25,105.7364794212925,110.4009946021242,98.79703022425748,75.0667313253494,-0.04463687523317006,4.449216667937108,4.493853543170278,0,,,51.698677094454155,55.79570837515812,,,,,,,66.38215536322662,66.38215536322662,,30.961586580917874,40.20774149735811,,,,,60,100,-40,,,,,,,,,,,,,,,0.27989017159001667
1998-05-25,112.09375,112.09375,107.57812,109.03125,105.80440874834304,110.12704568169936,99.19837217624739,75.4046867350474,-0.3272338360895475,4.084811248058344,4.412045084147891,0,,,41.04862249625365,49.520457337592525,,,,,,,59.141426470378434,,,18.58915968182564,25.30542234387433,,,,,60,100,-40,,,,,,,,,,,,,,,0.3073091428242255
1998-06-01,108.96875,112,107.875,112,105.64427169488997,110.50163654535949,99.7003967967867,75.76881920534544,-0.3379710813135599,3.989581232505941,4.327552313819501,0,,,37.239145422828805,43.328815004512215,,,,,,,64.71959756331508,,,15.510632716611124,16.15239852936921,,,,,60,100,-40,,,,,,,,,,,,,,,0.32371632208391027
1998-06-08,111.9375,113.0625,108.25,110.4375,105.5513772881121,110.4888092362876,100.12145966750096,76.1137812033022,-0.46615254415495855,3.7448616336258027,4.211014177780761,0,,,33.6709131205904,37.31956034655763,,,,,,,60.04550171692043,,,12.913016162573308,13.141949062194156,,12.913016162573308,,,60,100,-40,,,,,,,,,,,,,,,0.3272350102613029
1998-06-15,108.8125,111.78125,107.5,110.0625,105.36690391038981,110.40354738903008,100.5113043864225,76.45157940028426,-0.5843803515098269,3.480538738393477,4.064919089903304,0,,,25.130409328679473,32.01348929069957,,,,,,,58.93878534418926,,,13.048213869769226,13.412344476585991,,,,,60,100,-40,,,,,,,,,,,,,,,0.31351018484637466
1998-06-22,110.25,114.4375,110.0625,113.6875,106.36525005964768,111.06033791122407,101.02801793989612,76.82208607291825,-0.4335691271165998,3.5229576810075542,3.956526808124154,0,,,36.340668532567655,31.71399699394585,,,,,,,65.58202629803327,,,13.99568736871996,13.339885315836215,,,,,60,100,-40,,,,,,31.71399699394585,,,,,,,,,0.3026274633528531
1998-06-29,114.25,114.9375,113.0625,114.84375,107.41951791253,111.81702032897925,101.56981135401784,77.20041108711807,-0.2785968891694335,3.608280696662362,3.8868775858317957,0,,,48.24746220873692,36.57284668999469,,,,,,,67.40430301172319,,,24.404775231500693,19.036280786889392,,,,,60,100,-40,,,,,,,,,,,,,,,0.3282348117309419
1998-07-06,114.78125,116.9375,114.5625,116.46875,109.30696306163499,112.74736626318341,102.15408345778185,77.59114082754476,-0.09859100075225191,3.7636388348914807,3.8622298356437326,0,,,58.89681044211315,47.82831372780591,,,,,,,69.8358561044787,,,44.512134975599324,33.36225726222859,,,,,60,100,-40,,,,,,,,,,,,,,,0.3291049250709662
1998-07-13,116.5625,119,116.0625,118.5625,111.57298355723249,113.91039301054673,102.79755077316295,77.99881604319108,0.11780852742883674,4.0094904949297785,3.8916819675009418,0,,,67.6818412720861,58.2753713076454,,,,,,,72.68051120926674,72.68051120926674,,64.43695720619344,53.577299194367235,64.43695720619344,,,,60,100,-40,,,,,,,,,,,,,,,0.33779731930609247
1998-07-20,118.75,119.23437,112.875,114.09375,111.65259187457303,113.94706440843738,103.24053897813695,78.35796961490063,-0.07339706516619193,3.7999356360432017,3.8733327012093937,0,,,64.11578832785794,63.56481334735241,,,63.56481334735241,,63.56481334735241,,59.66941874856094,,,62.01991695510924,63.749615454302045,,,,,60,100,-40,,,,,,,,,,106,,,,,0.2279337196971609
1998-07-27,113.625,115,111.3125,111.78125,111.23767531210353,113.5139015267499,103.57546882213158,78.69053956898122,-0.3722842133591153,3.4079774345104994,3.7802616478696147,0,,,49.760531123485165,60.519386907809746,,,,,,,54.2272596223102,,,45.532122574361594,56.66276970566482,,,,,60,100,-40,,,,,,60.519386907809746,,105,,,,,,,0.14768339215778553
1998-08-03,111.78125,112.42187,105.59375,109.125,111.234091361239,112.63612122139992,103.79309749577348,78.99337002103115,-0.7440847271762605,2.8501557388992893,3.59424046607555,0,,,26.40809015525497,46.76146986886604,,,,,,,48.70013900796996,,,16.90439244452597,32.12511969700669,,,,,60,100,-40,,,,,,,,,,,,,,,0.11962365835591715
1998-08-10,108.75,109.65625,105.5,106.125,110.78210340686478,111.33389697711993,103.88454465280198,79.26333648848357,-1.1623369310257567,2.141319302293354,3.303656233319111,0,,,5.945869600144736,27.3714969596283,,,,,,,43.30023597906605,,,6.014190105850606,12.028380211701212,,,,,60,100,-40,,,,,,,,,,,,,,,0.07589031624962146
1998-08-17,106,111.09375,105.5,108.5625,110.74409602066015,110.77961758169594,104.06799388210386,79.5548704537723,-1.2381209346230042,1.7560050650403554,2.9941259996633596,0,,,-4.474904150503747,9.293018534965322,,,,,,,48.34196096263188,,,4.159624421807362,2.5007285089149947,,4.159624421807362,,,60,100,-40,,,,,,,,,,,,,,,0.05423317719290763
1998-08-24,109.25,111.25,102.15625,103.375,110.50344630489872,109.29869406535676,104.04081765143313,79.79188666816262,-1.5790675408715904,1.0202915735738713,2.5993591144454617,0,,,-18.131763847596588,-5.553599465985197,,,,,,,40.11750141473566,,,4.848766945583108,3.8790135564664863,,,,,60,100,-40,,,,,,,,,,,,,,,-0.017641187117607662
1998-08-31,103.75,104.01562,93.625,97.75,109.7799858545488,106.98895525228541,103.79411892000438,79.97057436300678,-2.0926611585037214,-0.016467333684190066,2.0761938248195313,0,,,-37.262539869007284,-19.956402622369204,,,,,,,33.43536038369855,,,5.81852033469973,5.81852033469973,,,,,60,100,-40,,,,,,,,,,,,,,,-0.06618264070647199
1998-09-07,100.875,103.125,96.8125,101.6875,108.92293400779532,105.92866420182833,103.71150641333755,80.18666317531516,-2.072517143694669,-0.5144526047988052,1.5580645388958638,0,,,-44.255980460045485,-33.21676139221645,,,,,,,40.900313496876024,,,6.381075344004472,6.0997978393521,,,,,60,100,-40,,,,,,,,,,,,,,,0.0010832435295754193
1998-09-14,102.875,105.25,101.09375,102.09375,108.70968872152422,105.16168136146266,103.64806498536352,80.40464413874486,-1.9395251431889513,-0.8663418900903253,1.073183253098626,0,,,-44.06486144861127,-41.86112725922134,,,,,,,41.63194705787001,,,11.386285007162488,8.813360799420389,,,,,60,100,-40,,,,,,,,,,,,,,,-0.07645677239994184
1998-09-21,99.625,107,98.9375,104.25,108.81971095570107,104.97934508917012,103.67167028005514,80.64191136124491,-1.626672390094887,-0.9601572345199827,0.6665151555749043,0,,,-41.993155110869026,-43.43799900650859,,,,,,,45.510661623557525,,,19.814885049550327,15.062833040665524,,,,,60,100,-40,,,,,,-43.43799900650859,,,,,,,,,-0.05291047078729972
1998-09-28,105.3125,106.3125,97.21875,100.71875,108.36383874457955,104.1272260713361,103.55586948475886,80.84168089993899,-1.5767421075860553,-1.3044124789076648,0.27232962867839045,0,,,-44.06245633672466,-43.37349096540165,,,,,,,40.71094836036361,,,22.591697886155245,20.927385511412552,,,,,60,100,-40,,,,,,-43.37349096540165,,,,,,,,,-0.052660602443037705
1998-10-05,99.59375,101.28125,92.21875,98.53125,103.32445740568102,103.00803085706887,103.35882558339577,81.01769651287492,-1.604875263940015,-1.7337644512466284,-0.1288891873066133,0,,,-51.86583532468031,-45.973815590757994,,,,,,-45.973815590757994,38.02005441857675,,,22.044612104282493,23.228042881974513,,,,,60,100,-40,,,,,,,,,,,,,,,-0.019259035163074683
1998-10-12,100.625,107.25,98.75,106,100.48654973384666,103.6064246856551,103.46240105071358,81.26627664707517,-1.0605651332904347,-1.4545956039196568,-0.39403047062922203,0,,,-41.28835586926104,-45.738882510222,,,,,,,50.196199485757255,,,23.92997397368911,23.244284883716656,,,,,60,100,-40,,,,,,-45.738882510222,,,,,,,,,0.03420355659823929
1998-10-19,105.6875,108.79687,105.5,106.84375,97.39152832428618,104.25388974852407,103.59500297029344,81.52077886949233,-0.6063670572178776,-1.151989292151569,-0.5456222349336914,0,,,-25.208088453809236,-39.454093215916856,,,,,,,51.36551290212834,,,34.386777758825346,28.56259997697568,,,,,60,100,-40,,,,,,,,,,,,,,,-0.008630976862044611
1998-10-26,107.71875,110.90625,106.03125,110,98.6336520154086,105.40311179881925,103.84617932439957,81.80415420412425,-0.08349890411087446,-0.6499958650722846,-0.5664969609614101,0,,,-9.268168627932104,-25.254870983667455,,,,,,,55.59084344089313,,,57.184316059277776,44.79881268072304,,,,,60,100,-40,,,,,,,,,,,,,,,0.019531842957661593
1998-11-02,110.8125,114.5625,110.1875,114.125,102.87410544287941,107.1474894390554,104.24927033128586,82.1257546598046,0.5170143830522486,0.07977101785390062,-0.43724336519834794,0,,,8.487189591791298,-8.663022496650008,,,,,,,60.455150073129246,,,77.32409129012741,66.10723938969059,,,,,60,100,-40,,,,,,,,,,,,,,,0.038907216154836735
1998-11-09,113.9375,114.25,111.6875,113.21875,103.02595505410231,108.36174155124432,104.60101463201974,82.4351376980155,0.8124532357484379,0.5783231794871995,-0.23413005626123842,0,,,19.703964374292433,6.307661779383875,,,,,,,58.919150591683994,,,91.80247687988816,85.42892909704328,,,,,60,100,-40,,,,,,,,,,,,,,,0.02761522925608511
1998-11-16,114.21875,116.75,112.89062,116.625,105.95267255023786,110.01439324099546,105.07254346997975,82.77533533286112,1.1745518802938155,1.234059794106031,0.05950791381221546,0,,,30.119109755003496,19.43675457369574,,,,,,,62.77068206832766,,,96.61847242019526,94.98847817342194,,,,,60,100,-40,,,,,,,,,,,,,,,0.03972612687932048
1998-11-23,117.46875,119.71875,117.15625,119.5,109.0386416537923,111.91151459279637,105.63832607900015,83.14075488178787,1.5228696064430292,1.963094921866002,0.44022531542297283,0,,,40.34665160185757,30.056575243717834,,,,,,,65.71023934132518,65.71023934132518,,98.23639299959599,98.2243193322234,98.23639299959599,,,,60,100,-40,,,,,,,,,,,,,,,0.03982515980117574
1998-11-30,119.01562,119.375,115.09375,118.375,109.34391724995,113.20421167423709,106.13780348766682,83.49134438545167,1.5855487460012156,2.4221612479244925,0.8366125019232767,0,,,44.21692891835141,38.22756342507083,,,,,,,63.58206001117859,,,98.10413924478698,98.17630295587777,,,,,60,100,-40,,,,,,,,,,,,,,,0.04413178624061051
1998-12-07,118.0625,119.75,115.5625,117.125,109.43988744638214,113.98836933938966,106.56867393913086,83.82600762539742,1.4543184148622517,2.6545105205010913,1.2001921056388396,0,,,45.64869893137401,43.404093150527665,,,,,,,61.19633606613485,,,94.78626791340423,96.4632445068683,,,,,60,100,-40,,,,,,,,,,,,,,,0.06295230283117707
1998-12-14,116.15625,119.125,113.75,118.5,109.56025262878342,114.89069547151173,107.03656907877279,84.17102247489596,1.3726353766226977,2.9159863264172117,1.543350949794514,0,,,45.168131222316255,45.01125302401389,,,,,,,62.85713034666448,,,91.90095344932395,93.73579343807107,,,,,60,100,-40,,,,,,,,,,,,,,,0.12432522452484739
1998-12-21,119.25,123.25,119,122.6875,112.68987744101317,116.45005637720939,107.65033107568365,84.55427100748406,1.5026482473295357,3.4216612589564335,1.9190130116268977,0,,,50.86170774278509,47.226179298825116,,,,,,,67.45300551825923,,,91.88532608133991,91.73651423579919,,91.88532608133991,,,60,100,-40,,,,,,,,,,,,,,,0.14542506539981764
1998-12-28,123.25,124.75,122,123.3125,113.35042190951224,117.82254510176752,108.26453377859802,84.9399250273101,1.5277572563535644,3.8287095820688535,2.300952325715289,0,,,55.3972795500255,50.47570617170894,,,,,,,68.09139812525969,,,94.98792332500066,93.01902450936468,,,,,60,100,-40,,,,,,,,,,,,,,,0.18469893605669027
1999-01-04,123.375,128.29687,121.71875,127.75,118.1066417731185,119.80803608141402,109.02866970884908,85.36589592256074,1.7256210769407154,4.457978671891183,2.732357594950468,0,,,59.95304676894018,55.40401135391693,,,,,,,72.2743188857571,72.2743188857571,,98.16516001125288,96.33032002250576,98.16516001125288,,,,60,100,-40,,,,,,,,,,,,,,,0.21475057711518739
1999-01-11,127.6875,127.6875,120.375,124.375,117.85572164646717,120.72142886513122,109.63048658301186,85.7540462118885,1.5188833801020367,4.630961820078014,3.112078439975977,0,,,58.90933929751505,58.086555205493575,,,,,,,65.22886171049537,,,93.05778352393781,95.76809729712807,,,,,60,100,-40,,,,,,,,,,,,,,,0.2861749248647674
1999-01-18,125.29687,127.9375,121.78125,122.5625,117.50888438600524,121.08964309210498,110.13762436407022,86.120299483412,1.1656400795142625,4.569128539368805,3.4034884598545423,0,,,56.82413141656124,58.56217249433882,,,58.56217249433882,,58.56217249433882,,61.72800941041108,,,81.62667720443629,88.40020603990503,,,,,60,100,-40,,,,,,58.56217249433882,,105,,106,,,,,0.30855806301689165
1999-01-25,123.28125,128.29687,121.90625,127.65625,117.36092835843343,122.40296447368398,110.82462929096943,86.53359252337805,1.1771715135202165,4.874952851754813,3.6977813382345963,0,,,57.10693698649931,57.613469233525194,,,,,,,67.1033648184848,67.1033648184848,,71.37605337782225,76.9881812188399,,,,,60,100,-40,,,,,,,,,,,,,,,0.3081336749287914
1999-02-01,128.6875,128.6875,123.21875,124.0625,117.1900591899739,122.73487157894718,111.3437614756373,86.90701448831956,0.8596332210706086,4.772322864572857,3.9126896435022482,0,,,54.968642513666666,56.299903638909065,,,,,,,60.59820142243194,,,55.712178356339166,63.01035765461262,,,,,60,100,-40,,,,,,,,,,,,,,,0.3046423796828249
1999-02-08,125.09375,126.09375,121.32812,123.625,117.16309067640434,122.91289726315775,111.82537867267112,87.27236757798802,0.5519515046437729,4.602629024306964,4.050677519663191,0,,,49.09243530310546,53.722671601090475,,,,,,,59.833223999416234,,,42.37843370496918,49.733698001202164,,,,,60,100,-40,,,,,,,,,,,,,,,0.2848913133446913
1999-02-15,124.75,125.75,122.21875,124.25,117.23849419951831,123.18031781052619,112.31261872472324,87.64030421900307,0.33312514178830277,4.467083946898569,4.133958805110266,0,,,44.98322738635959,49.68143506771057,,,,,,,60.60291609610153,,,22.536365136429378,32.127474684915164,,,,,60,100,-40,,,,,,,,,,,,,,,0.31653479867094103
1999-02-22,124.4375,128.84375,122.6875,123.5625,117.48485175669558,123.25675424842095,112.75379053943998,87.99773900289358,0.09694288932829664,4.255137416770637,4.15819452744234,0,,,43.92685709282963,46.00083992743155,,,,,,,59.24993197297227,,,12.404323487847673,18.19426799309378,,12.404323487847673,,,60,100,-40,,,,,,,,,,,,,,,0.24405055848475887
1999-03-01,123.65625,128.125,121.78125,127.54687,117.33861234550304,124.11477739873676,113.33391130259919,88.39126269440708,0.16019024205576748,4.35843233001205,4.198242087956283,0,,,44.6443867073885,44.518157062192564,,,,,,,64.25958689343501,,,13.61790605834386,11.698861671808219,,,,,60,100,-40,,,,,,44.518157062192564,,,,,,,,,0.24007656416744771
1999-03-08,128.28125,131.1875,127.25,129.375,118.80103289225282,125.16682191898941,113.96297360445804,88.79906107555725,0.2698274342630542,4.5355263807851,4.265698946522046,0,,,52.68051183485042,47.08391854502284,,,,,,,66.31779600095403,,,25.178750453536146,18.12720758363834,,,,,60,100,-40,,,,,,,,,,,,,,,0.26122727319139366
1999-03-15,129.9375,132.625,129.5,129.6875,119.30631625709191,126.07095753519152,114.57962169840087,89.20591121410892,0.3054545592382434,4.64751714556985,4.342062586331607,0,,,58.724032584271484,52.01631037550346,,,,,,,66.67320508905217,66.67320508905217,,42.6509050063696,33.26726344526316,,,,,60,100,-40,,,,,,,,,,,,,,,0.20088343128900427
1999-03-22,130.0625,130.59375,125.625,128.5625,119.58354366729962,126.56926602815322,115.12796986709104,89.59751906272476,0.2003918906578983,4.592552449653979,4.392160558996081,0,,,55.673792875311584,55.692779098144484,,,,,,,64.03790690659592,,,48.49392968987458,45.31317481766479,,,,,60,100,-40,,,,,,55.692779098144484,,105,,,,,,,0.17092718559332906
1999-03-29,129.15625,131.60937,128.125,129.34375,119.59543340534965,127.12416282252258,115.6854514409306,89.99300394767278,0.1338508317844802,4.559474098726682,4.4256232669422015,0,,,56.13829517895274,56.84537354617859,,,,,,,65.0763847587595,,,49.660493552216806,50.7575545584985,,,,,60,100,-40,,,,,,,,,,,,,,,0.1511023028726225
1999-04-05,130.9375,135.5,130.25,134.875,125.00602816211038,128.67433025801807,116.43798275697254,90.43959097306907,0.3977713938608263,4.922837509268234,4.525066115407408,0,,,63.28417383912166,58.36542063112864,,,,,,,71.40892700766949,71.40892700766949,,57.603993615748685,53.86152608487921,,,,,60,100,-40,,,,,,58.36542063112864,,,,,,,,,0.14078488232484593
1999-04-12,133.46875,136.46875,131,131.53125,124.83149043624536,129.24571420641445,117.02987559003245,90.84846320219276,0.2876953780216507,4.884685337934471,4.59698995991282,0,,,64.61095139851129,61.34447347219521,,,,,,,63.82924125363019,,,59.441585695546024,57.198266270911326,,,,,60,100,-40,,,,,,,,,,,,,,,0.05571476867952446
1999-04-19,132.6875,136.75,128.375,135.8125,125.70513397651355,130.55907136513156,117.76644909630568,91.29586655341473,0.43492988995345616,5.14065232235464,4.705722432401184,0,,,65.05623194409233,64.31711906057508,,,,,,,68.47123497577385,,,68.48298160624199,64.99933236982072,68.48298160624199,,,,60,100,-40,,,,,,,,,,,,,,,0.06347997066097895
1999-04-26,136.5,137.5,131.5,133.25,125.2306601210483,131.09725709210525,118.37364717096035,91.71332061755986,0.29797994940122763,5.0781973691527185,4.780217419751491,0,,,64.580036063454,64.74907313535253,,,64.74907313535253,,64.74907313535253,,63.211113630817344,,,56.45355958158747,61.63966378150474,,,,,60,100,-40,,,,,,64.74907313535253,,105,,,,,,,0.054676844249515785
1999-05-03,133.4375,135.84375,131.84375,135,125.12936296954484,131.8778056736842,119.02566100739328,92.14403384524583,0.2646223604163911,5.110995370271979,4.846373009855588,0,,,62.99982765321494,64.21203188692041,,,,,,,65.18959928422242,,,57.3466258224522,59.481834467309476,,,,,60,100,-40,,,,,,,,,,,,,,,0.05579722352879548
1999-05-10,134.84375,138,131.5,133.78125,125.32101561457736,132.25849453894736,119.60431155612295,92.5583345035021,0.1078812930663684,4.981224626188549,4.873343333122181,0,,,60.95859351858676,62.84615241175189,,,,,,,62.64769019858111,,,44.12610730240566,48.682771791019114,,,,,60,100,-40,,,,,,,,,,,,,,,0.014765563082491976
1999-05-17,133.625,135.59375,130.0625,133.34375,125.14183592782183,132.4755456311579,120.14311306372598,92.964159533318,-0.06836585586645594,4.787886013289111,4.8562518691555665,0,,,54.20130836433725,59.386576512046304,,,,,,,61.71190496132224,,,39.46792326689514,43.429176631294354,,,,,60,100,-40,,,,,,,,,,,,,,,0.02370864423954805
1999-05-24,133.84375,133.84375,128,130.20312,125.11384764726313,132.0210605049263,120.5376231396583,93.33469645338448,-0.41995149403903387,4.331312501606774,4.751263995645808,0,,,39.86123208483985,51.673711322587934,,,,,,,55.2892757391909,,,24.654933701980426,31.096495030062254,,,,,60,100,-40,,,,,,,,,,,,,,,-0.03694643174401272
1999-05-31,130.125,133.35937,128.01562,133.21875,125.04321567245862,132.26059840394106,121.03492223222071,93.73155270757967,-0.46916991481884374,4.164801602122253,4.633971516941097,0,,,31.624770162895594,41.89577020402421,,,,,,,59.65682088813985,,,20.30372737306434,23.581874255630808,,,,,60,100,-40,,,,,,,,,,,,,,,-0.005702207209245121
1999-06-07,133.4375,134.1875,129.09375,129.8125,125.04905741014015,131.77097872315284,121.37914096821206,94.09056710849927,-0.7350503563946473,3.7151585714477875,4.450208927842435,0,,,22.376961212908437,31.287654486881276,,,,,,,53.287257837148154,,,12.006656822774122,14.813066627486188,,12.006656822774122,,,60,100,-40,,,,,,,,,,,,,,,-0.014089226253695996
1999-06-14,130.6875,135.5625,129.54687,134.3125,125.09019616655871,132.27928297852228,121.88633151847824,94.49078534622565,-0.6165587300644653,3.6795105152618532,4.2960692453263185,0,,,26.285526997221243,26.76241945767507,,,,,,,59.47918460528305,,,18.222618605880427,15.667766180080207,,,,,60,100,-40,,,,,,,,,,,,,,,-0.023244075149657616
1999-06-21,134.46875,135.25,130.65625,131.70312,124.9966992975188,132.16405038281783,122.27130361579282,94.86105733283037,-0.715660425674761,3.401493713232867,4.117154138907628,0,,,25.40833715672968,24.690275122286437,,,,,,,54.90718144946904,,,14.599547865311752,14.794203445091563,,,,,60,100,-40,,,,,,24.690275122286437,,,,,,,,,-0.006854812076088364
1999-06-28,132.6875,139.5,132.5,139.40625,128.70675649055318,133.61249030625427,122.94326229752643,95.3042930807624,-0.28619889418290967,3.7594055211789907,4.0456044153619,0,,,43.542925603306934,31.745596585752605,,,,,,,63.804976240867134,,,28.46926060030502,23.03022112945567,,,,,60,100,-40,,,,,,,,,,,,,,,0.05140586097199182
1999-07-05,139.25,140.75,138.51562,140.5,129.45091602694222,134.9899922450034,123.6317618152705,95.75400160732198,0.030899859241623417,4.084229239413929,4.053329380172306,0,,,58.461581851433436,42.47094820382333,,,,,,,64.87120692730949,,,37.26279207215112,30.70969412524715,,,,,60,100,-40,,,,,,,,,,,,,,,0.07167279674913786
1999-07-12,140.9375,142.15625,138.65625,141.8125,131.23343916787493,136.3544937960027,124.34473194016185,96.21229512366703,0.2748386464974786,4.396877688294154,4.1220390417966755,0,,,66.45787085662703,56.15412610378911,,,,,,,66.1668578170712,66.1668578170712,,58.94302511615103,48.90256008062789,58.94302511615103,,,,60,100,-40,,,,,,,,,,,,,,,0.14563661273680564
1999-07-19,142.1875,142.25,135.125,135.75,131.4890863701696,136.23359503680217,124.79199735427315,96.60570512243652,-0.011147173539614919,4.108105074872157,4.1192522484117715,0,,,61.97292273710055,62.29745848172032,,,62.29745848172032,,62.29745848172032,,55.85771651909911,,,55.40162900386811,55.90065954461638,,,,,60,100,-40,,,,,,62.29745848172032,,105,,106,,,,,0.06275581415759156
1999-07-26,134.875,137.3125,132.5625,132.75,131.20861591515748,135.53687602944174,125.1040758893997,96.96534984758641,-0.41882061972179585,3.5957264737595267,4.0145470934813225,0,,,46.14215518299643,58.190982925574644,,,,,,,51.55187486229383,,,42.926204436866016,52.434624372131516,,,,,60,100,-40,,,,,,,,,,,,,,,0.02228596547524339
1999-08-02,132.75,134.75,128.84375,130.375,131.28746477836052,134.5045008235534,125.31077879569774,97.29778417746117,-0.8405539799962498,2.9638546184860104,3.80440859848226,0,,,25.734550206769192,44.61654270895537,,,,,,,48.35503387498218,,,18.33507455883214,31.247633020596172,,,,,60,100,-40,,,,,,,,,,,,,,,0.026739477076008253
1999-08-09,130.59375,133.25,127,133.15625,131.1955030084776,134.23485065884273,125.61844433312136,97.6545848324118,-0.918016240804211,2.6568882974769963,3.5749045382812072,0,,,10.77087353311439,27.549192974293316,,,,,,,52.12167335533429,,,11.218908593409965,15.319529446372153,,11.218908593409965,,,60,100,-40,,,,,,,,,,,,,,,0.06779209303482481
1999-08-16,133.125,134.84375,131.6875,133.90625,131.06100279358637,134.16913052707417,125.94345632005778,98.01529791865646,-0.9031726313154911,2.445938749136843,3.3491113804523343,0,,,6.834324567133052,14.446582769005522,,,,,,,53.120505068057874,,,12.824503705582899,9.547452812170432,,,,,60,100,-40,,,,,,,,,,,,,,,0.09275137449319376
1999-08-23,134.8125,138.78125,134.65625,135.0625,131.3780740226159,134.34780442165933,126.30106587613395,98.38392679508773,-0.8032671780782201,2.345027407854559,3.148294585932779,0,,,13.816049019913464,10.473749040053612,,,,,,,54.69889655063707,,,22.54233734613964,17.076129257930617,,,,,60,100,-40,,,,,,10.473749040053612,,,,,,,,,0.026644550508786252
1999-08-30,135.34375,136.5,130.65625,135.96875,131.42696159242905,134.67199353732747,126.68019074373653,98.75790513543512,-0.6694074256171048,2.3115353039113984,2.980942729528503,0,,,11.428692246961612,10.693021944669354,,,,,,,55.957988172028394,,,30.759969206651466,26.40750961166175,,,,,60,100,-40,,,,,,,,,,,,,,,0.13133865893174043
1999-09-06,136.0625,136.625,133.6875,135.875,131.33396433582698,134.91259482986197,127.04077149888411,99.12722946244573,-0.5835748745108127,2.2514741363899873,2.8350490109008,0,,,14.732713657910947,13.325818308261987,,,,,,,55.7842299521292,,,37.205984187674545,34.38323565283475,37.205984187674545,,,,60,100,-40,,,,,,,,,,,,,,,0.10513256155200394
1999-09-13,135.125,135.46875,130.3125,133.75,131.66278831183934,134.68007586388958,127.30387849892787,99.47173464192387,-0.6606438713783263,2.009244171677892,2.6698880430562184,0,,,4.5707374024078185,10.244047769093438,,,,,,,51.83209476422099,,,35.59495026479861,36.5827655134382,,,,,60,100,-40,,,,,,10.244047769093438,,,,,,,,,0.14416391863854786
1999-09-20,133.9375,134,126.3125,127.75,131.59312486099367,133.29406069111167,127.32137345975423,99.7531104166311,-1.0815640246982072,1.3179330121834596,2.399497036881667,0,,,-16.62237727865108,0.8936912605558737,,,,,,,42.600277494688854,,,26.02928722872472,31.673610549030712,,,,,60,100,-40,,,,,,,,,,,,,,,0.05256768023634865
1999-09-27,128.75,129.75,125.5625,128.46875,131.22486594235127,132.32899855288935,127.36636861819524,100.03883817367955,-1.264698059438806,0.8186244625831591,2.083322522021965,0,,,-32.108767926407126,-14.720135934216819,,,,,,,43.897047245896154,,,14.721252036992095,21.108650749640496,,,,,60,100,-40,,,,,,,,,,,,,,,0.09416097093733185
1999-10-04,129.1875,133.875,128.6875,133.875,125.53916123218332,132.63819884231148,127.62160906454052,100.37551640080711,-0.987164371175907,0.8493670580520813,1.8365314292279884,0,,,-27.607717380479777,-25.446287528512684,,,,,,,52.61940613038121,,,15.409768233630196,14.884588425005715,,,,,60,100,-40,,,,,,,,,,,,,,,0.14796033798743666
1999-10-11,133.59375,134.125,124.5,124.875,125.5118104298845,131.0855590738492,127.51389890514677,100.61929235701798,-1.3525651253811923,0.14582502250149787,1.4983901478826902,0,,,-39.1129207760596,-32.94313536098219,,,,,,,41.09650961125883,,,14.668098922602855,13.401249802951034,,14.668098922602855,,,60,100,-40,,,,,,,,,,,,,,,0.10703604104613824
1999-10-18,124.9375,131.21875,123.4375,130.09375,124.88373468489276,130.88719725907936,127.61506953631749,100.91257054252029,-1.1912996441600303,0.009265592682652368,1.2005652368426827,0,,,-44.02320199610692,-36.91461338421546,,,,,,,48.219582045784406,,,25.052750927276364,20.493849484765533,,,,,60,100,-40,,,,,,,,,,,,,,,0.11567094226704076
1999-10-25,129.3125,137.6875,127.8125,137,125.59516435025756,132.1097578072635,127.98310602508936,101.27164944259471,-0.5979762522417937,0.4530949215404405,1.0510711737822342,0,,,-25.565666454829305,-36.233929742331966,,,,,,,55.87019524448286,,,39.27922947238291,31.02626483920194,,,,,60,100,-40,,,,,,-36.233929742331966,,,,,,,,,0.2021436657856824
1999-11-01,136.5,139.10937,134.59375,137.875,125.87408118238201,133.2628062458108,128.37102343587017,101.63586188595197,-0.14848770093934793,0.8654615476080494,1.0139492485473973,0,,,-5.030743201190845,-24.87320388404238,,,,,,,56.74734021375256,,,66.76765937182333,52.669791304749445,,,,,60,100,-40,,,,,,,,,,,,,,,0.1969888956996931
1999-11-08,137,139.98437,136.07812,139.75,127.96120109792616,134.56024499664863,128.81725781093408,102.01510704131563,0.2514411235292249,1.3282506529589284,1.0768095294297035,0,,,10.978291453942493,-6.539372734025907,,,,,,,58.65507040553567,,,87.18208442364507,75.69047259793781,,,,,60,100,-40,,,,,,,,,,,,,,,0.2621359288520971
1999-11-15,139.84375,143,139.40625,142.49609,130.9913124480743,136.14741399731892,129.35368260266216,102.4179028916508,0.6543597851131886,1.8947592608211892,1.2403994757080006,0,,,26.006517144372992,10.65135513237486,,,,,,,61.35919035536154,,,96.58987061470827,93.17974122941654,,,,,60,100,-40,,,,,,,,,,,,,,,0.2376614771083757
1999-11-22,142.4375,143,140,141.375,131.299689416069,137.19293119785513,129.82510681432248,102.80553569869905,0.7897449451705274,2.22758065717116,1.4378357120006324,0,,,34.345081065860185,23.776629888058537,,,,,,,59.63419907303348,,,98.01662893380366,98.67673852923993,98.01662893380366,,,,60,100,-40,,,,,,,,,,,,,,,0.21119810826637536
1999-11-29,140.875,145.34375,139,143.84375,133.01852088634976,138.5230949582841,130.3748575274863,103.21387613950802,0.9776433894528069,2.659889948816641,1.682246559363834,0,,,40.99241392192326,33.78133737738546,,,,,,,62.17124359764594,62.17124359764594,,97.7970994486395,98.23767955891162,,,,,60,100,-40,,,,,,,,,,,,,,,0.21098194804757045
1999-12-06,143.53125,143.71875,139.375,141.875,132.88550153732479,139.1934759666273,130.82584350680057,103.5985639391149,0.90318706576678,2.811230391572309,1.908043325805529,0,,,42.58145494914458,39.30631664564265,,,,,,,58.96928339585167,,,94.22083830066649,95.78867881951696,,,,,60,100,-40,,,,,,,,,,,,,,,0.2498359059147994
1999-12-13,141.4375,143.3125,140.03125,142.6875,133.02984071323016,139.89228077330182,131.29100650653388,103.98750857653664,0.8436293111695878,2.9625799647675137,2.118950653597926,0,,,43.54358226322372,42.3724837114305,,,,,,,59.89279774552847,,,92.98769023976087,93.99622439992629,,,,,60,100,-40,,,,,,,,,,,,,,,0.3098725899548746
1999-12-20,142.5625,146.48437,141.09375,146.48437,135.97413280514232,141.21069861864146,131.88682468274823,104.41036291905867,0.9850645264732476,3.3502813116894856,2.365216785216238,0,,,48.34742866040589,44.824155290924715,,,,,,,63.9953795312328,,,92.09146302996555,92.20376998033565,,92.09146302996555,,,60,100,-40,,,,,,,,,,,,,,,0.37360989645260145
1999-12-27,146.5,147.5625,145.0625,146.875,136.34540546191784,142.34355889491317,132.47459626381692,104.8328966213566,1.0254405332168481,3.647017451737298,2.62157691852045,0,,,53.28123195710283,48.39074762691079,,,,,,,64.40123535195801,64.40123535195801,,95.11483711729637,93.54699659844592,,,,,60,100,-40,,,,,,,,,,,,,,,0.3437698409401144
2000-01-03,148.25,148.25,137.25,145.75,136.74037650035228,143.02484711593053,132.99520033190254,105.24003197835802,0.9012968566730906,3.748197989361813,2.8469011326887226,0,,,50.01928150787729,50.54931404179532,,,,,,,62.21324486116502,,,96.2156305190642,95.27327368846768,,,,,60,100,-40,,,,,,50.54931404179532,,,,,,,,,0.3539945681335956
2000-01-10,146.25,147.46875,142.875,146.96875,135.98659960746997,143.81362769274443,133.54318267182794,105.65524310295147,0.8280616583055167,3.8819782055706185,3.0539165472651018,0,,,51.15807882981224,51.48619743159744,,,51.48619743159744,,51.48619743159744,,63.66213305924563,,,96.48064851042294,96.70049050166337,96.48064851042294,,,,60,100,-40,,,,,,,,,,106,,,,,0.42575017578740193
2000-01-18,145.34375,146.96875,143.8125,144.4375,136.11478892122213,143.93840215419556,133.97041080234447,106.04113620640469,0.5493704585763579,3.7406296204855494,3.1912591619091915,0,,,49.27893295010729,50.15209776259892,,,,,,,58.605985210803155,,,89.04873636657389,92.87906665049776,,,,,60,100,-40,,,,,,,,,,,,,,,0.36395027458158546
2000-01-24,145.65625,145.84375,135.53125,135.875,136.43917899827767,142.32572172335645,134.04510057480155,106.33799057251011,-0.22963954055847235,2.904209736211101,3.133849276769573,0,,,31.05309552756826,43.83003576916258,,,,,,,45.394080034009605,,,66.7312590334094,78.73543266716284,,,,,60,100,-40,,,,,,,,,,,,,,,0.27676876404400674
2000-01-31,135.8125,144,135,142.59375,135.71807692697215,142.37932737868516,134.3803417287309,106.69874439765925,-0.3056656087893934,2.7517672657828314,3.057432874572225,0,,,20.909499645367596,33.74717604101436,,,,,,,54.17560974683414,,,48.65315623391541,59.31295098753421,,,,,60,100,-40,,,,,,,,,,,,,,,0.29593909740121255
2000-02-07,142.5625,144.5625,138.03125,138.6875,135.23598214647413,141.64096190294813,134.54924989623166,107.01704047330443,-0.6144555603783006,2.2893634240993492,2.90381898447765,0,,,12.529896077185574,21.49749708337379,,,,,,,49.192890180381305,,,30.337033051584157,38.348628245780226,,,,,60,100,-40,,,,,,,,,,,,,,,0.307303783275005
2000-02-14,139.78125,141.21875,134.625,135.3125,135.14100127886883,140.3752695223585,134.57918127285004,107.29858733426659,-1.0176465227399354,1.6317608310527305,2.649407353792666,0,,,-3.156155779468685,10.094413314361482,,,,,,,45.29368456559815,,,24.936758461206175,27.548079065024265,,,,,60,100,-40,,,,,,,,,,,,,,,0.2302693390196214
2000-02-22,135.1875,137.46875,133.09375,133.32812,135.04387618752105,138.96583961788681,134.53012004646376,107.55758765929876,-1.367804731381737,0.9396514395654947,2.3074561709472317,0,,,-18.41081019762833,-3.012356633303813,,,,,,,43.11680911481493,,,11.857152135057573,17.091294996222835,,11.857152135057573,,,60,100,-40,,,,,,,,,,,,,,,0.09227062148720852
2000-02-28,133.375,141.71875,132.71875,141.125,135.2706528884124,139.39767169430945,134.7887427897397,107.89159176219131,-1.0390324994467148,1.008665546638838,2.0476980460855527,0,,,-18.661789144576662,-13.409585040557891,,,,,,,52.777404615781386,,,15.097628664439089,14.785926115039643,,,,,60,100,-40,,,,,,,,,,,,,,,0.21453888818532388
2000-03-06,140.8125,142,135.03125,140.1875,134.82051696781153,139.55563735544757,135.00045875876953,108.21294408296552,-0.8569941653497004,0.9764553393984272,1.8334495047481276,0,,,-16.77764556871282,-17.9500816369726,,,,,,,51.635111396980086,,,23.01347768148222,17.014823962673823,,,,,60,100,-40,,,,,,-17.9500816369726,,,,,,,,,0.20018254349565193
2000-03-13,136.6875,148,136.0625,146.9375,134.6927121843964,141.03200988435805,135.4685780231315,108.59826304731412,-0.28391699233379475,1.478553264330884,1.7624702566646788,0,,,0.2960701654729512,-11.714454849272178,,,,,,,58.620759256471324,,,43.02941764847988,32.62007447777223,,,,,60,100,-40,,,,,,,,,,,,,,,0.21791577710541868
2000-03-20,146.875,155.75,144.5,153.5625,140.45796488551096,143.53810790748645,136.17814359085185,109.04566839012692,0.4968839931394702,2.3835752480890164,1.8866912549495463,0,,,24.484014492195406,2.6674796963185137,,,,,,,64.12956388820906,64.12956388820906,,60.975927817745884,51.10068696374248,,,,,60,100,-40,,,,,,,,,,,,,,,0.23730245800580027
2000-03-27,153.375,153.78125,147.125,150.375,139.7868602508316,144.90548632598916,136.73488305787725,109.45690552057341,0.7396080367705453,2.811201300912728,2.071593264142183,0,,,36.079568089205864,20.28655091562474,,,,,,,59.96832016135445,,,76.67696550611852,69.41096512579347,,,,,60,100,-40,,,,,,,,,,,,,,,0.19682603183650532
2000-04-03,150.125,153,141.39062,151.4375,139.8199416614865,146.21188906079132,137.31145627129382,109.87462287857765,0.9018912369899317,3.1989573103795976,2.297066073389666,0,,,39.60120127950591,33.38826128696906,,,,,,,60.88485847524291,,,84.49304772682903,80.94505750296274,84.49304772682903,,,,60,100,-40,,,,,,,,,,,,,,,0.21180327531562146
2000-04-10,151.75,153.10937,133.5,138.375,139.14307011423745,144.64451124863305,137.35316386849797,110.15820872058185,0.10176842745374248,2.424276607706844,2.3225081802531014,0,,,26.591626652274353,34.09079867366204,,,,,34.09079867366204,,46.65741285561738,,,69.28677841625246,77.63939016741095,,,,,60,100,-40,,,,,,34.09079867366204,,,,106,,,,,0.15751046910429176
2000-04-17,135.1875,145.125,134.6875,143.8125,137.37169082036334,144.47810899890644,137.60647116777255,110.49307729052632,-0.07923323448333619,2.223466637148931,2.3026998716322673,0,,,15.489976122110487,27.227601351296915,,,,,,,51.742702594770044,,,57.02306282428057,65.7553325660876,,,,,60,100,-40,,,,,,,,,,,,,,,0.17517835442849394
2000-04-24,141.5,148.75,140.5,145.09375,137.03710576176596,144.60123719912514,137.90008994550698,110.8373625911181,-0.12775492593885662,2.1430062142086967,2.2707611401475534,0,,,16.147062046913646,19.40955494043283,,,,,,,52.88916326174004,,,41.974417872129195,48.29344887295647,,,,,60,100,-40,,,,,,,,,,,,,,,0.1719083400659165
2000-05-01,146.5625,148.48437,139.78125,143.53125,137.03891963592554,144.38723975930012,138.12091975156554,111.16267490364429,-0.27188745337877895,1.9309018234240796,2.2027892768028585,0,,,13.840673487453167,15.159237218825766,,,,,,,51.27966828919196,,,42.80865240828068,42.3908711925842,,,,,60,100,-40,,,,,,,,,,,,,,,0.14369001421112598
2000-05-08,142.75,143.46875,137.75,142.8125,136.9758725190737,144.07229180744008,138.30490329071984,111.47759853644385,-0.41392549491833774,1.6853824081549362,2.099307903073274,0,,,2.864253733532113,10.950663089299644,,,,,,,50.51362831938949,,,40.62363462756882,40.03227243760418,,,,,60,100,-40,,,,,,,,,,,,,,,0.14483128418070396
2000-05-15,142.75,147.71875,140.40625,141.125,137.33473876771131,143.48283344595205,138.41549531853474,111.77259755598172,-0.6080848263201628,1.3392018701730706,1.9472866964932334,0,,,1.1637322525362919,5.9562198245071905,,,,,,,48.66458421423415,,,36.96572867689696,39.593221948826134,,,,,60,100,-40,,,,,,,,,,,,,,,0.10935329070903713
2000-05-22,141.25,141.8125,136.5,138,137.4492217128748,142.38626675676164,138.39920138447457,112.03356673452916,-0.9150865628810696,0.8034284928918964,1.718515055772966,0,,,-15.409323370921953,-3.793779128284516,,,,,,,45.335352311609974,,,28.935065899013487,33.355841005132056,,28.935065899013487,,,60,100,-40,,,,,,,,,,,,,,,0.06405710016504951
2000-05-30,140,149.09375,139.46875,147.84375,137.84124159052658,143.47776340540932,138.76957583998538,112.38988696602638,-0.4470011995331087,1.1597635563565802,1.606764755889689,0,,,-2.183613312977542,-5.476401477121068,,,,,,,55.681694490994516,,,30.495803042273455,29.9610330706024,,,,,60,100,-40,,,,,,-5.476401477121068,,,,,,,,,0.06012985139474852
2000-06-05,147.46875,148.21875,145.625,146.59375,137.37936719120324,144.10096072432745,139.07640619920164,112.73022391163806,-0.22460246794019278,1.3260116709644478,1.5506141389046406,0,,,10.817097037705656,-2.2586132153979466,,,,,,,54.26869753459652,,,34.65663686474858,31.214534384084146,,,,,60,100,-40,,,,,,,,,,,,,,,0.0691828846173711
2000-06-12,146.96875,148.875,144.625,146.59375,136.03976953468873,144.59951857946197,139.3712039953114,113.06717441997998,-0.08756987216797141,1.4411517986946762,1.5287216708626477,0,,,18.999274851656608,9.210919525461575,,,,,,,54.26869753459652,,,45.33319846982061,39.94892732474968,45.33319846982061,,,,60,100,-40,,,,,,,,,,,,,,,0.11544598644936226
2000-06-19,146.46875,149.15625,143.875,144.375,136.53246456792525,144.55461486356958,139.5674312896129,113.37869507251749,-0.1526224437605006,1.337943616162022,1.4905660599225226,0,,,21.501351848600198,17.105907912654157,,,,,,,51.54393342272069,,,43.7573160019066,44.08271024102944,,,,,60,100,-40,,,,,,,,,,,,,,,0.06425136260934537
2000-06-26,145.375,146.98437,143.51562,145.28125,133.2488956702163,144.69994189085565,139.79150261158887,113.69613343000488,-0.14114986306797817,1.3141287310875498,1.455278594155528,0,,,20.911901214047504,20.470842638101438,,,,,,,52.59707416824429,,,44.35196504732102,45.71333036807933,,,,,60,100,-40,,,,,,,,,,,,,,,0.09762208336378336
2000-07-03,145.4375,148.78125,144.21875,148.09375,134.04584955091514,145.37870351268452,140.11708094054617,114.03839827149737,0.03965991964288529,1.5048534937091347,1.4651935740662494,0,,,27.811925941515042,23.408393001387584,,,,,,,55.82498536446669,,,47.23864594952819,45.224953347100715,,,,,60,100,-40,,,,,,,,,,,,,,,0.15397830701137982
2000-07-10,147.875,151.25,147.15625,151.25,137.55373529727834,146.55296281014762,140.55366600170123,114.40866296531331,0.33897556134644335,1.8889130257493036,1.5499374644028603,0,,,40.83176855869582,29.851865238086123,,,,,,,59.20245483775083,,,62.91725671592969,54.51936292759444,,,,,60,100,-40,,,,,,,,,,,,,,,0.2512365047941605
2000-07-17,150.98437,151.98437,147.6875,147.6875,137.9472184903299,146.7798702481181,140.83342419771296,114.73979567212612,0.26733023644592224,1.8841002599602632,1.616770023514341,0,,,45.390418730483006,38.01137107689796,,,,,,,54.14088040343538,,,71.59699788973296,65.94037120892163,71.59699788973296,,,,60,100,-40,,,,,,,,,,,,,,,0.17270189392757573
2000-07-24,148.125,148.85937,141.51562,142.09375,138.28357859816347,145.8426461984945,140.8828487389791,115.01197432215471,-0.16330939860811755,1.4126332752541941,1.5759426738623117,0,,,28.774043653526732,38.33207698090185,,,,,38.33207698090185,,47.266830508411424,,,64.5920339739292,69.43821075566692,,,,,60,100,-40,,,,,,38.33207698090185,,,,,,,,,0.10350713916980875
2000-07-31,142.9375,146.71875,142.0625,146.375,138.16064441258038,145.9491169587956,141.09822721980345,115.32404422939696,-0.16581322577011148,1.3686761416496722,1.5344893674197837,0,,,19.401472346834346,31.188644910281358,,,,,,,52.28946207712125,,,51.77802463044861,60.13888275590826,,,,,60,100,-40,,,,,,,,,,,,,,,0.06546728128616487
2000-08-07,146.71875,149.21875,145.5625,147.32812,138.43041981168176,146.22491756703647,141.34253674059548,115.64249274452735,-0.11185412775644421,1.3946717077242283,1.5065258354806725,0,,,22.736967360515187,23.637494453625422,,,,,,,53.360826915176986,,,44.7964913669453,48.18900160776777,,44.7964913669453,,,60,100,-40,,,,,,,,,,,,,,,0.017698530307208686
2000-08-14,147.78125,150.4375,147.0625,149.6875,138.82378268227592,146.91743405362917,141.66979020174858,115.98124903562658,0.06466537891072943,1.5873575591190843,1.5226921802083548,0,,,31.462523986711368,24.53365456468697,,,,,,,56.00987987494477,,,55.74305363360009,49.076813724577995,,,,,60,100,-40,,,,,,24.53365456468697,,,,,,,,,0.038808057589972064
2000-08-21,150.03125,151.625,149.28125,151.25,139.2292267763991,147.78394724290334,142.0454847036408,116.33218188104323,0.25774752568610015,1.84487658731598,1.5871290616298799,0,,,41.664530011441144,31.954673786222568,,,,,,,57.732275469451324,,,67.49707830507079,59.701857819721646,,,,,60,100,-40,,,,,,,,,,,,,,,0.0035667952202438737
2000-08-28,151.25,153.59375,150.34375,152.375,140.8780320066563,148.70215779432266,142.45056373487057,116.690816887202,0.4225814425543042,2.11535586482276,1.692774422268456,0,,,50.52159154698777,41.21621518171343,,,,,,,58.98488663060187,,,81.91864146438037,75.38471881545071,,,,,60,100,-40,,,,,,,,,,,,,,,0.07180946569498761
2000-09-05,151.875,152.20312,149.32812,149.8125,141.2349582918951,148.92422623545812,142.7392671178168,117.020385873399,0.3247782659638465,2.098747254723264,1.7739689887594177,0,,,49.84779059875853,47.34463738572915,,,47.34463738572915,,47.34463738572915,,54.965402837996685,,,83.61761255966329,82.74502200576414,83.61761255966329,,,,60,100,-40,,,,,,,,,,106,,,,,-0.007140733695265071
2000-09-11,149.75,151.1875,146.03125,146.09375,141.59540698533118,148.3581309883665,142.8708154661377,117.30967307863881,-0.007043157704706093,1.765165041628535,1.772208199333241,0,,,37.511477315261075,45.96028648700246,,,,,,,49.64659593075905,,,69.90765767642398,78.18952064493011,,,,,60,100,-40,,,,,,45.96028648700246,,,,,,,,,-0.05831735401188008
2000-09-18,146.375,146.96875,142.42187,145.28125,141.62877077209325,147.7427547906932,142.9653423106029,117.58799722711007,-0.2826619193661988,1.4188808001254927,1.7015427194916914,0,,,17.548556018175866,34.96927464406516,,,,,,,48.534946482519054,,,46.18658071214628,59.62228981144321,,,,,60,100,-40,,,,,,,,,,,,,,,-0.03282710134836372
2000-09-25,145.9375,146.32812,142.125,143.625,141.7468042883723,146.91920383255456,142.99121123959887,117.84707188156668,-0.5618074605387566,0.9992833938182457,1.5610908543570023,0,,,1.3885994847111114,18.816210939382685,,,,,,,46.24810053714107,,,22.978276758912916,35.08330495964825,,,,,60,100,-40,,,,,,,,,,,,,,,-0.10282237663077953
2000-10-02,144.28125,145.75,139.75,141.0625,141.9055154106314,145.74786306604364,142.91557550471265,118.0780711663272,-0.8850845332395787,0.454735187807529,1.3398197210471077,0,,,-13.932449008068575,1.6682354982728018,,,,,,,42.86304742084567,,,9.837359408433574,15.824709746973518,,,,,60,100,-40,,,,,,,,,,,,,,,-0.0948203762198558
2000-10-09,141.3125,141.3125,132.78125,137.5625,141.7961928813006,144.11079045283492,142.70565097511607,118.27194608009509,-1.2768874497350802,-0.25628959112174243,1.0205978586133377,0,,,-32.258409165371035,-14.934086229576165,,,,,,,38.67450752875068,,,2.4538762713452082,4.907752542690407,,2.4538762713452082,,,60,100,-40,,,,,,,,,,,,,,,-0.048841185612607
2000-10-16,137.40625,141.1875,130.15625,139.90625,141.3330719612077,143.26988236226794,142.59587054471936,118.48721278576579,-1.3152573235283813,-0.623473795797139,0.6917835277312423,0,,,-42.122614389173066,-29.437824187537558,,,,,,,42.73408787120316,,,5.158200891693996,3.541602713320408,,,,,60,100,-40,,,,,,,,,,,,,,,-0.030473060207345044
2000-10-23,139.9375,141.9375,134.03125,139.28125,140.54588824969287,142.47215588981436,142.4658854253186,118.6941186286935,-1.3165517530735282,-0.953906163610668,0.3626455894628602,0,,,-44.98995623586528,-39.790326596803126,,,,,,,41.932191052019796,,,9.248843333350116,6.318121434191956,,,,,60,100,-40,,,,,,,,,,,,,,,0.005176914523332268
2000-10-30,138.4375,143.90625,138.15625,142.78125,140.26136051757194,142.5339747118515,142.47825266354138,118.93379157766172,-1.0282916052947733,-0.9227189171556063,0.10557268813916687,0,,,-39.07175191396447,-42.06144084633427,,,,,,,47.86700195991998,,,21.375037950468766,15.426110050878348,,,,,60,100,-40,,,,,,-42.06144084633427,,,,,,,,,0.0528066214532149
2000-11-06,143.15625,144.29687,136.53125,136.625,140.30519190917394,141.3521797694812,142.2487133434025,119.1098235022621,-1.1875509629964578,-1.3788660156064054,-0.19131505260994763,0,,,-40.617265113071085,-41.559657754300275,,,,,,,40.064385753237445,,,21.54279867191931,20.64728210660152,21.54279867191931,,,,60,100,-40,,,,,,,,,,,,,,,0.029765942352430994
2000-11-13,135.625,140.10937,133.01562,136.64062,140.05794677280437,140.40986781558496,142.02878811424947,119.28425928830924,-1.2223772444975596,-1.7192866082318972,-0.4969093637343376,0,,,-46.71943661062256,-42.136151212552704,,,,,,,40.09122815192529,,,20.939174055020644,22.91015729933439,,,,,60,100,-40,,,,,,-42.136151212552704,,,,,,,,,0.029713475708938186
2000-11-20,135.75,136.375,132.125,134.84375,137.36184343188978,139.29664425246796,141.74702191369067,119.43908009141064,-1.2902684657725856,-2.1097449459500695,-0.819476480177484,0,,,-53.532105696633344,-46.956269140108994,,,,,,,37.971908235904124,,,9.450277803427984,15.07676541369999,,,,,60,100,-40,,,,,,,,,,,,,,,0.025041200544558617
2000-11-27,136.46875,136.6875,129.75,132.21875,133.88733747246908,137.88106540197435,141.37336419158515,119.56624098602347,-1.4252337198287943,-2.6010186299634768,-1.1757849101346824,0,,,-58.93588616896066,-53.06247615873885,,,,,,,35.04040092566308,,,5.08842465791747,8.242207579924452,,,,,60,100,-40,,,,,,,,,,,,,,,-0.03275157794452347
2000-12-04,131.875,139.125,131.5,133.96875,132.955652653007,137.09860232157948,141.08298716446416,119.70954953342623,-1.3127139014102212,-2.816677286897459,-1.5039633854872378,0,,,-57.02367689911586,-56.49722292156995,,,,,,,38.471069559466734,,,4.804850207868037,3.8420330862006344,,4.804850207868037,,,60,100,-40,,,,,,,,,,,,,,,-0.01596190121155212
2000-12-11,137.375,139.5625,130.5625,130.96875,131.0905167492208,135.87263185726357,140.68635041291654,119.82158137886478,-1.3511156715766344,-3.192857974958031,-1.8417423033813964,0,,,-56.987523234561145,-57.64902876754589,,,,,,,35.034849242153626,,,5.128829730597946,4.489992131660453,,,,,60,100,-40,,,,,,-57.64902876754589,-107,,,,,,,,-0.017767295380029132
2000-12-18,132.0625,134.96875,125.53125,130.9375,129.85637269570503,134.88560548581086,140.30404255358647,119.93218753429896,-1.2895609300062105,-3.4536934658891596,-2.164132535882949,0,,,-61.75928272192686,-58.59016095186795,,,,,,,34.99957153573152,,,5.767667329535438,5.7676673295354375,5.767667329535438,,,,60,100,-40,,,,,,-58.59016095186795,,,,,,,,,-0.03770996934674151
2000-12-26,130.84375,134.28125,130.28125,131.1875,129.43136393172608,134.14598438864869,139.94653108089682,120.04418069316166,-1.1476942964665056,-3.598750406466081,-2.4510561099995756,0,,,-60.32315538309172,-59.68998711319324,,,,,,,35.56190621399287,,,2.8844190603617097,4.326043194948573,,,,,60,100,-40,,,,,,,,,,,,,,,-0.05818102407029815
2001-01-02,132,136,127.5625,129.1875,129.8134986508885,133.15428751091895,139.52460829341067,120.13515899472225,-1.1039005244274405,-3.830931765533876,-2.7270312411064355,0,,,-60.08192484608821,-60.7214543170356,,,,,,-60.7214543170356,33.08153653668943,,,2.163606993068278,2.8844190603617093,,,,,60,100,-40,,,,,,-60.7214543170356,-107,,,,,,,,-0.11967193748794537
2001-01-08,129.875,133.71875,127.6875,132,129.53440946153933,132.92343000873515,139.2295256152377,120.25321711417774,-0.8142341441721745,-3.744823921321654,-2.9305897771494793,0,,,-58.04462661204344,-59.48323561374112,,,,,,,39.50909592728505,,,10.943399453623512,6.193097189699178,,,,,60,100,-40,,,,,,,,,,,,,,,-0.11263921151220246
2001-01-16,132,136.1875,131.51562,134.01562,129.61900521428652,133.14186800698812,139.02505872836562,120.39015644637497,-0.4346435823607515,-3.4738942551004186,-3.039250672739667,0,,,-47.46169200914668,-55.19608115575944,,,,,,,43.70700229989165,,,27.95274807326082,18.260498197461082,,,,,60,100,-40,,,,,,,,,,,,,,,-0.1149841523606247
2001-01-22,134.25,137.3125,133.5625,135.875,123.75112412755179,133.6884944055905,138.90152701352775,120.54423449168468,-0.027569281315949823,-3.0737122743846044,-3.0461429930686545,0,,,-33.105292257437185,-46.20387029287576,,,,,,,47.35788284010687,,,54.81771728161971,40.74353355746195,,,,,60,100,-40,,,,,,,,,,,,,,,-0.08533463346003575
2001-01-29,135.5,138.7,134.75,134.8,124.13608811844095,133.9107955244724,138.74068281691882,120.68608290470274,0.18818934712814883,-2.8109063091584687,-2.9990956562866176,0,,,-20.245868743441648,-33.60428433667517,,,,,,,45.509271776488085,,,72.3754954586338,62.821972468026395,,,,,60,100,-40,,,,,,,,,,,,,,,-0.10772101297751349
2001-02-05,134.8,136.7,131.25999,131.84,123.69936325283801,133.49663641957792,138.47006780449064,120.79706715440719,0.15199937667421537,-2.8090964354438483,-2.9610958121180637,0,,,-21.493831659281533,-24.94833088672013,,,,,,,40.762880981740985,,,76.2055106106309,75.80798516907011,76.2055106106309,,,,60,100,-40,,,,,,,,,,,,,,,-0.15176434864949434
2001-02-12,131.7,134.17,129.3,130.39999,123.79190730620672,132.87730713566233,138.15359416509884,120.89261862550761,0.056445817039187496,-2.8905385408190796,-2.946984357858267,0,,,-29.44402863096826,-23.72790967789715,,,,,,,38.63902219437423,,,65.34694674824232,72.30648699947938,,,,,60,100,-40,,,,,,-23.72790967789715,,,,,,,,,-0.16258981159930527
2001-02-20,131.03999,131.14,121.8,124.96001,123.95927107004911,131.29384770852988,137.63619870764398,120.9330901814727,-0.32670400691545387,-3.3553643665025845,-3.0286603595871306,0,,,-46.63780927918058,-32.52522318981013,,,,,,,31.8479783106324,,,43.23132859937851,55.36327493698848,,,,,60,100,-40,,,,,,,,,,,,,,,-0.1563758553571194
2001-02-26,125.8,127.84,121.75,123.61,123.47610885075989,129.7570781668239,137.08615169950107,120.95972610006501,-0.6082712957818481,-3.788999479314441,-3.180728183532593,0,,,-57.29060549121716,-44.45748113378867,,,,,,,30.411023107566578,,,23.60198046081594,34.17268742010141,,,,,60,100,-40,,,,,,,,,,,,,,,-0.1906100157960953
2001-03-05,124.14999,127.75,123.11,123.36,123.49174393284846,128.47766253345912,136.5478712406971,120.98360942245243,-0.7398219553855947,-4.105505627764586,-3.3656836723789914,0,,,-61.15148486573079,-55.026633212042846,,,,,,,30.13822325231793,,,7.355109293883167,14.710218587766333,,,,,60,100,-40,,,,,,,,,,,,,,,-0.26943587812062036
2001-03-12,122.34,122.5,114.81,115.00999,123.71340508050214,125.7841280267673,135.7032484469443,120.92417042322406,-1.2856865063317975,-4.972791805293738,-3.687105298961941,0,,,-71.71690676504438,-63.38633237399745,,,,,,,22.753035485158733,,,2.171878916921749,4.343757833843496,,,,,60,100,-40,,,,,,,,,,,,,,,-0.3855923450092571
2001-03-19,115.75999,118.46001,108.03999,114.48,123.36066186046628,123.52330242141385,134.87096419412293,120.8600493244855,-1.5606341089955649,-5.6378979352063965,-4.077263826210832,0,,,-78.74981031345693,-70.53940064807738,,,,,,,22.37601117651215,,22.37601117651215,4.539578589578418e-15,6.710681393289836e-15,,,,,60,100,-40,,,,,,,,,,,,,,,-0.3723186193822262
2001-03-26,115.7,118.64999,109.34,116.69,122.76596887043297,122.15664193713107,134.1579852061181,120.81855629638117,-1.4729462478463633,-5.9184466360187855,-4.445500388172422,0,,,-78.81462106368662,-76.42711271406266,,,,,,,27.781849754546656,,,5.028588928591107,2.514294464295555,,,,,60,100,-40,,,,,,,,,,,,,,,-0.29461582887257093
2001-04-02,116.3,117.38,109.3,113.3,122.37232966540205,120.38531354970486,133.3400250019566,120.74374479094455,-1.5165840209080539,-6.341230414307489,-4.824646393399435,0,,,-78.12214803626576,-78.5621931378031,,,,-78.5621931378031,,-78.5621931378031,24.90021017238945,,,8.613826438735511,6.192634067589421,,,,,60,100,-40,,,,,,-78.5621931378031,-107,,,,,,,,-0.28803092133303176
2001-04-09,114,118.99001,112.78,118.85001,122.18252040358762,120.07825283976389,132.77178911952694,120.72490165869634,-1.06625943865731,-6.157470691721073,-5.091211253063763,0,,,-71.36515109170766,-76.10064006388667,,,,,,,36.56923640000139,,,23.377200371297327,16.333075736340728,,,,,60,100,-40,,,,,,,,,,,,,,,-0.2397847776306336
2001-04-16,118.28999,126,116.91,124.5,121.19841037475994,120.96260227181111,132.44740523248666,120.7624648262715,-0.3211248694941542,-5.492617339931456,-5.171492470437302,0,,,-56.16728259935677,-68.5515272424434,,,,,,,45.84866221838042,,,43.09463617676574,31.911404042416752,,,,,60,100,-40,,,,,,,,,,,,,,,-0.17438488282814177
2001-04-23,123.64999,125.84,120.95,125.78,117.91138106227709,121.92608181744889,132.18593836062445,120.81239054939317,0.29157905848300203,-4.80701864733355,-5.098597705816552,0,,,-40.83568975528257,-56.12270781544901,,,,,,,47.72553634311673,,,70.1959097045302,56.272753181607264,,,,,60,100,-40,,,,,,,,,,,,,,,-0.11593290307597146
2001-04-30,126.45,127.69,123.44,127.34,116.76770098640014,123.00886545395912,131.9959015621686,120.87734188721015,0.8063634520371297,-4.09064339077014,-4.8970068428072695,0,,,-25.48924206126867,-40.830738138636015,,,,,,,50.01302801475914,,,88.44355133270406,78.82100930099399,,,,,60,100,-40,,,,,,,,,,,,,,,-0.041987496999003844
2001-05-07,126.86,127.5,124.39999,125.14999,114.07430305880014,123.4370903631673,131.72743444208356,120.9198557987802,0.9916331869699295,-3.657465359094857,-4.649098546064787,0,,,-14.65176274630047,-26.992231520950583,,,,,,,46.89230568006144,,,94.68584500855806,92.88921240224585,,,,,60,100,-40,,,,,,,,,,,,,,,-0.06876922040230046
2001-05-14,124.89999,130.08,124.46001,129.74001,116.97900426888586,124.69767429053384,131.6494962286685,121.00761852715056,1.3910829145835422,-2.910244902835359,-4.301327817418901,0,,,-2.1500421665496443,-14.097015658039604,,,,,,,53.48277529396485,,,96.7464135731276,97.0103495313849,96.7464135731276,,,,60,100,-40,,,,,,,,,,,,,,,-0.011125613523901881
2001-05-21,129.84,132.09,127.89999,128.10001,117.08764896396544,125.37814143242707,131.51030069028934,121.0781895865819,1.5030808161858031,-2.422476797186647,-3.92555761337245,0,,,8.774789706127118,-2.6756717355743422,,,,,,,51.03151864734811,,,94.87077886566719,95.67662824026873,,,,,60,100,-40,,,,,,,,,,,,,,,-0.022556518052562407
2001-05-29,128.226,128.35001,125,126.73,117.39281618082505,125.64851314594166,131.32283791812114,121.1344265061184,1.4428426728737485,-2.1220042722802646,-3.564846945154013,0,,,11.238619479105221,5.954455672894222,,,,,,,48.99913695105831,,,93.84681058725153,94.56025707010974,,,,,60,100,-40,,,,,,,,,,,,,,,-0.03575378985884923
2001-06-04,126.8,129.23,126.08,127,117.79618573933755,125.91881051675333,131.15331486250855,121.19279042148041,1.379181172916387,-1.8408704790085295,-3.2200516519249165,0,,,14.80016558056606,11.604524921932791,,,,,,,49.429137761375756,,,90.61121035991223,92.10517857882087,,,,,60,100,-40,,,,,,,,,,,,,,,-0.05397346897614269
2001-06-11,126.71001,126.99001,120.39999,121.85001,118.19931604367058,125.10505041340267,130.7884793777043,121.19932991977414,0.967676687770743,-2.010455792211488,-2.978132479982231,0,,,5.297241029817547,10.445342029829598,,,,,,,42.09531744318145,,,83.70649418616125,87.41589865442985,,,,,60,100,-40,,,,,,10.445342029829598,,,,,,,,,-0.0893979795464178
2001-06-18,121.64999,124.31,120.89,122.85001,118.08079275483696,124.65404233072213,130.47716685308845,121.21575459718933,0.7499951668274965,-2.0406385214478604,-2.790633688275357,0,,,-2.8574142413010293,5.746664123027517,,,,,,,43.84786270264384,,,78.0018822187474,81.27952407409776,,,,,60,100,-40,,,,,,,,,,,,,,,-0.04588561328721241
2001-06-25,123.28,124.00999,120.571,122.60001,118.4250225580629,124.24323586457771,130.16825874120264,121.22952828278943,0.5837278794353042,-2.0609738389812264,-2.6447017184165307,0,,,-9.626356869705134,-2.395510027062882,,,,,,,43.49136176338278,,,70.92493026863934,74.1427976546421,,,,,60,100,-40,,,,,,,,,,,,,,,-0.01435426177220571
2001-07-02,122.8,124.32001,119.05,119.05,118.74195166105841,123.20458869166217,129.7322485944888,121.20784143420447,0.2464726808342812,-2.336610867373679,-2.58308354820796,0,,,-18.75417512918299,-10.412648746729728,,,,,,,38.656476332791065,,,65.49964578351191,68.35764870326436,,,,,60,100,-40,,,,,,,,,,,,,,,-0.024195360866452825
2001-07-09,119.491,122.32001,117.09,122.24001,118.77466868526852,123.01167295332974,129.43843531627354,121.21811176819249,0.24929561626075358,-2.2714640278820184,-2.520759644142772,0,,,-25.327486150414664,-17.90267271643427,,,,,,,44.646802484133964,,,58.63213311636719,61.90324299478261,,,,,60,100,-40,,,,,,,,,,,,,,,0.040859844646905404
2001-07-16,121.77,122.98,119.83,121.34,118.8107630648922,122.67733836266379,129.12084961759615,121.21932458641943,0.20354123824332726,-2.266333096338613,-2.4698743345819403,0,,,-26.950672648480527,-23.677444642692734,,,,,,,43.35285442359361,,,48.87288521399523,53.93710913242543,,,,,60,100,-40,,,,,,,,,,,,,,,0.06383740488951412
2001-07-23,121.8,121.88,116.75,120.81,119.14142356025704,122.30387069013103,128.79493394631788,121.21525170496253,0.15288732349445855,-2.278765180213867,-2.4316525037083254,0,,,-32.788757444740995,-28.35563874787874,,,,,,,42.565847756861544,,,40.548800706193184,45.066821486475796,,,,,60,100,-40,,,,,,,,,,,,,,,0.11954495420015492
2001-07-30,121.19,123.25,120.3,121.94,119.16560830595297,122.23109655210483,128.5261130072466,121.2224631307838,0.2074066967560535,-2.1723941327632588,-2.3798008295193123,0,,,-28.811962380434103,-29.517130824551884,,,,,,,44.87715161865376,,,35.873971771288396,37.896846191013104,,,,,60,100,-40,,,,,,-29.517130824551884,,,,,,,,,0.2384001685904424
2001-08-06,121.35001,121.50999,117.34,119.28999,117.85949414124202,121.64287524168387,128.16391210500163,121.20323454241779,0.08328452453868129,-2.2756951738459605,-2.358979698384642,0,,,-35.55692217715696,-32.385880667444034,,,,,,,40.7145256888384,,,30.168812927919337,32.554875783328235,,,,,60,100,-40,,,,,,-32.385880667444034,,,,,,,-291,,0.22117441513991276
2001-08-13,119.60001,120.35001,116.00999,116.75,116.83380670258188,120.66430019334709,127.71630770872706,121.15892375095095,-0.13946862105820124,-2.5333154747073934,-2.393846853649192,0,,,-44.48807295920812,-36.285652505599735,,,,,,,37.13765545891144,,,22.825920353761887,26.821422032899477,,,,,60,100,-40,,,,,,,,,,,,,-268.0909090909091,,0.15642608275946301
2001-08-20,116.8,119.13,115.78,119.02,116.93996050954033,120.33544015467767,127.37527603387501,121.1376409275584,-0.10508446001023364,-2.5252024286619843,-2.4201179686517507,0,,,-48.08132755248339,-42.70877422961616,,,,,,,42.06539569442074,,,18.825998439148698,21.066291406358033,,,,,60,100,-40,,,,,,,,,,,,,-240.2561983471075,,0.21406535066853288
2001-08-27,118.97,119.2,112.03999,114.14999,113.02997333028745,119.09835012374214,126.85663736587992,121.06811206260757,-0.36675334036799656,-2.8785596441117463,-2.5118063037437497,0,,,-56.977992330748066,-49.849130947479864,,,,,,,35.58261670482028,,,13.840274560558047,15.77416831691994,,,,,60,100,-40,,,,,,,,,,,,,-201.11870773854253,,0.13507132290068866
2001-09-04,113.85001,116.17,108.63,108.72,112.70854594955263,117.0226800989937,126.14539668486502,120.94524527591496,-0.8351661268180157,-3.555763962266269,-2.7205978354482534,0,,,-68.00362655396202,-57.68764881239783,,,,,,,29.998363699090405,,,12.68626824882002,13.46615569344389,,,,,60,100,-40,,,,,,,,,,,,,-126.36985178608026,,-0.010386366975488955
2001-09-10,107.7,110.35001,107.7,110.05,112.10579338172744,115.62814407919497,125.51420465800757,120.83683487515958,-0.9752967342599552,-3.9397187532731976,-2.9644220190132424,0,,,-74.51780195474436,-66.49980694648482,,,,,,,32.796901756708834,,,8.2676032589705,10.086992031583327,,,,,60,100,-40,,,,,,,,,,,,,-56.120787824974734,,-0.03643588414780357
2001-09-17,101,106.39999,93.8,97.28,112.11680742588976,111.95851526335598,124.40698094592884,120.60243850824257,-1.7999267150747746,-5.214330412856711,-3.4144036977819363,0,,,-86.54909684765717,-76.35684178545452,,,,,,,23.164300574321075,,23.164300574321075,7.357908872664084,8.267603258970498,,7.357908872664084,,,60,100,-40,,,,,,,,,,,,,134.0829917795661,,-0.14271828430943753
2001-09-24,99.729,109.92,99.06,104.44,110.51846475261192,110.45481221068478,123.62396208530417,120.44161822457846,-1.7343707389750072,-5.582367121500695,-3.847996382525688,0,,,-84.34969615060864,-81.80553165100339,,,,,,,34.79659230879426,,,18.910758397294472,12.679486441826072,,,,,60,100,-40,,,,,,,,,,,,,120.61335691055412,,-0.1187018280822593
2001-10-01,103.89999,108.97,102.83,107.23,109.24999369885393,109.80984976854782,122.98106161137068,120.31015933677172,-1.3892302125842022,-5.5845341482559405,-4.195303935671738,0,,,-78.22588595126662,-83.04155964984415,,,,-83.04155964984415,,-83.04155964984415,38.71330508909547,,,34.11993612866341,24.957529274111845,,,,,60,100,-40,,,,,,-83.04155964984415,-107,,,,,,99.59274656318061,,-0.10068964832716597
2001-10-08,106.27901,110.3,105.52,109.5,109.2792798632215,109.74787981483826,122.45239252857182,120.20259556227647,-0.9169631917532168,-5.34150792536326,-4.424544733610043,0,,,-68.99015771706638,-77.18857993964723,,,,,,,41.79503938368644,,,59.65619502215745,46.93419084507318,,,,,60,100,-40,,,,,,,,,,,,,62.39406536987506,,-0.014189017487178636
2001-10-15,108.63,111.14999,106.00999,107.35001,109.5007598729914,109.26830585187061,121.8601422333337,120.07470913877123,-0.6697562559736454,-5.2617400535771,-4.591983797603454,0,,,-61.557317448257514,-69.59112037219684,,,,,,,39.74445239780863,,,72.44251613177028,65.13639361149932,,,,,60,100,-40,,,,,,,,,,,,,45.59514439353414,,-0.04811204182642279
2001-10-22,107.3,111.78999,106.74001,110.32001,107.00498131063488,109.47864668149649,121.40758802810493,119.97764745579838,-0.24829930687464508,-4.902357931196761,-4.654058624322116,0,,,-51.552301328832705,-60.69992549805221,,,,,,,43.866010996438796,,,83.47759344030752,79.7705061829745,,,,,60,100,-40,,,,,,,,,,,,,-6.331245496199358,,-0.00547579551678329
2001-10-29,110.16,110.55,105.56,109.25,106.89106621701809,109.43291734519718,120.93081987014003,119.87090469504416,0.0030226294390534036,-4.650280337523299,-4.653302966962352,0,,,-46.60392696024198,-53.23784857911074,,,,,,,42.725383327183906,,,86.80006575472046,85.13336271478067,,,,,60,100,-40,,,,,,,,,,,,,-28.81647358779947,,0.05146555631320468
2001-11-05,110.12,114.08,109.85001,112.72,107.04456148723108,110.09033387615774,120.60882693405611,119.79975141449646,0.42425846733537576,-4.122979882793132,-4.547238350128508,0,,,-30.299176651786635,-42.81846831362046,,,,,,,47.51958970759942,,,93.099139454576,90.46243210036319,,,,,60,100,-40,,,,,,,,,,,,,-52.668023844563194,,0.06709609492838016
2001-11-12,111,115.39999,110,114.36,102.54994995242886,110.9442671009262,120.36377489742647,119.74562453475022,0.8121578726306309,-3.532041009340219,-4.34419888197085,0,,,-15.187767369242978,-30.69695699375721,,,,,,,49.676356037255836,,,95.3968432537169,93.74907552772072,,,,,60,100,-40,,,,,,,,,,,,,-64.91020132736989,,0.09615019647701095
2001-11-19,114.92,115.85001,113.50999,115.67999,103.94208781296966,111.89141168074096,120.1800970583117,119.70517045977758,1.136554957333927,-2.9235051853034406,-4.060060142637368,0,,,0.023952280465399767,-15.154330580188086,,,,,,,51.41726759834815,,,98.79674296475031,97.59348592950063,98.79674296475031,,,,60,100,-40,,,,,,,,,,,,,-97.65380108602994,,0.13729817148518209
2001-11-26,115.75,116.89999,113,114.05,104.44622082632897,112.32312934459277,119.93970109524065,119.64890010694397,1.2132933159556378,-2.54344349769282,-3.756736813648458,0,,,9.461962256279392,-1.9006176108327466,,,,,,,49.14299432155199,,,97.89884477408546,98.210575131971,,,,,60,100,-40,,,,,,,,,,,,,-114.44401907038812,,0.0804752872029958
2001-12-03,113.64999,118,113.00999,116.56,105.57150148159118,113.17050347567422,119.80716379738807,119.61816478249676,1.3922203805905946,-2.016461337910215,-3.4086817185008096,0,,,18.913906696688205,9.466607077810982,,,,,,,52.637750366873696,,,97.98926201349995,98.39140961079995,,,,,60,100,-40,,,,,,,,,,,,,-139.09056105759032,,0.10174488342869961
2001-12-10,115.85001,116.39,112,113.13,105.64353566147753,113.16240278053938,119.54531423670619,119.55360592893958,1.2435676190977865,-1.8542221946285764,-3.097789813726363,0,,,19.411363219861087,15.929077390942878,,,,,,,47.77736426387881,,,94.27005037876216,95.92858239748107,,,,,60,100,-40,,,,,,,,,,,,,-142.89227722893747,,0.05856410695509323
2001-12-17,112.99001,115.92,112.89999,114.95,105.77185454280057,113.51992222443151,119.36510583526673,119.50779890477102,1.2295951851493765,-1.5607958322896422,-2.7903910174390187,0,,,22.238736315484616,20.188002077344617,,,,,,,50.40951743888374,,,93.55475417928241,94.327035283702,,,,,60,100,-40,,,,,,,,,,,,,-154.18459046003974,,0.06969647977494438
2001-12-24,114.83,116.75,114.61,116,106.11100636117196,114.01593777954521,119.2331409005504,119.47289543308176,1.2488281321021062,-1.2293558523113859,-2.478183984413492,0,,,28.133166825485624,23.26108878694376,,,,,,,51.92398795954638,,,91.96192713873788,92.32946142809546,,,,,60,100,-40,,,,,,,,,,,,,-173.42375583094164,,0.0787241690973984
2001-12-31,116.14999,117.98,113.81,117.62,107.6116487639454,114.73675022363616,119.16988047307782,119.45445866260333,1.3213950820993783,-0.8264401317892691,-2.1478352138886474,0,,,33.90000027137221,28.090634470780817,,,,,,,54.258830389344006,,,95.10947025773183,93.6489516099267,95.10947025773183,,,,60,100,-40,,,,,,,,,,,,,-205.52852749804316,,0.128702881642609
2002-01-07,117.7,117.99001,114.7,114.94,107.73081670937786,114.77740017890893,119.00400280746693,119.40953867591075,1.1461589914247778,-0.7151364746076752,-1.861295466032453,0,,,35.04342434374962,32.35886381353582,,,,,32.35886381353582,,49.91436282690701,,,90.90889752132314,92.49554419939089,,,,,60,100,-40,,,,,,,,,,,,,-217.2506134074899,,0.06576605876865856
2002-01-14,114.64999,115.39,112.67,113.14999,107.96718551585087,114.45191814312714,118.77443367776235,119.34725460948378,0.8789756754722882,-0.7625758716920927,-1.641551547164381,0,,,25.22763421111201,31.39035294207795,,,,,,,47.18088840228777,,,80.90399952465842,86.92505969952731,,,,,60,100,-40,,,,,,31.39035294207795,,,,,,,-233.20504733340084,,0.05102329821985142
2002-01-22,113.75,114.25,112.02,113.55,108.26810083614724,114.27153451450171,118.56955392569323,119.28957048401628,0.7059264077021665,-0.7591435375366729,-1.4650699452388394,0,,,15.037218670194397,25.102759075018678,,,,,,,47.871984078968126,,,65.389744463929,73.74616978022574,,,,,60,100,-40,,,,,,,,,,,,,-237.16776600005522,,0.11838080258592795
2002-01-28,113.89999,114.19,108.39999,112.64999,108.61752220499386,113.94722561160137,118.33741416390134,119.22350500656339,0.5163768778264295,-0.8195988479558025,-1.335975725782232,0,,,0.3470666160766207,13.53730649912768,,,,,,,46.3924235487281,,,51.61444363714921,58.786286442930056,,,,,60,100,-40,,,,,,,,,,,,,-252.22817218186339,,0.13061360220595633
2002-02-04,112.23,112.23,108,110.09,108.4334120474943,113.1757804892811,118.01398615747384,119.1326243597319,0.21930882995701362,-1.061839688335965,-1.2811485182929787,0,,,-15.378077821011559,0.0020691550864881947,,,,,,,42.358353624531865,,,34.73709280782234,42.73752639866132,,,,,60,100,-40,,,,,,,,,,,,,-243.64123178516095,,0.1790891220105312
2002-02-11,110.05,112.97,109.82001,110.89,108.42531261553043,112.71862439142488,117.73461415129839,119.0506081969485,0.08434991900561384,-1.1757111195359613,-1.2600610385415751,0,,,-21.119804174596606,-12.05027179317718,,,,,,,44.006691784112085,,,22.49308131058293,29.04135566737939,,,,,60,100,-40,,,,,,,,,,,,,-227.52464418785894,,0.1661140582756766
2002-02-19,110.14999,110.63,107.82001,109.64,108.63207742870682,112.1028995131399,117.41717830222787,118.95697030444155,-0.0729458177342086,-1.3512433107093358,-1.2782974929751272,0,,,-31.56595952366969,-22.687947173092613,,,,,,,41.974888671606394,,,10.241484940447766,15.791109012916335,,10.241484940447766,,,60,100,-40,,,,,,,,,,,,,-202.52016342643003,,0.1527157955329481
2002-02-25,109.748,113.85001,109.7,113.74001,108.83550189808491,112.43032161051192,117.27297562370913,118.90506025166104,0.10559525617197751,-1.1463034227601554,-1.251898678932133,0,,,-24.55015493475407,-25.74530621100679,,,,,,,50.15277217581023,,,21.450708492430902,15.884521201656861,,,,,60,100,-40,,,,,,-25.74530621100679,,,,,,,-241.15286098526096,,0.17607693833842128
2002-03-04,113.901,117.907,113.64999,116.99001,108.8615360482217,113.34225928840954,117.26187893258329,118.88600502527635,0.43078659326136837,-0.7134154373554225,-1.1442020306167908,0,,,-3.729896320775694,-19.94867025973315,,,,,,,55.53435562267793,,,42.39037160757009,29.122374966581074,,,,,60,100,-40,,,,,,,,,,,,,-274.57961353339533,,0.23737345495986004
2002-03-11,116.89101,117.89999,115.63,116.64999,108.87899633049157,114.00380543072762,117.23788328816826,118.8637561195522,0.6007598677389481,-0.3932521959431057,-0.9940120636820537,0,,,11.166225485909537,-5.7046085898734065,,,,,,,54.86303176771964,,,72.05271824710704,56.69517513149452,,,,,60,100,-40,,,,,,,,,,,,,-298.292411072778,,0.21089789272207965
2002-03-18,117.10001,117.74001,114.12,115.03999,109.17906944974219,114.2110423445821,117.1516913945146,118.82570869547706,0.5821187777744206,-0.2663635914640281,-0.8484823692384487,0,,,17.251164448008794,8.229164537714212,,,,,,,51.65967346115323,,,83.31925130669114,77.42678305616523,83.31925130669114,,,,60,100,-40,,,,,,,,,,,,,-327.69379087772745,,0.15349603650203705
2002-03-25,115.091,115.77,113.3,114.52,108.63485877476059,114.27283387566568,117.04848781041599,118.78286582288526,0.5144701802767558,-0.20539464389250384,-0.7198648241692597,0,,,16.823895354009185,15.080428429309173,,,,,15.080428429309173,,50.625423282152816,,,81.11254666472034,84.71176856234432,,,,,60,100,-40,,,,,,,,,,,,,-387.2040107181406,,0.13458266831363308
2002-04-01,114.23,115.10001,112.16,112.69,108.87879814799197,113.95626710053254,116.87756671981144,118.72224029230928,0.3348765183701029,-0.3012691762066311,-0.636145694576734,0,,,9.702664563062495,14.592574788360158,,,,,,,47.035248476142584,,,66.8746644159634,75.11859328906004,,,,,60,100,-40,,,,,,14.592574788360158,,,,,,,-398.62146331484223,,0.06102631814594298
2002-04-08,111.32001,113.53999,110.03999,111.42,109.03816899456397,113.44901368042603,116.6635444955051,118.64958118492312,0.12950709576376274,-0.4742618248720305,-0.6037689206357932,0,,,-3.803669281936738,7.574296878378314,,,,,,,44.65443035941143,,,50.3233164931938,59.197673324087674,,,,,60,100,-40,,,,,,,,,,,,,-449.78119725759825,,0.0252154071718224
2002-04-15,111.62,113.67,110.2,112.88,109.1061576378094,113.33521094434083,116.51517020156373,118.59217241691394,0.09267477955459591,-0.4879254461925484,-0.5806002257471443,0,,,-10.316634497310918,-1.4725464053950539,,,,,,,47.93649705426758,,,39.89639594897515,44.968121775779245,,,,,60,100,-40,,,,,,,,,,,,,-464.3664341198531,,0.07297359147473646
2002-04-22,112.38,112.42999,107.28999,107.39,109.17357566368017,112.14616875547266,116.1573203897377,118.48070801475559,-0.28033492069449983,-0.9310188766152692,-0.6506839559207693,0,,,-27.454450032312888,-13.85825127052018,,,,,,,38.60952641090611,,,27.349182452238637,32.742998672237064,,,,,60,100,-40,,,,,,,,,,,,,-422.6634460980616,,-0.002417021212294622
2002-04-29,107.931,109.91,106.63,107.58,108.93331954484587,111.23293500437812,115.8209548842578,118.37224325838986,-0.4813770370907262,-1.252405252284177,-0.7710282151934509,0,,,-39.68937667102174,-25.820153733548512,,,,,,,39.05411881487605,,,20.072287399135266,24.231152788170448,,,,,60,100,-40,,,,,,,,,,,,,-440.36100135295953,,-0.001380644244165856
2002-05-06,107.647,109.36,104.89999,105.72,109.0402260059283,110.13034800350249,115.42483900644378,118.24635029064468,-0.6938232987319701,-1.6383073386084135,-0.9444840398764434,0,,,-49.432082952823976,-38.858636552052864,,,,,,,36.26855711549639,,,6.913313378400925,12.923853749785534,,6.913313378400925,,,60,100,-40,,,,,,,,,,,,,-396.6590011069669,,-0.05586564797939698
2002-05-13,106.22,111.25,105.799,110.89999,108.97092343407628,110.28427640280199,115.24739394736756,118.17325217829996,-0.4514235948482219,-1.5087635334367206,-1.0573399385884987,0,,,-46.44723438841378,-45.189564670753164,,,,,,,47.55438034568629,,,16.62508302539195,12.516590266975077,,,,,60,100,-40,,,,,,,,,,,,,-388.1755463602457,,0.0035082420188319884
2002-05-20,110.64,110.69,108,108.69,108.75371533164227,109.9654211222416,114.99024124354922,118.07889146010793,-0.4072246182011665,-1.5663707113399568,-1.1591460931387902,0,,,-44.264539314397055,-46.7146188852116,,,,,,,43.95665793660453,,,25.85113952182389,18.33465695861823,,,,,60,100,-40,,,,,,-46.7146188852116,,,,,,,-374.8709015674737,,-0.045489762787773697
2002-05-28,109.05,109.13,105.89999,107.22,108.58771780795354,109.41633689779327,114.68552590066494,117.97084278886307,-0.44141842066470405,-1.7109191189696702,-1.2695006983049661,0,,,-48.370114492222406,-46.36062939834441,,,,,,,41.684190698411975,,,37.586751946064595,32.31867544024189,37.586751946064595,,,,60,100,-40,,,,,,-46.36062939834441,,,,,,,-366.712555827933,,-0.021643824597027617
2002-06-03,107.09,107.60001,101.72,103.34,107.09216439309971,108.20106951823462,114.24060331632514,117.82526226360075,-0.6757492906566429,-2.11418731162577,-1.438438020969127,0,,,-58.74150527635905,-50.45871969432617,,,,,,,36.31578962780016,,,28.05309220621599,33.0821587373372,,,,,60,100,-40,,,,,,,,,,,,,-270.03754567739975,,-0.020772123228524658
2002-06-10,103.243,104.53999,98.5,101.39999,106.29987479359258,106.8408536145877,113.73704985293983,117.6618267186893,-0.8978923869046322,-2.5608035045999173,-1.662911117695285,0,,,-68.336751025074,-58.48279026455182,,,,,,,33.94759729275148,,,17.304613265735526,25.12202016461328,,,,,60,100,-40,,,,,,,,,,,,,-186.39435555423617,,-0.031597358462376886
2002-06-17,101.92101,105.03,98.687,99.28,104.38417087976454,105.32868289167016,113.170106721452,117.47892297024462,-1.1101907392661379,-3.0506495417779576,-1.9404588025118197,0,,,-72.3317710753922,-66.4700091256084,,,,,,,31.5146852736776,,,5.418538673658776,10.837077347317525,,,,,60,100,-40,,,,,,,,,,,,,-136.14083636255685,,-0.10409873638024274
2002-06-24,98.61,100.89,95.19501,98.96001,104.08487295978136,104.05494831333613,112.6128480264931,117.29465517949592,-1.1877874223117209,-3.4251930804014705,-2.2374056580897497,0,,,-76.79965634245536,-72.48939281430718,,,,,,,31.149649666808145,,,1.581201061142985,3.162402122285943,,,,,60,100,-40,,,,,,,,,,,,,-179.56977520572835,,-0.07505373245004565
2002-07-01,99.187,99.8,93.72701,99.31,103.89952631979698,103.1059586506689,112.09116771172866,117.11570338666512,-1.131424196082667,-3.6516859031930835,-2.5202617071104165,0,,,-78.03448516107557,-75.72197085964103,,,,,,,32.08180804320729,,,1.2588793039307067,0.6294396519653667,,1.2588793039307067,,,60,100,-40,,,,,,,,,,,,,-174.19345244105045,,-0.01873153688259195
2002-07-08,98.98,99.7,90.32001,91.85001,101.69340872552577,100.85476892053512,111.29739682107264,116.86430345246944,-1.4898880808659483,-4.382621808192852,-2.8927337273269034,0,,,-81.36852855382996,-78.73422335245363,,,,,,,24.44089344654607,,,1.5735991299133767,1.2588793039307065,,,,,60,100,-40,,,,,,,,,,,,,-136.15827926995038,,-0.09226022945691419
2002-07-15,91.64301,93.3,84.3,84.71001,101.01102310227392,97.6258171364281,110.25475420063842,116.54436023403692,-2.0657495225666445,-5.474920630535209,-3.4091711079685645,0,,,-87.43399091628328,-82.27900154372959,,,,,,,19.600544080804397,,,1.8883189558960463,1.888318955896046,,,,,60,100,-40,,,,,,,,,,,,,-64.12950122086848,,-0.24575311048151055
2002-07-22,84.10699,85.92999,77.67999,85.60001,100.43166359496865,95.22065570914248,109.28790148688789,116.23645625160869,-2.2305198314368084,-6.197320897264575,-3.9668010658277666,0,,,-91.21486879999352,-86.67246275670225,,,,,,,21.69467969630182,,21.69467969630182,2.4686257727484158,2.178472364322231,,,,,60,100,-40,,,,,,,,,,,,,-34.287773726165085,,-0.10722985114017215
2002-07-29,87.508,91.55,85.62,86.78999,100.00082976675661,93.53452256731399,108.4056304481864,115.94345658741358,-2.1047608218708547,-6.597752093166335,-4.49299127129548,0,,,-85.7904850467111,-88.1464482543293,,,,-88.1464482543293,,-88.1464482543293,24.541573075148577,,,6.892348514385042,4.607948791460183,,,,,60,100,-40,,,,,,-88.1464482543293,-107,,,,,,4.67363967859221,,-0.1543149121667543
2002-08-05,86.498,91.94,83.55,91.28999,97.7193526405597,93.08561605385118,107.734428861983,115.69814846216568,-1.5874612398335897,-6.477317821087468,-4.889856581253878,0,,,-78.93557058610055,-85.31364147760172,,,,,,,34.323509334528055,,,20.372829287266725,13.170296498254489,,,,,60,100,-40,,,,,,,,,,,,,-13.448840262970023,,-0.060265375447638735
2002-08-12,89.99699,94.08,88.02,93.22,95.83439888051973,93.11249284308094,107.16523557327778,115.47448529338791,-1.0122619238189277,-6.155183986027538,-5.14292206220861,0,,,-68.5310505551902,-77.75236872933395,,,,,,,38.05459588491318,,,37.83848702605001,28.107271091422223,,,,,60,100,-40,,,,,,,,,,,,,-21.003596578793662,,-0.007518842285385773
2002-08-19,93.46001,97.14999,93.10001,94.60001,91.90194181762546,93.40999627446476,106.67248162922768,115.26677907156316,-0.46371764028456397,-5.722569112564315,-5.258851472279751,0,,,-53.950020391410554,-67.13888051090044,,,,,,,40.665652772666974,,,59.43435554389302,48.5034440311857,,,,,60,100,-40,,,,,,,,,,,,,-50.82112447355847,,-0.0011726910470847382
2002-08-26,94.91,96.25,90.81,91.78,90.20036740208079,93.08399701957181,106.08846274180698,115.03307977731876,-0.22761437056919398,-5.543369435491243,-5.315755064922049,0,,,-46.05521052517046,-56.178760490590406,,,,,,,37.19491841415803,,,72.27736454259536,65.62242477561722,,,,,60,100,-40,,,,,,,,,,,,,-65.21728366018422,,-0.031138736947910407
2002-09-03,90.735,91,87.5,90,88.13320758764644,92.46719761565745,105.45754263428513,114.78399440640017,-0.1328302111287325,-5.481792828832965,-5.348962617704233,0,,,-47.261930389237435,-49.08905376860614,,,,,,,35.14387553689589,,,78.95314746116156,76.80096657212424,78.95314746116156,,,,60,100,-40,,,,,,,,,,,,,-78.81414117651438,,-0.013378280165832201
2002-09-09,89.10001,93.33,88.25,89.67,88.32012133138598,91.90775809252597,104.83842331529355,114.5341039147942,-0.03875251500816024,-5.397403261464433,-5.358650746456273,0,,,-45.07882629750453,-46.131989070637474,,,,,,,34.75891747845522,,,77.4868650387385,78.75284068431235,,,,,60,100,-40,,,,,,,,,,,,,-82.6661155080572,,-0.010623912014237777
2002-09-16,89.317,91.19,84.05,84.35001,88.37939837914412,90.39620847402077,104.03495612645851,114.23376467186092,-0.26841050414964585,-5.69416387664333,-5.425753372493684,0,,,-51.30738428470807,-47.88271365715001,,,,,,,29.17721610628071,,,69.3841923718164,74.02365062174908,,,,,60,100,-40,,,,,,-47.88271365715001,,,,,,,-31.27227632477407,,-0.0559730656395629
2002-09-23,83.64999,85.97,81.85001,82.75,83.43016563777668,88.86696677921661,103.2002519646366,113.92049338159366,-0.4509285028470602,-5.989414001052509,-5.538485498205449,0,,,-58.92444270670005,-51.77021776297088,,,,,,,27.726541391399607,,,58.794675532202845,64.63874364486351,,,,,60,100,-40,,,,,,,,,,,,,-23.768226083906043,,-0.07834124494709091
2002-09-30,82,85.77,79.58,80.8,83.63944166364978,87.25357342337328,102.32181071112144,113.5909362335181,-0.6156399605872007,-6.3080354489394495,-5.692395488352249,0,,,-63.927450783287384,-58.05309259156517,,,,,,,26.018558774475892,,26.018558774475892,45.58697263360179,52.21732170215736,,45.58697263360179,,,60,100,-40,,,,,,,,,,,,,48.735087749531374,,-0.1524506191511415
2002-10-07,80.065,84.73,77.07001,84.16,83.53805368767479,86.63485873869863,101.60958284009708,113.29809109686617,-0.42028121376468874,-6.21774700555811,-5.797465791793421,0,,,-65.22506102264722,-62.692318170878224,,,,,,-62.692318170878224,33.64824903680946,,,45.9899399884113,45.97177774035274,,,,,60,100,-40,,,,,,,,,-106,,,,47.14688997688931,,-0.060261692269904174
2002-10-14,83.2,89.3,83.03999,88.64,83.23390913855516,87.0358869909589,101.10097174832856,113.05273695659885,0.0629552226112704,-5.7187717635293325,-5.781726986140603,0,,,-54.63614624046424,-61.262886015466286,,,,,,,42.25086346171275,,,58.300399744216634,50.39138132248733,,,,,60,100,-40,,,,,,-61.262886015466286,-107,,,,,,8.574728162909437,,-0.0014572136875023684
2002-10-21,88.121,90.89999,87.57001,90.2,83.15148634294408,87.66870959276712,100.67348266015881,112.82534653912025,0.51480469914208,-5.138221112213003,-5.653025811355083,0,,,-39.34261108384956,-53.06793944898701,,,,,,,44.94360418347854,,,78.1746808395704,67.14172052038914,,,,,60,100,-40,,,,,,,,,,,,,-132.98431332125588,,0.040071347532183735
2002-10-28,91.14999,91.28999,87,90.27,83.49352660416235,88.18896767421369,100.26550294799571,112.60091523027327,0.8270330779708539,-4.619234463891516,-5.44626754186237,0,,,-27.306774847935444,-40.42851072408309,,,,,,,45.06811557553597,,,92.56950988744961,85.1390197748992,,,,,60,100,-40,,,,,,,,,,,,,-166.078074535573,,0.06608273229966359
2002-11-04,91.8,93.07001,89.52,89.64999,83.67399113243647,88.48117213937095,99.84920832258412,112.37254781504667,0.9894623282319008,-4.209439631572494,-5.198901959804394,0,,,-14.587069801758158,-27.07881857784773,,,,,,,44.1108994960052,,,97.15403182379976,95.87892620158779,,,,,60,100,-40,,,,,,,,,,,,,-184.9729700745597,,0.03827940309276654
2002-11-11,89.515,91.55,87.45,91.39999,81.12726676583387,89.06493571149676,99.51786642758081,112.16386564773278,1.1984788937285824,-3.700803342643667,-4.899282236372249,0,,,-6.722055090620704,-16.205299913438115,,,,,,,47.519234006829166,,,98.69094787167644,98.95275829734116,,,,,60,100,-40,,,,,,,,,,,,,-202.25061187918527,,0.06581802890114447
2002-11-18,92.14999,94.27,89.75999,93.42,82.94246199684574,89.93594856919741,99.27873441081294,111.9773595218847,1.440238323703106,-3.0989843317433667,-4.539222655446473,0,,,5.934107809119671,-5.125005694419741,,,,,,,51.23780371609745,,,98.42913744601172,98.42913744601172,,,,,60,100,-40,,,,,,,,,,,,,-218.20504608296977,,0.07049324450401595
2002-11-25,93.42999,94.95,91.62,93.98,83.60657042564247,90.74475885535793,99.07094090450656,111.79828131768683,1.593389896169441,-2.5474852852346714,-4.1408751814041125,0,,,16.99467958171014,5.402244100069702,,,,,,,52.253843682509284,,,99.47637914867057,98.95275829734113,99.47637914867057,,,,60,100,-40,,,,,,,,,,,,,-234.89503770424795,,0.10951572500078362
2002-12-02,95.47,96.05,89.98,92.03,83.87181539523944,91.00180708428634,98.79482557491806,111.60158200109294,1.5191613276041154,-2.2419235218989684,-3.7610848495030837,0,,,21.961112978285886,14.963300123038564,,,,,,,48.445877763659084,,,96.78530539281857,97.99993705791222,,,,,60,100,-40,,,,,,,,,,,,,-218.5504853943847,,0.14905564175908118
2002-12-09,91.07001,91.62,89.27,89.34,83.72668572415091,90.66944566742907,98.42404810139186,111.38007372247509,1.2556189287611508,-2.1915611885516455,-3.4471801173127963,0,,,15.99297359607084,18.31625538535562,,,,,18.31625538535562,,43.687965725350594,,,89.54022231554902,93.66277958970574,,,,,60,100,-40,,,,,,18.31625538535562,,,,,,,-221.54130623176934,,0.04300776492040529
2002-12-16,89.82001,91.78999,88.60001,89.99001,84.06477960099727,90.53355853394326,98.09330150918042,111.16723726752508,1.0975234425524483,-2.075275814122236,-3.172799256674684,0,,,11.28081362367438,16.411633399343703,,,,,,,45.09941861624582,,,81.47636017970001,85.98526478212932,,,,,60,100,-40,,,,,,,,,,,,,-214.89743237144765,,0.0737515356104852
2002-12-23,89.59,90.61,87.38,87.38,84.31729820092603,89.9028468271546,97.67317203823217,110.93054833949,0.8032593266335804,-2.1687250983827084,-2.971984425016289,0,,,0.08024836151190406,9.11801186041904,,,,,,,40.66561222030023,,,72.05893314281988,76.62574672607569,,72.05893314281988,,,60,100,-40,,,,,,,,,,,,,-208.5524446675481,,0.012946432601837846
2002-12-30,87.797,91.38699,87.11,91.35001,84.5460626151456,90.19227946172369,97.42520489947796,110.7357171122314,0.8571638766274425,-1.9005295792319856,-2.757693455859428,0,,,-0.8584727568916112,3.500863076098224,,,,,,,48.937741903489545,,,73.25105315699659,72.74042036270698,,,,,60,100,-40,,,,,,,,,,,,,-226.088363818903,,0.009591455981264284
2003-01-06,91.24001,93.64,91.05,93.06,84.60891671406378,90.76582356937895,97.25402039361607,110.55983933002014,0.9802851892412745,-1.5323369693078348,-2.5126221585491093,0,,,12.341921211365209,3.8545656053285007,,,,,,,52.056655015442495,,,78.16514871298958,74.39602573420734,,,,,60,100,-40,,,,,,3.8545656053285007,,,,,,,-236.7995703972843,,0.04422131739336512
2003-01-13,93.53999,93.86,90.14999,90.66,84.90827980591637,90.74465885550316,96.9954313585723,110.36183097847766,0.8758117767066915,-1.4178574376657451,-2.2936692143724366,0,,,16.105930809464958,9.196459754646185,,,,,,,47.63290939347666,,,81.20138848245797,79.52468365199347,81.20138848245797,,,,60,100,-40,,,,,,,,,,,,,-267.38146668868717,,0.04158842718388916
2003-01-21,90.87,90.92,86.17,86.38,85.02625839120805,89.87172708440252,96.57913993274595,110.1232057946122,0.5121897084359781,-1.6534320788274641,-2.1656217872634422,0,,,-1.4906348888765208,8.985739043984548,,,,,,,40.91557218933997,,,63.422272961563266,72.9142277319552,,,,,60,100,-40,,,,,,8.985739043984548,,,,,,,-269.6757454725622,,-0.025512665567147836
2003-01-27,85.73,87.17999,84.14999,86.06,84.98723993469319,89.10938166752202,96.16662464126571,109.88377091108373,0.2567505177364371,-1.8446836400928959,-2.101434157829333,0,,,-19.409196782355995,-1.5979669539225192,,,,,,,40.4534951309107,,,36.71780763833162,52.561006695189256,,,,,60,100,-40,,,,,,,,,,,,,-255.18924629573266,,0.009375721862022684
2003-02-03,86.14,86.817,82.97,83.42,85.19672279650082,87.9715053340176,95.6667570082749,109.62044980749086,-0.06613336310456219,-2.1841008617100357,-2.1179674986054735,0,,,-33.38917342869315,-18.096335033308552,,,,,,,36.74467134212608,,,12.802231740088704,25.102347563205672,,,,,60,100,-40,,,,,,,,,,,,,-234.24574696923577,,0.015263384268692668
2003-02-10,83.466,84.707,81,84.14999,85.27452831103648,87.20720226721409,95.21511908638176,109.36701239647105,-0.19914854233066404,-2.3669031765188038,-2.1677546341881397,0,,,-43.54627228589166,-32.1148808323136,,,,,,,38.435446939225805,,,6.079124529379771,8.383743389301317,,6.079124529379771,,,60,100,-40,,,,,,,,,,,,,-228.01924752028384,,0.0926748811329604
2003-02-18,84.53,85.8,83.46001,85.17999,84.44677628881959,86.80175981377127,94.82158461240601,109.12634550695392,-0.18658498512683286,-2.400985865596681,-2.214400880469848,0,,,-44.86254521381123,-40.59933030946535,,,,,,,40.85208020773485,,,9.287227574565632,5.712769183890306,,,,,60,100,-40,,,,,,,,,,,,,-230.1975661529595,,0.1604854474251238
2003-02-24,84.92999,85.23,82.22,84.89999,84.72772226818961,86.42140585101701,94.43250247074303,108.88528724320314,-0.1666099733642037,-2.422663347175103,-2.256053373810899,0,,,-46.8830931911766,-45.0973035636265,,,,,,,40.38522156649683,,,16.720502439467353,12.519299128408472,,,,,60,100,-40,,,,,,,,,,,,,-243.79800867060322,,0.13100139668763022
2003-03-03,85.25999,85.78,81.42999,83.32001,84.89288496331892,85.80112668081361,93.99671845228252,108.63090637511156,-0.22561867737025576,-2.538076720523719,-2.3124580431534634,0,,,-49.015442909617185,-46.92036043820167,,,,,,,37.748146332063556,,,18.554718247488882,17.723207052686238,,,,,60,100,-40,,,,,,,,,,,,,-226.74382527594813,,0.06617194382147742
2003-03-10,82.60001,84.77,79.383,84.13,84.85482032308187,85.46690134465089,93.6097883168989,108.38711626192638,-0.17800297788202712,-2.5349617655059973,-2.35695878762397,0,,,-51.52918170554359,-49.142572602112466,,,,,,-49.142572602112466,39.92671670426987,,,18.290416848523694,19.222192222466287,,,,,60,100,-40,,,,,,,,,,,,,-239.15403886213937,,0.08518374400659903
2003-03-17,83.46001,89.88,83.22,89.67,84.67133315714744,86.30752107572071,93.45528681427541,108.20087629912115,0.2362106312371708,-2.0616954985775067,-2.2979061298146775,0,,,-34.93502024702027,-45.15988162072702,,,,,,,52.296492580531435,,,34.54544850123155,26.458941979833934,,,,,60,100,-40,,,,,,-45.15988162072702,,,,,,,-272.03512270538675,,0.12799450474800766
2003-03-24,88.02,88.25999,85.99001,86.71001,84.31909507449406,86.38801886057657,93.19076615489206,107.98703683345825,0.31549907000317035,-1.9035322923107145,-2.219031362313885,0,,,-24.182288976792194,-36.88216364311869,,,,,,,46.72728282703326,,,51.384234681520596,40.68976646506287,,,,,60,100,-40,,,,,,,,,,,,,-298.9378276680437,,0.1586682502610486
2003-03-31,85.35001,88.99001,84.39999,88.22,82.01773256917305,86.75441508846126,92.99583414881786,107.79034989979199,0.4652510643047778,-1.6374675319329128,-2.1027185962376906,0,,,-14.735479663372137,-24.6175962957282,,,,,,,49.688267882097385,,,72.78189361377908,62.56861128704141,,,,,60,100,-40,,,,,,,,,,,,,-321.8582226374903,,0.15103671809915029
2003-04-07,90.34,90.85001,85.71001,87.14999,80.98932024280354,86.833530070769,92.76658535866814,107.58497318437118,0.48560802917972756,-1.495708559763031,-1.9813165889427586,0,,,-4.411611704002569,-14.443126781388967,,,,,,,47.65490520170004,,,73.09010966137538,72.81352454031145,,,,,60,100,-40,,,,,,,,,,,,,-314.24763670340116,,0.09485539618172505
2003-04-14,87.47,90.06599,87,89.56,80.8750830826033,87.3788240566152,92.64083691323017,107.40562021736251,0.644775498183149,-1.1753472162138223,-1.8201227143969714,0,,,7.055906311275653,-4.030395018699685,,,,,,,52.407120288195365,,,82.7364790399593,80.45870720071866,,,,,60,100,-40,,,,,,,,,,,,,-332.56624821187364,,0.10843461168046943
2003-04-21,89.86,92.35001,88.89,90.23,81.62529286241735,87.94905924529216,92.54629428918193,107.2347185236574,0.7700899332265962,-0.8575102978637261,-1.6276002310903224,0,,,20.349227493554146,7.664507366942409,,,,,,,53.67379439460213,,,86.64450350488823,82.91748816785393,,,,,60,100,-40,,,,,,,,,,,,,-347.5542030824421,,0.11427640858451267
2003-04-28,90.44,93.47,90.3,93.21001,84.72563765795896,89.00124939623373,92.57232235627284,107.09516918511355,1.0132810035333786,-0.36099897667359926,-1.3742799802069778,0,,,33.46708505146784,20.29073961876588,,,,,,,58.93945263743229,,,95.89762828685375,91.7952565737075,,,,,60,100,-40,,,,,,,,,,,,,-399.8170752492707,,0.1992635258295816
2003-05-05,93.47,94.38,92.28,93.73,85.3887971109619,89.94699951698699,92.61772147955625,106.96218242705271,1.1583041856961696,0.07360025191323416,-1.0847039337829354,0,,,43.327228673791424,32.381180406271135,,,,,,,59.80314171144969,,,98.39525314032042,96.79050628064086,,,,,60,100,-40,,,,,,,,,,,,,-426.2139706584942,,0.22056471873419736
2003-05-12,93.5,95.45,93.28,94.87,86.82459731732176,90.9315996135896,92.7060461274168,106.84186220389796,1.2711228627534543,0.5041996446588826,-0.7669232180945718,0,,,50.6026722999919,42.465662008417056,,,,,,,61.7157448285353,,,100,100,100,,,,60,100,-40,,,,,,,,,,,,,-455.0841578114954,,0.25085125522664153
2003-05-19,94.14999,94.8905,91.597,93.75999,87.08926893751307,91.49727769087168,92.74737725967496,106.7116943212721,1.211354710547877,0.7472701700902746,-0.46408454045760245,0,,,51.1917388780786,48.37387995062064,,,,,,,58.766267887189656,,,97.50116207276194,98.75058103638098,,,,,60,100,-40,,,,,,,,,,,,,-475.9779473003144,,0.23117889339155848
2003-05-27,93.3,97.09,93.17999,96.95,89.25453544197642,92.58782215269734,92.91218599458966,106.61456303449327,1.3182019309756785,1.1836678732619959,-0.13453405771368276,0,,,56.043359082566866,52.61259008687912,,,,,,,64.10684215357097,,,96.87645259095243,97.50116207276194,,,,,60,100,-40,,,,,,,,,,,,,-517.6183205184391,,0.24603234716401745
2003-06-02,97.53,101.39999,96.67,99.25999,91.55562862469239,93.92225572215787,93.16111948499791,106.54138320330428,1.464714061884072,1.6963585196414073,0.23164445775733522,0,,,63.947439034486024,57.060845665043836,,,,,,,67.41740021649863,,,96.25174310914292,96.25174310914292,,96.25174310914292,,,60,100,-40,,,,,,,,,,,,,-643.5058986059955,,0.2751749715074601
2003-06-09,98.769,100.89999,97.77,99.56,91.73023729435721,95.04980457772629,93.41205597578231,106.47191670376891,1.4967963746942061,2.102639926125093,0.6058435514308868,0,,,67.1041678011911,62.36498863941466,,,,,,,67.83481073516606,67.83481073516606,,98.75058103638096,97.50116207276194,,,,,60,100,-40,,,,,,,,,,,,,-613.7775534049056,,0.3238071858891144
2003-06-16,99.96001,102.179,99.42,99.44,91.84236463047456,95.92784366218103,93.64844593751634,106.4019473833334,1.4252589278545487,2.3874172112490726,0.9621582833945239,0,,,68.71562020627655,66.58907568065122,,,66.58907568065122,,66.58907568065122,,67.46032634953198,,,99.02472602613801,98.57529879035474,99.02472602613801,,,,60,100,-40,,,,,,,,,,,,,-582.1816346040135,,0.27154140770115304
2003-06-23,99.45,99.66,96.96001,97.66,91.99948144258352,96.27427492974482,93.80576178310393,106.31496283225545,1.1833389589539411,2.4413319820869503,1.2579930231330092,0,,,63.53618684665901,66.45199161804221,,,,,,,61.96343161082178,,,93.97317837845782,96.85512750470923,,,,,60,100,-40,,,,,,66.45199161804221,,105,,,,,-563.6031555851021,,0.29135560299007585
2003-06-30,98.22,99.85001,96.42999,98.74001,92.15380562525613,96.76742194379585,93.99926171317829,106.23959016725787,1.0271304584499164,2.5419060961954045,1.5147756377454882,0,,,59.22561605054982,63.825807701161786,,,,,,,63.897095580747134,,,88.66728995848001,91.97499060777193,,,,,60,100,-40,,,,,,,,,,,,,-582.0389454787198,,0.27068227916499776
2003-07-07,99.653,101.39999,98.63,100.24001,92.87425522345211,97.46193955503668,94.24399694011247,106.17989285216078,0.9572946960933666,2.7113940078621965,1.75409931176883,0,,,59.30517641301014,60.68899310340632,,,,,,,66.46239087191412,66.46239087191412,,85.5500871887036,86.88774823470042,,,,,60,100,-40,,,,,,,,,,,,,-610.7591372098616,,0.25879024434735637
2003-07-14,101.2,101.89999,98.16,99.50999,93.00466770749125,97.87154964402934,94.45050647187276,106.11352565960196,0.800760063830634,2.7550493915571224,1.9542893277264883,0,,,57.4040467632058,58.64494640892192,,,,,,,64.06242960040771,,,85.37097941996697,85.0784935729572,,,,,60,100,-40,,,,,,,,,,,,,-585.1665668080686,,0.20506447194009852
2003-07-21,99.45,100.34,97.85001,100.23,92.98719358552758,98.34323971522348,94.67715327689736,106.05498311572532,0.6888024965343083,2.8152924483943735,2.1264899518600653,0,,,53.81466730117398,56.84129682579663,,,,,,,65.3974924806087,,,86.21110333645282,85.57452452064729,86.21110333645282,,,,60,100,-40,,,,,,,,,,,,,-583.3181001156925,,0.25496448675666084
2003-07-28,100.37,100.98,98.24001,98.50999,93.14953904370418,98.37658977217878,94.82746059937197,105.97990855735989,0.4533676743480557,2.693199544795135,2.2398318704470794,0,,,49.511468124729056,53.57672739636961,,,,,,,59.661582501259396,,,69.67690531549367,77.9662395125556,,,,,60,100,-40,,,,,,,,,,,,,-553.6239000946574,,0.1671663850205675
2003-08-04,98.31,99,96.34,98.28,93.26457411201103,98.35727181774303,94.96285430135738,105.90329255181402,0.24693786217024805,2.5485041981598897,2.3015663359896417,0,,,39.57946491867097,47.635200114858,,,,,,,58.91308035689213,,,50.39753237113087,62.25757950323794,,,,,60,100,-40,,,,,,,,,,,,,-519.3286455319924,,0.12455818575238978
2003-08-11,98.25999,99.849,97.84,99.62,93.38281953258166,98.60981745419443,95.14548746601004,105.84077222791537,0.16913949288758,2.512990702099117,2.343851209211537,0,,,37.66263101124511,42.251188018215046,,,,,,,61.92791111433049,,,32.686957164580676,41.324742671654214,,,,,60,100,-40,,,,,,,,,,,,,-527.6325281625393,,0.17997273841313635
2003-08-18,99.92999,101.81799,99.73,99.77,93.58561885168298,98.84185396335555,95.32684089871553,105.78036653410527,0.09971461601921794,2.4684944792355594,2.3687798632163415,0,,,42.06602187664891,39.769372602188334,,,,,,,62.26370070519204,,,32.659175107833406,31.97625177804943,,32.659175107833406,,,60,100,-40,,,,,,39.769372602188334,,,,,,,-599.881159405714,,0.10006687411596171
2003-08-25,99.71001,101.48,98.83,101.44,94.94692393370562,99.36148317068444,95.56657262817767,105.73717880739775,0.13595302796199293,2.5387211481688325,2.4027681202068396,0,,,44.733435195270225,41.48736269438809,,,,,,,65.89200748981779,,,47.995308718021235,38.34547188279174,,,,,60,100,-40,,,,,,,,,,,,,-637.1754940592206,,0.16559060537239273
2003-09-02,101.64,103.7,101.05,102.83,96.42214365272665,100.05518653654755,95.85141291726873,105.70825165508533,0.2183406545382045,2.6756939383795952,2.4573532838413907,0,,,53.21706684096004,46.6721746376264,,,,,,,68.61315907183209,,,66.28512879348075,55.889375394457396,,,,,60,100,-40,,,,,,,,,,,,,-679.5072224120895,,0.15025802774086539
2003-09-08,103.03999,103.88,101.35001,102.45,96.50127624896047,100.53414922923804,96.11018103816015,105.67583124060687,0.2118799117888286,2.7222031735774266,2.510323261788598,0,,,56.9664346334051,51.638978889878466,,,,,,,67.02938683660335,,,81.96326095456114,74.56313741371928,,,,,60,100,-40,,,,,,,,,,,,,-637.7786365189822,,0.15828837415825334
2003-09-15,102.52,104.7,101.95,103.67,97.43190080260615,101.16131938339043,96.40664452685975,105.65587272079983,0.25169476016631176,2.8249417119964875,2.5732469518301757,0,,,60.85863449524886,57.01404532320467,,,57.01404532320467,,57.01404532320467,,69.47965223896185,69.47965223896185,,90.90224987773283,86.96219161084319,90.90224987773283,,,,60,100,-40,,,,,,,,,,106,,,-730.909793515531,,0.11843772105036918
2003-09-22,102.85001,103.28999,99.84599,99.95,97.48462217384856,100.91905550671235,96.54559964345349,105.59909786785656,0.0025941698817826264,2.5764896641824038,2.573895494300621,0,,,51.59644989177906,56.47383967347768,,,,,,,55.78505700215429,,,71.70693198086366,81.9048891504382,,,,,60,100,-40,,,,,,56.47383967347768,,105,,,,,-638.0171037854345,,0.048590001997708424
2003-09-29,100.3,104.28,99.25,103.39,97.38014773285938,101.41324440536988,96.81400750057296,105.57711679454455,0.04239380472457199,2.626887750206336,2.584493945481764,0,,,50.8779470341597,54.444343807062545,,,,,,,63.07591886762385,,,60.43516878127333,69.30540512961456,,,,,60,100,-40,,,,,,,,,,,,,-652.9230849153555,,0.0689034750315734
2003-10-06,103.48199,105.22,102.91,104.57001,98.01086146622656,102.04459752429591,97.1181644613348,105.56709583141476,0.1168602350178416,2.7305692392540664,2.6137090042362248,0,,,57.77803214556936,53.417476357169384,,,,,,,65.20788352364062,65.20788352364062,,46.71347461949833,51.625214120804465,,46.71347461949833,,,60,100,-40,,,,,,53.417476357169384,,,,,,,-662.3916149307454,,0.07032751923569874
2003-10-13,104.715,105.89,103.98,104.25999,98.1493720757818,102.48767601943673,97.39823605108637,105.55408980324148,0.11379490603390163,2.755952636778602,2.6421577307447004,0,,,62.0422416485638,56.8994069427643,,,,,,,64.15359988760503,,,57.43038042066699,52.05685709811456,,,,,60,100,-40,,,,,,,,,,,,,-669.2295031251552,,-0.00429025505905381
2003-10-20,104.44701,105.28,102.17999,103.58,98.33513192751168,102.70614081554939,97.64065816673005,105.53444711863212,0.038424879293517566,2.6901888298615972,2.6517639505680797,0,,,58.81275035936191,59.54434138449836,,,,,,,61.780143824097856,,,57.272562647561486,54.78769103913364,,,,,60,100,-40,,,,,,59.54434138449836,,105,,,,,-605.7332298296726,,-0.015241236569727513
2003-10-27,103.74001,105.97,103.27,105.3,99.06761178983227,103.22491265243951,97.94102451313279,105.53211431148155,0.0747608670322637,2.7452150343584094,2.6704541673261457,0,,,60.57829530736552,60.47776243843041,,,,,,,65.29818106194602,,,60.50232664880434,60.89149782420435,,,,,60,100,-40,,,,,,60.47776243843041,,,,,,,-631.9635516788229,,-0.0008809457132709728
2003-11-03,105.75,106.72,104.89999,105.61,99.43706809055854,103.7019301219516,98.24176864987268,105.53288929345686,0.08905392690030256,2.781771575951524,2.6927176490512212,0,,,63.69300694733803,61.02801753802182,,,,,,,65.910845907425,65.910845907425,,63.01798397995742,61.47663942232712,,,,,60,100,-40,,,,,,,,,,,,,-747.9701786463097,,0.04043266194576721
2003-11-10,105.74001,106.95,104.8,105.46001,99.61799036980436,104.05354609756128,98.52483693811297,105.53216412635778,0.05922318171239782,2.7667466261917184,2.7075234444793206,0,,,63.87638233375223,62.7158948628186,,,62.7158948628186,,62.7158948628186,,65.30649412208615,,,69.69143656836795,66.01383928693198,69.69143656836795,,,,60,100,-40,,,,,,,,,,,,,-716.5210552560716,,0.05112414924093991
2003-11-17,104.91,105.45,103.62,104.21001,99.73884820053262,104.08483887804903,98.74778490132422,105.51900836390647,-0.06703478269553198,2.623729966109906,2.690764748805438,0,,,56.142443896222495,61.23727772577092,,,,,,,60.31354019177972,,,63.833280901507706,66.39873104760176,,,,,60,100,-40,,,,,,61.23727772577092,,105,,,,,-651.6990452095131,,0.017567365466834583
2003-11-24,104.69,106.66,104.67999,106.45,100.7353576147803,104.55787110243922,99.04983255225268,105.52827196227555,-0.024237014502718868,2.6604684806770393,2.684705495179758,0,,,57.764693268056256,59.26117316601034,,,,,,,65.44262733816532,,,62.652979065249404,64.98570568392908,,,,,60,100,-40,,,,,,,,,,,,,-646.8446733532379,,0.03310874180557741
2003-12-01,106.92999,108.08,106.62,106.85001,101.19355778515312,105.01629888195137,99.35572186392905,105.54142358454146,0.004910097989282214,2.690843117666361,2.685933019677079,0,,,62.85095509704219,58.91936408710698,,,,,,,66.28557450835149,,,62.210183854667704,61.50211272782969,,62.210183854667704,,,60,100,-40,,,,,,58.91936408710698,,,,,,,-590.1456418344674,,0.01761771447742968
2003-12-08,106.74001,108.2,105.96001,108.14,102.65472294335648,105.64103910556109,99.70020335946124,105.56728006628732,0.08075855748292105,2.7868812165307304,2.7061226590478094,0,,,65.14062192518716,61.91875676342854,,,,,,,68.93307197542725,,,76.7197008957371,69.16947730488742,,,,,60,100,-40,,,,,,,,,,,,,-588.300979682746,,0.015948262882693735
2003-12-15,109.17,109.73,107.48,108.89999,103.48651987597387,106.29282928444887,100.06097930614904,105.60044135916009,0.14789498802982548,2.8909913940850913,2.743096406055266,0,,,69.43556782298164,65.80904828173699,,,,,,,70.4158057348124,,,86.59969287105108,80.09689130254867,,,,,60,100,-40,,,,,,,,,,,,,-577.7008015586104,,0.07930375970764754
2003-12-22,108.83,110.08,108.78,109.7,104.35177774197574,106.9742634275591,100.4389801176726,105.64123298742714,0.20826838529819103,3.003431887678005,2.795163502379814,0,,,72.56087165379465,69.04568713398781,,,,,,,71.94287146295844,,,96.12406336326734,92.40513641316875,,,,,60,100,-40,,,,,,,,,,,,,-539.0279285479539,,0.05928130140562738
2003-12-29,110.10001,112.19,109.7843,111.23,106.07807933183462,107.82541074204728,100.86215736795995,105.6968426094428,0.30734954171396733,3.179350429522273,2.872000887808306,0,,,76.6632023999751,72.88654729225046,,,,,,,74.6535231053448,,,98.82424745881991,97.64849491763981,,,,,60,100,-40,,,,,,,,,,,,,-554.6592142665078,,0.029185219334402344
2004-01-05,111.78,113.5,111.59,112.39,107.2503593795607,108.73832859363783,101.31422962803995,105.76344119044336,0.4011849263377534,3.3734820457304977,2.9722971193927443,0,,,80.10352152370709,76.44253185915895,,,,,,,76.51695514583253,,,99.97383171889433,99.94766343778865,,,,,60,100,-40,,,,,,,,,,,,,-631.0848116725972,,0.07378874277197128
2004-01-12,112.55,114.31,111.75999,114.23,109.13319085244923,109.83666287491026,101.82073042694034,105.8476855567076,0.529294986709719,3.633915852779893,3.104620866070174,0,,,81.61573819457149,79.46082070608456,,,,,,,79.15089209054258,,,100,100,,,,,60,100,-40,,,,,,,,,,,,,-737.2512095503068,,0.08386596686672097
2004-01-20,114.53,115.38,113.72,114.42999,109.33295150584573,110.75532829992821,102.3152111945113,105.93308162081996,0.5663040315956129,3.81250090556469,3.246196873969077,0,,,82.22777902515962,81.31567958114607,,,81.31567958114607,,81.31567958114607,,79.42265665862197,79.42265665862197,,100,100,,,,,60,100,-40,,,,,,,,,,,,,-735.0237169047965,,0.0621891039777802
2004-01-26,114.44,116.5,112.56,113.48,109.45988282685674,111.30026263994257,102.75304604962851,106.00817533603568,0.4695928911307581,3.833187987882525,3.3635950967517667,0,,,79.34308785035164,81.06220169002758,,,,,,,74.43005888192303,,,94.63177561572942,97.31588780786471,,,,,60,100,-40,,,,,,81.06220169002758,,105,,,,,-686.8375865584699,,0.03620831342494997
2004-02-02,113.7,114.7,112.78,114.45,109.27204333922411,111.93021011195405,103.21175012611367,106.0921735913985,0.4155972660347964,3.883091679295262,3.4674944132604657,0,,,74.84804661347971,78.80630449633033,,,,,,,76.09244584377478,,,89.85390755592674,92.91386963386189,,,,,60,100,-40,,,,,,,,,,,,,-650.1398435478388,,0.06307746958969424
2004-02-09,114.67,116.39,114.17,115.13,110.04761167213667,112.57016808956324,103.67913247410921,106.18210221237962,0.3717510855829933,3.932183270239207,3.560432184656214,0,,,73.20383378924889,75.79832275102675,,,,,,,77.21732629886327,77.21732629886327,,85.53231602938504,87.45156024008894,,,,,60,100,-40,,,,,,,,,,,,,-620.1144174482318,,0.11517797190628032
2004-02-17,115.85001,116.60001,114.32001,114.88,110.09349655269834,113.0321344716506,104.1183821810069,106.2686484590226,0.276367146366403,3.9058911176142175,3.6295239712478145,0,,,70.31280510582495,72.78822850285118,,,,,,,75.79690910411716,,,85.86012310755399,85.53181587794516,,,,,60,100,-40,,,,,,,,,,,,,-552.8208870030987,,0.04217535241062852
2004-02-23,115.22,115.74001,113.89999,115.02,110.12753251321989,113.42970757732047,104.54589660528113,106.35572658380845,0.17793951437556021,3.8519483642172645,3.6740088498417043,0,,,65.59790609120643,69.7048483287601,,,,,,,76.0640266323914,,,84.65198770459858,84.77636939126027,,,,,60,100,-40,,,,,,,,,,,,,-537.7625439116263,,0.032876901551218
2004-03-01,115.42999,116.97,114.92,116.38,111.47199161941846,114.01976606185637,105.00997909134854,106.4554705978999,0.16021588354368044,3.8742787042713047,3.7140628207276243,0,,,64.657408554762,66.85603991726447,,,,,,,78.5548021682979,78.5548021682979,,86.27825953061955,85.8181388540847,86.27825953061955,,,,60,100,-40,,,,,,,,,,,,,-573.6238995640578,,0.09252049012613883
2004-03-08,116.34,116.62,111.10001,112.58,111.52970650374571,113.7318128494851,105.3068426563937,106.51641118896558,-0.13565925054903527,3.5444887575413304,3.6801480080903657,0,,,52.5379627009542,60.931092448974226,,,,,,,59.7381597151516,,,67.79901432534541,76.71600371894552,,,,,60,100,-40,,,,,,,,,,,,,-503.87409964332005,,0.055069941994630764
2004-03-15,112.27,113.27,110.84,111.06,111.08758603919244,113.19745027958808,105.53245666986845,106.56162102788134,-0.4445506263786192,3.1244597251170916,3.5690103514957108,0,,,35.41759482040857,50.87098869204161,,,,,,,54.120525047344195,,,45.845556765310235,59.32787966738004,,,,,60,100,-40,,,,,,,,,,,,,-434.0788087990801,,-0.03359129517792576
2004-03-22,110.53999,111.78999,108.85001,111.03,111.1184727506787,112.76396022367047,105.74804660438342,106.60608251019099,-0.6493061941334002,2.7573776088289605,3.4066838029623607,0,,,18.2325972136212,35.396051578328006,,,,,,,54.0119247337231,,,15.207543132497616,30.415086264995235,,,,,60,100,-40,,,,,,,,,,,,,-393.33720719924736,,0.011984638514317454
2004-03-29,111.63,114.84,111.58,114.64,111.07429898277309,113.13916817893637,106.09675065911348,106.68602198770152,-0.5442816331746472,2.726331761494052,3.270613394668699,0,,,19.352123070483735,24.334105034837847,,,,,,,63.547457392085754,63.547457392085754,,13.904785714973013,15.043201323296605,,13.904785714973013,,,60,100,-40,,,,,,,,,,,,,-457.2758967993842,,0.0836998575027022
2004-04-05,114.46001,115.41,113.74001,114.37,110.908991912575,113.3853345431491,106.42119180973648,106.76247948036121,-0.49697045768063974,2.6494003225678995,3.1463707802485392,0,,,23.856031973385914,20.48025075249696,,,,,,,62.49747773841251,,,18.190852356181146,12.287018704752926,,,,,60,100,-40,,,,,,20.48025075249696,,,,,,,-462.3166428358598,,0.09414903641574458
2004-04-12,114.58,115.3,112.36,113.83,111.06120820453393,113.47426763451928,106.71173330739387,106.8328030676213,-0.5044111171301839,2.5158568838358093,3.0202680009659932,0,,,23.217343354319343,22.14183279939634,,,,,,,60.33743832952262,,,27.779515815035825,23.105021936082608,,,,,60,100,-40,,,,,,,,,,,,,-405.53179868388526,,0.0673212146356381
2004-04-19,113.57001,114.67,111.78,114.36,111.02112190421008,113.65141410761542,107.01166533455489,106.90770054953552,-0.4763445590868587,2.42483730210742,2.901181861194279,0,,,20.9641228411641,22.679166056289798,,,,,22.679166056289798,,61.743325963108504,,,29.375681100590946,28.825014475695074,29.375681100590946,,,,60,100,-40,,,,,,22.679166056289798,,,,,,,-389.0714716504516,,0.14539851013010072
2004-04-26,114.5,115.12,110.89999,110.96001,110.99104176819507,113.11313328609234,107.16650238025862,106.94802203660481,-0.6772111553805678,2.054667916968569,2.7318790723491366,0,,,9.23711773912568,17.80619464486972,,,,,,,49.53974033728116,,,22.795414119597226,26.992796414667577,,,,,60,100,-40,,,,,,,,,,,,,-326.5130222594604,,0.03279615568225221
2004-05-03,111.37,113.25999,109.96001,109.96001,110.77310878475257,112.48250862887387,107.27605169867985,106.97799206609133,-0.8563336025518815,1.6614620691592847,2.5177956717111662,0,,,-6.783448965155447,7.805930538378122,,,,,,,46.60471563044429,,,14.913202017100406,19.587695896053624,,,,,60,100,-40,,,,,,,,,,,,,-273.51065457592216,,-0.039371171851924666
2004-05-10,109.44,110.81,108.06,110.03999,110.70217530012738,111.9940049030991,107.38444143598652,107.00845970722474,-0.9415637855724155,1.3408409397456467,2.282404725318062,0,,,-23.239247807623887,-6.928526344551206,,,,,,,46.87741288087726,,,4.995686873556942,9.707028427446986,,,,,60,100,-40,,,,,,,,,,,,,-222.8723537439363,,-0.009250084846723053
2004-05-17,108.89,111.17999,108.41,109.81,110.71487706440399,111.55720392247927,107.47956137967331,107.03633573003843,-0.9811117563160243,1.0560150299230315,2.037126786239056,0,,,-32.07219585474687,-20.698297542508723,,,,,,,46.14327783497756,,,1.9434057894136136,3.6024662591603285,,1.9434057894136136,,,60,100,-40,,,,,,,,,,,,,-192.35010760867516,,-0.013713784906835823
2004-05-24,110.53,113.03,109.60001,112.86,108.98381584551801,111.81776313798342,107.6905589726273,107.09428263819726,-0.7783963801432143,1.0641313110600379,1.8425276912032522,0,,,-26.24736851434068,-27.186270725570466,,,,,,,56.035008956319686,,,7.019186852485324,3.6517660860761114,,,,,60,100,-40,,,,,,-27.186270725570466,,,,,,,-183.74099713437062,,0.03418229509042064
2004-06-01,112.46001,113.58,111.87,112.98,108.897830427981,112.05021051038673,107.89798803252427,107.15284699005599,-0.6196733387164222,1.0679360178077246,1.6876093565241468,0,,,-14.708620426109462,-24.34272826506566,,,,,,,56.37651333163137,,,15.48024649973381,10.407861484507263,,,,,60,100,-40,,,,,,,,,,,,,-178.5153612917578,,0.0036898501915907838
2004-06-07,113.5,114.92,113.42,114.35001,109.06369968312522,112.51017040830939,108.15100850183704,107.22446055234398,-0.41565928570958977,1.1680352493871595,1.5836945350967493,0,,,1.791496565063671,-13.054830791795476,,,,,,,60.200139541841224,60.200139541841224,,36.14741702518225,25.808518296054846,,,,,60,100,-40,,,,,,,,,,,,,-166.05802287507456,,0.015456867094559306
2004-06-14,113.82001,114.44501,112.87,113.63,109.18486399147342,112.73413632664752,108.3658709135297,107.28819726326593,-0.3263852799937772,1.175712935104528,1.502098215098305,0,,,9.688302482234295,-1.0762737929371522,,,,,,,57.33872999052234,,,49.16804774086491,41.343760687749956,,,,,60,100,-40,,,,,,,,,,,,,-158.59292780687923,,0.04100417844263463
2004-06-21,113.75,114.94,112.67,113.84,109.07951513493961,112.95530906131802,108.58054264241089,107.35338933029811,-0.25361304033266774,1.1850819146824705,1.4386949550151382,0,,,16.245395806009594,9.241731617769199,,,,,,,57.96995651033781,,,62.785050277978144,57.262187776061445,62.785050277978144,,,,60,100,-40,,,,,,,,,,,,,-187.9396682056285,,0.011067886035997888
2004-06-28,114.53,114.78999,112.58,112.88,109.12312119672963,112.94024724905441,108.74914881329674,107.40838048124043,-0.26908726024287355,1.1023358797115463,1.37142313995442,0,,,17.974941942222916,14.636213410155614,,,,,,,54.012129556343545,,,58.70178908825879,60.675956437598074,,,,,60,100,-40,,,,,,,,,,,,,-161.95063762278699,,-0.020649613399670575
2004-07-06,112.37,112.57001,111.2,111.73,109.18147111124894,112.69819779924353,108.8660449382655,107.45138167048182,-0.3505735190452386,0.9332062411478717,1.2837797601931102,0,,,5.894714815359629,13.37168418786406,,,,,,,49.61605758644978,,,49.14062972074146,55.82919849007431,,,,,60,100,-40,,,,,,13.37168418786406,,,,,,,-121.59597623682579,,-0.01013069990742254
2004-07-12,111.52,112.39,110.44,110.71001,109.30137603187401,112.30056023939483,108.93835729362765,107.48380583296459,-0.4600672381868527,0.7086957124595443,1.168762950646397,0,,,-7.151658271377132,5.572666162068484,,,,,,,46.0172829919592,,,30.320689614895294,39.955265480029674,,,,,60,100,-40,,,,,,,,,,,,,-63.12398055740296,,-0.052811813953481286
2004-07-19,110.75,112.06,108.69,108.96001,109.38342131531158,111.63245019151586,108.93920641936774,107.49849443164156,-0.6269145956529092,0.38511970608026047,1.0120343017331697,0,,,-22.596256015177076,-7.951066490398193,,,,,,,40.55048876418557,,,14.744842817786225,23.156965084185497,,,,,60,100,-40,,,,,,,,,,,,,-6.192347728784213,,-0.12102585152745297
2004-07-26,109.21001,110.89999,108.21001,110.84,109.25674907850362,111.47396015321269,109.01374734409842,107.53174324326702,-0.5878773416587846,0.27718762465968894,0.8650649663184735,0,,,-31.252792884352733,-20.33356905696898,,,,,,,47.77151290329958,,,12.509003310112455,13.009210230343193,,,,,60,100,-40,,,,,,,,,,,,,3.1153518582674877,,-0.03240654807192276
2004-08-02,110.19,113.61,106.62,106.85001,109.23627057289622,110.54917012257015,108.92889489923182,107.52495982791112,-0.7951105180889634,-0.12882318129273074,0.6662873367962326,0,,,-40.609922550109424,-31.486323816546406,,,,,,,37.34270521406237,,,11.062783750132589,10.11677111038346,,11.062783750132589,,,60,100,-40,,,,,,,,,,,,,110.73074242949161,,-0.03496194452262011
2004-08-09,107.02,108.41,106.59,107.19,108.60296624626076,109.87733609805612,108.8607029423992,107.52162689430006,-0.8676962980307069,-0.4183330357421511,0.44936326228855583,0,,,-51.452051880445296,-41.10492243830248,,,,,,,38.58044338104965,,,13.20050961249346,12.604653001187588,,,,,60,100,-40,,,,,,,,,,,,,182.4160619877659,,-0.08324389797214839
2004-08-16,107.14,110.63,107.10001,110.48,108.75346937152786,109.99786887844489,108.9242047877953,107.55106344261547,-0.6618422300613009,-0.3779395252880704,0.28390270477323054,0,,,-48.36046723336105,-46.807480554638595,,,,,,-46.807480554638595,49.11746243372007,,,16.70964823640039,14.806114771620457,,,,,60,100,-40,,,,,,,,,,,,,151.97677798999024,,-0.08434775573836621
2004-08-23,110.55,111.63,109.85001,111.45,108.64893798784729,110.28829510275591,109.02325558043079,107.58985883124616,-0.43880717783588724,-0.2646062675216285,0.17420091031425872,0,,,-35.85427119381344,-45.22226343587326,,,,,,,51.76077980217114,,,31.51353186423907,23.85915291336445,,,,,60,100,-40,,,,,,-45.22226343587326,,,,,,,114.34463653726475,,-0.04646385818530697
2004-08-30,111.23,112.82001,110.10001,112.12,108.2918631315725,110.65463608220473,109.14469653806096,107.63493486277605,-0.23484045234081646,-0.11934965511176188,0.11549079722905459,0,,,-21.74264784411106,-35.319128757095186,,,,,,,53.565806497394746,,,49.94026998127863,39.41540811971282,,,,,60,100,-40,,,,,,,,,,,,,84.46379353048933,,-0.024230112569931312
2004-09-07,112.53999,113.27,112.03,113.06,108.29958719360303,111.13570886576379,109.29823785029386,107.68891561041012,-0.03575163928995617,0.07080124811660937,0.10655288740656554,0,,,-5.513413628820391,-21.036777555581637,,,,,,,56.06450595222438,,,63.411256280561645,56.61388880477036,,,,,60,100,-40,,,,,,,,,,,,,9.106740161309403,,-0.046201556239359
2004-09-13,113.31,113.74001,112.67999,113.14999,107.82817810834567,111.53856509261104,109.4492869542039,107.74325465906276,0.09567906097904544,0.22615171363037234,0.1304726526513269,0,,,7.426142925102962,-6.609972849276168,,,,,,,56.30834492277098,,,74.64630957049485,69.99159368504677,,,,,60,100,-40,,,,,,,,,,,,,-66.18539441347409,,0.007986810204910093
2004-09-20,112.67,113.47,110.95,111.46001,108.0568761006067,111.52285407408883,109.52813883835276,107.78023729927109,0.0640015534254367,0.21047459443312277,0.14647304100768607,0,,,9.58936941217161,3.834032902818057,,,,,,,50.59554162659781,,,76.31251063983336,75.53366762299065,,,,,60,100,-40,,,,,,,,,,,,,-71.4244136110242,,0.036234968375644314
2004-09-27,111.10001,113.64999,110.41,113.64999,108.56066995056337,111.94828125927106,109.68978006037814,107.83864279878084,0.17921567884980788,0.37049263956994594,0.19127696072013806,0,,,15.234774520482803,10.750095619252455,,,,,,,56.75488299719422,,,81.969118658262,80.08265410728576,81.969118658262,,,,60,100,-40,,,,,,,,,,,,,-113.89270204538349,,0.05731756823879347
2004-10-04,114.09,114.67999,112.35001,112.50999,108.4613370969517,112.06062300741685,109.8003765285986,107.88512386545963,0.1675389062806348,0.4007005935709316,0.23316168729029677,0,,,22.917475771424648,15.91387323469302,,,,,,,53.02676159430455,,,80.99877814417253,80.73612328856485,,,,,60,100,-40,,,,,,,,,,,,,-122.27584712804102,,0.011391934828940473
2004-10-11,112.78,113.07001,110.57001,111.25999,108.49910087574085,111.90049640593348,109.85761627257513,107.91870462301725,0.06953969477035132,0.32008630575323593,0.2505466109828846,0,,,16.031742016699198,18.061330769535548,,,,,18.061330769535548,,49.18863862883335,,,81.4293091615821,81.99390863304568,,,,,60,100,-40,,,,,,18.061330769535548,,,,,,,-94.58932946839717,,-0.06220258676776323
2004-10-18,110.89,112.23,109.75,109.99001,108.50987867033079,111.51839912474678,109.86280818345453,107.93931462676832,-0.07886104047518425,0.1519703103889043,0.23083135086408854,0,,,2.9364260633106447,13.961881283811495,,,,,,,45.55912734299075,,,68.14645933704,74.60476534099469,,,,,60,100,-40,,,,,,,,,,,,,-92.84581501959771,,-0.12383331070608371
2004-10-25,109.75,113.64,109.35001,113.2,108.52274376530717,111.85471929979742,109.99367845077005,107.99165975486018,0.035007897040376906,0.27459122216455967,0.23958332512418276,0,,,5.945600401164739,8.30458949372486,,,,,,,54.7098608424013,,,66.6925061641924,68.98446883789717,,66.6925061641924,,,60,100,-40,,,,,,,,,,,,,-129.60112137967087,,-0.073841303622005
2004-11-01,113.56,117.64,113.2,117.28,111.90612992492808,112.93977543983794,110.27941655073985,108.08408105083173,0.36273540218989275,0.6930025778615487,0.330267175671656,0,,,30.529672649036,13.13723303783713,,,,,,,63.2219811035272,,,72.51843685132957,67.78139263155803,,,,,60,100,-40,,,,,,13.13723303783713,,,,,,,-233.31000840154886,,-0.014060420014496354
2004-11-08,116.98,119,116.72,118.78999,113.16568207314751,114.10981835187036,110.61316452914221,108.19060750803739,0.6424865154960188,1.1333753200416794,0.49088880454566064,0,,,48.74172175648715,28.40566493556263,,,,,,,65.79917278290063,65.79917278290063,,87.89736237902102,79.3626873299077,,,,,60,100,-40,,,,,,,,,,,,,-336.34455232854003,,0.025815128186655604
2004-11-15,118.5,119.14,117.14,117.42,113.24170406792268,114.7718546814963,110.88009925348958,108.28244225920119,0.6922439880534978,1.356193789612533,0.663949801559035,0,,,56.39899061259201,45.22346167270505,,,,,,,61.55925736341011,,,91.14672906577098,88.99524415769436,,,,,60,100,-40,,,,,,,,,,,,,-337.0091791778964,,0.025917998138758953
2004-11-22,117.17,118.98,117.03,118.35001,113.35229592021392,115.48748574519703,111.17303692982331,108.38261706259222,0.7404403960804926,1.5895002966596508,0.8490599005791581,0,,,60.008106109685585,55.04960615958825,,,,,,,63.298472194601494,,,91.24080623944113,93.05296597021605,,,,,60,100,-40,,,,,,,,,,,,,-364.8256920546425,,0.04358801393425623
2004-11-29,118.78999,120.14,117.48,119.25,113.9221412116272,116.23998859615763,111.48978057963416,108.49075022614852,0.7815284040468826,1.8259704056377615,1.0444420015908789,0,,,62.91471077818604,59.77393583348788,,,,,,,64.9604753305927,,,89.29184902626564,90.32763963376128,,89.29184902626564,,,60,100,-40,,,,,,,,,,,,,-403.03920259016206,,0.09556353600417304
2004-12-06,119.21001,119.64,117.73,119.33,114.00270255365383,116.85799087692611,111.79724016474654,108.59860345772913,0.761895995821966,1.9968119963683364,1.2349160005463704,0,,,62.897440167099745,61.94008568499046,,,,,,,65.11261083357147,,,92.30150178300758,90.57192712336284,,,,,60,100,-40,,,,,,,,,,,,,-371.5775293919509,,0.18360638075145685
2004-12-13,119.75999,121.24001,119.16,119.44,114.22036665696427,117.37439270154088,112.09695623671726,108.70647805018953,0.7054123851827794,2.1166814820248447,1.4112690968420654,0,,,64.24430987541322,63.35215360689967,,,,,,,65.33679548847334,,,95.2706295955841,93.20709851314763,,,,,60,100,-40,,,,,,,,,,,,,-364.01797859341445,,0.08530634267009636
2004-12-20,119.75,121.28,119.07001,120.77,115.62605332432396,118.05351416123271,112.43707559998325,108.82651309446625,0.7050418913426686,2.292571461020401,1.5875295696777325,0,,,64.58810713085992,63.90995239112431,,,,,,,68.02789470234151,,,97.56537203205667,96.62399529619655,,,,,60,100,-40,,,,,,,,,,,,,-368.74198248552085,,0.15873169768032305
2004-12-27,121.2,121.66,120.39,120.87,115.77776522972941,118.61681132898617,112.76777851763096,108.94634878506858,0.6597587743383955,2.412228037600727,1.7524692632623313,0,,,64.82614793526928,64.55285498051414,,,64.55285498051414,,64.55285498051414,,68.22880629555365,68.22880629555365,,98.92916275444745,98.42480873870807,98.92916275444745,,,,60,100,-40,,,,,,,,,,106,,,-368.06162203360793,,0.17506273920409607
2005-01-03,121.56,121.75999,118,118.44,115.96006771332017,118.58144906318894,112.99021857576308,109.04081297626193,0.4257366978962034,2.2846401356325856,1.8589034377363822,0,,,58.30095920845048,62.57173809152656,,,,,,,58.54412253606375,,,90.6945558488481,94.83234430894994,,,,,60,100,-40,,,,,,62.57173809152656,,105,,,,,-312.05041802749736,,0.07198441689505991
2005-01-10,118.34,119.46001,117.5,118.24001,115.77363573379729,118.51316125055115,113.19609274926256,109.1323472750056,0.2270282105476935,2.142688700920999,1.9156604903733057,0,,,48.01375438126412,57.0469538416613,,,,,,,57.812472617962314,,,79.04624229787991,86.02069218867321,,,,,60,100,-40,,,,,,,,,,,,,-275.31397838613424,,0.025167770387768906
2005-01-18,118.05,119.62,116.64999,116.78,115.85766032424034,118.16652900044092,113.33663813164442,109.20844332202047,-0.0200587520162403,1.8905870503530053,1.9106458023692456,0,,,35.65324225433134,47.32265194801531,,,,,,,52.61230859611657,,,59.831887847623435,69.57308387276993,,,,,60,100,-40,,,,,,,,,,,,,-230.71143686138254,,-0.047820503453755284
2005-01-24,117.09,117.75,116.37,117.42999,115.79139744393747,118.01922120035273,113.49716173432503,109.29024975662723,-0.14981471012037018,1.723377414718783,1.8731921248391532,0,,,23.043964342735865,35.57032032611044,,,,,,,54.582601108324425,,,43.320850341058616,52.20104622792019,,,,,60,100,-40,,,,,,,,,,,,,-198.76390288658573,,-0.029925404905901055
2005-01-31,117.97,120.42999,117.71001,120.23,115.95701191222764,118.46137696028218,113.76119460748876,109.3991029928797,-0.06167713438299205,1.796095706860413,1.8577728412434051,0,,,27.17254718562827,28.623251260898495,,,,,,,61.9630937978111,,,37.92950887206197,40.09759100519947,,37.92950887206197,,,60,100,-40,,,,,,,,,,,,,-233.53410236175193,,0.021702778916902254
2005-02-07,120.25,121.03999,119.25,120.77,115.87936820421139,118.92310156822575,114.03604972092057,109.5122462466819,0.014323585967120245,1.8756773237023054,1.8613537377351852,0,,,34.26198811768231,28.15949988201548,,,,,,,63.212099394671085,,,43.22191483721224,39.16147771688648,,,,,60,100,-40,,,,,,28.15949988201548,,,,,,,-230.16426556870613,,0.08317648462174754
2005-02-14,120.69,121.46001,119.89999,120.39,115.98012904676771,119.2164812545806,114.28522424166879,109.62048260243631,0.01998818008245351,1.886338962838252,1.8663507827557986,0,,,39.338682950679335,33.591072751329975,,,,,,,61.66836154705624,,,55.60072127917019,48.56130531370069,,,,,60,100,-40,,,,,,,,,,,,,-198.31621728348682,,0.01748291362614078
2005-02-22,119.89999,121.67,118.58,121.42999,116.66653554342716,119.65918300366448,114.56541113415236,109.73799013873048,0.0718453928660352,1.9561575238383426,1.8843121309723074,0,,,41.77788252057745,38.4595178629797,,,,,,,64.25644766195775,,,63.414716810446336,59.187980705767586,,,,,60,100,-40,,,,,,,,,,,,,-216.80417777739825,,0.10301951977687149
2005-02-28,121.14999,122.83,120.03999,122.73,117.86536371889666,120.27334640293158,114.8855910896758,109.86726386869336,0.16636692210973703,2.0922707836094787,1.9259038614997417,0,,,48.94880185917369,43.35512244347683,,,,,,,67.2507922273231,67.2507922273231,,72.65466677533648,68.89773092760943,72.65466677533648,,,,60,100,-40,,,,,,,,,,,,,-243.7488727269622,,0.1815810150047251
2005-03-07,122.66,123.25,120.16,120.39,117.81426488183261,120.29667712234526,115.10145026262968,109.97196771079591,0.04999852527212667,1.9884020180899,1.9384034928177734,0,,,49.34397487654405,46.69021975209839,,,46.69021975209839,,46.69021975209839,,57.80757306280993,,,69.55316449209985,70.78984613059708,,,,,60,100,-40,,,,,,,,,,106,,-80.99999999999997,-188.52180495842362,-80.99999999999997,0.17361557597822502
2005-03-14,120.61,121.46001,118.14999,118.53999,117.72396024741599,119.94533969787621,115.23629495821284,110.05722166392232,-0.1612953076233139,1.7367843582886309,1.8980796659119448,0,,,36.31296107808771,44.86857927126849,,,,,,,51.601647566669655,,,52.885371943921754,62.62470734112742,,,,,60,100,-40,,,,,,44.86857927126849,,,,,,-58.090909090909086,-156.063294965983,-58.090909090909086,0.08144217213673834
2005-03-21,118.71001,118.92999,116.75,117.14,117.60867451545771,119.38427175830097,115.31095005789076,110.12769707025146,-0.3919233432576401,1.4081754868398946,1.8000988300975347,0,,,16.23013089514667,33.96235561659281,,,,,,,47.42752456790106,,,26.245572481013436,40.9884160905864,,,,,60,100,-40,,,,,,,,,,,,-32.983471074380155,-126.77905951762241,-32.983471074380155,-0.004260737144268699
2005-03-28,117.42,118.99001,116.25,117.42999,117.66305633578216,118.99341540664078,115.39404966346368,110.20035670139323,-0.5138359318044157,1.157803915342015,1.6716398471464307,0,,,2.2064145816901153,18.24983551830816,,,,,,,48.364801057234466,,,10.123656336832623,18.724019522955455,,,,,60,100,-40,,,,,,,,,,,,-2.4410217881291985,-98.27377596896376,-2.4410217881291985,-0.04906555412413182
2005-04-04,117.36,119.25999,116.74001,118,117.63355088322629,118.79473232531262,115.49624379430824,110.27796509242414,-0.5421755666931918,0.9939203887799408,1.5360959554731326,0,,,-5.29503472545923,4.380503583792518,,,,,,,50.25337702890085,,,6.356532166237214,6.434771588656173,,,,,60,100,-40,,,,,,,,,,,,18.91189126425793,-71.31490761097034,18.91189126425793,-0.017816617284010985
2005-04-11,118.28999,119.06,114.10001,114.14999,117.6375858201387,117.8657838602501,115.44344952786479,110.3164927034448,-0.7912194991886079,0.5470715814873728,1.3382910806759807,0,,,-21.05236086020883,-8.046993667992647,,,,,,,39.64365930606833,,,5.485792811633511,4.693292879448767,,5.485792811633511,,,60,100,-40,,,,,,,,,,,,143.65518376166563,39.83325740920613,143.65518376166563,-0.10327944020024837
2005-04-18,114.12,116.5,113.55,115.57001,117.29275969012879,117.40662908820008,115.4484126836348,110.36876650739062,-0.827416963069181,0.3040198768395044,1.1314368399086854,0,,,-32.34336175892338,-19.563585781530477,,,,,,,44.33917131385583,,,9.071123327283772,7.6747080355510136,,,,,60,100,-40,,,,,,,,,,,,167.5360594413628,61.68175606207775,167.5360594413628,-0.08569846590046239
2005-04-25,115.86,116.77,113.97,115.75,117.25970542654817,117.07530327056006,115.46023963721775,110.42231111925737,-0.8055588201089547,0.124488314772492,0.9300471348814467,0,,,-37.62514323624758,-30.340288618459926,,,,,,,44.92748772684313,,,10.881047894653424,9.626981788035408,,,,,60,100,-40,,,,,,,,,,,,229.80223045202408,121.37598223260902,229.80223045202408,-0.09287683845764726
2005-05-02,116.07001,118,115.52,117.09,117.25044075322329,117.07824261644805,115.52415180830725,110.48865628224983,-0.672593227773824,0.08930560016416678,0.7618988279379908,0,,,-33.92094258311037,-34.629815859427104,,,,,,,49.2534832158199,,,19.598635033127994,15.44998067163599,,,,,60,100,-40,,,,,,-34.629815859427104,,,,,,219.8381885516561,109.30762182668005,219.8381885516561,-0.04187149242890822
2005-05-09,117.21001,118.08,114.8,115.72,117.28755212799305,116.80659409315844,115.53183212955011,110.54070945357073,-0.6483708076730581,-0.04856468165333183,0.5998061260197263,0,,,-34.71746335842259,-35.42118305926018,,,,,,,45.31131029818384,,,22.51129566914963,20.226248683547674,,,,,60,100,-40,,,,,,,,,,,,188.0494269968095,97.6153269491018,188.0494269968095,-0.08021319248404202
2005-05-16,115.7,119.41,115.66,119.12,117.20772697599355,117.26927527452675,115.67254459505794,110.62607552865957,-0.38768825587793354,0.11519580617230929,0.5028840620502428,0,,,-22.085001869133464,-30.241135936888806,,,,,,,54.9957170788945,,,32.6100247653675,28.440920395026648,,,,,60,100,-40,,,,,,,,,,,,161.13134936102594,72.59435841290149,161.13134936102594,-0.033221798707541404
2005-05-23,119.21001,120.25,118.83,120.25,114.72646076342258,117.8654202196214,115.85205265015371,110.72183597116047,-0.13644496156306385,0.332327860096413,0.46877282165947687,0,,,-3.487695028344241,-20.096720085300095,,,,,,,57.69313350413811,,,41.461859920419165,36.124797907824565,,,,,60,100,-40,,,,,,,,,,,,124.56201311356668,41.21356597419208,124.56201311356668,0.03773404562490942
2005-05-31,120.08,120.92,119.39999,120.14999,114.78814213746382,118.32233417569712,116.02059921289278,110.81564844905938,0.0175260213791667,0.4906803483834352,0.4731543270042685,0,,,10.367502765533118,-5.068398043981524,,,,,,,57.36348072811674,,,54.78382062728697,48.286423080824015,,,,,60,100,-40,,,,,,,,,,,,83.73255618382731,-5.370718748388299,83.73255618382731,0.04935248677569609
2005-06-06,120.02,121.25,119.44,120.2,114.9611305562164,118.69786734055769,116.18449728297541,110.90902508140705,0.11199117125807845,0.6131432910768666,0.5011521198187882,0,,,19.936313486010267,8.93870707439972,,,,,,,57.49504794077327,,,67.76771705824257,60.9038935558122,,,,,60,100,-40,,,,,,,,,,,,53.963000514040544,-44.39422443049949,53.963000514040544,0.07963257648004061
2005-06-13,119.94,121.89999,119.81,121.36,116.19033551648667,119.23029387244615,116.38745817383912,111.01301488159206,0.2347889166677496,0.7946382656534752,0.5598493489857256,0,,,29.061063309770635,19.788293187104678,,,,,,,60.55373509381114,60.55373509381114,,80.20739692463867,74.08188814592505,,,,,60,100,-40,,,,,,,,,,,,-12.212090488512288,-115.41345635222683,-12.212090488512288,0.07277581973263979
2005-06-20,121.08,121.94,118.84,118.98,116.26102726530904,119.18023509795692,116.48912648074739,111.0922883653573,0.1424580619859369,0.7379219264681467,0.5954638644822098,0,,,29.314155691896396,26.103844162559103,,,,,,,52.20387260029412,,,83.7023763032445,82.09229971762856,83.7023763032445,,,,60,100,-40,,,,,,,,,,,,-1.8098922178736743,-93.52010065182199,-1.8098922178736743,-0.0007552793984376414
2005-06-27,118.97,120.39999,118.75,119.53,116.18238246064412,119.25018807836554,116.60837642267886,111.17624569505524,0.10678996871846713,0.7289513253802937,0.6221613566618266,0,,,26.855108941854184,28.41010931450708,,,,,,,53.79879489683355,,,79.47803316558284,82.65035623084461,,,,,60,100,-40,,,,,,28.41010931450708,,,,,,-20.571729996442087,-114.69826416967251,-20.571729996442087,-0.030502720271105906
2005-07-05,119.25,121.32001,118.25999,121.32001,116.31649942774096,119.66415246269243,116.79314636688753,111.2771786732139,0.18739792232364105,0.8564087595663779,0.6690108372427368,0,,,29.966413475922412,28.711892703224336,,,,,,,58.66228623805267,,,75.87390688641918,78.34149419050497,,,,,60,100,-40,,,,,,28.711892703224336,,,,,,-90.46777908799808,-188.38948886609572,-90.46777908799808,0.0285785181613532
2005-07-11,121.33,123.44,121.31,122.84,117.7196037543309,120.29932197015394,117.03027788191154,111.39223162173913,0.3190006839852122,1.067761692224252,0.7487610082390399,0,,,43.422019147123336,33.41451385496664,,,,,,,62.31189663691971,,,82.62948308269756,78.7427489620124,,,,,60,100,-40,,,,,,,,,,,,-109.47363743563479,-193.2277636177147,-109.47363743563479,0.00889906337653706
2005-07-18,122.5,123.73,122.05,123.53999,118.48105062902155,120.94745557612315,117.28556071007188,111.51310483943327,0.4226096177568619,1.2770230304351173,0.8544134126782554,0,,,52.326593270368676,41.90500863113814,,,,,,,63.90189847015841,,,91.38749578562755,85.6743820892428,,,,,60,100,-40,,,,,,,,,,,,-150.4784306291557,-238.09544295994834,-150.4784306291557,0.006745353072702868
2005-07-25,123.41,124.64,122.37,123.74001,118.80242344123428,121.50596646089852,117.53867636850043,111.6347655872996,0.4703710808408117,1.44237726372927,0.9720061828884583,0,,,57.97644974821363,51.24168738856855,,,,,,,64.36725553286539,64.36725553286539,,97.26947111423252,94.53894222846502,97.26947111423252,,,,60,100,-40,,,,,,,,,,,,-226.7550796056728,-319.3508169672305,-226.7550796056728,0.05505556312834892
2005-08-01,123.83,124.74001,122.67,122.88,118.83082248114613,121.78077316871881,117.74814004032395,111.74665846702796,0.41190398740991885,1.4868861671508569,1.074982179740938,0,,,59.28991827902948,56.530987099203934,,,,,,,60.72111130871246,,,95.45831620547614,97.00431047324115,,,,,60,100,-40,,,,,,,,,,,,-198.25415604100505,-287.6506684277341,-198.25415604100505,0.06313032793791558
2005-08-08,123.17,124.5,122.38,123.06,118.88576301820711,122.03661853497505,117.95644827403673,111.85922902954509,0.35535203043466845,1.5191722177842735,1.163820187349605,0,,,58.20872293972541,58.4916969889895,,,58.4916969889895,,58.4916969889895,,61.21921137289587,,,91.43536317729348,94.19576207307453,,,,,60,100,-40,,,,,,58.4916969889895,,105,,,,-162.2079458517314,-261.7141832590551,-162.2079458517314,0.07589488114859463
2005-08-15,123.22,123.87,121.84,122.47,118.9296378026209,122.12329482798003,118.13345030250588,111.96480884019638,0.2530154706225023,1.4800895256277329,1.2270740550052306,0,,,53.25755729819351,56.918732838982805,,,,,,,58.58131265111903,,,79.34810263046452,85.32087287003814,,,,,60,100,-40,,,,,,,,,,,,-130.8974102423257,-237.76614993922695,-130.8974102423257,0.0681627728504168
2005-08-22,122.58,123.23,120.67999,120.75999,118.9832358167194,121.85063386238403,118.23645185927036,112.05232308059244,0.055293565226078645,1.2961910115378288,1.2408974463117501,0,,,40.93289993729327,50.799726725070734,,,,,,,51.60011688171038,,,57.761500858631486,69.39332459741657,,,,,60,100,-40,,,,,,,,,,,,-103.46151747099377,-209.99048631391292,-103.46151747099377,0.02061053200037472
2005-08-29,120.41,123.14999,120.38,122.27,118.9587182583823,121.93450708990723,118.39463021773035,112.15399150765123,0.01351901076575257,1.2577962097689408,1.2442771990031882,0,,,33.666979234122635,42.6191454898698,,,,,,,56.5531608539541,,,40.63306649867885,50.19278562702376,,40.63306649867885,,,60,100,-40,,,,,,,,,,,,-84.65033247626764,-199.99221607501968,-84.65033247626764,0.11417053379577911
2005-09-06,122.66,124.74001,122.64999,124.60001,119.76452623992643,122.46760767192578,118.63797844448602,112.2778324876746,0.12397879761427166,1.3992506960210278,1.2752718984067561,0,,,42.954810131041256,39.18489643415239,,,,,,,62.899804782231996,62.899804782231996,,41.4559585951078,40.02873542009899,,,,,60,100,-40,,,,,,39.18489643415239,,,,,,-119.25936293512805,-228.17544951592515,-119.25936293512805,0.11758996260776204
2005-09-12,124.45,124.67,122.87,123.5,119.75705936564596,122.67408613754063,118.82864595646696,112.3894958460062,0.10488719976717742,1.406380898115728,1.3014936983485506,0,,,45.778887018323644,40.80022546116251,,,,,,,58.527158554045094,,,53.18239548484826,45.08033002753677,53.18239548484826,,,,60,100,-40,,,,,,,,,,,,-105.75766058328657,-225.7799132403024,-105.75766058328657,0.08450966730132384
2005-09-19,123.47,123.61,120.44,121.44,119.84584155381411,122.4272689100325,118.93105199738982,112.47955061370763,-0.05590726130629897,1.231609621715677,1.2875168830219759,0,,,31.888705174621677,40.20746744132886,,,,,,,51.29303189510324,,,49.524483795071134,50.804152575604654,,,,,60,100,-40,,,,,,40.20746744132886,,,,,,-64.71081320450719,-177.4562926511565,-64.71081320450719,0.040784212331627705
2005-09-26,122.02,123.03999,121.02,123.03999,119.73256787139881,122.549813128026,119.09218682102158,112.58462961257621,-0.06338978510630988,1.2082796516390886,1.2716694367453985,0,,,25.61921628492957,34.42893615929163,,,,,,,55.88144108392949,,,38.45670555288317,46.610671765615926,,,,,60,100,-40,,,,,,,,,,,,-96.58157444005134,-192.46423944185528,-96.58157444005134,0.12971218484207886
2005-10-03,122.96001,123.34,118.17,119.61,119.79167230915604,121.9618505024208,119.11249322019721,112.65453379553566,-0.29524420501408044,0.9026141804777978,1.1978583854918783,0,,,4.434359000230042,20.647426819927094,,,,,,,45.85028902642203,,,21.02556583785286,30.149671507598438,,,,,60,100,-40,,,,,,,,,,,,-49.021288178223834,-142.01619590697248,-49.021288178223834,0.04706846074384033
2005-10-10,119.67999,119.71001,116.88,118.67,119.39655357278775,121.30348040193664,119.09514054489536,112.7143891806547,-0.4959981247890779,0.5778607295055309,1.0738588542946088,0,,,-17.827079402622715,4.0754986275122995,,,,,,,43.53037073880237,,,14.968340030114469,18.03521989212166,,,,,60,100,-40,,,,,,,,,,,,8.073491490544136,-92.55870574206838,8.073491490544136,0.026712530304446477
2005-10-17,118.77,119.81,117.12,118.13,119.3639418890172,120.66878432154931,119.05729189607594,112.76827585547406,-0.6400774558093836,0.2737620345328793,0.9138394903422629,0,,,-30.515928911659564,-14.636216438017408,,,,,,,42.201488809511694,,,3.9671533893690962,7.93430677873819,,3.9671533893690962,,,60,100,-40,,,,,,,,,,,,17.514674855899734,-74.82075924351051,17.514674855899734,0.005884092356857709
2005-10-24,118.44,120.53999,117.92999,119.8,119.35366103980168,120.49502745723944,119.08641770407296,112.8382432598972,-0.5985854729223951,0.16560764918926907,0.7641931221116641,0,,,-33.1093342974152,-27.150780870565825,,,,,,,47.5644502341276,,,7.414982620330269,6.6828563521919575,,,,,60,100,-40,,,,,,,,,,,,71.60291579119068,-33.944257562872195,71.60291579119068,0.03826267190366067
2005-10-31,120.28999,122.66,120.13,122.11,119.35554310838728,120.81802196579156,119.2049895588152,112.93049954586837,-0.4007484616797915,0.2632575450119248,0.6640060066917163,0,,,-21.039815744760297,-28.22169298461169,,,,,,,53.96521356118984,,,19.385817976246102,11.729686210240198,,,,,60,100,-40,,,,,,-28.22169298461169,,,,,,49.4932947382469,-53.2271198241682,49.4932947382469,0.05203275450118799
2005-11-07,122.39999,123.86,121.75,123.75999,119.32157645778818,121.40641557263325,119.38361702709696,113.03825566979008,-0.15649526809897485,0.46838692156799766,0.6248821896669725,0,,,-4.391293715025,-19.513481252400165,,,,,,,57.938268150125324,,,40.70636990074787,29.15044960805409,,,,,60,100,-40,,,,,,,,,,,,-8.596395214161596,-126.27673440159221,-8.596395214161596,0.12531210984615132
2005-11-14,123.75999,125.756,122.86,125.13,119.92716885366045,122.1511324581066,119.60896537897551,113.15857153377226,0.08653554817983944,0.7330516248917718,0.6465160767119323,0,,,12.408803965727724,-4.340768498019188,,,,,,,60.96838548991053,,,62.64585371534784,51.14898684159734,,,,,60,100,-40,,,,,,,,,,,,-77.03341426613221,-186.95369178312092,-77.03341426613221,0.15274355619037722
2005-11-21,125.14999,127.41,124.98,127.13,121.88508536411328,123.14690596648528,119.90390791313334,113.29759072249094,0.356067383078278,1.0916003055597798,0.7355329224815018,0,,,28.42343685422831,12.146982368310347,,,,,,,64.96046345403823,64.96046345403823,,80.1216438428555,71.66207461706276,,,,,60,100,-40,,,,,,,,,,,,-52.11824803592638,-168.4166569134626,-52.11824803592638,0.13379276645714944
2005-11-28,127.25,127.27,125.28999,126.85001,121.91257926667662,123.88752677318823,120.17630407340262,113.43244066555073,0.4817650539531386,1.337739239922925,0.8559741859697865,0,,,37.23473641161653,26.02232574385752,,,,,,,63.968212905853996,,,90.65946467039004,86.01071574963167,,,,,60,100,-40,,,,,,,,,,,,-117.18765748393977,-237.79544656556033,-117.18765748393977,0.14037187097555248
2005-12-05,126.64,127.74001,125.48,126.33,122.00239360477114,124.37602141855058,120.41762548228878,113.56077458927659,0.4943054220574925,1.4738559635416522,0.9795505414841597,0,,,42.126130947350894,35.92810140439858,,,,,,,62.06090155154188,,,93.68688932270807,92.8158013263032,93.68688932270807,,,,60,100,-40,,,,,,,,,,,,-124.97171975958707,-256.3780926445494,-124.97171975958707,0.08714703332003386
2005-12-12,126.71001,128.57001,125.96001,126.36,122.04579263300178,124.77281713484047,120.65065977710098,113.68813006600021,0.4692373294203085,1.5660972032595453,1.0968598738392368,0,,,45.76319171111401,41.70801969002715,,,,,,,62.13146950040709,,,92.0463937729528,93.48974461404174,,,,,60,100,-40,,,,,,,,,,,,-118.61322525784395,-247.0366212546313,-118.61322525784395,0.04460939370590338
2005-12-19,126.73,126.87,125.48,126.75999,122.03609315921594,125.17025170787237,120.89024135446957,113.81819832404996,0.44445350367159264,1.6524267534287276,1.207973249757135,0,,,45.24451063630728,44.37794443159073,,,,,44.37794443159073,,63.12224430994645,,,90.491732152515,91.5361211390017,,,,,60,100,-40,,,,,,,,,,106,,-115.22900248369048,-243.93905375378927,-115.22900248369048,0.1020063591053494
2005-12-27,126.92,127.05,124.36,124.50999,122.20137221927195,125.03819936629789,121.03219228174527,113.92458431087533,0.25101788962175253,1.5217456117843255,1.270727722162573,0,,,39.5976476921491,43.5351166798568,,,,,,,54.44210142103762,,,82.4623396936328,86.24376637128944,,,,,60,100,-40,,,,,,43.5351166798568,,,,,,-86.09645657756495,-208.67740761673667,-86.09645657756495,0.09852458124517938
2006-01-03,125.10001,128.58,124.39,128.44,123.4791313464668,125.71855949303831,121.32269454520623,114.06901630778205,0.3558364965421925,1.7155233428403136,1.359686846298121,0,,,43.3337345615806,42.725297630012335,,,,,,,63.848854586810766,,,82.23675686364062,83.15044247732142,,,,,60,100,-40,,,,,,42.725297630012335,,,,,,-158.6243735634622,-268.9178789591482,-158.6243735634622,0.1514063405040992
2006-01-09,128.42,129.44,128.2,128.67999,123.47489767886204,126.31084559443065,121.61121593559031,114.2143991305902,0.4058008272486491,1.8669378803589325,1.4611370531102834,0,,,50.86187758493924,44.59775327955632,,,,,,,64.33601006416922,64.33601006416922,,82.16948861158178,81.08574037227488,,,,,60,100,-40,,,,,,,,,,,,-147.0563056428327,-265.4782646029394,-147.0563056428327,0.19219267950961777
2006-01-17,128.2,128.89999,125.97,125.97,123.66954713037188,126.24267647554451,121.78214864399853,114.33137028351965,0.2295786134711375,1.7481103199492054,1.518531706478068,0,,,47.01057661535247,47.06872958729078,,,,,,,55.23127621076244,,,83.74202599169601,83.01509002106013,83.74202599169601,,,,60,100,-40,,,,,,47.06872958729078,,,,,,-189.40970461686317,-299.9367619478595,-189.40970461686317,0.11823622737177969
2006-01-23,126.21001,128.66,125.84,128.53999,123.6088659067739,126.70213918043561,122.04716203050839,114.47274958418114,0.2572576477171342,1.8401037661244857,1.5828461184073515,0,,,47.10707246664256,48.326508888978104,,,48.326508888978104,,48.326508888978104,,60.914041846856875,,,80.4160666052712,82.13858300594075,,,,,60,100,-40,,,,,,,,,,106,,-324.0624855956153,-414.4937143209759,-324.0624855956153,0.1407425635958837
2006-01-30,128.44,128.81,126.14,126.27,123.56823191343291,126.61571134434848,122.21276351950806,114.59013516045795,0.10182449454683384,1.7101267365908939,1.60830224204406,0,,,42.93558508623119,45.68441138940875,,,,,,,54.316645319204255,,,59.28226886873925,70.43176247610302,,,,,60,100,-40,,,,,,,,,,,,-303.323851850958,-380.9494026262531,-303.323851850958,0.10456566694831627
2006-02-06,126.44,128.10001,125.39999,126.64,123.55192891961627,126.62056907547878,122.3863806363901,114.7100343130902,0.008014148188796089,1.618319927280055,1.610305779091259,0,,,36.5759177103721,42.20619175441529,,,,,,,55.173931275171334,,,41.921515540971605,52.6673391369801,,,,,60,100,-40,,,,,,,,,,,,-259.0831515144202,-326.23132942147976,-259.0831515144202,0.12449483323410133
2006-02-13,126.57001,129.21001,123.64,128.81,123.66251185392939,127.05845526038303,122.6382872781003,114.85033247912911,0.07259900568585964,1.7010545361985834,1.6284555305127237,0,,,35.6688925562518,38.39346511761837,,,,,,,59.9492119489956,,,28.592554816640863,34.123394209905086,,28.592554816640863,,,60,100,-40,,,,,,,,,,,,-313.7953057845257,-374.18926952666527,-313.7953057845257,0.11968846124535155
2006-02-21,129.12,129.64999,128.28,129.41,123.83447386436299,127.52876420830643,122.90384463974343,114.99520479276961,0.1327180633698848,1.7943531097250798,1.661635046355195,0,,,47.312615154394514,39.85247514033947,,,,,,,61.187698429924005,61.187698429924005,,37.70762469991298,32.41316419204143,,,,,60,100,-40,,,,,,39.85247514033947,,,,,,-315.8325229146119,-384.33667506727147,-315.8325229146119,0.17646210240739052
2006-02-27,129.39999,130.07001,128.13,128.75999,124.03701287405136,127.77500936664514,123.13349739896917,115.13216782965748,0.10681129464094763,1.7951491646563795,1.688337870015432,0,,,52.20649528408227,45.06266766490953,,,,,,,59.04484205411449,,,48.47585067894173,40.753875497261156,,,,,60,100,-40,,,,,,,,,,,,-342.0447914755915,-412.639097782313,-342.0447914755915,0.14326032101604932
2006-03-06,129.14,129.17999,127.17999,128.59,124.14365338304769,127.9380074933161,123.34747789312723,115.26607660747183,0.058733590578810224,1.7617548582389446,1.7030212676601344,0,,,49.76499362385876,49.76136802077852,,,,,,,58.464761151463286,,,51.274950224067354,50.437452879135385,,,,,60,100,-40,,,,,,,,,,,,-289.85482938912037,-353.9774436400743,-289.85482938912037,0.19218220453279328
2006-03-13,128.84,131.47,128.53,130.62,125.44410671283,128.4744059946529,123.6326748384948,115.41885196461142,0.13954424295251266,1.8774515713507753,1.7379073283982627,0,,,58.51402040605412,53.495169771331724,,,,,,,63.148537039470185,63.148537039470185,,57.77242130691003,55.96377901086043,,,,,60,100,-40,,,,,,,,,,,,-313.51758768200756,-369.6179084327881,-313.51758768200756,0.18765508628006408
2006-03-20,130.64,130.99001,129.45,130.21001,125.39381337619929,128.82152679572232,123.89060955071068,115.56602766645608,0.1408708811320385,1.9139959298133107,1.7731250486812722,0,,,61.988781020112995,56.75593168334196,,,,,,,61.62800069430983,,,64.1059554245702,59.976355505274846,,,,,60,100,-40,,,,,,,,,,,,-341.05984446709715,-386.96010689955403,-341.05984446709715,0.15183051473642672
2006-03-27,130.03,130.98,129.05,129.83,125.54711099218505,129.02322143657787,124.12352682323183,115.70795773942666,0.09390111483825803,1.8905014422290947,1.7966003273908366,0,,,61.09899830954136,60.53393324523616,,,,,,,60.17314443780687,,,70.67699835237605,67.29265391289432,70.67699835237605,,,,60,100,-40,,,,,,,,,,,,-405.412600018534,-452.0582692814532,-405.412600018534,0.096219045551362
2006-04-03,130.07001,131.39999,129.35001,129.53999,125.6337459213147,129.1265751492623,124.3359371438894,115.8455899012234,0.024651900749061317,1.8274152033271633,1.802763302578102,0,,,59.94187864495144,61.00988599153527,,,61.00988599153527,,61.00988599153527,,59.021203734298496,,,64.11467640403978,67.63156273595074,,,,,60,100,-40,,,,,,61.00988599153527,,105,,,,-400.79212728789145,-442.59312941209816,-400.79212728789145,0.01984935063936664
2006-04-10,129.71001,130.08,128.25,128.71001,125.69705264122078,129.04326211940983,124.50746941275648,115.97359408131074,-0.08944729196220047,1.6909541876253513,1.7804014795875518,0,,,49.67259065112751,56.90448920187344,,,,,,,55.71437688334962,,,49.91071442183427,58.62014042691379,,,,,60,100,-40,,,,,,,,,,,,-337.01174050827484,-381.2125604280803,-337.01174050827484,-0.024799886594547786
2006-04-17,128.78999,131.86,128.02,131.14999,126.31725316684786,129.46460769552786,124.76796041617779,116.12460299592456,-0.016791237714493423,1.7594124324444351,1.7762036701589285,0,,,52.370437006170086,53.994968767416346,,,,,,,62.4200232342288,,,51.674487217676614,51.287013231059206,,51.674487217676614,,,60,100,-40,,,,,,,,,,,,-372.10051496131575,-417.3557312593384,-372.10051496131575,-0.007200262301584459
2006-04-24,130.92999,131.75,129.59,131.47,126.43388722635873,129.8656861564223,125.0307854978963,116.27729351337805,0.03385737471835992,1.8185253885568784,1.7846680138385185,0,,,56.83812727589272,52.96038497773011,,,,,,,63.21148427405675,,,61.73642798579556,54.18402639815997,,,,,60,100,-40,,,,,,52.96038497773011,,,,,,-352.6276940592584,-413.2910528485496,-352.6276940592584,0.05587942405868303
2006-05-01,131.47,132.8,130.32001,132.52,127.53503813876169,130.39654892513784,125.32448018425332,116.43891248339419,0.11456615362471423,1.9278757058694111,1.813309552244697,0,,,63.43302885068791,57.54719771091691,,,,,,,65.77372826682657,65.77372826682657,,85.15774347050512,72.91656942968386,85.15774347050512,,,,60,100,-40,,,,,,,,,,,,-414.87720423030225,-488.14722505790417,-414.87720423030225,0.13149955750851813
2006-05-08,132.50999,132.77,129.19,129.24001,127.53682255742157,130.16524114011028,125.47803037310612,116.56628658803703,-0.06670579063306303,1.7299273139533682,1.7966331045864312,0,,,56.03292611846863,58.76802741501643,,,58.76802741501643,,58.76802741501643,,53.228051060998574,,,72.22573562523738,77.78480458380808,,,,,60,100,-40,,,,,,58.76802741501643,,105,,106,,-297.62680346115644,-379.3931841382852,-297.62680346115644,0.04909866126805148
2006-05-15,128.78999,130,125.8,127.10001,127.38133523189146,129.55219491208823,125.54163741729803,116.67109975631527,-0.3297760673388761,1.3844130204128362,1.7141890877517123,0,,,30.01760892271425,49.8278546306236,,,,,,,46.90451936921005,,,49.56648625188774,65.79963917044215,,,,,60,100,-40,,,,,,,,,,,,-189.87647555912798,-278.59442338586973,-189.87647555912798,0.037153841952479894
2006-05-22,126.28,128.38,124.75999,128.38,127.14838271532778,129.31775592967057,125.65294575387458,116.78760622640169,-0.41131797707404827,1.2000416164091519,1.6113595934832001,0,,,10.333233729944123,32.12792292370901,,,,,,,50.699628234870964,,,21.156874394512094,35.57843719725606,,,,,60,100,-40,,,,,,,,,,,,-158.9898436392865,-231.57725549752973,-158.9898436392865,0.08142743750487791
2006-05-30,127.97,129.42999,126.05,129,127.01492537851865,129.25420474373647,125.78420278313439,116.9091225823579,-0.41598840460319453,1.091374087729207,1.5073624923324016,0,,,2.118622218720276,14.156488290459558,,,,,,,52.481896207459,,,17.75657816359952,18.89545031307513,,,,,60,100,-40,,,,,,,,,,,,-163.71896297759807,-227.65411813434253,-163.71896297759807,0.12524321525434842
2006-06-05,128.78999,128.86,123.87,125.35001,126.92528928005304,128.47336579498918,125.76717561516834,116.99311151188667,-0.6437851094099503,0.7026311055699637,1.346416214979914,0,,,-14.638975455818564,-0.7290398357180431,,,,,,,42.648773730990506,,,14.970640277064614,13.32357454000532,,,,,60,100,-40,,,,,,,,,,,,-132.13369698167116,-188.0806421099166,-132.13369698167116,0.12934796561537243
2006-06-12,125.88,126.36,122.34,124.64999,126.59205433147783,127.70869063599135,125.72336441457351,117.06929935753953,-0.8097640522369627,0.3342111496837106,1.1439752019206733,0,,,-30.2674377031626,-14.262596980086949,,,,,,,41.05074758395434,,,12.12749828627849,14.372602150201201,,,,,60,100,-40,,,,,,,,,,,,-80.83666116682184,-136.61143445356814,-80.83666116682184,0.09318419596358075
2006-06-19,125.39999,125.7,123.55,124.44,126.44119330780083,127.05495250879308,125.67303639831573,117.14263966243963,-0.8951777431398952,0.025003022995804258,0.9201807661356994,0,,,-38.51090818894356,-27.805773782641577,,,,,,,40.55690064872925,,,4.416683406079949,8.833366812159898,,4.416683406079949,,,60,100,-40,,,,,,,,,,,,-26.139086409217853,-81.7729918256466,-26.139086409217853,0.12698945344318568
2006-06-26,124.53999,127.66,123.64999,127.23,126.5682509286722,127.08996200703446,125.73409379446021,117.24301140709197,-0.7321245236997345,0.005025111511031355,0.7371496352107658,0,,,-36.54710501623447,-35.10848363611354,,,,,,,49.3306344690712,,,9.364889804041379,7.1530435076096355,,,,,60,100,-40,,,,,,,,,,,,-59.56834342572371,-116.9051751300745,-59.56834342572371,0.16649212439512567
2006-07-03,127.42999,128.00999,126.28999,126.61,126.4205172909099,126.99396960562757,125.76844305742256,117.33621527368807,-0.6378341513913679,-0.060143054028444,0.5776910973629239,0,,,-30.04905984362232,-35.03569101626678,,,,,,,47.63791365445512,,,15.855708751583588,10.822038400910076,,,,,60,100,-40,,,,,,-35.03569101626678,,,,,,-17.828644621046692,-74.74059783369732,-17.828644621046692,0.10889309060264185
2006-07-10,126.94,127.42999,122.83,123.52,126.6104803415592,126.29917568450206,125.68026881987657,117.39774546996978,-0.7477617332093767,-0.3570110691487969,0.39075066406057973,0,,,-38.226230542224265,-34.940798467360345,,,,,,,40.19172296671608,,,19.337271935293103,17.785164768329107,19.337271935293103,,,,60,100,-40,,,,,,-34.940798467360345,,,,,,107.23110894641633,51.57587449970215,107.23110894641633,0.04977621739556283
2006-07-17,123.5,126.3,122.39,123.95,126.37544746001926,125.82934054760165,125.61241514066573,117.46294203245765,-0.7535841099441456,-0.5512294733696024,0.20235463657454328,0,,,-44.241613808274664,-37.50563473137375,,,,,,,41.56861437026352,,,14.371324101478386,17.630351601867744,,,,,60,100,-40,,,,,,,,,,,,234.0981800470679,157.65298822702903,234.0981800470679,0.046867911679581827
2006-07-24,124.44,128.14,124.44,127.98,122.97578264144646,126.25947243808132,125.70526160573766,117.56758937541827,-0.4623889820117052,-0.37563159094008824,0.08675739107161698,0,,,-32.030178648340986,-38.166007666279974,,,,,,,52.63890099470457,,,17.284939314558088,16.642888583115578,,,,,60,100,-40,,,,,,-38.166007666279974,,,,,,178.80760185669192,124.44335400393278,178.80760185669192,0.08221364470667378
2006-07-31,127.66,129.42999,126.55,128.2,122.58464602420027,126.64757795046505,125.80309448394402,117.67338450601112,-0.24238538724611278,-0.216224342986024,0.026161044260088785,0,,,-15.75395617147791,-30.675249542697856,,,,,,,53.163678486936526,,,27.99146603058348,21.25555467706415,,,,,60,100,-40,,,,,,,,,,,,135.3880378827479,85.45365327594503,135.3880378827479,0.07263319021421621
2006-08-07,127.89999,128.60001,126.28,127.00999,122.6314584510431,126.72006036037205,125.85042371986779,117.76628605321498,-0.16796731706911866,-0.18379810207630953,-0.01583078500719088,0,,,-8.198086993448236,-18.660740604422376,,,,,,,49.92224179379628,,,46.545043969375875,36.43611384221379,,,,,60,100,-40,,,,,,,,,,,,177.13566735861195,126.28026177122777,177.13566735861195,0.05686564707091255
2006-08-14,127.63,130.69,126.92,130.69,124.4449242759686,127.51404828829763,126.04021102497101,117.89488022183971,0.1224755791845452,0.13726368897349062,0.01478810978894542,0,,,8.898119521052571,-5.017974547957853,,,,,,,58.41615239777225,,,64.47020590222395,55.08044082127217,,,,,60,100,-40,,,,,,,,,,,,144.92918238431886,90.59294144918631,144.92918238431886,0.10590406226377394
2006-08-21,130.17999,130.52,129.19,129.81,124.35242968482798,127.97323863063811,126.18804588673686,118.01343862759255,0.2418048229665543,0.3170441384971383,0.07523931553058401,0,,,21.26359254277868,7.321208356794341,,,,,,,55.957392855712904,,,79.09098805665334,72.1739802982551,,,,,60,100,-40,,,,,,,,,,,,136.76024013262452,78.66695209478877,136.76024013262452,0.13581894601533312
2006-08-28,129.64999,131.58,129.64,131.42,125.32082756448312,128.6625909045105,126.39322055784521,118.14683724821352,0.40598276906273206,0.5827177768589991,0.176735007796267,0,,,32.67681794752552,20.94617667045226,,,,,,,59.34866925070228,,,90.38804702413438,85.16101521162402,,,,,60,100,-40,,,,,,,,,,,,79.16746919942007,18.909324441190805,79.16746919942007,0.17496344121211838
2006-09-05,131.50999,131.85001,129.35001,130.28,125.47933988130575,128.9860727236084,126.54564328106697,118.26756523579348,0.4132406413289918,0.6932858094575067,0.28004516812851493,0,,,37.64501362883371,30.528474706379303,,,,,,,56.03873352346732,,,90.2909022314036,90.55121977862588,,,,,60,100,-40,,,,,,,,,,,,82.95520207225277,23.653083633701613,82.95520207225277,0.13789956431973083
2006-09-11,129.86,132.45,129.48,131.96001,126.08653988978394,129.58086017888672,126.7579713876918,118.40380846727813,0.5007881728392889,0.906030384177626,0.40524221133833715,0,,,43.30269693575551,37.87484283737158,,,,,,,59.63295363888685,,,93.88461448516209,93.35372312278757,,,,,60,100,-40,,,,,,,,,,,,19.6906198772977,-27.92020429969874,19.6906198772977,0.13095596742490354
2006-09-18,131.78999,132.77,131,131.47,126.08178775479936,129.95868814310938,126.94275682346859,118.5338203233251,0.49444331664480734,1.0232963571443463,0.528853040499539,0,,,47.656741557806505,42.86815070746525,,,,,,,58.131199148164974,,,92.03624446044057,92.12964486314978,,,,,60,100,-40,,,,,,,,,,,,56.1105071723345,2.610741936610168,56.1105071723345,0.07786096078185752
2006-09-25,131.73,133.99001,131.05,133.58,127.86879362945655,130.68295051448752,127.20304086960708,118.68353355393879,0.5943807664492415,1.2718289985610909,0.6774482321118493,0,,,53.29299494317197,48.084144478911334,,,,,,,62.532734868601224,,,96.07795045767452,94.62856270515425,,,,,60,100,-40,,,,,,,,,,,,21.36314223191004,-36.045756597319,21.36314223191004,0.1469072543692648
2006-10-02,133.53999,135.41,132.34,135.00999,129.28672551306678,131.54835841159002,127.50919573746563,118.84598585688467,0.710943656795536,1.5661278031062693,0.8551841463107334,0,,,59.59701150877939,53.5155826699193,,,,,,,65.2173901276262,,,96.59658918478422,95.66584015937364,,,,,60,100,-40,,,,,,,,,,,,-20.702883628437228,-77.67380085235189,-20.702883628437228,0.207345241200027
2006-10-09,134.85001,136.71001,134.3,136.63,130.87696869070487,132.564686729272,127.86687433599639,119.02294122149279,0.8423228799378424,1.9080877462330363,1.065764866295194,0,,,65.90584697812014,59.59861781002383,,,,,,,68.02890772876442,,,99.17577940339827,98.35155880679652,,,,,60,100,-40,,,,,,,,,,,,-139.6659956959941,-184.4603825155606,-139.6659956959941,0.18343230758373075
2006-10-16,136.52,137.37,135.67,136.84,131.15361235565453,133.4197493834176,128.2187616169377,119.2002253884431,0.8841982090783316,2.1710126276431083,1.2868144185647767,0,,,69.38800328804501,64.96362059164818,,,,,,,68.38774522690267,,,99.58788970169914,99.17577940339827,,,,,60,100,-40,,,,,,,,,,,,-161.54490556944972,-196.37667660364048,-161.54490556944972,0.16756343227889858
2006-10-23,136.56,139,136.39,137.91,132.38692575882206,134.31779950673408,128.59881018097937,119.38639230000088,0.9206469817975833,2.437623145811756,1.5169761640141726,0,,,71.99541357882757,69.09642128166423,,,,,,,70.23198271020604,70.23198271020604,,100.00000000000001,100.00000000000001,100.00000000000001,,,,60,100,-40,,,,,,,,,,,,-192.17310455682247,-226.1263717666149,-192.17310455682247,0.21746434812711662
2006-10-30,137.66,138.31,135.62,136.53999,132.4085739189062,134.76223760538727,128.91022899741156,119.55707486417997,0.7939697105961911,2.5094383022594116,1.7154685916632204,0,,,69.27608545205862,70.21983410631042,,,70.21983410631042,,70.21983410631042,,64.9741804673777,,,94.62184598716735,97.31092299358367,,,,,60,100,-40,,,,,,70.21983410631042,,105,,,,-151.77799463740018,-197.73975871813946,-151.77799463740018,0.1979857461480675
2006-11-06,136.96001,139.14,136.86,138.24001,132.7472572104129,135.45779208430983,129.27610276221895,119.74297471627767,0.7658013520987799,2.6727202817866953,1.9069189296879154,0,,,68.96030735724555,70.07726879604392,,,,,,,68.17680146182967,,,91.32588453604959,93.64613451321254,,,,,60,100,-40,,,,,,,,,,,,-149.6365410669638,-211.78707531484136,-149.6365410669638,0.21842676537317132
2006-11-13,138.17999,140.67999,138.07001,140.42,134.9481566953834,136.45023366744786,129.71311834017115,119.94871626138934,0.8297382514632798,2.9440917440170153,2.1143534925537355,0,,,70.7437956310518,69.660062813452,,,,,,,71.76346926276179,71.76346926276179,,89.49349029586404,89.98134603284143,,89.49349029586404,,,60,100,-40,,,,,,69.660062813452,,,,,,-173.33898814569764,-227.8257888939611,-173.33898814569764,0.2217765094893875
2006-11-20,140.3,141.16,139.94099,140.35001,134.96614835999887,137.2301889339583,130.13025134643894,120.15171420903721,0.802573655614558,3.1175705620719327,2.3149969064573748,0,,,71.48004113240667,70.39471470690135,,,70.39471470690135,,70.39471470690135,,71.4832517819401,,,94.02328869998982,91.51446162943823,,,,,60,100,-40,,,,,,,,,,,,-149.0955357555708,-206.40291818596822,-149.0955357555708,0.23404970766835825
2006-11-27,140.28,141.05,138.11,140.22,135.18156490571323,137.82815114716664,130.52592776422566,120.35139864476818,0.7140728566097487,3.2075879772195606,2.493515120609812,0,,,68.36271557091204,70.19551744479018,,,,,,,70.92593803193714,,,96.14500401098631,94.45693958785016,,,,,60,100,-40,,,,,,70.19551744479018,,105,,,,-131.98725652728524,-187.96602397033766,-131.98725652728524,0.305582691328868
2006-12-04,140.25,142.3,140.23,141.42,136.13573884101942,138.54652091773332,130.95314628327563,120.56103646919834,0.6750176864427107,3.3372872286632003,2.6622695422204896,0,,,68.38858943685527,69.41044871339135,,,,,,,73.02858240324758,,,97.61624299019229,97.3994175462621,,,,,60,100,-40,,,,,,,,,,,,-141.62593715868795,-196.51765597573078,-141.62593715868795,0.3391504399880195
2006-12-11,141.42,143.24001,140.89,142.34,137.13604320951805,139.30521673418664,131.39968956628442,120.77774257398244,0.6495939673475473,3.4742620014049237,2.8246680340573764,0,,,68.55136739367164,68.434224133813,,,,,,,74.55685090960623,74.55685090960623,,98.19356830585195,98.0133183699872,98.19356830585195,,,,60,100,-40,,,,,,68.434224133813,,,,,,-178.60303949347198,-245.33262761650695,-178.60303949347198,0.2956052092523367
2006-12-18,142.53999,142.88,140.67,140.75,137.17203869455247,139.59417338734931,131.7663684068223,120.97647150359455,0.4723840388315623,3.4151480825968292,2.942764043765267,0,,,65.05084300078215,67.33026661043637,,,,,,,67.40587903100507,,,90.47487722576088,94.28916028184024,,,,,60,100,-40,,,,,,67.33026661043637,,105,,,,-147.0388504946589,-204.36305895896024,-147.0388504946589,0.253353333565225
2006-12-26,140.81,142.7,140.78,141.62,137.22546450208444,139.99933870987945,132.15278533204494,121.18187974733988,0.3652418863299305,3.3993164016776802,3.0340745153477497,0,,,61.99782243225718,65.20001094223701,,,,,,,69.15929915702478,,,79.61988619038655,86.06854619804284,,,,,60,100,-40,,,,,,,,,,,,-164.84996858653912,-226.29704823914926,-164.84996858653912,0.2768209926128289
2007-01-03,142.25,142.86,140.38,140.53999,137.31221703764984,140.10746896790357,132.48169531902357,121.37449775980416,0.1823558843130093,3.2620193707390115,3.079663486426002,0,,,57.157650938642774,61.402105457227385,,,,,,,64.49342736001613,,,53.63682188348233,66.77636602984411,,,,,60,100,-40,,,,,,,,,,,,-124.87724702535016,-184.24303946839484,-124.87724702535016,0.1945701569258428
2007-01-08,140.82001,143.24001,140.25,143.24001,138.2170686778177,140.73397717432286,132.9035900123952,121.59206504577625,0.2023993490661704,3.3326626727587154,3.130263323692545,0,,,56.181086233656394,58.44551986818547,,,,,,,69.97885810045767,69.97885810045767,,45.358939154236225,51.09659555708081,,,,,60,100,-40,,,,,,,,,,,,-167.6268384752865,-230.74430501959574,-167.6268384752865,0.24805932322444132
2007-01-16,143.07001,143.46001,142.31,142.82001,138.14870591511644,141.15118373945828,133.29246922759538,121.8032883786541,0.14901066412900343,3.316526653853799,3.1675159897247958,0,,,56.48593779005449,56.608224987451244,,,,,,,68.20323266267027,,,35.35903787018543,37.70915905722075,,35.35903787018543,,,60,100,-40,,,,,,,,,,,,-129.87650420705256,-194.24534047057833,-129.87650420705256,0.21172681850671585
2007-01-22,143.07001,143.98,141.58,142.16,138.348083349751,141.35294699156663,133.64021553239556,122.00584272314511,0.036738350529954555,3.213438927887239,3.1767005773572845,0,,,54.33065803888588,55.66589402086561,,,,,,,65.37908951277024,,,36.210749643462236,36.26292468036655,,,,,60,100,-40,,,,,,,,,,,,-121.71713980577027,-188.01891493047322,-121.71713980577027,0.19264830128312496
2007-01-29,142.19,144.95,141.74001,144.81,139.92463953905448,142.0443575932533,134.07824629583104,122.23274976072575,0.1045977907319835,3.3074478157722638,3.2028500250402803,0,,,56.62639464640556,55.81433015844866,,,,,,,70.66299443632538,70.66299443632538,,37.39382670465247,35.98878617475324,,,,,60,100,-40,,,,,,55.81433015844866,,,,,,-165.95038711381207,-242.01547585220536,-165.95038711381207,0.2067650546792768
2007-02-05,144.7,145.36,143.39,143.94,139.81502385769346,142.42348607460264,134.46498173521022,122.44874230042002,0.056926444335565485,3.274008080459737,3.2170816361241714,0,,,58.164079331503224,56.373710672264906,,,,,,,67.02478716182598,,,35.71560280060358,36.59716186057919,,35.71560280060358,,,60,100,-40,,,,,,,,,,,,-189.41395309311898,-261.64902569725893,-189.41395309311898,0.21649917591898982
2007-02-12,143.94,145.95,143.19,145.73,140.8103792964296,143.0847888596821,134.90674715735884,122.68039660588848,0.10896688872702986,3.353290247032959,3.244323358305929,0,,,60.335549658015076,58.37534121197464,,,,,,,70.4194561970264,,,46.959496421065815,41.88797595432782,46.959496421065815,,,,60,100,-40,,,,,,,,,,,,-220.42959798527914,-284.98556647957554,-220.42959798527914,0.21520115841536475
2007-02-20,145.56,146.42,144.06,145.3,140.76749506097036,143.52783108774568,135.31432570020752,122.9054672864269,0.07885313450188214,3.3428897764332817,3.2640366419313995,0,,,61.253854147334195,59.917827712284186,,,59.917827712284186,,59.917827712284186,,68.58208029208771,,,44.52455107841145,43.978540696313665,,,,,60,100,-40,,,,,,,,,,106,,-265.8060347152284,-332.2609180287436,-265.8060347152284,0.17961310501853114
2007-02-26,145.83,145.95,138.05,138.67,140.78481684232963,142.55626487019654,135.4459207707876,123.0623283084525,-0.39702390498114415,2.7677567607049696,3.1647806656861137,0,,,41.40832871662407,54.332577507324466,,,,,,,47.764916751095804,,,40.05278684224711,44.30178800820181,,,,,60,100,-40,,,,,,54.332577507324466,,105,,,,-172.93221022155046,-244.5771147507902,-172.93221022155046,0.00791141669193196
2007-03-05,137.92999,141.42,137.33,140.78,140.00947278216321,142.20101189615724,135.65510034840378,123.23862354916442,-0.5686791954791865,2.4539316713371306,3.022610866816317,0,,,22.856998393396374,41.839727085784894,,,,,,,52.71348166207106,,,27.55502394876752,33.99609875858417,,,,,60,100,-40,,,,,,,,,,,,-124.21726290854131,-179.19945752337384,-124.21726290854131,0.051201441486834275
2007-03-12,140.42,141.34,136.75,138.53,139.83379615486584,141.4668095169258,135.7678415112115,123.39077654867522,-0.8176046128198395,2.0006051007915175,2.818209713611357,0,,,6.524454522284845,23.59659387743511,,,,,,,47.513560865005054,,,13.697075416517668,21.07797141206965,,13.697075416517668,,,60,100,-40,,,,,,,,,,,,-78.90503328880652,-112.07228342821494,-78.90503328880652,0.017848000121897637
2007-03-19,139.25999,143.81,138.5466,143.39,139.59923928666115,141.85144761354064,136.0667496872424,123.58977379694711,-0.646305290946922,2.0103280999277047,2.6566333908746267,0,,,7.080329532588475,12.15392748275658,,,,,,,57.3568485300156,,,18.209802278443256,15.962433279200766,,,,,60,100,-40,,,,,,,,,,,,-121.83139087265988,-150.78641371399408,-121.83139087265988,0.08932177811911991
2007-03-26,143.5,143.64999,140.56,142,139.28286505189965,141.8811580908325,136.29942617009564,123.77296012732575,-0.6179843755205257,1.8841529214739694,2.502137296994495,0,,,8.326860963330368,7.310548339401245,,,,,,,54.2070040609023,,,20.257768242395464,16.82222179586059,,,,,60,100,-40,,,,,,7.310548339401245,,,,,,-108.77113798672173,-130.64342940235875,-108.77113798672173,0.07117405107787016
2007-04-02,142.16,144.44,140.89,144.24001,139.30194754819252,142.352928472666,136.6108216144056,123.97661236486479,-0.4476969152555661,1.9425161529250374,2.3902130681806035,0,,,15.424302011212138,10.277164169043676,,,,,,,58.21326751169034,,,33.33743091812954,27.706336950718793,,,,,60,100,-40,,,,,,,,,,,,-138.99456744368138,-161.4355331473845,-138.99456744368138,0.06551355099574871
2007-04-09,144.64999,145.32001,143.34,145.32001,139.25395129475018,142.9463447781328,136.95235841384067,124.18898448063729,-0.2703630614640615,2.0522592413505265,2.322622302814588,0,,,26.871360229289188,16.874174401277248,,,,,,,60.03930377629875,,,38.907083391027726,35.11900158913152,,,,,60,100,-40,,,,,,,,,,,,-179.177373363012,-206.62907257513274,-179.177373363012,0.12361557436175713
2007-04-16,145.83,148.62,145.82001,148.62,142.32366763083948,144.08107582250625,137.40991298584692,124.43207916242199,0.044381989236960795,2.378099789360789,2.333717800123828,0,,,43.05010954927593,28.448590596592435,,,,,,,65.08919296709672,,,52.381818421199014,46.60683173021556,,,,,60,100,-40,,,,,,,,,,,,-203.87239638791894,-230.8783321069268,-203.87239638791894,0.1598075174556435
2007-04-23,148.37,149.8,147.32001,149.53,143.21197851435093,145.170860658005,137.8852105158137,124.68180971801978,0.2761295265357324,2.6788797082934934,2.402750181757761,0,,,53.77952430218936,41.23366469358484,,,,,,,66.35919962292608,,,63.26764978180351,56.84681746717836,,,,,60,100,-40,,,,,,,,,,,,-224.98650613557,-240.71863536021286,-224.98650613557,0.19813541849129743
2007-04-30,149.64,151.12,147.67,150.92,144.69898147761157,146.320688526404,138.39637873087983,124.94288623823849,0.473710365099401,2.994888138132012,2.521177773032611,0,,,60.66535120621691,52.49832835256075,,,,,,,68.26932109657648,,,75.51917249529063,69.7209080497981,,,,,60,100,-40,,,,,,,,,,,,-246.80714138364817,-272.4061562038105,-246.80714138364817,0.23829442809931897
2007-05-07,150.88,152.82001,149.27,150.86,144.6504828006393,147.2285508211232,138.88514819241396,125.20076796721123,0.5459033704910503,3.203556986146424,2.6576536156553736,0,,,65.22048192041355,59.888452476273294,,,,,,,68.08853409261854,,,82.34061505526574,78.92178728693584,,,,,60,100,-40,,,,,,,,,,,,-227.38766113207578,-249.2414005303904,-227.38766113207578,0.25381510584666694
2007-05-14,150.86,152.62,149.78999,152.62,146.29116117202224,148.30684065689857,139.42376983192713,125.47359614664197,0.6506251585224758,3.4709350638084686,2.820309905285993,0,,,67.47591222472869,64.45391511711973,,,,,,,70.56550936990004,,,89.11491349288542,86.32667668753741,,,,,60,100,-40,,,,,,,,,,,,-192.4080863807893,-218.47023679759212,-192.4080863807893,0.30995817925070435
2007-05-21,152.58,153.5,150.74001,151.69,146.3389339454492,148.98347252551886,139.9047984659692,125.73445588647637,0.5970932461384129,3.566676462959009,2.9695832168205962,0,,,67.60847266862451,66.76828893792226,,,,,,,67.56345102370292,,,90.69340602747707,89.7623512941958,,,,,60,100,-40,,,,,,,,,,,,-148.3338888570094,-176.93019374348444,-148.3338888570094,0.2966223462466355
2007-05-29,151.94,154.39999,151.34,154.08,147.85329723506,150.0027780204151,140.4606887222057,126.0165011015363,0.6576909591091513,3.7916969157070355,3.134005956597884,0,,,68.5297315523272,67.87137214856016,,,67.87137214856016,,67.87137214856016,,70.99843800727459,70.99843800727459,,94.25581881637223,93.00981217293406,94.25581881637223,,,,60,100,-40,,,,,,,,,,,,-233.18227270118953,-268.39743124466906,-233.18227270118953,0.2949656875486975
2007-06-04,153.53999,154.39,149.06,151.03999,147.86092028969858,150.21022041633208,140.8755632821192,126.2654910408245,0.4386167145075701,3.6822768497323466,3.2436601352247765,0,,,63.327017864367214,66.48840736177299,,,,,,,61.957317145021996,,,86.89264372636836,90.22789341832636,,,,,60,100,-40,,,,,,66.48840736177299,,105,,,,-168.967314028246,-192.32517101836555,-168.967314028246,0.2615382041410866
2007-06-11,150.92999,153.66,149.55,153.07001,147.54371169757724,150.78217833306567,141.35377687889883,126.53220267225909,0.37829151282092743,3.716524526250936,3.3382330134300084,0,,,60.0181250142066,63.95829147696702,,,,,,,65.16625333040426,,,83.03754351346467,86.28357663028753,,,,,60,100,-40,,,,,,,,,,,,-220.06416602311037,-238.2660490150264,-220.06416602311037,0.31996777865322895
2007-06-18,153.38,153.58,149.85001,150.55,147.42344657632174,150.73574266645255,141.7144130797263,126.77118573024656,0.1293949947299251,3.4999767568424147,3.3705817621124896,0,,,54.14973451362118,59.16495913073167,,,,,,,58.52712328110558,,,64.40859731610631,73.04152476581619,,,,,60,100,-40,,,,,,,,,,,,-188.23431765527215,-205.85404010320346,-188.23431765527215,0.23455782183545035
2007-06-25,150.24001,151.64999,148.06,150.42999,147.3660589637273,150.67459213316204,142.05620040993313,127.0065967180053,-0.07177932869403447,3.2808576012449464,3.352636929938981,0,,,43.748389663297985,52.63874973037526,,,,,,,58.22110585957668,,,51.58089395140165,59.68224204146038,,,,,60,100,-40,,,,,,,,,,,,-214.9189871724954,-226.60785099353006,-214.9189871724954,0.2594491363618486
2007-07-02,150.87,153.17,150.77,152.98,147.33277046631824,151.13567370652962,142.4845847075828,127.26503854170674,-0.061938376218551916,3.275213959665791,3.337152335884343,0,,,45.12283695074837,47.67365370922252,,,,,,,62.70934085144829,,,36.83140896465278,43.229508414261225,,36.83140896465278,,,60,100,-40,,,,,,,,,,,,-253.11553495931446,-265.406423540161,-253.11553495931446,0.26209372565330247
2007-07-09,153.16,155.46001,150.52,154.85001,148.19329543300978,151.8785409652237,142.9695033465011,127.53951586964996,0.03639214284752157,3.382642514443745,3.3462503715962235,0,,,49.908227854572566,46.259818156206315,,,,,,,65.64168323740171,65.64168323740171,,39.38506111215394,38.17074440017378,,,,,60,100,-40,,,,,,46.259818156206315,,,,,,-297.09452860307545,-313.514346532859,-297.09452860307545,0.2937541738998389
2007-07-16,154.99001,156,152.28999,153.5,147.96305933065193,152.20283277217897,143.3824639995795,127.79782914457881,-0.020545539269162028,3.320568447509771,3.3411139867789332,0,,,52.85895027524535,49.29667169352209,,,49.29667169352209,,49.29667169352209,,61.83865280765344,,,39.45612054216073,37.48623210587497,39.45612054216073,,,,60,100,-40,,,,,,,,,,106,,-151.2591597661526,-184.6935562541574,-151.2591597661526,0.3325207897590016
2007-07-23,154.17999,154.72,145.05,145.11,147.92498294989107,150.78426621774318,143.4502105093999,127.97008955110041,-0.6210464421204938,2.564805934128316,3.1858523762488096,0,,,31.021105546776376,44.59609455886477,,,,,,,44.48615369347648,,,33.017718794783804,37.01520609803705,,,,,60,100,-40,,,,,,44.59609455886477,,,,,,25.333414736784263,-30.203818753401492,25.333414736784263,0.16129096988145278
2007-07-30,145.92999,149.46001,143.2,143.8,147.038199167756,149.38741297419455,143.46392774432542,128.12760109785563,-1.077518441255159,1.838954324679861,2.91647276593502,0,,,8.525192691180258,30.801749504400664,,,,,,,42.47030100864983,,,18.098820331231376,26.660970283109943,,,,,60,100,-40,,,,,,,,,,,,225.27279387555075,144.378693747217,225.27279387555075,0.06359472039109251
2007-08-06,144.21001,150.59,142.53,144.71001,146.70189851291627,148.45193237935564,143.51279371513618,128.29260019140932,-1.2756551630258803,1.3219038121526694,2.5975589751785497,0,,,-4.948295306692151,11.532667643754834,,,,,,,44.367443395334114,,,7.930266522361623,13.604358728901644,,,,,60,100,-40,,,,,,,,,,,,297.95046771635975,209.03711306590475,297.95046771635975,-0.01993374688544357
2007-08-13,146.5,148.35001,137,144.71001,146.13247790485084,147.70354790348452,143.55974337336613,128.4559575029376,-1.3566529194659145,0.9017428258461564,2.258395745312071,0,,,-19.479884200714704,-5.3009956054088585,,,,,,,44.367443395334114,,,4.973706536957865,5.435064442272529,,4.973706536957865,,,60,100,-40,,,,,,,,,,,,281.9594735861125,185.5758197811948,281.9594735861125,0.0215677626081335
2007-08-20,145.17,148.33,143.28999,148.33,145.13372876879006,147.82883832278762,143.74681226068512,128.65370916957502,-1.125872814291096,0.8510547274482008,1.9769275417392969,0,,,-20.654509916839704,-15.027563141415513,,,,,,,51.789657248040236,,,11.4243254242555,7.404293448993947,,,,,60,100,-40,,,,,,,,,,,,247.05775111591024,169.10748891188666,247.05775111591024,0.0568408560750269
2007-08-27,147.85001,148.5,143.46001,147.59,145.10774742816218,147.7810706582301,143.89752550536414,128.84212997385785,-0.9874525442402358,0.742611861439002,1.7300644056792378,0,,,-21.757843257977168,-20.630745791843854,,,,,,,50.303419098418665,,,18.227912063123366,14.103132539351742,,,,,60,100,-40,,,,,,,,,,,,203.0472509130175,133.81521820063455,203.0472509130175,0.06500182014017353
2007-09-04,147.45,149.98,145.25999,146.07001,145.08362475472205,147.43885852658408,143.982720975742,129.01355166566026,-0.9617043843341502,0.52793392526155,1.4896383095957002,0,,,-20.11558853499169,-20.842647236602847,,,,,,,47.283952317598924,,,24.1948409774536,21.546682735329806,,,,,60,100,-40,,,,,,-20.842647236602847,,,,,,214.3113871106507,141.30336034597372,214.3113871106507,0.011095938402036942
2007-09-10,146.52,149.45,144.33,148.89999,145.10693655795617,147.73108482126727,144.17555505512468,129.21142667396214,-0.7281298394327869,0.5794760103047167,1.3076058497375036,0,,,-16.366619485031748,-19.413350426000196,,,,,,,52.9770351347056,,,28.674333940684598,26.63608967196039,,,,,60,100,-40,,,,,,,,,,,,218.98204399962333,150.15729482852393,218.98204399962333,0.02343750751159185
2007-09-17,148.31,154.39,147.63,151.97,145.07144180381644,148.57886785701382,144.48121956276685,129.43788013989285,-0.35956039725414657,0.8581553531698205,1.217715750423967,0,,,2.857015798689833,-11.208397407111194,,,,,,,58.27294866623995,,,38.78420800505865,33.78099835977587,,,,,60,100,-40,,,,,,,,,,,,124.62167236332817,53.765059405155995,124.62167236332817,0.012094248544437462
2007-09-24,152.42,153.19,150.47,152.58,144.80419667497242,149.37909428561105,144.79881879559952,129.66814998924715,-0.08187236823014565,1.115375290136285,1.1972476583664307,0,,,17.190232955051243,1.2268764229031153,,,,,,,59.260586682976346,,,52.856445404403075,45.0532216671391,,,,,60,100,-40,,,,,,,,,,,,81.96318647908666,14.898684967854905,81.96318647908666,0.03462739523736893
2007-10-01,152.60001,156.10001,152.5,155.85001,146.13318334104582,150.67327742848883,145.2321988428309,129.92866600925464,0.29423831397481726,1.5650455508349523,1.270807236860135,0,,,32.61758521090653,17.554944654882544,,,,,,,64.18372333521032,,,68.29781780101713,60.26068059851068,,,,,60,100,-40,,,,,,,,,,,,-36.575574698929074,-107.81016684448232,-36.575574698929074,0.029438592534938524
2007-10-08,155.39,157.52,154.53999,156.33,146.79294524525685,151.80462194279107,145.66740673134734,130.19136584995857,0.5335988779349361,1.9378058342788052,1.404206956343869,0,,,43.56075092145981,31.122856362472533,,,,,,,64.85900718373927,64.85900718373927,,79.83984084198173,74.16857645728852,79.83984084198173,,,,60,100,-40,,,,,,,,,,,,-40.834561117305554,-111.84468196366737,-40.834561117305554,0.047700335097011534
2007-10-15,156.27,156.48,149.66,149.67,147.0484477277385,151.37769755423287,145.8243711732553,130.38518310518288,0.21782577952160498,1.6764891807458753,1.4586634012242703,0,,,38.724780758564265,38.30103896364354,,,,,,,50.53659805160588,,,76.28743482591261,78.60523247050592,,,,,60,100,-40,,,,,,,,,,,,56.58990454038637,-9.691103424818763,56.58990454038637,-0.024660659784472277
2007-10-22,148.86,153.62,148,153.62,146.73713003290004,151.8261580433863,146.13008210763743,130.6163753130915,0.24726794796022267,1.7677483361745487,1.520480388214326,0,,,33.84424643372794,38.70992603791734,,,,,38.70992603791734,,56.68260544877159,,,69.78665168766162,74.76351144582937,,,,,60,100,-40,,,,,,38.70992603791734,,,,,,37.209921896679816,-19.74726643848811,37.209921896679816,0.04787506480318212
2007-10-29,153.92999,155.27,149.21001,151.2,146.61947788769288,151.70092643470903,146.32890241714185,130.82118749903088,0.08445885842103107,1.6260539612406149,1.5415951028195838,0,,,30.376606848398044,34.31521134689675,,,,,,,52.36419512749056,,,55.24260014471393,62.31615735006025,,,,,60,100,-40,,,,,,,,,,,,166.80811791546532,90.20678200487332,166.80811791546532,-0.0031019091463073073
2007-11-05,149.64,152.11,144.89,145.14,146.4473737528577,150.38874114776723,146.28227879294022,130.9636632453092,-0.4228036687088539,1.0130905169335165,1.4358941856423704,0,,,8.83724340890419,24.35269889701006,,,,,,,43.39534767703807,,,42.890990841405994,49.69020413791836,,,,,60,100,-40,,,,,,,,,,,,319.2066419308352,228.35100345853263,319.2066419308352,-0.04172258321656408
2007-11-12,145.21001,149.39999,143.7,145.78999,146.121847056225,149.4689909182138,146.26297335007982,131.11118888465936,-0.6901918563395968,0.5731543652178743,1.2633462215574711,0,,,-8.05270553286319,10.387048241479688,,,,,,,44.49991454889133,,,25.066925154878696,33.59866769850465,,,,,60,100,-40,,,,,,,,,,,,403.89634339795606,296.8326391933449,403.89634339795606,-0.07319261663146795
2007-11-19,145.28,145.53,141.67,144.13,146.03671655220893,148.40119273457103,146.1793273363512,131.24072929376723,-0.9390589646902994,0.0895225156945969,1.0285814803848963,0,,,-24.284671265836845,-7.833377796598608,,,,,,,42.22049578877195,,,9.944782315421373,18.12913119674727,,9.944782315421373,,,60,100,-40,,,,,,,,,,,,432.2788264165095,328.31761388546397,432.2788264165095,-0.07058980306579588
2007-11-26,144.42999,149.87,140.66,148.66,146.183381084194,148.45295418765681,146.2766086172786,131.41405537044616,-0.7661003881207499,0.0709559952339589,0.8370563833547088,0,,,-27.52346362704864,-19.95361347524955,,,,,,,49.8194707759219,,,11.771996292037883,10.45990215735599,,,,,60,100,-40,,,,,,,,,,,,384.5917670680533,288.62350226992504,384.5917670680533,-0.05173763384245039
2007-12-03,148.19,151.5,146.31,150.91,145.59242529246586,148.94436335012546,146.45831024013043,131.6080448692477,-0.48157459450256,0.2350881402265088,0.7166627347290688,0,,,-18.459877894928084,-23.42267092927118,,,,,,,53.13587984570226,,,20.80793532259609,14.115098626501853,,,,,60,100,-40,,,,,,-23.42267092927118,,,,,,342.84780941931626,235.23741094812044,342.84780941931626,-0.010814088136373048
2007-12-10,151.28,152.89,147.10001,147.17,145.617966343004,148.58949068010037,146.48621964247826,131.76289019393178,-0.5232061432668947,0.06265505564545037,0.5858611989123451,0,,,-13.192233275042947,-19.72519159900655,,,,,,,47.484716080418266,,,30.294262105662398,25.29334666418372,,,,,60,100,-40,,,,,,,,,,,,398.69366225216794,296.1033362302804,398.69366225216794,0.010292250721619324
2007-12-17,146.61,148.42,143.96001,148.13,145.5559701756466,148.4975925440803,146.55068161728303,131.9257470079225,-0.4659488883625083,0.0034250884592097464,0.46937397682171805,0,,,-18.927930683399133,-16.86001395112339,,,,,,,48.99319712235629,,,33.12913556855823,32.26355517573696,33.12913556855823,,,,60,100,-40,,,,,,-16.86001395112339,,,,,,348.0220872972282,245.90272964295673,348.0220872972282,0.12161487439672378
2007-12-24,148.82001,149.67999,146.89999,147.3,145.68840230595754,148.25807403526426,146.5800666518994,132.07872464963472,-0.4628831934935564,-0.10923001504522745,0.35365317844832894,0,,,-17.5123496861759,-16.54417121487266,,,,,,,47.70959958294853,,,28.833080916009372,31.739013835134823,,,,,60,100,-40,,,,,,,,,,,,374.74534415227765,253.01132425332824,374.74534415227765,0.15665629305497095
2007-12-31,147.10001,147.6062,140.91,141.31,143.3413735698177,146.8684592282114,146.37339737143273,132.170578135708,-0.8221885682502058,-0.6740825318644283,0.14810603638577746,0,,,-34.89502353057517,-23.778434633383398,,,,,,,39.59845453586792,,,22.07547230533269,26.018202142232195,,,,,60,100,-40,,,,,,,,,,,,612.0643724882271,483.372901661814,612.0643724882271,0.098607195579822
2008-01-07,141.81,142.89999,137.7,140.14999,143.11896117197358,145.52476538256911,146.12934218039615,132.24997526868603,-1.079673115563862,-1.2014853580690499,-0.12181224250518802,0,,,-50.52178064570533,-34.30971795415213,,,,,,,38.23471548756315,,,12.74967978526648,17.38981250896251,,,,,60,100,-40,,,,,,,,,,,,692.5981229449131,556.396010450575,692.5981229449131,0.044929143788519414
2008-01-14,141.16,141.86,131.10001,132.06,140.70617965968975,142.8318123060553,145.577603271361,132.24808496750506,-1.699634915867601,-2.246355887339689,-0.5467209714720882,0,,,-65.46874807721672,-50.29518408449908,,,,,,,30.34028141699686,,,4.373714921667277,8.747429843334539,,,,,60,100,-40,,,,,,,,,,,,935.7621005912926,783.4149176413796,935.7621005912926,-0.05307963041597388
2008-01-22,127.21001,136.75999,126,133.03999,139.62859682685476,140.87344784484424,145.08593216268017,132.25596461956968,-1.9315922677369677,-2.961211306143298,-1.0296190384063302,0,,,-74.63862936429939,-63.54305269574047,,,,,,,32.17796082217113,,,2.9579117937301875,3.5063426622577025,,2.9579117937301875,,,60,100,-40,,,,,,,,,,,,818.3508095746938,682.794023524765,818.3508095746938,-0.006697331346695448
2008-01-28,133.25999,139.61,132.06,139.58,138.89726991065086,140.6147582758754,144.87001325433977,132.3288405935043,-1.5489663838680205,-2.965827018241356,-1.4168606343733354,0,,,-70.57186218895177,-70.22641321015595,,,,,,,43.04137638984416,,,14.497229492146381,7.850984977373862,,,,,60,100,-40,,,,,,,,,,,,708.650662379295,582.286019247535,708.650662379295,0.025223511090526098
2008-02-04,139.21001,139.3,131.73,133.07001,138.67675063131864,139.10580862070032,144.4072680286794,132.33621541346943,-1.6304796204938614,-3.4549601599906623,-1.824480539496801,0,,,-69.85997520368711,-71.69015558564608,,,,-71.69015558564608,,-71.69015558564608,36.701965670185864,,,24.247980088090774,18.01222877707578,,,,,60,100,-40,,,,,,-71.69015558564608,-107,,,,,644.3505419466959,538.2340157479831,644.3505419466959,-0.02398295389182553
2008-02-11,133.10001,137.10001,132.03999,135.14,138.42912558622444,138.31264689656024,144.0438457530449,132.36411376756428,-1.4473627353491247,-3.633683958683207,-2.1863212233340823,0,,,-67.48978219221142,-69.30720652828343,,,,,,,39.75836115449372,,,36.55903063968917,31.186316671350752,,,,,60,100,-40,,,,,,,,,,,,619.9231706836604,511.282376521077,619.9231706836604,-0.03002294933837193
2008-02-19,136.69,137.60001,132.86,135.62,138.59775661577984,137.7741175172482,143.71349886076862,132.39651064549895,-1.2061507211698261,-3.694009624796365,-2.487858903626539,0,,,-63.26326527418528,-66.87100755669461,,,,,,,40.48032421759361,,,37.47328123685851,36.84050962021259,,,,,60,100,-40,,,,,,,,,,,,639.0280487411767,529.2310353354267,639.0280487411767,-0.04770996650158838
2008-02-25,135.53999,139.14,132.78,133.82001,136.02005828608128,136.98329601379854,143.32551890544437,132.41067481818055,-1.0839251118234694,-3.8427652934058756,-2.758840181582406,0,,,-59.254676513450335,-63.33590799328234,,,,,,,38.600975210907734,,,40.60899519524897,40.31394696300749,40.60899519524897,,,,60,100,-40,,,,,,,,,,,,655.5684035155082,549.3708470926218,655.5684035155082,-0.08360590313733485
2008-03-03,133.14,134.77,128.58,129.71001,135.97648269421833,135.52863881103883,142.79157737974066,132.38380253143248,-1.1876341012969256,-4.243382808203563,-3.0557487069066376,0,,,-63.24553597389728,-61.92115925384429,,,,,,,34.6246435312941,,,35.31821583920093,37.411631989849184,,,,,60,100,-40,,,,,,-61.92115925384429,,,,,,814.5559665126884,694.9397839848723,814.5559665126884,-0.07566273321857654
2008-03-10,129.81,133.77,127.59,129.61,135.13030535891704,134.34491104883108,142.27465277661358,132.3562025062441,-1.1689028715482124,-4.516877296341903,-3.3479744247936907,0,,,-65.07861948898655,-62.52627732544471,,,,,,,34.53087532130412,,,29.437864608430136,33.25114308322585,,,,,60,100,-40,,,,,,,,,,,,814.6366998740177,697.6780050785319,814.6366998740177,-0.15211317713067482
2008-03-17,126.57001,134.64999,126.07001,132.08,129.1267121189944,133.89192883906486,141.87486247164833,132.35345422259988,-0.9077342061905371,-4.482642182531862,-3.5749079763413247,0,,,-63.447465260523984,-63.92387357446926,,,,,,,38.95413274238843,,,28.93068641632855,29.177689663711046,,28.93068641632855,,,60,100,-40,,,,,,-63.92387357446926,-107,,,,,805.6118453514691,693.5547314278897,805.6118453514691,-0.11013759230873667
2008-03-24,133.31,135.81,131.06,131.50999,127.61122553906623,133.41554107125188,141.46839688452485,132.34506154376803,-0.7002387722962657,-4.450206441711657,-3.7499676694153914,0,,,-56.92298311053318,-61.81635595334789,,,,,,,38.3070907326481,,,34.075513088584785,30.61482386993751,,,,,60,100,-40,,,,,,,,,,,,707.3187825602929,613.8175075319098,707.3187825602929,-0.09154538283244497
2008-03-31,131.28999,137.96001,131.09,136.89,127.25829014341865,134.1104328570015,141.28885190866114,132.39028481198923,-0.15594957170048307,-3.944904634040995,-3.788955062340512,0,,,-43.96142323987458,-54.77729053697724,,,,,,,47.26383540696516,,,53.4109461582234,43.26044444815623,,,,,60,100,-40,,,,,,,,,,,,605.0790039129669,518.5779607079261,605.0790039129669,-0.045962230801409605
2008-04-07,137.87,138.57001,133.00999,133.38,127.1569822760316,133.9643462856012,140.97870085341953,132.40013272430775,0.003918668897386457,-3.784056726218779,-3.7879753951161654,0,,,-34.32694103232248,-45.07044912757673,,,,,,,42.86531048596018,,,65.62774134027245,58.08828321401688,,,,,60,100,-40,,,,,,,,,,,,571.428275928791,488.8365133064849,571.428275928791,-0.09501527804223467
2008-04-14,133.19,139.56,132.33,138.48,127.25005211345791,134.86747702848098,140.88071258465797,132.4606289161057,0.4639198959292701,-3.2080755252045776,-3.6719954211338477,0,,,-20.368188877030065,-32.885517716409026,,,,,,,50.165488743072046,,,83.76795006672887,76.06613686706909,,,,,60,100,-40,,,,,,,,,,,,471.16858939628355,389.9571472507604,471.16858939628355,-0.10684616818209881
2008-04-21,138.23,139.89,136.64,139.60001,127.11791553392518,135.81398362278478,140.83048895388708,132.53166753385588,0.8328736087769735,-2.630903410162631,-3.4637770189396044,0,,,-4.437766316566133,-19.71096540863955,,,,,,,51.6356756436279,,,88.4193359664119,85.36890866643512,,,,,60,100,-40,,,,,,,,,,,,426.41066405150474,343.6013022960767,426.41066405150474,-0.09931843142436922
2008-04-28,139.88,142.37,138.25999,141.50999,129.45518799578767,136.95318489822782,140.85713605373465,132.62100407580758,1.173935092781547,-1.9963581529626708,-3.170293245744218,0,,,11.140593378712719,-4.5551206049611475,,,,,,,54.135382858228596,,,97.1565877554629,94.31317551092577,97.1565877554629,,,,60,100,-40,,,,,,,,,,,,353.42690695123116,273.8556109695173,353.42690695123116,-0.029323608545997693
2008-05-05,141.05,142.2,138.45,138.89999,129.72910099608853,137.34254591858226,140.780385228098,132.6834815476901,1.1885050618989559,-1.684661918370523,-2.873166980269479,0,,,18.99472809886076,8.565851720335797,,,,,,,50.28769739260857,,,94.43509674350258,95.08498918834846,,,,,60,100,-40,,,,,,,,,,,,380.0765602328255,296.790954429605,380.0765602328255,-0.09888581269427574
2008-05-12,139.25,142.87,138.73,142.66,131.18488878208223,138.4060367348658,140.85409561130984,132.78275038801158,1.4014830060691832,-1.1213132226829998,-2.522796228752183,0,,,27.892784189859327,19.342701889144283,,,,,,,55.251427245042144,,,94.82100358221393,95.85680286577114,,,,,60,100,-40,,,,,,,,,,,,322.78991291776634,245.5562354424041,322.78991291776634,-0.0497409180071891
2008-05-19,142.81,144.3,137.52,137.64,131.4131110119335,138.25282938789263,140.72805264616045,132.83108122992192,1.16414057968111,-1.0676205041507956,-2.2317610838319055,0,,,29.08648127808083,25.324664522266986,,,,,,,48.27906514930909,,,86.62995176644617,90.20757803255144,,,,,60,100,-40,,,,,,,,,,,,349.55538329635425,266.3641926346943,349.55538329635425,-0.06377167336590617
2008-05-27,137.8,140.92999,137.53,140.35001,131.2478887967954,138.6722655103141,140.71322744435022,132.9058964415645,1.147645818988093,-0.7972038100967893,-1.9448496290848822,0,,,28.85528271954266,28.611516062494285,,,,,28.611516062494285,,51.83380676329997,,,85.54176292167566,86.98026391058723,,,,,60,100,-40,,,,,,,,,,,,300.54531360610804,222.47979397384074,300.54531360610804,-0.04251292750126762
2008-06-02,139.83,140.89,136.22,136.28999,131.57732673988144,138.19581040825128,140.53976715241492,132.93956901428524,0.8357755636924458,-0.9001301744693251,-1.7359057381617709,0,,,20.750191029688416,26.23065167577065,,,,,,,46.632098215007915,,,75.04614023210695,79.31196697432972,,,,,60,100,-40,,,,,,26.23065167577065,,,,,,295.9007111322702,227.48346779677877,295.9007111322702,-0.043882185369126706
2008-06-09,136.86,137.5,133.52,136.14999,131.70180340131847,137.78664632660102,140.3676190287908,132.9715135017053,0.6033800418267292,-0.9816806858783593,-1.5850607277050885,0,,,6.184536806540297,18.59667018525714,,,,,,,46.45793566017189,,,71.08898770789072,74.26538770960744,,,,,60,100,-40,,,,,,,,,,,,322.1005818354938,245.21374637918262,322.1005818354938,-0.04657911069411529
2008-06-16,135.55,137.12,131.22,131.58,131.9159603012243,136.54531706128083,140.02300651785785,132.95766759621569,0.1488934627628773,-1.398943899251492,-1.5478373620143693,0,,,-11.007572337759779,5.309051832822991,,,,,,,41.03787646201059,,,53.43572143935388,61.39108601869149,,,,,60,100,-40,,,,,,,,,,,,408.0822942290404,319.720337946604,408.0822942290404,-0.1590111615068882
2008-06-23,132.09,133.39999,127.035,127.53,131.84053456542256,134.74225364902466,139.53308469362813,132.90366095346727,-0.3881253621671539,-2.0329940647233116,-1.6448687025561577,0,,,-29.64926870595496,-11.490768079058133,,,,,,,36.90432569460291,,,35.87880540740696,46.28763884525105,,,,,60,100,-40,,,,,,,,,,,,575.7036952783058,454.3166401381305,575.7036952783058,-0.17470926138903586
2008-06-30,127.89,129.16,124.99001,126.31,131.70406923932094,133.05580291921973,139.01453235270154,132.8380523867661,-0.7672337808923617,-2.60391092867161,-1.836677147779248,0,,,-43.44895581875316,-28.03526562082263,,,,,,,35.72986971745895,,,15.64988361710019,25.562524015944884,,,,,60,100,-40,,,,,,,,,,,,750.1212052277046,622.6227055675613,750.1212052277046,-0.2041493982006709
2008-07-07,126.78999,127.74001,122.49001,123.84,131.89092286508372,131.2126423353758,138.4194526525956,132.7485195271963,-1.1055169252747934,-3.2185733043727396,-2.113056379097946,0,,,-53.1174866459079,-42.071903723538675,,,,,,,33.39862791321815,,,5.20120253130308,10.402405062606137,,,,,60,100,-40,,,,,,,,,,,,890.0991679135766,749.4185772825501,890.0991679135766,-0.24193830717011208
2008-07-14,125.25999,126.41589,120.02,125.98,131.9101426604349,130.16611386830064,137.9316309799448,132.68117107418936,-1.1037590903060348,-3.4927552419804897,-2.388996151674455,0,,,-58.04736527381581,-51.53793591282562,,,,,,,37.2419289459508,,,5.033284110149953,3.950952859638857,,5.033284110149953,,,60,100,-40,,,,,,,,,,,,760.0811373838354,642.2515632311774,760.0811373838354,-0.13628846377747558
2008-07-21,126.50999,129.14999,124.85001,125.48,131.7642910418324,129.22889109464052,137.44333172582932,132.6095176306651,-1.05492524802649,-3.707652711707567,-2.652727463681077,0,,,-56.152764518986245,-55.77253881290331,,,,,,,36.705793914330684,,,8.605824065479633,5.831815872905085,,,,,60,100,-40,,,,,,,,,,,,652.7936578595018,546.3876426436906,652.7936578595018,-0.1397988624565795
2008-07-28,125.50999,128.60001,123.42,126.16,131.92827311027295,128.6151128757124,137.00084812873797,132.54534332588236,-0.9014357957502264,-3.77952220836886,-2.8780864126186336,0,,,-54.447508225218186,-56.215879339340084,,,,,,-56.215879339340084,38.020388628284636,,,15.379854128308402,12.063788968833009,,,,,60,100,-40,,,,,,-56.215879339340084,-107,,-106,,,599.5584473395922,491.58988943574684,599.5584473395922,-0.11344771948299659
2008-08-04,126.03999,129.92999,124.75999,129.37,129.64483360239632,128.76609030056994,136.70159918251295,132.51374786990343,-0.5268831613828371,-3.53669036434718,-3.009807202964343,0,,,-48.118508545836264,-52.90626043001356,,,,,,,43.97146368752228,,,24.359132721681988,19.698504247300487,,,,,60,100,-40,,,,,,,,,,,,500.5478205505756,395.84627317470193,500.5478205505756,-0.09799255288690507
2008-08-11,129.47,131.50999,127.67,130.17,129.67091763079657,129.04687224045594,136.44545803810067,132.49042699557603,-0.1860067716969267,-3.242315667585501,-3.0563088958885745,0,,,-37.76043191895736,-46.7754828966706,,,,,,,45.38721814958532,,,36.1714702692371,30.01465525558037,,,,,60,100,-40,,,,,,,,,,,,384.08458045047087,295.6924053247562,384.08458045047087,-0.04691377199108051
2008-08-18,130.42999,130.48,126.34,129.64999,125.82511994288252,129.16749579236475,136.17896909543006,132.46216394089367,0.03207668926308793,-3.0162130343097147,-3.0482897235728026,0,,,-32.31749609939722,-39.39881218806361,,,,,,,44.593737483014415,,,48.8081450103115,42.241084124895075,,,,,60,100,-40,,,,,,,,,,,,358.7964749140217,274.65742253843683,358.7964749140217,-0.05289956294682133
2008-08-25,128.8,130.34,126.58,128.78999,125.84118208981951,129.0919946338918,135.88920520933476,132.42562489670567,0.13999314921807882,-2.873298287050204,-3.013291436268283,0,,,-28.760488107974297,-32.94613870877629,,,,,,,43.23938667333708,,,54.22897427876025,51.540359934035564,54.22897427876025,,,,60,100,-40,,,,,,,,,,,,317.19711583874493,231.0833457132665,317.19711583874493,-0.011667092342296187
2008-09-02,130.03,130.71001,122,124.42,121.47039265483241,128.15759570711344,135.4394324560275,132.34596693753446,-0.0511165264498854,-3.0771870943306396,-3.0260705678807542,0,,,-36.735807364919225,-32.60459719076358,,,,,,,37.04582254001741,,,50.542502004365325,53.344449631985874,,,,,60,100,-40,,,,,,-32.60459719076358,,,,,,364.9794584135185,270.88637376539987,364.9794584135185,-0.06146350711083844
2008-09-08,128.03999,128.24001,121.60001,126.09,119.53822032234436,127.74407656569076,135.0727880459872,132.2837185102953,-0.03405714964947926,-3.0686420049426033,-3.034584855293124,0,,,-42.31509396943868,-35.93712981411073,,,,,,,40.570055226269155,,,47.90119760805845,50.11513455408666,,,,,60,100,-40,,,,,,,,,,,,384.98319324742425,276.17976035350904,384.98319324742425,-0.06483427236284676
2008-09-15,121.63,128,113.8,124.12,119.34906172789118,127.01926125255261,134.64326694614456,132.2024874803421,-0.11963439755097216,-3.184127852231839,-3.064493454680867,0,,,-53.6453178935374,-44.232073075965104,,,,,,,37.861430138350016,,,42.506733515413984,44.610320517400744,,,,,60,100,-40,,,,,,,,,,,,559.5317035660743,105.96525847105283,559.5317035660743,-0.02579986445837005
2008-09-22,124.4505,124.75,117.78999,120.85001,118.09341446161324,125.78541100204208,134.10235490904086,132.08952750541334,-0.34774584646383255,-3.4991757627606574,-3.151429916296825,0,,,-60.372808151756274,-52.111073338244125,,,,,,,33.803143722457946,,,35.8475299360837,39.44636676190622,,,,,60,100,-40,,,,,,,,,,,,584.1623029176972,185.78975693086142,584.1623029176972,-0.008367654715370645
2008-09-29,119.17999,121.17999,109.67999,110.34,117.96174057149801,122.69632880163367,133.17049785378435,131.87311429640425,-1.1144855714032662,-4.544536880550908,-3.4300513091476414,0,,,-73.79621889800724,-62.60478164776698,,,,,,,24.615977453992073,,,21.401292725556072,28.86360626870014,,,,,60,100,-40,,,,,,,,,,,,809.7691569326615,417.46434657979563,809.7691569326615,-0.09807638920965343
2008-10-06,107.14999,107.62,83.58,88.5,117.19090195924815,115.85706304130693,131.41871362422418,131.44154101982312,-2.8991466562567796,-7.053984629468616,-4.154837973211836,0,,,-92.47562490784225,-75.54821731920192,,,,,,,15.271996944534521,,15.271996944534521,8.525447604990378,15.809641875663488,,,,,60,100,-40,,,,,,,,,,,,1877.0838556721776,1318.834465383469,1877.0838556721776,-0.12447399194394917
2008-10-13,93.87,105.53,86.53999,93.21001,114.29512324787328,111.32765243304554,129.92033308994087,131.06112777584477,-3.5272988918077015,-8.563961587971463,-5.036662696163761,0,,,-96.231273924519,-87.50103924345616,,,,,,,22.17393726368259,,,8.434368779626503,8.012242518995569,,8.434368779626503,,,60,100,-40,,,,,,,,,,,,1640.3413364590542,1146.3191080410202,1640.3413364590542,-0.1544909546326856
2008-10-20,95.35001,99.10001,84,87.03999,112.71618444445376,106.47011994643644,128.23875100798242,130.6231065044433,-4.083943676947909,-10.141592292348648,-6.057648615400739,0,,,-97.36842593579581,-95.35844158938569,,,,,,,19.87618070557224,,,11.557741005325173,8.303307596306261,,,,,60,100,-40,,,,,,,,,,,,2000.2792752846808,1482.4429065790164,2000.2792752846808,-0.15369019430845454
2008-10-27,85.97,98.57001,83.7,96.83,111.80574126984992,104.54209595714916,127.00703528217919,130.2868566884787,-3.5387487752548044,-10.481084584469244,-6.942335809214439,0,,,-92.95985077892605,-95.5198502130803,,,,-95.5198502130803,,-95.5198502130803,31.990273548033983,,,27.416212354156016,19.62527354072839,,,,,60,100,-40,,,,,,-95.5198502130803,-107,,,,,1705.683043414739,1256.5441962919226,1705.683043414739,-0.10702960928530703
2008-11-03,96.78,100.86,90.06,93.86,110.47317689343208,102.40567676571932,125.70715154562315,129.9244004030212,-3.13777062589112,-10.86454909157834,-7.72677846568722,0,,,-86.25622895523485,-92.19483522331892,,,,,,,30.475939198306037,,,38.30755048629605,31.65860663862996,,,,,60,100,-40,,,,,,,,,,,,1536.467944612059,1124.4452515115731,1536.467944612059,-0.08944005831591444
2008-11-10,95.21001,95.53,82.09,86.62,109.44009211532978,99.24854141257546,124.17432207324578,129.49351084677224,-3.113554490658622,-11.618721579010497,-8.505167088351875,0,,,-83.95788861724239,-87.72465611713444,,,,,,,27.08946014810192,,,49.00663742806597,44.544230089419436,,,,,60,100,-40,,,,,,,,,,,,1408.0192274098663,1011.8188421458325,1408.0192274098663,-0.07795134299191331
2008-11-17,86.38,88.56,74.34,79.52,106.20223767852052,95.30283313006036,122.42317218802044,128.99626198262524,-3.3107240431885483,-12.643572142337561,-9.332848099149013,0,,,-84.15026411538058,-84.78812722928596,,,,,,,24.229160395474082,,24.229160395474082,45.84196433104832,47.52736694069282,,,,,60,100,-40,,,,,,,,,,,,2072.0157315171637,1525.1245072102267,2072.0157315171637,-0.08444907230136245
2008-11-24,81.92,90.13,80.3614,90.09,105.5913635586262,94.26026650404829,121.15520465123532,128.6091349977235,-2.501113972660452,-12.459240564974579,-9.958126592314127,0,,,-78.10012947655079,-82.06942740305793,,,,,,,35.25466392501832,,,50.38405009629092,49.59842667017454,,,,,60,100,-40,,,,,,,,,,,,1742.5583257867702,1268.7382331720037,1742.5583257867702,-0.020628826344583087
2008-12-01,87.50999,88.42,81.86,87.92999,103.5698375901529,92.99421120323863,119.85225505706923,128.20436738580585,-1.9096139905848446,-12.345144080545182,-10.435530089960338,0,,,-72.72076249414498,-78.3237186953588,,,,,,,34.154426997061805,,,58.0917926485597,52.87745513523263,,,,,60,100,-40,,,,,,,,,,,,1541.1840847346302,1101.6949180498211,1541.1840847346302,-0.011173140008863576
2008-12-08,90.34,92.38,85.2,88.99001,100.59200204799912,92.1933709625909,118.64197093718415,127.81417477500182,-1.2759814043419162,-12.030506845387734,-10.754525441045818,0,,,-65.11366001462356,-71.97818399510646,,,,,,,35.22908450664296,,,72.56020215038855,64.89905199626779,,,,,60,100,-40,,,,,,,,,,,,1340.0597056919705,946.8412965862173,1340.0597056919705,0.015751895733273357
2008-12-15,89.02,92.42999,86.28999,88.19,90.5032783302849,91.39269677007272,117.44777599847104,127.41990437923066,-0.764951534755923,-11.710714859490722,-10.945763324734799,0,,,-58.32778340411467,-65.38740197096108,,,,,,,34.76517699602225,,,80.5813950669073,76.17256815005267,,,,,60,100,-40,,,,,,,,,,,,1153.6852137479757,802.8701517523596,1153.6852137479757,-0.002113402740754956
2008-12-22,88.58,88.67,85.49001,87.16,77.53304416383597,90.54615741605818,116.26002007696238,127.01930831575572,-0.37048964818162666,-11.408875384961831,-11.038385736780205,0,,,-54.539907995522846,-59.32711713808704,,,,,,,34.138167431365574,,,87.41706595222884,85.01142654818223,,,,,60,100,-40,,,,,,,,,,,,999.3788112483437,667.8028514337486,999.3788112483437,-0.025099871557037773
2008-12-29,87.24001,93.44,85.60001,92.96001,78.45711386641912,91.02892793284654,115.3462941915913,126.68040982505168,0.3669510439282977,-10.579696931869833,-10.94664797579813,0,,,-45.889083295352926,-52.918924898330154,,,,,,,40.666243275911654,,,92.5743697827098,89.99041672636424,,,,,60,100,-40,,,,,,,,,,,,815.855391021372,539.1114239003399,815.855391021372,-0.01778631384892741
2009-01-05,92.63,94.5533,85.36,89.09,78.64946430453203,90.64114234627723,114.31663559584263,126.30637589644421,0.6627519059751776,-10.118208093329159,-10.780959999304336,0,,,-40.419085736697724,-46.94935900919117,,,,,,,37.947431059100104,,,93.99237677492314,93.24144543629427,93.99237677492314,,,,60,100,-40,,,,,,,,,,,,667.5180471993044,427.45480137300535,667.5180471993044,-0.03942016863961132
2009-01-12,88.84,88.91,81.72,85.06,78.6347454256369,89.52491387702179,113.16931655286841,125.89596419598207,0.6545143748587812,-9.96281703073086,-10.617331405589642,0,,,-43.80555259114076,-43.371240541063806,,,,,,,35.28607161351873,,,90.42166930279383,92.68624238954875,,,,,60,100,-40,,,,,,-43.371240541063806,,,,,,590.6965840721581,369.73574657791346,590.6965840721581,-0.04571219375614156
2009-01-20,84.23,85.05901,80.05,83.11,75.91154932380569,88.24193110161742,111.99051982530494,125.47023320895738,0.5873922641889209,-9.88309107535349,-10.470483339542412,0,,,-48.9308233108401,-44.38515387955954,,,,,,,34.03484325089494,,,82.22785557749421,86.83902887114483,,,,,60,100,-40,,,,,,,,,,,,586.0244778772203,376.1474290182928,586.0244778772203,-0.023621840640419264
2009-01-26,83.59,87.95,82.21001,82.83,75.57787722924813,87.15954488129394,110.84697002823417,125.04595228150507,0.5921178045823474,-9.730336083814478,-10.322453888396826,0,,,-48.53703627118934,-47.09113739105674,,,,,,,33.848139262910564,,,72.50271896617667,77.69480410805896,,,,,60,100,-40,,,,,,,,,,,,563.1109364449984,367.75698737860324,563.1109364449984,-0.0704790461452732
2009-02-02,81.57001,87.34,77.73,86.979,75.99945957001611,87.12343590503515,109.91097120359754,124.66717663691297,0.9229272169045917,-9.168794867266087,-10.091722084170678,0,,,-47.91029754933082,-48.459385710453425,,,,,,,39.20199515392766,,,72.52247846583361,72.4930682599513,,,,,60,100,-40,,,,,,-48.459385710453425,,,,,,500.72712981863504,319.98298967340264,500.72712981863504,-0.06758046886618199
2009-02-09,86.96001,87.74001,81.05,82.75999,75.83807031501497,86.25074672402812,108.84622684267215,124.25018970520239,0.9046477200077057,-8.960912434161045,-9.865560154168751,0,,,-46.91195761220477,-47.78643047757498,,,,,,,35.99298084242764,,,72.26601601502728,71.09863863151621,,,,,60,100,-40,,,,,,,,,,,,483.32219712433766,296.3497188236931,483.32219712433766,-0.08576276064207237
2009-02-17,80.16,82.95799,75.77,77.42,76.1053502925139,84.48459737922249,107.61382579001834,123.7842176683347,0.5949240992894289,-9.121905030056965,-9.716829129346394,0,,,-54.64935539907074,-49.82387018686878,,,,,,,32.360745374889134,,,70.90940749937388,71.9510242672505,,,,,60,100,-40,,,,,,-49.82387018686878,,,,,,699.0817976471853,441.5588608557489,699.0817976471853,-0.06462903750752291
2009-02-23,78.27,79.6667,73.81,73.92999,76.28239884304863,82.373675903378,106.29289105315488,123.2881557014856,0.23547062130926477,-9.422490852709814,-9.657961474019078,0,,,-61.813245209863666,-54.45818607371306,,,,,,,30.202747719431486,,,50.400582663511855,61.02558736426482,,,,,60,100,-40,,,,,,,,,,,,810.1578344386062,518.5481588819763,810.1578344386062,-0.06873001783398053
2009-03-02,72.52,73.9169,67.10001,68.92,76.63698535425944,79.6829407227024,104.82728748244291,122.74717902783898,-0.233847680317135,-9.950271074415497,-9.716423394098362,0,,,-70.60462180813727,-62.355740805690566,,,,,,,27.3648436115908,,27.3648436115908,29.00799733890834,41.91484084301821,,,,,60,100,-40,,,,,,,,,,,,1139.2200463588597,787.9030390852533,1139.2200463588597,-0.07700490543536845
2009-03-09,67.95,76.98,67.73,76.09,76.82720425752662,78.96435257816192,103.70033503215103,122.28292849024855,0.030406809201785734,-9.67841488259613,-9.708821691797915,0,,,-69.37476070865908,-67.26420924222,,,,-67.26420924222,,-67.26420924222,36.60075487067291,,,24.877005276151138,26.407685587464915,,24.877005276151138,,,60,100,-40,,,,,,,,,-106,,,940.2709470208852,630.1024865242981,940.2709470208852,0.0027610374433515686
2009-03-16,76.96001,81,75.45,76.71001,76.65811895341757,78.51348406252954,102.64189091324315,121.82946661472369,0.3225234924456739,-9.305667326240822,-9.628190818686496,0,,,-60.80417282836542,-66.92785178172059,,,,,,,37.347059234006004,,,38.8677452703798,29.29574233509887,,,,,60,100,-40,,,,,,-66.92785178172059,-107,,,,,782.9489566534515,510.9929435198803,782.9489566534515,-0.07831757699123501
2009-03-23,78.74001,83.3,78.31,81.61,73.15967259960203,79.13278725002364,101.81711087742968,121.42927291706474,0.8891936482076446,-8.51669875842694,-9.405892406634585,0,,,-46.76416183657125,-58.98103179119858,,,,,,,43.08333407699407,,,66.47973322107906,51.18638490316405,,,,,60,100,-40,,,,,,,,,,,,640.5946008982785,398.08513560717483,640.5946008982785,-0.04599338510596342
2009-03-30,79.8,84.61,77.96001,84.25999,71.24512598534474,80.1582278000189,101.12859633321675,121.05942930594966,1.4526264198368217,-7.590109381838559,-9.04273580167538,0,,,-32.91714523924616,-46.82849330139428,,,,,,,45.98098648383493,,,82.87553156243582,73.99097321738161,,,,,60,100,-40,,,,,,,,,,,,520.486491644046,311.16056549677944,520.486491644046,0.021794264527173174
2009-04-06,83.34,85.82001,81.50999,85.81,71.41897555782012,81.28858224001513,100.52786706524746,120.70868871584071,1.910985001599741,-6.6540045496757045,-8.564989551275445,0,,,-17.94654045799046,-32.542615844602636,,,,,,,47.6691593601522,,,95.58886190774734,91.17772381549469,,,,,60,100,-40,,,,,,,,,,,,406.76167498149226,230.04046267918315,406.76167498149226,0.0780369791366028
2009-04-13,84.92,87.64999,83.61,87.08,72.01568873226154,82.4468657920121,100.00049972935541,120.37407489777264,2.2572320971054065,-5.743449429893687,-8.000681526999093,0,,,-3.8318638699524943,-18.231849855729717,,,,,,,49.08161942993143,,,98.62668165124833,97.25336330249668,,,,,60,100,-40,,,,,,,,,,,,311.8959158939482,158.21492401024074,311.8959158939482,0.06374390621853132
2009-04-20,85.53999,87.31,82.75,86.66,72.5145695371,83.28949263360968,99.47734287722383,120.038611465954,2.4020624997005644,-4.998103402373388,-7.400165902073953,0,,,5.080980061979053,-5.565808088654644,,,,,,,48.611546136512004,,,99.57576878805749,99.78788439402875,99.57576878805749,,,,60,100,-40,,,,,,,,,,,,253.3693857314122,104.90311964474242,253.3693857314122,0.039746386387428494
2009-04-27,85.67999,89.02,84.75999,87.89,73.71352885587858,84.20959410688775,99.02293727419544,119.71872478470073,2.512880931219321,-4.259064738049801,-6.7719456692691224,0,,,14.580491766201936,5.276535986076154,,,,,,,50.126957314562674,,,99.46971098507186,99.57576878805749,,,,,60,100,-40,,,,,,,,,,,,196.39313378024633,69.46618880024377,196.39313378024633,0.057328624496753036
2009-05-04,88.55,93.22,88.38,92.98,79.20756108045867,85.9636752855102,98.78595934187405,119.45266782166888,2.8371808512801575,-3.225469605168925,-6.062650456449083,0,,,27.783674129319316,15.81504865250009,,,,,,,55.95042221777966,,,99.36365318208622,99.36365318208622,,,,,60,100,-40,,,,,,,,,,,,147.95801854747427,27.745063563835828,147.95801854747427,0.11726463140510063
2009-05-11,91.7,92.11,88.14999,88.71001,79.4298781461402,86.51294222840816,98.39082407356526,119.14677072891595,2.6744872906262156,-2.7195413431663127,-5.394028633792528,0,,,32.53842023419536,24.967528709905526,,,,,,,50.582713921297284,,,96.13931753174546,97.75148535691585,,,,,60,100,-40,,,,,,,,,,,,114.6929242661153,2.7005065522293137,114.6929242661153,0.08449693465474652
2009-05-18,89.55,92.8,88.25999,89.02,79.70774256427305,87.01435378272653,98.02334077656269,118.84700186594166,2.5012722425827505,-2.26743833056409,-4.768710573146841,0,,,35.861216355059206,32.061103572857945,,,,,,,50.95278303531631,,,91.94195845678558,94.44367995055812,,,,,60,100,-40,,,,,,,,,,,,82.02148349045798,-29.608676457266938,82.02148349045798,0.04102587034512005
2009-05-26,88.36,93.7,88.32001,92.53,80.0071880953964,88.11748302618122,97.80791564807004,118.58514115085767,2.529059006118331,-1.607386815498927,-4.136445821617258,0,,,40.18938980246296,36.196342130572496,,,,,,,55.07919878024059,,,89.72263018857456,90.8531617616843,,89.72263018857456,,,60,100,-40,,,,,,,,,,,,42.563031946738334,-56.95255346503661,42.563031946738334,0.06768138950471732
2009-06-01,93.67,95.67,87.53,94.55,81.7352475171538,89.40398642094497,97.68015425010651,118.3459855175158,2.58052062690017,-0.9107950379920453,-3.4913156648922152,0,,,44.142601001381024,40.064402386301055,,,,,,,57.317971581705116,,,92.38202186900614,90.69909482912254,,,,,60,100,-40,,,,,,,,,,,,-14.266610225395908,-106.59754374412086,-14.266610225395908,0.10182948264069518
2009-06-08,93.84,96.11,93.03999,95.08,82.0177298373571,90.53918913675598,97.578187416769,118.11448317405794,2.5431536387654,-0.31237361643546535,-2.8555272552008653,0,,,49.429040356700554,44.58701038684817,,,,,,,57.914162164882946,,,96.5440823556936,93.93630305893545,96.5440823556936,,,,60,100,-40,,,,,,,,,,,,-40.76359018441485,-126.3070812451898,-40.76359018441485,0.1045274998673753
2009-06-15,93.96001,94.02,90.83,92.03999,82.51217627754588,90.83934930940478,97.36100320434669,117.85503548078373,2.218443379146342,-0.08247303126793781,-2.30091641041428,0,,,47.15496850577608,46.908869954619206,,,46.908869954619206,,46.908869954619206,,53.28888322521765,,,94.29985348001044,95.4541293803406,,,,,60,100,-40,,,,,,,,,,,,-68.80657378724851,-143.342157382428,-68.80657378724851,0.13804463607635367
2009-06-22,91.14,92.24001,88.85001,91.84,82.80273511486402,91.03947944752383,97.14449327476447,117.59617940634807,1.906840932482071,0.08263475518830887,-1.824206177293762,0,,,41.477141564112834,46.02038347552982,,,,,,,52.98729093046757,,,87.17535328975242,91.66203645290925,,,,,60,100,-40,,,,,,46.02038347552982,,,,,,-121.75083309865789,-203.64358331289566,-121.75083309865789,0.11740522320841748
2009-06-29,92.11,93.23,89.75999,89.81,83.19539689237374,90.79358355801907,96.85686608751881,117.31970000926998,1.4986558850277347,0.04911367899090635,-1.4495422060368284,0,,,36.4867220495837,41.706277373157526,,,,,,,49.882840953137695,,,69.90041381652159,78.90876883482979,,,,,60,100,-40,,,,,,,,,,,,-104.15977253526555,-189.3447499832783,-104.15977253526555,0.12686263035165918
2009-07-06,88.94,89.92999,87,87.96001,83.54858140006132,90.22686884641526,96.50796977036121,117.02756379027227,1.0594045469503988,-0.12528652234882998,-1.1846910692992287,0,,,22.85159800524213,33.60515387297954,,,,,,,47.155254690788766,,,46.87222007760135,59.33129227000294,,,,,60,100,-40,,,,,,,,,,,,-71.58526843794453,-172.19115907722767,-71.58526843794453,0.1491853439935311
2009-07-13,88.31,94.50999,87.59,94.13,83.9536841571998,91.0074950771322,96.41471605387646,116.79972733464767,1.133109530941438,0.23169584437756896,-0.9014136865638691,0,,,26.594902514031197,28.64440752295233,,,,,,,55.873079219091395,,,41.78777342947285,44.72018838558973,,41.78777342947285,,,60,100,-40,,,,,,,,,,,,-112.20612872195463,-209.97458469954992,-112.20612872195463,0.26011636931293153
2009-07-20,94.67999,98.14,94.19,98.06,86.73985100311411,92.41799606170576,96.47923699294013,116.61326238604421,1.378928348336625,0.8222467488569123,-0.5566815994797127,0,,,41.164954138512456,30.203818219261915,,,,,,,60.38289915086492,,,52.646064260918095,44.64015872009801,,,,,60,100,-40,,,,,,30.203818219261915,,,,,,-164.5322871361447,-258.16102384508633,-164.5322871361447,0.35024535371782345
2009-07-27,97.88,99.83,96.98,98.81,87.7255759314631,93.69639684936462,96.57063946380522,116.43611549663083,1.5136555259317301,1.33538780793495,-0.1782677179967802,0,,,51.70428216471187,39.82137960575183,,,,,,,61.20266217326289,,,79.24142346923006,64.4975438033886,,,,,60,100,-40,,,,,,,,,,,,-190.0718712932093,-274.85901950961613,-190.0718712932093,0.31364478174112187
2009-08-03,99.85001,102.03,99.31,101.202,90.5021776506443,95.1975174794917,96.75226144561678,116.28453225785839,1.6730286714911968,1.913018121367216,0.23998944987601906,0,,,60.131089609860965,51.000108637695085,,,,,,,63.79135168589228,,,92.43954548946832,84.87909097893662,,,,,60,100,-40,,,,,,,,,,,,-213.6951674217167,-287.61192505332224,-213.6951674217167,0.3870127141922215
2009-08-10,100.74001,101.61,99.46001,100.78999,90.80645067559828,96.31601198359336,96.9106037418671,116.13035770802895,1.6567362903745004,2.3109098128441445,0.6541735224696441,0,,,62.94588779211081,58.2604198555612,,,,,,,63.006884589989895,,,98.04218038969258,97.51741597861421,,,,,60,100,-40,,,,,,,,,,,,-204.84150061776825,-271.68248413453637,-204.84150061776825,0.38668464233847893
2009-08-17,98.85001,103.13,98.11501,102.97,93.00984848448412,97.64680958687468,97.14822712453899,115.99940887511325,1.6928348577235997,2.770217094624144,1.0773822369005441,0,,,64.29475322699369,62.457243542988486,,,,,,,65.44281103501417,,,98.80578733397581,99.04462986718067,98.80578733397581,,,,60,100,-40,,,,,,,,,,,,-232.14304595999215,-288.6493052009843,-232.14304595999215,0.3699094876356797
2009-08-24,103.39,104.35001,101.94,103.38,93.4148607355924,98.79344766949974,97.39261037455707,115.87384261764943,1.643062493839275,3.131210354199638,1.4881478603603628,0,,,66.34003356945541,64.52689152951997,,,,,,,65.90030070194447,,,98.56694480077095,98.56694480077097,,,,,60,100,-40,,,,,,,,,,,,-260.84431033090266,-308.89488607353263,-260.84431033090266,0.33390739576277895
2009-08-31,102.37,103.24001,99.57001,102.06,93.78236925447865,99.4467581355998,97.57564526182934,115.73639144732456,1.4279276132286052,3.2730573768961193,1.8451297636675141,0,,,63.14233135857518,64.59237271834142,,,64.59237271834142,,64.59237271834142,,62.99173657402329,,,96.41724790941814,97.49209635509457,,,,,60,100,-40,,,,,,64.59237271834142,,105,,,,-245.2362539071022,-297.2776340601631,-245.2362539071022,0.3113310242110266
2009-09-08,103,105.3,102.39,104.77,95.31363002201589,100.51140650847984,97.85777682018897,115.62727312446562,1.374355085987896,3.563073621152384,2.188718535164488,0,,,64.13060135310108,64.53765542704389,,,,,,,66.29985107684756,,,95.87982368657993,96.41724790941815,,,,,60,100,-40,,,,,,,,,,,,-296.10238956035636,-323.22715514013345,-296.10238956035636,0.2909467267823734
2009-09-14,103.88,108.06,103.14999,106.72,97.47622787758618,101.75312520678386,98.20531498410313,115.5386435411376,1.3732212145130762,3.9052450533058334,2.532023838792757,0,,,66.07693649806605,64.44995640324743,,,,,,,68.49511694518216,68.49511694518216,,95.34239946374171,95.34239946374173,,,,,60,100,-40,,,,,,64.44995640324743,,,,,,-346.8110460039279,-359.91312693283646,-346.8110460039279,0.28634170699218997
2009-09-21,105.89,108.03,104.09,104.45,97.43506731490146,102.29250016542709,98.45020459256968,115.42830877953425,1.132573925750577,3.9477412459809784,2.8151673202304015,0,,,64.76507268715153,64.99087017943954,,,64.99087017943954,,64.99087017943954,,63.29538779497093,,,93.59170968327875,94.46705457351025,,,,,60,100,-40,,,,,,64.99087017943954,,105,,,,-315.57267400321376,-334.4743765814116,-315.57267400321376,0.1900000012451164
2009-09-28,104.85001,107.02,101.99001,102.49001,97.53541964955136,102.33200213234167,98.60862833403753,115.2995694881956,0.7716221445930271,3.779695000971685,3.008072856378658,0,,,58.9971212455643,63.279710143593945,,,,,,,59.098858061055694,,,84.2102687200721,89.1198254242333,,,,,60,100,-40,,,,,,,,,,,,-280.0140060026294,-310.9335808393368,-280.0140060026294,0.20030567177170483
2009-10-05,102.89999,107.25999,102.60001,107.25999,98.01288110315484,103.31759970587333,98.94789741897723,115.21957367239266,0.7819198071127422,3.985472615269586,3.203552808156844,0,,,58.03961368320282,60.60060253863954,,,,,,,65.18461079578748,,,78.70210152309895,82.35531996378903,,78.70210152309895,,,60,100,-40,,,,,,,,,,,,-360.0114594566968,-347.1274752321846,-360.0114594566968,0.286029951503697
2009-10-12,107.75999,109.71001,106.75999,108.89,99.6219731672152,104.43207976469867,99.33778379470361,115.15659283983153,0.82220190488299,4.231305189260581,3.4091032843775912,0,,,61.609038626610875,59.548591185125986,,,,,,,67.00221562019917,67.00221562019917,,78.90153470447132,78.03816612681561,,,,,60,100,-40,,,,,,59.548591185125986,,,,,,-390.0093759191156,-354.92247973542374,-390.0093759191156,0.2779369457643871
2009-10-19,109.07001,110.31,107.5,108.08,99.86254365527125,105.16166381175894,99.68061580275445,115.08617898072873,0.721576309297804,4.311073670999846,3.5894973617020423,0,,,62.507931398281734,60.71886123603179,,,60.71886123603179,,60.71886123603179,,65.17058995220108,,,81.11253367084547,79.25971342655673,81.11253367084547,,,,60,100,-40,,,,,,,,,,106,,-401.8258530247309,-369.4820288744376,-401.8258530247309,0.20153449588511094
2009-10-26,108.2,109.31,103.44,103.56,100.10593339418045,104.84133104940716,99.83274851637192,114.97149063266178,0.2994993102172785,3.9638714994736404,3.664372189256362,0,,,54.02940587014709,59.38212529834655,,,,,,,55.92802406753534,,,63.044275876412144,72.2047022375214,,,,,60,100,-40,,,,,,59.38212529834655,,105,,,,-326.9484252020526,-321.3943872609035,-326.9484252020526,0.11640891913607572
2009-11-02,104.13,107.39999,103.08,107.13,99.89479529459614,105.29906483952573,100.11891524122008,114.89346585024724,0.21367105348982118,3.9314610061186386,3.7177899526288174,0,,,48.251607119118425,54.9296481291824,,,,,,,60.697326704042304,,,47.2520538724236,57.83832779382109,,,,,60,100,-40,,,,,,,,,,,,-332.048711528952,-324.7772259407392,-332.048711528952,0.18005225302147412
2009-11-09,107.95,110.82001,107.87,109.62,100.65016848783927,106.16325187162059,100.49150680038792,114.84099355322985,0.2736861768155583,4.0598976736482655,3.786211496832707,0,,,53.86436370207687,52.04845889711411,,,,,,,63.66812652862565,63.66812652862565,,38.75501165503891,42.01491319410173,,38.75501165503891,,,60,100,-40,,,,,,52.04845889711411,,,,,,-298.0398548873244,-312.0904575878775,-298.0398548873244,0.14620076639034052
2009-11-16,110.38,111.69,109.00999,109.42999,100.76372645299361,106.81659949729647,100.84203555331389,114.78715272185443,0.2503112500018565,4.099100559335028,3.8487893093331715,0,,,57.424417493650786,53.180129438282016,,,,,,,63.2727533096394,,,49.60099417268525,42.84071960309319,,,,,60,100,-40,,,,,,,,,,,,-278.39624490781085,-296.25582893553616,-278.39624490781085,0.1547041025539127
2009-11-23,110.72,111.74001,108.28999,109.57001,101.01345884920835,107.36728159783718,101.18430906102708,114.73524085397528,0.19638564120153834,4.094271360835094,3.897885719633556,0,,,57.77119923448719,56.3533268100716,,,,,,,63.45392969253041,,,58.10084622663057,52.01451782787865,,,,,60,100,-40,,,,,,,,,,,,-244.1423821972998,-290.5729509472569,-244.1423821972998,0.1689373365432793
2009-11-30,109.48,112.38,108.12,111.00999,102.5253417885506,108.09582327826975,101.56962988216327,114.69817368129891,0.20865113397359858,4.158699637100554,3.9500485031269554,0,,,58.36638103828732,57.85399925547509,,,,,,,65.35784076507463,,,66.0460369290331,63.160129306431514,,,,,60,100,-40,,,,,,,,,,,,-288.84376725233614,-340.4687780477556,-288.84376725233614,0.13920119679152126
2009-12-07,110.91,111.53,109.02,111.11,102.62282666079699,108.6986586226158,101.94376204364707,114.66247046058947,0.1757716363517563,4.169763048566651,3.9939914122148945,0,,,57.52942742369706,57.88900256549051,,,57.88900256549051,,57.88900256549051,,65.49309815919307,,,72.27648448496888,69.41802203673875,,,,,60,100,-40,,,,,,57.88900256549051,,105,,106,,-282.6903550246386,-344.929000220891,-282.6903550246386,0.11506913772313374
2009-12-14,111.87,112.13,105.476,110.21001,102.87048189931149,109.00092889809264,102.26792863017072,114.61816737142938,0.052101448019096885,4.059118222238766,4.007016774219669,0,,,51.38135138886991,55.75905328361808,,,,,,,63.091590899305885,,,73.6058600492044,72.81965289581063,,,,,60,100,-40,,,,,,,,,,,,-301.29210865652254,-368.57827290800174,-301.29210865652254,0.11862587091533726
2009-12-21,110.75999,112.60001,110.75999,112.48,103.8784474779321,109.69674311847412,102.66840201722285,114.59689207420122,0.08019037749418967,4.107254746087406,4.027064368593217,0,,,55.54168531475128,54.8174880424394,,,,,,,66.45278228707006,,,78.53621686179349,76.64986196484607,,,,,60,100,-40,,,,,,54.8174880424394,,,,,,-413.78445253715483,-492.47313237927415,-413.78445253715483,0.1193253233892886
2009-12-28,112.89999,113.03,111.39,111.44,104.15141551522267,110.04539449477929,103.01238625184156,114.56548021276639,-0.00949208530031509,4.0151992619678225,4.024691347268138,0,,,56.784434168705616,54.56915695744225,,,,,,,63.57900476654571,,,77.5705233321394,77.48892140640449,,,,,60,100,-40,,,,,,,,,,,,-444.00546116676304,-520.205290128497,-444.00546116676304,0.09205670437571017
2010-01-04,112.37,114.62,111.50999,114.57001,106.60203869270676,110.95031759582344,103.46562639882816,114.56552528527618,0.09785185841329369,4.1470061702847545,4.049154311871461,0,,,61.04716594282474,57.791095142093866,,,,,,,68.07971657778123,68.07971657778123,,86.58230528735679,82.80982689783222,86.58230528735679,,,,60,100,-40,,,,,,,,,,,,-501.459013681897,-569.2588737414976,-501.459013681897,0.07257646687781338
2010-01-11,115.08,115.14,113.2,113.64,106.71689378608484,111.48825407665875,103.86462144201137,114.55631607845751,0.06373697415176682,4.128825529561169,4.065088555409402,0,,,63.1890402106338,60.340213440721364,,,60.340213440721364,,60.340213440721364,,65.47529745335413,,,84.19065352980427,84.09705399859106,,,,,60,100,-40,,,,,,,,,,,,-505.7391930124612,-556.6663512430434,-505.7391930124612,0.03622463433945748
2010-01-19,113.62,115.13,109.09,109.21001,107.00068780136449,111.03260526132699,104.07424452271681,114.50311900304997,-0.2807590208318169,3.7141397793696314,3.9948988002014483,0,,,52.8316434241448,59.02261652586776,,,,,,,54.68074183602795,,,69.09686515899553,78.20819176397248,,,,,60,100,-40,,,,,,59.02261652586776,,105,,,,-454.69570337383186,-498.1815601079447,-454.69570337383186,-0.04702853186403345
2010-01-25,110.21001,110.47,107.22,107.39,106.67849652983847,110.3040842090616,104.20427414927694,114.43234169953703,-0.6345341008139549,3.2017311741840047,3.8362652749979596,0,,,32.90897257675773,49.643218737178756,,,,,,,50.9427142389527,,,41.81310208296284,56.973998945240446,,,,,60,100,-40,,,,,,,,,,,,-399.2964845785897,-451.23945827013654,-399.2964845785897,-0.1364776833115427
2010-02-01,108.14999,110.59,104.58,106.66,106.77789034913572,109.57526736724928,104.3005771238151,114.35500496620831,-0.90457153392247,2.705550857594872,3.610122391517342,0,,,14.912871968297136,33.55116265639986,,,,,,,49.47314906107974,,,14.439623962450645,28.87924792490129,,,,,60,100,-40,,,,,,,,,,,,-305.7880328370279,-361.01410222102083,-305.7880328370279,-0.1823198153251804
2010-02-08,106.74001,108.25,105.80991,108.03999,106.47589889562602,109.26821189379943,104.44722076601843,114.29216899639529,-0.9712516897986849,2.396057779268986,3.367309469067671,0,,,2.5643151622622025,16.79538656910567,,,,,,,52.29163878825837,,,7.8410393982193805,10.583571004281017,,7.8410393982193805,,,60,100,-40,,,,,,,,,,,,-292.00839050302284,-356.28426545356257,-292.00839050302284,-0.0725867392504583
2010-02-16,108.86,111.57001,107.821,111.14,106.7054654030813,109.64256951503954,104.70968269676281,114.26080413075951,-0.7949946228513629,2.3735661905034675,3.1685608133548304,0,,,5.313487301740245,7.596891477433171,,,,,,,57.994001042797954,,,14.497703798225514,8.523478847152212,,,,,60,100,-40,,,,,,,,,,,,-355.279592229746,-426.0507626438239,-355.279592229746,0.005463081655979772
2010-02-22,111.55,111.58,108.94,110.74001,106.73164573143264,109.86205761203163,104.94616612041918,114.22577135333901,-0.6972587676201902,2.296987353829593,2.994246121449783,0,,,8.635987152899833,5.5045965389674265,,,,,,,57.04099524165057,,,27.002588993365904,19.89390363204711,,,,,60,100,-40,,,,,,5.5045965389674265,,,,,,-377.9560300061558,-444.0415330722195,-377.9560300061558,-0.0220792435572865
2010-03-01,111.2,114.34,111.17,114.25,106.91438603633031,110.73964608962531,105.31102235099098,114.22601243440032,-0.4027469787699651,2.4908123979873267,2.893559376757292,0,,,22.877859853611536,12.275778102750538,,,,,,,62.84524076670321,,,44.49101147936377,35.89130651567778,,,,,60,100,-40,,,,,,,,,,,,-522.8731154595821,-596.0339816045432,-522.8731154595821,-0.0017881281077926578
2010-03-08,114.25999,115.97,113.87,115.46001,107.83693203373528,111.68371887170025,105.7090218666384,114.2382910171426,-0.14620005013522075,2.710809314088266,2.8570093642234866,0,,,36.57005995807713,22.694635654862832,,,,,,,64.62996937913309,,,57.8731030513489,50.73704922510808,,,,,60,100,-40,,,,,,,,,,,,-612.350730830567,-691.3005304037174,-612.350730830567,0.0568081133789801
2010-03-15,115.25999,117.48,114.60001,115.97,108.5914276027542,112.5409750973602,106.11141316598591,114.25552195229541,0.02876220415713515,2.8929621194199058,2.8641999152627706,0,,,46.079311268979566,35.17574369355608,,,,,,,65.38908105665965,,,73.03354558974291,66.04174112503135,,,,,60,100,-40,,,,,,,,,,,,-652.8324161341003,-729.2458885121323,-652.8324161341003,0.12714281330277583
2010-03-22,115.31,118.1666,115.24001,116.582,109.3190413454146,113.34918007788816,106.52202441437862,114.27867098759596,0.1498614396528204,3.051526714828796,2.9016652751759757,0,,,52.193841931509745,44.947737719522145,,,,,,,66.32855314717129,,,81.69638157111666,77.1068175185694,,,,,60,100,-40,,,,,,,,,,,,-604.1356132006276,-678.4739087826538,-604.1356132006276,0.06675441236481622
2010-03-29,117.16991,118.25,116.61,117.8,110.63773982074214,114.23934406231054,106.96429796675594,114.31370908722187,0.2691840961738281,3.2381453953932606,2.9689612992194325,0,,,56.69815837581319,51.6571038587675,,,,,,,68.19016907337138,,,89.2701609898972,86.21290441447822,,,,,60,100,-40,,,,,,,,,,,,-611.5655017096044,-687.8422890039894,-611.5655017096044,0.07485642812737527
2010-04-05,118.25,119.60001,117.60001,119.55,112.66104411926055,115.30147524984842,107.45785490923609,114.36581148436393,0.4144756087308772,3.487055810133029,3.0725802014021517,0,,,60.98339388145602,56.625131396259654,,,,,,,70.71069003838689,,,94.43903527576263,91.87285843512636,,,,,60,100,-40,,,,,,,,,,,,-661.2808650351309,-730.052781912355,-661.2808650351309,0.151252340455531
2010-04-12,119.7,121.5654,118.75,119.36,112.86739811074195,116.11318019987874,107.92460569710919,114.41550490242996,0.4436765344215092,3.6271758694290384,3.183499335007529,0,,,63.95513847177723,60.54556357634882,,,,,,,70.05776564518966,,,97.58436062551033,96.12533773318397,,,,,60,100,-40,,,,,,,,,,,,-711.0479804832889,-773.6795488373814,-711.0479804832889,0.125245348805975
2010-04-19,119.00999,121.86,118.47,121.8125,115.20502681711753,117.253044159903,108.4692290031049,114.48910684369932,0.5662103166054488,3.8912622307643403,3.3250519141588915,0,,,65.70186041359483,63.54679758894269,,,,,,,73.48180885619851,73.48180885619851,,98.70368828426373,98.36399305069078,98.70368828426373,,,,60,100,-40,,,,,,,,,,,,-897.2210749408728,-944.8287217760392,-897.2210749408728,0.16221517631790913
2010-04-26,121.85001,122.12,118.25,118.8125,115.1927034730377,117.5649353279224,108.87484747357138,114.53212568107544,0.3915635819319956,3.814506391573886,3.4229428096418903,0,,,62.92331809558707,64.19343899365303,,,64.19343899365303,,64.19343899365303,,63.81173232393959,,,90.51889004018179,94.78113677900926,,,,,60,100,-40,,,,,,64.19343899365303,,105,,,,-894.0899704061687,-930.3144087258502,-894.0899704061687,0.07871833959040406
2010-05-03,119.38,120.67999,105,111.25999,115.1126889392493,116.30394626233792,108.9683824746078,114.49956711708464,-0.25161787825764614,3.108420461819833,3.360038340077479,0,,,40.41999228990096,56.34839026636095,,,,,,,46.958121863641864,,,66.80328876998804,79.7266510897918,,,,,60,100,-40,,,,,,,,,,,,-688.8008848777743,-740.2572435029684,-688.8008848777743,0.03328995658253261
2010-05-10,115.81,117.67999,112.87,113.89,113.35124830073148,115.82115700987033,109.1613870834467,114.49350177263604,-0.5043530662064417,2.729597007319427,3.2339500735258686,0,,,29.56178010220949,44.301696829232505,,,,,,,51.76419268053889,,,41.20839381120071,55.638339343485036,,,,,60,100,-40,,,,,,,,,,,,-562.6552694454517,-618.3922901387923,-562.6552694454517,-0.028136557127760666
2010-05-17,114.2,115.22,105.36121,109.11501,113.03848056496494,114.47992760789627,109.15956837429192,114.43998444156503,-0.9705355766503718,2.020780602712904,2.9913161793632757,0,,,9.668890145290796,26.550220845800414,,,,,,,43.93435589798184,,,17.597632562893736,28.963409963722068,,,,,60,100,-40,,,,,,,,,,,,-349.4452204553696,-447.7755101135574,-349.4452204553696,-0.03463466814467897
2010-05-24,108.52,110.8,104.38,109.369,112.25679766746745,113.45774208631701,109.16778137922165,114.38952688493254,-1.222914874260796,1.4626725865372805,2.6855874607980765,0,,,-6.526469700926064,10.901400182191407,,,,,,,44.41881522536856,,,10.037165477566283,13.271158599028615,,,,,60,100,-40,,,,,,,,,,,,-284.09154400893874,-391.8163264565469,-284.09154400893874,-0.019543029293950628
2010-06-01,108.35001,111.06,106.465,106.82001,112.02220497693406,112.1301956690536,109.07571191336982,114.31420830896306,-1.5041486852649326,0.805401604216911,2.3095502894818436,0,,,-17.064437972473122,-4.640672509369463,,,,,,,40.60424539416337,,,2.553382715720607,4.5354482374026714,,2.553382715720607,,,60,100,-40,,,,,,,,,,,,-163.3476269164044,-287.84972164626566,-163.3476269164044,-0.042929722753401005
2010-06-07,107.2,109.75,104.64999,109.67999,112.06508319286735,111.64015453524289,109.09940909323767,114.26809668399825,-1.4401091169981974,0.5094138932340968,1.9495230102322942,0,,,-24.01645281999787,-15.869120164465684,,,,,,,46.21822348654377,,,5.553960321654584,4.620602548362945,,,,,60,100,-40,,,,,,,,,,,,-128.19351293160364,-259.14977225603553,-128.19351293160364,0.05878124170549829
2010-06-14,110.52,112.42,109.39999,111.729,112.03275439337682,111.65792362819431,109.20253030526756,114.24283204037638,-1.2114878544947687,0.4351631921138335,1.6466510466086022,0,,,-21.354913302056875,-20.811934698175957,,,,,,,49.89399316290264,,,11.596817331681809,7.563067488087125,,,,,60,100,-40,,,,,,,,,,,,-133.0674196713121,-269.30435911857455,-133.0674196713121,0.1342368956909263
2010-06-21,113.12,113.2,106.77,107.86749,112.29987765099276,110.89983690255545,109.15017578349236,114.17939580116865,-1.2661290313485825,0.06398975742287405,1.3301187887714565,0,,,-24.48266629297978,-23.284677471678176,,,,,,,43.784456166804425,,,16.196606298156972,13.627774466634193,16.196606298156972,,,,60,100,-40,,,,,,,,,,,,-47.0551615492554,-211.2490210970156,-47.0551615492554,0.11993945164848124
2010-06-28,108.03,108.32001,101.13,102.2,112.06077924735042,109.15986952204436,108.87761987041422,114.06019783299782,-1.6078168970326023,-0.6796523325192965,0.9281645645133059,0,,,-37.938172965460254,-27.92525085349897,,,,,,,36.6490532608878,,,14.298959036674104,15.748480844576141,,,,,60,100,-40,,,,,,,,,,,,84.22759509606372,-116.47647180664912,84.22759509606372,0.028728087483138945
2010-07-06,103.64,107.97,101.88,107.96001,111.73018644396825,108.91989761763548,108.84163516961367,113.99949944659983,-1.378567330512746,-0.7950445986276264,0.5835227318851194,0,,,-41.19671297054316,-34.539184076327736,,,,,,,46.286774392714285,,,13.451809223818978,14.629623451522471,,,,,60,100,-40,,,,,,,,,,,,87.0953050785976,-105.29893147816748,87.0953050785976,0.040935991189442564
2010-07-12,107.60001,110.09,106.45,106.66,108.58035169797051,108.46791809410838,108.75608084923667,113.92646960136003,-1.2508948325817708,-0.9800958088420941,0.2707990237396766,0,,,-38.17646943360278,-39.103785123202066,,,,,,,44.62679570252249,,,15.322650798072381,13.942183455258109,,,,,60,100,-40,,,,,,-39.103785123202066,,,,,,121.25979506430713,-61.608216663955204,121.25979506430713,-0.013076701472708039
2010-07-19,107.05,110.57001,105.82001,110.41,103.86871943382977,108.8563344752867,108.8209404237764,113.89147985408282,-0.8684507938685153,-0.8147644685959676,0.05368632527254774,0,,,-31.30829519230674,-36.89382586548423,,,,,,,50.20712098016321,,,24.416011113992756,19.452283841246942,,,,,60,100,-40,,,,,,,,,,,,56.485286870796756,-116.77035908869065,56.485286870796756,0.0037217268792335517
2010-07-26,110.60001,112.28999,108.98,110.27,103.90595375998478,109.13906758022937,108.87776628951066,113.85544522866905,-0.5926405748279964,-0.6871143932624477,-0.09447381843445135,0,,,-19.581211275831272,-29.688658633913604,,,,,,,50.00331471618395,,,32.03409130740356,27.537759785608085,,,,,60,100,-40,,,,,,,,,,,,38.942507439742826,-119.17574834529233,38.942507439742826,-0.021868752283341505
2010-08-02,111.99001,113.11,110.92,112.392,102.64824420570015,109.7896540641835,109.01557937619651,113.8408835846027,-0.2524184922503879,-0.4099969337474363,-0.15757844149704836,0,,,-5.144274257133564,-18.677926908423867,,,,,,,53.12758764203676,,,52.51820157822823,42.73664109309851,,,,,60,100,-40,,,,,,,,,,,,40.04386972342594,-118.41652137342102,40.04386972342594,-0.007620589405827264
2010-08-09,112.92,113.17999,107.60001,108.31,102.93851247672157,109.4937232513468,108.98790959673782,113.78584991709421,-0.28500877875387925,-0.5138394149393974,-0.2288306361855182,0,,,-4.292715164020283,-9.672733565661712,,,,,,,47.0061658052942,,,63.68278877307009,56.54894060967428,,,,,60,100,-40,,,,,,,,,,,,131.85407522825756,-49.613517487344474,131.85407522825756,-0.03609676206759751
2010-08-16,107.57001,110.39,106.74989,107.53,102.81662158552717,109.10097860107743,108.93073667137556,113.72360265423755,-0.3381866803661429,-0.6515639866431968,-0.3133773062770539,0,,,-10.918970444295663,-6.785319955149842,,,,,,,45.91111625128508,,,71.17926734226725,68.86873342108959,71.17926734226725,,,,60,100,-40,,,,,,-6.785319955149842,,,,,,195.1533342776653,4.861667510354515,195.1533342776653,-0.06935435037451698
2010-08-23,108.03999,108.57001,104.28999,106.86,102.98056147227523,108.65278288086195,108.84953131171378,113.65530810046404,-0.3936900879327315,-0.8054899161929683,-0.41179982826023676,0,,,-22.319385979705494,-12.510357196007154,,,,,,,44.93696808397592,,,62.13689162233396,67.14505536114468,,,,,60,100,-40,,,,,,,,,,,,212.39818259081702,25.79590978119917,212.39818259081702,-0.08440623115197207
2010-08-30,106.58,110.99001,104.49001,110.89,103.041375652827,109.10022630468956,108.92954969164657,113.62779259697683,-0.14690117795055846,-0.5954263006984348,-0.44852512274787637,0,,,-19.114325469797294,-17.45089396459949,,,,,,,51.62529976838852,,,65.85709079656175,65.58317768502292,,,,,60,100,-40,,,,,,,,,,,,121.96214939248662,-60.71243745174616,121.96214939248662,-0.02215170790168
2010-09-07,110.37,111.67999,109.55,111.48199,102.78070596333936,109.57657904375165,109.02964539001337,113.60644132735517,0.05735066895303653,-0.3768367865565807,-0.43418745550961724,0,,,-4.555049731446152,-15.32958706031632,,,,,,,52.54264465505892,,,73.30852401717473,67.46919495649333,,,,,60,100,-40,,,,,,-15.32958706031632,,,,,,95.2417585938527,-76.03744882415594,95.2417585938527,-0.042474929827996645
2010-09-13,112.58,113.28999,111.98,112.49001,103.26095268024369,110.15926523500131,109.16534596295402,113.59533255792876,0.2506532383766526,-0.12087090753880148,-0.3715241459154541,0,,,12.192473437648632,-3.8256339211982766,,,,,,,54.14663751560951,,,87.88576046951134,80.26259448124486,,,,,60,100,-40,,,,,,,,,,,,31.56143884951586,-134.9397308561276,31.56143884951586,-0.015081497347522925
2010-09-20,112.88,114.89999,112.17999,114.82001,105.99188534594056,111.09141418800105,109.38709749381857,113.60751840312349,0.5107541584734884,0.26691855217640637,-0.24383560629708198,0,,,26.810260004781746,11.482561236994735,,,,,,,57.72459786898518,,,94.87378902098828,91.10108939440265,,,,,60,100,-40,,,,,,,,,,,,-73.26791366857793,-222.2234161550135,-73.26791366857793,0.04632913155256712
2010-09-27,114.86,115.78999,113.17999,114.61,106.23389424980195,111.79513135040084,109.59191719994334,113.61749334438595,0.6358264543297305,0.5509474616150811,-0.08487899271464935,0,,,36.72829822431116,25.24367722224717,,,,,,,57.2881071951315,,,98.59551293694382,97.83661024480985,,,,,60,100,-40,,,,,,,,,,,,-137.21920209247284,-268.18279503592015,-137.21920209247284,0.08996617776143626
2010-10-04,114.37,116.86,113.17999,116.53751,108.19183108910181,112.74360708032067,109.86429338818085,113.6465482364816,0.8046712836898333,0.9209601118976423,0.11628882820780898,0,,,44.753883033133256,36.097480420742045,,,,,,,60.27485347693896,,,99.23642779882718,99.11843996857652,,,,,60,100,-40,,,,,,,,,,,,-214.0884380756596,-330.33137775666194,-214.0884380756596,0.151990018016438
2010-10-11,116.72,118.55,115.64999,117.7,109.42472529702312,113.73488566425654,110.17157600040906,113.68688108984995,0.9414449662797594,1.2930950360575082,0.3516500697777488,0,,,52.85518775624077,44.77912300456172,,,,,,,62.01052484558365,,,99.35441562907779,99.35441562907779,,,,,60,100,-40,,,,,,,,,,,,-318.79963115281237,-431.1802181645416,-318.79963115281237,0.13281375673161142
2010-10-18,117.74001,119.09,116.02,118.347,110.2485292043786,114.65730853140523,110.49218086313812,113.7332504322395,1.015904061912089,1.62153014716786,0.6056260852557711,0,,,57.450039451169076,51.68637008018103,,,,,,,62.98562576203307,,,99.78480520969262,99.56961041938523,,,,,60,100,-40,,,,,,,,,,,,-328.1087891250283,-434.6019966800794,-328.1087891250283,0.20401365373036118
2010-10-25,119.14,119.75999,117.25999,118.49001,110.53142997549442,115.42384882512418,110.80582122144642,113.78058137321224,1.0129233976018612,1.8717803322580977,0.8588569346562365,0,,,60.2953531016867,56.866860103032174,,,,,,,63.21173577781356,,,99.8924026048463,99.7848052096926,,,,,60,100,-40,,,,,,,,,,,,-344.81628201138676,-450.1289063746105,-344.81628201138676,0.14110802924048757
2010-11-01,119.07001,122.92,117.85001,122.72501,114.97775712010196,116.88408106009935,111.27324038923284,113.86958066303103,1.2203938282143396,2.384349219924161,1.1639553917098213,0,,,65.77228028451499,61.17255761245692,,,,,,,69.23991358925696,69.23991358925696,,100,100,100,,,,60,100,-40,,,,,,,,,,,,-486.6678671002255,-581.0145597610449,-486.6678671002255,0.15633043582287112
2010-11-08,122.34,122.95,119.64999,120.198,114.80684804009468,117.54686484807948,111.6232309622041,113.93255000966754,1.114577779901309,2.5571776165864577,1.4425998366851487,0,,,66.68284006401858,64.25015781674009,,,,,,,62.60822947256741,,,94.39436778920219,97.1971838946011,,,,,60,100,-40,,,,,,,,,,,,-415.4555276274573,-520.8300943499457,-415.4555276274573,0.16630889868938897
2010-11-15,120.58,121.05,117.59,120.28999,114.90100103723077,118.09548987846358,111.96310386564708,113.99580811902408,0.9825450013929289,2.6707810884263097,1.6882360870333808,0,,,62.74439278753229,65.0665043786886,,,65.0665043786886,,65.0665043786886,,62.748931970568215,,,87.51280199839567,91.65428892014866,,,,,60,100,-40,,,,,,65.0665043786886,,105,,,,-391.7363407861013,-500.679168104501,-391.7363407861013,0.25121944029936877
2010-11-22,119.69,120.24001,117.99001,118.8,114.96557310600001,118.23639190277086,112.23121743954327,114.0436110233124,0.7378037741109271,2.6104908046720396,1.8726870305611125,0,,,57.0279206019275,62.1517178178261,,,,,,,58.8623467748153,,,75.88154807772351,81.68149072897324,,,,,60,100,-40,,,,,,,,,,,,-390.5115515522648,-515.1011375400462,-390.5115515522648,0.2002171640464175
2010-11-29,118.5,123.03,117.74001,122.89,115.356240027,119.1671135222167,112.64920891250236,114.13163479422471,0.7896691360953221,2.8597734506802652,2.070104314584943,0,,,58.12203505358041,59.298116147680055,,,,,,,65.26090858920074,,,73.5032163745961,75.11483831307716,,73.5032163745961,,,60,100,-40,,,,,,,,,,,,-483.1458149063984,-609.628203441856,-483.1458149063984,0.2994171301534092
2010-12-06,122.63,124.60001,122.41,124.48,116.72865288221429,120.22969081777336,113.11316150416893,114.23460360224237,0.8633789187897567,3.149327963072139,2.285949044282382,0,,,63.43447023423682,59.52814196324823,,,,,,,67.39661463380642,,,75.24174433715922,73.1141721342268,,,,,60,100,-40,,,,,,59.52814196324823,,,,,,-603.4829394688716,-718.7867119069732,-603.4829394688716,0.28022773368172305
2010-12-13,125.05,125.23,123.75,124.3,116.96946196205613,121.0437526542187,113.55186105302505,114.33475680023001,0.8319912924231918,3.325938159811372,2.49394686738818,0,,,66.03910509826932,62.531870128695516,,,,,,,66.89225958244835,,,82.59405702133857,78.61225625472095,,,,,60,100,-40,,,,,,,,,,,,-666.4860413836221,-767.1891279238872,-666.4860413836221,0.28477440608688065
2010-12-20,124.64,125.82001,123.98,125.60001,118.41451039333782,121.95500412337495,114.02433748231819,114.44684887186952,0.8289305415489094,3.530110044324317,2.7011795027754077,0,,,67.27570705171028,65.58309412807215,,,,,,,68.72352935350304,,,89.36706879766399,85.66982798084395,,,,,60,100,-40,,,,,,,,,,,,-653.4885793138727,-746.7911046649986,-653.4885793138727,0.2915438474631903
2010-12-27,125.13,126.2,125.03999,125.75,118.8148917938137,122.71400329869996,114.48416738497238,114.55931803732355,0.7685040869457076,3.6618096114575422,2.8933055245118346,0,,,67.3381687015027,66.8843269504941,,,,,,,68.93827583761052,,,93.81124397885203,91.81566384003607,,,,,60,100,-40,,,,,,,,,,,,-601.9452012568048,-692.8290856349988,-601.9452012568048,0.3527965141498338
2011-01-03,126.71001,127.83,125.6969,127.14,120.53454095139844,123.59920263895997,114.98047454634602,114.68449895237505,0.7526725402478718,3.8341461998216744,3.0814736595738026,0,,,68.13437284106183,67.58274953142494,,,,,,,70.94135573376596,,,98.07185063534024,96.25370875070813,,,,,60,100,-40,,,,,,,,,,,,-611.5915283010222,-687.7692518831807,-611.5915283010222,0.40643133942396453
2011-01-10,126.58,129.33,126.2,129.3,122.86163088344142,124.73936211116798,115.54202456413637,114.8299268234957,0.8130462418868318,4.0977814619323425,3.2847352200455107,0,,,69.50375303331037,68.32543152529163,,,,,,,73.78705845787951,73.78705845787951,,99.28280277294004,98.5656055458801,99.28280277294004,,,,60,100,-40,,,,,,,,,,,,-697.6657958826545,-759.9930242680571,-697.6657958826545,0.44257098054241084
2011-01-18,129.17999,129.64,127.13,128.37,122.87437153462417,125.46548968893438,116.04508242436631,114.96465391977932,0.7189693495954042,4.183446907039766,3.464477557444362,0,,,68.63774563351336,68.75862383596186,,,68.75862383596186,,68.75862383596186,,70.56385454952775,,,95.57265143172287,97.75882384585452,,,,,60,100,-40,,,,,,68.75862383596186,,105,,,,-607.1811057221719,-665.4488380375012,-607.1811057221719,0.38943884196947726
2011-01-24,128.285,130.35001,127.50999,127.72,122.9747735678653,125.9163917511475,116.50292232929313,115.09157278624917,0.549247752670925,4.151037248283018,3.601789495612093,0,,,66.63032046033324,68.25727304238565,,,,,,,68.30467611230375,,,86.94800076269044,91.82062013574303,,,,,60,100,-40,,,,,,,,,,,,-568.6027228635952,-620.8217765761375,-568.6027228635952,0.3092456489570269
2011-01-31,128.07001,131.2,127.75,131.14999,124.87084831301777,126.963111400918,117.07731713990908,115.25135803215714,0.600134190396036,4.351957233607138,3.7518230432111017,0,,,66.89531402078286,67.38779337154315,,,,,,,73.20823282073653,,,83.65967084081491,85.69530052221474,,83.65967084081491,,,60,100,-40,,,,,,,,,,,,-590.6749550702143,-646.1269081077489,-590.6749550702143,0.3712259301663462
2011-02-07,131.44,133.28,131.3,133.11,126.78222557637366,128.1924891207344,117.70604980108912,115.42905596218543,0.6914474025269799,4.616132296369827,3.924684893842847,0,,,70.10086549388211,67.87549999166608,,,,,,,75.54989516987024,,,86.10827851939138,83.97899489695892,,,,,60,100,-40,,,,,,67.87549999166608,,,,,,-658.734054148357,-714.10383390634,-658.734054148357,0.3504964664586583
2011-02-14,133.03,134.69,132.3167,134.53,128.34992232091838,129.4599912965875,118.36581255398758,115.6191151068403,0.7672744190569265,4.8837779176640055,4.116503498607079,0,,,72.16204258029347,69.71940736498614,,,,,,,77.1194670594177,77.1194670594177,,94.67604039672466,89.80342102367206,94.67604039672466,,,,60,100,-40,,,,,,,,,,,,-738.0551352122922,-795.1758641051873,-738.0551352122922,0.3874716108692764
2011-02-22,133.12,134.56149,129.7,132.33,128.45231358370992,130.03399303727,118.91342774794886,115.78539256846378,0.5966512940723145,4.862317616197473,4.265666322125158,0,,,68.32166069335942,70.194856255845,,,70.194856255845,,70.194856255845,,69.61843244512445,,,89.65507628907906,91.7740936224398,,,,,60,100,-40,,,,,,70.194856255845,,105,,,,-674.7723833555118,-729.6893433587895,-674.7723833555118,0.34390199756280837
2011-02-28,132.82001,133.69,130.35001,132.47,128.1919354705878,130.521194429816,119.44505803234303,115.95140856280742,0.42847578541607056,4.801261053895246,4.372785268479175,0,,,64.11184084874033,68.19851470746441,,,,,,,69.82079604248081,,,77.27723885040655,85.40979910657717,,,,,60,100,-40,,,,,,,,,,,,-626.6319500181461,-674.2912809299187,-626.6319500181461,0.3343263257992369
2011-03-07,132.86,133.15939,129.49001,130.84,128.1675129369744,130.5849555438528,119.89191850166291,116.0995537512372,0.1567165853728527,4.568681000195241,4.411964414822388,0,,,57.21530747661856,63.216269672906094,,,,,,,64.40958595283288,,,49.98768643226077,64.16402760361895,,,,,60,100,-40,,,,,,,,,,,,-483.60795910575587,-543.5110480335699,-483.60795910575587,0.280657301502272
2011-03-14,129.99001,130.48,125.28,127.75999,128.0977791557619,130.01996243508225,120.20047032512711,116.21557799251842,-0.25861423886588764,4.0886966162400284,4.347310855105916,0,,,40.5510281581194,53.95939216115943,,,,,,,55.59026807248995,,,27.45397262375706,39.96599227566316,,,,,60,100,-40,,,,,,,,,,,,-399.3156029047094,-463.7817665729208,-399.3156029047094,0.26399645789798604
2011-03-21,129.35001,131.87,128.32001,131.3,127.76293778749321,130.2759699480658,120.63574599865154,116.36567174383664,-0.31909700260871343,3.948439601845024,4.2675366044537375,0,,,36.700585618882506,44.82230708454015,,,,,,,62.05885464252088,,,15.266109705920023,20.3213794111484,,15.266109705920023,,,60,100,-40,,,,,,,,,,,,-450.34912964930766,-506.73053628693515,-450.34912964930766,0.2436861603068378
2011-03-28,131.58,133.77,130.44,133.14999,127.65915508838656,130.85077395845263,121.1265006653711,116.53267988568902,-0.2611231117530668,3.9411327147624036,4.20225582651547,0,,,40.43964366062264,39.23041914587484,,,,,,,64.94923958240457,64.94923958240457,,20.854574351221494,16.715485418746397,,,,,60,100,-40,,,,,,39.23041914587484,,,,,,-562.1038333494336,-617.3249842347651,-562.1038333494336,0.3169999518005019
2011-04-04,133.42999,134,132.31,132.86,127.67421543921608,131.25261916676212,121.58663789418007,116.69514078234883,-0.2679153436629136,3.8673616469368284,4.135276990599742,0,,,44.10663331154227,40.41562086368247,,,,,,,64.11974645458213,,,31.514023549767458,24.558137595980785,,,,,60,100,-40,,,,,,,,,,,,-494.4485909222638,-560.5386234648079,-494.4485909222638,0.27179524118324283
2011-04-11,133,133.45,130.27,132.03999,127.92248576498636,131.4100933334097,121.9965732708789,116.84782584919112,-0.3481596714882418,3.70007740123944,4.048237072727682,0,,,41.408640176339446,41.984972382834776,,,,,,,61.705611121847866,,,35.85293598563452,33.792361189629936,,,,,60,100,-40,,,,,,41.984972382834776,,,,,,-447.27611984548855,-515.8952373802973,-447.27611984548855,0.28616096843615696
2011-04-18,130.59,133.84,129.50999,133.78,127.94016535320164,131.88407466672774,122.45866843672678,117.0163051939753,-0.30606778772445997,3.665652338072107,3.971720125796567,0,,,40.88942017840751,42.13489788876307,,,,,,,64.75596445669123,,,37.78373274393496,37.987721443265784,,,,,60,100,-40,,,,,,,,,,,,-463.225916237218,-524.8233760384251,-463.225916237218,0.2697289102186159
2011-04-25,133.67999,136.57001,133.2,136.42999,129.6922849708301,132.7932577333822,123.0065633999924,117.20947618707007,-0.13073407456315733,3.80830253259262,3.9390366071557774,0,,,51.08924349814002,44.462434617628986,,,,,,,68.84980041131344,68.84980041131344,,42.5997723808357,40.17319989697866,,,,,60,100,-40,,,,,,44.462434617628986,,,,,,-531.7302951031784,-589.4009440314387,-531.7302951031784,0.2668448452382902
2011-05-02,137.07001,137.17999,133.02,134.2,129.6921196157708,133.07460618670575,123.44552169803191,117.37853612550718,-0.19220920070404723,3.6987751062757184,3.8909843069797656,0,,,53.84354901498701,48.60740423051151,,,,,,,62.25722164145552,,,44.38632478005644,42.84468461735244,44.38632478005644,,,,60,100,-40,,,,,,,,,,,,-465.96115053896403,-520.4189542075408,-465.96115053896403,0.25167849137918474
2011-05-09,134.19,136.11,133.39,134.03999,129.57911178607287,133.2676829493646,123.86099104320714,117.54432173619865,-0.2663495204772106,3.5580474063832526,3.824396926860463,0,,,53.31958720865755,52.75079324059485,,,52.75079324059485,,52.75079324059485,,61.797253101210664,,,42.69177383149959,44.08446436761309,,,,,60,100,-40,,,,,,,,,,106,,-435.7863958955161,-487.6155079879879,-435.7863958955161,0.20149155291796186
2011-05-16,133.56,135.03,132.12,133.61,129.67988880135337,133.3361463594917,124.24330511994411,117.70417923136085,-0.3611640086232719,3.3729419160813734,3.7341059247046453,0,,,47.695092539743385,51.61940958779598,,,,,,,60.496068597226575,,,33.28113807626818,38.44733109767072,,,,,60,100,-40,,,,,,51.61940958779598,,,,,,-354.7343239145131,-417.13996108108097,-354.7343239145131,0.1922809841420683
2011-05-23,131.98,133.87,131.38,133.50999,129.7463246012567,133.37091508759335,124.60670452700512,117.86145098030254,-0.4420846142999455,3.1815001568297134,3.623584771129659,0,,,38.68388816442309,46.566189304274666,,,,,,,60.1768074770422,,,30.42224558482136,32.56462987997361,,,,,60,100,-40,,,,,,,,,,,,-335.6917195664198,-399.4781499754299,-335.6917195664198,0.21001794605711033
2011-05-31,134.77,134.9234,130.08,130.42,129.86801498688124,132.78073207007466,124.83467689849512,117.9864116670657,-0.699860749950564,2.748758833691454,3.448619583642018,0,,,24.110233549067573,36.82973808441134,,,,,,,51.142823171978996,,,21.705591984804773,24.951497578536067,,,,,60,100,-40,,,,,,,,,,,,-231.9295887361617,-292.3003045253517,-231.9295887361617,0.12612203701409613
2011-06-06,130.09,130.36,127.25999,127.60001,129.64481320210402,131.74458765605974,124.94312133384825,118.08206936192076,-1.0361475610950186,2.153435132273245,3.1895826933682634,0,,,-0.8400639363029541,20.651352592395895,,,,,,,44.53306758713206,,,14.937243007888949,19.15350842413012,,,,,60,100,-40,,,,,,,,,,,,-77.94239078413227,-162.79115824801505,-77.94239078413227,0.07904233398308083
2011-06-13,127.89,129.77,126.32001,127.05,129.67803868766802,130.80567012484778,125.02574402663852,118.17130250259817,-1.2567882219110045,1.618597415979508,2.8753856378905125,0,,,-17.682402302561584,1.862589103401002,,,,,,,43.349296098139675,,,4.863443997120202,9.726887994240412,,,,,60,100,-40,,,,,,,,,,,,1.6834984493463878,-101.37458402110323,1.6834984493463878,0.07835781421827334
2011-06-20,126.62,129.81,126.19,126.81,129.66746520997742,130.00653609987822,125.09571484912328,118.25725969162704,-1.370729179567987,1.1619741634305285,2.5327033429985155,0,,,-28.020115819688332,-15.514194019517632,,,,,,,42.81133998425646,,,1.7868295986079539,3.573659197215917,,1.7868295986079539,,,60,100,-40,,,,,,,,,,,,-14.986228541443865,-112.94284147181176,-14.986228541443865,-0.00583342700393522
2011-06-27,126.89,134.10001,126.64,133.92,129.6333598378362,130.78922887990257,125.44176524719688,118.4131078538994,-0.939635858992721,1.3581585192576142,2.297794378250335,0,,,-18.94195515932651,-21.548157760525484,,,,,,,59.10062264588555,,,13.728242006999858,6.864121003499924,,,,,60,100,-40,,,,,,-21.548157760525484,,,,,,-124.98873244299955,-224.22596120420965,-124.98873244299955,0.017817831204722898
2011-07-05,133.78,135.7,133.11,134.39999,129.05311770656218,131.51138110392205,125.79306817867936,118.57218130808945,-0.6104943651989099,1.5346764217516977,2.1451707869506076,0,,,-1.7695624427937169,-16.24387780726953,,,,,,,59.935224692289154,,,31.58991966614675,20.94305058569832,,,,,60,100,-40,,,,,,,,,,,,-160.44532654427235,-244.36669553071698,-160.44532654427235,-0.011581115879899746
2011-07-11,132.75,133.22,130.67999,131.69,129.21003715609345,131.54710488313765,126.02432040696645,118.70270686721294,-0.5646940733582992,1.4393031952527338,2.003997268611033,0,,,0.6199012170312783,-6.697205461696327,,,,,,,53.28460512708982,,,47.37324930904808,39.39391259379778,,,,,60,100,-40,,,,,,,,,,,,-140.3643580816774,-218.118205434223,-140.3643580816774,-0.02768474119321232
2011-07-18,131.08,134.82001,129.63,134.58,127.3443295020868,132.1536839065101,126.35983725375208,118.86068988345957,-0.3402221534290355,1.5787195768247386,1.9189417302537741,0,,,7.916049625657717,2.255462799965084,,,,,,,58.592813373093435,,,52.67756615367645,50.736126769561615,52.67756615367645,,,,60,100,-40,,,,,,,,,,,,-173.02538388500878,-245.73307717345523,-173.02538388500878,0.0009166837156054668
2011-07-25,133.3,134.49001,127.96671,129.33,127.11973310908058,131.58894712520808,126.47631422419317,118.96486212342515,-0.5342298557916565,1.2511544105142036,1.7853842663058601,0,,,0.3127747044996232,2.949575182396199,,,,,,,47.884794600029394,,,44.16480539269539,49.57530058687011,,,,,60,100,-40,,,,,,2.949575182396199,,,,,,-70.6571322695526,-157.41797223282697,-70.6571322695526,-0.017190799810992988
2011-08-01,130.84,130.96001,116.86,120.08,126.70785360128912,129.28715770016646,126.22547837226404,118.97595802269456,-1.2344153111346419,0.24236512738755778,1.4767804385221996,0,,,-27.253351505550253,-6.341509058464304,,,,,,,35.501081295549625,,,32.65456123659698,39.67060955237648,,,,,60,100,-40,,,,,,,,,,,,251.2805281430933,115.74893180950525,251.2805281430933,-0.07894306000861859
2011-08-08,116.91,120.1218,110.27,118.12,125.25586262976847,127.05372616013317,125.90761647531251,118.96744102744387,-1.747114045760999,-0.7071121186790492,1.0400019270819498,0,,,-48.986679738547295,-25.309085513199307,,,,,,,33.51166482674891,,,14.585290784439536,23.390851172054308,,,,,60,100,-40,,,,,,,,,,,,251.04770484434908,128.3400351168679,251.04770484434908,-0.011350437126985377
2011-08-15,119.19,121.2,112.5,112.64,124.51447244192786,124.17098092810653,125.38731779000614,118.90448141523049,-2.336079371522991,-1.8800972873217887,0.455982084201202,0,,,-59.41495436670763,-45.218328536935054,,,,,,,28.648943975019847,,28.648943975019847,5.2363738862737,10.472747772547413,,5.2363738862737,,,60,100,-40,,,,,,,,,,,,459.0390312362856,319.5509378228919,459.0390312362856,-0.1085988868045952
2011-08-22,115.17,119.39999,112.41,117.97,123.99058155321873,122.93078474248523,125.09644258255491,118.89518309269089,-2.246779240186975,-2.3524919660325168,-0.10571272584554181,0,,,-62.32100259870644,-56.90754556798712,,,,,,,38.11137877063313,,,7.7768292833759975,5.333347240894187,,,,,60,100,-40,,,,,,,,,,,,458.3046619205973,323.26894912782063,458.3046619205973,-0.05482759097179896
2011-08-29,119.56,123.50999,117.42999,117.85001,123.74839858513168,121.91462979398818,124.81226875578805,118.8847833604253,-2.0797214862380606,-2.7053645836431173,-0.6256430974050569,0,,,-58.49283569982422,-60.0762642217461,,,,,,-60.0762642217461,37.98851191985054,,,15.40374048601025,10.256948074469575,,,,,60,100,-40,,,,,,-60.0762642217461,-107,,,,,448.6129052077615,322.67459474094414,448.6129052077615,-0.10486120066191587
2011-09-06,114.39,120.94,114.38,115.92,123.65351297190799,120.71570383519055,124.46355233399244,118.85528302848077,-1.9834553462744138,-3.104962280248074,-1.1215069339736603,0,,,-58.50221939479848,-59.77201923110971,,,,,,,35.967949117399144,,,24.22913021492805,19.807276163316207,,,,,60,100,-40,,,,,,,,,,,,517.9560133518048,382.18830478804523,517.9560133518048,-0.15472207606728078
2011-09-12,114.47,121.97,114.05,121.521,123.49683347391456,120.87676306815244,124.34815812481627,118.88180757546107,-1.4514742882910376,-2.9358497943374573,-1.4843755060464197,0,,,-53.69273622395613,-56.895930439526275,,,,,,,45.1414031070691,,,32.332113876375175,28.46643622921029,,,,,60,100,-40,,,,,,,,,,,,432.8731018332948,305.4267948265824,432.8731018332948,-0.11595586689767337
2011-09-19,119.53,121.99001,111.3,113.53999,123.15705965434924,119.40940845452195,123.9243083944313,118.82865516177489,-1.5377468316521568,-3.4065590456116155,-1.8688122139594587,0,,,-55.715867033657226,-55.97027421747061,,,,,,,36.96625979133786,,,34.01018619811181,33.2172870465759,,,,,60,100,-40,,,,,,,,,,,,522.3507196817867,353.53101394902194,522.3507196817867,-0.13445820850419418
2011-09-26,114.61,119.56,112.98,113.14999,122.44583967903858,118.15752476361756,123.50178610445361,118.77215103081195,-1.5190608451916883,-3.767638270449069,-2.248577425257381,0,,,-56.340581484446346,-55.24972824735323,,,,,,,36.61522441985386,,,35.33131296766551,35.4158757021297,,,,,60,100,-40,,,,,,-55.24972824735323,,,,,,630.1051342850983,421.0708295946543,630.1051342850983,-0.16920132556589093
2011-10-03,112.49001,117.245,107.42999,115.71001,122.37256541625011,117.66802181089405,123.19622625722013,118.74168196582875,-1.243842804355074,-3.8033809307012234,-2.5595381263461494,0,,,-58.42183867011355,-56.8260957294057,,,,,,-56.8260957294057,40.62473865728637,,,31.908730490893575,33.46682414115905,,31.908730490893575,,,60,100,-40,,,,,,,,,-106,,,557.3587462332622,373.60340603198983,557.3587462332622,-0.12037066206705521
2011-10-10,117.67999,122.60001,117.67,122.57001,116.59238074366083,118.64841944871523,123.171668756937,118.77977478208916,-0.5450131787468235,-3.240804599779679,-2.6957914210328555,0,,,-42.765458341557235,-52.509292832039044,,,,,,,49.83640716193679,,,40.794090208574374,36.79639187274454,,,,,60,100,-40,,,,,,-52.509292832039044,,,,,,450.5662469181236,290.2209685716281,450.5662469181236,-0.0963525782593685
2011-10-17,121.99001,124.12,119.2,123.97,111.15792497625647,119.71273555897218,123.20297586450809,118.83141881410818,0.03549129039866239,-2.6514273080345276,-2.68691859843319,0,,,-27.37664781494014,-42.85464827553698,,,,,,,51.4999643996436,,,53.43459369259972,45.50290319255794,,,,,60,100,-40,,,,,,,,,,,,359.55420202391934,218.3626106495139,359.55420202391934,-0.02401801578700959
2011-10-24,124.17,129.42,122.21001,128.60001,116.000226049381,121.49019044717775,123.41462426197836,118.9286187264056,0.7174522789560873,-1.790103249738081,-2.5075555286941684,0,,,-8.389209109729364,-26.17710508874224,,,,,,,56.650499098743985,,,72.24542034663433,62.66222835757859,,,,,60,100,-40,,,,,,,,,,,,265.9988925650249,139.56940871323866,265.9988925650249,0.0413117351808616
2011-10-31,127.16,128.6239,121.52,125.481,115.87021204585379,122.2883523577422,123.49565860464588,118.99381655002345,0.9310951542884589,-1.343686585833595,-2.274781740122054,0,,,1.9535464049162616,-11.270770173251075,,,,,,,52.575821326108574,,,82.04262091763557,76.82003459090068,,,,,60,100,-40,,,,,,,,,,,,217.6354575532022,100.55678894719527,217.6354575532022,0.07196242655196852
2011-11-07,125.39,128.02,122.86,126.66,115.76464047114995,123.16268188619375,123.61975042407154,119.07009698236153,1.1121725995950231,-0.8845659906282748,-1.996738590223298,0,,,10.486391552807696,1.35024294933154,,,,,,,53.93270126358215,,,89.84256394824735,87.19473686913881,89.84256394824735,,,,60,100,-40,,,,,,,,,,,,194.42901072534727,75.00100913861431,194.42901072534727,0.11728934757354613
2011-11-14,126.19,127.45,121.23,121.979,115.94430972321067,122.925945508955,123.55540727018638,119.09904129099475,0.8868399090640051,-0.8881887038932916,-1.7750286129572967,0,,,11.53959415418109,7.993177370635024,,,,,,,48.02285091145331,,,85.13919237312956,87.50849575449637,,,,,60,100,-40,,,,,,,,,,,,225.44191786619322,90.45537111341173,225.44191786619322,0.05233131131227387
2011-11-21,120.2,120.35001,116.2,116.34,115.95971688583847,121.608756407164,123.27245012233594,119.07158814382068,0.3554309213656073,-1.3307399612502877,-1.686170882615895,0,,,-2.2892198125108756,6.578921964825979,,,,,,,42.01457527227931,,,71.79139640796423,79.71076820876176,,,,,60,100,-40,,,,,,6.578921964825979,,,,,,319.9070237087035,180.37257636551868,319.9070237087035,0.02677774475748667
2011-11-28,119.53999,126.5,118.82001,124.86,116.03702353685001,122.25900512573119,123.33470698028356,119.12918428169311,0.5628207805610352,-0.9826449069146008,-1.545465687475636,0,,,2.6918728380142882,3.9807490598948427,,,,,,,51.87079174872394,,,64.0806961739054,68.70082648668505,,,,,60,100,-40,,,,,,,,,,,,253.56029212530288,127.5775624808789,253.56029212530288,0.05733839715877651
2011-12-05,126.84,127.25999,123.64999,126.05,115.48295114136073,123.01720410058495,123.44118905948812,119.19804811968622,0.7533374667735491,-0.6037938540086998,-1.3571313207822489,0,,,12.180555920497913,4.194402982000441,,,,,,,53.07760761351122,,,63.00453919515001,62.33541721464811,,63.00453919515001,,,60,100,-40,,,,,,4.194402982000441,,,,,,222.00387537524784,92.56346021162818,222.00387537524784,0.04175924992732565
2011-12-12,124.95,125.57001,121.3,121.59,115.90416963126353,122.73176328046796,123.36859341009644,119.22184863590824,0.5610043665018147,-0.6558758626549803,-1.216880229156795,0,,,10.542761177067637,8.471729978526612,,,,,,,48.17318734040888,,,69.54643598942138,65.5567747539051,,,,,60,100,-40,,,,,,,,,,,,257.0940798524755,100.27919471860486,257.0940798524755,0.028806285975290207
2011-12-19,122.06,126.42999,120.03,126.39,116.13244394331613,123.46341062437436,123.48707994303383,119.29317352510319,0.7284637805470839,-0.30630050347294,-1.034764284020024,0,,,14.648122819256375,12.457146638940642,,,,,,,53.213582819500935,,,73.2260280134928,70.91545360689379,,,,,60,100,-40,,,,,,,,,,,,220.34970169747993,61.1375229515858,220.34970169747993,0.10429078818466796
2011-12-27,126.17,126.82001,124.73,125.5,116.10870009022213,123.87072849949949,123.5660179844835,119.35493299251509,0.7478728495976693,-0.09992322202293735,-0.8477960716206067,0,,,22.33192016756772,15.840934721297245,,,,,,,52.19395610805851,,,74.19707324616172,74.36671153433822,,,,,60,100,-40,,,,,,,,,,,,214.8315741161199,42.74888241493386,214.8315741161199,0.0408778253536049
2012-01-03,127.75999,128.38,126.42999,127.71001,116.70236365520626,124.6385847995996,123.72852747528806,119.43806808711693,0.8696002176538511,0.2392042004467072,-0.6303960172071439,0,,,32.544484972483104,23.1748426531024,,,,,,,54.53732175481671,,,80.52923852160419,77.65562860532134,,,,,60,100,-40,,,,,,,,,,,,169.40765154955267,14.976358339491327,169.40765154955267,0.12223624584562832
2012-01-09,128,129.7,127.41,128.84,117.38075696554867,125.47886783967968,123.92897737821794,119.53161964843915,0.9781712154390082,0.5923180020916163,-0.38585321334739187,0,,,41.20312223989413,32.026509126648314,,,,,,,55.73908820883588,,,84.12100275190969,81.41807222492291,,,,,60,100,-40,,,,,,,,,,,,125.87898763145216,-8.655706813143453,125.87898763145216,0.09525859360098361
2012-01-17,130.08,131.95,128.89571,131.53999,120.57212146800947,126.69109227174374,124.22744846142507,119.65110592059398,1.170768866240624,1.077607869453388,-0.09316099678723594,0,,,50.37470634298283,41.37410451845336,,,,,,,58.57368337485456,,,90.93146859417723,88.02242972628449,,,,,60,100,-40,,,,,,,,,,,,57.53735351664268,-53.445578301662806,57.53735351664268,0.16530854118118574
2012-01-23,131.50999,133.39999,130.60001,131.82001,121.19127493458024,127.71687581739499,124.52519597274173,119.77218954327464,1.2488312572014386,1.4678780747145623,0.21904681751312377,0,,,56.7517182963409,49.44318229307262,,,,,,,58.86963602985975,,,95.45780255053074,92.89501146050696,,,,,60,100,-40,,,,,,,,,,,,-3.833074395474192,-97.36456406499684,-3.833074395474192,0.1912156324021615
2012-01-30,130.50999,134.62,130.06,134.53999,124.27045315353878,129.081498653916,124.91793299341852,119.91913283140126,1.4038792146454004,1.9738958358198744,0.5700166211744739,0,,,61.1803868839426,56.10227050775544,,,,,,,61.745493077262594,,,98.64351685043741,97.28703370087482,,,,,60,100,-40,,,,,,,,,,,,-208.59069723266066,-293.29827968954294,-208.59069723266066,0.16861808682947857
2012-02-06,133.98,135.59,133.64,134.36099,124.352562928286,130.1373969231328,125.28824895446093,120.06283290273059,1.4108465078090493,2.3335747559357856,0.9227282481267363,0,,,64.77713266776688,60.90307928268346,,,,,,,61.43922628759392,,,99.35897430730626,99.18463556379174,,,,,60,100,-40,,,,,,,,,,,,-196.11966137217695,-273.60768338235334,-196.11966137217695,0.2133887520524127
2012-02-13,135.32001,136.6275,134.25,136.41,126.67167486197987,131.39191753850625,125.72439605428599,120.2254912818079,1.463605260966638,2.7522348243350336,1.2886295633683957,0,,,67.22543103681755,64.39431686284235,,,,,,,63.6736695219311,,,99.6110942090173,99.68887536721384,,,,,60,100,-40,,,,,,,,,,,,-255.00699566814475,-323.86083185828903,-255.00699566814475,0.32467800342814235
2012-02-21,136.73,137.2,135.5,136.92999,127.54761665755274,132.499532030805,126.16383111098065,120.39170519940185,1.4413851763230525,3.0903610337722114,1.6489758574491589,0,,,68.14866523339155,66.71707631265866,,,,,,,64.24330105773458,,,99.53331305082077,99.53331305082077,,,,,60,100,-40,,,,,,,,,,,,-291.3693600921184,-351.34068061132734,-291.3693600921184,0.3011216777643366
2012-02-27,136.02,138.19,135.8,137.312,128.35693903915612,133.462025624644,126.60101420466769,120.56006634169637,1.3612438526484993,3.350530673259783,1.9892868206112837,0,,,67.82678048123037,67.73362558381315,,,67.73362558381315,,67.73362558381315,,64.6840439416128,,,99.84443768360691,99.68887536721384,,,,,60,100,-40,,,,,,,,,,,,-264.7567491662787,-324.7332841365406,-264.7567491662787,0.25548048127477246
2012-03-05,137.10001,137.92999,134.36,137.57001,128.9131676792164,134.28362249971522,127.03117090252385,120.72931951242576,1.2379838186795724,3.536766593960749,2.2987827752811767,0,,,65.00834449896502,66.99459673786231,,,,,,,64.99970680148053,,,99.92221884180347,99.84443768360693,,,,,60,100,-40,,,,,,66.99459673786231,,105,,,,-309.34643113604625,-365.69086883898774,-309.34643113604625,0.22725075581842813
2012-03-12,137.55,140.78,137.09,140.3,131.75150498784382,135.48689799977217,127.55151714164056,120.9240526516056,1.2490936801674297,3.860149875490464,2.6110561953230342,0,,,66.6630187427494,66.49938124098159,,,,,,,68.25244715486963,68.25244715486963,,100,100,100,,,,60,100,-40,,,,,,66.49938124098159,,,,,,-359.46526183858333,-413.74707450462637,-359.46526183858333,0.2052410989836484
2012-03-19,140.21001,141.28,138.55,139.64999,131.83496891728353,136.31951639981773,128.02596705765467,121.1103803864155,1.125290950786265,4.0176698838058655,2.8923789330196006,0,,,66.64600739146864,66.10579021106102,,,,,,,66.65462265033617,,,98.0110950292902,99.0055475146451,,,,,60,100,-40,,,,,,,,,,,,-336.8352142315682,-386.70215186742155,-336.8352142315682,0.1976001353703724
2012-03-26,140.64999,141.83,139.09,140.81,132.5596139946204,137.21761311985418,128.5273016828447,121.30639650197355,1.036364048951543,4.187833994209029,3.151469945257486,0,,,66.24344300532273,66.51748971318025,,,66.51748971318025,,66.51748971318025,,68.09848553299733,,,97.47212366607943,97.99022246902355,,,,,60,100,-40,,,,,,66.51748971318025,,105,,106,,-347.41062982582855,-404.5744878915267,-347.41062982582855,0.17898190575252226
2012-04-02,140.64,142.21001,139.25999,139.78999,132.7574987092904,137.73208849588335,128.96897573449783,121.49031285518774,0.8324724685265346,4.192060530915654,3.3595880623891197,0,,,64.02348976284574,65.63764671987903,,,,,,,65.40087840927052,,,92.94909617072265,94.96721493712899,,,,,60,100,-40,,,,,,,,,,,,-290.60869713022333,-352.8336719112491,-290.60869713022333,0.2176598341345053
2012-04-09,138.03,139.84441,135.75999,137.14,132.91124594434106,137.61367079670669,129.28940805863516,121.64603113523562,0.46129269954069674,3.936203936814991,3.474911237274294,0,,,54.260877045147076,61.50926993777184,,,,,,,58.840627452433786,,,78.56365927166671,86.25308020269627,,,,,60,100,-40,,,,,,,,,,,,-249.58893401563728,-316.8639133819311,-249.58893401563728,0.2466339780132193
2012-04-16,137.84,139.36,136.58,137.95,132.89195409117386,137.68093663736533,129.62903911515926,121.80825968115367,0.22447489097172957,3.755504850988956,3.5310299600172264,0,,,47.28598162891784,55.190116145636864,,,,,,,60.1638034918574,,,57.256217148223136,69.07941251034994,,,,,60,100,-40,,,,,,,,,,,,-226.0273096491578,-290.1613836761254,-226.0273096491578,0.20739329947067325
2012-04-23,136.53999,140.78999,135.94,140.39,133.0603859418043,138.22274930989227,130.05103758123144,121.99315261964965,0.18779810535603092,3.765777591712265,3.577979486356234,0,,,45.312649213825374,48.95316929596341,,,,,,,63.94619832420693,63.94619832420693,,44.90715855891065,51.5303943111387,,,,,60,100,-40,,,,,,,,,,,,-285.8405260765836,-347.40476846228444,-285.8405260765836,0.23024533217373247
2012-04-30,140.11,141.66,136.92,137,132.92107408881827,137.97819944791382,130.32354591137923,122.14247448413074,-0.09399651666773767,3.4604838405215617,3.5544803571892993,0,,,41.06435571212416,44.554328851622444,,,,,,,55.95036233995356,,,32.61328142752526,37.23587686195736,,,,,60,100,-40,,,,,,,,,,,,-197.50588497175022,-268.78571965095995,-197.50588497175022,0.2573888142691164
2012-05-07,136.50999,137.56,134.49001,135.61,132.80742593961696,137.50455955833107,130.53085783642317,122.27647971314437,-0.38680454539009546,3.07097467545168,3.4577792208417755,0,,,24.993389744848013,37.12346489026583,,,,,,,53.00625604965673,,,24.48655939669638,28.81193189829213,,,,,60,100,-40,,,,,,,,,,,,-126.14117861325016,-204.46104335078545,-126.14117861325016,0.18093411187383499
2012-05-14,134.31,135.6144,129.55,129.74001,132.94046837250147,135.95164964666486,130.49984419577913,122.35074369609815,-0.9561869732830841,2.26254550423792,3.218732477521004,0,,,0.7656056154877433,22.274450357486625,,,,,,,42.721733863357194,,,8.025312148032297,16.050624296064594,,,,,60,100,-40,,,,,,,,,,,,61.339035680068044,-61.83176274155173,61.339035680068044,0.10541935902086437
2012-05-21,130.16,133.23,129.95,132.10001,132.63623491732278,135.18132171733188,130.56259579594465,122.44775132101259,-1.141674830138097,1.791638939848383,2.93331376998648,0,,,-13.662206702548644,4.032262885929022,,,,,,,47.184983297384214,,,7.409444512726262,8.745018980138289,,,,,60,100,-40,,,,,,,,,,,,70.18648373823751,-43.31689678854232,70.18648373823751,0.10869434273855509
2012-05-29,133.16,133.92999,128.16,128.16,132.72150528037116,133.77705737386552,130.46837635296643,122.5045896163259,-1.4762712395327497,1.0879747205705428,2.5642459601032925,0,,,-26.33488158275786,-13.077160889939606,,,,,,,41.35653594713616,,,5.061558371095197,4.049246696876158,,5.061558371095197,,,60,100,-40,,,,,,,,,,,,176.51621396764887,50.92253899119264,176.51621396764887,0.04574997340579235
2012-06-04,128.39,133.53,127.13499,133.10001,132.47497061748751,133.64164789909242,130.57157767245795,122.61001668482017,-1.3167190524437387,0.9183471445486191,2.2350661969923578,0,,,-31.18237726647517,-23.726488517260577,,,,,,,49.78212068858446,,,13.324902978583957,9.699386511949095,,,,,60,100,-40,,,,,,,,,,,,132.60417506444003,17.118440992794,132.60417506444003,0.0679433947972133
2012-06-11,134.17,134.25999,131.16,134.14,132.15675700195268,133.74131831927394,130.7115158029498,122.72474288696127,-1.1016971837993605,0.8579447172431571,1.9596419010425177,0,,,-28.37871639557562,-28.63199174826957,,,,,,,51.37542842286625,,,19.690638614143282,15.601391679704903,,,,,60,100,-40,,,,,,-28.63199174826957,,,,,,100.31250687090545,-16.90309373316854,100.31250687090545,0.12898763827106072
2012-06-18,133.58,136.25,132.33,133.46001,131.91199007324178,133.68505665541915,130.81929988910863,122.83156146520045,-0.97043390972433,0.7465995138871051,1.717033423611435,0,,,-22.540916837390398,-27.36733683314708,,,,,,,50.24620461205961,,,30.281588911081908,25.323370703991074,,,,,60,100,-40,,,,,,,,,,,,67.52841471255898,-46.55707669077426,67.52841471255898,0.059592853177560426
2012-06-25,132.05,136.27,130.85001,136.105,131.95756221086737,134.16904532433531,131.0265822463985,122.96363548047209,-0.6841456667617156,0.8618513401592907,1.5459970069210063,0,,,-15.790124128336059,-22.23658578710071,,,,,,,54.46380051119075,,,37.270257565534564,33.39005194945588,,,,,60,100,-40,,,,,,,,,,,,-35.658569780633584,-149.91033547426983,-35.658569780633584,0.11815967873367272
2012-07-02,136.48,137.8,134.85001,135.49001,131.7855949100911,134.43323825946825,131.20161862889267,123.08827602295496,-0.5221834807274095,0.8932676560117443,1.4154511367391538,0,,,-2.8874473614703113,-13.739496109065607,,,,,,,53.325184611549226,,,42.82082281457683,40.50797898223491,,,,,60,100,-40,,,,,,,,,,,,-56.44792072960932,-156.29027447894805,-56.44792072960932,0.05970896847466288
2012-07-09,135.38,136.23,132.60001,135.75,131.9787681307989,134.6965906075746,131.37998652579884,123.21426332620914,-0.3896074427348961,0.9284418333205338,1.3180492760554299,0,,,0.7068009550043399,-5.99025684493403,,,,,,,53.76783841103854,,,49.09628039893617,46.11917265660108,,,,,60,100,-40,,,,,,,,,,,,-106.18466241513491,-202.41931548277566,-106.18466241513491,0.06957033727483741
2012-07-16,135.44,138.17999,134.55,136.47,128.67100040717042,135.05127248605967,131.57959489733614,123.34616120356029,-0.2521551703095586,1.0028553131684816,1.2550104834780402,0,,,11.587244313550855,3.1355326356949402,,,,,,,55.046864879024064,,,53.22117871441988,50.91235305425744,,,,,60,100,-40,,,,,,,,,,,,-63.24199652147399,-168.34307630408918,-63.24199652147399,0.059781461669301574
2012-07-23,134.47,139.07001,133.03,138.675,130.4223589495154,135.77601798884774,131.85784607783276,123.49868696272884,-0.02350810045162044,1.2256253579135148,1.2491334583651352,0,,,21.179677553277216,11.15790760727745,,,,,,,58.82603328431495,,,60.81695053156815,57.30932339474747,,,,,60,100,-40,,,,,,,,,,,,-79.92526988120599,-179.553426066982,-79.92526988120599,0.06915195816358098
2012-07-30,138.52,139.64,135.58,139.349,130.8229747388357,136.4906143910782,132.15161681987854,123.65640152031362,0.1526607808882443,1.4399594344754405,1.2872986535871962,0,,,32.245832645238174,21.670918170688726,,,,,,,59.941219499546904,,,72.8146089656809,66.37094999358324,,,,,60,100,-40,,,,,,,,,,,,-78.1206753573504,-164.18007587298533,-78.1206753573504,0.07341787992807706
2012-08-06,139.72,140.92,139.56,140.84,132.3429765432046,137.36049151286255,132.49233772890292,123.82738259971349,0.33849337301059323,1.7104153698504376,1.3719219968398444,0,,,45.37618410520702,32.93389810124078,,,,,,,62.382905349640644,,,85.49566065066509,78.6435417268744,,,,,60,100,-40,,,,,,,,,,,,-61.189643474195776,-147.96551662335162,-61.189643474195776,0.10971561478864697
2012-08-13,140.60001,142.3,140.03999,142.17999,134.06546821869,138.32439121029003,132.87224566110282,124.00999560867156,0.5102327400010271,2.0097129218411283,1.4994801818401011,0,,,54.42424841728628,44.01542172257714,,,,,,,64.49020478258144,64.49020478258144,,95.26767458537239,90.5353491707448,,,,,60,100,-40,,,,,,,,,,,,-107.33698102434201,-187.4263317827422,-107.33698102434201,0.12686814932457327
2012-08-20,141.98,143.09,140.22,141.50999,134.32221834592642,138.96151096823203,133.21098073321645,124.18412490609771,0.5347000953856063,2.167855301072109,1.6331552056865026,0,,,58.50611033835812,52.768847620283786,,,,,,,62.59093019277129,,,97.01347660593576,96.59368319658184,97.01347660593576,,,,60,100,-40,,,,,,,,,,,,-101.45752992900711,-183.34881691315275,-101.45752992900711,0.1492617474971029
2012-08-27,141.89,142.08,140.19,141.16,134.4734877497888,139.40120877458563,133.52270697897265,124.35303908613653,0.4847811887511655,2.2391316916254596,1.754350502874294,0,,,58.29546629305241,57.07527501623225,,,,,,,61.56487681119391,,,95.22126179757122,96.96894840260804,,,,,60,100,-40,,,,,,,,,,,,-110.28343357827858,-188.19448656530682,-110.28343357827858,0.1727807866042122
2012-09-04,141.03999,144.39,140.13,144.33,136.90396219623247,140.3869670196685,133.94652239156196,124.55181481662274,0.6143878698286769,2.52233534016014,1.9079474703314632,0,,,61.66441782445249,59.48866481862098,,,,,,,66.89056834957947,,,94.13352432966028,94.79347346678617,,,,,60,100,-40,,,,,,,,,,,,-191.14099110950065,-267.6136708261601,-191.14099110950065,0.21004359623015498
2012-09-10,144.19,148.11,143.46001,147.24001,139.73583203935874,141.7575756157348,134.46783563110856,124.77756800252699,0.8317312462592792,2.947611528155562,2.115880281896283,0,,,69.1387736352772,63.03288591759401,,,,,,,70.90044817397207,70.90044817397207,,95.1847285156746,94.32915185410451,,,,,60,100,-40,,,,,,,,,,,,-333.6608109077733,-411.68391249413105,-333.6608109077733,0.19731962989705976
2012-09-17,146.94,147.19,145.63,145.87,139.6075604651188,142.58006049258785,134.9149793318494,124.98744294777548,0.8176362234145342,3.137925561164451,2.3202893377499167,0,,,71.17351197660885,67.32556781211282,,,,,,,66.77577152666854,,,94.10489681416152,94.43091849952555,,,,,60,100,-40,,,,,,,,,,,,-413.9042998336327,-488.6504738588345,-413.9042998336327,0.2177450063505256
2012-09-24,145.14999,146.24001,142.95,143.97,139.92273400332462,142.85804839407027,135.2700781815808,125.17632411247423,0.6235326980086335,3.0997052102607086,2.476172512252075,0,,,66.37226627980101,68.89485063056233,,,68.89485063056233,,68.89485063056233,,61.4084111218843,,,82.75932678333587,88.83445846817848,,,,,60,100,-40,,,,,,68.89485063056233,,105,,,,-390.4671544093358,-466.1685695208646,-390.4671544093358,0.22072125838264353
2012-10-01,144.52,147.16,143.83,146.14,139.97539514594428,143.5144387152562,135.69634962544038,125.38491790239986,0.5850952926756934,3.207541628096692,2.6224463354209986,0,,,64.97200996330169,67.50592940657049,,,,,,,64.89922568903282,,,72.51048544476112,78.87101027920325,,,,,60,100,-40,,,,,,,,,,,,-419.47312633491106,-500.5015568807074,-419.47312633491106,0.32807658803407125
2012-10-08,145.60001,146.12309,142.58,142.89,140.018581921234,143.38955097220497,135.97845356169762,125.55909782376902,0.29901605953658983,2.996216409841736,2.6972003503051463,0,,,57.203012704191146,62.84909631576459,,,,,,,56.59335285218585,,,54.23126601766553,62.82417193603584,,,,,60,100,-40,,,,,,,,,,,,-327.75073972856364,-409.50127381148786,-327.75073972856364,0.276258310364237
2012-10-15,143.23,146.52,142.77,143.3896,140.025826784003,143.389560777764,136.26908675535654,125.73651575587083,0.11132566663899812,2.8363574336038937,2.7250317669648956,0,,,51.89516892943975,58.0233971989775,,,,,,,57.49917778284424,,,42.46780024479382,49.180980299800474,,,,,60,100,-40,,,,,,,,,,,,-223.61424159609754,-325.9555876639446,-223.61424159609754,0.3020038254106624
2012-10-22,143.14999,143.67,140.39,141.35001,140.00541129943136,142.9816506222112,136.46833864730334,125.8918739075537,-0.1671563742667379,2.516086299131473,2.683242673398211,0,,,36.72073700163882,48.60630621175654,,,,,,,52.64078179421968,,,22.20251094459915,31.44950054457019,,,,,60,100,-40,,,,,,,,,,,,-152.0480158513525,-263.05457172504566,-152.0480158513525,0.22305331683460092
2012-10-29,141.85001,143.72,140.67999,141.56,140.05359692090053,142.69732049776894,136.66801164152673,126.04777565971735,-0.3440024491032765,2.253239612019115,2.5972420611223916,0,,,25.51897882221123,38.044961584429906,,,,,,,53.08294224049723,,,12.907339114154501,18.631204940681084,,,,,60,100,-40,,,,,,,,,,,,-133.49383115110658,-242.49919504776466,-133.49383115110658,0.15210541641198044
2012-11-05,141.35001,143.52,137.55,138.16,140.13262499797906,141.78985639821516,136.72652098891783,126.16829530489429,-0.6774715829953988,1.7504025823781433,2.427874165373542,0,,,7.889307383831277,23.376341069227085,,,,,,,45.61316008666926,,,3.9088723681139514,6.989184842120994,,,,,60,100,-40,,,,,,,,,,,,-17.4040436690872,-132.0447959481711,-17.4040436690872,0.12426412590657736
2012-11-12,138.59,139.25,134.7,136.37,139.78743821240914,140.70588511857213,136.71253977366615,126.26980480434807,-0.9873374794579179,1.1937023160511444,2.1810397955090624,0,,,-12.111421590668886,7.098954871791187,,,,,,,42.22431452134004,,,1.8877121263604162,2.946864358613924,,1.8877121263604162,,,60,100,-40,,,,,,,,,,,,142.1239642707468,-4.40028759395819,142.1239642707468,0.04649100123995176
2012-11-19,137.89999,141.39999,136.4057,141.35001,139.66976476866563,140.8347100948577,136.89440135116945,126.41985659733963,-0.8318690775928395,1.141203448518013,1.9730725261108524,0,,,-15.829324147963147,-6.683812784933605,,,,,,,52.794716771061566,,,8.645392089104242,4.736975991605575,,,,,60,100,-40,,,,,,,,,,,,105.37415258515648,-25.418417122329444,105.37415258515648,0.10278671612476221
2012-11-26,140.64999,142.50999,139,142.155,139.4919265709038,141.09876807588617,137.1006993373981,126.57642518841088,-0.6574320879789848,1.1512824161371213,1.8087145041161061,0,,,-11.899981520548653,-13.280242419726916,,,,,,,54.260141778369274,,,20.119441764856912,13.405312902605909,,,,,60,100,-40,,,,,,-13.280242419726916,,,,,,68.9424884787644,-57.16052310008774,68.9424884787644,0.10666361421422894
2012-12-03,142.8,142.92,140.37,142.41499,138.44392395869636,141.36201246070894,137.30910289279427,126.73402284822768,-0.5135324363530649,1.1667989586747751,1.68033139502784,0,,,-5.181074134944885,-10.97012660115225,,,,,,,54.7516200140241,,,34.35716368240272,27.025426544629067,,,,,60,100,-40,,,,,,,,,,,,47.31658148262543,-70.40406435461722,47.31658148262543,0.13399514329498266
2012-12-10,142.21001,144.55,141.88,142.1051,138.62935796164663,141.51062996856714,137.4971812107239,126.88696888953885,-0.4315144200496359,1.1409383699657951,1.572452790015431,0,,,4.687402458636378,-4.131217732285741,,,,,,,54.00235543237612,,,40.160272046756866,37.2107538851995,,,,,60,100,-40,,,,,,,,,,,,50.53174848578443,-60.3305981083232,50.53174848578443,0.02910284309667013
2012-12-17,142.47,145.58,141.94,142.78999,138.784403821529,141.76650197485372,137.70474233971512,127.04520790556334,-0.3281140896005794,1.1623101780147067,1.4904242676152861,0,,,14.355426702694079,4.62058500879519,,,,,,,55.461665478233186,,,45.41564955468067,43.90749753446298,,,,,60,100,-40,,,,,,,,,,,,27.70779421564182,-72.08867117953716,27.70779421564182,-0.060569947905979304
2012-12-24,142.48,142.71001,139.87,140.03,136.03940354856266,141.41920157988298,137.79592891462826,127.17440981695077,-0.4358285104237245,0.9456386295856305,1.381467140009355,0,,,6.203233639477668,8.41535426693604,,,,,,,48.714531979442846,,,42.71840451377325,43.86760020268977,,,,,60,100,-40,,,,,,8.41535426693604,,,,,,31.76092254007056,-73.52709460143949,31.76092254007056,-0.12951447687246556
2012-12-31,139.66,146.61,139.53999,146.37,139.12767615223675,142.4093612639064,138.13216699640753,127.36541071429454,-0.08848555554431448,1.2708601955789618,1.3593457511232763,0,,,18.78749046026695,13.1153836008129,,,,,,,60.63262369809063,,,51.06130948523521,47.65390734255638,,,,,60,100,-40,,,,,,13.1153836008129,,,,,,-80.37742701266953,-168.3403501284505,-80.37742701266953,-0.10753096765446758
2013-01-07,145.85001,147.14999,144.98,147.07001,139.3349935699341,143.3414910111251,138.48267064360724,127.56147637882893,0.1661409455721885,1.5670219330885118,1.4008809875163233,0,,,34.27067287861677,19.75379899278713,,,,,,,61.69730308703863,,,62.47850084490064,55.24873053564301,,,,,60,100,-40,,,,,,,,,,,,-164.85425846491148,-245.00574101418675,-164.85425846491148,-0.06098743936621165
2013-01-14,146.89,148.49001,146.2,148.33,140.8374861720817,144.3391928089001,138.8688404222893,127.76812835515899,0.38466457431023326,1.8817117054041148,1.4970471310938815,0,,,45.93871995463227,32.99896109783867,,,,,,,63.616047849693096,,,83.05674182665524,72.5726166088457,,,,,60,100,-40,,,,,,,,,,,,-239.4262114712912,-317.73196992069825,-239.4262114712912,-0.021080291491163566
2013-01-22,148.33,150.25,147.98,150.25,142.9655214455044,145.5213542471201,139.31516040572893,127.99182857053054,0.6103478202804902,2.2599819064444944,1.6496340861640042,0,,,55.77890291033833,45.329431914529124,,,,,,,66.39504090323528,,,93.87485636643717,87.74971273287436,,,,,60,100,-40,,,,,,,,,,,,-352.25780938560194,-422.68979357148044,-352.25780938560194,-0.01809677020688173
2013-01-28,150.28999,151.42,149.50999,151.24001,144.1515656279684,146.66508539769606,139.78280156628858,128.22315375888348,0.7679469916325463,2.609567825704687,1.8416208340721407,0,,,62.39512334904287,54.70424873800449,,,,,,,67.77014750229009,,,98.92347784074414,97.84695568148827,,,,,60,100,-40,,,,,,,,,,,,-490.02911677003794,-559.4734674675749,-490.02911677003794,-0.012446773621578578
2013-02-04,150.32001,151.89,149.42999,151.8,144.94501451168495,147.69206831815686,140.25406424996353,128.45774924386973,0.8454175967105506,2.898392829960329,2.0529752332497786,0,,,65.14131407010228,61.105113443161166,,,,,,,68.55853293978097,,,100,100,,,,,60,100,-40,,,,,,,,,,,,-537.2965500845766,-606.8419279280158,-537.2965500845766,0.07039410335754989
2013-02-11,151.74001,152.61,151.3938,152.11,145.39322633227889,148.5756546545255,140.7190029068277,128.6930950225377,0.8507233761729167,3.1163794534659246,2.265656077293008,0,,,67.0351925056957,64.85720997494695,,,,,,,69.01310409835008,69.01310409835008,,100,100,,,,,60,100,-40,,,,,,,,,,,,-588.6971773419262,-651.9615773956493,-588.6971773419262,0.09769716412246313
2013-02-19,152.37,153.28,149.94,151.89,145.6992530228304,149.2385237236204,141.15708122420702,128.92390999743782,0.7747571707962675,3.234102540788342,2.4593453699920746,0,,,65.70700136624612,65.9611693140147,,,65.9611693140147,,65.9611693140147,,68.25443387781915,,,99.22791462584753,99.61395731292377,,,,,60,100,-40,,,,,,65.9611693140147,,105,,106,,-547.1158723706669,-607.0594724146222,-547.1158723706669,0.08636972302994425
2013-02-25,152.63,152.87,148.73,152.11,145.6800206640568,149.81281897889633,141.5866074507087,129.1546173606474,0.6781474776068452,3.3070297170006313,2.628882239393786,0,,,62.15288782313058,64.9650272316908,,,,,,,68.62804956436615,,,98.66385340670556,99.0423946880456,,,,,60,100,-40,,,,,,,,,,,,-492.1857137578184,-554.8668410665091,-492.1857137578184,0.16687346516804044
2013-03-04,151.75999,155.64999,151.52,155.44,148.87787633090986,150.93825518311706,142.12987774675935,129.41616345656135,0.7705905851404649,3.592120470819367,2.821529885678902,0,,,65.21166618173396,64.35718512370356,,,,,,,73.70300084303128,,,98.37807209426649,98.47083206316745,,98.37807209426649,,,60,100,-40,,,,,,64.35718512370356,,,,,,-609.0610385291242,-670.3455972362348,-609.0610385291242,0.2423605703833176
2013-03-11,155.325,156.8,155.13,155.83,149.14660087870203,151.91660414649365,142.66713744296487,129.67898770077468,0.7873020417120844,3.805657437819008,3.0183553961069234,0,,,68.59835878226095,65.32097092904183,,,,,,,74.23187894894967,,,99.05739749951802,98.67135481244178,99.05739749951802,,,,60,100,-40,,,,,,,,,,,,-669.2317587965562,-723.9191250114648,-669.2317587965562,0.2625339612831232
2013-03-18,154.34,155.95,153.59,155.60001,149.3854151016519,152.65328531719493,143.17430891578977,129.93690832066747,0.7143095904605414,3.9112423841826,3.1969327937220586,0,,,66.97369001772987,66.92790499390826,,,,,,,73.2902023683433,,,98.87399361615961,98.86918488606976,,,,,60,100,-40,,,,,,,,,,,,-641.1896208335461,-694.115647736653,-641.1896208335461,0.30329804433089114
2013-03-25,156.00999,156.85001,154.35001,156.67,150.34859973724815,153.45662825375595,143.70355170340585,130.20290923289963,0.6702524831109007,4.034748397610684,3.3644959144997837,0,,,66.21929368824512,67.26378082941198,,,67.26378082941198,,67.26378082941198,,74.89529225370369,74.89529225370369,,98.9729086529736,99.06701495969774,,,,,60,100,-40,,,,,,67.26378082941198,,105,,,,-685.5187806819922,-740.640075420898,-685.5187806819922,0.39901825827110393
2013-04-01,156.59,157.21001,153.77,155.158,150.44298547030186,153.79690260300475,144.1527457542527,130.4512185937663,0.48033682432868563,3.964916944910641,3.4845801205819553,0,,,62.7557612520004,65.31624831932514,,,,,,,68.58576359655916,,,89.85514107041891,94.36697170833419,,,,,60,100,-40,,,,,,,,,,,,-553.6062751034483,-607.7964253443711,-553.6062751034483,0.412935755395883
2013-04-08,155.27,159.71001,154.75,158.8,152.52634222242318,154.79752208240382,144.7271478815369,130.73329602069398,0.536776998443802,4.155551368636708,3.618774370192906,0,,,64.59226508734817,64.5224400091979,,,,,,,74.24709822031058,,,87.94743141503903,90.0292439022078,,,,,60,100,-40,,,,,,64.5224400091979,,,,,,-510.2233159937304,-558.1970752817581,-510.2233159937304,0.40348680945984006
2013-04-15,158,158.13,153.55,155.48,152.26588777796437,154.93401766592305,145.14882835677074,130.97953188118458,0.29914754986641867,3.992708807525929,3.6935612576595105,0,,,59.022599918983595,62.123542086110724,,,,,,,63.0295757050314,,,64.28797502872207,74.94621985445453,,,,,60,100,-40,,,,,,62.123542086110724,,105,,,,-419.27362217668843,-473.97942523052933,-419.27362217668843,0.34082775995432535
2013-04-22,155.78,159.27,154.75,158.24001,151.98261007953835,155.59521613273844,145.66220802905423,131.25078041968027,0.27698810362975346,4.039796387196702,3.7628082835669487,0,,,58.856281523962686,60.82371551009815,,,,,,,67.4575257534844,,,54.618439799065186,62.18305718224757,,,,,60,100,-40,,,,,,,,,,,,-394.8602363263815,-446.89225700679674,-394.8602363263815,0.33765897304963954
2013-04-29,158.67,161.88,158.10001,161.368,154.39185221671417,156.74977290619074,146.27812143967955,131.5504542463501,0.413895027315589,4.280177067711435,3.8662820403958458,0,,,64.56506288928084,60.814648110742375,,,,,,,71.6294200696551,,,43.51475491383486,46.92826561163553,,43.51475491383486,,,60,100,-40,,,,,,60.814648110742375,,,,,,-513.9765569943121,-547.4573011873791,-513.9765569943121,0.41936516320447303
2013-05-06,161.49001,163.7,161.42,163.41,156.3921499155203,158.0818183249526,146.94995981459408,131.86746465185908,0.5730760876546572,4.582627149964168,4.0095510623095105,0,,,70.54715301261922,64.65616580862091,,,,,,,73.98779268361352,,,62.483080059362,53.03030668766024,,,,,60,100,-40,,,,,,,,,,,,-566.8899102680735,-597.9196100624011,-566.8899102680735,0.5025625616210058
2013-05-13,163.2,167.03999,162.82001,166.94,160.0902820644117,159.85345465996207,147.7338829591198,132.21644510308437,0.8315281385445719,5.048961235490225,4.217433096945653,0,,,76.12013350899987,70.41078313696664,,,,,,,77.49180729373171,77.49180729373171,,80.03768502912726,68.02811692633811,,,,,60,100,-40,,,,,,,,,,,,-658.3644720375148,-684.6614991419647,-658.3644720375148,0.5785686584243783
2013-05-20,166.78,169.07001,163.94,165.308,159.97669334552515,160.94436372796966,148.42306401954647,132.54571430603875,0.8073308380782702,5.226596644543491,4.419265806465221,0,,,77.57511214958323,74.74746622373411,,,,,,,72.59404975567796,,,86.5584794582532,84.27501636987164,86.5584794582532,,,,60,100,-40,,,,,,,,,,,,-592.2982043943302,-613.8139538434256,-592.2982043943302,0.49049139857973695
2013-05-28,167.03999,167.78,163.13,163.44501,159.7412138208448,161.44449298237572,149.01215994034857,132.85316998458563,0.5906615500329382,5.157592744006394,4.566931193973455,0,,,74.0395991445329,75.911614934372,,,75.911614934372,,75.911614934372,,67.33131969789298,,,74.58743217150136,82.51601500538847,,,,,60,100,-40,,,,,,75.911614934372,,105,,,,-582.7894399589975,-605.8477804173482,-582.7894399589975,0.40464241328002576
2013-06-03,163.83,165.10001,160.25,164.8,159.59112711935586,162.11559438590058,149.63129092308,133.17104889021164,0.46873043974435724,5.152844243653902,4.684113803909545,0,,,67.15231188945977,72.92234106119197,,,,,,,69.09656281913067,,,57.97579028691183,67.86309311451816,,,,,60,100,-40,,,,,,,,,,,,-577.7368145119071,-601.1481839778303,-577.7368145119071,0.41803722820761585
2013-06-10,165.31,165.39999,161.3,163.175,159.42318803940188,162.32747550872045,150.16241676923372,133.46959566742345,0.22132688268651002,4.960772407267683,4.739445524581173,0,,,60.741857982238386,67.31125633874369,,,,,,,64.56401057743227,,,39.10293279608665,48.23830059727326,,,,,60,100,-40,,,,,,,,,,,,-521.784666418833,-554.575786890952,-521.784666418833,0.36521154893590985
2013-06-17,164.28999,165.99001,157.47,159.07001,159.37439032230174,161.67598240697637,150.51173415083238,133.72432615829484,-0.25052268675170986,4.426292166141536,4.676814852893246,0,,,47.6522774288694,58.515482433522514,,,,,,,54.737637136555406,,,25.82174499599313,32.42488561154796,,,,,60,100,-40,,,,,,,,,,,,-433.2783634335907,-475.5620074562335,-433.2783634335907,0.2662471509423077
2013-06-24,157.41,161.82001,155.73,160.42,158.69764672785163,161.4247859255811,150.90029359589778,133.9899547537347,-0.4896204627330025,4.064789274476993,4.554409737209996,0,,,32.326520509949596,46.90688530701913,,,,,,,57.06566441999611,,,13.455228873897338,19.024156780783258,,,,,60,100,-40,,,,,,,,,,,,-456.3186609911196,-508.18709700964564,-456.3186609911196,0.24930897892948226
2013-07-01,161.25999,163.08,160.22,163.02,158.41638481871937,161.74382874046486,151.37557619998023,134.27881092533934,-0.48941136119642703,3.942645535714462,4.432056896910889,0,,,30.24925955675687,36.742685831858616,,,,,,,61.226588232375484,,,13.164150501442386,13.358301587583625,,13.164150501442386,,,60,100,-40,,,,,,,,,,,,-625.1698135381888,-681.2439884624373,-625.1698135381888,0.27792358987334964
2013-07-08,163.86,167.9332,163.0838,167.50999,159.18663304595367,162.89706099237188,152.00829830978492,134.60946942359467,-0.21749009249574236,4.160194281291211,4.377684373786954,0,,,40.97749193385084,34.51775733351909,,,,,,,67.17758462108425,,,24.309086161751928,17.368618176454106,,,,,60,100,-40,,,,,,34.51775733351909,,,,,,-769.6843928948817,-824.6541723783578,-769.6843928948817,0.30659764882726065
2013-07-15,167.97,169.27,167.07001,169.17,160.73928282838557,164.1516487938975,152.6813062192051,134.9533552999768,0.030373528073921463,4.415651283879356,4.3852777558054346,0,,,51.448926346397215,40.89189261233497,,,,,,,69.07842114021686,,,39.96492625205412,31.03735151661478,,,,,60,100,-40,,,,,,,,,,,,-814.2872305503578,-866.5352319459291,-814.2872305503578,0.30573797761124105
2013-07-22,169.41,169.86,167.52,169.11,161.02719262635802,165.143319035118,153.32556872041275,135.29322241141983,0.14032861294625576,4.560688521988254,4.4203599090419985,0,,,56.80387183499687,49.74343003841497,,,,,,,68.92212956438658,,,53.491779133011185,46.781403350141396,,,,,60,100,-40,,,,,,,,,,,,-786.235006813929,-841.7106443193966,-786.235006813929,0.28363326529711924
2013-07-29,168.67999,170.9725,168.11,170.95,163.0545360101896,166.3046552280944,154.01672288823968,135.64801621827138,0.2790149960937409,4.769128654159175,4.490113658065434,0,,,60.85798869858628,56.37026229332679,,,,,,,71.09481847279314,71.09481847279314,,62.1472350691958,58.34728151044151,,,,,60,100,-40,,,,,,,,,,,,-823.2831873932146,-883.217799897688,-823.2831873932146,0.33036587135460055
2013-08-05,170.57001,170.96001,168.55,169.31,163.2095691523189,166.90572418247552,154.61645924556362,135.9829613305274,0.2057180293088816,4.747261194701537,4.541543165392655,0,,,60.94264041624096,59.53483364994137,,,59.53483364994137,,59.53483364994137,,66.59906431694968,,,62.66177495142587,62.86822336167071,62.66177495142587,,,,60,100,-40,,,,,,,,,,106,,-752.6862442308119,-808.087290825381,-752.6862442308119,0.2878941356953598
2013-08-12,168.46001,169.89999,165.5,165.83,163.41816992715326,166.6905793459804,155.05620594181602,136.27994678992513,-0.11449702072307133,4.398421889488816,4.512918910211887,0,,,53.220884373050566,58.340504495959266,,,,,,,58.146547557205274,,,52.51563097699785,58.358444280781704,,,,,60,100,-40,,,,,,58.340504495959266,,105,,,,-628.5614725524825,-681.16232885713,-628.5614725524825,0.22213675905256108
2013-08-19,165.64,166.83,164.19,166.62,163.32758778949946,166.67646347678433,155.5096880617448,136.5818378666423,-0.29992695331109775,4.138010218573015,4.437937171884113,0,,,42.40183153126059,52.1884521068507,,,,,,,59.41335616863516,,,39.098202620717394,46.83113736395745,,,,,60,100,-40,,,,,,,,,,,,-582.4593866338494,-630.041905428561,-582.4593866338494,0.26991643118872416
2013-08-26,166.78999,167.3,163.05,163.64999,163.49490294739235,166.07116878142747,155.8289155887352,136.8511727137404,-0.6304271019677206,3.649903294424462,4.280330396392182,0,,,28.99185381691911,41.53818990707675,,,,,,,52.893006334762546,,,22.195357646585226,30.60720021096544,,,,,60,100,-40,,,,,,,,,,,,-485.64858906405857,-531.8524680779135,-485.64858906405857,0.2063867257212468
2013-09-03,165.23,166.98,163.7,166.03999,163.42026702257863,166.06493302514198,156.22934987937305,137.1416087066385,-0.6910289005338273,3.4165442707248985,4.107573171258726,0,,,22.073551502081703,31.15574561675379,,,,,,,57.006334683555,,,18.317834978698293,20.446113229269734,,18.317834978698293,,,60,100,-40,,,,,,,,,,,,-465.53066377968435,-511.5156557001111,-465.53066377968435,0.24185273563054357
2013-09-09,166.45,169.56,166.45,169.33,163.4823893781087,166.71794642011358,156.74310086449566,137.46189120706995,-0.520275265384968,3.457229089527516,3.977504354912484,0,,,29.53771414231946,26.867706487106744,,,,,,,61.9598310662601,,,20.942409192173635,17.964472548669786,,,,,60,100,-40,,,,,,26.867706487106744,,,,,,-452.7069067288326,-496.694627391,-452.7069067288326,0.24936996090012328
2013-09-16,171.16,173.60001,170.03999,170.72,163.51293156538665,167.51835713609086,157.29121455608407,137.792817662721,-0.3335321010541641,3.560589228594779,3.894121329648943,0,,,42.93622930476104,31.51583164972072,,,,,,,63.86534021160358,63.86534021160358,,35.89451076638771,27.974731024144944,,,,,60,100,-40,,,,,,,,,,,,-517.6692873235903,-558.204695138091,-517.6692873235903,0.1769217600185241
2013-09-23,170.49001,170.64999,168.47,168.909,163.43414931071618,167.7964857088727,157.74681398525723,138.1024314173208,-0.3500765496088576,3.456525642637871,3.8066021922467286,0,,,43.54467897468655,38.672874140589,,,,,,,59.64807612581492,,,43.654324292756286,38.760821232455136,,,,,60,100,-40,,,,,,,,,,,,-489.91123508293754,-527.6220232948017,-489.91123508293754,0.12319494360886789
2013-09-30,167.48,169.5,166.84,168.89,163.6495672170936,168.01518856709816,158.1838016721099,138.4087753833176,-0.37801129942203016,3.3340880679691907,3.712099367391221,0,,,39.39224206305515,41.95771678083423,,,,,41.95771678083423,,59.603342568040695,,,44.87631218739058,45.52868555911727,,,,,60,100,-40,,,,,,41.95771678083423,,,,,,-489.92737415876707,-531.6907463321104,-489.92737415876707,0.10769806545992261
2013-10-07,167.42,170.32001,164.53,170.25999,163.7910267015869,168.46414885367852,158.65737768496834,138.7257028919413,-0.32211722257071873,3.3094528391778226,3.6315700617485414,0,,,35.54765753631238,39.49485952468468,,,,,,,61.83889005709405,,,42.4415174974661,44.41370029091339,,42.4415174974661,,,60,100,-40,,,,,,,,,,,,-523.5769424935368,-563.2015197262722,-523.5769424935368,0.19764119077332185
2013-10-14,169.21001,174.50999,169.08,174.388,166.91323765147357,169.64891908294283,159.27426483457742,139.08055161938466,-0.039866357599209756,3.5817371147495294,3.621603472348739,0,,,49.71928286795816,41.553060822441886,,,,,,,67.67772090938385,,,50.73821251559674,46.54242463771905,,,,,60,100,-40,,,,,,41.553060822441886,,,,,,-740.1993165856209,-777.1648797760408,-740.1993165856209,0.29101861531920603
2013-10-21,174.45,176,173.96001,175.95,168.23343639065402,170.90913526635427,159.92821523322144,139.44741180227635,0.20579860012739948,3.8788517225079886,3.673053122380589,0,,,62.413726616173854,49.22688900681478,,,,,,,69.5853342019713,,,64.52678707818541,56.11422731346602,,,,,60,100,-40,,,,,,,,,,,,-802.8903499336899,-831.3167198167606,-802.8903499336899,0.27323744405550915
2013-10-28,175.89,177.51,175.22,176.21,168.75319236275018,171.96930821308342,160.56671659662453,139.81320869976614,0.3320944020245218,4.088171124911241,3.7560767228867196,0,,,69.34483914293013,60.492616209020696,,,,,,,69.90561307319587,,,79.6514295408526,71.79405157952112,,,,,60,100,-40,,,,,,,,,,,,-698.7284681275645,-729.2591343955314,-698.7284681275645,0.2755601132936088
2013-11-04,176.69,177.64,174.76,177.29,170.03867862255373,173.03344657046674,161.22253163205102,140.18611209578836,0.42852486899569,4.291732809131332,3.8632079401356423,0,,,71.6591146013859,67.80589345349661,,,,,,,71.26717105863999,,,89.52230587190752,84.873191522226,,,,,60,100,-40,,,,,,,,,,,,-662.5960193770982,-692.1211099599802,-662.5960193770982,0.38306295960985787
2013-11-11,177.12,180.12,176.09,180.05,172.90520157808564,174.4367572563734,161.96086372491177,140.5827676968253,0.6074182585561028,4.6224807633307705,4.015062504774668,0,,,74.99044333336927,71.99813235922842,,,,,,,74.46551508050504,,,95.19701654546478,93.01856520367568,,,,,60,100,-40,,,,,,,,,,,,-657.5785613085349,-687.1899990581655,-657.5785613085349,0.39576977089850335
2013-11-18,180.35,180.83,177.98,180.81,173.59983003679378,175.7114058050987,162.70004553962113,140.9830386650161,0.6996001666204226,4.889562713050196,4.189962546429774,0,,,76.53259666173957,74.39405153216491,,,,,,,75.28615698303615,,,98.5911480181405,97.18229603628099,,,,,60,100,-40,,,,,,,,,,,,-725.2915501615286,-759.519090138499,-725.2915501615286,0.397724916028845
2013-11-25,181.13,181.75,180.37,181,173.89769931987993,176.76912464407897,163.41769081257718,141.38121738476718,0.6946300713490885,5.0582501356161345,4.363620064267046,0,,,77.0601955404413,76.19441184518337,,,76.19441184518337,,76.19441184518337,,75.49941489749273,75.49941489749273,,99.56257798120899,99.12515596241796,,,,,60,100,-40,,,,,,,,,,,,-859.7839955867051,-901.4247101133175,-859.7839955867051,0.3611890114785207
2013-12-02,181.09,181.43,178.35,180.94,174.20786365417422,177.60329971526318,164.1048401924761,141.77483711228194,0.6114899047446043,5.1279824451978016,4.516492540453197,0,,,73.76734134475268,75.78671118231118,,,,,,,75.2771923905864,,,99.7501271854093,99.87506359270465,99.7501271854093,,,,60,100,-40,,,,,,75.78671118231118,,105,,,,-822.5505418436678,-865.7111264563507,-822.5505418436678,0.3549330253279993
2013-12-09,181.47,181.67,177.76,178.11,174.25301625030465,177.70463977221056,164.65406214571234,142.13638102161246,0.3055439587909543,4.89842248894189,4.592878530150935,0,,,67.6060749982624,72.81120396115212,,,,,,,65.43578786067496,,,86.2434362448352,93.0280158169461,,,,,60,100,-40,,,,,,,,,,,,-684.8140796902737,-745.5818307370141,-684.8140796902737,0.29949612250463314
2013-12-16,178.95,181.99,177.32,181.56,174.73637223242574,178.47571181776846,165.31704010078244,142.5286558373178,0.276064391132711,4.937959019066824,4.661894627934113,0,,,64.47562508601956,68.61634714301154,,,,,,,70.52491701998312,,,76.3568398416987,82.94943178355892,,,,,60,100,-40,,,,,,,,,,,,-765.7569742920421,-833.6578615121025,-765.7569742920421,0.3032218070247023
2013-12-23,182.41,184.18,182.065,183.845,176.84163135868104,179.54956945421478,166.04362676349686,142.93976373943406,0.3464371760585241,5.0949410980072685,4.748503921948744,0,,,67.33785371194593,66.47318459874262,,,,,,,73.34126060337653,73.34126060337653,,69.08193953126616,71.84674590877377,,69.08193953126616,,,60,100,-40,,,,,,66.47318459874262,,,,,,-769.2557062389436,-850.2655230553567,-769.2557062389436,0.33831844351770624
2013-12-30,183.87,184.69,182.48,182.885,176.9675862616324,180.21665556337183,166.7040727727715,143.3372287768526,0.26782850396155755,5.083289551900691,4.8154610479391335,0,,,67.18736766066968,66.33361548621171,,,,,,,70.28466277708881,,,73.66799445971292,70.85434249325571,,,,,60,100,-40,,,,,,,,,,,,-701.2092141954992,-795.6717915907462,-701.2092141954992,0.3641327313768563
2014-01-06,183.47,184.22,182.08,184.14,177.43811581437294,181.00132445069747,167.38783462481967,143.74322650046602,0.24070762735861173,5.116345582137399,4.875637954778787,0,,,65.62955061474504,66.7182573291202,,,66.7182573291202,,66.7182573291202,,71.94081258435435,,,76.15918362880272,73.77928670938353,76.15918362880272,,,,60,100,-40,,,,,,66.7182573291202,,105,,106,,-699.1711752508629,-795.549647665156,-699.1711752508629,0.3655416190759242
2014-01-13,183.71,184.94,181.34,183.635,177.6111075419177,181.52805956055798,168.02497836502283,144.14015957011313,0.13441231496163475,5.043653348480831,4.909241033519196,0,,,62.63054703084043,65.14915510208503,,,,,,,70.23442092437467,,,69.70371683064147,73.60704015891874,,,,,60,100,-40,,,,,,,,,,,,-691.1400524779788,-777.2678935442186,-691.1400524779788,0.42376099495127784
2014-01-21,184.7,184.77,178.83,178.89,177.5631712889236,181.00044764844637,168.45105764482585,144.4859291266294,-0.28682907144831393,4.550704694208804,4.837533765657118,0,,,51.882777567890194,60.047625071158535,,,,,,,56.574934126198606,,,52.36916634310366,62.269451684198366,,,,,60,100,-40,,,,,,,,,,,,-582.7509520274372,-657.7646401725426,-582.7509520274372,0.35834874658994026
2014-01-27,179.06,179.81,176.88,178.18,177.18437333971477,180.43635811875708,168.83258479600914,144.8211935134291,-0.6252323710085346,4.05599330189645,4.681225672904985,0,,,34.54268301225023,49.685335870326924,,,,,,,54.8458644248705,,,29.226693963735272,41.680665607960925,,,,,60,100,-40,,,,,,,,,,,,-515.8871425679032,-587.2619783229893,-515.8871425679032,0.3029285980033702
2014-02-03,177.95,179.87,173.71,179.68,177.26263238687798,180.28508649500566,169.2579736275382,145.1680473093154,-0.7515126343418377,3.741834879977688,4.493347514319526,0,,,19.775273058555477,35.40024454623194,,,,,,,57.7978741796875,,,13.069456429331284,21.345129045045283,,13.069456429331284,,,60,100,-40,,,,,,,,,,,,-442.08948028282987,-505.94161862790037,-442.08948028282987,0.4108139721890091
2014-02-10,179.7,184.36,179.21,184.02,176.87387293067243,181.03206919600453,169.83687662253672,145.55463390325255,-0.5552634534508467,3.799268197505967,4.3545316509568135,0,,,25.651732000705994,26.656562690503872,,,,,,,64.97511543710436,,,17.794928432703173,14.289090749633312,,,,,60,100,-40,,,,,,,,,,,,-462.6186656859517,-511.2249606955549,-462.6186656859517,0.4771246130791163
2014-02-18,184.19,184.95,182.6,183.89,176.65716772133868,181.6036553568036,170.3879795000843,145.9360803320759,-0.4511461712387117,3.790598936908424,4.241745108147136,0,,,33.03138445800315,26.15279650575484,,,,,,,64.6185035281541,,,29.163137463514822,21.105206214104992,,,,,60,100,-40,,,,,,26.15279650575484,,,,,,-520.3243628339605,-571.9113314781814,-520.3243628339605,0.45828507708982896
2014-02-24,184.28,187.15,184.2,186.29,179.00594145552878,182.54092428544288,171.0115881471398,146.33761187106023,-0.24774643536581475,3.932062063939867,4.179808499305682,0,,,42.40891095910625,33.6973424726051,,,,,,,68.11813632996615,,,45.803037729875534,37.53197757211219,,,,,60,100,-40,,,,,,,,,,,,-554.810842318695,-609.7456348457847,-554.810842318695,0.4199407282253544
2014-03-03,184.69,188.96,183.75,188.26,181.03051706584813,183.6847394283543,171.68799645509512,146.75475006139794,-0.01965786241713907,4.155236171284258,4.174894033701397,0,,,49.59126840508621,41.67718794073184,,,,,,,70.69561992642296,70.69561992642296,,57.69750506267968,51.672544181480724,,,,,60,100,-40,,,,,,,,,,,,-577.5725073516595,-626.1555194192784,-577.5725073516595,0.40307476466485015
2014-03-10,187.94,188.71,184.44,184.66,180.80262298971613,183.87979154268345,172.19670247646394,147.13191672745367,-0.14347116780362956,3.9955550739468606,4.13902624175049,0,,,50.34061935694626,47.44693290704621,,,,,,,60.94197163492493,,,58.72062420402795,58.80945305989335,58.72062420402795,,,,60,100,-40,,,,,,,,,,,,-514.3775060149942,-565.9454249794096,-514.3775060149942,0.3064435658160595
2014-03-17,185.59,189.0239,185.47,186.2,180.725292776165,184.34383323414676,172.74585139895555,147.52065387444418,-0.15300946316272412,3.947764412797085,4.100773875959809,0,,,52.256001451833825,50.72929640462207,,,50.72929640462207,,50.72929640462207,,63.28916654606538,,,55.09456333921838,58.135846992619484,,,,,60,100,-40,,,,,,,,,,106,,-543.5815958304497,-589.4098931649714,-543.5815958304497,0.2761012144536054
2014-03-24,186.82,187.34,183.9,185.49,180.64007186358177,184.5730665873174,173.24562193232984,147.89845831350445,-0.23366338698003197,3.8086946422347694,4.042358029214801,0,,,48.56134603431549,50.3859889476985,,,,,,,61.44489700735609,,,43.507211566532675,49.42487454176129,,,,,60,100,-40,,,,,,50.3859889476985,,,,,,-440.20312386127705,-480.42627622588566,-440.20312386127705,0.2325072180221022
2014-03-31,186.65,189.7,185.5216,186.4,180.69292387332592,184.93845326985394,173.76147989576788,148.28155823078302,-0.25074601550671094,3.728925509831413,3.979671525338124,0,,,50.33755987795062,50.384969121366616,,,,,,,62.944223068452004,,,43.10514930630073,43.9632817224307,,,,,60,100,-40,,,,,,,,,,,,-378.348010431954,-413.98513509390637,-378.348010431954,0.16350590438466736
2014-04-07,185.9,187.17,181.31,181.51,180.63200073951694,184.25276261588314,174.0653434292672,148.61218949216826,-0.5966588373632056,3.2338479786341168,3.8305068159973223,0,,,35.933909916521756,44.944271942929255,,,,,,,51.32509459299131,,,31.425240623035503,35.67176168188646,,,,,60,100,-40,,,,,,,,,,,,-255.0120085352351,-285.0787468950143,-255.0120085352351,0.05816958649680522
2014-04-14,182.93,186.91,181.44,186.39,180.3397149724086,184.68021009270652,174.5486632947861,148.9880881041865,-0.5056842505031893,3.198401502868336,3.7040857533715252,0,,,31.239184590292105,39.170218128254795,,,,,,,59.422968619799036,,,31.104803316052667,32.90883577161516,,,,,60,100,-40,,,,,,,,,,,,-226.82800698337417,-255.06442927773904,-226.82800698337417,0.09497075931468428
2014-04-21,186.44,188.4,185.87,186.29,180.12402104580798,185.0021680741652,175.00910787146117,149.35925140663238,-0.46230554706251814,3.1262038195433774,3.5885093666058956,0,,,36.25189474942012,34.47499641874463,,,,,,,59.20431255526127,,,27.57917207703039,27.90945864468387,,27.57917207703039,,,60,100,-40,,,,,,34.47499641874463,,,,,,-161.04109662276062,-192.32544213633193,-161.04109662276062,0.036325740710784565
2014-04-28,187.05,189.14,184.96,188.06,180.34373382825027,185.61373445933216,175.52090756277642,149.74433348218827,-0.3306402853823025,3.1752090098780172,3.5058492952603197,0,,,41.02097832339675,36.17068588770295,,,,,,,61.8930404598608,61.8930404598608,,39.58350678269892,33.92916748381623,,,,,60,100,-40,,,,,,,,,,,,-123.57907905498595,-157.35717992972613,-123.57907905498595,0.09557210505374075
2014-05-05,187.14,189.05,186.01,187.96,180.31203855480382,186.08298756746572,176.0087151093342,150.1245888704252,-0.2691262652231794,3.1694414637313457,3.438567728954525,0,,,44.4553445091014,40.57607252730605,,,,,,,61.64437532663843,,,44.741435138772665,40.49240046712596,,,,,60,100,-40,,,,,,,,,,,,-6.564701044988475,-46.928601760685034,-6.564701044988475,0.05321876897235323
2014-05-12,188.76,190.42,186.48,188.05,180.44546437231782,186.47639005397258,176.48092235994852,150.50195614534636,-0.24206760145550632,3.135983227135142,3.3780508285906485,0,,,48.34959021860972,44.60863768370259,,,,,,,61.79403639813212,,,51.286515247298595,49.20033659664954,,,,,60,100,-40,,,,,,,,,,,,47.356153690464,0.6947803776213135,47.356153690464,0.02760060840203037
2014-05-19,187.69,190.48,187.07,190.35,182.5307883457237,187.25111204317807,177.02480775759759,150.8984540941489,-0.09643458936383542,3.2575075918858545,3.35394218124969,0,,,53.405418909025435,48.736784545578814,,,,,,,65.51888421394206,,,56.69575566396513,53.93866875907432,,,,,60,100,-40,,,,,,,,,,,,30.564125746743258,-14.886088781946185,30.564125746743258,0.07916858784736518
2014-05-27,191.05,192.8,190.95,192.68,184.93216060674345,188.33688963454244,177.6387368651428,151.3141908693315,0.11801852779990663,3.501465340999573,3.3834468131996664,0,,,63.429693572483956,55.06156756670634,,,,,,,68.85163488216736,,,66.52731980187178,61.47004401763679,,,,,60,100,-40,,,,,,,,,,,,2.279739247335364,-45.81589082159233,2.279739247335364,0.0619543101813487
2014-06-02,192.95,195.43,191.97,195.375,187.83057770626175,189.74451170763396,178.3342765959215,151.75260688058194,0.3873892259829992,3.867683345678415,3.480294119695416,0,,,71.66308657902236,62.832733020177216,,,,,,,72.21653982592747,72.21653982592747,,79.90656628097568,72.71264267922852,,,,,60,100,-40,,,,,,,,,,,,-77.2256678885438,-125.66754703584827,-77.2256678885438,0.0814069990498305
2014-06-09,195.35,196.05,193.11,194.13,187.87517929867164,190.62160936610718,178.95371672941477,152.17427248376023,0.4247358090575397,4.0112138810173406,3.586478071959801,0,,,74.29590550917338,69.79622855355986,,,,,,,68.51246440509759,,,86.87750664973596,83.11002469207538,,,,,60,100,-40,,,,,,,,,,,,-86.82100099971763,-138.27344757478494,-86.82100099971763,0.11659543598525615
2014-06-16,193.89,196.6,193.66,195.94,188.55588077733793,191.68528749288575,179.619845485124,152.6097523595437,0.5086913063779681,4.222342204932261,3.7136508985542926,0,,,75.57215156189616,73.8437145500306,,,,,,,70.86596901160578,,,91.16362414044511,90.0181816927524,,,,,60,100,-40,,,,,,,,,,,,-135.58081899976895,-186.76918437936948,-135.58081899976895,0.15454664084164624
2014-06-23,195.97,196.5,194.13,195.82,188.66331786467094,192.5122299943086,180.25514566217794,153.03970507238407,0.4931317807305611,4.330065624467494,3.836933843736933,0,,,74.29600596042945,74.72135434383296,,,,,,,70.48756678974497,,,90.32957068022567,90.90329913899642,,,,,60,100,-40,,,,,,74.72135434383296,,105,,,,-150.02067009072005,-205.53842358312045,-150.02067009072005,0.0947319039595991
2014-06-30,195.7,198.29,195.53,198.2,191.10450944576587,193.64978399544688,180.95886544013175,153.48906124081805,0.574434035124213,4.554976387642199,3.980542352517986,0,,,75.15207302821435,75.00674351684661,,,75.00674351684661,,75.00674351684661,,73.52501880223136,73.52501880223136,,93.99452985959982,92.5134921321981,93.99452985959982,,,,60,100,-40,,,,,,75.00674351684661,,,,,,-195.47145734695277,-249.07689202255312,-195.47145734695277,0.07754695563498264
2014-07-07,197.82,197.98,195.06,196.61,191.21704448535402,194.24182719635752,181.57263542287168,153.9181253080736,0.45752000148394245,4.552442354372914,4.094922352888972,0,,,71.91474048111142,73.78760648991836,,,,,,,68.42795311116241,,,90.94178822961027,91.77874656691925,,,,,60,100,-40,,,,,,73.78760648991836,,105,,,,-156.2948287384159,-205.60836620027075,-156.2948287384159,0.07595228909268463
2014-07-14,197.61,198.26,195.43,197.7099,191.267255593543,194.935441757086,182.20546932785712,154.35386435973456,0.39311701869930893,4.5863186262631075,4.193201607563799,0,,,69.3171075475223,72.12797368561597,,,,,,,69.98718258898293,,,87.49458745816804,90.14239309890972,,,,,60,100,-40,,,,,,,,,,,,-103.33213260415846,-156.4068450729488,-103.33213260415846,0.08463882109553474
2014-07-21,197.09,199.06,196.43,197.72,191.35816590828995,195.4923534056688,182.81388229539212,154.78536819695114,0.2945585728278006,4.561399823598549,4.2668412507707485,0,,,67.31759782957369,69.51648195273576,,,,,,,70.00192033370627,70.00192033370627,,80.53804901630059,84.0069274355822,,,,,60,100,-40,,,,,,,,,,,,-77.27174485794784,-125.24196415059448,-77.27174485794784,0.037196035239153206
2014-07-28,197.76,198.45,191.57,192.5,191.47115405769782,194.89388272453505,183.193730048514,155.16063816514068,-0.1546853811158675,4.073484524375914,4.228169905491781,0,,,53.80723315871217,63.48064617860266,,,,,,,54.90611697298905,,,61.03784740554189,70.99791180638228,,,,,60,100,-40,,,,,,,,,,,,24.05039057076994,-27.925243395940953,24.05039057076994,0.04461006654922812
2014-08-04,192.87,194.3,190.55,193.24,190.96892876786225,194.56310617962805,183.5877014191605,155.5395372878756,-0.4194762715792528,3.7038245660177154,4.123300837596968,0,,,37.872998794564225,52.99927659428331,,,,,,,56.3516803216429,,,40.11778446331182,52.09563063208603,,,,,60,100,-40,,,,,,,,,,,,56.9503195579027,0.7884372215028534,56.9503195579027,0.11520831030430811
2014-08-11,193.965,196.65,192.94,195.72,190.9497195701578,194.79448494370243,184.06347783409538,155.9393428870012,-0.44277597296157545,3.5698308713949984,4.012606844356574,0,,,34.40789902031131,42.02937699119585,,,,,,,60.902133229130996,,,22.07169799340103,30.84027932151029,,22.07169799340103,,,60,100,-40,,,,,,,,,,,,40.23207963828405,-6.627642273315857,40.23207963828405,0.14539095327821844
2014-08-18,196.8,199.76,196.69,199.19,191.92759674371797,195.67358795496193,184.65667478177792,156.36969768414548,-0.24930360345603475,3.7009773400365304,3.950280943492565,0,,,43.31925639715815,38.53338473734453,,,,,,,66.23747149033059,,,29.31774171786568,25.01963459889019,,,,,60,100,-40,,,,,,38.53338473734453,,,,,,8.371701522232406,-40.8771618599857,8.371701522232406,0.20687647898054792
2014-08-25,200.14,200.82,199.1502,200.71,193.38919697630956,196.68087036396955,185.2862169471984,156.81089472211417,-0.053981071901529454,3.8828046036156536,3.936785675517183,0,,,51.9652569496164,43.23080412236192,,,,,,,68.29085312596595,,,44.52201574253802,33.990749246802245,,,,,60,100,-40,,,,,,,,,,,,-25.87769875453713,-72.53585970362468,-25.87769875453713,0.323013448162704
2014-09-02,200.97,201.58,199.41,201.11,194.07356862085888,197.56669629117565,185.90675745907296,157.25168183930705,0.06090922582872249,4.012922207803086,3.952012981974364,0,,,56.84678255828269,50.710431968352374,,,,,,,68.83127418953579,68.83127418953579,,60.99865507017272,52.666610303865106,,,,,60,100,-40,,,,,,,,,,,,-18.44538989007585,-65.7111579393293,-18.44538989007585,0.3028486712284648
2014-09-08,200.92,201.21,198.56,199.13,194.2661708622261,197.8793570329405,186.4253159900897,157.66838152249804,-0.03266144595733156,3.9111861745276997,3.9438476204850312,0,,,55.687857312328845,54.83329894007594,,,,,,,63.06733372583217,,,63.21052425206513,62.701257644721096,63.21052425206513,,,,60,100,-40,,,,,,,,,,,,-29.637137182789353,-81.94549285945122,-29.637137182789353,0.3091227093532156
2014-09-15,199.16,201.899,198.38,200.7,194.37644437206708,198.4434856263524,186.9851075198901,158.09655683073188,-0.025359137048145186,3.9121486991748498,3.937507836222995,0,,,55.722245648218376,56.0856285062766,,,56.0856285062766,,56.0856285062766,,65.54574357941962,,,61.40013685099011,63.96269109946743,,,,,60,100,-40,,,,,,56.0856285062766,,105,,106,,-5.157657695009448,-61.59176688500555,-5.157657695009448,0.2989845953614131
2014-09-22,200.35,200.38,196.27,197.9,194.35469834549087,198.33478850108193,187.4131425191101,158.49261099162013,-0.23403978945326864,3.6449580994064092,3.878997888859678,0,,,46.90999687599113,52.77336661217941,,,,,,,58.02289463382628,,,46.62129791160848,53.949992321284725,,,,,60,100,-40,,,,,,,,,,,,59.41646188590138,-8.575081996822718,59.41646188590138,0.2639217217252763
2014-09-29,196.2,198.3,192.35,196.52,194.2043627493844,197.97183080086555,187.77027418502735,158.87099297180302,-0.4760004864548071,3.2839972807911693,3.7599977672459763,0,,,29.406029049093448,44.012757191100945,,,,,,,54.672543781304014,,,32.74888455571018,40.90698880396634,,,,,60,100,-40,,,,,,,,,,,,71.34074154301021,-2.4705216337640223,71.34074154301021,0.30070772325398565
2014-10-06,197.34,197.6,190.49,190.54,193.84762255299978,196.48546464069244,187.87889088365372,159.18610746959604,-1.0186128432774915,2.486731713149112,3.5053445564266035,0,,,8.125101003267886,28.147042309450782,,,,,,,43.01314196609437,,,14.281456622435124,23.111574263564123,,,,,60,100,-40,,,,,,,,,,,,322.9151521715538,207.97866411782948,322.9151521715538,0.1512236250450788
2014-10-13,190.46,191.15,181.92,188.47,193.3506495134998,194.88237171255395,187.90207163331436,159.47748948482393,-1.4693745092753572,1.6686264198324068,3.138000929107764,0,,,-16.016543406888932,7.171528881824094,,,,,,,39.82801385015499,,,5.007019881460029,10.014039762920046,,5.007019881460029,,,60,100,-40,,,,,,,,,,,,268.7487608676349,166.52799791458776,268.7487608676349,0.1660970762573208
2014-10-20,188.13,196.49,188.07,196.43,192.58631740539266,195.19189737004316,188.2365001967138,159.84517615661673,-1.19549610050615,1.6436308034750766,2.8391269039812266,0,,,-16.849027274840253,-8.24682322615381,,,,,,,54.0139168783371,,,11.268654871982424,6.997162181317743,,,,,60,100,-40,,,,,,,,,,,,233.52171343715585,132.61381647557184,233.52171343715585,0.1942956913054876
2014-10-27,195.73,201.82,195.03,201.66,192.5422947335789,196.48551789603454,188.7629119537054,160.26124405555586,-0.6532819350195287,2.022524485206816,2.6758064202263445,0,,,-1.427446406708036,-11.431005696145784,,,,,,,60.62188957413825,,,28.70751529421927,18.238794537771415,,,,,60,100,-40,,,,,,-11.431005696145784,,,,,,37.42685644858199,-64.22505924725942,37.42685644858199,0.25396851774012646
2014-11-03,201.92,203.5999,200.06,203.34,193.90355939546612,197.85641431682762,189.3345624653248,160.68988839331152,-0.19636762314860956,2.430346891290583,2.6267145144391923,0,,,14.235396837499833,-1.3470256146828614,,,,,,,62.49720840856442,,,52.39610731917692,39.87714956291702,,,,,60,100,-40,,,,,,,,,,,,-3.014390178432933,-113.45686665684866,-3.014390178432933,0.26767705783176804
2014-11-10,203.38,204.83,203.13,204.24,194.97189086721855,199.1331314534621,189.91908942746895,161.12322283715918,0.13379997352182693,2.793964481341476,2.660164507819649,0,,,26.640956187232277,13.149635539341316,,,,,,,63.505854423484294,,,68.17472287075472,60.11018671690334,,,,,60,100,-40,,,,,,,,,,,,-15.193591964172413,-129.19198181014895,-15.193591964172413,0.2630158800846639
2014-11-17,203.85,207.8445,203.65,206.68,197.83104151956007,200.64250516276968,190.57638003815643,161.57652410246106,0.46519149867760534,3.2416538811666555,2.77646238248905,0,,,36.77006951679948,25.882140847177155,,,,,,,66.17756536953232,,,78.4858665094328,74.53151427972712,,,,,60,100,-40,,,,,,,,,,,,-65.15839342523194,-178.42980329921284,-65.15839342523194,0.2541553816028547
2014-11-24,207.17,207.87,206.8,207.2,198.38389569673433,201.95400413021574,191.22828670332677,162.03048903676495,0.6563878870953719,3.596947241358265,2.940559354262893,0,,,43.92250138227535,35.77784236210233,,,,,,,66.73973527733644,,,84.55472910763564,81.94723399475396,,,,,60,100,-40,,,,,,,,,,,,-117.85686734791703,-249.62438451753775,-117.85686734791703,0.24893669253180997
2014-12-01,206.4,208.47,205.38,208,199.6436174326819,203.16320330417258,191.88600095025512,162.48789710605087,0.7660627543196328,3.898137797162434,3.1320750428428012,0,,,47.40521723462779,42.69926271123416,,,,,,,67.63627589191287,67.63627589191287,,89.43358736280169,87.1174044213148,89.43358736280169,,,,60,100,-40,,,,,,,,,,,,-140.97380055738668,-274.2381327870763,-140.97380055738668,0.24928584361678047
2014-12-08,207.52,208.12,200.85,200.89,199.79907333034748,202.70856264333807,192.2390989522059,162.87000758260757,0.312348440851689,3.5225105939074126,3.2101621530557236,0,,,41.64101227511601,44.32291029733968,,,,,44.32291029733968,,53.69965509841428,,,82.40941047995454,85.93270387117876,,,,,60,100,-40,,,,,,44.32291029733968,,,,106,,-18.97856409240724,-162.55847228033517,-18.97856409240724,0.17296555681435535
2014-12-15,201.98,212.97,197.86,206.52,199.3462823781798,203.47085011467047,192.7991342874135,163.3043358653677,0.3416222893861769,3.6371900147884446,3.2955677254022677,0,,,42.22435643245838,43.756861980734016,,,,,,,60.654313782610906,,,77.5286417518975,81.42329272420348,,,,,60,100,-40,,,,,,,,,,,,-91.89155243924226,-218.45693186572876,-91.89155243924226,0.21874587257918865
2014-12-22,206.75,208.85,206.46,208.44,198.24583363688123,204.46468009173637,193.41250157026002,163.75344695128445,0.43454701825112085,3.838751498216169,3.404204479965048,0,,,46.12775840901642,43.33104237219689,,,,,,,62.722967812051216,62.722967812051216,,71.97273766411446,74.11639579913769,,,,,60,100,-40,,,,,,43.33104237219689,,,,,,-161.54763381392547,-286.0102169810508,-161.54763381392547,0.22178314713571848
2014-12-29,208.22,208.97,204.18,205.43,198.63255980567544,204.6577440733891,193.88377601848512,164.16813902142093,0.24688411477129435,3.712809623429166,3.4659255086578717,0,,,44.018893252166336,44.123669364547,,,,,44.123669364547,,57.581348219693,,,73.52985371523428,72.63069443478783,,,,,60,100,-40,,,,,,44.123669364547,,,,106,,-160.3571549386663,-283.09926843904157,-160.3571549386663,0.18691991171976732
2015-01-05,204.17,206.42,198.855,204.25,198.64880553384148,204.57619525871127,194.2902946059955,164.56696350876996,0.009415544671404152,3.477694939497127,3.4682793948257227,0,,,32.9867903591111,41.044480673431245,,,,,,,55.64416546656564,,,69.68920217391646,70.90912421815123,,,,,60,100,-40,,,,,,,,,,,,-143.9285813134542,-261.62667417739766,-143.9285813134542,0.19018004890635276
2015-01-12,204.41,205.48,198.55,201.63,198.26746228142423,203.986956206969,194.57812619007413,164.9357499415185,-0.3387406533552917,3.044853578131608,3.3835942314869,0,,,20.275163001737965,32.42694887100509,,,,,,,51.47839663228641,,,60.4888841066621,65.96901533467167,,,,,60,100,-40,,,,,,,,,,,,-58.66883925646256,-165.87636978150712,-58.66883925646256,0.15226156605138413
2015-01-20,202.4,206.26,200.17,204.97,198.00407211846536,204.18356496557521,194.98565065320847,165.33410068836906,-0.35689745416695207,2.9374724137782096,3.2943698679451616,0,,,16.96618779372301,23.409380384857315,,,,,,,56.02501512133877,,,49.13273907479363,55.43587778948038,,,,,60,100,-40,,,,,,,,,,,,-74.3654139371057,-182.9897570939604,-74.3654139371057,0.16008940156537724
2015-01-26,204.71,205.56,198.68,199.45,197.879495538575,203.23685197246016,195.16072317661207,165.6735623730619,-0.7318762763872408,2.379524522461111,3.1114007988483516,0,,,4.211666884381694,13.817672559947512,,,,,,,47.976168547528594,,,32.02680889252406,40.4729927559519,,,,,60,100,-40,,,,,,,,,,,,-12.66261140308643,-118.80980125869485,-12.66261140308643,0.12794663431918485
2015-02-02,200.05,207.24,197.86,205.55,197.65096014296248,203.69948157796813,195.56814579713708,166.0703428469618,-0.5676178717127307,2.4018784592074383,2.969496330920169,0,,,4.67016758018594,8.616007419430174,,,,,,,55.61070656869299,,,25.976131367804772,29.59062203120317,,25.976131367804772,,,60,100,-40,,,,,,,,,,,,-72.17850023888893,-172.6625646662049,-72.17850023888893,0.1448504429820455
2015-02-09,204.77,209.84,204.135,209.78,198.4216058470366,204.9155852623745,196.12547341293563,166.5052648086836,-0.19203203237097188,2.7294562904564543,2.921488322827426,0,,,21.669845584736485,10.18389334976804,,,,,,,60.018416970704514,,,29.88445044387752,26.427791655314405,,,,,60,100,-40,,,,,,10.18389334976804,,,,,,-131.78240928636367,-223.996643817804,-131.78240928636367,0.19062573643284603
2015-02-17,209.4,211.33,208.73,211.239,199.8769197151054,206.1802682098996,196.71816073007543,166.950376601632,0.11991985201014099,3.0713881378401027,2.9514682858299617,0,,,37.24219103390303,21.194068066275154,,,,,,,61.44879175375614,61.44879175375614,,46.68539634212868,37.26838565527609,,,,,60,100,-40,,,,,,,,,,,,-174.18560759793394,-256.9063449418396,-174.18560759793394,0.201900795016107
2015-02-23,210.94,212.24,210.48,210.66,200.31706830688358,207.07621456791966,197.26489952497442,167.3852982274864,0.24530045250072519,3.258093851455868,3.012793398955143,0,,,46.69527670131539,35.2024377733183,,,,,,,60.51798463863908,,,57.8180755465978,51.269916838654375,,,,,60,100,-40,,,,,,,,,,,,-195.24276985285502,-277.46882767968697,-195.24276985285502,0.2535285379493656
2015-03-02,210.78,212.06,207.1,207.5,200.84577771353474,207.16097165433573,197.6662760141911,167.78444948890444,0.08189664881200276,3.115164209970146,3.0332675611581434,0,,,46.14462593005744,43.360697888425285,,,,,43.360697888425285,,55.543477710060294,,,58.0379027647185,59.13611170323987,58.0379027647185,,,,60,100,-40,,,,,,,,,,106,,-173.38044806142682,-255.20176810156204,-173.38044806142682,0.18029438087695687
2015-03-09,207.74,208.79,204.4,205.8272,200.87957930542512,206.89421732346858,197.98631224892873,168.1629843198606,-0.1592227567303346,2.834239115245225,2.9934618719755597,0,,,36.454208493415166,43.098037041596,,,,,,,53.043056532744984,,,50.64825995635816,55.65061199836367,,,,,60,100,-40,,,,,,43.098037041596,,,,,,-174.58400295934922,-259.7105375376417,-174.58400295934922,0.10220894103346852
2015-03-16,206.71,211.27,205.8641,210.41,200.99239506932335,207.59737385877486,198.4735156901472,168.58335263508587,-0.03683223959587112,2.947421572480721,2.984253812076592,0,,,39.07761640303475,40.55881694216912,,,,,,,58.57740379437198,,,49.121041202619494,50.2069210364472,,,,,60,100,-40,,,,,,,,,,,,-294.6596387849221,-388.85407616716134,-294.6596387849221,0.0965117108992784
2015-03-23,210.42,211.11,204.12,205.74,200.94675256437168,207.22589908701988,198.75847585916102,168.95307051931388,-0.28342479008161137,2.629972824474578,2.9133976145561893,0,,,31.32873732182322,35.62018740609105,,,,,,,51.833309861284555,,,44.73334777597378,45.78694120877301,,,,,60,100,-40,,,,,,,,,,,,-230.17606809675445,-315.42606231858656,-230.17606809675445,0.034607667044699336
2015-03-30,206.98,208.61,204.51,206.435,200.68334166691656,207.0677192696159,199.05951602154687,169.32602504150975,-0.4053342411811518,2.4067298130797496,2.8120640542609014,0,,,22.50418279463119,30.970178839829725,,,,,,,52.711084196286144,,,44.572229208003705,45.21484353199344,,,,,60,100,-40,,,,,,,,,,,,-242.8713284427991,-325.3485964424799,-242.8713284427991,0.022349628918068066
2015-04-06,205.37,210.09,205.21,210.04,200.8516029764225,207.66217541569273,199.49012323638817,169.7311392202012,-0.2560708057902734,2.49197554702306,2.748046352813333,0,,,26.16941255814821,26.66744422486754,,,,,,,57.10384000475719,,,43.12838947563772,43.46653704461599,,43.12838947563772,,,60,100,-40,,,,,,,,,,,,-256.8947232713811,-339.8306698165744,-256.8947232713811,0.042027517080403594
2015-04-13,209.87,211.04,207.01,207.95,200.8964170495352,207.71974033255418,199.82188310947097,170.1114263921395,-0.30752405284574724,2.363641286756149,2.671165339601896,0,,,29.534343957882086,26.069313103553835,,,,,,,53.9559457338824,,,47.06934604776971,45.21463722155321,,,,,60,100,-40,,,,,,26.069313103553835,,,,,,-209.2775008584027,-283.49782075901544,-209.2775008584027,0.02419621777882786
2015-04-20,209.06,211.97,208.9,211.6499,201.4703586888541,208.50577226604335,200.28572690909957,170.52474453749133,-0.1118865624371077,2.5313071365555118,2.6431936989926195,0,,,41.02586145892013,32.24320599165014,,,,,,,58.3583375197281,,,57.08342357433217,51.4702859823275,,,,,60,100,-40,,,,,,,,,,,,-235.7725007023295,-304.6800351664671,-235.7725007023295,0.026156597280824256
2015-04-27,212.33,212.48,207.62,210.72,201.62318306822166,208.94861781283467,200.69491408913487,170.92469732816306,-0.06684103308676947,2.5596424076341577,2.626483440720927,0,,,44.741707014031235,38.43397081027782,,,,,,,56.877644255587995,,,60.00579094579149,57.90804948297651,,,,,60,100,-40,,,,,,,,,,,,-154.72295512008776,-227.46548331801853,-154.72295512008776,0.10264770731058152
2015-05-04,211.23,212.02,206.76,211.62,201.64509142049155,209.48289425026775,201.12334883073743,171.32962571295747,-0.001612701304539499,2.624467564090253,2.6260802653947923,0,,,45.6160840157068,43.794550829552726,,,,,,,57.995100451140026,,,66.4469852945991,64.42351604103537,,,,,60,100,-40,,,,,,,,,,,,-142.95514509825364,-218.83539544201514,-142.95514509825364,0.13546350074017963
2015-05-11,211.57,212.61,208.62,212.44,202.39839203331357,210.0743154002142,201.5671390726693,171.73868416357482,0.06774470566647173,2.710761147477882,2.6430164418114104,0,,,50.25438437281016,46.87072513418273,,,,,,,59.042694109096104,,,66.84315098145521,66.06507222991992,,,,,60,100,-40,,,,,,,,,,,,-163.32693689857112,-242.68350536164877,-163.32693689857112,0.15027443255922912
2015-05-18,212.24,213.78,212.16,212.99,203.09564974521976,210.65745232017136,202.01509440315286,172.1491450176686,0.11866913397294754,2.7913528592775947,2.672683725304647,0,,,58.42059776639043,51.43035538496914,,,,,,,59.77170741255532,,,71.23675613628967,69.64129913843315,71.23675613628967,,,,60,100,-40,,,,,,,,,,,,-142.7220392806491,-229.4683225686217,-142.7220392806491,0.16907617707585848
2015-05-26,212.4,212.98,210.2,211.14,203.57096047770406,210.7539618561371,202.37293383832332,172.53711372396043,0.0019377215551150684,2.6751058772485408,2.6731681556934257,0,,,55.81724590630074,54.83074268183378,,,54.83074268183378,,54.83074268183378,,56.131061258302516,,,68.85480550721931,69.54076347039381,,,,,60,100,-40,,,,,,,,,,106,,-150.40894122962203,-234.1104457379632,-150.40894122962203,0.13085515680892967
2015-06-01,211.94,212.67,208.98,209.77,203.8451775864395,210.55716948490968,202.66301486427142,172.90759020431904,-0.1831298080937649,2.4442558955762195,2.6273857036699844,0,,,47.686058152924666,53.97463394187196,,,,,,,53.516025650111104,,,57.42463489559141,63.96258261734345,,,,,60,100,-40,,,,,,53.97463394187196,,105,,,,-179.42549736969073,-265.18127378560627,-179.42549736969073,0.11588203370521682
2015-06-08,209.64,212.09,207.69,210.01,203.97123633026524,210.44773558792775,202.95113192841762,173.27676841124122,-0.2981637177962382,2.254681056424687,2.552844774220925,0,,,36.92553748890197,46.8096138493758,,,,,,,53.92341290466077,,,41.72780446036522,50.62778590965365,,,,,60,100,-40,,,,,,,,,,,,-185.8935887570197,-266.9664967336779,-185.8935887570197,0.08862415814513319
2015-06-15,208.64,213.34,207.79,210.81,203.98686230667485,210.5201884703422,203.25932283318556,173.65023340217414,-0.3268541764988262,2.144277053597392,2.4711312300962183,0,,,34.0103264722221,39.54064070468292,,,,,,,55.336906473484895,,,34.78644231857671,38.321848705517404,,,,,60,100,-40,,,,,,,,,,,,-245.73111807392522,-323.8816791457364,-245.73111807392522,0.15292140529751766
2015-06-22,211.905,212.59,209.16,209.82,203.83708642762664,210.38015077627375,203.5166042907077,174.0101315772769,-0.41341088306090734,1.9543676262700842,2.3677785093309915,0,,,30.210623945395263,33.71549596883978,,,,,,,53.15099656230145,,,30.45322258263117,31.246326026993795,,,,,60,100,-40,,,,,,,,,,,,-261.9618238786661,-346.8122829374207,-261.9618238786661,0.08882110163881608
2015-06-29,208.045,209.828,205.28,207.31,204.00086596851045,209.766120621019,203.66536490675838,174.34147355163236,-0.6277601891156239,1.5830782729364614,2.2108384620520853,0,,,3.9379539879002685,22.719634801839216,,,,,,,47.94870274015249,,,23.898429968712676,27.177003751832483,,,,,60,100,-40,,,,,,,,,,,,-180.6960377189086,-266.4827769487988,-180.6960377189086,0.03637999996164598
2015-07-06,205.77,208.17,204.11,207.48,203.99323268504543,209.3088964968152,203.81495843982668,174.67121013320815,-0.7385087444742262,1.2877025314593027,2.026211275933529,0,,,-15.506024950198011,6.214184327699177,,,,,,,48.31984853934655,,,12.911111776801372,19.025549719366044,,12.911111776801372,,,60,100,-40,,,,,,,,,,,,-149.66039449728885,-244.39499932174445,-149.66039449728885,0.04643565676002945
2015-07-13,208.99,212.55,208.94,212.48,204.0558589218279,209.94311719745215,204.15476399120604,175.04741699755434,-0.4685942070484619,1.4404685171229517,1.9090627241714135,0,,,-1.1447458626439886,-4.237605608313907,,,,,,,57.88753336782482,,,23.699614167043862,18.70393958847933,,,,,60,100,-40,,,,,,-4.237605608313907,,,,,,-148.81305004323636,-248.14136308142724,-148.81305004323636,0.11935699276803514
2015-07-20,212.75,213.18,207.6,208,203.96972614169735,209.55449375796172,204.30555756017836,175.37530339558862,-0.5781602158062757,1.186362454413569,1.7645226702198447,0,,,-1.0522327117388361,-5.9010011748602755,,,,,,,49.069618867064314,,,26.754031954658146,22.250006622290353,,,,,60,100,-40,,,,,,,,,,,,20.971140873715726,-92.11566070298595,20.971140873715726,0.1306026271853579
2015-07-27,206.94,211.45,206.26,210.5,203.81688856014753,209.7435950063694,204.54847687154393,175.72480286428922,-0.47306861039481674,1.1731869072263237,1.6462555176211404,0,,,-2.569944276733537,-1.5889742837054506,,,,,,,53.364232230407374,,,39.98431760197266,34.98049530914492,39.98431760197266,,,,60,100,-40,,,,,,-1.5889742837054506,,,,,,9.885478896676503,-105.36735875698852,9.885478896676503,0.1854590901411304
2015-08-03,210.46,211.31,206.87,207.95,203.73068223442272,209.38487600509552,204.68186993540496,176.04545159200774,-0.5601438298666364,0.9460757302878449,1.5062195601544812,0,,,-9.810645451393043,-4.477607479955135,,,,,,,48.815722343322655,,,25.328937486311254,31.72601803861222,,,,,60,100,-40,,,,,,,,,,,,123.54266455182625,-2.5732935284450775,123.54266455182625,0.11365119690118926
2015-08-10,209.28,210.67,205.36,209.42,203.24777636053534,209.3919008040764,204.86767895754593,176.37753665079373,-0.5052771757548076,0.8746230904609718,1.3799002662157793,0,,,-16.789917952287354,-9.723502560137975,,,,,,,51.40257332447872,,,27.554987971623582,29.757493193014472,,,,,60,100,-40,,,,,,,,,,,,138.35308917876694,15.167305294908573,138.35308917876694,0.17273779817696513
2015-08-17,208.71,210.68,197.52,197.63,203.14864947763996,207.03952064326114,204.5838484101912,176.58900394780076,-1.2093908991547848,-0.1318383577277018,1.077552541427083,0,,,-46.16670027408818,-24.25575455925619,,,,,,,35.71780341874154,,,14.44292531228217,18.292547577201837,,,,,60,100,-40,,,,,,,,,,,,338.6525275099002,196.9550679685616,338.6525275099002,0.08841108771650923
2015-08-24,187.49,199.835,182.4,199.28,201.9351745149514,205.4876165146089,204.37585435488958,176.81478500304652,-1.491842166209268,-0.787250166334502,0.7045919998747661,0,,,-69.76783875196128,-44.2414856594456,,,,,,,38.56014155769745,,,14.864279978408351,16.418586438602983,,,,,60,100,-40,,,,,,,,,,,,281.6247952353729,153.87232833791404,281.6247952353729,0.17341555764445665
2015-08-31,198.11,199.125,190.73,192.59,200.19766204959774,202.90809321168712,203.91366398803117,176.97175231644906,-2.0240361186119125,-1.8254531483901246,0.19858297022178795,0,,,-77.90151839158447,-64.61201913921131,,,,,,,32.289032591189496,,,6.86826553464522,9.409951908716673,,6.86826553464522,,,60,100,-40,,,,,,,,,,,,269.51119610166876,161.35008682192966,269.51119610166876,0.1468337013440223
2015-09-08,195.94,199.47,194.25,196.74,199.85354333176932,201.67447456934968,203.6323438316378,177.16845129837495,-1.9884687979590088,-2.287003027226973,-0.29853422926796425,0,,,-76.31724663651038,-74.6622012600187,,,,,,,38.960214894112895,,,11.696592698305311,10.257434518849534,,,,,60,100,-40,,,,,,,,,,,,264.14552408318355,168.37734376339705,264.14552408318355,0.1171960188476738
2015-09-14,196.95,202.89,194.96,195.45,199.77257595092865,200.42957965547976,203.31146760294612,177.35035725560505,-1.9415401769910947,-2.7254594505068326,-0.7839192735157379,0,,,-71.75349551952665,-75.32408684920716,,,,-75.32408684920716,,-75.32408684920716,37.70910980679656,,,13.538156802215997,11.13466091069172,,,,,60,100,-40,,,,,,-75.32408684920716,-107,,,,,226.11906515896837,146.85419035187027,226.11906515896837,0.04782498863090164
2015-09-21,196.44,197.68,190.56,192.85,199.54739195443375,198.9136637243838,202.90121397145805,177.5045825565443,-1.969126565752263,-3.2453274807060666,-1.2762009149538036,0,,,-73.29869038738283,-73.78981084780662,,,,,,,35.238332842331474,,,18.00757333014929,16.273137557949994,,,,,60,100,-40,,,,,,,,,,,,285.9155987664287,202.88070119698475,285.9155987664287,-0.008792532851653498
2015-09-28,191.78,195.03,186.93,195,199.45400681483133,198.13093097950704,202.59136244316556,177.6786663122006,-1.7343494540421838,-3.444137732506533,-1.7097882784643494,0,,,-73.9921006368423,-73.01476218125059,,,,,,,38.82888217731184,,,18.90274407074279,18.372287484393617,,,,,60,100,-40,,,,,,-73.01476218125059,,,,,,397.5673080816234,308.7205737066239,397.5673080816234,0.02302581109101556
2015-10-05,196.46,201.9,196.33,201.33,197.2472920423434,198.77074478360564,202.54189724931592,177.91400296581054,-1.0767246192225872,-3.0556940524925835,-1.9789694332699963,0,,,-58.96555108624261,-68.75211403682258,,,,,,,48.02068656296329,,,28.270024187987715,23.928814533854005,,,,,60,100,-40,,,,,,-68.75211403682258,-107,,,,,292.555070248601,211.68046939632865,292.555070248601,0.05882111679826338
2015-10-12,201.42,203.29,198.94,203.27,197.2081997536046,199.67059582688452,202.57045029836235,178.16630144376268,-0.4662462749477405,-2.561777276954672,-2.0955310020069313,0,,,-42.60737700622512,-58.52167624310334,,,,,,,50.49071057949511,,,43.50398879670209,34.7631030231544,,,,,60,100,-40,,,,,,,,,,,,205.7268756579462,133.1931113242689,205.7268756579462,0.10477721501213841
2015-10-19,202.5,207.95,201.65,207.51,196.45618548548995,201.2384766615076,202.7641581297991,178.45827854382475,0.23052257521157626,-1.8073777829924609,-2.037900358204037,0,,,-23.031149945261987,-41.534692679243236,,,,,,,55.497727497240895,,,65.52791448983015,53.97798434800789,,,,,60,100,-40,,,,,,,,,,,,88.32198917468325,17.158000174401877,88.32198917468325,0.1644658680382291
2015-10-26,207.3,209.44,205.79,207.93,196.4821722365264,202.57678132920609,202.96674016392464,178.75152950358768,0.7005419848908301,-1.1622228770904997,-1.8627648619813297,0,,,-6.185342963022478,-23.941289971503192,,,,,,,55.97551217469787,,,81.62089573591926,73.14112766843519,,,,,60,100,-40,,,,,,,,,,,,89.53617296110444,8.583818324510624,89.53617296110444,0.16916555959400978
2015-11-02,208.32,211.66,208.17,210.04,197.50487421963166,204.06942506336486,203.24412290259426,179.0628575682286,1.11005521898139,-0.4751958382545922,-1.5852510572359821,0,,,8.294214485890704,-6.974092807464582,,,,,,,58.405907671091136,,,94.52975140584263,89.05950281168526,94.52975140584263,,,,60,100,-40,,,,,,,,,,,,-3.106767577278191,-82.06778500721856,-3.106767577278191,0.16959181554834937
2015-11-09,209.31,209.49,202.435,202.54,197.8673832039437,203.7635400506919,203.21651023974744,179.2964609755099,0.8443592043199057,-0.5298020518361,-1.3741612561560057,0,,,9.682721048945055,3.930530857271099,,,,,,,48.16662037012803,,,89.91209302716064,92.48121246443115,,,,,60,100,-40,,,,,,,,,,,,132.9126447094997,30.126357721366688,132.9126447094997,0.14819249949482025
2015-11-16,202.32,210.12,202.18,209.3108,197.65042726080483,204.8729920405535,203.45550199505146,179.59511111505705,1.0781879890341017,-0.026426269863378593,-1.1046142588974803,0,,,15.525611373423645,11.167515636086472,,,,,,,55.75304531105086,,,87.37334047489276,90.52241363491892,,,,,60,100,-40,,,,,,,,,,,,113.29216385322702,1.9215654083909328,113.29216385322702,0.18657671746160817
2015-11-23,209.38,209.98,207.41,209.56,197.4011110278902,205.8103936324428,203.6948940736769,179.8932692134147,1.1942008644397073,0.3881368216521537,-0.8060640427875535,0,,,22.893137999241322,16.03382347387001,,,,,,,56.00976200376563,,,82.87781056294904,84.3307155076637,,,,,60,100,-40,,,,,,,,,,,,50.87540678900396,-60.245991938589256,50.87540678900396,0.16927656334496555
2015-11-30,209.75,211,204.7511,209.62,197.93674595446947,206.57231490595424,203.9272511688268,180.18905757945038,1.2154912964068325,0.7133000777209872,-0.5021912186858453,0,,,26.54789386639682,21.655547746353932,,,,,,,56.076233524713615,,,88.51803744052188,85.67131195353619,88.51803744052188,,,,60,100,-40,,,,,,,,,,,,75.26169646373056,-37.47399340430029,75.26169646373056,0.16027717175045972
2015-12-07,209.23,209.7295,201.51,201.88,197.90856410057881,205.6338519247634,203.84696680926498,180.40488785229167,0.6757473279700157,0.3424929412766744,-0.3332543866933413,0,,,18.243869205982413,22.56163369054019,,,,,22.56163369054019,,46.2992464011368,,,80.5439357861768,83.46938502952389,,,,,60,100,-40,,,,,,22.56163369054019,,,,,,201.57775165214315,71.15764176011797,201.57775165214315,0.13837980614902018
2015-12-14,202.07,208.48,199.83,200.0208,197.60088095053746,204.51124153981073,203.6969210520389,180.6000710577415,0.18641088964143415,-0.10024077464154857,-0.2866516642829827,0,,,7.4224287775616276,17.404730616646958,,,,,,,44.28979665195445,,,68.5752534512601,76.53343909321437,,,,,60,100,-40,,,,,,,,,,,,254.01816044266258,124.58352507646012,254.01816044266258,0.04169931201347543
2015-12-21,201.41,206.33,200.09,205.68,197.2536751683562,204.74499323184858,203.77468885391974,180.84962258950526,0.2337025948380737,0.005476579264609427,-0.22822601557346428,0,,,2.8886860519859656,9.518328011843343,,,,,,,51.26469600780265,,,58.705363738674414,63.91157045737109,,,,,60,100,-40,,,,,,,,,,,,189.6512221803603,73.75015688074008,189.6512221803603,0.08328655021058261
2015-12-28,204.86,207.79,203.87,203.87,197.26566979918792,204.56999458547887,203.77842654592288,181.07868107120171,0.13766376477559183,-0.05614630960397449,-0.19381007437956632,0,,,3.6776060277416134,4.662906952429743,,,,,,,49.13329705314277,,,55.726920342665956,56.39251637865387,,,,,60,100,-40,,,,,,,,,,,,203.35099996574937,72.15921926606008,203.35099996574937,0.0378832633840741
2016-01-04,200.49,201.9,191.58,191.923,197.6181219563888,202.0405956683831,203.31350785784747,181.18658474213504,-0.6904107755309526,-1.0568235437932572,-0.3664127682623045,0,,,-21.854329526193226,-5.096012482155215,,,,,,,37.87362719154567,,,45.77926115677654,50.02975091005222,,,,,60,100,-40,,,,,,,,,,,,410.0144545174314,269.94845212677643,410.0144545174314,0.03790855048232995
2016-01-11,193.01,194.86,185.52,187.81,196.74968467378957,199.1944765347065,202.70552715753973,181.25248937156653,-1.432380917238154,-2.156888914809997,-0.724507997571843,0,,,-41.954113398622155,-20.043612299024588,,,,,,,34.89146724050748,,,28.118694591918032,38.20687122350375,,,,,60,100,-40,,,,,,,,,,,,776.3754627869891,600.8669153764536,776.3754627869891,-0.12595962846063508
2016-01-19,189.96,190.76,181.02,190.52,196.36470719709033,197.4595812277652,202.22766334744014,181.34470340767035,-1.6427945830677273,-2.778001226406502,-1.1352066433387749,0,,,-53.486681054888194,-39.09837465990119,,,,,,,38.356097137662395,,,13.344983896386324,21.56231428915146,,13.344983896386324,,,60,100,-40,,,,,,,,,,,,662.4890150075368,517.0729307625529,662.4890150075368,-0.02313369443568036
2016-01-25,189.92,193.88,187.06,193.7208,195.53008525444102,196.71182498221216,201.8940608632268,181.46784864739502,-1.4739427451628113,-2.977635074792289,-1.5036923296294777,0,,,-54.15309537325622,-49.864629942255526,,,,,,,42.28574290881892,,,14.497222502535283,13.038154117256022,,,,,60,100,-40,,,,,,,,,,,,604.7637395516209,474.8778524420888,604.7637395516209,0.038489009748647066
2016-02-01,192.53,194.58,187.1,187.95,195.56222202198094,194.95945998576974,201.34723494702183,181.5323476658289,-1.6454132685106932,-3.5604589152678443,-1.915045646757151,0,,,-55.50250445592407,-54.38076029468949,,,,,,,37.603718627558386,,,16.765645378215215,13.653808786966545,,,,,60,100,-40,,,,,,,,,,,,654.8066959967808,532.172788361709,654.8066959967808,0.04157333048186704
2016-02-08,185.77,188.34,181.09,186.63,195.49777759183945,193.2935679886158,200.77008847851118,181.58307057462662,-1.733412598785082,-4.081811395238503,-2.3483987964534214,0,,,-60.282128480044214,-56.64590943640817,,,,,,,36.59953017858917,,,17.575838624991082,17.74636252681515,,,,,60,100,-40,,,,,,,,,,,,646.6600239973661,519.9595541141255,646.6600239973661,0.09335930898523834
2016-02-16,188.77,193.32,187.63,192,195.47079347813664,193.03485439089263,200.4261634401382,181.68672161368505,-1.3335897631556368,-4.015386000397967,-2.6817962372423305,0,,,-54.49989118248215,-56.761508039483466,,,,,,-56.761508039483466,43.27554400379744,,,19.481503038369098,19.061450692342277,,,,,60,100,-40,,,,,,-56.761508039483466,-107,,-106,,,559.0854741796633,439.9669079115572,559.0854741796633,0.050980719479475134
2016-02-22,193.87,196.68,189.32,195.0892,191.58573680112687,193.4457235127141,200.21687075621122,181.82007960757872,-0.791484625150753,-3.671152018680772,-2.8796673935300188,0,,,-44.300870069400474,-53.027629910642275,,,,,,,46.76875804283757,,,29.392054459516316,24.022744756648894,,,,,60,100,-40,,,,,,,,,,,,465.615387965179,350.88201556400134,465.615387965179,0.03946683151038887
2016-02-29,195.11,201.35,193.33,200.43,191.5410413153321,194.8425788101713,200.22522876577156,182.00525294481673,-0.04312193819022969,-2.9335698162678057,-2.890447878077576,0,,,-27.13063974984922,-41.97713366724395,,,,,,,52.27349856332602,,,48.668453074814394,37.999956424102116,,,,,60,100,-40,,,,,,,,,,,,370.9580446987827,266.1761945523648,370.9580446987827,0.03688920476701506
2016-03-07,199.34,202.81,197.38,202.76,191.40525264995125,196.42606304813702,200.32463155927073,182.2117678408882,0.6032446373193432,-2.136392081428397,-2.7396367187477404,0,,,-10.42743904359724,-27.286316287615637,,,,,,,54.497412903157226,,,68.5799889902769,57.81457296711606,,,,,60,100,-40,,,,,,,,,,,,293.5111274808223,194.14415917920758,293.5111274808223,0.04494254010858227
2016-03-14,202.16,205.23,201.05,204.38,190.34916317495473,198.0168504385096,200.48366561576992,182.43234726535698,1.1051129643433404,-1.3582455133185647,-2.463358477661905,0,,,4.670563159716282,-10.962505211243387,,,,,,,56.04030078263252,,,85.71221811458335,77.52669774203278,,,,,60,100,-40,,,,,,,,,,,,207.4181952115819,115.20885751026074,207.4181952115819,0.06378428980105667
2016-03-21,204.07,205.23,201.74,203.12,190.75422294817224,199.0374803508077,200.5870512778966,182.63819455624895,1.3037901738301847,-0.8336207603741741,-2.137410934204359,0,,,14.386508283554098,2.8765441332243893,,,,,,,54.48368166007412,,,94.00361692827272,90.31259433927927,,,,,60,100,-40,,,,,,,,,,,,197.88761426402152,112.44361069021335,197.88761426402152,0.05645367930459244
2016-03-28,203.61,207.14,202.4,206.92,193.76892130901706,200.61398428064615,200.83540220817517,182.87980456066438,1.6219638543945205,-0.10995611621120815,-1.7319199706057287,0,,,23.668333649255477,14.241801697508627,,,,,,,58.270706017504054,,,97.0618226789108,96.42900584055542,97.0618226789108,,,,60,100,-40,,,,,,,,,,,,128.2716843978358,47.453863291992704,128.2716843978358,0.12989373980873878
2016-04-04,206.83,207.07,203.09,204.4992,194.03114121551585,201.39102742451692,200.9790805529526,183.09492292324484,1.5976627111160027,0.2651584182892748,-1.3325042928267279,0,,,28.600012841578902,22.218284924796166,,,,,,,55.10645542811799,,,94.88586721009133,96.29025336367874,,,,,60,100,-40,,,,,,,,,,,,100.40410541641111,29.73497905708495,100.40410541641111,0.0864665868977637
2016-04-11,205.25,208.6,203.7,207.78,195.24320255726474,202.66882193961354,201.24578327636624,183.34054558072498,1.7202002847092568,0.8177460630598432,-0.9024542216494136,0,,,34.14502023058384,28.80445557380608,,,,,,,58.421379727754804,,,95.72058112178685,95.65432070433594,,,,,60,100,-40,,,,,,,,,,,,53.05790443160909,-15.671380771475967,53.05790443160909,0.09447035908965441
2016-04-18,207.14,210.92,207,208.97,196.62868808888868,203.92905755169082,201.54869373611658,183.59556502768294,1.7909992432880297,1.3362948324606236,-0.4547044108274061,0,,,40.32320141212567,34.35607816142948,,,,,,,59.59375729069396,,,95.40261479211546,95.01838804499316,,,,,60,100,-40,,,,,,,,,,,,22.50192180768014,-41.912947903934885,22.50192180768014,0.06677182104999461
2016-04-25,208.26,209.81,205.03,206.3308,196.95021036825378,204.40940604135267,201.7362273150924,183.82178627118859,1.5772053940728616,1.516802331763671,-0.06040306230919068,0,,,40.69604326058521,38.38808830109825,,,,,,,55.81266211279459,,,95.21421019579607,95.50052586751691,,,,,60,100,-40,,,,,,,,,,,,0.22884511537466068,-54.29241192140125,0.22884511537466068,0.10181076785532653
2016-05-02,206.92,208.18,203.88,205.72,197.1259096276642,204.67152483308215,201.8924536948927,184.0396789451071,1.322094692423604,1.5922153032203141,0.2701206107967103,0,,,38.20146551137199,39.74023672802763,,,,,39.74023672802763,,54.93871694306379,,,90.8993782610522,93.12837314635435,,,,,60,100,-40,,,,,,39.74023672802763,,,,,,38.36905509439745,-17.148337026601013,38.36905509439745,0.17773372370335658
2016-05-09,205.57,208.54,204.38,204.76,197.35763036854536,204.68921986646572,202.00490649117143,184.245851293912,1.0291622631985768,1.5565734397949313,0.5274111765963545,0,,,35.75841433299899,38.21864103498541,,,,,,,53.51200280371588,,,84.24836860318084,88.02375377654674,,,,,60,100,-40,,,,,,,,,,,,76.84740871359793,15.969542432781019,76.84740871359793,0.12421220384371286
2016-05-16,204.96,207.34,202.78,205.49,197.59279962793497,204.84937589317258,202.14157682485097,184.4572358581517,0.8333860927214841,1.5691437924982097,0.7357576997767256,0,,,31.584859901170663,35.181579915180556,,,,,,,54.485691514782594,,,78.69100132909621,81.63134236593935,,78.69100132909621,,,60,100,-40,,,,,,,,,,,,65.60242531112557,2.1568983540935704,65.60242531112557,0.1579579174568432
2016-05-23,205.51,210.25,204.985,210.24,199.02402822593962,205.92750071453807,202.45916204740584,184.71378077498602,0.9634160464242436,1.9400277578070302,0.9766117113827866,0,,,37.31558477200552,34.88628633539172,,,,,,,60.34104855364302,,,80.70938824739684,79.41060505421542,,,,,60,100,-40,,,,,,34.88628633539172,,,,,,10.03834798183,-50.96253771028708,10.03834798183,0.2680128527734366
2016-05-31,210.56,210.93,208.86,210.28,199.11302620980106,206.79800057163047,202.76586157495856,184.96817101603094,0.9880615651820115,2.211688667860301,1.2236271026782894,0,,,43.852368999338815,37.584271224171665,,,,,,,60.38753921704466,60.38753921704466,,86.43018621314748,82.65480103978157,,,,,60,100,-40,,,,,,,,,,,,-16.332260742139084,-78.06025812659853,-16.332260742139084,0.3532837979307496
2016-06-06,210.7,212.52,209.43,210.07,199.614952909101,207.45240045730438,203.05229837594058,185.2179404586575,0.9271557948082005,2.38257184618854,1.4554160513803396,0,,,48.420539041036584,43.196164270793645,,,,,,,59.987587722941605,,,94.12949990366303,90.11818565860443,94.12949990366303,,,,60,100,-40,,,,,,,,,,,,-6.999122425386517,-68.41293846721697,-6.999122425386517,0.2705315411170611
2016-06-13,209.36,210.37,205.59,206.52,199.93531341559378,207.2659203658435,203.1882866749233,185.42990125011363,0.6005567421839146,2.206111979110233,1.6055552369263182,0,,,41.600987672118706,44.62463190416471,,,,,44.62463190416471,,53.49864503574412,,,75.10530834461315,84.63925055611533,,,,,60,100,-40,,,,,,44.62463190416471,,,,,,7.909808924683759,-55.97422238226842,7.909808924683759,0.16300077611027813
2016-06-20,208.82,210.87,202.72,203.13,199.9913624573371,206.4387362926748,203.18600092296552,185.60602163568464,0.1333891855124103,1.772291718816831,1.6389025333044207,0,,,28.78793143568837,39.603152716281215,,,,,,,48.11444181460119,,,48.77738524682387,65.31673769387008,,,,,60,100,-40,,,,,,,,,,,,75.56257093837765,6.9301816872349065,75.56257093837765,0.16895291831308287
2016-06-27,201.59,210.49,198.65,209.9208,199.56197942467014,207.13514903413986,203.45011069069236,185.8479597288619,0.2520165599063575,1.9539232331873677,1.7019066732810102,0,,,21.636343758174746,30.675087621993935,,,,,,,57.41516955017221,,,33.91559921869951,41.41014934257192,,33.91559921869951,,,60,100,-40,,,,,,,,,,,,-11.812441959509208,-77.96621498317144,-11.812441959509208,0.19765120787880217
2016-07-05,208.95,212.94,207.06,212.65,201.00612375147944,208.2381192273119,203.8108906636064,186.11464669673393,0.47181398529063934,2.2916741548943094,1.81986016960367,0,,,33.49892383391964,27.974399675927582,,,,,,,60.498108065638405,,,49.10351172272597,39.21652633501418,,,,,60,100,-40,,,,,,27.974399675927582,,,,,,-106.0283616032348,-162.88144862259483,-106.0283616032348,0.2116194090785984
2016-07-11,213.19,217.0125,212.95,215.83,204.17782919780234,209.75649538184953,204.28222828464143,186.41032185398035,0.7711943377477963,2.7838530917884157,2.0126587540406193,0,,,49.45276727126949,34.86267828778795,,,,,,,63.805644607970855,,,75.78447799672487,59.245125549678654,,,,,60,100,-40,,,,,,,,,,,,-135.841386766283,-190.53936705485032,-135.841386766283,0.19929699269627907
2016-07-18,215.97,217.37,215.63,217.24,205.79691282653073,211.25319630547963,204.79037619504766,186.7170848206074,0.9900467414887961,3.2502171809016147,2.2601704394128186,0,,,59.209416933263995,47.3870360128177,,,,,,,65.20509190343822,,,91.88572125903482,83.77144251806963,,,,,60,100,-40,,,,,,,,,,,,-173.87022553604976,-230.44130031760483,-173.87022553604976,0.1842694095423752
2016-07-25,217,217.54,215.62,217.12,206.36570476749284,212.4265570443837,205.2738908540654,187.01960138955658,1.047055639988809,3.5689899893988297,2.521934349410021,0,,,63.0938332898875,57.25200583147366,,,,,,,64.97347192610712,,,98.43619093132762,97.29905307660658,,,,,60,100,-40,,,,,,,,,,,,-206.80291180222255,-263.08833662349485,-206.80291180222255,0.14592417336978966
2016-08-01,217.19,218.23,214.25,218.18,207.80815442695763,213.57724563550698,205.78001278135696,187.32965510707342,1.0725540558751248,3.862626919253927,2.790072863378802,0,,,63.968831642432534,62.090693955194666,,,,,,,66.1249641061326,,,99.64444065504054,99.71555252403243,,,,,60,100,-40,,,,,,,,,,,,-252.83874602000026,-300.7086390555867,-252.83874602000026,0.14878111250556447
2016-08-08,218.4,218.94,217.23,218.46,208.26042911074637,214.55379650840558,206.27726718208805,187.63940978262494,1.0247432971972623,4.07100198487538,3.046258687678118,0,,,65.18607563090511,64.08291352107504,,,,,,,66.44067631321329,,,99.57332878604863,99.57332878604863,,,,,60,100,-40,,,,,,,,,,,,-248.6862467436365,-296.03434104548,-248.6862467436365,0.171293676179049
2016-08-15,218.89,219.5,217.02,218.54,208.82468417426446,215.35103720672447,206.7581586651434,187.9468783420018,0.918390957088628,4.194247384038903,3.275856426950275,0,,,64.5056087044701,64.55350532593592,,,64.55350532593592,,64.55350532593592,,66.53720754587198,66.53720754587198,,99.85777626201622,99.71555252403243,99.85777626201622,,,,60,100,-40,,,,,,64.55350532593592,,105,,,,-277.10692915388444,-312.20991540084725,-277.10692915388444,0.1356554665372706
2016-08-22,218.26,219.6,216.25,217.29,209.16434959038844,215.73882976537956,207.17117205082405,188.2388497017829,0.6939503616454163,4.143294379007045,3.449344017361629,0,,,61.2336870428918,63.64179045942233,,,,,,,63.4479482181733,,,96.46199166630632,98.12432802966532,,,,,60,100,-40,,,,,,,,,,,,-313.9965783986327,-356.3535671461478,-313.9965783986327,0.13606987932293252
2016-08-29,217.44,218.87,216.03,218.37,209.35546747678927,216.26506381230365,207.61034177432114,188.53866214256118,0.5543733858410373,4.142310749662926,3.5879373638218883,0,,,57.799519616938895,61.17960512143359,,,,,,,64.97025647405819,,,93.98402474004274,95.6919261957582,,,,,60,100,-40,,,,,,,,,,,,-360.54265505342676,-413.38019130139367,-360.54265505342676,0.13252813728087567
2016-09-06,218.7,219.22,213.25,213.28,209.60579122844717,215.66805104984292,207.83268131258305,188.78484460880435,0.08028562361688918,3.688294393343,3.6080087697261107,0,,,46.95200438557999,55.32840368180356,,,,,,,53.577486885214945,,,77.78616702607535,85.66202815985633,,,,,60,100,-40,,,,,,,,,,,,-291.3530814073491,-353.6747019738675,-291.3530814073491,0.08357515343737348
2016-09-12,212.39,216.81,212.31,213.37,209.39109185498666,215.20844083987433,208.04983106503076,189.02947302065704,-0.24822204369646572,3.2977312151055287,3.5459532588019944,0,,,34.249062868382936,46.333528956967264,,,,,,,53.732895071361064,,,62.37669649272239,71.73495554051661,,,,,60,100,-40,,,,,,,,,,,,-264.7434302423766,-334.824756160437,-264.7434302423766,0.05765817818187788
2016-09-19,214.13,217.53,213.03,215.99,209.40172815105905,215.36475267189945,208.36121023895112,189.29773697070024,-0.30623757541465624,3.1631562895336742,3.4693938649483305,0,,,29.309935460799203,36.8370009049207,,,,,,,58.15113978307424,,,47.97528158455496,54.719826626583114,,,,,60,100,-40,,,,,,,,,,,,-282.06280656194446,-353.03843685853934,-282.06280656194446,0.0787484821636074
2016-09-26,215.02,217.12,213.62,216.3,209.4116047116977,215.55180213751956,208.6725353276197,189.56641620482262,-0.3383934328454421,3.046402073891528,3.38479550673697,0,,,25.97430383447759,29.844434054553233,,,,,,,58.65719728215452,,,44.77290300529791,45.94874499951269,,,,,60,100,-40,,,,,,,,,,,,-278.0513871870455,-350.6678119751686,-278.0513871870455,0.1449943816686492
2016-10-03,215.82,216.3,213.99,215.04,209.56363294657643,215.44944171001563,208.9222398245758,189.81988470029702,-0.45207774934679534,2.819698320053476,3.2717760694002713,0,,,19.558606095505446,24.94761513026074,,,,,,,55.691828797442476,,,39.40744366394493,40.91067122037495,,,,,60,100,-40,,,,,,,,,,,,-243.86022588030997,-316.9100279796834,-243.86022588030997,0.13113965963130952
2016-10-10,216.155,216.7,211.21,213.12,209.87480202182095,214.9835533680125,209.08685787067085,190.05172664357764,-0.6519922862824017,2.456785711547269,3.108777997829671,0,,,5.837732405066154,17.12354744501639,,,,,,,51.402089284742566,,,26.171623316568308,33.46113093793367,,,,,60,100,-40,,,,,,,,,,,,-159.52200299298084,-244.74456834701368,-159.52200299298084,0.07616667178908683
2016-10-17,213.09,214.64,212.17,213.98,209.70945902026233,214.78284269441,209.27874579731122,190.28981891578084,-0.7165752767419074,2.2130589019022864,2.9296341786441937,0,,,-4.337232031208313,7.019702156454422,,,,,,,53.15306433876692,,,15.763198791748348,22.078182346553643,,,,,60,100,-40,,,,,,,,,,,,-136.8816388124389,-218.42737410210214,-136.8816388124389,0.0805520903898929
2016-10-24,215,215.32,211.71,212.54,209.9873548045293,214.334274155528,209.40663811898528,190.51121375243974,-0.8380969353763938,1.8820130094237015,2.7201099448000954,0,,,-13.701744426269238,-4.0670813508038055,,,,,,,49.89228153916433,,,7.321681789755566,10.743423627914284,,,,,60,100,-40,,,,,,,,,,,,-34.721340846540905,-150.5314879017199,-34.721340846540905,0.07969062828371175
2016-10-31,212.93,213.19,208.38,208.55,210.0825437470629,213.1774193244224,209.37304446726037,190.69070416286323,-1.1497611322767587,1.2829085294541471,2.432669661730906,0,,,-32.36511888036621,-16.801365112614594,,,,,,,42.13349867993442,,,4.824652499154548,5.74936504671225,,4.824652499154548,,,60,100,-40,,,,,,,,,,,,85.22799385283015,-64.98030828322538,85.22799385283015,0.07274071329867786
2016-11-07,211.45,218.31,211.3,216.42,209.829504907987,213.82593545953793,209.64939566462272,190.9467170567651,-0.8047670052161555,1.4267109052107116,2.231477910426867,0,,,-18.75237776372154,-21.606413690119002,,,,,,,56.56630923735168,,,14.599745326454048,9.249842639025447,,,,,60,100,-40,,,,,,-21.606413690119002,,,,,,-193.90436866586626,-334.07479768627536,-193.90436866586626,0.17824108343654813
2016-11-14,217.03,219.27,215.72,218.5,209.1752545574165,214.76074836763036,209.99647818757867,191.22087907610077,-0.4339473712106203,1.6890436964135915,2.122991067624212,0,,,0.39688662208473247,-16.906870007334348,,,,,,,59.46128152251615,,,33.25295887619226,22.588876429466,,,,,60,100,-40,,,,,,,,,,,,-360.46721072661785,-484.2430162887707,-360.46721072661785,0.12814336268187082
2016-11-21,219.17,221.56,219,221.52,212.3541649461725,216.1125986941043,210.44838100375205,191.52236286638833,-0.005402129914044984,2.1162384052316554,2.1216405351457004,0,,,19.729632359905512,0.45804707275622647,,,,,,,63.30803504168949,,,60.661950373622375,46.29764752101148,,,,,60,100,-40,,,,,,,,,,,,-517.6549905945055,-638.0170133271761,-517.6549905945055,0.11258419085153898
2016-11-28,221.16,221.82,219.15,219.68,212.57172459287443,216.82607895528344,210.8104052781147,191.8025383602551,0.12671782040847646,2.280037810656296,2.1533199902478195,0,,,29.721062731246224,16.615860571078816,,,,,,,59.576622966281555,,,73.6942093917259,66.5829283331509,,,,,60,100,-40,,,,,,,,,,,,-471.7177195773228,-596.5593745404168,-471.7177195773228,0.06081293420611838
2016-12-05,220.65,226.53,220.42,226.51,217.81945855052626,218.76286316422676,211.4260756593651,192.1478862372675,0.6191285247009004,2.9272306461239452,2.308102121423045,0,,,43.73733716826153,31.06267741980442,,,,,,,67.32188856281743,67.32188856281743,,86.08624426248795,82.00105805037752,,,,,60,100,-40,,,,,,,,,,,,-705.041770563264,-806.2758518967047,-705.041770563264,0.07940697599005253
2016-12-12,226.4,228.34,224.67,225.04,217.46164008263153,220.0182905313814,211.95995504527235,192.47517095132454,0.7804517819695116,3.283666848884934,2.5032150669154225,0,,,52.9796307906622,42.14601023005665,,,,,,,64.44291525331576,,,87.63698437020875,86.56272241632921,,,,,60,100,-40,,,,,,,,,,,,-686.8523577335795,-792.4075151882129,-686.8523577335795,-0.00316745663899423
2016-12-19,225.25,226.57,224.92,225.71,217.583665791015,221.15663242510513,212.49917249447736,192.80586576772927,0.8605900030428137,3.57895257071894,2.718362567676126,0,,,56.57566853679385,51.09754549857252,,,,,,,65.17819433331297,,,92.21564880849382,90.82849360391857,92.21564880849382,,,,60,100,-40,,,,,,,,,,,,-601.9701108729288,-719.2425124267196,-601.9701108729288,-0.04207611220067682
2016-12-27,226.02,226.73,222.73,223.53,217.98554680594248,221.6313059400841,212.93175396528218,193.11157854615982,0.7018002376968622,3.5956128647972037,2.8938126271003415,0,,,54.97291764703632,54.84273899149745,,,,,,,60.75010006707475,,,87.17200656513322,89.16451586685595,,,,,60,100,-40,,,,,,,,,,,,-492.5209998051235,-619.3802374400433,-492.5209998051235,-0.07420956196000837
2017-01-03,225.04,227.75,223.8837,227.21,218.72300774837518,222.7470447520673,213.49168518232995,193.45086632181992,0.7739510264249279,3.8612514101315014,3.0873003837065736,0,,,56.467444927915885,56.005343703915344,,,,,,,65.08767273943963,,,87.22922448227955,88.31018756025965,,,,,60,100,-40,,,,,,,,,,,,-448.42627256782833,-569.4929215418535,-448.42627256782833,-0.0558310814646624
2017-01-09,226.91,227.45,224.955,227.05,218.72636433777694,223.60763580165383,214.02338380263072,193.78518605991127,0.7402447968126831,4.012606379722428,3.2723615829097445,0,,,56.49834135515447,55.97956797670222,,,,,,,64.7506288397893,,,85.69754779103692,85.68071356244593,,85.69754779103692,,,60,100,-40,,,,,,,,,,,,-463.2578593736778,-565.9487539887893,-463.2578593736778,-0.015090314963719485
2017-01-17,226.31,227.31,225.41,226.74,218.97590974222146,224.23410864132308,214.5220746339001,194.11309465633005,0.6306965579483923,4.060732280345235,3.4300357223968425,0,,,55.26112913177709,56.07563847161581,,,,,,,64.054418231754,,,88.71230703905104,87.32181437550736,,,,,60,100,-40,,,,,,56.07563847161581,,105,,,,-414.4837031239182,-513.9580714453731,-414.4837031239182,-0.03001098085429725
2017-01-23,226.35,229.71,225.27,228.97,221.0526304749199,225.18128691305847,215.08865994237462,194.45992953537154,0.6400140977544839,4.2300533445899475,3.5900392468354636,0,,,56.45013932230838,56.06986993641332,,,,,,,66.83350141556267,,,90.91088770643637,89.40973928377383,,,,,60,100,-40,,,,,,56.06986993641332,,,,,,-414.5775752832057,-502.32933118257796,-414.5775752832057,0.04781098473337652
2017-01-30,228.17,229.55,226.32,229.34,221.35387115528277,226.01302953044677,215.6475360230658,194.80699491312905,0.6031863876940373,4.34402223145301,3.740835843758973,0,,,56.801821993684385,56.171030149256616,,,,,,,67.28809245063553,,,94.12500991873071,92.69121391728875,,,,,60,100,-40,,,,,,,,,,,,-441.0180161408047,-520.9967255130184,-441.0180161408047,0.14118477303416896
2017-02-06,228.87,231.77,228.31,231.51,223.63288035847685,227.1124236243574,216.26959343392596,195.17219894384417,0.6528633094977403,4.556914980631149,3.9040516711334083,0,,,60.084483630779395,57.77881498225739,,,,,,,69.90859076546688,,,97.72427033278822,95.85484567871198,,,,,60,100,-40,,,,,,,,,,,,-473.5601950242948,-550.8155026924695,-473.5601950242948,0.15845320500781318
2017-02-13,232.08,235.155,232.05,235.09,227.28124604715708,228.70793889948592,217.00764859337986,195.56939099415416,0.8426504107924249,4.95736468462394,4.114714273831515,0,,,66.58768072807064,61.157995450844815,,,,,,,73.67730923052464,,,99.19208348450618,98.38416696901236,,,,,60,100,-40,,,,,,,,,,,,-482.9128868380593,-557.9399567483841,-482.9128868380593,0.17256748694482674
2017-02-21,235.52,236.9,235.41,236.74,228.96829990093158,230.31435111958874,217.78146629560024,195.97904879520735,0.9852182428436622,5.3462370773860926,4.36101883454243,0,,,71.54045312516786,66.07087249467264,,,,,,,75.22648878602809,,,99.93228249781075,99.86456499562148,,,,,60,100,-40,,,,,,,,,,,,-426.01963468568493,-509.22360097595066,-426.01963468568493,0.2108312172287904
2017-02-27,236.64,240.32,236.015,238.42,230.94484990800788,231.935480895671,218.5908205585179,196.4013468171456,1.0903853286340262,5.724000495334963,4.633615166700936,0,,,74.68459762729427,70.9375771601776,,,,,,,76.73667567110364,76.73667567110364,,100,99.99999999999999,100,,,,60,100,-40,,,,,,,,,,,,-360.3797011064695,-452.0920371621415,-360.3797011064695,0.23486325798722352
2017-03-06,237.5,238.12,235.74,237.69,230.86378920029304,233.0863847165368,219.33980798759563,196.81217918712426,1.0103115402966054,5.896504592071693,4.886193051775088,0,,,72.88012393168381,73.03505822804865,,,73.03505822804865,,73.03505822804865,,74.59607914886261,,,97.24049667426269,98.62024833713133,,,,,60,100,-40,,,,,,73.03505822804865,,105,,,,-332.1288463598387,-429.89348495084306,-332.1288463598387,0.2432038392034612
2017-03-13,237.62,239.44,236.19,237.03,231.0206614002721,233.87510777322944,220.03354100768993,197.2123565086454,0.820494493170207,5.911811168237847,5.09131667506764,0,,,70.35669636284031,72.64047264060615,,,,,,,72.61215820901535,,,91.2207444894976,94.57555849759729,,,,,60,100,-40,,,,,,,,,,,,-365.3781470216862,-459.91285132341704,-365.3781470216862,0.24992380172330703
2017-03-20,237.03,237.61,232.96,233.86,231.08489987168124,233.87208621858355,220.57575508581974,197.5770096777136,0.4097906116820056,5.603554939670147,5.193764327988141,0,,,62.111864471160054,68.4495615885614,,,,,,,63.78529561969023,,,72.1616957957838,82.01251677108986,,,,,60,100,-40,,,,,,,,,,,,-316.21848392683415,-416.2923329009776,-316.21848392683415,0.2684187302712153
2017-03-27,231.93,236.52,231.61,235.74,230.94454988084686,234.24566897486685,221.17043135696406,197.9567409247015,0.20351412441158878,5.448156983502628,5.244642859091039,0,,,54.57062150271903,62.34639411223981,,,,,,,66.40880806281037,,,55.83511359269213,65.46175812181495,,,,,60,100,-40,,,,,,,,,,,,-329.6333050310461,-421.51190873716354,-329.6333050310461,0.26978340493909847
2017-04-03,235.8,237.39,233.91,235.2,230.77708203221493,234.43653517989347,221.72061051943606,198.32732061699303,-0.018720474556376487,5.221242265895569,5.239962740451945,0,,,50.51039975108562,55.730961908321575,,,,,,,64.94480950782699,,,34.70680380013641,44.48323787107995,,,,,60,100,-40,,,,,,,,,,,,-274.2454313890378,-372.1461071485884,-274.2454313890378,0.22574965646009343
2017-04-10,235.36,236.255,232.51,232.51,230.82586188705673,234.05122814391478,222.14372383239936,198.66744678000802,-0.37647271333289734,4.769371848785823,5.145844562118721,0,,,40.95294647313284,48.67798924231249,,,,,,,58.039839565697605,,,23.291201169980162,29.430310283180606,,,,,60,100,-40,,,,,,,,,,,,-208.92808022739447,-315.39226948520866,-208.92808022739447,0.14929394424526857
2017-04-17,233.11,235.845,232.88,234.59,230.83330032369554,234.15898251513184,222.6318130938739,199.02488512050545,-0.4951425059376984,4.526916429696598,5.022058935634297,0,,,35.75562021131106,42.40632214517651,,,,,,,61.4712700098483,,,13.849474818276349,17.445352855631302,,13.849474818276349,,,60,100,-40,,,,,,,,,,,,-210.94115654968644,-318.9573113969889,-210.94115654968644,0.19055655854734754
2017-04-24,237.18,239.53,236.61,238.08,230.898778872003,234.94318601210549,223.23762434509453,199.4134932287591,-0.36662775054691554,4.563774247450652,4.930401997997568,0,,,44.72359795716493,40.47738821386961,,,,,,,66.45735387196218,,,18.873557803669,16.288201111259777,,,,,60,100,-40,,,,,,40.47738821386961,,,,,,-232.58821899519802,-344.6014365975364,-232.58821899519802,0.13556096164995107
2017-05-01,238.68,239.72,237.7,239.7,232.01029466685992,235.89454880968438,223.88320770411042,199.81435399265206,-0.20842287760549816,4.669873400990696,4.878296278596194,0,,,51.71473404132021,44.064650736598736,,,,,,,68.50683040871357,68.50683040871357,,32.27265855965104,24.064457099075423,,,,,60,100,-40,,,,,,,,,,,,-232.11763372334383,-355.58299357980246,-232.11763372334383,0.25504893427877096
2017-05-08,239.75,240.19,238.13,238.98,232.27098790494136,236.5116390477475,224.47523877453747,200.20406191312318,-0.1887604704728787,4.6423456905050955,4.831106160977974,0,,,54.83572039252085,50.42468413033533,,,,,,,66.5490364230729,,,43.514536488382724,37.242211873267586,,,,,60,100,-40,,,,,,,,,,,,-199.91442759182675,-329.11335838347475,-199.91442759182675,0.25299322249949935
2017-05-15,239.47,240.67,235.43,238.31,232.50734591173125,236.87131123819802,225.01777843043797,200.5832254761767,-0.25334342628270257,4.5144268781245955,4.767770304407298,0,,,52.58057269579248,53.043675709877846,,,,,,,64.68547254795402,,,46.146935757352324,45.640398159607294,,,,,60,100,-40,,,,,,53.043675709877846,,105,,,,-163.56634984785828,-291.0927477682975,-163.56634984785828,0.2728962882635851
2017-05-22,238.9,242.08,238.82,241.71,234.28253548946475,237.8390489905584,225.67237535473453,200.99244711322967,-0.10702888556664192,4.633984197448996,4.741013083015638,0,,,58.25358656513894,55.22329321781743,,,,,,,69.3967274487029,,,48.30933986523722,48.26475354726741,,,,,60,100,-40,,,,,,55.22329321781743,,,,,,-152.00883169370223,-285.4395209013343,-152.00883169370223,0.271720135204601
2017-05-30,241.34,244.35,240.64,244.17,236.73449724021725,239.10523919244673,226.3977723996469,201.42207450513783,0.10405740670203745,4.871084841393184,4.767027434691147,0,,,65.1643957992004,58.66618502004394,,,,,,,72.2939153085091,72.2939153085091,,55.11763779891757,51.310668784034874,,,,,60,100,-40,,,,,,,,,,,,-269.8254077493927,-404.4505171010917,-269.8254077493927,0.27842671164526367
2017-06-05,243.97,245.01,241.95,243.41,236.73560458020174,239.96619135395738,227.0649185800529,201.8398648085693,0.13894584039086144,4.940709735179723,4.801763894788862,0,,,68.09966710674438,63.83921649036123,,,,,,,70.07365374377548,,,65.65318953657008,59.64622801753686,,,,,60,100,-40,,,,,,,,,,,,-357.1298790676849,-483.64133217362047,-357.1298790676849,0.2579835348848586
2017-06-12,243.13,244.87,241.6337,242.64,236.82948996733018,240.5009530831659,227.6757060867175,202.2458363030114,0.060613098182956016,4.877530267517557,4.816917169334601,0,,,67.0616270128756,66.77522997294012,,,,,,,67.78859043199114,,,71.0047252887044,68.1485521117031,,,,,60,100,-40,,,,,,,,,,,,-279.46990105537856,-413.88836268750765,-279.46990105537856,0.20473042905380281
2017-06-19,243.59,244.73,242.41,243.13,236.8914835410923,241.02676246653272,228.28175682841484,202.6526439019864,-0.004306044934332398,4.811534613166685,4.815840658101018,0,,,65.62693867991482,66.92941093317826,,,66.92941093317826,,66.92941093317826,,68.49680608644059,,,72.5667743277886,72.66364954422156,72.5667743277886,,,,60,100,-40,,,,,,66.92941093317826,,105,,106,,-283.202646318037,-409.5450240170517,-283.202646318037,0.14626753756680114
2017-06-26,243.9,244.38,239.955,241.8,237.07994900244287,241.18140997322618,228.81188401161427,203.0421698333099,-0.1735529690509514,4.598899446787328,4.77245241583828,0,,,59.18326599581353,63.95727722953465,,,,,,,64.33734923876517,,,66.1934586015344,69.67942869503254,,,,,60,100,-40,,,,,,,,,,,,-256.25671062384845,-371.4459287412242,-256.25671062384845,0.10064832040609864
2017-07-03,242.88,243.38,240.34,242.11,236.95423835941122,241.36712797858095,229.33337875625685,203.4309044618342,-0.2942617907199345,4.404625177438362,4.6988869681582965,0,,,53.115815426935484,59.308673367554604,,,,,,,64.8759207894717,,,59.94681019097561,63.76775200033578,,,,,60,100,-40,,,,,,,,,,,,-195.11912687405783,-304.8193962428198,-195.11912687405783,0.0580059040190009
2017-07-10,241.95,245.97,240.85,245.56,238.42536419088188,242.20570238286476,229.9697168442468,203.85009944231345,-0.1771619676886802,4.4774345085474465,4.654596476236127,0,,,55.78170070958539,56.0269273774448,,,,,,,70.28607156464993,,,60.02207461467582,59.71937652975084,,60.02207461467582,,,60,100,-40,,,,,,,,,,,,-186.91564926059274,-289.39768783503433,-186.91564926059274,0.05361443930070003
2017-07-17,245.47,247.42,244.67,246.88,239.52355246296173,243.1405619062918,230.63286520329592,204.2782576568178,-0.052674695471049304,4.588753106897315,4.641427802368364,0,,,62.32603912481115,57.07451842044401,,,,,,,72.06928534300249,,,71.54347620303878,64.88439837182345,,,,,60,100,-40,,,,,,57.07451842044401,,,,,,-201.11280394048498,-295.8708355013917,-201.11280394048498,0.07038170805263988
2017-07-24,246.79,248,245.68,246.91,239.68615585846447,243.89444952503342,231.27118421493137,204.7024540980435,-0.012287671775977671,4.626068212648391,4.638355884424369,0,,,65.74389567433322,61.28387850290992,,,,,,,72.11049448592819,,,86.3433495169798,77.80350644195363,,,,,60,100,-40,,,,,,,,,,,,-160.9104759513059,-258.4397745011387,-160.9104759513059,0.03922661812630536
2017-07-31,247.37,247.79,246.37,247.41,240.37071615428843,244.59755962002674,231.90407895160072,205.1274048035356,0.003292099003045834,4.642471008178177,4.639178909175131,0,,,66.81419598284087,64.96137692732842,,,64.96137692732842,,64.96137692732842,,72.8341724187898,72.8341724187898,,95.07346572829603,90.80816952071304,95.07346572829603,,,,60,100,-40,,,,,,,,,,106,,-126.19948032379571,-227.81436095547707,-126.19948032379571,0.08565081763772449
2017-08-07,247.49,248.91,243.7,244.12,240.67066500041068,244.5020476960214,232.38313467898894,205.51539082539097,-0.23937000230643157,4.339966406292092,4.5793364085985235,0,,,61.02321131175231,64.52710098964214,,,,,,,61.46518670639263,,,76.60732410599744,86.85915068496998,,,,,60,100,-40,,,,,,64.52710098964214,,105,,,,-15.072302083105598,-138.21174987266306,-15.072302083105598,0.08876173993865186
2017-08-14,245.59,247.57,242.2,242.71,240.4077603575242,244.14363815681713,232.7881097896168,205.88548643906867,-0.5106495771017778,3.9410244372213015,4.451674014323079,0,,,49.90743333333885,59.24828020931068,,,,,,,57.31167933097193,,,49.83793213270623,66.3425309320791,,,,,60,100,-40,,,,,,,,,,,,80.3953892047318,-52.173249895815275,80.3953892047318,-0.004866585950242103
2017-08-21,242.64,245.62,241.83,244.56,240.1407774748439,244.22691052545372,233.24975254296518,206.2703074695257,-0.576435648560861,3.731129453622003,4.307565102182864,0,,,39.78571395187423,50.238786198988464,,,,,,,61.05260373454647,,,21.928135414181718,35.886275422180425,,21.928135414181718,,,60,100,-40,,,,,,,,,,,,54.868954803871475,-62.68720446021252,54.868954803871475,0.030227687599173398
2017-08-28,245.17,248.33,242.93,247.84,240.54857908378364,244.94952842036298,233.82191910990772,206.68393625092347,-0.41740068592399737,3.7858142447778675,4.203214930701865,0,,,43.78669278479932,44.49328002333746,,,,,,,66.6637415752304,,,25.56683773062398,23.10925105019108,,,,,60,100,-40,,,,,,,,,,,,-36.92540061501429,-146.74407637653755,-36.92540061501429,0.12033950710352483
2017-09-05,247.26,247.52,244.95,246.58,240.2979662920848,245.2756227362904,234.32223600755842,207.08091200962073,-0.4145699832947596,3.685002451583415,4.099572434878175,0,,,45.42921999663592,43.00054224443648,,,,,,,62.892943826543416,,,32.58435905317627,25.290784480898107,,,,,60,100,-40,,,,,,43.00054224443648,,,,,,-61.12078232137531,-164.6087897626216,-61.12078232137531,0.12441314151443451
2017-09-11,248.04,250.32,248.02,249.19,241.77382584265015,246.05849818903232,234.90528557588945,207.49990791002253,-0.26187422694305695,3.7722296511993534,4.03410387814241,0,,,56.24344229010046,48.4864516905119,,,,,,,67.07253598873046,,,46.532347065867825,40.24176304206174,,,,,60,100,-40,,,,,,,,,,,,-110.00791280839799,-200.13446435123583,-110.00791280839799,0.12543217506653695
2017-09-18,249.61,250.19,248.92,249.44,242.01926685388943,246.73479855122585,235.47527437683496,207.91722225917653,-0.17326334442720404,3.8175246976084054,3.9907880420356094,0,,,61.801067440492695,54.49124324240969,,,,,,,67.45294492528154,,,51.790386835689446,49.0704095966268,,,,,60,100,-40,,,,,,,,,,,,-160.91556502505287,-241.92819810555653,-160.91556502505287,0.06989069310208172
2017-09-25,249.15,251.32,248.08,251.23,244.1578906500402,247.63383884098067,236.09310675421398,208.34819517202055,-0.030790643696609443,3.9522997374148474,3.983090381111457,0,,,65.41144847098414,61.15198606719243,,,,,,,70.12969154544186,,,64.70521722799715,59.18593240510507,,,,,60,100,-40,,,,,,,,,,,,-299.8400077477705,-374.3048893590917,-299.8400077477705,0.12444022893731746
2017-10-02,251.49,254.7008,251.2926,254.37,247.34018417503734,248.98107107278454,236.80984766581344,208.8061235782691,0.22419697107602232,4.263336594956485,4.039139623880462,0,,,73.45631740803762,66.88961110650482,,,,,,,74.16713828770403,,,75.88437269682028,69.12590287982046,,,,,60,100,-40,,,,,,,,,,,,-375.3236427027213,-434.43127311198407,-375.3236427027213,0.16232010462890364
2017-10-09,254.63,255.27,253.65,254.95,247.9264853053918,250.17485685822763,237.52122618872272,209.26526662724154,0.37245567245995215,4.504709214455403,4.132253541995451,0,,,77.76553968283636,72.21110185395271,,,,,,,74.84745247718308,,,88.3007666655858,82.36721947397022,,,,,60,100,-40,,,,,,,,,,,,-389.81025312040845,-439.9892234552598,-389.81025312040845,0.1520422662540597
2017-10-16,255.21,257.14,254.35,257.11,250.3567363550067,251.5618854865821,238.2894133970081,209.74133362597547,0.5460297995164201,4.814790791390976,4.268760991874556,0,,,80.5449870444254,77.25561471176646,,,,,,,77.26321343908452,,,96.14619272850358,92.29238545700714,,,,,60,100,-40,,,,,,,,,,,,-449.84475255306137,-512.7184555543034,-449.84475255306137,0.15250505815107873
2017-10-23,257.48,257.89,254,257.71,251.0405409010776,252.7915083892657,239.05100502849797,210.2186337889011,0.6255720344660647,5.050726034957137,4.425154000491072,0,,,80.17369310861241,79.49473994529139,,,,,,,77.90189820302594,,,99.03905230953356,98.07810461906712,,,,,60,100,-40,,,,,,,,,,,,-438.96388845250476,-509.4969181807937,-438.96388845250476,0.21127960661207906
2017-10-30,257.07,258.5,256.19,258.45,251.70121655100064,253.92320671141255,239.81174992934118,210.6985478805538,0.649515833477941,5.2370487923384985,4.587532958860558,0,,,79.60100361037064,80.10656125446948,,,80.10656125446948,,80.10656125446948,,78.70127875172908,78.70127875172908,,100,100,100,,,,60,100,-40,,,,,,80.10656125446948,,105,,,,-399.1522723702312,-473.2247512388313,-399.1522723702312,0.28251930485831817
2017-11-06,258.3,259.35,256.36,258.09,251.85327251164347,254.75656536913004,240.52854404975918,211.17010461806072,0.5656766282878092,5.294628744220319,4.728952115932509,0,,,77.30383506952813,79.02617726283707,,,,,,,77.22892727502378,,,98.53717134759552,99.26858567379776,,,,,60,100,-40,,,,,,,,,,,,-331.12458648473455,-413.54752374086195,-331.12458648473455,0.3074124629101593
2017-11-13,257.31,259.04,255.63,257.86,251.8973244750975,255.37725229530403,241.2082089889843,211.63468069151284,0.4256831186772434,5.261056014279063,4.83537289560182,0,,,72.93686393779056,76.61390087256312,,,,,,,76.24171666291232,,,95.72832866410101,97.31560358739883,,,,,60,100,-40,,,,,,,,,,,,-332.7382980329646,-410.17524669706887,-332.7382980329646,0.3389832035050313
2017-11-20,258.14,260.48,257.86,260.36,253.7882298697334,256.3738018362432,241.95925961686726,212.11950973935848,0.43108387433561735,5.374227738521341,4.943143864185724,0,,,72.32392344466464,74.18820748399445,,,,,,,79.35002206751308,,,94.75183762090154,95.36262150099988,,94.75183762090154,,,60,100,-40,,,,,,,,,,,,-345.87678929969843,-413.77974729760183,-345.87678929969843,0.3632734343999865
2017-11-27,260.41,266.05,260,264.46,257.98335630760954,257.9910414689946,242.84164159267638,212.6403106374743,0.6284575569329869,5.728715810351957,5.10025825341897,0,,,76.4487240641442,73.9031704821998,,,,,,,83.24466535600871,,,95.6038823932077,94.87246806700546,,,,,60,100,-40,,,,,,73.9031704821998,,,,,,-325.7173730633896,-392.18342960712874,-325.7173730633896,0.3538160465713114
2017-12-04,266.31,266.8,262.71,265.51,258.63168799992314,259.49483317519565,243.73059682433612,213.16637719829546,0.7397332398757621,6.024924803263673,5.285191563387911,0,,,78.53714080669432,75.76992943850105,,,,,,,84.07780642462102,,,98.41272507670223,96.8254501534044,,,,,60,100,-40,,,,,,,,,,,,-296.4960325064097,-361.7864424058326,-296.4960325064097,0.3444063764436728
2017-12-11,265.58,267.56,265.39,266.51,259.53871028564294,260.89786654015654,244.62390675279352,213.69715951473034,0.7863342245790141,6.268109344111679,5.4817751195326645,0,,,79.33091339058099,78.1055927538065,,,,,,,84.85479290183903,,,99.3892161199017,98.77843223980335,,,,,60,100,-40,,,,,,,,,,,,-271.67857205069885,-343.279816513863,-271.67857205069885,0.3317499633934279
2017-12-18,268.1,268.6,266.69,267.51,260.72665955095414,262.22029323212524,245.52140060562513,214.2326106638375,0.7881632460034149,6.466979177036933,5.678815931033518,0,,,78.86945039709504,78.91250153145678,,,78.91250153145678,,78.91250153145678,,85.61525044487297,,,100.00000000000004,100.00000000000004,100.00000000000004,,,,60,100,-40,,,,,,78.91250153145678,,105,,106,,-254.1006498596627,-315.4107589658879,-254.1006498596627,0.2994389145879135
2017-12-26,267.05,268.55,266.64,266.86,260.9126124401717,263.1482345857002,246.35820842501238,214.7562662791227,0.6547386591304711,6.4972392549466065,5.842500595816135,0,,,75.95076187282838,78.05037522016814,,,,,,,82.69152738940446,,,96.16168648974613,98.0808432448731,,,,,60,100,-40,,,,,,,,,,,,-249.71871352154216,-307.15425733572647,-249.71871352154216,0.3202641810227093
2018-01-02,267.84,273.56,267.4,273.42,267.02099726587375,265.20258766856017,247.41945515344327,215.33998502261403,0.9021671424733642,6.97020952390784,6.068042381434476,0,,,77.48258222132968,77.4342648304177,,,,,,,87.39706608381319,,,95.20210811218267,96.16168648974615,,,,,60,100,-40,,,,,,77.4342648304177,,,,,,-304.31531106307995,-348.58075600195804,-304.31531106307995,0.43050071242602256
2018-01-08,273.31,278.11,272.92,277.92,271.02092603259706,267.74607013484814,248.61555495134746,215.96267173880693,1.2418157330526167,7.620312047750247,6.37849631469763,0,,,81.26589700063532,78.23308036493114,,,,,,,89.51531410242124,,,94.2425297346192,94.2425297346192,,94.2425297346192,,,60,100,-40,,,,,,,,,,,,-438.9852545061563,-471.56607309251115,-438.9852545061563,0.4553245279163244
2018-01-16,279.35,280.41,276.18,280.41,273.26228845884015,270.27885610787854,249.86239593364758,216.6039386866795,1.490357306363852,8.241442947652445,6.751085641288593,0,,,83.26368058750334,80.67071993648946,,,,,,,90.47497984650077,,,98.0808432448731,96.16168648974615,,,,,60,100,-40,,,,,,,,,,,,-488.26066277776425,-519.4631507120546,-488.26066277776425,0.4753209223663449
2018-01-22,280.17,286.6285,280.11,286.58,279.3385535689229,273.5390848863028,251.30230197546533,217.30021790372746,1.9002179833987878,9.126358120537077,7.226140137138289,0,,,86.18981507443813,83.57313088752561,,,83.57313088752561,,83.57313088752561,,92.35370601037245,92.35370601037245,,99.04042162243657,98.0808432448731,99.04042162243657,,,,60,100,-40,,,,,,,,,,,,-527.6678149999889,-555.9243960371357,-527.6678149999889,0.5208149627767341
2018-01-29,285.93,286.43,275.41,275.45,278.924585456857,273.92126790904223,252.2492705254471,217.87882270070529,1.281328210220157,8.827800399913485,7.546472189693328,0,,,80.4087420034402,83.28741255512723,,,,,,,66.65964788968726,,,77.77777777777783,88.88888888888893,,,,,60,100,-40,,,,,,83.28741255512723,,105,,,,-372.6373031818091,-426.66541493947454,-372.6373031818091,0.4207694512110712
2018-02-05,273.45,275.85,252.92,261.5,277.87568649565293,271.4370143272338,252.61204423033152,218.3128642658724,-0.1328054085102588,7.380465429055505,7.513270837565764,0,,,56.80515413513248,74.46790373767028,,,,,,,48.3825182248238,,,50.00000000000005,66.66666666666671,,,,,60,100,-40,,,,,,,,,,,,-139.43052078511656,-239.08988495047913,-139.43052078511656,0.33027031714626576
2018-02-12,263.83,275.32,261.6644,273.11,275.2217088888206,271.771611461787,253.41588563306362,218.85810939755527,-0.3397690645909339,7.088559506827096,7.42832857141803,0,,,45.92440280578251,61.04609964811841,,,,,,,58.61362249567837,,,21.88346599774517,35.94173299887261,,,,,60,100,-40,,,,,,,,,,,,-163.17042609691356,-251.9826331413011,-163.17042609691356,0.33207311037541615
2018-02-20,272.03,274.72,269.64,274.71,274.05872968247627,272.3592891694296,254.25094894157093,219.4138496025547,-0.41729301039667455,6.906712308422186,7.324005318818861,0,,,41.458621216587254,48.06272605250077,,,,,,,59.803131643862045,,,17.886885879263364,19.23307602211946,,,,,60,100,-40,,,,,,,,,,,,-141.68489407929292,-230.71306347924633,-141.68489407929292,0.3439907131565715
2018-02-26,275.93,278.92,264.82,269.08,274.22739184801367,271.70343133554366,254.83248035562696,219.90804015377307,-0.8700733343459301,6.236413650886448,7.106486985232378,0,,,33.68665908813037,40.3565610368334,,,,,,,53.89795151790751,,,17.827456544160064,15.005201955336275,,17.827456544160064,,,60,100,-40,,,,,,,,,,,,-116.83309515578512,-199.6743246648379,-116.83309515578512,0.2866552179100122
2018-03-05,267.73,278.87,267.61,278.87,273.09543528744126,273.13674506843495,255.77512818481804,220.49472632139722,-0.5482701442308082,6.421149304943867,6.9694194491746755,0,,,35.74858816482804,36.964622823181905,,,,,,,61.128579779662196,61.128579779662196,,21.104974143713804,19.85008878920468,21.104974143713804,,,,60,100,-40,,,,,,,,,,,,-263.7725324001878,-332.4608110894128,-263.7725324001878,0.3012806538676435
2018-03-12,279.2,280.41,274.14,274.2,272.45004705262403,273.34939605474796,256.4976721775703,221.02910715402012,-0.6793962688980253,6.120174113052144,6.799570381950169,0,,,38.692270835079604,36.04250602934602,,,,,,,56.54557089284032,,,20.283252819183275,20.89401906739333,,,,,60,100,-40,,,,,,36.04250602934602,,,,,,-278.54116287288093,-340.195209073156,-278.54116287288093,0.2136057680898572
2018-03-19,273.35,273.38,257.83,258.05,272.5636151202937,270.28951684379837,256.55854777844985,221.39747424701494,-1.8186141643433595,4.52630267652097,6.34491684086433,0,,,15.363491899003037,29.934783632970248,,,,,,,44.14580275396648,,,17.381038461130444,19.198605747864253,,,,,60,100,-40,,,,,,29.934783632970248,,,,,,-162.4427696232662,-240.15971651440032,-162.4427696232662,0.12017880426380541
2018-03-26,262.13,266.77,258.58,263.15,271.22621404027274,268.86161347503867,256.81703610086356,221.81292226445757,-2.1696944215080984,3.632798813979207,5.802493235487305,0,,,-0.28433465793973234,17.923809358714323,,,,,,,48.04355436839214,,,11.729113680030652,14.673546276357783,,,,,60,100,-40,,,,,,,,,,,,-93.81681150994507,-190.13067714814576,-93.81681150994507,0.11877392583022375
2018-04-02,262.55,266.64,254.67,259.72,271.07719875168186,267.03329078003094,256.9308778223983,222.19010711754754,-2.5478005684426996,2.617742524933931,5.16554309337663,0,,,-13.734332084658249,0.44827505213503827,,,,,,,45.718992816610594,,,6.610980804380694,9.392528466715381,,6.610980804380694,,,60,100,-40,,,,,,,,,,,,-65.85011850813686,-156.470554030301,-65.85011850813686,0.09390964420632067
2018-04-09,261.37,267.54,259.9356,265.15,270.4745416979903,266.6566326240247,257.253196339167,222.61756873826846,-2.3517936162064785,2.2258010731185323,4.577594689325011,0,,,-17.235846043272808,-10.418170928623576,,,,,,,49.87811016226547,,,7.303170962294096,6.805114037584425,,,,,60,100,-40,,,,,,,,,,,,-65.69555150665738,-151.6577260247917,-65.69555150665738,0.09121778023713932
2018-04-16,267,271.3,265.61,266.61,262.79778871956245,266.6473060992198,257.62012981606244,223.05530437271355,-2.0542146161371537,2.009826419153569,4.064041035290723,0,,,-12.748336484739582,-14.572838204223528,,,,,,,50.972342517368965,,,8.449834400714252,7.1325824576195656,,,,,60,100,-40,,,,,,-14.572838204223528,,,,,,-51.93272395999241,-139.53813947482956,-51.93272395999241,0.04584479146426956
2018-04-23,267.26,267.9762,260.85,266.56,263.0672323824508,266.62984487937587,257.9707129605306,223.48818691626863,-1.8002545089028175,1.813722899162201,3.6139774080650184,0,,,-15.284372589605798,-15.089518372539375,,,,,,,50.931090580435274,,,11.853320202952492,10.318738659179418,,,,,60,100,-40,,,,,,-15.089518372539375,,,,,,-40.67222869453925,-128.71302320667877,-40.67222869453925,0.05521357253792315
2018-04-30,267.26,267.89,259.05,266.02,263.1779729265615,266.5078759035007,258.2863712758039,223.91138903650477,-1.6141143982203232,1.5963344102896144,3.2104488085099376,0,,,-18.93576796669846,-15.656159013681261,,,,,,,50.4533570950662,,,16.00789811935645,13.792696082311847,,,,,60,100,-40,,,,,,,,,,,,-76.00455075007756,-158.9470189872826,-76.00455075007756,0.08024046613319491
2018-05-07,266.89,273.15,265.15,272.85,263.03597486037853,267.77630072280056,258.8574939708704,224.39834038937536,-1.006225244117263,1.9526672533633587,2.9588924974806217,0,,,-5.626218074907236,-13.282119543737146,,,,,,,56.09615289717132,,,29.329542988948862,22.56752197025608,,,,,60,100,-40,,,,,,-13.282119543737146,,,,,,-136.7309960682453,-220.0475609895949,-136.7309960682453,0.11471053755923809
2018-05-14,273.34,274.08,270.03,271.33,263.02411951320863,268.48704057824045,259.3466118543657,224.86532207704326,-0.6964426161899517,2.088339227243182,2.7847818434331337,0,,,6.768092677343105,-5.9312977880875115,,,,,,,54.597040507799036,,,43.183355735163744,35.17034390859254,,,,,60,100,-40,,,,,,,,,,,,-204.5980876922007,-283.6752771733049,-204.5980876922007,0.1211511983235659
2018-05-21,273.01,274.25,270.78,272.15,263.57739669083657,269.21963246259236,259.84870550713566,225.33581638473436,-0.43882603390240726,2.2362493010551248,2.675075334957532,0,,,16.280156110990717,5.807343571142215,,,,,,,55.29525222836123,,,56.862964712088186,50.25346524838824,,,,,60,100,-40,,,,,,,,,,,,-235.58025356634604,-313.9161358690676,-235.58025356634604,0.08344347263750802
2018-05-29,270.31,273.94,267.76,273.6,259.50401121291964,270.0957059700739,260.3879719578362,225.81605701772207,-0.18620550383063117,2.442318455169243,2.628523958999874,0,,,21.189116831806206,14.745788540046695,,,,,,,56.574526859497865,,,61.980500613551314,59.65745824115643,,,,,60,100,-40,,,,,,,,,,,,-314.5656620088286,-393.2041111656008,-314.5656620088286,0.08325810833008032
2018-06-04,274.53,278.28,274.18,278.19,263.660867554854,271.7145647760591,261.0860907045877,226.33719077873977,0.25085267627611385,2.9420898043450165,2.6912371280689027,0,,,34.225492788535114,23.898255243777367,,,,,,,60.45519387260919,60.45519387260919,,71.28608214270281,67.587042861785,,,,,60,100,-40,,,,,,,,,,,,-360.09917800722343,-438.9851818627643,-360.09917800722343,0.06767454178130543
2018-06-11,278.44,279.48,275.35,277.13,264.03009130093585,272.79765182084725,261.7152636181333,226.84259186551847,0.4194599457068331,3.215562060202444,2.796102114495611,0,,,42.004858896590726,32.4731561723107,,,,,,,59.13314329253043,,,79.6401056597503,74.64221893226686,,,,,60,100,-40,,,,,,,,,,,,-390.99023655136466,-462.80605788771624,-390.99023655136466,0.011941887890657185
2018-06-18,275.49,276.72,273.53,274.74,264.451513350869,273.1861214566778,262.2260375938928,227.3191829912347,0.3251351864685712,3.202521097581325,2.877385911112754,0,,,41.77875380014463,39.33636849509018,,,,,39.33636849509018,,56.13467272826036,,,83.94706213056011,81.87930951799365,83.94706213056011,,,,60,100,-40,,,,,,,,,,,,-392.62837536020743,-469.56859281722245,-392.62837536020743,0.06574471973086381
2018-06-25,273.44,273.865,268.49,271.28,264.9185481115212,272.80489716534225,262.58109494315187,227.75660405599854,0.0019284361010702966,2.8797964562390916,2.8778680201380213,0,,,31.300138907071688,38.36125053460237,,,,,,,51.999370857052696,,,75.23084213872765,80.2786228519539,,,,,60,100,-40,,,,,,38.36125053460237,,,,,,-311.2413980219879,-396.91975775954563,-311.2413980219879,0.11249982521604568
2018-07-02,269.51,275.84,269.24,275.42,264.97365181784113,273.3279177322738,263.08458141596947,228.2308667022075,0.03721576952115324,2.924387732039463,2.88717196251831,0,,,29.630147375801194,34.23634669433918,,,,,,,56.1834558056456,,,68.2422136521905,73.17057586825224,,,,,60,100,-40,,,,,,,,,,,,-352.8338711088992,-433.8434381669009,-352.8338711088992,0.09197357286594321
2018-07-09,276.55,279.93,276.5,279.59,266.37481954513817,274.580334185819,263.73185273299026,228.74190285442432,0.29718013679513344,3.258647133512227,2.9614669967170935,0,,,40.84504599882028,33.9251107605644,,,,,,,59.98911218160222,,,69.10103864724522,67.92474753903014,,69.10103864724522,,,60,100,-40,,,,,,33.9251107605644,,,,,,-335.95498545273574,-419.5082675911007,-335.95498545273574,0.07441999361820098
2018-07-16,279.64,281.18,278.41,279.68,266.76447529191404,275.6002673486552,264.357270272873,229.24874959219125,0.42328655244682434,3.490575187275624,3.0672886348287998,0,,,48.60073227977382,39.69197521813179,,,,,,,60.07020028500826,,,80.64114432284545,73.71836745931998,,,,,60,100,-40,,,,,,,,,,,,-340.326806279511,-419.5976734836279,-340.326806279511,0.10524236075928332
2018-07-23,279.45,284.37,279.06,281.42,269.03129848534877,276.7642138789242,265.0263969288388,229.76786651167194,0.563217080215781,3.771309985098526,3.208092904882745,0,,,55.29674873706503,48.24750900521973,,,,,,,61.69608936808711,,,90.99387767482341,84.9572515728695,,,,,60,100,-40,,,,,,,,,,,,-258.44920513778175,-352.3980964866047,-258.44920513778175,0.04608117147201865
2018-07-30,281.51,283.6577,279.16,283.6,271.33763430782386,278.1313711031394,265.7547735198647,230.30350963095879,0.7312729905792272,4.122184143106779,3.3909111525275515,0,,,58.740683940444605,54.21272165242784,,,,,,,63.70214991788032,,,96.50012285753725,94.39866766955568,,,,,60,100,-40,,,,,,,,,,,,-229.6402587490942,-320.14389712540384,-229.6402587490942,0.14230645136208186
2018-08-06,283.64,286.01,282.36,283.16,271.57098900012215,279.1370968825115,266.4373314210465,230.82944485851144,0.7392785790841225,4.315009376382704,3.575730797298582,0,,,62.10555792536539,58.714330200958365,,,,,,,62.980929066980515,,,97.95358564704209,97.88481327909507,,,,,60,100,-40,,,,,,,,,,,,-168.796575340168,-269.20864310260316,-168.796575340168,0.2067988582984946
2018-08-13,283.47,285.5601,280.16,285.06,273.36877550011343,280.3216775060092,267.16763214963294,231.3690523723571,0.7941964282709426,4.56847633263726,3.7742799043663178,0,,,62.136504836078046,60.994248900629366,,,,,,,64.84297069469969,,,98.11889468674406,98.215431358499,,,,,60,100,-40,,,,,,,,,,,,-149.92447073286473,-250.261617083948,-149.92447073286473,0.2428734684640853
2018-08-20,285.57,287.67,285.06,287.51,275.88242010724815,281.75934200480737,267.9653720653336,231.92766876666198,0.9089286700001189,4.910440741866466,4.0015120718663475,0,,,65.59108703826811,63.27771659990385,,,,,,,67.15109581095896,,,98.02235801498912,98.0223580149891,,,,,60,100,-40,,,,,,,,,,,,-219.93820332688932,-315.66859579595746,-219.93820332688932,0.3076579912375081
2018-08-27,288.86,291.74,288.68,290.31,279.14010438530187,283.46947360384587,268.84163198434015,232.50858748540168,1.0754015105198818,5.3457639600162,4.270362449496318,0,,,70.46839867496449,66.06533018310354,,,,,,,69.62044568136092,69.62044568136092,,99.34078600499637,98.68157200999273,99.34078600499637,,,,60,100,-40,,,,,,,,,,,,-262.67671181290945,-348.2743056512379,-262.67671181290945,0.2925796611993962
2018-09-04,289.84,290.21,286.71,287.6,279.3336683577803,284.2955788830767,269.5772542594641,233.0567607442534,0.9114911893870952,5.409726436230187,4.498235246843092,0,,,68.48766894547614,68.18238488623625,,,,,,,64.53389924715108,,,93.56960230644677,96.29039065697066,,,,,60,100,-40,,,,,,,,,,,,-238.55367330147132,-334.0426137146491,-238.55367330147132,0.31250468042017654
2018-09-10,288.74,291.27,286.975,290.88,280.1734063322246,285.61246310646135,270.4126560532106,233.63211635873844,0.9292858864702245,5.659842604930873,4.730556718460648,0,,,67.75731761932155,68.90446174658739,,,68.90446174658739,,68.90446174658739,,67.6344305866518,,,90.14155820129939,92.78298258963041,,,,,60,100,-40,,,,,,68.90446174658739,,105,,106,,-244.27118724665837,-346.0348657665311,-244.27118724665837,0.3151354947467038
2018-09-17,290.82,293.94,289.03,291.99,281.43459159420854,286.8879704851691,271.2588264040651,234.21279181785548,0.9194345803396224,5.879849943885176,4.960415363545554,0,,,68.32311183631492,68.1893661337042,,,,,,,68.6395467437662,68.6395467437662,,87.08335471014871,88.12891429729716,,,,,60,100,-40,,,,,,68.1893661337042,,,,,,-230.7673350199932,-325.8467083544346,-230.7673350199932,0.2889684388060061
2018-09-24,291.34,292.24,289.41,290.72,281.4871207660508,287.6543763881353,272.02200968233706,234.77505259578726,0.7387900994554997,5.8839029878649285,5.145112888409429,0,,,65.58882861872584,67.22308602478743,,,,,,,66.09537219817543,,,88.3577539478349,87.56335920790958,,,,,60,100,-40,,,,,,67.22308602478743,,105,,,,-184.26418319817626,-282.9654886536283,-184.26418319817626,0.23960348990872635
2018-10-01,292.11,293.21,286.22,287.82,281.8330407113329,287.6875011105082,272.64153871440226,235.30286301771972,0.3548588035369793,5.5886863928306525,5.233827589293673,0,,,59.17072237158314,64.36088760887463,,,,,,,60.54400417208016,,,76.67139952441664,82.13318571489843,,,,,60,100,-40,,,,,,,,,,,,-73.4888771621442,-177.88085435296864,-73.4888771621442,0.22129716410416622
2018-10-08,287.05,288.86,270.36,275.95,281.5599663748091,285.34000088840656,272.7712822942296,235.7073121419215,-0.7096156562148552,4.346808019025104,5.05642367523996,0,,,33.666858646517426,52.80880321227546,,,,,,,44.114480740769295,,,52.952706130662264,66.56679357075488,,,,,60,100,-40,,,,,,,,,,,,124.41819141279112,2.642937347571177,124.41819141279112,0.16600263171115018
2018-10-15,275.55,281.15,274.3,276.25,279.66211163375135,283.52200071072525,272.90770259641664,236.11072197135513,-1.366561550322607,3.3482217373367007,4.714783287659308,0,,,14.647260705098386,35.82828057439965,,,,,,,44.52664553800924,,,26.81849926372686,41.04630763798955,,,,,60,100,-40,,,,,,,,,,,,265.4330657013746,133.98058510255822,265.4330657013746,0.08017336234599684
2018-10-22,277,277.36,262.29,265.33,279.56410365991195,279.8836005685802,272.61053778871405,236.40146105621727,-2.446557763138201,1.6565860837365562,4.103143846874757,0,,,-7.233665679452372,13.693484557387805,,,,,,,34.49465880476778,,,9.02060029861276,17.492627544314825,,,,,60,100,-40,,,,,,,,,,,,484.4452355738519,328.71138781118395,484.4452355738519,-0.021255335320681006
2018-10-29,268.8,275.23,259.85,271.89,278.2988105413468,278.28488045486415,272.5822814048429,236.75458084670268,-2.613989570225635,0.8356568840927139,3.4496464543183487,0,,,-19.767790223084056,-4.118065065812689,,,,,,,42.87121095328842,,,7.9854906538862025,7.277561312536817,,7.9854906538862025,,,60,100,-40,,,,,,,,,,,,403.63701092406063,263.4911354818778,403.63701092406063,0.03464520797480457
2018-11-05,272.44,281.22,271.35,277.76,277.07960978839344,278.1799043638913,272.78532919288824,237.162594967631,-2.238743012165532,0.6512176891114336,2.8899607012769657,0,,,-19.141986663167803,-15.381147521901418,,,,,,,49.171910075468354,,,16.41586834835387,10.518432436213507,,,,,60,100,-40,,,,,,,,,,,,396.6120998469587,251.94729266699088,396.6120998469587,0.05929237986865716
2018-11-12,277.19,277.46,267.0102,273.73,276.73463766065106,277.28992349111303,272.82237510689265,237.5264497440725,-2.1697195365159727,0.17781128063199958,2.3475308171479723,0,,,-24.061009918450196,-20.990262268234027,,,,,,,45.44420706894232,,,27.05489836956673,21.27913024871582,,,,,60,100,-40,,,,,,,,,,,,411.7735362384208,249.77505763662893,411.7735362384208,0.07709983297203787
2018-11-19,273.05,273.38,263.07,263.25,276.2886206848903,274.48193879289045,272.4469878477988,237.78240546801206,-2.7029277829549776,-1.0311289115457498,1.6717988714092278,0,,,-34.2003118090775,-25.801102796898505,,,,,,,37.446677439195945,,,27.263467904580835,27.417726640018387,,,,,60,100,-40,,,,,,,,,,,,382.3601660132533,226.1795926117873,382.3601660132533,0.009070633002463921
2018-11-26,265.78,276.28,265.34,275.65,275.8872906359696,274.71555103431234,272.572596167493,238.15919745340497,-2.1193428809570305,-0.9773797297870601,1.1419631511699702,0,,,-32.84268779062713,-30.368003172718286,,,,,,,48.96021263486702,,,27.759877312451778,28.86490757111612,27.759877312451778,,,,60,100,-40,,,,,,,,,,,,348.2946812835709,185.0560303187351,348.2946812835709,0.03041251263706614
2018-12-03,280.28,280.4,262.44,263.57,275.17605559054317,272.4864408274499,272.21955318053244,238.41204125983876,-2.423792153420239,-1.8877770406053287,0.5360151128149103,0,,,-36.68894419767326,-34.57731459912597,,,,,,,40.99654811160043,,,23.631178914885936,25.25660351317565,,,,,60,100,-40,,,,,,,,,,,,494.96837559564887,278.6822066244197,494.96837559564887,-0.03308796285573663
2018-12-10,263.37,269,258.62,260.47,272.5413373340758,270.0831526619599,271.758786389139,238.63152343635778,-2.690277374730728,-2.8268316055984997,-0.13655423086777174,0,,,-45.87291895031961,-38.468183646206676,,,,,,,39.22290481749625,,,23.831217318821786,24.08075900200681,,,,,60,100,-40,,,,,,,,,,,,768.6104891237128,486.194532692707,768.6104891237128,-0.07011367841279782
2018-12-17,259.4,260.65,239.98,240.7,269.4569560959275,264.20652212956793,270.5407947660355,238.65210529271243,-3.9767066381338294,-5.107437528535058,-1.1307308904012292,0,,,-61.89187674566374,-48.151246631218875,,,,,,,30.19701405310667,,,14.176291947254338,18.485003461685416,,,,,60,100,-40,,,,,,,,,,,,1354.3176729194013,936.8864358394876,1354.3176729194013,-0.19392459090556532
2018-12-24,239.04,251.4,233.76,247.75,257.7557449462184,260.9152177036543,269.64703810854394,238.74263160820783,-4.114326857386614,-6.273639462134497,-2.159312604747883,0,,,-69.81321889818962,-59.192671531391,,,,,,,35.89578810740794,,,11.978814022230212,14.351721028230111,,11.978814022230212,,,60,100,-40,,,,,,,,,,,,1206.259914206783,811.0889020504899,1206.259914206783,-0.131010126473653
2018-12-31,249.56,253.11,243.67,252.39,256.66462030720277,259.21017416292347,268.97029151605204,238.87842631857393,-3.669104731245613,-6.745693518804899,-3.076588787559286,0,,,-68.8587195374044,-66.85460506041926,,,,-66.85460506041926,,-66.85460506041926,39.422037846159874,,,13.910302564729385,11.823523144628089,,,,,60,100,-40,,,,,,,,,,,,998.7581116237316,666.3454653140371,998.7581116237316,-0.1100464959145681
2019-01-07,252.69,259.16,251.69,258.98,256.8228617138312,259.1641393303388,268.57851537816765,239.0784419770956,-2.7491005177808705,-6.512964434785374,-3.7638639170045036,0,,,-61.01985364625647,-66.56393069395017,,,,,,,44.14904887356573,,,31.081119976356785,21.941307238443642,,,,,60,100,-40,,,,,,-66.56393069395017,-107,,,,,810.8020913285077,528.8281079842122,810.8020913285077,-0.08683494371752806
2019-01-14,256.86,266.98,256.41,266.46,257.25122873427176,260.623311464271,268.4954363437297,239.35089529075634,-1.516676754180227,-5.659709859729787,-4.14303310554956,0,,,-46.972649765201325,-58.950407649620736,,,,,,,49.03883221665759,,,53.932705664367845,41.02085650695907,,,,,60,100,-40,,,,,,,,,,,,658.8380747233243,419.950270168901,658.8380747233243,-0.04878058507401687
2019-01-22,264.82,266.7,260.66,265.78,257.2061409675381,261.6546491714168,268.3889486439756,239.61387145701747,-0.670335482935732,-4.980952459219225,-4.310616976283493,0,,,-34.26967271060914,-47.42072537402232,,,,,,,48.61961416759774,,,76.51506544894855,65.0239046084859,,,,,60,100,-40,,,,,,,,,,,,523.5947884099927,320.8684028654645,523.5947884099927,-0.013116772390449899
2019-01-28,263.39,271.2,261.79,270.06,255.70141661271393,263.3357193371334,268.454480069702,239.91681800968396,0.20771359650562538,-4.0509749806514606,-4.258688577157086,0,,,-20.333188906153843,-33.85850379398811,,,,,,,51.44963304386654,,,90.55226944740146,83.98883000149767,,,,,60,100,-40,,,,,,,,,,,,405.66846324453945,230.71051143537997,405.66846324453945,-0.002837154059640399
2019-02-04,270.11,273.44,267.83,270.47,255.7820297118058,264.76257546970675,268.5335200669686,240.22082977078165,0.8121599519139053,-3.2434886372647043,-4.05564858917861,0,,,-6.724479233435389,-20.442446950066124,,,,,,,51.72557091625579,,,96.33287189244786,94.44691974190305,,,,,60,100,-40,,,,,,,,,,,,328.27419720007777,168.7631457198563,328.27419720007777,-0.012056934139729044
2019-02-11,271.2,277.41,270.03,277.37,258.1197418752483,267.2840603757654,268.8800486917934,240.5904732556495,1.625756905076213,-2.0234524578333435,-3.6492093629095566,0,,,7.203674706713562,-6.617997810958556,,,,,,,56.25813006046333,,,99.22242215604965,98.4448443120993,,,,,60,100,-40,,,,,,,,,,,,209.49707043642718,70.80621013442787,209.49707043642718,0.024672500327749907
2019-02-19,276.4813,279.36,276.345,279.14,260.21047459844476,269.65524830061236,269.28239972348774,240.9740506361903,2.19670526007229,-0.9033277878191939,-3.100033047891484,0,,,19.2750796092148,6.584758360830992,,,,,,,57.37043412782789,,,99.70313734049878,99.40627468099756,,,,,60,100,-40,,,,,,,,,,,,100.49760308434948,-19.3403735263772,100.49760308434948,0.06609863172242507
2019-02-25,280.73,281.31,277.48,280.42,262.4118692699845,271.8081986404899,269.71916836178235,241.3665476447854,2.5493587274997918,0.08666536148325577,-2.462693366016536,0,,,27.996893125076113,18.15854914700149,,,,,,,58.20309679888282,,,100,100,100,,,,60,100,-40,,,,,,,,,,,,19.498038887195044,-83.09666924885406,19.498038887195044,0.11799233465431193
2019-03-04,281.6,281.87,272.42,274.46,263.1510214649856,272.3385589123919,269.905083327987,241.6958357279219,2.278852120717191,0.3858717848799529,-1.8929803358372381,0,,,29.9728844145873,25.748285716292738,,,,,,,52.98284057102642,,,96.21719539453184,98.10859769726592,,,,,60,100,-40,,,,,,,,,,,,36.86203181679595,-60.71545665815332,36.86203181679595,0.12220547242517611
2019-03-11,275.26,282.38,275.23,281.31,263.9245199317723,274.1328471299135,270.35233496218353,242.0900065166988,2.4442515639117923,1.1623341190525025,-1.2819174448592898,0,,,34.49376221273546,30.821179917466292,,,,,,,57.70598338016246,,,94.9826824385218,96.07278949221035,,,,,60,100,-40,,,,,,,,,,,,-2.5674285135305652,-89.67628272030726,-2.5674285135305652,0.1985215125091317
2019-03-18,281.55,285.18,279.18,279.25,264.03491136521717,275.1562777039308,270.70126300288223,242.4597576956371,2.300011633855957,1.5930970974606566,-0.7069145363953006,0,,,38.52663251074279,34.331093046021856,,,,,,,55.87725784160962,,,92.35662462871196,93.23290443351374,,92.35662462871196,,,60,100,-40,,,,,,,,,,,,49.71755848892954,-34.280594952978696,49.71755848892954,0.119481385619046
2019-03-25,278.87,282.84,277.64,282.48,265.5817034105588,276.62102216314463,271.1631742576712,242.85796906184967,2.3016102886742473,2.1700983244475083,-0.13151196422673883,0,,,40.26700825128693,37.76246765825506,,,,,,,58.13106624096696,,,95.66518785619883,94.17582398028527,,,,,60,100,-40,,,,,,,,,,,,25.22345694548779,-62.593214052437105,25.22345694548779,0.14028758845880115
2019-04-01,284.7,288.63,284.4,288.57,272.1358674526617,279.0108177305157,271.8457948750174,243.31281514083625,2.5718066221043214,3.083246313403663,0.5114396912993416,0,,,47.14601097518089,41.979883912403544,,,,,,,62.086756801927585,,,96.49766238538834,95.40755533169981,,,,,60,100,-40,,,,,,,,,,,,-15.726262499146344,-99.39444786108488,-15.726262499146344,0.15732764867833074
2019-04-08,288.1,290.47,286.7,290.16,274.0211626346145,281.24065418441256,272.56399899756576,243.7789562837135,2.703149483915481,3.8903765461936928,1.187227062278212,0,,,52.031166131869554,46.4813951194458,,,,,,,63.07351405727152,,,99.12372019519822,98.24744039039642,,,,,60,100,-40,,,,,,,,,,,,-57.412396590210655,-134.959093704524,-57.412396590210655,0.22244920430988557
2019-04-15,290.24,291.425,288.66,290.02,274.6353653035706,282.99652334753006,273.24854805648476,244.23906617143774,2.6240108870355123,4.467240671072602,1.84322978403709,0,,,54.67884732679333,51.28534147794793,,,,,,,62.91731349973946,,,99.37709525753434,99.08548998853638,,,,,60,100,-40,,,,,,,,,,,,-26.973779028354166,-110.42107666733784,-26.973779028354166,0.18234918323662905
2019-04-22,289.17,293.49,289.07,293.41,278.59926778188697,285.07921867802406,274.03919323074024,244.7283291946075,2.636390867252148,5.138718368102275,2.502327500850127,0,,,56.8832528509175,54.53108876986013,,,,,,,65.17938221159477,,,99.72391710544358,99.77913368435486,99.72391710544358,,,,60,100,-40,,,,,,,,,,,,-52.978546477744324,-140.34451727327644,-52.978546477744324,0.28428210013306854
2019-04-29,293.51,294.95,289.52,294.03,279.6457486546093,286.86937494241926,274.8231464373779,245.21889308321838,2.5227001427151223,5.65570267924403,3.1330025365289074,0,,,57.71563644055022,56.42591220608702,,,56.42591220608702,,56.42591220608702,,65.59520442180903,65.59520442180903,,99.6687005265323,99.6687005265323,,,,,60,100,-40,,,,,,,,,,106,,-88.80062893633624,-170.2818777690443,-88.80062893633624,0.3639820707059087
2019-05-06,289.25,293.31,282.3,288.1,279.8974808935658,287.1154999539354,275.3438073614023,245.64557076398236,1.9121951565584014,5.523246482226909,3.611051325668508,0,,,51.34100491558037,55.313298069016035,,,,,,,58.372429376427,,,89.1141974189726,94.39144897275246,,,,,60,100,-40,,,,,,55.313298069016035,,105,,,,-37.200514584275126,-127.503354538309,-37.200514584275126,0.5093300859660065
2019-05-13,282.42,289.21,279.93,285.84,279.2312322583111,286.8603999631483,275.75542275899437,246.045515333495,1.2521528429479338,5.176242379353425,3.9240895364054915,0,,,41.17433722342011,50.076992859850236,,,,,,,55.83410338116142,,,70.14171081240275,80.94726700413263,,,,,60,100,-40,,,,,,,,,,,,4.108669885593095,-99.77547189498009,4.108669885593095,0.48824977982617046
2019-05-20,284.06,286.93,280.57,282.78,278.96257281128885,286.04431997051864,276.0308963762887,246.4110325938582,0.5417539602668722,4.601281986739082,4.05952802647221,0,,,29.949848732164654,40.82173029038839,,,,,,,52.48629465627567,,,41.25956183741857,56.42305604017569,,,,,60,100,-40,,,,,,,,,,,,73.36163899730344,-44.3617497322564,73.36163899730344,0.42771216513431576
2019-05-28,283.09,284.15,275.24,275.27,279.13024618191105,283.8894559764149,276.0010573027088,246.69818649839692,-0.44819053187971036,3.4992898616225716,3.947480393502282,0,,,12.755656330180365,27.959947428588382,,,,,,,45.269456188399595,,,20.189229333312642,31.45267023048991,,,,,60,100,-40,,,,,,,,,,,,243.65952281597558,110.97675021906295,243.65952281597558,0.33030545481820495
2019-06-03,275.31,288.85,273.09,287.65,278.9216571689174,284.64156478113193,276.4578785849555,247.10566722975616,-0.2910994200417294,3.5836061184501204,3.87470553849185,0,,,8.908307503865236,17.204604188736756,,,,,,,56.05921418117564,,,17.954438331730017,17.732683183564216,,17.954438331730017,,,60,100,-40,,,,,,,,,,,,204.8123368494346,52.617341088324245,204.8123368494346,0.32190209370611483
2019-06-10,289.37,291.4,287.815,289.26,277.7493959425662,285.56525182490554,276.95992256201606,247.52511332697253,-0.10995635391653646,3.737260096096179,3.8472164500127155,0,,,18.722260058501426,13.46207463084901,,,,,,,57.24667469573089,,,29.945534691762084,21.74826282488884,,,,,60,100,-40,,,,,,13.46207463084901,,,,,,197.57373014953737,45.77782452681074,197.57373014953737,0.2836847352890263
2019-06-17,289.52,296.3093,289.18,294,278.3765819466686,287.25220145992444,277.6281608929174,247.98755001028624,0.2767660928628466,4.193174066091274,3.916407973228427,0,,,30.442845047127854,19.357804203164836,,,,,,,60.63924855161928,,,51.93952296990468,40.049511494585126,,,,,60,100,-40,,,,,,,,,,,,160.74214284962142,16.54549279466334,160.74214284962142,0.25852040714713026
2019-06-24,294.23,294.58,290.345,293,278.4762118076208,288.4017611679395,278.230978112803,248.43543508481076,0.40512488679006786,4.422814081716012,4.017689194925945,0,,,36.40155627953759,28.522220461722288,,,,,,,59.55908090883108,,,63.45402264912795,57.22009657552886,,,,,60,100,-40,,,,,,,,,,,,107.87993505878117,-25.553687713457265,107.87993505878117,0.2751278741215232
2019-07-01,296.68,298.82,294.33,298.46,283.4121966785051,290.4134089343516,279.0242730887715,248.9331919496385,0.776156315061546,4.987884588752877,4.211728273691331,0,,,45.59806489783594,37.48082207483379,,,,,,,63.41393386719596,,,75.54337308740136,71.1510573356885,,,,,60,100,-40,,,,,,,,,,,,71.90176504809372,-50.90756267464684,71.90176504809372,0.2540793820001719
2019-07-08,297.01,300.73,295.48,300.65,285.845611201469,292.4607271474813,279.8723408107805,249.44778705461724,1.0693873906934224,5.548462512058109,4.479075121364686,0,,,52.049183323972045,44.68293483378185,,,,,,,64.86902624467332,64.86902624467332,,82.91045687063306,78.86113782577685,,,,,60,100,-40,,,,,,,,,,,,34.283262312076666,-76.19709673380197,34.283262312076666,0.254457982312409
2019-07-15,301.13,301.13,296.7,297.17,286.1530675442212,293.402581717985,280.55068038682833,249.92263494462105,0.9341995509837151,5.6468245600943305,4.712625009110615,0,,,53.98475014396023,50.54399945525606,,,,,,,60.71232375391042,,,87.22338566708873,85.33555902219524,,,,,60,100,-40,,,,,,,,,,,,38.95903280079004,-79.61580641856526,38.95903280079004,0.2030855355400197
2019-07-22,297.61,302.23,297.04,302.01,287.9157055767769,295.124065374388,281.3922223324429,250.44091718397806,1.0664075381535172,6.045634431802512,4.9792268936489945,0,,,56.54863438667753,54.194189284869935,,,54.194189284869935,,54.194189284869935,,64.17146893468755,,,89.73883173882547,88.88716292628061,89.73883173882547,,,,60,100,-40,,,,,,,,,,106,,7.330117746100981,-111.50384161518971,7.330117746100981,0.2787055763712255
2019-07-29,301.88,301.93,290.9,292.62,288.18101232129277,294.6232522995104,281.8325273390138,250.86060955030663,0.4487275735257903,5.540136360556232,5.091408787030442,0,,,49.127079317292754,53.22015461597683,,,,,,,54.150742612277185,,,78.77748629071735,84.31417136119681,,,,,60,100,-40,,,,,,53.22015461597683,,105,,,,140.54282361044628,6.951402314844799,140.54282361044628,0.18912330881260414
2019-08-05,288.09,293.62,281.72,291.62,287.5816542983433,294.02260183960834,282.2163497963074,251.26617562443295,-0.0721803686094944,5.001183326268574,5.0733636948780685,0,,,31.629340520220495,45.76835140806359,,,,,,,53.19243788703623,,,68.06932586198484,74.99248837389446,,,,,60,100,-40,,,,,,,,,,,,183.17140113581968,33.86932916669117,183.17140113581968,0.30824229030229294
2019-08-12,289.96,294.15,282.39,288.85,286.9122504198902,292.98808147168666,282.47649294155025,251.64014402617988,-0.6179193780424042,4.300964472325063,4.918883850367467,0,,,17.63561336688339,32.797344401465544,,,,,,,50.51006579289342,,,48.19148296269155,57.69248262392406,,,,,60,100,-40,,,,,,,,,,,,203.50387365657969,39.52945113638368,203.50387365657969,0.26430301894263347
2019-08-19,292.19,293.93,283.47,284.85,286.31066110418374,291.36046517734934,282.56957164972476,251.9705903542776,-1.2277008419753113,3.3842577978983286,4.61195863987364,0,,,5.515284912007093,18.260079599703655,,,,,,,46.816779366047335,,,34.055099098484824,41.98671121212598,,,,,60,100,-40,,,,,,,,,,,,298.32135117356523,125.06955092976845,298.32135117356523,0.1832633232940259
2019-08-26,287.27,294.2399,285.25,292.45,285.9377567395992,291.57837214187947,282.9570394281669,252.37337054975742,-1.102574044882651,3.233741083770326,4.336315128652977,0,,,2.8623330154549245,8.671077098115129,,,,,,,53.77401812330423,,,28.714753063221195,30.56086910318628,,28.714753063221195,,,60,100,-40,,,,,,,,,,,,265.8992873238261,107.78417803344692,265.8992873238261,0.1747890137856627
2019-09-03,290.57,298.83,289.27,298.05,285.74435982962785,292.87269771350356,283.5489202349055,252.82786437513298,-0.6485026791432515,3.5256867797239124,4.174189458867164,0,,,11.832397586851368,6.7366718381044555,,,,,,,58.144700701997365,,,34.647715271137805,30.571888637593847,,,,,60,100,-40,,,,,,6.7366718381044555,,,,,,198.4630532649486,58.1870547546384,198.4630532649486,0.20458756244754114
2019-09-09,299.14,302.46,295.97,301.09,285.54047698465445,294.51615817080284,284.2368057158896,253.30808463010678,-0.17395355238960697,3.956747518380155,4.130701070769762,0,,,25.510344472460954,13.401691691589074,,,,,,,60.34945378966084,60.34945378966084,,51.73655777690118,42.26632362043506,,,,,60,100,-40,,,,,,,,,,,,110.56067994404884,-6.028773382568602,110.56067994404884,0.194098887854862
2019-09-16,299.84,302.63,297.41,298.28,285.7897286286077,295.26892653664225,284.78751921722727,253.75556637508083,-0.08438286913233384,4.0252224843543445,4.109605353486678,0,,,32.887226966272856,23.40998967519505,,,,,,,57.32565177902679,,,60.79025711545792,55.37771201724123,60.79025711545792,,,,60,100,-40,,,,,,,,,,,,91.36782904513083,-22.20536004028343,91.36782904513083,0.1296074473996562
2019-09-23,297.55,299.84,293.69,295.4,286.2026051551357,295.2951412293138,285.2036949341987,254.1699388489606,-0.2450795700511943,3.803255890922685,4.048335460973879,0,,,31.243861830430767,29.880477756388185,,,,,29.880477756388185,,54.30455563789908,,,60.660340293169,62.18256868334498,,,,,60,100,-40,,,,,,,,,,,,134.7554964914707,6.377432694313576,134.7554964914707,0.10564703105839579
2019-09-30,295.97,298.455,284.82,294.35,286.4531333583403,295.10611298345106,285.56237356423014,254.56974045245354,-0.4368701215848474,3.50224780899282,3.9391179305776673,0,,,20.03326521954324,28.05478467208228,,,,,,,53.19725965696267,,,51.49378414619265,57.08212060226324,,,,,60,100,-40,,,,,,28.05478467208228,,,,,,156.6181334930215,23.399717658983832,156.6181334930215,0.11237501523137955
2019-10-07,293.47,298.74,288.49,296.28,285.6164809756017,295.34089038676086,285.9826726401427,254.98476791063808,-0.4469233651121738,3.3804637241874502,3.827387089299624,0,,,16.661417658948498,22.646181569640827,,,,,,,55.023440595677755,,,45.231811945030564,48.87679587079405,,45.231811945030564,,,60,100,-40,,,,,,,,,,,,143.5966546761085,-3.5820491881041505,143.5966546761085,0.1540075957976065
2019-10-14,295.93,300.24,295.57,297.97,284.40316090591585,295.8667123094087,286.4527639091567,255.41248166277103,-0.3568377877438169,3.3813398546198528,3.7381776423636697,0,,,24.448949998536282,20.381210959009334,,,,,,,56.62877571505319,,,45.5335870035076,44.63986242910108,,,,,60,100,-40,,,,,,20.381210959009334,,,,,,115.66999018954331,-20.203494790267023,115.66999018954331,0.20373647759858274
2019-10-21,299.42,302.2,298.495,301.6,285.4379351269219,297.013369847527,287.04677316762115,255.8720589596589,-0.08408999896901381,3.633065143652402,3.717155142621416,0,,,35.74587544607627,25.618747701187015,,,,,,,59.95470492691419,,,54.440572946467555,49.22382137252907,,,,,60,100,-40,,,,,,,,,,,,70.09362833689909,-58.34831391930937,70.09362833689909,0.18070160403106128
2019-10-28,302.94,306.19,301.73,306.14,290.52808261785606,298.83869587802155,287.7955271610478,256.3722374774732,0.3471147675697628,4.15104860208362,3.803933834513857,0,,,48.53997052342912,36.24493198934722,,,,,,,63.72385777900248,,,69.39407752936506,61.21819778926257,,,,,60,100,-40,,,,,,,,,,,,-0.8324859061734458,-111.37589320670767,-0.8324859061734458,0.22871888285794242
2019-11-04,307.85,309.65,306.06,308.94,293.7875052880092,300.85895670241723,288.62472217434004,256.8952997911302,0.7431989517429649,4.732932524192563,3.989733572449598,0,,,59.17411047579273,47.81998548176605,,,,,,,65.87015959976745,,,84.16547012510512,76.38955551002095,,,,,60,100,-40,,,,,,,,,,,,3.864329713130843,-116.58027626003357,3.864329713130843,0.23568745781176267
2019-11-11,307.42,311.84,307.27,311.79,297.2069691960086,303.0451653619338,289.533164442013,257.4415157136065,1.0980038303019315,5.362238360327012,4.264234530025081,0,,,65.81694951299173,57.84367683740453,,,,,,,67.96044283724596,,,94.91855700160946,89.83711400321893,,,,,60,100,-40,,,,,,,,,,,,-12.292821143802044,-143.5656805763911,-12.292821143802044,0.2636612618121525
2019-11-18,311.53,312.69,309.06,310.96,297.59575711057937,304.62813228954707,290.3734325031105,257.9740379453119,1.170984606112004,5.727965287665086,4.556980681553082,0,,,68.40575132468665,64.46560377115703,,,,,,,66.67216138718916,,,97.38217680242329,96.67643458625896,,,,,60,100,-40,,,,,,,,,,,,2.669509973252815,-135.64464774431997,2.669509973252815,0.2333792678994938
2019-11-25,311.98,315.48,311.98,314.31,300.6110601741094,306.56450583163763,291.3121214245572,258.53459478167696,1.3275866452708929,6.216463988141697,4.8888773428708046,0,,,71.29850764996026,68.50706949587955,,,,,,,69.22314469576345,,,98.40659918215636,98.72527934572508,,,,,60,100,-40,,,,,,,,,,,,-60.543128203702246,-190.98198451807997,-60.543128203702246,0.2090551700049286
2019-12-02,314.59,315.31,307.13,314.87,301.50384159024446,308.22560466531013,292.23595980006473,259.0951460773817,1.347314414059504,6.5730203604451845,5.2257059463856805,0,,,69.34445669864779,69.68290522443156,,,,,,,69.6439211846326,,,98.08791901858763,98.08791901858763,,,,,60,100,-40,,,,,,69.68290522443156,,105,,,,-109.53528671211998,-235.34889642388356,-109.53528671211998,0.2761886613266647
2019-12-09,314.44,318.67,312.81,317.32,303.73999576236986,310.0444837322481,293.2196476510426,259.6744978577062,1.397762462168754,6.972909024096623,5.575146561927869,0,,,70.6343311750452,70.42576517455109,,,,,,,71.49125542188345,,,99.36263967286254,98.72527934572508,,,,,60,100,-40,,,,,,70.42576517455109,,,,,,-170.52887094627994,-293.4672788922684,-170.52887094627994,0.26610925067089264
2019-12-16,319.22,321.9742,319.17,320.73,307.28285320791485,312.1815869857985,294.29848499806053,260.2820152919579,1.5228999900376357,7.478771549474914,5.955871559437278,0,,,73.70261154804967,71.22713314058088,,,,,,,73.88733584859638,,,99.68131983643127,99.36263967286254,,,,,60,100,-40,,,,,,,,,,,,-257.7054398651381,-373.7459554573105,-257.7054398651381,0.32088934575339084
2019-12-23,321.59,323.8,320.9,322.86,309.7084779787781,314.3172695886388,295.4185444099013,260.9046818064658,1.6031339140383967,7.959788951985274,6.356655037946878,0,,,75.00463856318758,73.11386042876082,,,,,,,75.29253787526329,,,100,100,100,,,,60,100,-40,,,,,,,,,,,,-264.4862689805676,-372.1557817377996,-264.4862689805676,0.2868365667226547
2019-12-30,322.95,324.89,320.15,322.41,310.20930098029396,315.93581567091104,296.477032864415,261.51667502232186,1.4827136950652529,8.210047156778444,6.727333461713191,0,,,73.57324595892227,74.09349869005318,,,74.09349869005318,,74.09349869005318,,74.37648977412883,,,99.15823219363344,99.57911609681673,,,,,60,100,-40,,,,,,74.09349869005318,,105,,,,-256.3978564386462,-349.9456396036543,-256.3978564386462,0.28849146000918546
2020-01-06,320.49,327.46,320.36,325.71,313.28577948170147,317.89065253672885,297.62342373247714,262.1554145743386,1.4787768083393722,8.575804472137406,7.097027663798034,0,,,72.61227053382645,73.73005168531209,,,,,,,76.63487480947128,,,98.9477902420418,99.15823219363345,,,,,60,100,-40,,,,,,,,,,,,-271.59824617707415,-355.4100687666262,-271.59824617707415,0.3615288852942237
2020-01-13,326.39,332.18,325.92,331.95,319.3989380901514,320.7025220293831,298.96956397826233,262.8498880611611,1.732309295868478,9.262414283633632,7.530104987765154,0,,,74.84211758571985,73.67587802615618,,,,,,,80.20823395330385,80.20823395330385,,98.73734829045016,98.73734829045016,,,,,60,100,-40,,,,,,73.67587802615618,,,,,,-377.671292326697,-453.517328990876,-377.671292326697,0.38053543662460354
2020-01-21,330.9,332.95,327.36,328.77,319.37115679799774,322.31601762350647,300.1382085281344,263.50580957299036,1.528817330773224,9.441126651231684,7.91230932045846,0,,,73.6855120995202,73.71330007302215,,,,,,,73.96327849353372,,,93.33577864813647,96.03656346929331,,,,,60,100,-40,,,,,,73.71330007302215,,105,,,,-359.91287554002486,-440.1505419016258,-359.91287554002486,0.32099259319137213
2020-01-27,323.03,328.63,320.73,321.73,319.4710741695693,322.1988140988052,300.9849454485997,264.0851547513686,0.7997180115919047,8.911956834948342,8.112238823356437,0,,,64.77865451035038,71.10209473186346,,,,,,,62.32519016668565,,,69.76316401533583,82.22466753702537,,,,,60,100,-40,,,,,,,,,,,,-239.0196254418385,-332.8504433740575,-239.0196254418385,0.2366231692732192
2020-02-03,323.35,334.19,323.22,332.2,319.4638545860287,324.19905127904417,302.20906523492914,264.76291440558384,0.8950233509995194,9.231018012105835,8.335994661106316,0,,,64.53729574734871,67.66715411907309,,,,,,,69.94463922419766,,,50.48207978763585,62.22520347397441,,,,,60,100,-40,,,,,,,,,,,,-188.2887844524133,-295.0594536696834,-188.2887844524133,0.31196546245488865
2020-02-10,331.23,338.12,331.19,337.6,323.9935792584552,326.87924102323535,303.5969450296378,265.4876615259263,1.1764580008449315,9.80656716216248,8.630109161317549,0,,,68.35497102862988,65.89030709544296,,,,,,,72.99610242775458,72.99610242775458,,39.687259471439134,43.853783884455474,,,,,60,100,-40,,,,,,65.89030709544296,,,,,,-219.50900546106539,-332.32137118428636,-219.50900546106539,0.38367530261991484
2020-02-18,336.51,339.08,332.58,333.48,323.97546645427985,328.1993928185883,304.7688295382795,266.16420220726036,0.9495760818541275,9.817079263635208,8.86750318178108,0,,,68.14524386545985,67.01250354714612,,,,,,,67.34471268869918,,,42.7090965598488,39.91947106985444,,,,,60,100,-40,,,,,,,,,,,,-192.32554992268985,-300.99021278714343,-192.32554992268985,0.3248969102233754
2020-02-24,323.14,325.85,285.54,296.26,324.02007599325987,321.81151425487064,304.435149948543,266.46366288181497,-1.6985442379914097,6.744322884291819,8.442867122283229,0,,,36.39652190401203,57.63224559936723,,,,,,,38.31412766297931,,,33.988638257283576,37.2491834057083,,,,,60,100,-40,,,,,,57.63224559936723,,105,,,,300.82455006325375,102.8261895377917,300.82455006325375,0.16135875617648127
2020-03-02,298.21,313.84,290.23,297.46,318.14149913659844,316.9412114038965,304.1616146564433,266.7720841466725,-3.2696850675591893,4.355760787834242,7.625445855393432,0,,,14.72570196053973,39.75582257667053,,,,,,,39.229114469094355,,,19.881656873321987,28.99753222633652,,,,,60,100,-40,,,,,,,,,,,,693.4019045972076,469.58506416728414,693.4019045972076,0.08177932501151397
2020-03-09,275.3,288.52,247.68,269.32,316.1585349125557,307.4169691231172,302.7952768267789,266.79743654322306,-5.94839220145969,0.18995560356881924,6.138347805028509,0,,,-11.482929455211636,13.213098136446709,,,,,,,28.492548974511166,,,7.44084212411911,14.093889719351154,,,,,60,100,-40,,,,,,,,,,,,1170.0561037613516,866.9241434095961,1170.0561037613516,0.06391519591257525
2020-03-16,241.18,256.9,228.02,228.8,310.57863956165886,291.6935752984938,299.8935012649444,266.4193525975193,-9.957383272477733,-6.308381285568657,3.6490019869090755,0,,,-32.90219153627325,-9.88647301031505,,,,,,,19.96762197363647,,19.96762197363647,2.450792360790476,4.113790192693889,,2.450792360790476,,,60,100,-40,,,,,,,,,,,,1176.4095394411058,885.665208244215,1176.4095394411058,-0.11544914445038845
2020-03-23,228.19,262.8,218.26,253.42,306.6087367358261,284.038860238795,298.0710110192603,266.2900058055042,-10.410235095180045,-9.363791882065982,1.0464432131140637,0,,,-42.40386490971969,-28.92966196706819,,,,,,,33.13600384904208,,,5.898437644047462,3.3431160864672633,,,,,60,100,-40,,,,,,,,,,,,990.6987140881774,739.1806249270851,990.6987140881774,-0.04773633338884925
2020-03-30,255.7,263.33,243.9,248.19,302.45954125469564,276.869088191036,296.1148929400736,266.10990624525044,-10.491658723456842,-12.06813019120699,-1.5764714677501472,0,,,-45.600881043503676,-40.30231249649887,,,,,,,31.92707277784912,,,12.310025539668619,8.46540120246299,,,,,60,100,-40,,,,,,,,,,,,962.3898569812361,706.6023294857969,962.3898569812361,-0.1077542371032817
2020-04-06,257.84,281.2,248.1698,278.2,302.1938597365031,277.1352705528288,295.4123481188943,266.2302056855962,-8.06316290867757,-11.65542510359711,-3.59226219491954,0,,,-41.63141863136306,-43.212054861528806,,,,,,-43.212054861528806,44.51143745138912,,,24.75546431795881,18.529834428604882,,,,,60,100,-40,,,,,,-43.212054861528806,,,,,,784.682610257375,570.8564513974702,784.682610257375,-0.05551987682006754
2020-04-13,277.14,287.3,271.41,286.64,300.00426975532434,279.036216442263,295.0683344671729,266.4332882160878,-5.54697340498857,-10.525978951155253,-4.9790055461666824,0,,,-32.86515837765787,-40.032486017508205,,,,,,,47.47014234552394,,,33.793701508013044,28.680786775053264,,,,,60,100,-40,,,,,,,,,,,,622.922135665125,440.7007329615664,622.922135665125,-0.01058000524201043
2020-04-20,282.61,286.7912,272.02,282.97,300.41967905851544,279.82297315381044,294.5938899782642,266.59783261194764,-3.867911241993971,-9.813894598659147,-5.945983356665176,0,,,-26.126562445348583,-33.54104648478984,,,,,,,46.30700606459164,,,43.97074153098797,39.45729837756537,,,,,60,100,-40,,,,,,,,,,,,486.93629281692046,335.1187815140089,486.93629281692046,-0.011400497284419497
2020-04-27,285.12,294.88,281.52,282.79,300.96524484005005,280.41637852304837,294.13099233205776,266.7589487053611,-2.5700240925557,-9.1585134723598,-6.5884893798041,0,,,-17.262230926383175,-25.41798391646321,,,,,,,46.24679722221937,,,48.625864796858124,46.16063262977491,,,,,60,100,-40,,,,,,,,,,,,401.12969412293495,278.73354851146183,401.12969412293495,-0.05850575854111455
2020-05-04,280.74,292.95,279.13,292.44,297.55344163718934,282.8211028184387,294.0646789072712,267.014481554064,-0.9459022059607509,-7.770867137255038,-6.8249649312942875,0,,,-9.142200288715895,-17.510331220149215,,,,,,,50.02094199289838,,,52.786757863441935,51.28719934380894,,,,,60,100,-40,,,,,,,,,,,,274.5606588278559,175.3274487821051,274.5606588278559,-0.03492555713943319
2020-05-11,290.34,294.24,276.37,286.28,262.12533866310434,283.51288225475093,293.75939738149583,267.2061782550186,-0.20924322185619637,-7.086518958614533,-6.877275736758337,0,,,-4.518882722349885,-10.307771312482988,,,,,,,47.70466463796108,,,54.40003208393722,53.54436937872268,,,,,60,100,-40,,,,,,,,,,,,200.09508449551845,120.72245809444965,200.09508449551845,-0.03321939203972195
2020-05-18,293.05,297.87,291.95,295.44,262.096385901454,285.8983058038007,293.8253033665352,267.4871118047199,0.9107178440776709,-5.738878431661249,-6.6495962757389195,0,,,5.946389945311748,-2.5715643552513465,,,,,,,51.33488755567604,,,58.382204079735914,56.57660483292463,,,,,60,100,-40,,,,,,,,,,,,117.35052367815146,52.409283895458785,117.35052367815146,-0.026071719862666768
2020-05-26,301.93,306.84,296.87,304.32,269.8266440513502,289.58264464304057,294.2368600972593,267.8536082046729,2.192270363327763,-3.909258321579216,-6.101528684906979,0,,,17.77626803006367,6.401258417675174,,,,,,,54.64167974523445,,,68.53834035625597,63.130044707052726,,,,,60,100,-40,,,,,,,,,,,,55.10497391848755,-0.7560404491700723,55.10497391848755,-0.021205127287525966
2020-06-01,303.62,321.275,303.06,319.34,285.681883761968,295.53411571443246,295.2212969561903,268.3659106105966,3.8947680024772797,-1.23306868181038,-5.12783668428766,0,,,31.070268140861174,18.264308705412194,,,,,,,59.663965763792525,,,81.71049443135533,74.38885704867927,,,,,60,100,-40,,,,,,,,,,,,-26.732294066692006,-67.89130582204827,-26.732294066692006,-0.017674450085830195
2020-06-08,320.22,323.41,298.6,304.21,285.4838920646846,297.269292571546,295.5737951147711,268.7225682164613,3.8388786200186944,-0.32923840926429193,-4.168117029282986,0,,,35.73718435598815,28.194573508971,,,,,,,53.231938687251514,,,90.75633314340251,86.1228585265739,,,,,60,100,-40,,,,,,,,,,,,-30.05369514547528,-61.00197749076678,-30.05369514547528,-0.03291503761024765
2020-06-15,298.02,315.64,296.74,308.64,284.35789977434996,299.54343405723677,296.0861953063487,269.11975659241693,3.9233200551881433,0.7360330397021926,-3.1872870154859507,0,,,37.23094480543518,34.67946576742817,,,,,,,54.77829504330197,,,92.02126914162864,92.11611946437995,92.02126914162864,,,,60,100,-40,,,,,,,,,,,,-121.86211420993432,-144.45616340153646,-121.86211420993432,-0.001980336866953654
2020-06-22,307.99,314.5,299.42,300.05,284.15662121903927,299.6447472457894,296.24163862766835,269.4275202084128,3.2514435457048543,0.877017416645117,-2.3744261290597373,0,,,36.07034478216223,36.346157981195184,,,,,,,51.22069419153081,,,86.2966685594755,89.97739092451486,,,,,60,100,-40,,,,,,36.346157981195184,,,,,,-126.06900253540081,-151.82777005580255,-126.06900253540081,-0.04647721975645194
2020-06-29,301.41,315.7,298.93,312.23,284.51543398910786,302.1617977966315,296.8686331912892,269.8534155297221,3.4588246576299486,1.9491046929776985,-1.5097199646522501,0,,,37.94844018044607,37.0832432560145,,,,,,,55.64557793752959,,,84.3803059091877,85.82574420792223,,,,,60,100,-40,,,,,,37.0832432560145,,,,,,-197.69282025623704,-221.4954482274748,-197.69282025623704,-0.047919281356828484
2020-07-06,316.37,317.88,310.68,317.59,284.6071887041716,305.2474382373052,297.6812358112386,270.32840641997365,3.7633163237553404,3.1944254400419254,-0.568890883713415,0,,,43.11716053799652,39.04531516686827,,,,,,,57.48421519984193,,,82.29288395223956,82.53414542734212,,82.29288395223956,,,60,100,-40,,,,,,,,,,,,-214.47594384601211,-234.85991218611574,-214.47594384601211,-0.012136971073182111
2020-07-13,320.13,323.04,312,321.72,288.4395323681594,308.54195058984413,298.623932446092,270.83976556007343,4.0256399619843535,4.463159068767027,0.43751910678267336,0,,,47.82648227665932,42.96402766503397,,,,,,,58.90616154778492,,,87.42338301913267,84.95831403146389,,,,,60,100,-40,,,,,,,,,,,,-245.4803176921917,-263.97629178864014,-245.4803176921917,0.05100626095770466
2020-07-20,321.43,327.23,319.246,320.88,289.2395657704337,311.0095604718753,299.4967194089904,271.3376783405702,3.9214330217226916,5.339310383936038,1.4178773622133463,0,,,51.95454955647526,47.632730790377025,,,,,,,58.47524181967655,,,89.78726187270729,87.87864955733828,,,,,60,100,-40,,,,,,,,,,,,-213.5748053845205,-229.6169660088874,-213.5748053845205,0.07313557607623708
2020-07-27,321.63,326.63,319.64,326.52,295.21902535825984,314.1116483775003,300.55645590275543,271.88675616802726,3.9975552382003117,6.414821409963736,2.417266171763424,0,,,54.46344112009416,51.414824317742905,,,,,,,60.57316459188157,,,94.29239320764384,92.54227815254137,,,,,60,100,-40,,,,,,,,,,,,-252.9248407691531,-261.5047903709079,-252.9248407691531,0.09771204827714662
2020-08-03,328.32,334.88,327.73,334.57,304.50623783266985,318.2033187020002,301.8903203771572,272.5104700370021,4.3274031569825455,7.826520117991606,3.4991169610090607,0,,,59.5049672310253,55.307652635864905,,,,,,,63.43000615104332,,,96.30049798015247,95.0848446027819,,,,,60,100,-40,,,,,,,,,,,,-298.75668790203434,-303.0493739398337,-298.75668790203434,0.2669572116868483
2020-08-10,335.06,338.28,332.01,336.84,307.72936370176484,321.93065496160017,303.2608960486412,273.15056486250455,4.420261133530634,9.024443377922353,4.604182244391719,0,,,62.724942897259744,58.897783749459734,,,,,,,64.22196533372676,,,98.9264432700449,97.8528865400898,,,,,60,100,-40,,,,,,,,,,,,-278.982744647119,-282.4949423144094,-278.982744647119,0.2301145781988868
2020-08-17,337.94,339.72,335.22,339.48,311.55298058021026,325.44052396928015,304.6812530663415,273.8105592419821,4.373248503335665,10.0707428735613,5.697494370225636,0,,,64.30727894294209,62.17906302374237,,,,,,,65.17222824063839,,,99.58602522625384,99.17205045250769,,,,,60,100,-40,,,,,,,,,,,,-246.44042743855186,-259.31404371178945,-246.44042743855186,0.3256761815505418
2020-08-24,342.12,350.72,339.4504,350.58,324.00491053876664,330.4684191754241,306.481203926485,274.5744342744002,4.7709620842786915,11.661196975574,6.890234891295309,0,,,67.90762015317388,64.97994733112523,,,,,,,68.93092105243102,68.93092105243102,,100,100.00000000000001,100,,,,60,100,-40,,,,,,,,,,,,-256.1785315406334,-272.16603576419135,-256.1785315406334,0.30138419471893285
2020-08-31,350.35,358.75,334.87,342.57,324.2931883574262,332.8887353403393,307.89645083132876,275.2510070676897,4.196143092269016,12.135413756631579,7.939270664362563,0,,,67.4226334469527,66.54584418102289,,,66.54584418102289,,66.54584418102289,,63.56777302190983,,,93.88835536999096,96.9441776849955,,,,,60,100,-40,,,,,,,,,,106,,-167.7824348968819,-207.22675653433836,-167.7824348968819,0.21404620548856365
2020-09-08,336.71,342.64,331,334.06,322.7593891890386,333.1229882722714,308.9224723673551,275.83617117646895,3.00041979521532,11.689795408381713,8.689375613166392,0,,,59.75495117419486,65.02840159144047,,,,,,,58.34315257735919,,,79.99394639030841,87.70510645890083,,,,,60,100,-40,,,,,,65.02840159144047,,105,,,,-130.91290127926703,-171.36734625536772,-130.91290127926703,0.16438208611300845
2020-09-14,337.49,343.06,327.97,330.65,323.0837185326787,332.6283906178171,309.77453227451764,276.38158240854386,1.7968390215802845,10.935424390141748,9.138585368561463,0,,,51.47239484137825,59.54999315417527,,,,,,,56.33327469280627,,,60.52321426898682,71.04043697866904,,,,,60,100,-40,,,,,,,,,,,,-151.65601013758211,-185.66419239075543,-151.65601013758211,0.1914697122656718
2020-09-21,325.7,331.2,319.8,328.73,322.89202435177305,331.8487124942537,310.51788395002677,276.90246218557326,0.7424199863205008,10.066610351462089,9.324190365141588,0,,,37.35600889278495,49.52778496945269,,,,,,,55.17390365495034,,,43.53061267482998,52.33750080767016,,,,,60,100,-40,,,,,,,,,,,,-107.71855374893082,-143.725248319709,-107.71855374893082,0.174773182513794
2020-09-28,333.22,338.74,331.19,333.84,323.2411654695035,332.24696999540294,311.4324767363002,277.46900485039345,0.28371307841762317,9.678831713163618,9.395118634745995,0,,,34.78247574202754,41.203626492063584,,,,,,,57.6848373328139,,,31.884954652450503,37.12490635154887,,31.884954652450503,,,60,100,-40,,,,,,,,,,,,-117.22427124912522,-148.50247589794373,-117.22427124912522,0.15516431852215315
2020-10-05,336.06,347.35,334.38,346.85,323.763939364539,335.16757599632234,312.8213992172296,278.15936301108604,0.7259460698343823,10.302551222038971,9.57660515220459,0,,,40.89728609235257,37.67859024238836,,,,,,,63.347564778928074,,,34.410057580071296,32.547210663871134,,,,,60,100,-40,,,,,,37.67859024238836,,,,,,-205.91076738564792,-233.320207552863,-205.91076738564792,0.18381233019664903
2020-10-12,349.59,354.02,343.13,347.29,323.7493722670719,337.59206079705785,314.1731090518481,278.8472300458016,0.9058455397480465,10.708912076889646,9.8030665371416,0,,,48.28661971783594,41.32212718407202,,,,,,,63.52639701093828,63.52639701093828,,42.836975266428226,37.14796449562001,,,,,60,100,-40,,,,,,,,,,,,-237.56335513371195,-260.89835163416063,-237.56335513371195,0.14716287230957556
2020-10-19,348.65,349.33,340.65,345.78,324.11013139085253,339.2296486376463,315.41259497138344,279.51322775678864,0.7853797634824815,10.784791241494702,9.99941147801222,0,,,49.27723007877767,46.15371196298873,,,46.15371196298873,,46.15371196298873,,62.39458003093075,,,54.279450750196894,48.33944800847542,54.279450750196894,,,,60,100,-40,,,,,,,,,,,,-228.0063814730371,-249.82592406431323,-228.0063814730371,0.10967530346277214
2020-10-26,342.13,342.98,322.6,326.54,324.7608362915059,336.691718910117,315.8489637960351,279.98115583881065,-0.6503113338284372,9.186522310726673,9.83683364455511,0,,,32.95759410822548,43.507147968279696,,,,,,,50.07870446043424,,,44.48091550691052,49.426817635743966,,,,,60,100,-40,,,,,,43.507147968279696,,,,,,-153.82340302339398,-188.03939241625628,-153.82340302339398,0.11918917116577245
2020-11-02,330.2,352.19,327.24,350.16,323.2936336992555,339.3853751280936,317.19449462756313,280.6794527956384,-0.09839162023455117,9.713844119261921,9.812235739496472,0,,,34.909665902729564,39.048163363244235,,,,,,,60.458872938948886,,,41.76091027624355,45.81907185562064,,,,,60,100,-40,,,,,,,,,,,,-210.40096611004964,-243.85041197693695,-210.40096611004964,0.15451458631575865
2020-11-09,363.97,364.38,350.51,358.1,329.0983741493087,343.1283001024749,318.7986320931489,281.44980649916437,0.6699547855676542,10.64967922145604,9.979724435888386,0,,,47.69579068100083,38.521016897318624,,,,,,,63.24223895666014,,,42.02674543750916,40.322813237490465,,42.02674543750916,,,60,100,-40,,,,,,38.521016897318624,,,,,,-233.96442681731332,-260.42306434476654,-233.96442681731332,0.22514666030073238
2020-11-16,360.98,362.78,354.15,355.33,329.13849028150094,345.56864008197994,320.2312347561627,282.1849328026553,0.848661118978498,11.040550834611508,10.19188971563301,0,,,53.61033592669485,45.40526417014175,,,,,,,61.60335937199565,,,57.06473363783339,48.89072340251528,,,,,60,100,-40,,,,,,,,,,,,-285.9708946687109,-305.80068900935447,-285.9708946687109,0.16238893197462365
2020-11-23,357.28,364.18,354.865,363.67,335.5443124042509,349.18891206558396,321.9347157461171,282.99572949118607,1.3555043716028656,11.886270180136592,10.530765808533726,0,,,58.160785432277635,53.15563734665776,,,,,,,64.59591079985236,,,66.77218999540762,60.62845037537366,,,,,60,100,-40,,,,,,,,,,,,-353.0670956380362,-367.4732910076537,-353.0670956380362,0.14627160718605173
2020-11-30,362.83,369.85,359.17,369.85,342.40257580394723,353.32112965246716,323.81374650117135,283.8599510882887,1.9005123048010688,12.906406189535062,11.005893884733993,0,,,62.70500412279669,58.15870849392306,,,,,,,66.68054931395059,66.68054931395059,,77.57444660943642,73.32589167686649,,,,,60,100,-40,,,,,,,,,,,,-458.8730782493024,-466.11451082444387,-458.8730782493024,0.14987847779882713
2020-12-07,369.02,371.05,363.26,366.3,342.837391817951,355.9169037219737,325.4798740893607,284.68025008243507,1.815593383046382,13.275385613541971,11.459792230495589,0,,,64.07963629523182,61.64847528343538,,,,,,,64.32360306489132,,,85.26837842528383,81.3189220020039,,,,,60,100,-40,,,,,,,,,,,,-489.98706402215646,-493.1845997654541,-489.98706402215646,0.16946519777056532
2020-12-14,368.64,372.46,364.47,369.18,343.65400668809735,358.56952297757897,327.1936045172289,285.5210436139531,1.7465095762894904,13.642929200857452,11.896419624567962,0,,,64.41162713566773,63.73208918456541,,,,,,,65.39851164737817,,,90.67298456621045,88.09670138074775,,,,,60,100,-40,,,,,,,,,,,,-631.8075978363099,-627.1510361717352,-631.8075978363099,0.13527826981339156
2020-12-21,364.97,378.46,362.03,369,344.3837204960904,360.65561838206315,328.8330710067493,286.35167999590385,1.4917097002528354,13.761056749884006,12.26934704963117,0,,,63.71764100801873,64.06963481297277,,,64.06963481297277,,64.06963481297277,,65.26536952729529,,,90.8644585348003,91.04900491745938,,,,,60,100,-40,,,,,,64.06963481297277,,105,,,,-605.1153073206171,-601.3053932314197,-605.1153073206171,0.09937144522665779
2020-12-28,371.74,374.66,370.83,373.88,347.8855976035125,363.3004947056505,330.5996172417788,287.2226085531585,1.4533810912171656,14.086073413652628,12.632692322435462,0,,,63.86435158342809,63.99787324237152,,,,,,,67.22510875499768,,,94.06176061283139,93.01317528236929,,,,,60,100,-40,,,,,,,,,,,,-582.3670696259594,-580.1589580984343,-582.3670696259594,0.09872206745028231
2021-01-04,375.31,381.49,364.82,381.26,356.3137692032616,366.8923957645204,332.5862989185718,288.1583039904405,1.7089733376615062,14.768908994512344,13.059935656850838,0,,,64.13176490674662,63.90458583273115,,,,,,,69.99830171033841,69.99830171033841,,95.91880594955117,94.40696749863427,95.91880594955117,,,,60,100,-40,,,,,,63.90458583273115,,,,,,-730.1094206030577,-724.6664202623554,-730.1094206030577,0.12435508257615176
2021-01-11,377.85,381.13,373.7,375.7,355.7142142601715,368.65391661161635,334.2770322943141,289.0293656422769,1.3056952484958302,14.692054717470626,13.386359468974796,0,,,63.35026778632928,63.782128092168,,,,,,,65.47656517725844,,,94.11596967424433,95.19323242306257,,,,,60,100,-40,,,,,,63.782128092168,,105,,,,-729.1804350388655,-717.454343851018,-729.1804350388655,0.06996838849501069
2021-01-19,378.34,384.95,376.75,382.88,358.0789132415878,371.49913328929307,336.1830310278704,289.9632028000652,1.3206515946796404,15.037173962324346,13.716522367644705,0,,,64.42454660948107,63.968859767518985,,,63.968859767518985,,63.968859767518985,,68.33790329495756,,,92.23534363822375,93.73500965058543,,,,,60,100,-40,,,,,,63.968859767518985,,,,106,,-737.511265031799,-718.826281332651,-737.511265031799,0.11279481884717846
2021-01-25,383.67,385.85,368.27,370.07,358.52899086718867,371.2133066314345,337.5119317718755,290.7602853592685,0.31824001417212067,14.114322385359856,13.796082371187735,0,,,58.39061401793696,62.05514280458244,,,,,,,58.90221472139723,,,79.50118547097019,85.69418887330714,,,,,60,100,-40,,,,,,62.05514280458244,,105,,,,-648.8728532078356,-628.1305938176235,-648.8728532078356,0.08517316714507181
2021-02-01,373.72,388.47,370.376,387.71,362.5869200909609,374.5126453051476,339.48048346709606,291.7249591367882,0.6732325282456042,14.63762303149474,13.964390503249136,0,,,59.31202389938118,60.709061508933075,,,,,,,65.92164853722602,,,73.36187895328271,77.69190440026519,,,,,60,100,-40,,,,,,,,,,,,-758.1686980791383,-729.3795767598738,-758.1686980791383,0.16287498439432269
2021-02-08,389.27,392.9,387.5,392.64,366.682854370178,378.13811624411807,341.56517038995503,292.72908889662114,1.0477533970947306,15.27408224961755,14.226328852522819,0,,,64.54139131112724,60.74800974281513,,,,,,,67.59726925520411,67.59726925520411,,67.31038340699754,69.24020059723215,,,,,60,100,-40,,,,,,60.74800974281513,,,,,,-818.5016620647496,-780.4014718944422,-818.5016620647496,0.16358994681120198
2021-02-16,393.96,394.17,387.74,390.03,367.765507629451,380.51649299529447,343.4657519432901,293.6972571663065,0.9313080304628052,15.390463890601325,14.45915586013852,0,,,65.59683479852409,63.150083336344174,,,63.150083336344174,,63.150083336344174,,65.74329248469711,,,69.88681438228105,68.54651212190633,,,,,60,100,-40,,,,,,,,,,106,,-840.5831780529769,-800.3193860954527,-840.5831780529769,0.17475298713629012
2021-02-22,387.06,392.23,378.23,380.36,368.6236856559188,380.48519439623556,344.912585200416,294.559573015398,0.060563451625252895,14.534860174670087,14.474296723044834,0,,,59.14106882548183,63.09309831171106,,,,,,,59.2237230525922,,,56.4236043074728,62.36372286859108,,,,,60,100,-40,,,,,,63.09309831171106,,105,,,,-725.9316911342539,-688.4431340780976,-725.9316911342539,0.07121570446533808
2021-03-01,385.59,390.92,371.88,383.63,368.339136680496,381.11415551698843,346.43091519255654,295.4458459207174,-0.41165285711524824,13.959730651650773,14.371383508766021,0,,,51.901525285022906,58.87980963634294,,,,,,,60.65314636053455,,,39.59185145454509,50.22357632452512,,,,,60,100,-40,,,,,,,,,,,,-762.1259291098442,-675.089836972989,-762.1259291098442,0.1018878629294168
2021-03-08,384.66,395.65,381.42,394.06,368.77491263188915,383.70332441359074,348.29872243990724,296.42708128469036,-0.15145229466524412,14.182068140434467,14.333520435099711,0,,,54.559185209610156,55.20059310670496,,,,,,,64.90429178601923,64.90429178601923,,30.867878763330758,35.29484246439528,,30.867878763330758,,,60,100,-40,,,,,,,,,,,,-982.6484874535088,-847.8007757051729,-982.6484874535088,0.1450600611125815
2021-03-15,394.33,398.12,387.15,389.48,368.5481331581828,384.8586595308726,349.91367450108737,297.3529809733999,-0.40338511355833795,13.829289043151789,14.232674156710127,0,,,56.10052089911921,54.18707713125075,,,,,,,61.73146883453523,,,32.17825166436808,29.939386243891875,,,,,60,100,-40,,,,,,54.18707713125075,,,,,,-904.8942170074163,-778.2006346678688,-904.8942170074163,0.1498197831800582
2021-03-22,390.03,396.41,383.9,395.98,370.72326650402687,387.0829276246981,351.72019706967217,298.3343443467989,-0.25508736816937727,13.913814946498405,14.168902314667783,0,,,56.29187601557645,55.65052737476859,,,,,,,64.4066389711737,,,41.0169819405465,35.72299900705089,,,,,60,100,-40,,,,,,,,,,,,-794.0043593697043,-683.0732465464381,-794.0043593697043,0.1590009735634957
2021-03-29,394.4,400.67,392.81,400.61,375.37017603945355,389.78834209975844,353.6374442434105,299.35201256225366,0.017535492665222918,14.190821680499312,14.173286187834089,0,,,60.64443078804166,57.6789425675791,,,,,,,66.22839834562353,,,47.160638561103035,43.76233977027312,,,,,60,100,-40,,,,,,,,,,,,-712.3672031206671,-617.9690199016311,-712.3672031206671,0.20864274920765574
2021-04-05,403.46,411.67,403.38,411.49,386.9301634652069,394.12867367980675,355.9061719201395,300.467813432281,0.7526120183561069,15.114051210779223,14.361439192423116,0,,,69.28452411575756,62.073610306458555,,,,,,,70.12146090621452,,,65.85430894603786,57.14463002951271,,,,,60,100,-40,,,,,,,,,,,,-625.5731661896367,-560.1564708286073,-625.5731661896367,0.2874759067992918
2021-04-12,410.85,417.91,410.2,417.26,392.87443750340634,398.7549389438454,358.31220439385953,301.62992474141254,1.411187998693734,16.125424190790284,14.71423619209655,0,,,75.37467500261411,68.43454330213778,,,,,,,71.97737377403774,71.97737377403774,,80.95236475191996,71.75691367958397,,,,,60,100,-40,,,,,,,,,,,,-575.4689541551573,-540.1280215870424,-575.4689541551573,0.2946424720658114
2021-04-19,416.26,418.25,410.59,416.74,393.5148348245916,402.35195115507634,360.6034904960611,302.77529862458255,1.582661789815086,16.692563429365407,15.109901639550321,0,,,76.44098969904518,73.70006293913895,,,,,,,71.54350531872244,,,93.43355701269972,87.89472942805462,,,,,60,100,-40,,,,,,,,,,,,-551.7473261269469,-524.6501994803075,-551.7473261269469,0.2810082652355268
2021-04-26,417.44,420.72,416.3,417.3,394.15663233712075,405.34156092406107,362.82688302562735,303.9148478919996,1.5051562965602177,16.991347010250593,15.486190713690375,0,,,76.40637179468936,76.07401216544955,,,76.07401216544955,,76.07401216544955,,71.74222770331633,,,97.15054989125812,95.85532505102925,,,,,60,100,-40,,,,,,,,,,,,-508.70235774022933,-491.0774359384333,-508.70235774022933,0.2643276473107554
2021-05-03,419.43,422.815,411.67,422.12,399.9983014558979,408.69724873924883,365.15210329913214,305.0910185597409,1.5440910696183678,17.416304550713335,15.872213481094967,0,,,74.61468353620302,75.82068167664585,,,,,,,73.46976563495267,73.46976563495267,,98.53354304246332,98.62131135343962,98.53354304246332,,,,60,100,-40,,,,,,75.82068167664585,,105,,,,-519.8473836056421,-512.6997203132636,-519.8473836056421,0.2980571570379971
2021-05-10,422.5,422.74,404,416.58,399.9862799233337,410.2737989913991,367.1688835619113,306.20036165864894,0.9892970276021806,17.108834765597692,16.11953773799551,0,,,68.67919603373845,73.23341712154361,,,,,,,68.27266241148007,,,91.54095851429756,94.99336662289228,,,,,60,100,-40,,,,,,,,,,,,-488.05695022279815,-486.754316619943,-488.05695022279815,0.3138367951984187
2021-05-17,415.39,418.2,405.33,414.94,398.890117071667,411.2070391931193,369.04226067713046,307.28234810980666,0.33808256802086945,16.542140948021597,16.204058380000728,0,,,61.839581672160726,68.37782041403406,,,,,,,66.75821705784892,,,80.31914918036298,86.79315587447896,,,,,60,100,-40,,,,,,,,,,,,-479.3193229095621,-476.4353499617715,-479.3193229095621,0.31482993067396164
2021-05-24,417.34,421.25,417.08,420.04,398.7108229951194,412.9736313544954,371.0421720231253,308.4043147952812,0.08993189230728049,16.316473245384827,16.226541353077547,0,,,61.370084113427176,63.962953939775446,,,,,,,69.06964375083089,,,69.89331296861579,75.43007970729535,,,,,60,100,-40,,,,,,,,,,,,-473.07944601691446,-467.9925590596313,-473.07944601691446,0.2820639803566825
2021-06-01,422.57,422.92,416.28,422.6,399.96147849546804,414.89890508359633,373.06404763006157,309.54059026995503,-0.05487958292146544,16.157941874425717,16.212821457347182,0,,,60.52771139894658,61.24579239484482,,,,,,,70.19656616030261,,,68.41613745248607,68.75849090528884,,,,,60,100,-40,,,,,,,,,,,,-477.0650012865664,-471.08482104878925,-477.0650012865664,0.32988383678414235
2021-06-07,422.59,424.63,420.32,424.31,402.3399443172203,416.78112406687706,375.0736928210396,310.6825744463734,-0.18144872505273923,15.986010551031256,16.167459276083996,0,,,60.617371428100334,60.838388980158015,,,,,,,70.9621483585094,70.9621483585094,,73.13502030919564,69.6750927120027,73.13502030919564,,,,60,100,-40,,,,,,,,,,,,-464.87136468900894,-459.97848994900943,-464.87136468900894,0.34194841323356223
2021-06-14,424.43,425.46,414.7,414.92,403.2935197231331,416.40889925350166,376.63629310256744,311.71976276033985,-0.9979114726635032,14.920069935254617,15.91798140791812,0,,,54.78543590431374,58.643506243786874,,,,,,,61.555705474289944,,,60.130537446711216,66.23245169987358,,,,,60,100,-40,,,,,,,,,,,,-390.34929838191636,-389.0733099582804,-390.34929838191636,0.344688527667366
2021-06-21,416.8,427.0943,415.93,426.61,405.5575540286236,418.44911940280133,378.59604631423144,312.86294920053547,-0.8564350449789124,14.84743760169448,15.703872646673393,0,,,54.9006475732551,56.76781830188972,,,,,,,67.38626496952213,,,51.9445708276768,58.62817818882275,,,,,60,100,-40,,,,,,,,,,,,-430.2857895852043,-428.332708147684,-430.2857895852043,0.34418347473048544
2021-06-28,427.17,434.1,425.89,433.72,412.43211445515055,421.50329552224105,380.75776998818316,314.0655069199331,-0.41229024028124606,15.188509846321836,15.600800086603082,0,,,60.94060500334158,56.87556282697013,,,,,,,70.34926089852564,,,45.733252135552206,47.689022732796026,,45.733252135552206,,,60,100,-40,,,,,,56.87556282697013,,,,,,-392.96110056971264,-394.0903975753778,-392.96110056971264,0.3471580586498078
2021-07-06,433.78,435.84,427.52,435.52,414.57982056549685,424.30663641779284,382.9053084200191,315.27400933864027,-0.13965366712589677,15.42623300269571,15.565886669821607,0,,,64.1792960779095,60.00684955150205,,,,,,,71.07010667660069,71.07010667660069,,61.65622171755804,53.087722109988825,,,,,60,100,-40,,,,,,,,,,,,-359.69544592067393,-356.9830525616727,-359.69544592067393,0.3907524003619403
2021-07-12,435.43,437.92,430.92,431.34,414.8869762393899,425.7133091342343,384.80470808982227,316.4288948178578,-0.37011852118329003,15.103238518342494,15.473357039525784,0,,,64.76906475431194,63.296321945187664,,,,,,,66.9739315807987,,,65.23345918594697,61.11728030883239,,,,,60,100,-40,,,,,,,,,,,,-261.56900120782416,-279.3497702777322,-261.56900120782416,0.41934612853811953
2021-07-19,426.19,440.3,421.97,439.94,419.7807636508621,428.55864730738745,386.96687640002534,317.6578610385756,-0.0874029360816877,15.364103369423674,15.451506305505362,0,,,64.0571057561989,64.33515552947343,,,,,,,70.73356609891508,,,70.45959806602525,70.12338888005982,,,,,60,100,-40,,,,,,64.33515552947343,,105,,,,-199.4655464427652,-224.92253931814457,-199.4655464427652,0.4678554851594645
2021-07-26,439.31,441.8,435.99,438.51,418.6021376758005,430.54891784590995,388.98817536473024,318.8603698839629,-0.13774817092886416,15.279321091844281,15.417069262773145,0,,,65.88235104346892,64.90284051799324,,,,,,,69.31222509357602,,,67.39590563946186,68.73431414849398,,,,,60,100,-40,,,,,,64.90284051799324,,,,,,-177.7445379986261,-204.9366230784819,-177.7445379986261,0.4216194428525646
2021-08-02,440.34,442.94,436.1,442.49,421.84627069895765,432.937134276728,391.0862861347408,320.0905154572568,-0.04864277765866909,15.356265790699808,15.404908568358477,0,,,66.61074422077081,65.51673367347952,,,,,,,71.06530145761558,,,74.92004936774802,71.67335077947911,,,,,60,100,-40,,,,,,,,,,,,-185.4273492716032,-215.85723706421246,-185.4273492716032,0.5083916630196738
2021-08-09,442.46,445.94,441.31,445.92,425.7736799347464,435.5337074213824,393.2366278549471,321.3425501293239,0.08820766738297259,15.515168152587194,15.426960485204221,0,,,68.25236693776942,66.91515406733636,,,,,,,72.53038106521912,,,80.33931723035354,76.22571988678844,,,,,60,100,-40,,,,,,,,,,,,-120.80419485858445,-178.42864850708287,-120.80419485858445,0.4915901555470814
2021-08-16,444.53,447.11,436.12,443.36,426.55127422512163,437.09896593710596,395.202250292008,322.5566541081366,-0.1346589899484929,15.258636747768605,15.393295737717098,0,,,65.68526821407733,66.8494597908725,,,,,,,69.67775805283459,,,84.7644728809336,83.03715207295068,,,,,60,100,-40,,,,,,66.8494597908725,,105,,,,1.1602042066127183,-81.44162150579507,1.1602042066127183,0.45003574619134257
2021-08-23,445.16,450.65,443.4355,450.25,430.69475463761296,439.7291727496848,397.3609855746743,323.82723466427456,0.03207751843169504,15.433392635756718,15.401315117325023,0,,,67.22682271165911,67.05481928783526,,,,,,,72.79721601775597,,,89.61937658454269,87.54586535798012,,,,,60,100,-40,,,,,,67.05481928783526,,,,,,-81.77801474004414,-151.17950850474142,-81.77801474004414,0.4425255496394405
2021-08-30,450.97,454.05,450.71,453.08,433.8801293063549,442.39933819974783,399.5460449639028,325.1133318317942,0.1750963136711814,15.620185509414,15.445089195742819,0,,,69.59171283479454,67.50126792017697,,,67.50126792017697,,67.50126792017697,,73.98796830260098,73.98796830260098,,90.82603879074048,89.95918977037569,90.82603879074048,,,,60,100,-40,,,,,,,,,,106,,-149.63655751458163,-207.3286887766066,-149.63655751458163,0.422166668228772
2021-09-07,452.71,452.81,445.31,445.44,434.70869149875807,443.00747055979826,401.3458079064948,326.31061211207486,-0.37281799585944775,14.979066700918509,15.351884696777956,0,,,65.4214993939788,67.41334498014413,,,,,,,65.59101990937711,,,82.72857618852811,87.21073199981669,,,,,60,100,-40,,,,,,67.41334498014413,,105,,,,-135.1571834210213,-188.72347263540541,-135.1571834210213,0.3531302551269735
2021-09-13,448.64,448.92,441.02,441.4,434.9109278202754,442.6859764478386,402.91656053761267,327.4557801507607,-1.094479899000758,13.983784823027008,15.078264722027766,0,,,56.97157036837372,63.99492753238233,,,,,,,61.58697129237509,,,58.819738291499235,71.89469619283581,,,,,60,100,-40,,,,,,,,,,,,-114.21951370810831,-164.4101139744226,-114.21951370810831,0.31164200304006434
2021-09-20,434.88,444.89,428.86,443.91,435.08014726168426,442.93078115827086,404.52414639888275,328.61452860697204,-1.4667124792285886,13.24487412299203,14.711586602220619,0,,,43.66449566128062,55.3525218078777,,,,,,,63.10297670224947,,,31.652015570597655,46.823807977149364,,,,,60,100,-40,,,,,,,,,,,,-113.45232939754318,-161.7900932518003,-113.45232939754318,0.32474097164117516
2021-09-27,442.81,444.05,427.23,434.24,434.07585102870684,441.1926249266167,405.68947399108345,329.66552832232554,-2.3743726933580085,11.743620735523109,14.117993428881118,0,,,27.74536756778021,42.793811199144834,,,,,,,54.178830347445384,,,13.637813561350168,22.37515766922723,,,,,60,100,-40,,,,,,,,,,,,-51.0064513252626,-111.46462175147295,-51.0064513252626,0.2821197793637419
2021-10-04,433,441.68,426.36,437.86,433.0304330980849,440.52609994129335,406.9510632463351,330.7420902295661,-2.7164990994067093,10.72236955462273,13.43886865402944,0,,,15.829710585632013,29.079857938230926,,,,,,,56.66429129512626,,,9.037823220331937,9.864084764545732,,9.037823220331937,,,60,100,-40,,,,,,,,,,,,-46.27800562976031,-105.74378143302333,-46.27800562976031,0.28569073629114256
2021-10-11,437.16,446.26,431.54,445.87,432.27397359107886,441.5948799530347,408.4772960602043,331.88764157056545,-2.399874044120468,10.439026098878855,12.838900142999323,0,,,16.234116396537726,19.936398183316626,,,,,,,61.650663357252824,,,13.262453587143103,9.909234575969363,,,,,60,100,-40,,,,,,,,,,,,-112.40927733344023,-173.79036662701907,-112.40927733344023,0.31466735764754494
2021-10-18,443.97,454.67,443.27,453.12,431.6972611917161,443.89990396242774,410.22799033235316,333.0939336942414,-1.7299859697125282,10.676417680858663,12.40640365057119,0,,,29.24371939504526,20.43584879240498,,,,,,,65.5387617952681,,,27.88585549986219,20.14973631853984,,,,,60,100,-40,,,,,,20.43584879240498,,,,,,-100.15304509099657,-183.10120905847015,-100.15304509099657,0.3115349006513629
2021-10-25,454.28,459.56,452.39,459.25,437.7288853923078,446.9699231699422,412.1504220840256,334.34921793608976,-0.9413289140697181,11.229742507984042,12.17107142205376,0,,,42.830583179954,29.436139657178973,,,,,,,68.46714102868964,,,45.66136598118965,35.89009481047017,,,,,60,100,-40,,,,,,,,,,,,-129.2161278017245,-215.26462559329377,-129.2161278017245,0.3183751224794096
2021-11-01,460.3,470.65,458.2,468.53,447.52182215000005,451.28193853595377,414.3613859238677,335.6843500959297,0.08359865205486372,12.27556973712234,12.191971085067475,0,,,55.624901632905704,42.566401402634966,,,,,,,72.32412168703272,72.32412168703272,,64.1640280565255,54.845666986536166,,,,,60,100,-40,,,,,,,,,,,,-302.9950136559564,-387.0346936672404,-302.9950136559564,0.4060890593883575
2021-11-08,469.7,470.23,462.04,467.27,447.24383485357146,454.479550828763,416.43623353469644,336.9936600452239,0.5300588853237773,12.854544691722197,12.32448580639842,0,,,61.57051610759158,53.34200030681708,,,,,,,71.04589529844122,,,76.75171390066741,70.60461351993969,,,,,60,100,-40,,,,,,,,,,,,-266.99592026396436,-368.48293118228753,-266.99592026396436,0.3793159237084197
2021-11-15,468.64,470.94,466.23,468.89,447.95427522117353,457.3616406630104,418.49324398431617,338.30606143780875,0.7731295783400878,13.29089777932353,12.517768200983442,0,,,64.73738605902388,60.644267933173694,,,,,,,71.74152779925014,,,85.095621457938,81.6431115809465,85.095621457938,,,,60,100,-40,,,,,,,,,,,,-52.996662034152635,-249.667852785508,-52.996662034152635,0.34857859031312644
2021-11-22,470.89,473.54,457.77,458.97,448.7768269910897,457.68331253040833,420.0805677496371,339.5066976424077,0.13775952130016478,12.689967602608647,12.552208081308482,0,,,61.29374379432999,62.53388198698179,,,62.53388198698179,,62.53388198698179,,61.87932251755058,,,75.95262111045531,80.83804695930881,,,,,60,100,-40,,,,,,62.53388198698179,,105,,106,,96.63909469932968,-143.36460682450655,96.63909469932968,0.26402012736819586
2021-11-29,464.07,466.56,448.92,453.42,447.96062506315474,456.83065002432664,421.3879964653376,340.6401633375081,-0.7363238222921069,11.631803303443348,12.368127125735455,0,,,50.753882562505915,58.928337471953235,,,,,,,57.12010219920554,,,58.18051536824204,68.99408933325385,,,,,60,100,-40,,,,,,,,,,,,556.3410774812697,162.70168532540373,556.3410774812697,0.24496444263368958
2021-12-06,456.13,470.9,453.56,470.74,448.78558041578657,459.61252001946133,423.32336915297145,341.9346890754434,-0.25301893358124516,12.051853458758899,12.304872392340144,0,,,51.59154354441755,54.54638996708447,,,,,,,65.96888361053044,65.96888361053044,,45.978830735667415,52.59794953404171,,,,,60,100,-40,,,,,,,,,,,,510.6426997574025,171.301378902603,510.6426997574025,0.24423659597616307
2021-12-13,470.19,472.87,458.06,459.87,447.85661038608754,459.6640160155691,424.75657036265886,343.1081747562847,-0.742708300422283,11.376487016812291,12.119195317234574,0,,,49.53700329663202,50.62747646785181,,,,,,,57.85195825392311,,,36.07720429941446,39.72026548483807,,36.07720429941446,,,60,100,-40,,,,,,,,,,,,635.9803907106021,285.6102191021297,635.9803907106021,0.18195238264090374
2021-12-20,454.48,472.19,451.14,470.6,447.3754239299384,461.8512128124553,426.5543519170644,344.37675013184406,-0.4364269699163206,11.573661604839174,12.010088574755494,0,,,48.42692453623233,49.851823792427275,,,,,,,62.75287632774383,,,40.674919197457854,38.285923361549926,,,,,60,100,-40,,,,,,,,,,,,523.9839560359471,210.9538156290152,523.9839560359471,0.18522225020567856
2021-12-27,472.06,479,472.01,474.96,450.2571793635142,464.47297024996425,428.45261262619914,345.6760859514277,-0.052826213453212034,11.94405580793898,11.996882021392192,0,,,57.37553990257769,51.77982257848066,,,,,,,64.56656273580748,64.56656273580748,,39.3999719887658,38.574500531222064,,,,,60,100,-40,,,,,,51.77982257848066,,,,,,492.3505094839568,187.14403096919423,492.3505094839568,0.14939397553727163
2022-01-03,476.3,479.98,464.65,466.09,450.8216665518346,464.7963761999714,429.92858860164233,346.8742343499209,-0.4850594149319001,11.390557752727318,11.875617167659218,0,,,56.40457706886786,54.06901383589261,,,54.06901383589261,,54.06901383589261,,58.30901203335827,,,38.38444655430784,40.01456289707276,,,,,60,100,-40,,,,,,,,,,106,,530.1049623050556,209.48147988388615,530.1049623050556,0.08446998306246303
2022-01-10,462.7,473.2,456.5973,464.72,450.35583322670357,464.78110095997715,431.2929576760877,348.0468290330063,-0.9262451301087626,10.717810755023265,11.644055885132028,0,,,47.57417313557351,53.784763369006335,,,,,,,57.37853592477824,,,27.098018884836463,32.793952856881354,,,,,60,100,-40,,,,,,53.784763369006335,,105,,,,793.7222418859545,385.0303017231796,793.7222418859545,0.04921455162231971
2022-01-18,459.74,459.96,437.95,437.98,449.7414594247962,459.4208807679817,431.55519462996665,348.94168645556346,-2.9668574542606923,7.935484067306163,10.902341521566855,0,,,19.010402104916025,40.99638410311912,,,,,,,42.90236458685308,,,11.456083102472052,20.267145332319657,,,,,60,100,-40,,,,,,,,,,,,1397.5909251794176,786.8429741371469,1397.5909251794176,-0.035532392043841815
2022-01-24,432.03,444.04,420.76,441.95,447.7184980373107,455.92670461438536,431.96283405624246,349.867142311727,-3.936384596779341,5.981860775592679,9.91824537237202,0,,,-4.499033859993624,20.695180460165293,,,,,,,45.12894691328241,,,5.720584640565489,8.872068766636756,,5.720584640565489,,,60,100,-40,,,,,,,,,,,,1709.8471206013414,1051.9624333849383,1709.8471206013414,0.0858256835006632
2022-01-31,441.24,458.12,439.81,448.7,446.33860532035993,454.4813636915083,432.6191935050173,350.85055383101326,-3.9973671607820798,4.921536421394421,8.918903582176501,0,,,-10.062957349471674,1.4828036318168951,,,,,,,48.806119841584824,,,7.086484089086884,4.846772391323116,,,,,60,100,-40,,,,,,,,,,,,1530.7840077647338,951.6056273149496,1530.7840077647338,0.1274675384870251
2022-02-07,449.51,457.88,438.94,440.46,445.76727636890564,451.67709095320663,432.92667611266364,351.7421901113017,-4.433210749913647,3.3773901447844423,7.810600894698089,0,,,-16.685603862814915,-10.415865024093419,,,,,,,44.832811419013446,,,9.579307676422303,7.763477913547377,9.579307676422303,,,,60,100,-40,,,,,,,,,,,,1383.3687336256914,851.3136950758679,1383.3687336256914,0.02309503394170474
2022-02-14,439.92,448.055,431.82,434.23,445.14675662826954,448.1876727625653,432.9777868533435,352.5629643390499,-4.942784637872494,1.6321200973574719,6.574904735229966,0,,,-26.993784387203902,-17.914115199830178,,,,,,,42.0302029853761,,,9.337580154226654,9.849123383650305,,,,,60,100,-40,,,,,,,,,,,,1420.0289638755658,880.1657505166193,1420.0289638755658,-0.009456050702710064
2022-02-22,431.89,437.84,410.64,437.75,444.9569882976789,446.10013821005225,433.1649324669379,353.41059653468125,-4.838370715270879,0.5269413411413666,5.365312056412246,0,,,-38.73492149031988,-27.47143658011291,,,,,,,44.166577668065216,,,6.715163157315599,8.412875169682865,,,,,60,100,-40,,,,,,,,,,,,1181.8418795345538,723.7719776954157,1181.8418795345538,0.030261596301966235
2022-02-28,432.03,441.11,427.11,432.17,443.2143462764161,443.3141105680418,433.12591550745015,354.19427219105256,-4.92430779346798,-0.7900726854227287,4.134235108045251,0,,,-42.13133613398898,-35.95334733717093,,,,,,,41.5376922977264,,,4.272921006626398,5.597332520751041,,,,,60,100,-40,,,,,,,,,,,,1223.325174164635,750.3588908417038,1223.325174164635,-0.025692951460337978
2022-03-07,431.55,432.3018,415.12,420.07,443.4818929709578,438.66528845443344,432.6139188208835,354.84975206974855,-5.5299159021553965,-2.778159769648994,2.751756132506402,0,,,-49.99826894672702,-43.621508857011975,,,,,,,36.44210101034376,,,3.2933331012428564,3.638156709983958,,3.2933331012428564,,,60,100,-40,,,,,,,,,,,,1189.0842334074284,739.384547052303,1189.0842334074284,-0.07212523087833725
2022-03-14,420.89,444.86,415.79,444.52,443.2757863301751,439.8362307635467,433.08082396516255,355.7419933426864,-4.084357357812418,-2.3536905647591198,1.7306667930532977,0,,,-45.54137449360927,-45.890326524775105,,,,,,-45.890326524775105,49.89678288393871,,,11.469835916368687,7.209172704435222,,,,,60,100,-40,,,,,,-45.890326524775105,,,,,,961.0689182424414,583.1328112246116,961.0689182424414,-0.04199226448670598
2022-03-21,444.34,452.98,440.68,452.69,432.51608730659115,442.40698461083736,433.8498112606464,356.70665012534624,-2.4585883509706683,-1.3425686456600374,1.1160197053106307,0,,,-29.67447374642923,-41.73803906225519,,,,,,,53.46299850181419,,,26.787268868013,18.06338658920748,,,,,60,100,-40,,,,,,,,,,,,787.2382058347248,460.7450273655912,787.2382058347248,-0.02225024892194502
2022-03-28,452.06,462.07,449.14,452.92,431.78708107040615,444.5095876886699,434.59766179944455,357.66399689026815,-1.3062010458252613,-0.516731601970946,0.7894694438543153,0,,,-13.451778554567685,-29.555875598202075,,,,,,,53.56379989733639,,,45.47705229767381,35.54893871761708,,,,,60,100,-40,,,,,,,,,,,,669.558532046593,370.6095678445747,669.558532046593,-0.04755308917856427
2022-04-04,453.13,457.83,443.47,447.57,420.4922895653771,445.1216701509359,435.10638094456436,358.55858398588737,-0.8640557348428386,-0.29060022469923297,0.5734555101436056,0,,,-5.616654964650003,-16.24763575521565,,,,,,,50.79145744824362,,,55.691049591563086,50.57460405191881,,,,,60,100,-40,,,,,,,,,,,,656.9115262199397,355.0441918728339,656.9115262199397,-0.06692912975102683
2022-04-11,444.11,445.75,436.6501,437.79,420.75712602499306,443.65533612074876,435.2116209075226,359.3469562845353,-1.170997226852014,-0.8902910234214119,0.2807062034306021,0,,,-9.305633307710458,-9.458022275642728,,,,,,,46.069360900679065,,,56.59494423870878,57.35063737158887,56.59494423870878,,,,60,100,-40,,,,,,,,,,,,671.109430543587,356.8543388050459,671.109430543587,-0.06554535137445607
2022-04-18,436.81,450.01,425.44,426.04,421.49448845177926,440.132268896599,434.8519494993845,360.01056865981354,-2.054413292717838,-2.287310412466695,-0.23289711974885735,0,,,-17.95394015839392,-10.958742810251474,,,,,,,41.09646087227995,,,49.36282043185,53.843096775184016,,,,,60,100,-40,,,,,,-10.958742810251474,,,,,,938.1804431720257,524.6990044768556,938.1804431720257,-0.07657937415275592
2022-04-25,423.67,429.64,411.21,412,420.22916784808075,434.5058151172792,433.9557946170557,360.5278764343428,-3.3943023500434024,-4.47577505730311,-1.081472707259708,0,,,-34.49664077754427,-20.585404747882883,,,,,,,36.05807499298755,,,32.62010967021545,41.49050363369389,,,,,60,100,-40,,,,,,,,,,,,1070.3294535043847,626.5719127537909,1070.3294535043847,-0.16807574796430422
2022-05-02,412.07,429.66,405.02,411.34,419.9313701446464,429.8726520938234,433.06890071050447,361.03346970365277,-4.088443993085001,-6.192027698615959,-2.103583705530958,0,,,-44.38297368300532,-32.277851539647834,,,,,,,35.83434438635216,,,17.396915108275035,25.856522502950767,,,,,60,100,-40,,,,,,,,,,,,1505.7240983217694,940.8315649803744,1505.7240983217694,-0.1590097463162816
2022-05-09,405.1,406.41,385.15,401.72,418.7677008486002,424.2421216750587,431.83953205519055,361.43831080112886,-4.903943492055595,-8.233513070600452,-3.3295695785448567,0,,,-56.76480675722169,-45.214807072590425,,,,,,,32.63675243233273,,,5.4478372367227195,10.895674473445437,,,,,60,100,-40,,,,,,,,,,,,1352.865171354175,827.9530986203064,1352.865171354175,-0.14226677475897687
2022-05-16,399.98,408.57,380.54,389.63,417.46572221655737,417.31969734004696,430.18425628832034,361.71882512151564,-5.899210463190553,-10.703582657533047,-4.804372194342495,0,,,-63.697109454384446,-54.948296631537154,,,,,,,29.101268743527726,,29.101268743527726,1.4895512855998843,2.979102571199767,,1.4895512855998843,,,60,100,-40,,,,,,,,,,,,1371.4351401988702,861.961626143887,1371.4351401988702,-0.15167247071369225
2022-05-23,392.83,415.3801,386.96,415.26,415.9938849153747,416.90775787203756,429.5989913358372,362.25157313025676,-4.53433089084036,-10.472285807892945,-5.9379549170525845,0,,,-60.745218520802474,-60.4023782441362,,,,,,-60.4023782441362,43.225885728219524,,,12.93492411698517,6.467462058492585,,,,,60,100,-40,,,,,,,,,,,,1148.4469328899847,704.3322395722712,1148.4469328899847,-0.08164852768680586
2022-05-31,413.55,417.44,406.93,410.54,414.5714502785622,415.63420629763004,428.8515799109024,362.7320549896572,-3.688237870774681,-10.548252255520936,-6.860014384746255,0,,,-54.32546258666295,-59.58926352061662,,,,,,,41.57350414080983,,,27.612630813154944,18.65691195044691,,,,,60,100,-40,,,,,,-59.58926352061662,-107,,,,,976.9111269099875,568.9991051045855,976.9111269099875,-0.09129178666319263
2022-06-06,414.78,416.609,389.75,389.8,415.80920383009345,410.46736503810405,427.3201454045925,363.00138777582976,-4.225616539527115,-12.142035059155148,-7.916418519628033,0,,,-56.215782127044676,-57.0954877448367,,,,,,,35.17311801861753,,,39.21370812863471,33.59953802715253,39.21370812863471,,,,60,100,-40,,,,,,,,,,,,1043.836376562717,633.7265405401154,1043.836376562717,-0.07906001996981596
2022-06-13,379.85,383.9,362.17,365.86,414.6229749850868,401.54589203048323,424.90994362402023,363.0298316785578,-5.796543672106662,-15.16209810976136,-9.365554437654698,0,,,-67.16952543444044,-59.23692338271602,,,,,,,29.49487908184487,,29.49487908184487,30.516366020756053,35.60723998687299,,,,,60,100,-40,,,,,,-59.23692338271602,,,,,,1078.5933990058593,666.6853513510035,1078.5933990058593,-0.1949130818964511
2022-06-21,371.89,390.09,370.18,390.08,408.06133391472343,399.25271362438656,423.5440634819018,363.29898758225374,-4.846258177520472,-15.423377159555287,-10.577118982034815,0,,,-66.58337882779796,-63.32289546309436,,,,,,,40.09431869388399,,,27.257827233054105,31.19225618771605,,,,,60,100,-40,,,,,,,,,,,,933.3945991866121,557.2880147417302,933.3945991866121,-0.16457992817524245
2022-06-27,391.05,393.16,372.56,381.24,397.6419529208147,395.65017089950925,421.88508060025856,363.47750511874875,-4.464307351258801,-16.157503171108317,-11.693195819849516,0,,,-65.00257148864499,-66.25182525029446,,,,-66.25182525029446,,-66.25182525029446,37.84470669718055,,,26.111556235295836,25.24300070090574,,26.111556235295836,,,60,100,-40,,,,,,-66.25182525029446,-107,,,,,941.8683084254101,576.8720120614156,941.8683084254101,-0.1269175070949236
2022-07-05,375.88,390.64,372.9,388.67,385.81681342647073,394.2541367196074,420.58252841985626,363.728176709607,-3.4101117282837023,-15.955835480204144,-12.545723751920441,0,,,-61.60247562461981,-64.39614198035424,,,,,,,40.865786922015225,,,38.35190666963726,31.751830846838157,,,,,60,100,-40,,,,,,,,,,,,793.3467978026083,478.3498280502491,793.3467978026083,-0.06851375144486005
2022-07-11,385.85,386.87,371.04,385.13,375.37561246743707,392.42930937568593,419.192233187705,363.94113017518305,-2.682136204462944,-15.898394007499121,-13.216257803036177,0,,,-59.540689663505624,-62.048578925590135,,,,,,,39.8656498166288,,,45.72521019634871,40.845628663704936,,,,,60,100,-40,,,,,,,,,,,,724.5564709294068,406.83167749565837,724.5564709294068,-0.10140105798414868
2022-07-18,388.38,400.18,380.66,395.09,375.7059258626202,392.96144750054873,418.2470475725009,364.25106917841504,-1.3291392062509608,-14.877681810849879,-13.548542604598918,0,,,-49.86734535285498,-57.003503546993464,,,,,,,44.04005978023742,,,63.940717714756914,55.859552412735674,,,,,60,100,-40,,,,,,,,,,,,611.9098398513328,311.95319067826597,611.9098398513328,-0.06754413875088155
2022-07-25,395.75,413.03,389.95,411.99,375.7426454438616,396.767158000439,418.00167315789304,364.7260834154457,0.7906067690663203,-12.560284143266017,-13.350890912332337,0,,,-32.36140605701327,-47.25648035779128,,,,,,,50.37267131073065,,,78.69334287586915,70.00334012437723,,,,,60,100,-40,,,,,,,,,,,,517.017141696545,217.96170146403574,517.017141696545,-0.005208440263465567
2022-08-01,409.15,415.68,406.82,413.47,375.2681707693,400.1077264003512,417.8239604850345,365.2110975108144,2.293945233278434,-10.483459370734295,-12.777404604012728,0,,,-15.090594888981773,-32.43978209961667,,,,,,,50.89981120430951,,,93.2342047740232,86.46840954804641,,,,,60,100,-40,,,,,,,,,,,,399.3776613880823,130.15048301602923,399.3776613880823,-0.050185555055235836
2022-08-08,415.25,427.21,410.22,427.1,388.6990157143501,405.506181120281,418.1877267405233,365.82690748583116,4.102280175065264,-7.649554385181148,-11.751834560246412,0,,,1.8653307354692608,-15.195556736841922,,,,,,,55.60459092536638,,,97.89722427122683,95.79444854245368,,,,,60,100,-40,,,,,,,,,,,,279.49081386297644,29.214031558569395,279.49081386297644,-0.06014608948841715
2022-08-15,424.765,431.73,421.22,422.14,389.0148003061822,408.8329448962248,418.34271784873806,366.3872367645791,4.811264797756692,-5.737753563050546,-10.549018360807239,0,,,14.535653033023266,0.436796293170256,,,,,,,53.58058620919238,,,98.4334334375163,99.21671671875815,98.4334334375163,,,,60,100,-40,,,,,,,,,,,,272.3106658878898,35.72057127519315,272.3106658878898,-0.06800569575953057
2022-08-22,417.05,419.96,405.25,405.31,390.2337431414549,408.12835591697984,417.8316308742777,366.77452794105096,4.0255502777224255,-5.517080513654207,-9.542630791376633,0,,,14.4978880654478,10.29962394464678,,,,,,,47.25740939423451,,,91.40876752200504,95.11692130007113,,,,,60,100,-40,,,,,,,,,,,,310.98145390827347,77.40774013424894,310.98145390827347,-0.08719128933060771
2022-08-29,402.2,405.84,390.04,392.24,390.45419005992244,404.9506847335839,416.828037506659,367.0279157227321,2.5749551182203696,-6.3239368936011715,-8.898892011821541,0,,,3.9450232346345846,10.992854777701888,,,,,,,42.98924390406927,,,79.14596017639151,85.9106710632491,,,,,60,100,-40,,,,,,10.992854777701888,,,,,,403.5302804704056,148.78815101893093,403.5302804704056,-0.09049785968412752
2022-09-06,393.13,407.51,388.42,406.6,390.81460505564223,405.28054778686715,416.4269379965939,367.42166780509297,2.528317924978543,-5.738494605598362,-8.266812530576905,0,,,-0.3763213941227761,6.022196635319875,,,,,,,48.5230634378295,,,70.88004358038638,75.4604875485614,,,,,60,100,-40,,,,,,,,,,,,356.5247749303319,126.28121447003437,356.5247749303319,-0.010016782573379361
2022-09-12,408.78,411.73,382.11,385.56,390.6792761230964,401.3364382294937,415.2164698398647,367.60214872245524,1.099191337414565,-6.892823358808698,-7.992014696223263,0,,,-9.878421414420915,-2.1032398579696974,,,,,,,42.04511951214015,,,62.870982322019586,66.10570338644611,,,,,60,100,-40,,,,,,,,,,,,603.5202703975442,311.502811839119,603.5202703975442,0.012546080559090076
2022-09-19,382.26,389.31,363.29,367.95,389.0493278285895,394.65915058359496,413.362882787321,367.605609929197,-0.9051463345073678,-9.123447614357474,-8.218301279850106,0,,,-27.426199313143556,-12.56031404056241,,,,,,,37.50512510437011,,,48.73750506407724,55.85271774948973,,,,,60,100,-40,,,,,,,,,,,,1180.1529485070816,691.2295733229156,1180.1529485070816,0.01963259700500251
2022-09-26,366.41,372.3,357.04,357.18,388.0500901265474,387.163320466876,411.15963248193583,367.50187251696616,-2.7263686455397327,-11.626262086774773,-8.89989344123504,0,,,-41.52963508213896,-26.27808526990114,,,,,,,35.00109357010129,,,28.02339798362935,39.32633740087913,,,,,60,100,-40,,,,,,,,,,,,1268.3069578694303,754.6423781732944,1268.3069578694303,-0.09913796847675514
2022-10-03,361.08,379.46,359.21,362.79,388.65936940322257,382.28865637350077,409.2627841493109,367.4549882133148,-3.2857990339649152,-13.007142233691184,-9.721343199726268,0,,,-46.74157600094071,-38.56580346540773,,,,,,,37.36104436390243,,,12.452263924405505,20.811819698463836,,,,,60,100,-40,,,,,,,,,,,,1285.8875109840797,783.7983094145137,1285.8875109840797,-0.1156834114600665
2022-10-10,363.96,370.26,348.11,357.63,388.2222715887067,377.3569250988006,407.237969084632,367.35722713656537,-3.704863663564545,-14.35242277918195,-10.647559115617405,0,,,-52.368809805359646,-46.8800069628131,,,,,,,36.056585344457055,,,7.417908170471505,8.91224576441744,,7.417908170471505,,,60,100,-40,,,,,,,,,,,,1222.089781714247,714.9258895209658,1222.089781714247,-0.17686693292542435
2022-10-17,364.01,375.45,357.2808,374.29,387.83496647522765,376.7435400790405,405.94589186562683,367.4262099511269,-2.6130361363062597,-13.91385428600023,-11.30081814969397,0,,,-50.118764845009196,-49.74305021710318,,,,,,-49.74305021710318,43.01570085540614,,,14.645907883992656,9.827023623714515,,,,,60,100,-40,,,,,,,,,-106,,,1228.073457766202,703.1211823353357,1228.073457766202,-0.10767586064004817
2022-10-24,375.89,389.52,373.11,389.02,388.0440117269971,379.1988320632324,405.2821314003081,367.64107353370275,-0.7486585323636383,-12.236641315148518,-11.48798278278488,0,,,-38.53260745054856,-47.00672736697246,,,,,,,48.395158868895805,,,29.280005526847177,20.98709344362268,,,,,60,100,-40,,,,,,-47.00672736697246,,,,,,1017.5146472632562,559.8264219107291,1017.5146472632562,-0.005884616968357558
2022-10-31,386.44,390.39,368.79,376.35,383.529439460783,378.6290656505859,404.14753801206075,367.727729518442,-0.2446929062445431,-11.793848915590559,-11.549156009346015,0,,,-32.90061174420158,-40.51732801325311,,,,,,,44.48219783941153,,,43.94832922467602,36.233592050923626,,,,,60,100,-40,,,,,,,,,,,,1018.8756204881188,541.6761633815056,1018.8756204881188,0.028610429145293097
2022-11-07,377.71,399.35,373.61,398.51,367.6616223564414,382.60525252046875,403.92645809001914,368.03402076701474,1.6035010722483172,-9.54477966903562,-11.148280741283937,0,,,-18.6010894490942,-30.011436214614776,,,,,,,51.85761297361104,,,58.70707067341084,51.66253133883044,,,,,60,100,-40,,,,,,,,,,,,864.534598581188,415.00777003941374,864.534598581188,0.03957632872777726
2022-11-14,396.66,402.31,390.14,396.03,366.7657921881242,385.290202016375,403.61679306688114,368.31258772455686,2.6212240178641846,-7.871750718953706,-10.49297473681789,0,,,-4.225918437543781,-18.575873210279852,,,,,,,51.03561343182571,,,67.92351526772235,63.3154267354661,,,,,60,100,-40,,,,,,,,,,,,795.528307930063,354.097266395884,795.528307930063,0.04589028636323029
2022-11-21,394.64,402.93,392.66,402.33,367.8725213175439,388.6981616131,403.5663305936701,368.65106943874036,3.6194178790169342,-5.968702388046722,-9.588120267063656,0,,,7.746785447277345,-5.026740813120207,,,,,,,53.082279240342615,,,83.00981958051284,76.07571324224888,,,,,60,100,-40,,,,,,,,,,,,694.5231610336879,268.8068543239051,694.5231610336879,0.041506424021835235
2022-11-28,399.09,410,393.3,406.91,369.4816269377193,392.34052929048,403.6974548841144,369.0317553149718,4.43502854948499,-4.044334580207419,-8.479363129692409,0,,,18.249257052100887,7.2567080206114865,,,,,,,54.57756455311177,,,90.84425100299399,86.04100793118585,,,,,60,100,-40,,,,,,,,,,,,602.7916772093811,203.56924444683145,602.7916772093811,0.0384235663338655
2022-12-05,403.95,404.93,391.64,393.28,369.76936787073936,392.528423432384,403.2889272416001,369.2730313814895,3.921215968879477,-3.5778431685930627,-7.49905913747254,0,,,20.472302288978867,15.489448262785702,,,,,,,49.492260384317476,,,92.21050149825831,92.50310574752389,92.21050149825831,,,,60,100,-40,,,,,,,,,,,,651.3750086258573,208.37483636558932,651.3750086258573,-0.016218960025194334
2022-12-12,394.11,410.49,381.04,383.27,370.240841594258,390.6767387459072,402.50387127134127,369.41230470107666,2.8231642528661585,-3.9701038213898414,-6.793268074256,0,,,17.25623223910472,18.659263860061493,,,,,18.659263860061493,,46.07653517887028,,,83.39305827015804,88.58787696602774,,,,,60,100,-40,,,,,,18.659263860061493,,,,,,826.5795525120652,295.0339570263913,826.5795525120652,-0.11008806170890918
2022-12-19,383.47,387.41,374.77,382.91,368.6529243375253,389.12339099672573,401.73548416266124,369.54661012693657,2.0258903442107634,-4.260905143992545,-6.286795488203309,0,,,4.4685599836481344,14.065698170577242,,,,,,,45.952971802300546,,,71.2007782014861,78.12942330656331,,,,,60,100,-40,,,,,,,,,,,,856.2923611462351,292.30051029432013,856.2923611462351,-0.11360235965094152
2022-12-27,382.79,384.35,376.42,382.43,369.5798583134163,387.78471279738056,400.9784063523608,369.6748030609969,1.4466570203491624,-4.478474212766855,-5.9251312331160175,0,,,-5.231599431753288,5.497730930333191,,,,,,,45.77565684113765,,,62.500522236139545,66.86785428574409,,,,,60,100,-40,,,,,,,,,,,,786.0573863923743,253.7004175135347,786.0573863923743,-0.13103966728036953
2023-01-03,384.37,389.25,377.831,388.08,371.113439862458,387.84377023790444,400.4725864954055,369.8579393489472,1.4223567340870416,-4.147185315507215,-5.569542049594257,0,,,-7.952880182873875,-2.9053065436596737,,,,,,,48.31859281393584,,,61.18436393122168,61.193512786346815,,61.18436393122168,,,60,100,-40,,,,,,,,,,,,646.7742252301243,198.48215978380114,646.7742252301243,-0.06909320209153648
2023-01-09,390.37,399.1,386.27,398.5,372.0390513008539,389.9750161903236,400.39523016225235,370.14293497731586,2.0483200038130764,-3.009142044827911,-5.057462048640987,0,,,2.379116476443988,-3.6017877127277225,,,,,,,52.7461082593381,,,67.8782890444439,63.76624583787984,,,,,60,100,-40,,,,,,-3.6017877127277225,,,,,,469.17891155191995,110.57631255038277,469.17891155191995,0.00888945705321722
2023-01-17,398.48,400.23,387.26,395.88,372.69697620793573,391.15601295225883,400.21816231275227,370.39902517654656,2.2121909719761117,-2.2922233336708473,-4.504414305646959,0,,,9.558446952047449,1.3282277485391898,,,,,,,51.5433074370572,,,74.05941570733758,70.32109468544492,,,,,60,100,-40,,,,,,,,,,,,357.51001854247994,63.1988011775859,357.51001854247994,0.05730695968788971
2023-01-23,396.72,408.16,393.56,405.68,373.2879064787975,394.06081036180706,400.43235202597765,370.75007965240184,2.865414404709928,-0.922646299759549,-3.788060704469477,0,,,22.956393221696928,11.631318883396125,,,,,,,55.64214512550988,,,83.94825783962176,79.42114616487042,,,,,60,100,-40,,,,,,,,,,,,258.87183335293815,17.162655508933895,258.87183335293815,0.05304272587007572
2023-01-30,402.8,418.31,400.28,412.35,379.0437703017405,397.71864828944564,400.89971077005697,371.16400920809934,3.584831283368275,0.6929783997408663,-2.8918528836274087,0,,,36.90252918755289,23.13912312043242,,,,,,,58.24628292589289,,,88.76975691882797,85.95315502031481,,,,,60,100,-40,,,,,,,,,,,,130.89513637967667,-59.594190947235894,130.89513637967667,0.11414197572910914
2023-02-06,409.79,416.49,405.01,408.04,378.8470724230448,399.7829186315565,401.17972211240766,371.5309344896108,3.5991354056430858,1.6070663734264485,-1.9920690322166372,0,,,43.94034512663648,34.599755845295434,,,,,,,55.94704394806136,,,92.79146175543167,91.41116296064439,92.79146175543167,,,,60,100,-40,,,,,,,,,,,,136.18692976518997,-45.12251986592027,136.18692976518997,0.13017276780501022
2023-02-13,408.72,415.05,404.05,407.26,379.60013867854155,401.27833490524523,401.4181643825093,371.8864475792664,3.3878118624514086,2.2426957958476237,-1.145116066603785,0,,,46.57145686906244,42.471443727750604,,,,,42.471443727750604,,55.51738453132525,,,89.12472226309951,91.00189097343979,,,,,60,100,-40,,,,,,,,,,,,108.69839708060996,-57.82751625393473,108.69839708060996,0.18362219996275297
2023-02-21,403.06,404.16,393.64,396.38,380.3679859157886,400.2986679241962,401.2205893086854,372.1301645187762,2.3938672859324766,1.8472180408118106,-0.5466492451206658,0,,,36.393757284624144,42.301853093441025,,,,,,,49.74455016902315,,,73.75591403742104,82.23278554445507,,,,,60,100,-40,,,,,,42.301853093441025,,,,,,192.57141579322635,11.777486701326119,192.57141579322635,0.20174432146918417
2023-02-27,399.87,404.45,392.33,404.19,380.706701207518,401.07693433935697,401.3370367867762,372.4491678568978,2.1487912537075915,2.1393398220138238,-0.009451431693767831,0,,,30.907658186115977,37.95762411326752,,,,,,,53.504285466264186,,,64.8028126261664,70.53305533386977,,,,,60,100,-40,,,,,,,,,,,,148.46752201263973,-21.272965426187724,148.46752201263973,0.2667450592959852
2023-03-06,405.05,407.45,384.32,385.91,381.23550826412384,398.04354747148557,400.7320549520007,372.5831064851874,0.7160384287039439,0.885596604186162,0.16955817548221816,0,,,15.61645506468549,27.639290178475203,,,,,,,44.973020582096176,,,42.50089779653463,52.33835201047983,,,,,60,100,-40,,,,,,,,,,,,527.8370634648871,240.77666465130096,527.8370634648871,0.15164348652003426
2023-03-13,381.81,396.47,380.65,389.99,380.15368624525786,396.43283797718846,400.31079789505947,372.7563094057328,0.03931103625236948,0.21869697079768002,0.17938593454531054,0,,,0.6937039600095432,15.739272403603673,,,,,,,47.01578117610221,,,33.02169979923198,39.444853274879115,,,,,60,100,-40,,,,,,,,,,,,670.0485064712713,316.99908926015536,670.0485064712713,0.11183799956210376
2023-03-20,390.8,402.49,389.4,395.75,380.1934229420251,396.2962703817508,400.1319430756454,372.98510234696926,-0.020955016160520895,0.15319216434465943,0.17414718050518033,0,,,-0.8306541605872713,5.159834954702591,,,,,,,49.86240278194025,,,21.810390667649433,25.72069281036829,,21.810390667649433,,,60,100,-40,,,,,,,,,,,,791.8578689310402,411.1810730310362,791.8578689310402,0.12754882515557095
2023-03-27,398.12,409.7,393.69,409.39,380.620321303309,398.9150163054006,400.4950041315024,373.3473401345616,0.8112551541782238,1.18821612322796,0.37696096904973625,0,,,10.930767156012202,3.597938985144825,,,,,,,55.935694331830156,,,37.99944103302335,30.12437922864054,,,,,60,100,-40,,,,,,3.597938985144825,,,,,,694.2473473072147,324.60269611630235,694.2473473072147,0.12197139545885312
2023-04-03,408.85,411.92,405.678,409.19,380.5995840673584,400.9700130443205,400.8359843616396,373.70398351630723,1.2741408166759218,1.9696369898946386,0.6954961732187168,0,,,23.894498593577175,11.331537196334034,,,,,,,55.82827250488932,,,56.15264704898158,44.01997136507497,,,,,60,100,-40,,,,,,,,,,,,702.5660114331756,327.4022059133383,702.5660114331756,0.12963777871571083
2023-04-10,406.61,415.09,405.97,412.46,382.0857566339756,403.2680104354564,401.2918281121635,374.0896155211201,1.6998190701470302,2.8202700109025045,1.1204509407554744,0,,,33.787108252257276,22.870791333948887,,,,,,,57.28138917642148,,,77.03857929573888,67.05924604044303,,,,,60,100,-40,,,,,,,,,,,,708.4631002635074,354.2381684745496,708.4631002635074,0.12376052851215878
2023-04-17,412.37,415.72,410.17,412.2,382.9524883029774,405.05440834836514,401.7195995587453,374.4688233268801,1.8507110982453363,3.4338398135621446,1.5831287153168083,0,,,40.75119986811357,32.81093557131601,,,,,,,57.11953330692544,,,85.87437186081539,81.76299475138842,,,,,60,100,-40,,,,,,,,,,,,691.469809306506,344.3766832973587,691.469809306506,0.08163211570152908
2023-04-24,411.99,415.94,403.78,415.93,387.73731056705043,407.22952667869214,402.2768701642847,374.8813723485032,2.0718767680028765,4.172974675320404,2.1010979073175275,0,,,43.50725450379858,39.34852087472314,,,,,,,58.923410148306246,,,93.23950182430428,90.87066629247141,93.23950182430428,,,,60,100,-40,,,,,,,,,,,,643.9298439780503,317.2172863342025,643.9298439780503,0.16509370212046978
2023-05-01,415.47,417.62,403.74,412.63,388.01393124083256,408.30962134295373,402.68287525588136,375.2569805838415,1.8721343221681277,4.441265810027687,2.5691314878595595,0,,,43.86729727271782,42.70858388154332,,,,,,,56.63972751454641,,,92.57481092127173,92.68592704223074,,,,,60,100,-40,,,,,,,,,,,,562.3062359820412,252.26868881889294,562.3062359820412,0.23869187898803787
2023-05-08,412.97,414.535,408.87,411.59,388.0250790093445,408.965697074363,403.0321742654546,375.6185031650968,1.5590066003086278,4.517889738245344,2.9588831379367164,0,,,43.74237753437569,43.7056431036307,,,,,,,55.9000514099807,,,90.03362704512531,92.03482156167513,,,,,60,100,-40,,,,,,,,,,,,617.3414658034883,300.9471090336397,617.3414658034883,0.2248244580982517
2023-05-15,412.22,420.72,410.23,418.62,391.89900193724844,410.8965576594904,403.6434615491623,376.04637875549383,1.7026811122853305,5.087234528293379,3.384553416008049,0,,,48.8280973214296,45.47925737617437,,,,,,,59.74931620974414,,,88.7709762405317,89.5095199524879,,88.7709762405317,,,60,100,-40,,,,,,,,,,,,501.4611992937631,215.32036193661435,501.4611992937631,0.23334251209561538
2023-05-22,418.64,420.77,409.8795,420.02,393.709073227445,412.7212461275923,404.28567874331276,376.48392722558845,1.7619645574066771,5.5870091127663954,3.8250445553597183,0,,,51.33318304769854,47.967885967834604,,,,,,,60.493269404032525,,,91.46258092726688,89.74750672792119,,,,,60,100,-40,,,,,,,,,,,,442.104617603988,164.35302340268447,442.104617603988,0.24206128476629252
2023-05-30,422.03,428.74,416.22,427.92,401.93263942548464,415.7609969020738,405.212514871026,376.9957289447368,2.176044521774946,6.5451002075784,4.369055685803454,0,,,59.26063795387724,53.14063944100179,,,,,,,64.50391235159847,,,96.86834794253136,93.7366958850627,,,,,60,100,-40,,,,,,,,,,,,330.81286894871744,82.65247369310543,330.81286894871744,0.2405138173860065
2023-06-05,428.28,431.99,425.82,429.9,403.98030803795,418.58879752165905,406.18065154275047,377.5221396020031,2.408037099455264,7.379102060122534,4.97106496066727,0,,,66.14187335684584,58.91189811947387,,,,,,,65.45608279981758,,,98.8629425211021,97.72588504220421,,,,,60,100,-40,,,,,,,,,,,,246.11962004895065,23.988387567086242,246.11962004895065,0.240498176296796
2023-06-12,430.92,443.9,430.17,439.46,414.5102860352393,422.76303801732723,407.4857240312701,378.13843672039116,2.9919888845993174,8.711051066416417,5.719062181817099,0,,,73.70504071170383,66.36918400747562,,,,,,,69.70655931837886,69.70655931837886,,100,100.00000000000001,100,,,,60,100,-40,,,,,,,,,,,,163.18878004005057,-45.82768289965671,163.18878004005057,0.22886712013313468
2023-06-20,437.45,438.37,432.47,433.21,414.29240846129363,424.8524304138618,408.4945191672987,378.6864124744171,2.7501535520444538,9.156754121872666,6.406600569828212,0,,,73.60891952636555,71.1519445316384,,,,,,,64.11882410816705,,,94.22276872701576,97.1113843635079,,,,,60,100,-40,,,,,,,,,,,,212.60900185095045,-14.768104190628186,212.60900185095045,0.18587582975501712
2023-06-26,432.62,444.3,431.19,443.28,418.9115221426298,428.5379443310894,409.85865567054185,379.3291347383533,3.0386443772777296,10.204906041425374,7.166261664147645,0,,,74.65450123854644,73.98948715887194,,,,,,,68.52302143342101,,,91.4927443144042,93.57991042983302,,,,,60,100,-40,,,,,,,,,,,,135.77100151441408,-80.2648125196049,135.77100151441408,0.24647017910290017
2023-07-03,442.92,444.08,437.06,438.55,418.7792705610134,430.54035546487154,410.98380642855983,379.91839707926516,2.6929830886285533,10.532490524933337,7.839507436304784,0,,,73.32901479283137,73.86414518591447,,,,,,,64.49475423291233,,,82.36968547980453,86.36977556227703,,82.36968547980453,,,60,100,-40,,,,,,73.86414518591447,,105,,,,128.35809214815697,-72.94393751604036,128.35809214815697,0.25134706005156526
2023-07-10,438.18,451.36,437.585,449.28,425.526465520941,434.28828437189725,412.48561794116534,380.60856228245655,2.9484509059226873,11.525071068708144,8.576620162785456,0,,,74.36805375178037,74.1171899277194,,,,,,,68.9767347054176,,,85.78010630372962,84.83384655094169,,,,,60,100,-40,,,,,,74.1171899277194,,,,,,83.20207539394666,-106.04503978585122,83.20207539394666,0.30376422382532653
2023-07-17,449.13,456.43,449.08,452.18,428.15528941230235,437.8666274975178,414.0422603748451,381.32071589158636,3.0608903321757133,12.402733078005099,9.341842745829386,0,,,76.4469763108502,74.71468161848732,,,,,,,70.08250040180394,,,86.61928754101879,84.58363413397181,,,,,60,100,-40,,,,,,,,,,,,46.256243504138155,-133.12775982478735,46.256243504138155,0.2481416342434208
2023-07-24,453.37,459.44,451.55,456.92,433.5613401685665,441.67730199801423,415.7237403601453,382.07294757425717,3.1882361865260656,13.327137978986968,10.138901792460903,0,,,77.13461527296532,75.9832151118653,,,75.9832151118653,,75.9832151118653,,71.85858630322727,71.85858630322727,,95.69083366723666,91.69074358476418,95.69083366723666,,,,60,100,-40,,,,,,,,,,,,33.300562867022094,-140.74089440209875,33.300562867022094,0.33120388065870787
2023-07-31,457.41,458.16,446.27,446.81,434.1026730136689,442.7038415984114,416.9428093656298,382.7170973496377,2.363290478233008,13.093014890252164,10.729724412019156,0,,,72.14441964112284,75.24200374164612,,,,,,,63.1904621198292,,,86.99132291744712,90.5821276331673,,,,,60,100,-40,,,,,,75.24200374164612,,105,,,,52.700460527563564,-124.2425499653535,52.700460527563564,0.28460425938797507
2023-08-07,448.71,451.7,443.345,445.65,434.0339106555497,443.2930732787291,418.0685815473698,383.3432953859597,1.5504935587388875,12.667841360442765,11.117347801703877,0,,,64.57507094524841,71.28470195311218,,,,,,,62.256985417816836,,,73.82422215751359,82.68497156661583,,,,,60,100,-40,,,,,,,,,,,,138.57310406800656,-78.92572269892557,138.57310406800656,0.27015560833593977
2023-08-14,444.7,448.11,433.01,436.5,434.475059894439,441.93445862298324,418.7913822710023,383.87221781993026,0.2744823999498358,11.460450801641173,11.185968401691337,0,,,50.64739013996177,62.45562690877767,,,,,,,55.278896091740464,,,45.81409143507506,59.998043455072114,,,,,60,100,-40,,,,,,,,,,,,285.19617605564173,2.6971359736063505,285.19617605564173,0.1895431408250579
2023-08-21,437.55,445.22,435,439.97,433.9211270448362,441.5415668983866,419.62191629959045,384.43040470729414,-0.42021854015864335,10.660695226493033,11.080913766651676,0,,,40.03557969994742,51.752680261719185,,,,,,,57.24759575421889,,,28.732394656201045,38.51460036897287,,,,,60,100,-40,,,,,,,,,,,,383.3423258637069,61.29765670567792,383.3423258637069,0.18044935838450293
2023-08-28,442.24,453.67,439.9728,451.19,434.1039036844908,443.47125351870926,420.85988036627316,385.09467928732107,-0.21860346818779064,10.807659431416937,11.026262899604728,0,,,41.2481372816561,43.97703570718843,,,,,,,62.959367388047966,62.959367388047966,,21.67648312954158,23.48332365439761,,21.67648312954158,,,60,100,-40,,,,,,,,,,,,315.46190297939654,26.516264577372866,315.46190297939654,0.1890415213625541
2023-09-05,450.73,451.06,442.75,445.52,433.7764819927414,443.8810028149674,421.82694388132126,385.69592625958654,-0.5431459799555434,10.3473304246603,10.890476404615843,0,,,39.15745610473182,40.147057695445106,,,,,,,58.66829291241741,,,24.37958729340737,21.89475153373239,,,,,60,100,-40,,,,,,,,,,,,422.65064789223345,87.1496710178505,422.65064789223345,0.19148374554457312
2023-09-11,448.24,451.08,442.92,443.37,434.22387613611704,443.77880225197396,422.6717696114655,386.26979764008814,-0.9545847009028225,9.697245528487315,10.651830229390137,0,,,36.09196480257629,38.832519396321395,,,,,,,57.07044849598737,,,25.437452031831548,24.40224243035776,25.437452031831548,,,,60,100,-40,,,,,,,,,,,,494.89598463910005,124.94063992369587,494.89598463910005,0.08868951366117175
2023-09-18,443.05,444.97,429.99,430.42,434.6793135549658,441.10704180157916,422.97562178356486,386.7091031362067,-2.085975062287009,8.044361401531376,10.130336463818384,0,,,16.953360495477583,30.73426046759522,,,,,,,48.458617938725304,,,15.994127509085445,21.33133492613965,,,,,60,100,-40,,,,,,,,,,,,650.3694419774455,224.95143266484206,650.3694419774455,0.019538690022926655
2023-09-25,429.17,432.27,422.29,427.48,434.1279340153254,438.3816334412633,423.15226406656234,387.1147837020156,-2.965738637907103,6.423163166434506,9.388901804341609,0,,,-3.7493492751429827,16.431992007636953,,,,,,,46.72453892066454,,,8.629690049979068,13.597240456323687,,,,,60,100,-40,,,,,,,,,,,,639.393179799728,227.68753581668898,639.393179799728,0.023517286757918872
2023-10-02,426.62,431.125,420.18,429.54,434.3302244428022,436.61330675301065,423.4027635149324,387.53692515771695,-3.315820921305461,5.2441256527097835,8.559946574015244,0,,,-16.87021656301784,-1.22206844756109,,,,,,,48.133398307168896,,,3.6602305002405413,5.409880184036704,,3.6602305002405413,,,60,100,-40,,,,,,,,,,,,725.8671471088685,290.835256577291,725.8671471088685,0.034700520827774924
2023-10-09,427.58,437.335,427.0101,431.5,434.38020841117344,435.59064540240854,423.72030220062135,387.9743686884859,-3.314381680372323,4.416969473549841,7.731351153922164,0,,,-20.318880561650726,-13.646148799937189,,,,,,,49.50965587684184,,,4.7127521354717254,3.749556182755581,,,,,60,100,-40,,,,,,,,,,,,852.0731203618016,382.501573563238,852.0731203618016,-0.02041891894083127
2023-10-16,433.82,438.14,421.08,421.19,428.7852078103753,432.71051632192683,423.6210746633421,388.30487248263034,-3.8681795942424753,2.8961266611190695,6.764306255361545,0,,,-28.07419989731575,-21.75443234066145,,,,,,,43.006674777784056,,,5.048386876230629,4.420825664273388,,,,,60,100,-40,,,,,,,,,,,,1053.5143712051104,512.9558329153766,1053.5143712051104,-0.12466238016947331
2023-10-23,419.61,424.82,409.21,410.68,427.9484072524914,428.30441305754147,423.11358153928944,388.5275105673803,-4.744905567275292,0.8331742962674298,5.578079863542722,0,,,-42.104839463509784,-30.165973307492095,,,,,,,37.558653937313025,,,4.402227543891626,5.03908781603976,,4.402227543891626,,,60,100,-40,,,,,,,,,,,,1259.2390309859993,636.9638632943991,1259.2390309859993,-0.1889762919661072
2023-10-30,413.56,436.29,412.22,434.69,427.3785210201706,429.5815304460332,423.5675587338271,388.9868388204412,-3.5642768128384965,1.122733847494601,4.687010660333097,0,,,-38.494649893473905,-36.22456308476649,,,,,,,52.46230217174475,,,14.42059698779327,9.570627333879475,,,,,60,100,-40,,,,,,,,,,,,1046.6501162612722,503.8795245135992,1046.6501162612722,-0.16106473787245584
2023-11-06,435.47,440.93,433.4,440.61,425.4207695187298,431.7872243568265,424.2358897638731,389.50050211576024,-2.302366313638319,1.8090527682851985,4.1114190819235175,0,,,-22.825726905672642,-34.47507208755212,,,,,,,55.311408482347076,,,32.07493161359663,21.796449285160957,,,,,60,100,-40,,,,,,-34.47507208755212,,,,,,1073.6228223955864,484.99233823839927,1073.6228223955864,-0.08641860258074234
2023-11-13,439.23,451.42,438.42,450.79,426.18571455310627,435.5877794854612,425.2772274201918,390.1103478658522,-0.7785506186730138,3.13823080858225,3.916781427255264,0,,,-3.939536145633504,-21.75330431492669,,,,,,,59.799764367502064,,,57.69289261788728,44.252441454878486,,,,,60,100,-40,,,,,,,,,,,,899.327763778207,372.2664585586904,899.327763778207,-0.08567161795351962
2023-11-20,450.53,456.38,450.52,455.3,430.22459208502727,439.530223588369,426.45459105077254,390.75900112091836,0.46946956283337204,4.503618380796979,4.034148817963607,0,,,13.176061085224745,-4.529733988693806,,,,,,,61.64845545504709,,,74.23115995200646,65.48726940673534,,,,,60,100,-40,,,,,,,,,,,,738.5408976367148,260.03619336620125,738.5408976367148,-0.04986993034395968
2023-11-27,454.65,459.65,453.34,459.1,434.9785497932396,443.44417887069517,427.7348031664285,391.4390110600137,1.4328226219723694,5.825177095429069,4.3923544734567,0,,,25.53580627783556,11.590777072475596,,,,,,,63.19346048475426,,,87.64793418595633,82.35106566252158,,,,,60,100,-40,,,,,,,,,,,,580.6243707936757,150.02961275416467,580.6243707936757,-0.0457387654693281
2023-12-04,455.6,460.745,454.31,460.2,436.9000819508653,446.7953430965561,429.00794814029405,392.12320000469015,1.9916778996111981,6.881951847970697,4.890273948359499,0,,,33.445006895864104,24.052291419641467,,,,,,,63.65264897992726,,,94.31877967035187,91.1393531368431,,,,,60,100,-40,,,,,,,,,,,,455.96539428573465,60.93331952613472,455.96539428573465,0.00025724787811352823
2023-12-11,459.69,473.73,459.47,469.33,446.77507609723204,451.3022744772449,430.5892050759688,392.8914268703151,2.7756220907591294,8.35980156180841,5.584179471049281,0,,,42.76737995234426,33.916064375347965,,,,,,,67.31875334409585,,,98.2200122716122,96.72075836411904,,,,,60,100,-40,,,,,,,,,,,,275.7898680519646,-59.236374933162494,275.7898680519646,0.007802140627560943
2023-12-18,470.98,475.895,467.82,473.65,450.66899923314406,455.7718195817959,432.2778637004406,393.69499476215276,3.3462628351330075,9.76700801496554,6.420745179832533,0,,,49.79748921476937,42.003292020992575,,,,,,,68.92537293945813,,,99.536245397161,99.07249079432201,,,,,60,100,-40,,,,,,,,,,,,115.64625567888015,-182.10248858167841,115.64625567888015,0.07298987217122697
2023-12-26,474.07,477.55,473.3,475.31,452.8169278593481,459.6794556654367,433.9653984572861,394.50708436650945,3.57591338504848,10.890636911143133,7.314723526094653,0,,,54.226158055195995,48.930342407436534,,,,,,,69.5485463597151,69.5485463597151,,99.9532110298509,99.9064220597018,99.9532110298509,,,,60,100,-40,,,,,,,,,,,,60.07420919181108,-204.44749065773692,60.07420919181108,0.09245796296942971
2024-01-02,472.16,473.67,466.43,467.92,453.81643301225176,461.32756453234936,435.29695145896113,395.237561138982,2.994099138361946,11.057347449047086,8.06324831068514,0,,,52.60584735682815,52.2098315422645,,,,,,,63.41523439921583,,,96.06310712852428,98.03155356426214,,,,,60,100,-40,,,,,,,,,,,,63.697080247845435,-182.72976508360296,63.697080247845435,0.0899862913250613
2024-01-08,468.43,478.6,468.3,476.68,455.45311636851955,464.3980516258795,436.91981610762934,396.0479336649623,2.9580052551394598,11.760754879609465,8.802749624470005,0,,,53.41898545521323,53.41699695574579,,,,,,,67.13689962878104,,,93.63826009110161,95.34279521874743,,,,,60,100,-40,,,,,,,,,,,,63.024883839146284,-176.77889870476605,63.024883839146284,0.11977685961143206
2024-01-16,475.26,482.72,469.87,482.43,461.1936080564824,468.0044413007036,438.7045292014478,396.9074567130721,3.0670173639661513,12.636521329427694,9.569503965461543,0,,,54.916335758564706,53.64705619020202,,,,,,,69.35376824131048,,,92.29388091834426,92.6540368732327,,92.29388091834426,,,60,100,-40,,,,,,,,,,,,121.56581405021065,-158.2736443948086,121.56581405021065,0.13550597973826098
2024-01-22,484.01,489.12,482.78,487.41,465.85477890959083,471.8855530405629,440.6145476641361,397.80797953184754,3.205134548454584,13.575922151029772,10.370787602575188,0,,,58.860447749362166,55.73192298771337,,,,,,,71.17799655193727,,,95.87061783493156,93.9021713991937,,,,,60,100,-40,,,,,,,,,,,,74.00839331380872,-190.40570905029793,74.00839331380872,0.16563164069951927
2024-01-29,487.73,496.05,482.86,494.35,473.3787232731915,476.37844243245036,442.72182030475824,398.7685966509336,3.472031370584606,14.710826815805945,11.238795445221339,0,,,62.000213155329675,58.59233222108551,,,,,,,73.55453854856496,,,98.29546487235422,96.59092974470843,,,,,60,100,-40,,,,,,,,,,,,107.8250490749344,-160.3319437684256,107.8250490749344,0.24847884247761226
2024-02-05,493.695,501.65,490.23,501.2,479.8423858965349,481.3427539459603,445.01508225359123,399.7878145947054,3.791996550713204,15.978791133612845,12.18679458289964,0,,,65.27341055189433,62.044690485528726,,,,,,,75.69727839891357,,,99.63984404511157,99.27968809022316,99.63984404511157,,,,60,100,-40,,,,,,,,,,,,-10.870414393235492,-241.1806812650755,-10.870414393235492,0.33815057615164745
2024-02-12,501.17,503.5,490.715,499.51,479.73650118963957,484.97620315676824,447.1521378514896,400.7800751460019,3.574805269886676,16.655301170257985,13.080495900371309,0,,,65.57728470705872,64.28363613809425,,,,,,,74.09273248809407,,,97.98417673860814,98.99208836930408,,,,,60,100,-40,,,,,,,,,,,,-87.98488450355627,-284.6023755805163,-87.98488450355627,0.35845849929037266
2024-02-20,497.72,510.13,493.56,507.85,486.09317967609394,489.5509625254146,449.53244617103906,401.84544753260883,3.6642637153882855,17.660825544606666,13.99656182921838,0,,,66.76355627280351,65.8714171772522,,,,,,,76.72975747348647,,,97.48022092326016,97.98417673860814,,,,,60,100,-40,,,,,,,,,,,,-74.71490550290966,-271.9473982022406,-74.71490550290966,0.3501344879447285
2024-02-26,508.3,513.29,504.75,512.85,490.28009541351577,494.21077002033167,452.015487497665,402.94997044273214,3.7197321136609265,18.64622697129454,14.926494857633612,0,,,68.46826574618832,66.93636890868352,,,,,,,78.17273016614055,78.17273016614055,,96.9762651079122,96.9762651079122,,,,,60,100,-40,,,,,,,,,,,,-154.76674086601696,-322.5024167109241,-154.76674086601696,0.3989665370551344
2024-03-04,512.03,518.2201,504.91,511.72,490.67223145540754,497.7126160162653,454.35684092912913,404.03225929404823,3.351308162618796,19.115630060907108,15.764321898288312,0,,,68.19649017719597,67.80943739872929,,,67.80943739872929,,67.80943739872929,,77.00366387604382,,,97.41939087478855,97.1978279913504,,,,,60,100,-40,,,,,,,,,,106,,-188.44551525401386,-341.1383409453016,-188.44551525401386,0.474571123047487
2024-03-11,510.48,517.38,508.122,509.83,490.35491492287844,500.1360928130122,456.53225893190836,405.0849731319184,2.6803703577869236,19.114784845521967,16.434414487735044,0,,,66.3274093722428,67.66405509854236,,,,,,,74.97210674580367,,,93.18813530449009,95.24837236877978,,,,,60,100,-40,,,,,,67.66405509854236,,105,,,,-84.1826942987386,-259.11318804615587,-84.1826942987386,0.4988042361790641
2024-03-18,514,524.11,511.12,521.21,498.99913528553,504.3508742504098,459.06864093457864,406.2404460360784,2.6957456911002033,19.804096601610297,17.108350910510094,0,,,66.71524940786006,67.0797163190996,,,,,,,78.64681508776724,,,92.21340749320478,93.29891674620917,,,,,60,100,-40,,,,,,,,,,,,-69.78584078987708,-245.6380629468548,-69.78584078987708,0.47781280130116516
2024-03-25,519.8,524.61,518.4,523.07,500.40562562227785,508.09469940032784,461.57849815283043,407.40292916009753,2.52679449366158,20.26684402758707,17.74004953392549,0,,,66.65170905031394,66.5647892768056,,,,,,,79.18787795988858,79.18787795988858,,92.70059573471593,91.91424698745817,,,,,60,100,-40,,,,,,66.5647892768056,,,,,,-138.91568791899033,-296.43114241106304,-138.91568791899033,0.45617616011707623
2024-04-01,523.83,524.38,512.755,518.43,501.137366649258,510.16175952026225,463.80796881350375,408.5076761336289,1.830593808110482,20.02829179406359,18.19769798595311,0,,,63.214393632679005,65.52711736361766,,,,,,,74.11277026729476,,,91.0609949954887,91.68420817828788,,,,,60,100,-40,,,,,,65.52711736361766,,105,,,,-61.84010829735577,-233.44366197268798,-61.84010829735577,0.40725302866475255
2024-04-08,519.15,520.75,509.08,510.85,501.04326903145386,510.2994076162098,465.6527543502291,409.5260077143888,0.6486231230804869,19.008476889803717,18.35985376672323,0,,,56.526728410763646,62.130943697918866,,,,,,,66.56301499919263,,,69.99807048503521,80.98021681618341,,,,,60,100,-40,,,,,,,,,,,,95.7671841203453,-111.90845070492654,95.7671841203453,0.34524743466197816
2024-04-15,515.13,515.3,493.86,495.16,500.94946410063574,507.27152609296786,466.8099012384554,410.37808723961876,-1.2948975271325693,16.74123185780752,18.03612938494009,0,,,41.463892775795024,53.73500493974589,,,,,,,54.18537715575134,,,42.03067820813187,58.37876559571007,,,,,60,100,-40,,,,,,,,,,,,227.44587791664623,-7.0160051222126185,227.44587791664623,0.2520400355563097
2024-04-22,497.83,509.88,495.43,508.26,499.4666452363046,507.4692208743743,468.43539530753554,411.3520366203191,-1.7735985031423915,15.8191312560121,17.59272975915449,0,,,31.812086693420042,43.26756929332624,,,,,,,60.78172737828251,,,21.31669682090235,31.832977154061343,,,,,60,100,-40,,,,,,,,,,,,224.27390011361965,-0.2858223727194087,224.27390011361965,0.24642994463349427
2024-04-29,510.09,512.55,499.55,511.29,499.04974200514,508.23337669949944,470.11596804057336,412.34644421613683,-1.9476860743493347,15.158122166217822,17.105808240567157,0,,,27.209723006956043,33.495234158723704,,,,,,,62.1473457994665,,,19.157641942889498,18.699572798519004,,19.157641942889498,,,60,100,-40,,,,,,,,,,,,141.67864554750702,-60.23385466858862,141.67864554750702,0.26387118678708793
2024-05-06,513.75,522.635,513.3,520.84,498.9083318619157,510.75470135959955,472.10514576447247,413.425982084633,-1.501191567988407,15.22931878058165,16.730510348570057,0,,,34.84373826981897,31.28851599006502,,,,,,,66.16961136933912,,,28.906214730365793,22.05713925893373,,,,,60,100,-40,,,,,,31.28851599006502,,,,,,107.73707362977845,-96.55497200157254,107.73707362977845,0.26597990293882084
2024-05-13,522.56,531.5218,519.74,529.45,505.39345101463607,514.4937610876797,474.3539635776304,414.5804499245869,-0.7457013026466299,15.798383720261768,16.544085022908398,0,,,44.98233544336522,35.67859890671341,,,,,,,69.35057445560756,69.35057445560756,,40.76359318124877,34.22454691288885,,,,,60,100,-40,,,,,,,,,,,,77.23942387890965,-110.81770436492295,77.23942387890965,0.2956379301849299
2024-05-20,529.57,533.07,524.72,529.44,505.4286616564478,517.4830088701437,476.51420030007625,415.72333101986464,-0.3845511879155694,16.063396038013934,16.447947225929504,0,,,51.36761295409116,43.73122888909179,,,,,,,69.34237076481129,,,51.84385262269143,46.68640872419735,,,,,60,100,-40,,,,,,,,,,,,101.37771044638058,-100.66903084402784,101.37771044638058,0.342651310838889
2024-05-28,530.27,530.51,518.36,527.37,505.95161439527294,519.460407096115,478.50854538634775,416.8342431490202,-0.42008584325607856,15.922839921859406,16.342925765115485,0,,,51.446802058149295,49.265583485201894,,,,,,,67.55044551284973,,,56.66065385354307,54.40631091947009,,,,,60,100,-40,,,,,,,,,,,,121.12721763794774,-87.82011614511369,121.12721763794774,0.33243042607972273
2024-06-03,529.02,536.89,522.6,534.01,510.45435622418194,522.370325676892,480.6850730182557,418.0001710778857,-0.14558272960186258,16.16094735311316,16.30653008271502,0,,,54.75508534964147,52.523166787293974,,,,,,,70.22432968900613,,,59.396449512836796,58.67729808361879,,,,,60,100,-40,,,,,,,,,,,,188.19499624922994,-43.671004118729364,188.19499624922994,0.3062275491648905
2024-06-10,533.18,544.12,532.05,542.78,518.8654736367404,526.4522605415136,483.1201681940104,419.24176141541915,0.44511958083663217,16.86292955876081,16.41780997792418,0,,,60.934273032652825,55.712053480147866,,,,,,,73.36472718413543,,,63.553034287671096,61.534166576253256,,,,,60,100,-40,,,,,,,,,,,,299.4322696584609,45.17826935740324,299.4322696584609,0.3139988444979844
2024-06-17,542.08,550.12,541.6072,544.51,520.5793683769732,530.0638084332109,485.527612578559,420.4882115505891,0.752752959981148,17.358751177900615,16.605998217919467,0,,,66.04447453232515,60.57794430487315,,,,,,,73.95182305319422,,,70.41280319314552,66.6282773318587,,,,,60,100,-40,,,,,,,,,,,,382.2627660841953,88.7822203833299,382.2627660841953,0.25906672298552547
2024-06-24,544.33,550.28,542.44,544.22,521.0725849214751,532.8950467465687,487.8292748303802,421.7193736247126,0.7362102096985019,17.526260980042593,16.79005077034409,0,,,67.3017344736979,64.76016067955864,,,,,,,73.65698751595811,,,75.86795246970209,72.87628399823136,,,,,60,100,-40,,,,,,,,,,,,389.1240813416142,69.91272576817899,389.1240813416142,0.19250211220825003
2024-07-01,545.63,555.05,542.52,554.64,531.7566859985126,537.2440373972549,490.4493032684045,423.04196692197917,1.1991565476309276,18.28899645488275,17.08983990725182,0,,,68.9771981249109,67.44113571031131,,,,,,,77.19594151653118,,,83.0503089138327,79.78939195581763,,,,,60,100,-40,,,,,,,,,,,,412.0106120067753,96.29223017396463,412.0106120067753,0.2005122646359692
2024-07-08,555.44,563.67,554.19,559.99,536.9512084271903,541.793229917804,493.17638941474155,424.40463391778036,1.6120802689001223,19.104940243376973,17.49285997447685,0,,,72.19420574990004,69.49104611616961,,,,,,,78.7814662430792,78.7814662430792,,89.50570964808296,86.04556652729661,89.50570964808296,,,,60,100,-40,,,,,,,,,,,,220.73595527827067,-48.48817531221073,220.73595527827067,0.17665805645770358
2024-07-15,562.03,565.16,547.91,548.99,537.242550682391,543.2325839342432,495.3651584573007,425.64428930168305,0.9249115789091391,18.648999448113273,17.724087869204133,0,,,69.4181999681403,70.19653461431709,,,70.19653461431709,,70.19653461431709,,68.21685383409636,,,87.34571476366821,88.49212704201337,,,,,60,100,-40,,,,,,70.19653461431709,,105,,,,211.51123613676697,-45.12668889180876,211.51123613676697,0.08869543268326895
2024-07-22,553,556.735,537.45,544.44,536.4030827765059,543.4740671473945,497.28966204721047,426.8263361743031,-0.006235332861244558,17.716293703127576,17.72252903598882,0,,,60.938316025910396,67.51690724798358,,,,,,,64.34999057782474,,,70.00924511556211,79.79591137132915,,,,,60,100,-40,,,,,,,,,,,,51.23646593008203,-180.558200002389,51.23646593008203,0.07522138484489012
2024-07-29,546.02,554.8688,528.6,532.9,535.3328625781841,541.3592537179156,498.68614588849636,427.88179551585233,-1.4875620661376097,15.863076453316808,17.350638519454417,0,,,47.29630482089125,59.217606938313985,,,,,,,55.67819909329333,,,42.32981057516085,57.770375623859955,,,,,60,100,-40,,,,,,,,,,,,232.8298357609762,-65.91125454740919,232.8298357609762,0.0853948385751938
2024-08-05,511.64,534.51,510.27,532.99,533.3414009654567,539.6854029743325,500.0313950693396,428.92764829678913,-2.490487372593755,14.237529303712222,16.728016676305977,0,,,26.75734814068696,44.99732299582954,,,,,,,55.72860510682412,,,19.471476089953537,31.513694141540967,,,,,60,100,-40,,,,,,,,,,,,274.1335019862533,-23.018299175152954,274.1335019862533,0.1136154985599374
2024-08-12,534.21,555.02,530.95,554.31,531.7820151822098,542.610322379466,502.15996781171845,430.1752338858758,-1.7804596037299305,14.502442171643565,16.282901775373496,0,,,28.940379225266465,34.331344062281566,,,,,,,65.73045065331516,,,15.4517724816553,16.305512132034604,,15.4517724816553,,,60,100,-40,,,,,,,,,,,,233.3819561705709,-53.37860841603426,233.3819561705709,0.12933201355022486
2024-08-19,554.73,563.18,553.86,562.13,532.498299812052,546.5142579035728,504.51173377988636,431.48821663328005,-0.8914872955320838,15.16854265595839,16.060029951490474,0,,,39.00316464387252,31.566964003275316,,,,,,,68.5534549215568,,,25.82318167293454,18.418413553877794,,,,,60,100,-40,,,,,,31.566964003275316,,,,,,105.49432777592166,-147.3097705222099,105.49432777592166,0.16657531456028796
2024-08-26,563.18,564.2,555.04,563.68,534.8334212540482,549.9474063228582,506.832057945381,432.8035577613071,-0.3350622864250763,15.641202093459128,15.976264379884205,0,,,45.034639739405954,37.659394536181644,,,,,,,69.10002805196953,69.10002805196953,,43.02345269316177,33.4682220023977,43.02345269316177,,,,60,100,-40,,,,,,,,,,,,69.94990454393587,-175.98072133635353,69.94990454393587,0.25602961378923195
2024-09-03,560.47,560.81,539.44,540.36,535.5853197359019,548.0299250582866,508.1468792024249,433.873771116916,-1.6026218247210338,13.972987098982912,15.575608923703946,0,,,37.14750866209347,40.395104348457316,,,,,,,53.84591240867293,,,39.669971451459936,41.28664401970925,,,,,60,100,-40,,,,,,40.395104348457316,,,,,,192.6862855359476,-90.34786291156202,192.6862855359476,0.2994116169603779
2024-09-09,544.65,563.03,539.96,562.01,534.1292254690518,550.8259400466293,510.2591584493886,435.14875846898644,-1.0734389341400803,14.233810256028846,15.307249190168926,0,,,38.53175327667393,40.23796722605778,,,,,,,62.231444838749916,,,35.570018243724554,40.44300468864639,,,,,60,100,-40,,,,,,,,,,,,92.19786998395712,-157.5573423821871,92.19786998395712,0.29850940877705845
2024-09-16,561.74,572.88,559.9,568.25,537.514280792691,554.3107520373035,512.5333090984323,436.4731489319816,-0.42681695434675504,14.773727997235483,15.200544951582238,0,,,47.868269884295984,41.182510607687796,,,,,,,64.25901453220027,,,28.293723423396937,31.334444382201806,,28.293723423396937,,,60,100,-40,,,,,,41.182510607687796,,,,,,55.43462089596488,-195.2741892217894,55.43462089596488,0.26240834997775014
2024-09-23,569.34,574.71,567.6,571.47,541.0754035932131,557.7426016298427,514.8445518788859,437.8164011814146,0.06776003616445792,15.28524499678781,15.217484960623352,0,,,54.794335190184555,47.06478611705149,,,,,,,65.30038082605711,,,36.4016989011747,32.18835801643605,,,,,60,100,-40,,,,,,,,,,,,26.26468982397128,-203.4061548178277,26.26468982397128,0.23724564824985697
2024-09-30,570.42,574.38,565.27,572.98,543.7407319079836,560.7900813038742,517.1243733738315,439.16131261244533,0.33182898594520793,15.632271193054862,15.300442207109654,0,,,57.31306048883096,53.32522185443717,,,,,,,65.80651256569013,,,41.22611467703988,37.0800679011463,,,,,60,100,-40,,,,,,,,,,,,1.489291674158295,-217.33230848731355,1.489291674158295,0.2391907715738414
2024-10-07,571.3,580.33,566.63,579.58,551.1278224859848,564.5480650430994,519.5736136336812,440.55851348197325,0.761652634229085,16.25250799989601,15.490855365666926,0,,,60.30689312040069,57.47142959980541,,,,,,,68.01556793959983,,,47.8876105069624,45.44060556319291,,,,,60,100,-40,,,,,,,,,,,,-50.59967044841599,-267.81734330780193,-50.59967044841599,0.27255720787218624
2024-10-14,581.22,586.12,578.545,584.59,556.2129780227001,568.5564520344795,522.1232758441251,441.9916626015556,1.1696300045495995,16.952892871353924,15.783262866804325,0,,,64.74245851630891,60.787470708513524,,,,,,,69.62909705210404,69.62909705210404,,61.488403792440195,54.67089612213644,,,,,60,100,-40,,,,,,,,,,,,-125.03609400324947,-315.48691725183795,-125.03609400324947,0.27595457292171016
2024-10-21,583.85,584.85,574.415,579.04,557.157765306793,570.6531616275836,524.3553042423947,443.3553276502964,0.8659473498858326,16.865697054161615,15.999749704275782,0,,,63.610294126660996,62.8865485877902,,,62.8865485877902,,62.8865485877902,,65.6542677073299,,,71.40972740689782,65.36499543181787,,,,,60,100,-40,,,,,,,,,,106,,-98.66589509356771,-286.30747775150377,-98.66589509356771,0.24606274171209014
2024-10-28,582.58,583.32,568.44,571.04,557.6264963563077,570.7305293020669,526.1860766250459,444.6258219025322,-0.02619742024978322,15.967002928963552,15.993200349213335,0,,,57.84230655430625,62.06501973242539,,,,,,,60.280672783863636,,,72.56108613314782,72.72063577775434,,,,,60,100,-40,,,,,,62.06501973242539,,105,,,,-32.54482325837358,-226.06975452395758,-32.54482325837358,0.1807127441978676
2024-11-04,571.18,599.64,567.89,598.19,571.0267466165715,576.2224234416535,529.0097598946519,446.15382367464633,1.0028394515031351,17.246749663592254,16.24391021208912,0,,,62.413292739431725,61.28863114013299,,,,,,,69.4681623831548,69.4681623831548,,73.06576307579627,73.9968805055279,,,,,60,100,-40,,,,,,61.28863114013299,,,,,,-120.2639463023057,-322.2388900650561,-120.2639463023057,0.2408711468009553
2024-11-11,599.81,600.17,583.86,585.75,568.4312647153878,578.1279387533228,531.2348673497636,447.5428403545006,0.6532649591934963,17.06049141108099,16.407226451887492,0,,,64.24362622091925,61.49974183821908,,,,,,,62.313490692866594,,,67.44864247200238,69.85836676965268,,67.44864247200238,,,60,100,-40,,,,,,,,,,,,78.87495302538625,-197.28636459868233,78.87495302538625,0.2281775408072175
2024-11-18,586.22,596.15,584.03,595.51,568.2268886642887,581.6043510026583,533.7554607870278,449.01515040072445,0.8731920583292698,17.49871652479908,16.62552446646981,0,,,64.8509073078794,63.83594208941012,,,,,,,65.34694187206105,,,73.2659415104394,70.92636171032387,,,,,60,100,-40,,,,,,,,,,,,-32.73867479741128,-286.8706619443765,-32.73867479741128,0.23594916505923655
2024-11-25,599.52,603.35,595.2,602.55,572.9956823311252,585.7934808021266,536.4532858542032,450.5428603469859,1.2629685530413113,18.20423515777145,16.94126660473014,0,,,68.19756755828448,65.76403369569438,,,,,,,67.39756602584622,,,70.96608606183621,70.64415290214485,,,,,60,100,-40,,,,,,,,,,,,-87.69527937970011,-329.25781431812624,-87.69527937970011,0.2543258790142467
2024-12-02,602.97,609.07,602.341,607.81,579.2024193074733,590.1967846417012,539.2515883697246,452.1077075077124,1.6222966280428253,18.96913738978367,17.346840761740843,0,,,71.18119330364382,68.07655605660257,,,,,,,68.88778675287081,68.88778675287081,,81.19248071443796,77.3196254902396,,,,,60,100,-40,,,,,,,,,,,,-78.11431949248188,-314.8473026239214,-78.11431949248188,0.3278086728122152
2024-12-09,607.69,608.435,602.13,604.21,580.2845322140823,592.999427713361,541.798977061108,453.6211631544018,1.374581608404064,19.065067772245925,17.69048616384186,0,,,70.18669900081909,69.85515328758247,,,69.85515328758247,,69.85515328758247,,66.6296664397619,,,81.70168676684979,79.93918217346585,81.70168676684979,,,,60,100,-40,,,,,,,,,,,,45.17919314251479,-227.60233851048113,45.17919314251479,0.3383073315424386
2024-12-16,606,607.7795,580.91,591.15,581.3499227702193,592.6295421706888,543.7343112940057,454.98960929216895,0.1525213188329353,17.88113781238303,17.728616493550096,0,,,60.455025384798006,67.2743058964203,,,,,,,59.02556687355347,,,64.5650885220813,74.41492608575815,,,,,60,100,-40,,,,,,67.2743058964203,,105,,,,182.41933984387578,-128.94736787221183,182.41933984387578,0.3536641311495909
2024-12-23,590.89,602.48,587.661,595.01,579.4014282866323,593.105633736551,545.7451226158094,456.3828470106548,-0.5367300451315415,17.05770393713567,17.594433982267212,0,,,53.734080417707155,61.458601601108086,,,,,,,60.470050582778946,,,41.289273875053965,55.18949751718651,,,,,60,100,-40,,,,,,,,,,,,159.25218714498925,-112.77511916817332,159.25218714498925,0.2908856429829929
2024-12-30,587.89,592.6,580.5,591.95,579.3136119804442,592.8745069892408,547.55707859166,457.73177390607117,-1.2962903185931225,15.974071084025809,17.27036140261893,0,,,41.04986520760174,51.74632367003564,,,,,,,58.69306973592123,,,16.707188853537307,28.879669724600106,,,,,60,100,-40,,,,,,,,,,,,105.75178948226394,-120.45237022850546,105.75178948226394,0.2828139880712696
2025-01-06,596.27,599.7,578.55,580.49,579.2762111246982,590.3976055913927,548.8485657057125,458.95324879257794,-2.593215317988573,14.028842255133213,16.622057573121786,0,,,28.516544042620723,41.10016322264321,,,,,,,52.44080881669647,,,8.343765024215648,12.152822065956785,,8.343765024215648,,,60,100,-40,,,,,,,,,,,,230.16055503094327,-7.642848368777209,230.16055503094327,0.20300788700484432
2025-01-13,575.77,599.36,575.35,597.58,578.2929103300769,591.8340844731141,550.7596023447041,460.33261945135825,-2.3310584013219504,13.708234571469347,16.039292972791298,0,,,24.1821074471846,31.249505565802355,,,,,,,59.42379587749079,,,10.451790034684779,7.493249008579645,,,,,60,100,-40,,,,,,,,,,,,186.49499957077177,-30.79869411990863,186.49499957077177,0.20761785654729045
2025-01-21,600.67,610.78,598.67,607.97,577.1312738779286,595.0612675784913,553.0031473507942,461.8016481135338,-1.5277072368260942,14.12965892675868,15.657366163584774,0,,,37.77295062630313,30.157200705369487,,,,,,,63.00166573967767,63.00166573967767,,25.534449402453884,17.253484462043048,,,,,60,100,-40,,,,,,30.157200705369487,,,,,,136.22318146699507,-71.56256791628888,136.22318146699507,0.2747409133225959
2025-01-27,594.81,609.96,594.64,601.82,577.4483257437909,596.4130140627931,554.9175337291944,463.19486554523996,-1.4793212037114856,13.808214658945417,15.287535862656902,0,,,41.717385167048526,34.55748108017875,,,,,,,59.63003604840602,,,39.646077127049786,31.62947491443855,,,,,60,100,-40,,,,,,,,,,,,116.00078483663232,-85.82391920423639,116.00078483663232,0.22114450049799775
2025-02-03,592.67,608.13,590.49,600.77,577.4398739049486,597.2844112502345,556.7156696613828,464.56377235573507,-1.5778274069222729,13.315251604004061,14.893079010926334,0,,,40.95018643987554,40.14684074440907,,,,,,,59.04558044956932,,,44.88274683377113,42.810896837517,,,,,60,100,-40,,,,,,,,,,,,132.18246032088103,-84.76502480346613,132.18246032088103,0.21403106365837674
2025-02-10,604.03,610.99,598.51,609.7,578.8305971974523,599.7675290001876,558.793486537407,466.00791392433473,-1.1227424874179217,13.489650901653931,14.612393389071853,0,,,47.03205823880996,43.23320994857801,,,,,,,62.437640860740544,62.437640860740544,,46.71446966412964,47.01155387448639,46.71446966412964,,,,60,100,-40,,,,,,,,,,,,64.51292208072083,-131.17138393010865,64.51292208072083,0.2426603616639461
2025-02-18,610.88,613.23,599.47,599.94,579.2526973976343,599.8020232001501,560.4070753006459,467.3405714972269,-1.534726860026442,12.6939848140388,14.228711674065242,0,,,47.475054979970146,45.15243321955188,,,45.15243321955188,,45.15243321955188,,56.86140827662999,,,43.013002485397436,44.84949681364825,,,,,60,100,-40,,,,,,,,,,106,,114.60148170240792,-94.59476867008891,114.60148170240792,0.1688910554456358
2025-02-24,602.02,603.03,582.44,594.18,579.4617904406605,598.6776185601201,561.7315037202285,468.60265536292616,-2.209807957195679,11.466451727570643,13.676259684766322,0,,,31.64116631765893,42.04942651214635,,,,,,,53.7900457567499,,,35.089467780695024,39.44320729307739,,,,,60,100,-40,,,,,,42.04942651214635,,,,,,344.6739395746974,48.05882563356363,344.6739395746974,0.1321179502459121
2025-03-03,596.18,597.34,565.63,575.92,578.6802339806133,594.126094848096,562.287915339043,469.6704896379219,-3.807088316044849,8.91739928971026,12.72448760575511,0,,,7.224958011856909,28.780393103161998,,,,,,,45.37313615127365,,,19.23061031257003,27.59336426264984,,,,,60,100,-40,,,,,,,,,,,,398.3695869247525,90.229948245643,398.3695869247525,0.0692282140228079
2025-03-10,567.59,569.54,549.68,562.81,576.3659315534267,587.8628758784769,562.3083892473159,470.597250935057,-5.561315137326956,5.772843684096415,11.33415882142337,0,,,-17.69234400402371,7.057926775164044,,,,,,,40.450086369900625,,,8.441576546680595,14.621684431041018,,,,,60,100,-40,,,,,,,,,,,,444.12057112025195,118.36995765552608,444.12057112025195,0.09760398907128032
2025-03-17,562.79,570.95,558.03,563.98,574.9983650138961,583.0863007027815,562.3739426101662,471.5264325177927,-6.397961890557177,3.3367064582268995,9.734668348784076,0,,,-29.668061254919515,-13.378482415695439,,,,,,,41.068287460731696,,,2.7965368189007775,4.680599665652989,,,,,60,100,-40,,,,,,,,,,,,485.18955818929714,163.2117835363395,485.18955818929714,0.11932368079798748
2025-03-24,570.8,576.41,555.07,555.66,575.631338941475,577.6010405622252,562.1106507431008,472.36358244298884,-7.206676208621292,0.7263230880074616,7.932999296628753,0,,,-37.42552622002374,-28.261977159655654,,,,,,,38.02711155753424,,,1.1373064205105015,1.3621388688724363,,,,,60,100,-40,,,,,,,,,,,,652.4278203366976,272.62782289336866,652.4278203366976,0.024459109841719343
2025-03-31,549.83,567.42,505.06,505.28,575.0162433027982,563.1368324497802,559.8819977727832,472.69110898584466,-10.623234343905292,-5.346043633252862,5.27719071065243,0,,,-53.971471648049366,-40.355019707664205,,,,,,,25.59418833075631,,25.59418833075631,0.9124739721485671,0.9124739721485674,,0.9124739721485671,,,60,100,-40,,,,,,,,,,,,1403.80458027548,778.5136732763925,1403.80458027548,-0.04900111740180768
2025-04-07,489.19,548.62,481.8,533.94,568.5850830668841,557.2974659598242,558.8646645267917,473.30055068747805,-10.42687619036885,-7.756404527308632,2.6704716630602174,0,,,-62.3173352760972,-51.238111048056766,,,,,,,38.072207334585165,,,7.93014696554909,4.421310468848828,,,,,60,100,-40,,,,,,,,,,,,1254.9310202253926,696.0566417715938,1254.9310202253926,0.010347135409095192
2025-04-14,544.05,544.28,520.29,526.41,561.9761485621066,551.1199727678594,557.5919325845646,473.82900291944344,-10.26210181327762,-10.157155603536808,0.10494620974081226,0,,,-62.91525457675061,-59.73468716696573,,,,,,,36.33769628359707,,,16.240060946958806,11.207894832078884,,,,,60,100,-40,,,,,,,,,,,,1112.2162892753213,604.9554341767587,1112.2162892753213,-0.033008637307747966
2025-04-21,521.16,551.05,508.46,550.64,561.9578522362418,551.0239782142875,557.3193077773268,474.5932914476082,-8.075522871815458,-9.989457380028512,-1.9139345082130528,0,,,-59.659356380245136,-61.630648744364315,,,,,,-61.630648744364315,45.06254829179779,,,31.28005437869742,23.81782982037073,,,,,60,100,-40,,,,,,-61.630648744364315,-107,,,,,931.813327588899,504.96353705371166,931.813327588899,0.008163148564829843
2025-04-28,551.39,568.38,541.52,566.76,559.2837199336532,554.17118257143,557.6895310017453,475.5103731247464,-5.235495582956907,-8.458303986909186,-3.2228084039522793,0,,,-46.46401674401694,-56.34620923367089,,,,,,,50.00120652537912,,,42.85937058225973,36.43331179084557,,,,,60,100,-40,,,,,,,,,,,,764.2109043909174,404.0610757712186,764.2109043909174,0.059396528640336656
2025-05-05,562.57,570.31,556.04,564.34,549.2877399383923,556.204946057144,557.9503337075593,476.3942500090773,-3.3060251864671093,-7.355339887036166,-4.049314700569057,0,,,-33.439059158970245,-46.520810761077435,,,,,,,49.28071333136815,,,55.2154310698709,49.61464261260995,,,,,60,100,-40,,,,,,,,,,,,667.9907399562052,335.14088017645156,667.9907399562052,0.08329639483297098
2025-05-12,581.47,594.5,577.04,594.2,545.1271870856499,563.8039568457152,559.3718892484393,477.56644652639994,0.01914905199607908,-4.025378385573958,-4.0445274375700375,0,,,-13.200715137612153,-31.034597013533112,,,,,,,57.47213880247866,,,66.06976084800046,60.56029264920166,,,,,60,100,-40,,,,,,,,,,,,552.9015145096224,245.11526559891493,552.9015145096224,0.13545550782728139
2025-05-19,588.1,595.54,575.6,579.11,544.3238165795321,566.8651654765722,560.145932807324,478.5768301430527,1.1761646579943417,-2.5743216150771104,-3.750486273071452,0,,,-1.2690462362548924,-15.969606844279099,,,,,,,52.8032992546337,,,73.98763763596608,70.09268096146582,,,,,60,100,-40,,,,,,,,,,,,503.28305732605475,221.45794458093036,503.28305732605475,0.06843467664562629
2025-05-27,586.07,593.2,578.43,589.39,545.0378296809942,571.3701323812578,561.2927589717427,479.67944874859444,2.5299411813173434,-0.5880597964247727,-3.118000977742116,0,,,8.57268042649566,-1.9656936491237946,,,,,,,55.4728748695414,,,83.53065099688752,79.13078133776015,,,,,60,100,-40,,,,,,,,,,,,439.04977417586286,174.82922738439757,439.04977417586286,0.11742612545934372
2025-06-02,587.76,600.83,585.06,599.14,551.3794132752088,576.9241059050063,562.7769645022627,480.86811095010097,3.896486823834689,1.752607552051245,-2.143879271783444,0,,,18.330127497177816,8.544587229139529,,,,,,,57.918529360335626,,,89.65604755741049,86.28130252032555,,,,,60,100,-40,,,,,,,,,,,,323.76799705297867,95.76936785996165,323.76799705297867,0.12352100220592829
2025-06-09,599.72,605.06,595.48,597,552.5380266126938,580.939284724005,564.1190443257034,482.0236521346771,4.431726417751972,3.395778750406521,-1.0359476673454509,0,,,26.11176643757675,17.67152478708341,,,,,,,57.171867295410074,,,95.07773116045949,92.77919389285732,,,,,60,100,-40,,,,,,,,,,,,324.9010884978917,95.62948279451408,324.9010884978917,0.07347139082235496
2025-06-16,600.4,604.45,592.86,594.28,554.49816756893,583.607427779204,565.301826901166,483.1406307204017,4.370746295560181,4.427485202104776,0.05673890654459468,0,,,30.12576505487942,24.855886329878,,,,,,,56.174707820438826,,,96.8382599143119,96.02089521279522,,,,,60,100,-40,,,,,,,,,,,,275.8281633164568,58.24230410460242,275.8281633164568,0.03923747173438465
2025-06-23,595.04,616.39,591.89,614.91,571.8011555997207,589.8679422233632,567.2472454540615,484.45176872318376,5.419444520000468,6.83104455654518,1.4116000365447117,0,,,36.533928564642025,30.923820019032732,,,,,,,61.668038211473686,,,97.60906525120076,97.56250588657294,,,,,60,100,-40,,,,,,,,,,,,192.0412245316465,-11.4381148235071,192.0412245316465,0.08004351565943815
2025-06-30,617.38,626.28,615.04,625.34,581.8103587711693,596.9623537786906,569.5253926911571,485.8536416712118,6.4454009590087935,9.468351235305704,3.02295027629691,0,,,44.88063902108227,37.180110880201234,,,,,,,64.13057380153501,,,98.12386350729588,97.88974406156224,,,,,60,100,-40,,,,,,,,,,,,111.67009279861983,-72.08573031014218,111.67009279861983,0.09240271963415533
2025-07-07,623.36,626.8701,617.87,623.62,583.2953331446572,602.2938830229525,571.6467498405235,487.22445120682164,6.613245967703733,11.289507735926577,4.676261768222844,0,,,49.13173165135238,43.51543307902556,,,,,,,63.40289983858085,,,98.81023489829468,98.40851934136187,,,,,60,100,-40,,,,,,,,,,,,66.82098501705258,-93.52468843557088,66.82098501705258,0.12385096454340515
2025-07-14,623.16,629.47,618.05,627.58,587.252795062896,607.3511064183621,573.8402106310912,488.6210238316294,6.581856048754434,12.903581829165887,6.321725780411453,0,,,51.480735551016096,48.497702074483584,,,,,,,64.4101260183307,,,99.06962253819452,98.92729462116152,,,,,60,100,-40,,,,,,,,,,,,1.0353513775884693,-131.065654174558,1.0353513775884693,0.14860791023632233
2025-07-21,628.77,637.5799,626.19,637.1,598.021881129832,613.3008851346897,576.3209866847739,490.09842657957336,6.767059877918964,14.780550627810157,8.013490749891194,0,,,54.70811047357274,51.773525891980405,,,,,,,66.79050686250847,66.79050686250847,,99.21195045522751,99.21195045522752,99.21195045522751,,,,60,100,-40,,,,,,,,,,,,-16.425621600154905,-141.7809897791838,-16.425621600154905,0.2101424008615645
2025-07-28,637.48,639.85,619.29,621.72,599.1860467634153,614.9847081077518,578.101340148116,491.4080939767915,5.47382845416648,14.855776317599293,9.381947863432814,0,,,53.10220551036849,53.097017178319106,,,,,,,59.79143480081031,,,91.45709512304559,95.33452278913656,,,,,60,100,-40,,,,,,,,,,,,98.37903687260055,-57.8208098193322,98.37903687260055,0.1467171267787816
2025-08-04,625.67,637.645,625.58,637.18,599.0370434231713,619.4237664862014,580.418150338386,492.8585607033906,5.2773965739806385,15.978693580908612,10.701297006927973,0,,,53.50858651836965,53.7729675007703,,,,,,,63.90984612877257,,,86.31891428641768,89.85736162125437,,,,,60,100,-40,,,,,,53.7729675007703,,105,,,,93.21921198667314,-64.58066257945362,93.21921198667314,0.19244585490317775
2025-08-11,637.46,646.19,634.66,643.44,605.7465403215164,624.2270131889611,582.8895954231551,494.35688348246134,5.179563921489763,17.175751908790176,11.996187987300413,0,,,55.65527591508597,54.08868931460804,,,,,,,65.46165974179769,,,81.95760463940987,83.56883592183884,,81.95760463940987,,,60,100,-40,,,,,,54.08868931460804,,,,,,61.724809807278014,-95.56599665591659,61.724809807278014,0.24603963839701581
2025-08-18,642.86,646.5,632.95,645.31,608.6617874414079,628.4436105511688,585.3374544261686,495.85890454233737,4.856695085983338,18.067056844779586,13.210361758796248,0,,,55.78486166398718,54.982908032480935,,,,,,,65.93566172644343,,,88.1437474156241,84.85358378495252,,,,,60,100,-40,,,,,,,,,,,,-62.22515561222707,-203.64490635484086,-62.22515561222707,0.3701949613718205
2025-08-25,644.04,649.48,641.57,645.05,609.3438026241645,631.764888440935,587.6791228800444,497.3433930543539,4.262702234069813,18.538739551383514,14.276037317313701,0,,,56.172839524078,55.87099236771706,,,,,,,65.79964381974533,,,91.435680408992,88.66291130531515,,,,,60,100,-40,,,,,,,,,,,,-77.27512731909488,-216.61855974486983,-77.27512731909488,0.32247304057673337
2025-09-02,637.5,652.21,634.92,647.24,612.7128167224386,634.859910752748,590.0148435514152,498.83490158117627,3.676549903747121,18.871724696997603,15.195174793250482,0,,,54.91574826311177,55.624483150392315,,,,,,,66.43153182921411,,,95.21136193788159,94.01627110868192,,,,,60,100,-40,,,,,,55.624483150392315,,105,,,,-133.22510417016855,-269.05154888216623,-133.22510417016855,0.3623350304912215
2025-09-08,648.62,659.11,647.22,657.41,622.8790440994071,639.3699286021983,592.6577908631244,500.41276325698544,3.6269242905324575,19.728830156416052,16.101905865883595,0,,,57.22627865135828,56.104955479516015,,,,,,,69.28635846982046,,,96.9286487938329,96.11804996685397,,,,,60,100,-40,,,,,,56.104955479516015,,,,,,-168.09326704831972,-282.86035817631785,-168.09326704831972,0.3472452495355503
2025-09-15,659.64,664.89,654.3,663.7,629.9369695208782,644.2359428817587,595.4437598488843,502.03751188129405,3.6603056562764564,20.677287936229163,17.016982279952707,0,,,59.890694711067816,57.344240541845956,,,,,,,70.94214219759803,,,98.86688983785706,97.9698700159018,98.86688983785706,,,,60,100,-40,,,,,,,,,,,,-229.34903667589793,-335.0675657806237,-229.34903667589793,0.3489527601339679
2025-09-22,662.2,667.34,654.405,661.82,630.835757412244,647.7527543054069,598.046749658732,503.6273873849628,3.2142313915823095,21.034771519430592,17.820540127848282,0,,,60.14067060539036,59.085881322605495,,,,,,,69.72503081496052,,,97.35408202034492,98.05283033032849,,,,,60,100,-40,,,,,,,,,,,,-198.5583027348256,-290.509826547783,-198.5583027348256,0.3444503863325281
2025-09-29,664.36,672.675,661.61,669.21,636.8453461685123,652.0442034443256,600.8374653583895,505.27497557018705,3.0752914364628907,21.664654423426896,18.589362986964005,0,,,61.63453031701895,60.55529854449238,,,60.55529854449238,,60.55529854449238,,71.78630024002481,71.78630024002481,,97.1734297019365,97.69152569351165,,,,,60,100,-40,,,,,,,,,,,,-275.1840658739482,-352.2353126300043,-275.1840658739482,0.3134195786842419
2025-10-06,671.62,673.95,652.84,653.02,637.5763928707614,652.2393627554604,602.8838392659037,506.74507531575733,1.6243110543674675,20.61975180492334,18.995440750555872,0,,,57.43974731674068,59.73831607971667,,,,,,,61.800011397042404,,,79.28997394583459,87.97265382809796,,,,,60,100,-40,,,,,,59.73831607971667,,105,,,,-187.8778720786849,-274.55616487909435,-187.8778720786849,0.28752548736021827
2025-10-13,660.65,670.23,653.17,664.39,636.8202219514213,654.6694902043683,605.2958455692016,508.31368153152096,1.182144621708904,20.473121527692,19.290976905983097,0,,,54.85469377636008,57.97632380337324,,,,,,,65.45604618082109,,,66.44218558898149,75.03674973797388,,,,,60,100,-40,,,,,,,,,,,,-112.80916806437855,-208.27322581016813,-112.80916806437855,0.2809424714863111
2025-10-20,667.32,678.47,663.3,677.25,644.7152060977484,659.1855921634947,608.1175771155074,509.99463992424216,1.4878562960011017,21.150797275984473,19.66294097998337,0,,,57.48879168957049,56.594410927557085,,,,,,,69.08184173221963,,,55.869393440167535,60.048425595973846,,55.869393440167535,,,60,100,-40,,,,,,56.594410927557085,,,,,,-164.11659205267335,-251.31445748104665,-164.11659205267335,0.2831858261678757
2025-10-27,682.73,689.7,679.24,682.06,649.6819770907663,663.7604737307958,611.0172799737228,511.70673305932434,1.729174248599115,21.824408790732264,20.09523454213315,0,,,62.49342607399367,58.27897051330808,,,,,,,70.34315350874122,70.34315350874122,,68.29628774874593,61.53263955546054,68.29628774874593,,,,60,100,-40,,,,,,,,,,,,-56.09539349764184,-167.43910157540176,-56.09539349764184,0.2911468073006968
2025-11-03,685.67,685.8,661.205,670.97,650.216121584283,665.2023789846367,613.3683670335768,513.2914421831122,0.8988391855293614,21.218783524044852,20.31994433851549,0,,,58.57353150229876,59.51858308862097,,,59.51858308862097,,59.51858308862097,,63.83828364137509,,,64.90575401480166,64.14045131399895,,,,,60,100,-40,,,,,,59.51858308862097,,105,,106,,169.55831441102026,-36.99562856169237,169.55831441102026,0.3122946428634812
2025-11-10,677.235,684.96,663.265,671.93,648.9771128996913,666.5479031877093,615.664901659711,514.869935295718,0.20729452236036394,20.579062491465947,20.371767969105584,0,,,55.125659325314864,58.730872300535765,,,,,,,64.14918144074764,,,55.06731042844107,62.716403378629444,,,,,60,100,-40,,,,,,,,,,,,326.0022572453802,49.73084935861536,326.0022572453802,0.2536858182000858
2025-11-17,669.7,675.56,650.85,659.03,648.2408905497133,665.0443225501674,617.365493751487,516.3043638002383,-1.2459923796617716,18.81427749452837,20.06026987419014,0,,,42.82664144927143,52.17527742562836,,,,,,,57.0136249221084,,,30.02377845500242,43.28420777596546,,,,,60,100,-40,,,,,,,,,,,,480.3654832007657,128.8706949297762,480.3654832007657,0.1854839139275487
2025-11-24,662.69,683.665,661.59,683.39,648.4565412247339,668.7134580401339,619.9546900749581,517.966907444017,-0.7198548362329582,19.160451328898944,19.880306165131902,0,,,44.69865718575012,47.550319320112145,,,,,,,64.98211929316696,,,29.223325605321172,30.657054455733597,,29.223325605321172,,,60,100,-40,,,,,,,,,,,,301.2081226188082,-3.6512496029103403,301.2081226188082,0.21146629378820347
2025-12-01,678.81,688.39,678.74,685.69,649.7325025658243,672.1087664321071,622.5325453661362,519.6357939371113,-0.38681036668143776,19.396793206780103,19.78360357346154,0,,,50.36729250751249,45.96419704751134,,,,,,,65.63373337312689,65.63373337312689,,33.61307716786247,27.944775056168268,,,,,60,100,-40,,,,,,45.96419704751134,,,,,,190.07937305175219,-71.16920422056303,190.07937305175219,0.19985746608601507
2025-12-08,686.59,689.25,679.1744,681.76,650.9223238111226,674.0390131456857,624.8551906458956,521.2489701168415,-0.5889540629401679,19.047410994786333,19.6363650577265,0,,,52.14940807988833,49.07178592438364,,,,,,,63.448252126289354,,,47.57160353494781,40.55354577609026,,,,,60,100,-40,,,,,,,,,,,,89.1558506787063,-144.59298527136977,89.1558506787063,0.13260003004448526
2025-12-15,685.74,685.76,671.195,680.59,651.9663578246139,675.3492105165485,627.0408694440958,522.8344530012511,-0.938467529047017,18.46328064641773,19.401748175464746,0,,,49.04279004740894,50.51983021160325,,,,,,,62.774103102800716,,,48.61173464659932,47.773627466640164,,,,,60,100,-40,,,,,,50.51983021160325,,,,,,103.8547869189415,-158.30335158566612,103.8547869189415,0.19556827274145372
2025-12-22,683.94,691.66,680.5868,690.31,656.9144751228556,678.3413684132388,629.5220118188372,524.5008763544724,-0.664914122125559,18.570605522807796,19.235519644933355,0,,,52.538996577691236,51.2437315683295,,,,,,,66.02319021450026,66.02319021450026,,50.94955767254301,51.48465461636246,,,,,60,100,-40,,,,,,51.2437315683295,,,,,,162.24482566095213,-125.88456038827229,162.24482566095213,0.17824215298973842
2025-12-29,687.54,689.2,679.82,683.17,657.7179840426517,679.3070947305911,631.6258544926083,526.0796736046767,-1.089624929800646,17.873488482682546,18.963113412483192,0,,,50.86139732295382,50.81439464935133,,,,,,,61.73529867083412,,,47.61126400096575,48.77170763930338,,47.61126400096575,,,60,100,-40,,,,,,,,,,,,156.38213008623353,-116.63282213585916,156.38213008623353,0.14670908401138988
2026-01-05,686.54,695.31,686.375,694.07,662.307413753891,682.2596757844728,634.074644512506,527.7512191409486,-0.7759760463252263,17.99314335457666,18.769119400901886,0,,,55.0327536134615,52.81104917136884,,,,,,,65.44661735864688,,,52.365080165616504,50.39886035564617,,,,,60,100,-40,,,,,,,,,,,,58.85810643419106,-179.06321811115748,58.85810643419106,0.1435527213791473
2026-01-12,690.68,696.09,686.04,691.66,662.8418842000416,684.1397406275782,636.3328937473096,529.3821522838248,-0.8636241046326063,17.689589270111128,18.553213374743734,0,,,55.79709275648132,53.89708123096554,,,53.89708123096554,,53.89708123096554,,63.960696243566545,,,50.68276710997894,50.53691363954321,,,,,60,100,-40,,,,,,,,,,106,,2.702087082519995,-213.77899663640162,2.702087082519995,0.15226718804211203
2026-01-20,681.49,691.125,676.57,689.23,663.6367496143243,685.1577925020626,638.4072900709446,530.9726781317469,-1.1975106348364974,17.05632508119811,18.253835716034608,0,,,49.80526404596845,53.545036805303745,,,,,,,62.41282884218645,,,53.165759019111,52.87285964855588,53.165759019111,,,,60,100,-40,,,,,,53.545036805303745,,105,,,,-23.24374693248366,-225.8191790661468,-23.24374693248366,0.17065009116974775
2026-01-26,690.49,697.84,684.83,691.97,663.6548389275869,686.5202340016501,640.507788499535,532.5746415334211,-1.3355650942529955,16.584379348218363,17.91994444247136,0,,,50.99310495123051,52.19848725122676,,,,,,,63.492059565136934,,,49.74346596374911,50.943552724394756,,,,,60,100,-40,,,,,,,,,,,,71.89147978251341,-181.12478287230198,71.89147978251341,0.14221609044497802
2026-02-02,689.58,696.96,675.79,690.62,663.9687790041878,687.3401872013201,642.472973264259,534.1472321649293,-1.6016089847181618,15.917933211573654,17.519542196291816,0,,,46.440155457574896,49.079508151591284,,,,,,,62.533687797421464,,,51.26895939833737,51.134989097361085,,,,,60,100,-40,,,,,,,,,,,,33.365756185692774,-261.8293678046107,33.365756185692774,0.12479727436209129
2026-02-09,689.42,697.14,677.52,681.75,663.0945805038887,686.222149761056,644.0132488225235,535.6159164219947,-2.410186151702881,14.506809506663217,16.916995658366098,0,,,38.74170415607328,45.39165485495956,,,,,,,56.46687861384385,,,41.60988497834214,45.79151971477535,,,,,60,100,-40,,,,,,,,,,,,97.29925506102134,-210.58766456740872,97.29925506102134,0.08540298834563606
2026-02-17,680.14,690.06,675.78,689.43,662.5042533250395,686.8637198088448,645.7942978883068,537.1464048158057,-2.454750076637634,13.848558062569055,16.30330813920669,0,,,31.48130238416828,38.887720665938815,,,,,,,60.097999216980426,,,37.0316012872296,40.72359562892045,,,,,60,100,-40,,,,,,,,,,,,125.97211777719927,-188.66263464606166,125.97211777719927,0.10548071436595627
2026-02-23,687.83,693.68,680,685.99,662.7189495161082,686.6889758470759,647.3705999319026,538.6274356136583,-2.7221667379509054,12.900599716768056,15.622766454718962,0,,,28.90178400593055,33.04159684872403,,,,,,,57.76019133829754,,,23.072288205478706,29.22810839960128,,,,,60,100,-40,,,,,,,,,,,,133.06809636316302,-167.99670107405046,133.06809636316302,0.15265932245782082
2026-03-02,678.7,688.62,669.66,672.38,663.0040245506718,683.8271806776607,648.3513607188868,539.9583069010846,-3.7580660261723704,10.925183922003498,14.683249948175868,0,,,6.925194309476474,22.43609356652509,,,,,,,49.50609938968459,,,19.653657833719905,22.390847656083675,,,,,60,100,-40,,,,,,,,,,,,187.05571520622428,-115.63366451513218,187.05571520622428,0.08936807757124605
2026-03-09,666.39,683.36,661.36,662.29,662.514451368481,679.5197445421286,648.8979740240285,541.1755376781882,-4.98812821523595,8.44808967913093,13.43621789436688,0,,,-15.603543981536504,6.741144777956831,,,,,,,44.40917141280787,,,8.514401026466844,12.715434518911492,,,,,60,100,-40,,,,,,,,,,,,269.4092215323653,-30.972998239653613,269.4092215323653,-0.0015840413465194475
2026-03-16,668.38,674.44,644.72,648.57,661.6255619850181,673.3297956337029,648.885112297596,542.2441392933306,-6.495695222915746,5.316598865722199,11.812294088637945,0,,,-37.13166112702395,-15.27000359969467,,,,,,,38.560964534728356,,,3.5383059242297197,7.076611848459446,,,,,60,100,-40,,,,,,,,,,,,400.4257267082989,57.3857287130107,400.4257267082989,-0.028739204763976667
2026-03-23,658.07,662.615,633.105,634.09,659.6973075575168,665.4818365069624,648.3049118153374,543.158028454591,-8.131864142207908,1.6474639108780593,9.779328053085967,0,,,-53.5683208182529,-35.43450864227113,,,,,,,33.514781429422726,,,0.7188945890036956,1.4377891780073984,,0.7188945890036956,,,60,100,-40,,,,,,,,,,,,576.7119582158809,179.67923258337242,576.7119582158809,-0.0782166134230096
2026-03-30,640.11,658.52,629.28,655.83,655.8367855891227,663.5514692055699,648.6000133127751,544.2791425993214,-7.432857623112561,0.48825602419526604,7.921113647307827,0,,,-58.78785559788625,-49.829279181054375,,,,,,,45.18253280444676,,,8.088823545078366,4.044411772539182,,,,,60,100,-40,,,,,,,,,,,,529.1279658129936,152.46482665912293,529.1279658129936,-0.026336377968774916
2026-04-06,655.86,682.03,651.06,679.46,654.2405866184711,666.733175364456,649.8102088691369,545.6242257575371,-5.169295085235438,1.4594947907635287,6.628789875998967,0,,,-45.64184313322708,-52.66600651645542,,,,,,-52.66600651645542,54.570405898439006,,,24.607633128892953,15.337125393850862,,,,,60,100,-40,,,,,,-52.66600651645542,,,,,,459.28651748335835,98.38031272110058,459.28651748335835,0.03007238340505292
2026-04-13,677.41,712.39,676.58,710.14,670.681259002866,675.4145402915648,652.1760830311315,547.2611986355716,-1.5820624348135013,4.65121183248209,6.233274267295592,0,,,-19.699132834773224,-41.376277188628855,,,,,,,63.38923273949079,,,51.63406421099792,37.319876150887104,,,,,60,100,-40,,,,,,,,,,,,199.4162415772933,-107.6888350463723,199.4162415772933,0.027950525494499712
2026-04-20,708.78,714.47,702.2803,713.94,672.184026216947,683.1196322332519,654.5981974220675,548.9196941715361,0.9349593721325222,7.401973482461244,6.467014110328722,0,,,0.7461516513593835,-21.53160810554698,,,,,,,64.31863508744271,,,74.73663238039029,62.324914473956085,,,,,60,100,-40,,,,,,,,,,,,124.97692492687634,-167.1999559470319,124.97692492687634,0.03884966582666442
2026-04-27,713.17,724.87,708.37,720.65,680.1352100585937,690.6257057866015,657.1884641898296,550.6284534335109,2.8328257536932915,10.008046302445337,7.175220548752045,0,,,15.993261908718196,-0.9865730915652217,,,,,,,65.9711421966986,,,91.34061914221576,83.94446021059119,,,,,60,100,-40,,,,,,,,,,,,35.89021130380786,-227.70905486575333,35.89021130380786,0.07977629002850402
2026-05-04,720.07,738.08,714.99,737.62,697.6419807686941,700.0245646292813,660.3426420647382,552.4890658371576,4.891440865714383,13.289521630895024,8.39808076518064,0,,,28.74865490473662,15.162689488271397,,,,,,,69.80282556297374,,,97.64752139344415,95.29504278688829,,,,,60,100,-40,,,,,,,,,,,,-0.6352816605208744,-261.7619539810709,-0.6352816605208744,0.09336093705282053
2026-05-11,736.45,749.53,731.83,739.17,698.7489821423587,707.853651703425,663.433911003376,554.3465875701212,5.947677202657209,15.832677268502152,9.885000065844944,0,,,38.5520099331391,27.764642248864632,,,,,,,70.13556820449199,,,99.78946301230673,99.57892602461345,,,,,60,100,-40,,,,,,,,,,,,76.75295136866474,-191.44159871178528,76.75295136866474,0.06508080101993656
2026-05-18,739.83,748.94,731.53,745.64,705.5776262750475,715.41092136274,666.657679199322,556.2500046092244,6.620699235101135,18.160874109721362,11.540174874620227,0,,,44.2153013746595,37.17198873751173,,,,,,,71.55303464312072,,,100,100,,,,,60,100,-40,,,,,,,,,,,,8.252414756180215,-239.36130803691523,8.252414756180215,0.09584140373815352
2026-05-26,750.01,758.08,748.22,756.48,716.7920815411155,723.6247370901921,670.1801231522899,558.2423428718192,7.282042316619657,20.6427277703948,13.360685453775142,0,,,49.83692510679437,44.20141213819765,,,,,,,73.80931227962112,73.80931227962112,,100,100,,,,,60,100,-40,,,,,,,,,,,,-56.88438792676166,-273.11379748474883,-56.88438792676166,0.07877841268522993
2026-06-01,755.36,760.4,735.525,737.55,717.8497900024644,726.4097896721537,672.822079107102,560.0264986641395,5.98494746150914,20.84186978066157,14.856922319152428,0,,,49.67298705975184,47.908404513735235,,,,,,,64.17914251236928,,,95.06293222693796,97.53146611346898,,,,,60,100,-40,,,,,,,,,,,,13.458228059922277,-229.82037976024907,13.458228059922277,0.04125962737512833
2026-06-08,743.36,746.9,722.59,741.75,717.0555192880026,729.4778317377229,675.5251348283921,561.8346927072823,4.990799162827173,21.095421272686394,16.10462210985922,0,,,46.21896323013795,48.576291798894715,,,48.576291798894715,,48.576291798894715,,65.26834602368592,,,89.47246069807193,92.8848299341377,,,,,60,100,-40,,,,,,48.576291798894715,,,,106,,-64.44326795097268,-314.3984925311128,-64.44326795097268,0.02940037584181228
2026-06-15,751.85,756.68,739.22,746.74,716.3986964817168,732.9302653901783,678.3178746390433,563.67454651119,4.277687706822565,21.451731743387427,17.17404403656486,0,,,46.73469293757993,47.54221440915657,,,,,,,66.57644051023009,66.57644051023009,,83.48852329178405,86.40788409649531,,,,,60,100,-40,,,,,,,,,,,,-40.90812832352306,-297.23513025272865,-40.90812832352306,0.018517218157614163
2026-06-22,747.7,750.18,716.58,728.99,716.767361018737,732.1422123121426,680.3050168100613,565.3194763966508,2.317143789319644,20.070473773214417,17.753329983894773,0,,,39.590288671323876,44.18131494634725,,,,,,,58.13848420371971,,,78.2748810739497,80.7947540242446,,,,,60,100,-40,,,,,,,,,,,,-111.65210499197343,-409.55601566132344,-111.65210499197343,-0.022113541742897546
2026-06-29,736.525,751.31,732.09,744.78,714.8039780888272,734.6697698497142,682.8334475233922,567.1051532484254,1.8126715285714567,20.019169394609094,18.206497866037637,0,,,39.34177854863191,41.8889200525119,,,,,,,62.69496954950865,,,72.81601870558957,75.4890520054767,,,,,60,100,-40,,,,,,,,,,,,-231.35172226616007,-497.81855826835556,-231.35172226616007,0.025686861613491624
2026-07-06,748.74,755.42,739.51,754.95,714.5922653681966,738.7258158797713,685.661547620514,568.9742562011774,1.884495327256218,20.56211702510791,18.67762169785169,0,,,42.138727690045584,40.35693163666712,,,,,,,65.32821959528746,65.32821959528746,,65.61495781380209,69.28197728924036,,,,,60,100,-40,,,,,,40.35693163666712,,,,,,-178.37868185413095,-433.6697294922909,-178.37868185413095,0.013979304159237503
2026-07-13,752.47,755.58,740.8,743.29,715.3113892704683,739.638652703817,687.9214869295135,570.708741214101,0.916330461888812,19.823034775212705,18.906704313323893,0,,,41.41514406006887,40.96521676624878,,,,,,,60.06238761490633,,,52.06113244892937,59.05329716048126,,,,,60,100,-40,,,,,,,,,,,,-75.03710333519805,-371.1843241300562,-75.03710333519805,-0.0028408273244001294
2026-07-20,747.06,750.02,735.21,738.93,716.1405757511492,739.4969221630536,689.921820775415,572.382584585105,-0.18914590472724768,18.670271932414835,18.859417837142082,0,,,36.76251461449882,40.105462121537755,,,,,,,58.163214214825125,,,33.767809628323,43.63813133309682,,,,,60,100,-40,,,,,,40.105462121537755,,,,,,32.242369998474345,-299.1508106518642,32.242369998474345,0.035947003978381
2026-07-27,744.91,748.895,729.1,747.03,716.9062489117814,741.0035377304429,692.1613572155948,574.1203698131138,-0.5271363693636495,18.20049737543752,18.72763374480117,0,,,33.01975511315074,37.06580459590614,,,,,,,60.66636356011402,,,17.981975148068482,26.232601489265903,,17.981975148068482,,,60,100,-40,,,,,,,,,,,,80.01648454420632,-252.0324814424344,80.01648454420632,0.14937602566886007
2026-08-03,749.44,776.85,748.8,773.26,733.6850882752256,747.4548301843543,695.3416961483165,576.1018586706948,0.7918521747756451,19.717448963270726,18.92559678849508,0,,,46.659498950415944,38.8139228926885,,,,,,,67.49006386643782,,,22.879076861448556,19.846747613329338,,,,,60,100,-40,,,,,,38.8139228926885,,,,,,37.286214627077925,-268.93566663471904,37.286214627077925,0.2611458917992322
2026-08-10,772.6,779.37,769.2,776.34,735.331867684138,753.2318641474834,698.5181002209315,578.0942779874043,1.601075792928377,20.92694152965555,19.325865736727174,0,,,56.91773356899943,45.53232921085537,,,,,,,68.1920144554589,68.1920144554589,,37.84007470765935,27.830726082939382,,,,,60,100,-40,,,,,,,,,,,,15.052357422154685,-269.1291817920428,15.052357422154685,0.3857687197740619
2026-08-17,776.18,776.775,762.04,765.72,736.8081628495568,755.7294913179867,701.1534688397185,579.9612005944948,1.170416622119724,20.788886514376827,19.618469892257103,0,,,58.1846165341584,53.920616351191256,,,,,,,63.10253745334875,,,47.89210304374956,42.38625888236155,47.89210304374956,,,,60,100,-40,,,,,,,,,,,,11.406474254490178,-251.1056941934896,11.406474254490178,0.31363298956613517
2026-08-24,764.78,775.3,762.08,769.35,737.5268655031599,758.4535930543893,703.8278426107099,581.8456662602213,0.8919328982447539,20.733386015063047,19.841453116818293,0,,,57.9918532718957,57.69806779168451,,,57.69806779168451,,57.69806779168451,,64.09483246518496,,,47.65597850730025,49.13983188802934,,,,,60,100,-40,,,,,,,,,,,,56.60529711731016,-212.72284070376423,56.60529711731016,0.27416059977680407
2026-08-31,767.33,774.03,759.48,770.19,738.4106608243627,760.8008744435115,706.430280155388,583.7197392327564,0.5433441958116809,20.520633361582895,19.977289165771214,0,,,55.98074559913152,57.3857384683952,,,,,,,64.33527866080823,64.33527866080823,,46.61818895380884,48.2016125598316,,,,,60,100,-40,,,,,,57.3857384683952,,105,,,,89.04069764143557,-179.50050603035254,89.04069764143557,0.24442301057971635
2026-09-08,769.07,769.7,756.64,764.29,739.0413279083368,761.4986995548091,708.6992887767453,585.5164582453658,-0.26228079868602805,19.649438167413678,19.911718966099706,0,,,50.478176999480546,54.81692529016925,,,,,,,61.21595517794071,,,44.93240198319613,45.267923610187374,,,,,60,100,-40,,,,,,,,,,,,191.9423889793564,-101.40950493392481,191.9423889793564,0.20646965367156034
2026-09-14,759,763.57,749.6,761.69,739.7698044863128,761.5369596438474,710.7773558835396,587.2694288100886,-1.100939011749169,18.535545201413242,19.63648421316241,0,,,40.79605402328068,49.084992207297574,,,,,,,59.83104608422435,,,39.88474801116023,42.35028543157785,,,,,60,100,-40,,,,,,,,,,,,266.1346818922008,-37.516867673211216,266.1346818922008,0.22228774485715594
2026-09-21,766.251,775.14,763.245,771.35,740.2833898801476,763.4995677150779,713.1527536920282,589.101076284615,-1.1314241357942976,18.222204043419538,19.353628179213835,0,,,44.017343387463264,45.097191470074826,,,,,,,63.18351559498255,,,36.04549293185542,38.52676920266458,,,,,60,100,-40,,,,,,,,,,,,319.5647397299825,12.031653721918119,319.5647397299825,0.1942682113983181
2026-09-28,768.35,769.54,762.18,762.63,740.9374334601371,763.3256541720623,715.0930378609683,590.8277322419821,-1.8241538604804148,17.07343585361332,18.897589714093733,0,,,40.43344475627314,41.748947389005686,,,,,,,58.4158429582805,,,27.92786471187108,31.709789168882754,,,,,60,100,-40,,,,,,,,,,,,397.82569614271296,63.480443954296604,397.82569614271296,0.1811041936281671