time,open,high,low,close,Plot,fast EMA,slow EMA,third EMA,Histogram,MACD,Signal,Plot,MFI Bar TOP Line,MFI Bar BOTTOM Line,WT Wave 1,WT Wave 2,VWAP,rsiMFI,WT Bearish Divergence,WT Bullish Divergence,WT 2nd Bearish Divergence,WT 2nd Bullish Divergence,RSI,RSI Bearish Divergence,RSI Bullish Divergence,Stoch K,Stoch D,Stoch Bearish Divergence,Stoch Bullish Divergence,Schaff Trend Cycle 1,Schaff Trend Cycle 2,Over Bought Level 2,Over Bought Level 3,Over Sold Level 2,Sommi bearish flag,Sommi bullish flag,Sommi higher VWAP,Sommi bearish diamond,Sommi bullish diamond,Buy and sell circle,Buy circle,Sell circle,Divergence buy circle,Divergence sell circle,Gold  buy gold circle,Test signals,Dataset 1,Dataset 2,CMF
1991-03-04,1.468765,1.56946,1.413209,1.423625,1.2955043711501764,1.3433762572037722,1.0122458943323278,0.6256508561240692,0.03426150533359111,0.14531730631311546,0.11105580097952435,0,,,78.37169218198966,81.6445138098096,,,,,,,75.84468114987483,,,87.246141360908,90.60071615617734,,,,,60,100,-40,,,,,,,,,,,,,,,0.28905918313658224
1991-03-11,1.423625,1.423625,1.328138,1.342027,1.2855585589251637,1.3431064057630178,1.0251784867114522,0.6327789769586556,0.021694580597437813,0.13817402672632162,0.1164794461288838,0,,,67.9809942310563,75.99796259098665,,,,,,,65.41817242346855,,,70.8567305931404,79.6598310040522,,,,,60,100,-40,,,,,,,,,,,,,,,0.23380177500750507
1991-03-18,1.342027,1.402792,1.29168,1.302096,1.285003733287652,1.3349043246104142,1.0360379970364932,0.6394388478346889,0.00907038586080236,0.12781742845488675,0.11874704259408439,0,,,56.36794298080741,67.57354313128447,,,,,,,60.97437820175913,,,44.699056940117956,58.83582765702581,,,,,60,100,-40,,,,,,,,,,,,,,,0.15772263209017703
1991-03-25,1.305569,1.517376,1.305569,1.473973,1.2874643951956768,1.3627180596883313,1.0532119187213367,0.6477426702442939,0.010568495039720835,0.13195766139373544,0.1213891663540146,0,,,55.778027155160295,60.04232145567468,,,,,,,70.36230413291928,,,30.06215731802439,38.1850577603719,,,,,60,100,-40,,,,,,,,,,,,,,,0.17814932988856844
1991-04-01,1.473973,1.621544,1.451403,1.527793,1.3238521526816998,1.395733047750665,1.0718229415165783,0.6564993899433557,0.01328144768444564,0.13799097595957166,0.12470952827512602,0,,,61.34099964602799,57.82898992733191,,,,,,,72.59836839808234,72.59836839808234,,29.76620179135289,28.008486670398213,,29.76620179135289,,,60,100,-40,,,,,,57.82898992733191,,,,,,,,,0.17063561524407456
1991-04-08,1.527793,1.572932,1.440987,1.489598,1.3141134989187213,1.4145060382005321,1.0882062771433791,0.6647889283518795,0.010711169775514617,0.13809849049451928,0.12738732071900466,0,,,60.8440128702154,59.32101322380124,,,,,,,68.61817708420676,,,37.64996241078848,32.190774652390374,,,,,60,100,-40,,,,,,,,,,,,,,,0.15294383240593384
1991-04-15,1.489598,1.631961,1.458348,1.489598,1.3105270347102411,1.4295244305604258,1.1039471290201093,0.6729959837911643,0.007377306270856254,0.13660895355757496,0.1292316472867187,0,,,60.9631547356511,61.04938908396485,,,61.04938908396485,,61.04938908396485,,68.61817708420676,,,39.50221672848848,38.4093751346178,39.50221672848848,,,,60,100,-40,,,,,,61.04938908396485,,105,,106,,,,,0.09712268343344999
1991-04-22,1.475709,1.475709,1.371541,1.39932,1.301244175088081,1.4234835444483407,1.115530378862458,0.6802230884300582,-0.0020385366856284504,0.12668347642968314,0.1287220131153116,0,,,49.22028617358619,57.00915125981758,,,,,,,59.56017022928815,,,29.397679091096336,35.62489166843462,,,,,60,100,-40,,,,,,,,,,,,,,,0.07415867443865946
1991-04-29,1.39932,1.423625,1.333347,1.406264,1.3005609482960752,1.4200396355586726,1.12693169733844,0.687447376107371,-0.008563725339132827,0.11801735644139555,0.12658108178052838,0,,,36.33377797053155,48.83907295992296,,,,,,,60.00015903022383,,,18.76761425582182,25.325188336940226,,,,,60,100,-40,,,,,,,,,,,,,,,0.09199304308026149
1991-05-06,1.406264,1.486126,1.392375,1.427098,1.3038949519892127,1.421451308446938,1.1387029248937952,0.6948070838077952,-0.012029100892490846,0.11154470566491481,0.12357380655740566,0,,,32.20979434995088,39.25461949802288,,,,,,,61.366385513135405,,,8.013167400951936,12.85171037259135,,,,,60,100,-40,,,,,,,,,,,,,,,0.06291402675910455
1991-05-13,1.427098,1.440987,1.342027,1.378486,1.306494669704269,1.4128582467575503,1.1481061827410974,0.7016098590932898,-0.017799448887649283,0.10132449544784405,0.11912394433549334,0,,,21.15696185969827,29.900178060060245,,,,,,,56.48926699141869,,,4.680527053544347,6.186429677776174,,4.680527053544347,,,60,100,-40,,,,,,,,,,,,,,,0.050301606508821144
1991-05-20,1.378486,1.562516,1.357652,1.527793,1.3081645504396784,1.4358451974060402,1.1629958618492897,0.7098305868635058,-0.012040721028035953,0.1040730430504484,0.11611376407848435,0,,,27.7989940082337,27.05525007262763,,,,,,,65.58900324202088,,,10.673266248058713,6.923945338685634,,,,,60,100,-40,,,,,,27.05525007262763,,,,,,,,,0.06946562186231703
1991-05-27,1.527793,1.555571,1.500015,1.524321,1.2945860111225584,1.4535403579248323,1.177165475110102,0.7179349690837694,-0.009080229429803272,0.10476347729123026,0.11384370672103353,0,,,37.07893858712993,28.67829815168731,,,,,,,65.2452530272663,,,18.463223584579453,13.630914688975821,,,,,60,100,-40,,,,,,,,,,,,,,,0.03218760361099895
1991-06-03,1.524321,1.586821,1.510432,1.531265,1.3067790817566616,1.4690852863398658,1.1910517309881372,0.7260278052122892,-0.007343391504981978,0.10466446733980606,0.11200785884478803,0,,,43.82755960489769,36.23516406675378,,,,,,,65.6354773759245,,,32.09102583752444,25.475042828165954,,,,,60,100,-40,,,,,,,,,,,,,,,-0.030691871990836075
1991-06-10,1.531265,1.579877,1.524321,1.576405,1.3570410759169,1.4905492290718927,1.2061636238905633,0.7344892698370425,-0.004010247348716953,0.10699504965889184,0.11100529700760879,0,,,48.91885568154559,43.27511795785775,,,,,,,68.15358738825337,68.15358738825337,,43.81678260300099,37.40902663326701,43.81678260300099,,,,60,100,-40,,,,,,,,,,,,,,,-0.04337966951799804
1991-06-17,1.576405,1.593766,1.375014,1.420153,1.36477335620855,1.476469983257514,1.214555364130149,0.741311794515281,-0.012694525083274427,0.09513714065351575,0.10783166573679018,0,,,37.72700212985375,43.49113913876568,,,,,43.49113913876568,,53.46287568319005,,,40.689775062266676,42.577774386037824,,,,,60,100,-40,,,,,,43.49113913876568,,,,,,,,,-0.1458040435453164
1991-06-24,1.409736,1.432299,1.35418,1.419278,1.348639616479368,1.4650315866060113,1.2225837027917117,0.7480577269081637,-0.0185111153124142,0.08469277159627242,0.10320388690868662,0,,,20.216131471670614,35.620663094356665,,,,,,,53.39305510172779,,,30.43125196640223,37.47220456100876,,,,,60,100,-40,,,,,,,,,,,,,,,-0.12009649281267636
1991-07-01,1.419278,1.505216,1.281256,1.286465,1.3537487153022703,1.429318269284809,1.2250888517018406,0.753415013207585,-0.030603163650790827,0.06494993234519808,0.09555309599598891,0,,,2.8456603559624796,20.26293131916229,,,,,,,43.95407749577377,,,10.365345851715219,20.730691703430438,,10.365345851715219,,,60,100,-40,,,,,,,,,,,,,,,-0.19351243669838514
1991-07-08,1.286465,1.432299,1.260423,1.416674,1.3376584499235367,1.426789415427847,1.2326019947723565,0.7600146051159672,-0.029139462028156676,0.05912876846079307,0.08826823048894974,0,,,-7.491282461374055,5.190169788753022,,,,,,,52.813758640184645,,,11.783090172517143,11.739119929207513,,,,,60,100,-40,,,,,,,,,,,,,,,-0.1583068181075317
1991-07-15,1.42709,1.463549,1.354173,1.411465,1.330158060643284,1.4237245323422776,1.2396162302714797,0.7664966985974003,-0.027831654276780804,0.05347866264297374,0.08131031691975454,0,,,-9.433290131148267,-4.692970745519938,,,,,,,52.454397236353486,,,17.414724836576895,11.664127522245158,,,,,60,100,-40,,,,,,,,,,,,,,,-0.2014903596255215
1991-07-22,1.411465,1.494799,1.354173,1.479174,1.3321219848830494,1.434814425873822,1.2490106526137745,0.773588015029267,-0.021973224847002287,0.05384378586100169,0.07581701070800398,0,,,-4.868055403490103,-7.264209332004132,,,,,,,56.611695489324404,,,32.793575869730056,25.14488357654888,,,,,60,100,-40,,,,,,-7.264209332004132,,,,,,,,,-0.1052704672814382
1991-07-29,1.479174,1.557299,1.432299,1.526049,1.3294813431056887,1.4530613406990576,1.2598749015308814,0.7810751890090752,-0.014849158244522376,0.05725556290235101,0.07210472114687339,0,,,8.857777080258224,-1.8145228181267152,,,,,,,59.281904569322904,,,43.47846772285811,37.64113143988403,,,,,60,100,-40,,,,,,,,,,,,,,,-0.016022483252563103
1991-08-05,1.526049,1.708342,1.494799,1.6823,1.435156604312425,1.498909072559246,1.2764405916669253,0.7900426000637113,-0.00029130509188765585,0.07174058978201381,0.07203189487390146,0,,,29.723279274108627,11.237666983625582,,,,,,,66.68559541347598,,,60.26441277133324,52.57172442785248,,,,,60,100,-40,,,,,,,,,,,,,,,0.07410071686670032
1991-08-12,1.6823,1.7448,1.661467,1.703134,1.443137561147252,1.5397540580473967,1.2931736665035165,0.7991280866302415,0.00952142209806646,0.08393367249648453,0.07441225039841808,0,,,45.409980331028834,27.997012228465227,,,,,,,67.53819562596469,,,74.01933206627083,66.32789231329697,,,,,60,100,-40,,,,,,,,,,,,,,,0.051158871120868726
1991-08-19,1.692717,1.802092,1.604175,1.776051,1.5227210210653055,1.5870134464379173,1.3121100325229864,0.8088487126339207,0.019147711026586717,0.09834688918165146,0.07919917815506475,0,,,54.317639071102974,43.15029955874681,,,,,,,70.4095282690709,,,87.84031808489664,81.337127275963,,,,,60,100,-40,,,,,,,,,,,,,,,0.09014772025679359
1991-08-26,1.776051,1.807301,1.739592,1.776051,1.5125421624177835,1.6248209571503338,1.3303037959534576,0.8184726159907971,0.02345548399322206,0.10851853314659232,0.08506304915337026,0,,,60.60975235962396,53.44579058725193,,,,,,,70.4095282690709,,,94.47390237424582,91.25052136539166,94.47390237424582,,,,60,100,-40,,,,,,,,,,,,,,,0.11099653324059079
1991-09-02,1.770842,1.770842,1.666675,1.6823,1.5216915079593705,1.636316765720267,1.3441075686611652,0.8270679133441226,0.01816746402140934,0.10777237918013194,0.0896049151587226,0,,,58.72293376422407,57.88344173165033,,,,,,,62.11858850278384,,,92.35642236490277,94.18840925168395,,,,,60,100,-40,,,,,,,,,,,,,,,0.14430741773360078
1991-09-09,1.6823,1.786467,1.666675,1.729175,1.524234900247987,1.6548884125762136,1.3592082522430804,0.8360441032610965,0.016075209148757888,0.10969892659466995,0.09362371744591207,0,,,57.628249580760595,58.98697856820288,,,,,,,64.38988179741,,,87.19885609147339,90.6548577610421,,,,,60,100,-40,,,,,,58.98697856820288,,105,,,,,,,0.18681213948362593
1991-09-16,1.729175,1.817717,1.708342,1.802092,1.551149621658845,1.6843291300609708,1.376576242351195,0.8456565201440707,0.017720978333523235,0.1157749403628161,0.09805396202929287,0,,,58.98130139912978,58.444161581371475,,,,,,,67.65776627199605,,,82.91807546888776,85.02586020945046,,82.91807546888776,,,60,100,-40,,,,,,58.444161581371475,,,,,,,,,0.17267636185620855
1991-09-23,1.802092,1.875009,1.760425,1.838551,1.5899080772546417,1.7151735040487768,1.3946928995138932,0.8555360672073138,0.019256340558075263,0.12212438772688694,0.10286804716881168,0,,,61.54003286590598,59.383194615265445,,,,,,,69.18932132037666,,,86.8586651431851,84.56761885914999,,,,,60,100,-40,,,,,,,,,,,,,,,0.19967257343050782
1991-09-30,1.838551,1.885426,1.796884,1.835947,1.5912991431650245,1.7393282032390214,1.4119969818858973,0.8652913998719176,0.01810521711702881,0.1254995685650977,0.10739435144806889,0,,,62.47441376741068,60.99858267748215,,,,,,,68.93673394676718,,,91.3371757618522,88.15858841981242,,,,,60,100,-40,,,,,,,,,,,,,,,0.21837892654637378
1991-10-07,1.835947,1.901051,1.807301,1.867197,1.6249571329389512,1.764901962591217,1.429847962988411,0.8752606098234408,0.017449818038346776,0.12920662399600236,0.11175680595765558,0,,,62.736760961821076,62.25040253171258,,,,,,,70.34424774023822,,,95.57646362016644,93.70460044286126,,,,,60,100,-40,,,,,,,,,,,,,,,0.19152227340313513
1991-10-14,1.875009,1.921885,1.843759,1.875009,1.6366791234433118,1.7869233700729736,1.447305258557493,0.8852083549993269,0.015603956419315154,0.13126175148179953,0.11565779506248437,0,,,62.78857776931509,62.66658416618228,,,62.66658416618228,,62.66658416618228,,70.70374204404766,,,97.7169953971972,96.8495201739395,97.7169953971972,,,,60,100,-40,,,,,,,,,,,,,,,0.18205079551033784
1991-10-21,1.875009,1.932301,1.859384,1.864593,1.6425418289116467,1.802457296058379,1.4636694837121011,0.8949534758451048,0.011909866110191597,0.13054512770022386,0.11863526159003226,0,,,61.64568976678907,62.39034283264175,,,,,,,69.4870304027998,,,97.64588774511287,97.83114322703807,,,,,60,100,-40,,,,,,62.39034283264175,,105,,,,,,,0.17737903104344208
1991-10-28,1.864593,1.984385,1.828134,1.929697,1.7034179125608149,1.827905236846703,1.4819450725861365,0.9052494313093326,0.012043357159984211,0.13368945804001253,0.12164610088002832,0,,,61.51362372363575,61.982630419913306,,,,,,,72.67145244729451,,,97.64793865606555,97.83524504894342,,,,,60,100,-40,,,,,,,,,,,,,,,0.15663933893367507
1991-11-04,1.927093,2.015635,1.890634,1.984385,1.7519471330921852,1.8592011894773623,1.5016485991513862,0.9159870986594885,0.013876730198145393,0.13899201362771008,0.12511528342956468,0,,,63.35875325239267,62.1726889142725,,,,,,,75.04176935308362,,,97.46063226318768,97.46063226318768,,97.46063226318768,,,60,100,-40,,,,,,62.1726889142725,,,,,,,,,0.2359616623343074
1991-11-11,1.992197,2.119802,1.973968,1.979177,1.7506925521570291,1.88319635158189,1.5203752031062339,0.9265661026529264,0.012825397223145435,0.14114702995849648,0.12832163273535105,0,,,66.64685998205492,63.839745652694454,,,,,,,74.37624317612948,,,98.13744589790832,97.79903908054801,,,,,60,100,-40,,,,,,,,,,,,,,,0.13896391071468062
1991-11-18,1.979177,2.036469,1.963551,2.00001,1.7621764412886698,1.906559081265512,1.539184410827558,0.9372471364573749,0.011653743125826455,0.14288881164263412,0.13123506851680766,0,,,65.27021259314752,65.0919419425317,,,,,,,75.32459463629571,,,98.30664930658847,98.13744589790832,,,,,60,100,-40,,,,,,,,,,,,,,,0.21434094878254148
1991-11-25,2.00001,2.036469,1.932301,2.026052,1.7947896954823361,1.9304576650124097,1.5582772574617716,0.948081015696605,0.01077395909682588,0.14470251738784,0.13392855829101413,0,,,62.67177987383411,64.86295081634552,,,,,,,76.5022995916145,,,98.47585271526863,98.47585271526863,,,,,60,100,-40,,,,,,64.86295081634552,,105,,,,,,,0.18791433033335622
1991-12-02,2.005218,2.192719,2.00001,2.171886,1.9422612886621695,1.9787433320099277,1.5823403454044471,0.9602581797195243,0.017743522856675048,0.15610796186185794,0.1383644390051829,0,,,67.58873299590542,65.17690848762902,,,,,,,81.77832673458222,81.77832673458222,,99.49195090508957,98.98390181017912,99.49195090508957,,,,60,100,-40,,,,,,65.17690848762902,,,,,,,,,0.22060224009699156
1991-12-09,2.151052,2.161469,2.072927,2.125011,1.9311331966148717,2.007996865607942,1.6036215475454492,0.9718477600208226,0.016928870440114818,0.1595255270553264,0.1425966566152116,0,,,68.43118343852623,66.23056543608858,,,,,,,75.84810423482706,,,93.12869622276416,96.18331129019926,,,,,60,100,-40,,,,,,,,,,,,,,,0.17665693193302776
1991-12-16,2.125011,2.187511,2.088552,2.151052,1.9341928254280951,2.0366078924863538,1.6250894084260197,0.9835811355430035,0.015892672010171693,0.16246249662792622,0.14656982461775453,0,,,68.46571613372798,68.16187752271988,,,,,,,76.85807930078155,,,85.18111895012929,90.10907976389693,,,,,60,100,-40,,,,,,,,,,,,,,,0.1468122655586521
1991-12-23,2.151052,2.322928,2.135427,2.299491,2.064638909326088,2.0891845139890832,1.651536529664215,0.996674766035113,0.022546863866720168,0.17475340445115473,0.15220654058443456,0,,,72.60711241284,69.83467066169807,,,,,,,81.60760446591794,,,81.8899786395229,83.52679914268414,,81.8899786395229,,,60,100,-40,,,,,,,,,,,,,,,0.11461617402462154
1991-12-30,2.302095,2.390637,2.265636,2.354178,2.1093152015170817,2.1421832111912664,1.6790910971283635,1.0101822609004352,0.027637997152825056,0.1867540370254659,0.15911603987264084,0,,,76.5787800737843,72.55053620678409,,,,,,,83.00010454531268,,,86.87043736614228,83.56179775125197,,,,,60,100,-40,,,,,,,,,,,,,,,0.13691811409664403
1992-01-06,2.359387,2.687513,2.341158,2.609388,2.3641581156944333,2.235624168953013,1.7155733286135257,1.0260947558168487,0.044216466804502336,0.21438662337826875,0.1701701565737664,0,,,83.74490721053397,77.64359989905275,,,,,,,87.70587116459723,,,95.07203918623239,90.14407837246476,,,,,60,100,-40,,,,,,,,,,,,,,,0.1301517216265764
1992-01-13,2.583346,2.776056,2.557304,2.63543,2.358237250287688,2.3155853351624103,1.7516461392561327,1.0421080418286213,0.05240016091598404,0.23567035771874645,0.1832701968027624,0,,,87.73070204139621,82.68479644190482,,,,,,,88.07090276784645,88.07090276784645,,98.36317949683877,96.72635899367755,98.36317949683877,,,,60,100,-40,,,,,,,,,,,,,,,0.10318221585826334
1992-01-20,2.651055,2.695326,2.416679,2.596367,2.34678644669571,2.3717416681299284,1.784772447520598,1.0575733050940082,0.0506188900154228,0.2465438093220409,0.1959249193066181,0,,,84.46413317644368,85.31324747612462,,,85.31324747612462,,85.31324747612462,,84.01717886381269,,,96.15482519000577,98.0774125950029,,,,,60,100,-40,,,,,,85.31324747612462,,105,,,,,,,0.1494815850919002
1992-01-27,2.598971,2.619805,2.416679,2.505221,2.327597129074588,2.398437534503943,1.8130253319315548,1.0719777597696896,0.03924596318867518,0.24498237329246209,0.2057364101037869,0,,,78.09739070767738,83.43074197517244,,,,,,,75.26079763387384,,,80.2138428088619,88.66498085068311,,,,,60,100,-40,,,,,,,,,,,,,,,0.13567870646753358
1992-02-03,2.463554,2.687513,2.447929,2.619805,2.320567191283546,2.442711027603154,1.84466375028718,1.087379025841633,0.03549711835423569,0.2501078080465815,0.2146106896923458,0,,,74.64589325405531,79.0691390460588,,,,,,,78.33581388764722,,,63.101441068313164,73.04945617216892,,,,,60,100,-40,,,,,,,,,,,,,,,0.13639899973221437
1992-02-10,2.617201,2.640638,2.458346,2.468762,2.3088311061918643,2.447921222082523,1.8691381914523888,1.1011241300621142,0.019690821350502985,0.23922421638047453,0.21953339502997155,0,,,67.90306887318066,73.54878427830445,,,,,,,66.52718209025349,,,37.87792501932668,50.16799519253788,,,,,60,100,-40,,,,,,,,,,,,,,,0.054940298276544786
1992-02-17,2.484387,2.546888,2.364595,2.385429,2.306117884321017,2.4354227776660182,1.8893848898268049,1.1139032829968194,0.0014319537785191516,0.22132333725312048,0.21989138347460133,0,,,56.735950012805766,66.42830404668058,,,,,,,61.02859494289266,,,22.939583155595557,31.155111780441015,,,,,60,100,-40,,,,,,,,,,,,,,,-0.0012204697322188735
1992-02-24,2.385429,2.63543,2.354178,2.57293,2.30359832115523,2.4629242221328145,1.9161905804218322,1.1284209617729704,-0.00012624805190800115,0.21973357340971633,0.21985982146162433,0,,,53.293459416390654,59.310826100792355,,,,,,,67.5634419655783,67.5634419655783,,12.2160910607974,16.186022874615105,,,,,60,100,-40,,,,,,,,,,,,,,,0.02385808444331117
1992-03-02,2.578138,2.619805,2.432304,2.463554,2.287121726786999,2.4630501777062515,1.9376558125621526,1.1417058676259757,-0.010080821462779915,0.20725879463314945,0.21733961609592936,0,,,48.78568592005485,52.93836511641708,,,,,,,61.08993554492431,,,9.325808460941435,10.405457674903177,,9.325808460941435,,,60,100,-40,,,,,,,,,,,,,,,0.01001743225792315
1992-03-09,2.473971,2.567721,2.463554,2.520846,2.2852150320164992,2.4746093421650013,1.9605260159910878,1.155428655012782,-0.014116904103758932,0.1996934859662307,0.21381039006998964,0,,,45.72939817803125,49.26951450482559,,,,,,,63.09639620275498,,,9.936194535041235,9.091176891010477,,,,,60,100,-40,,,,,,,,,,,,,,,0.03927166958015385
1992-03-16,2.520846,2.713555,2.510429,2.677097,2.337016386872463,2.515106873732001,1.988626838893398,1.1705696335698688,-0.007884305795297974,0.20395500782586717,0.21183931362116515,0,,,51.65787026999038,48.72431812269216,,,,,,,67.9755187905415,67.9755187905415,,10.60068544467848,10.057185578852174,,,,,60,100,-40,,,,,,48.72431812269216,,,,,,,,,0.0702119665452761
1992-03-23,2.677097,2.705743,2.489596,2.526054,2.332289859238716,2.5172962989856007,2.009702413838755,1.1840570402010144,-0.015135035564792954,0.19292051916517394,0.2080555547299669,0,,,49.68270455955307,49.023324335858234,,,,,,,59.70849848146631,,,11.083689788599326,11.02319426669387,11.083689788599326,,,,60,100,-40,,,,,,,,,,,,,,,0.016372716936229045
1992-03-30,2.531263,2.541679,2.432304,2.447929,2.326040797864522,2.5034228391884805,2.026887770158804,1.1966328805970243,-0.025768806704487224,0.17584454634935787,0.2016133530538451,0,,,37.11413873306307,46.1515711875355,,,,,,,55.899129409361564,,,9.454150022443256,10.299167666474032,,,,,60,100,-40,,,,,,46.1515711875355,,,,,,,,,0.024720732123440742
1992-04-06,2.453137,2.552096,2.359387,2.416679,2.335491240874199,2.4860740713507843,2.042173700740812,1.2087726429791434,-0.03491537746557699,0.15796913122187384,0.19288450868745083,0,,,23.773472652711803,36.85677198177598,,,,,,,54.39529392909289,,,3.2922196148195644,6.58443922963911,,,,,60,100,-40,,,,,,,,,,,,,,,-0.005958279864874654
1992-04-13,2.432304,2.692722,2.38022,2.658867,2.33236179509747,2.5206326570806272,2.066357751692153,1.2232014425514903,-0.025120567921055464,0.1614837987861315,0.18660436670718697,0,,,29.088664110990972,29.992091832255273,,,,,,,62.79811213346591,62.79811213346591,,7.077664652809341,5.6911154210077965,,,,,60,100,-40,,,,,,,,,,,,,,,0.031231827907463018
1992-04-20,2.593763,2.60418,2.333345,2.338553,2.312342595447651,2.484216725664502,2.0770320751552056,1.2342994679987391,-0.039807436935074964,0.13684507053834327,0.17665250747341824,0,,,14.514551225926944,22.45889599654323,,,,,,,49.682127528227596,,,7.053511570509076,5.642809256407265,,,,,60,100,-40,,,,,,,,,,,,,,,-0.09110177861256702
1992-04-27,2.343762,2.427095,2.229178,2.369804,2.291893338629962,2.4613341805316016,2.0885133271099035,1.2455980205559656,-0.046542251656994826,0.11847469290217472,0.16501694455916954,0,,,-3.0966651518350012,13.502183395027629,,,,,,,50.768913037665854,,,9.32392039265102,8.894067138630954,9.32392039265102,,,,60,100,-40,,,,,,,,,,,,,,,-0.05353278618635347
1992-05-04,2.364595,2.447929,2.343762,2.385429,2.2911340287278215,2.4461531444252813,2.1001570789879462,1.2569396223414784,-0.048830958297801125,0.10397824668691813,0.15280920498471925,0,,,-10.351806432845946,0.355359880415324,,,,,,,51.338195742537735,,,5.199620150416679,7.154306958028833,,,,,60,100,-40,,,,,,,,,,,,,,,-0.06725532842162917
1992-05-11,2.390637,2.401054,2.276053,2.291678,2.30382181239012,2.415258115540225,2.10766770334136,1.267235526596787,-0.055081777911045904,0.08395698259591189,0.1390387605069578,0,,,-21.480481254679734,-11.642984279786901,,,,,,,47.749202221364555,,,4.329740060115619,5.414546777426714,,,,,60,100,-40,,,,,,,,,,,,,,,-0.10936637408735049
1992-05-18,2.307303,2.437512,2.302095,2.41147,2.3126270400765403,2.4145004924321802,2.119581518896601,1.27862094424259,-0.049734936985042694,0.07687008927565442,0.1266050262606971,0,,,-22.869079769243207,-18.233789152256303,,,,,,,52.359436308714635,,,7.31969162776805,5.282312485286288,,,,,60,100,-40,,,,,,,,,,,,,,,-0.0993165176025431
1992-05-25,2.416679,2.546888,2.385429,2.520846,2.317827180071073,2.435769593945744,2.135317380900656,1.290981392558584,-0.03795056615822989,0.07916681856290975,0.11711738472113964,0,,,-11.318107260916253,-18.55588942827974,,,,,,,56.183491461864016,,,15.895566529101405,11.098284292814286,,,,,60,100,-40,,,,,,-18.55588942827974,,,,,,,,,-0.10935024635084298
1992-06-01,2.510429,2.593763,2.500013,2.520846,2.320423738637425,2.4527848751565955,2.150436150277101,1.3032188513390957,-0.029642656277595505,0.08006406437414526,0.10970672065174077,0,,,2.643637970381212,-10.514516353259424,,,,,,,56.183491461864016,,,27.682293590782614,21.35362667930089,27.682293590782614,,,,60,100,-40,,,,,,,,,,,,,,,-0.11607567438423431
1992-06-08,2.515638,2.520846,2.239595,2.343762,2.314277543020466,2.4309803001252765,2.1580175561485873,1.313572514509851,-0.03518276470163656,0.06572826477469507,0.10091102947633163,0,,,-7.416734321878268,-5.36373453747111,,,,,,,48.748358322795276,,,27.600208890745005,27.47605676228572,,,,,60,100,-40,,,,,,-5.36373453747111,,,,,,,,,-0.146439896139355
1992-06-15,2.34375,2.4375,2.21875,2.296875,2.298712361376147,2.4041592401002214,2.163462946103545,1.3233566188430863,-0.040723064066602935,0.05000719939307796,0.0907302634596809,0,,,-18.984297181542793,-7.919131177679948,,,,,,,46.96558949425915,,,19.91135988245894,25.389510321596628,,,,,60,100,-40,,,,,,,,,,,,,,,-0.15307151826508894
1992-06-22,2.289063,2.367188,2.054688,2.085938,2.293187692706422,2.3405149920801773,2.1604227521387,1.3309444932824586,-0.05634952311087102,0.02029335957109213,0.07664288268196315,0,,,-36.060640667836516,-20.820557390419193,,,,,,,39.86090748818518,,,7.769660214717885,14.42422272299033,,,,,60,100,-40,,,,,,,,,,,,,,,-0.22165548527617773
1992-06-29,2.140625,2.28125,2.132813,2.183594,2.274664786084535,2.3091307936641416,2.1613314285254175,1.3394285679761655,-0.05765651054415064,0.004572244501774847,0.06222875504592549,0,,,-43.229101344020336,-32.758013064466546,,,,,,,44.10192432517913,,,6.781918217611275,7.278035896247313,,6.781918217611275,,,60,100,-40,,,,,,,,,,,,,,,-0.19214762637611935
1992-07-06,2.1875,2.210938,2.054688,2.171875,2.136185087078497,2.2816796349313133,2.1617449019165775,1.3477116170510295,-0.05676846227479471,-0.0087318227975679,0.04803663947722681,0,,,-49.841933938878725,-43.043891983578526,,,,,,,43.701278156126754,,,9.211042267589061,6.455745695149702,,,,,60,100,-40,,,,,,,,,,,,,,,-0.1309943959919093
1992-07-13,2.179688,2.289063,2.140625,2.195313,2.1413394380014616,2.2644063079450505,2.163061297919849,1.3561454616574868,-0.05217813669420393,-0.0171860313905281,0.03499210530367583,0,,,-48.830615229465785,-47.300550170788284,,,,,,,44.78802610847849,,,15.841829516130021,12.483949602815926,,,,,60,100,-40,,,,,,,,,,,,,,,-0.1727952150287672
1992-07-20,2.171875,2.304688,2.140625,2.273438,2.147241621001357,2.2662126463560406,2.167389796040639,1.3652727505962183,-0.041899006762774894,-0.017381653149792786,0.024517353612982108,0,,,-44.68509656354022,-47.78588191062824,,,,,,-47.78588191062824,48.385778444424524,,,25.27425246442791,20.42863829958209,,,,,60,100,-40,,,,,,-47.78588191062824,,,,,,,,,-0.12202034213520051
1992-07-27,2.273438,2.335938,2.25,2.273438,2.1504900766441173,2.2676577170848327,2.1715485491370847,1.3743092207395395,-0.03348335212520242,-0.017336836543520917,0.016146515581681502,0,,,-35.90219932820543,-43.139303707070475,,,,,,,48.385778444424524,,,35.98345338780324,30.321620708581083,,,,,60,100,-40,,,,,,,,,,,,,,,-0.1426719631893985
1992-08-03,2.273438,2.328125,2.195313,2.210938,2.1646672140266805,2.2563137736678662,2.17309323348465,1.3826338852097928,-0.030589138878740256,-0.02208990801674382,0.008499230861996436,0,,,-33.92859270163689,-38.171962864460845,,,,,,,45.59618631526283,,,42.633685511122856,39.25813092963621,42.633685511122856,,,,60,100,-40,,,,,,,,,,,,,,,-0.20576308251563302
1992-08-10,2.21875,2.265625,2.1875,2.21875,2.171135413024775,2.248801018934293,2.1748836949166246,1.3909534485410386,-0.026750511155571914,-0.02493890808246846,0.0018116030731034566,0,,,-34.77388530628058,-34.86822577870763,,,,,,,46.01761045104872,,,42.08993047239217,42.958596776104805,,,,,60,100,-40,,,,,,,,,,,,,,,-0.18499611937396865
1992-08-17,2.210938,2.21875,2.125,2.179688,2.184954026380148,2.2349784151474346,2.1750720990375414,1.3988015535306801,-0.0254515892908266,-0.030002883540429792,-0.004551294249603193,0,,,-40.89642822577907,-36.532968744565515,,,,,,,44.16443275608773,,,36.3157267649907,39.96548944781761,,,,,60,100,-40,,,,,,-36.532968744565515,,,,,,,,,-0.14558281993658853
1992-08-24,2.175781,2.328125,2.140625,2.324219,2.01846945306728,2.2528265321179477,2.1809209971145007,1.4080096873263948,-0.01403811181278122,-0.02209893401557972,-0.008060822202798499,0,,,-30.997201344293465,-35.555838292117706,,,,,,,51.92480715215643,,,42.025928391667534,39.4847712585446,,42.025928391667534,,,60,100,-40,,,,,,-35.555838292117706,,,,,,,,,-0.0818506434407455
1992-08-31,2.320313,2.414063,2.289063,2.375,2.0461569207053314,2.277261225694358,2.188531938404128,1.417631481482351,-0.0028342504635671985,-0.011603635282257496,-0.008769384818690298,0,,,-10.59813304822303,-27.49725420609852,,,,,,,54.34030732667148,,,52.94523470401988,45.78087975374851,,,,,60,100,-40,,,,,,,,,,,,,,,-0.12205803478207741
1992-09-07,2.375,2.476563,2.351563,2.460938,2.137726569226379,2.3139965805554863,2.1992145290549465,1.4280126408705862,0.00990100006855956,0.0036068652670091517,-0.0062941348015504075,0,,,9.0445343312091,-10.850266687102469,,,,,,,58.19151199583967,,,73.9742894200706,63.15631350480573,,,,,60,100,-40,,,,,,,,,,,,,,,-0.005946865335082551
1992-09-14,2.492188,2.5625,2.449219,2.496094,2.1781119571387806,2.350416064444389,2.21085686124887,1.4386403160858043,0.01966513780978866,0.01828728746068542,-0.001377850349103241,0,,,25.854603582963417,8.100334955316495,,,,,,,59.69800286251788,,,87.23507757229933,79.84300253355634,,,,,60,100,-40,,,,,,,,,,,,,,,-0.0610679572310675
1992-09-21,2.460938,2.515625,2.375,2.460938,2.184641960200296,2.3725204515555114,2.2206639647293067,1.448812432343657,0.022523218973570222,0.026776173367859535,0.0042529543942893145,0,,,31.81336333303545,22.23750041573599,,,,,,,57.455188137645955,,,94.23708400607977,91.97339648963434,94.23708400607977,,,,60,100,-40,,,,,,,,,,,,,,,-0.04412631481417643
1992-09-28,2.390625,2.53125,2.382813,2.460938,2.186799248757418,2.390203961244409,2.2300864759163925,1.458883333514367,0.023095131146950887,0.03312186832797792,0.010026737181027036,0,,,35.85715479434431,31.175040570114394,,,,,,,57.455188137645955,,,93.22724685621529,94.39560446149953,,,,,60,100,-40,,,,,,,,,,,,,,,-0.003953623533148566
1992-10-05,2.453125,2.640625,2.367188,2.574219,2.2658114452747453,2.4270069689955274,2.2435818690177105,1.469981200842582,0.02938082660581265,0.046752770438292846,0.017371943832480197,0,,,43.12983443834213,36.93345085524063,,,,,,,62.747771266107506,,,92.7992029628634,93.53951667479576,,,,,60,100,-40,,,,,,,,,,,,,,,-0.0014776256329848377
1992-10-12,2.59375,2.671875,2.585938,2.667969,2.3425281277551204,2.475199375196422,2.260224501605251,1.4819014774511137,0.03760491655207705,0.06437808952257651,0.02677317297049946,0,,,53.48471113502752,44.15723345590465,,,,,,,66.48567309164267,,,94.39170823591425,93.22529874342264,,,,,60,100,-40,,,,,,,,,,,,,,,0.01320140038732415
1992-10-19,2.65625,2.820313,2.65625,2.769531,2.4533850472011838,2.5340657001571376,2.2801973054638687,1.4947137115063265,0.047025668603684914,0.08555525872510561,0.038529590121420695,0,,,62.86589715526581,53.16014757621182,,,,,,,70.01652621031874,,,97.93616782988948,95.87233565977897,,,,,60,100,-40,,,,,,,,,,,,,,,0.0578384913733441
1992-10-26,2.765625,2.820313,2.726563,2.773438,2.456436329543956,2.58194016012571,2.299540077798619,1.5074373362674576,0.05036331891894822,0.10148373877010597,0.05112041985115775,0,,,67.31097504414436,61.2205277781459,,,,,,,70.14759603928134,,,99.25968628806763,98.51937257613527,,,,,60,100,-40,,,,,,,,,,,,,,,0.08371265451686433
1992-11-02,2.78125,2.914063,2.738281,2.898438,2.590686448862245,2.645239728100568,2.3230262708261242,1.521278138891662,0.05732631794380699,0.12277831728091648,0.06545199933710949,0,,,71.01752669473731,67.06479963138248,,,,,,,74.0754923171398,,,100,100,,,,,60,100,-40,,,,,,,,,,,,,,,0.13806748528359022
1992-11-09,2.898438,2.96875,2.828125,2.914063,2.6031819882292275,2.6990043824804544,2.3462041817741195,1.5351366947235858,0.059085888135898615,0.13930935950698276,0.08022347137108414,0,,,73.0708412301362,70.4664476563393,,,,,,,74.52932243982313,,,100,100,,,,,60,100,-40,,,,,,,,,,,,,,,0.2275422020773297
1992-11-16,2.90625,2.96875,2.789063,2.96875,2.6599854890699968,2.7529535059843635,2.3706177432731734,1.5494015037313114,0.05984998725889629,0.1550359554447045,0.09518596818580821,0,,,72.37821884160068,72.15552892215807,,,72.15552892215807,,72.15552892215807,,76.11472387503716,76.11472387503716,,100,100,,,,,60,100,-40,,,,,,,,,,106,,,,,0.2914432593710396
1992-11-23,2.820313,2.898438,2.726563,2.867188,2.656370525564997,2.775800404787491,2.3900910866742255,1.562513807176771,0.04984223268140693,0.15748875903756687,0.10764652635615994,0,,,66.65634672063187,70.70180226412292,,,,,,,67.64370954836473,,,93.09432397587301,96.54716198793649,,,,,60,100,-40,,,,,,70.70180226412292,,105,,,,,,,0.31577040317130906
1992-11-30,2.890625,2.921875,2.828125,2.867188,2.6440852023103547,2.7940779238299926,2.408800769549746,1.5754956399411812,0.03997536096424095,0.15761572756146114,0.11764036659722019,0,,,63.392722584379065,67.47576271553721,,,,,,,67.64370954836473,,,83.66147359791017,89.24110828990747,,,,,60,100,-40,,,,,,,,,,,,,,,0.32941153090282843
1992-12-07,2.875,2.9375,2.679688,2.699219,2.653882687859615,2.775106139063994,2.4201897197634814,1.5866769669069407,0.019903528506606455,0.14251977723047826,0.1226162487238718,0,,,53.66522502681098,61.23809811060732,,,,,,,55.62725212924031,,,57.78622452667343,70.82394348076731,,,,,60,100,-40,,,,,,,,,,,,,,,0.24146496035044024
1992-12-14,2.710938,2.820313,2.664063,2.8125,2.639542924441071,2.7825849112511953,2.435574436635502,1.5988742110173193,0.012390976765530748,0.13810496968078523,0.12571399291525448,0,,,44.87475686776062,53.977568159650225,,,,,,,60.7247602292877,,,40.7825421472512,51.09885719324871,,,,,60,100,-40,,,,,,,,,,,,,,,0.32019596930735283
1992-12-21,2.804688,2.875,2.6875,2.726563,2.6407362869809945,2.771380529000956,2.4469857528458743,1.6100949949872962,0.0004022903471513073,0.12621685584919362,0.1258145655020423,0,,,37.16974041399416,45.23657410285525,,,,,,,55.486201512839806,,,18.330815996183542,27.969091166550086,,,,,60,100,-40,,,,,,,,,,,,,,,0.3280537011184151
1992-12-28,2.726563,2.742188,2.664063,2.667969,2.637380123625209,2.750698223200765,2.455651762538193,1.6206211044899101,-0.012019434336716484,0.11079027258114671,0.12280970691786319,0,,,22.89962379842314,34.98137369339264,,,,,,,52.16237441736705,,,12.321488538389787,15.950436250962577,,,,,60,100,-40,,,,,,,,,,,,,,,0.3000653615850601
1993-01-04,2.65625,2.808594,2.640625,2.722656,2.6498886862234086,2.745089778560612,2.46612251694846,1.6315866258382692,-0.016804688185127953,0.10180384668645326,0.11860853487158121,0,,,15.604034790699018,25.224466334372107,,,,,,,54.894353679784075,,,5.562805858127396,7.127673341972209,,5.562805858127396,,,60,100,-40,,,,,,,,,,,,,,,0.28542037524476316
1993-01-11,2.726563,2.9375,2.695313,2.804688,2.6486689229217366,2.7570094228484896,2.4793995947151872,1.6432592763274407,-0.014769303842202958,0.10014690506882751,0.11491620891103047,0,,,21.8068181205037,20.10349223654195,,,,,,,58.72487179627271,,,11.133615117383634,8.739427358716725,,,,,60,100,-40,,,,,,20.10349223654195,,,,,,,,,0.21458005251617487
1993-01-18,2.796875,2.820313,2.710938,2.792969,2.6369337141416125,2.7642013382787916,2.491696434138121,1.6546991740754264,-0.014514881398827645,0.09677260716249592,0.11128748856132356,0,,,20.692874308060507,19.36790907308774,,,,,,,57.96306072292213,,,17.55246262224395,13.15766662370527,,,,,60,100,-40,,,,,,,,,,,,,,,0.22210121502562322
1993-01-25,2.789063,2.820313,2.648438,2.703125,2.6450098774172117,2.7519860706230332,2.4999877504464303,1.6651312718458202,-0.02034274125100792,0.08585906199756366,0.10620180324857158,0,,,10.722093598228494,17.740595342264232,,,,,,,52.325406379263654,,,17.878723747138906,17.80812724777776,17.878723747138906,,,,60,100,-40,,,,,,17.740595342264232,,,,,,,,,0.1745849288405288
1993-02-01,2.695313,2.820313,2.570313,2.78125,2.643580600458839,2.7578388564984264,2.5110176425857857,1.676236930832429,-0.018911597373106243,0.08256230653218877,0.10147390390529501,0,,,3.0785883461898242,11.497852084159609,,,,,,,56.32691758385627,,,16.157450238322348,18.05286983598186,,,,,60,100,-40,,,,,,,,,,,,,,,0.23444774013438122
1993-02-08,2.765625,2.78125,2.601563,2.613281,2.529530700426065,2.728927285198741,2.5150279703275196,1.685560752416186,-0.028667714318101667,0.06563926100766793,0.0943069753257696,0,,,-11.729686877390876,0.6903316890091501,,,,,,,47.1159331746105,,,9.263608411814321,12.684641927697896,,,,,60,100,-40,,,,,,,,,,,,,,,0.18497489277144621
1993-02-15,2.589844,2.617188,2.414063,2.492188,2.527979507538489,2.681579428158993,2.5141322852166366,1.693586894183189,-0.04186750151322523,0.04197259843423806,0.08384009994746329,0,,,-34.71846278666449,-14.45652043928851,,,,,,,41.77999865491506,,,7.2458175200527695,8.649060144174793,,7.2458175200527695,,,60,100,-40,,,,,,,,,,,,,,,0.1592460006564189
1993-02-22,2.492188,2.65625,2.398438,2.605469,2.468502828428597,2.6663573425271943,2.5177141171689255,1.7026603479724112,-0.041481134205292994,0.03198868219084705,0.07346981639614004,0,,,-42.97583934053887,-29.807996334864743,,,,,,,47.774158034417084,,,7.249572282789631,6.546073589360202,,,,,60,100,-40,,,,,,,,,,,,,,,0.1671952303231678
1993-03-01,2.617188,2.671875,2.539063,2.585938,2.4562437692551256,2.6502734740217555,2.520389563554458,1.7114491803308947,-0.04098069014644726,0.022243953713080966,0.06322464385952822,0,,,-43.15211512197089,-40.28213908305808,,,,,,-40.28213908305808,46.872781366894806,,,12.09037442275848,9.494098679416705,,,,,60,100,-40,,,,,,,,,,,,,,,0.12084541618289678
1993-03-08,2.582031,2.789063,2.5625,2.78125,2.4549055000226168,2.6764687792174042,2.530619384591538,1.7220939646062092,-0.026630797464708714,0.029936147028642335,0.05656694449335105,0,,,-29.14683978821953,-38.424931416909764,,,,,,,55.889039519965486,,,29.604169055056765,20.462014813108226,,,,,60,100,-40,,,,,,-38.424931416909764,,,,,,,,,0.14039066105107992
1993-03-15,2.789063,2.789063,2.625,2.632813,2.4475238214495727,2.6677376233739234,2.534626977352654,1.7311558455554013,-0.026229144926377276,0.02378051333537945,0.050009658261756726,0,,,-21.693072436177427,-31.33067578212261,,,,,,,49.03715726642701,,,37.65535492131269,32.18592082643275,,,,,60,100,-40,,,,,,,,,,,,,,,0.11117458625845468
1993-03-22,2.601563,2.757813,2.578125,2.707031,2.4495979770603173,2.675596298699139,2.541387919417256,1.7408660460971386,-0.020321930913156094,0.024607244620311608,0.0449291755334677,0,,,-15.7510363816445,-22.19698286868048,,,,,,,52.21069142335779,,,51.15797105843187,46.04676360751544,,,,,60,100,-40,,,,,,,,,,,,,,,0.09257774049577938
1993-03-29,2.710938,2.960938,2.710938,2.804688,2.4492918358417235,2.701414638959311,2.551713412773442,1.7514513391707989,-0.009731463534228046,0.032764846115682644,0.04249630964991069,0,,,6.495582769449708,-10.316175349457401,,,,,,,56.10689856889567,,,56.13511022831105,52.916046995540775,,,,,60,100,-40,,,,,,,,,,,,,,,0.0579861106963832
1993-04-05,2.773438,2.90625,2.75,2.78125,2.438404847567315,2.717381711167449,2.5607148475666404,1.7616980920148706,-0.004466613501424098,0.03691304277313057,0.041379656274554664,0,,,18.693778278425146,3.1461082220767884,,,,,,,54.94224445334141,,,67.27916145613443,62.54541872067464,,,,,60,100,-40,,,,,,,,,,,,,,,0.007285804169938632
1993-04-12,2.773438,2.882813,2.671875,2.71875,2.4422465013125065,2.717655368933959,2.5669123045248115,1.7712209965719365,-0.00529841465366189,0.0347566379574773,0.04005505261113919,0,,,20.535229322447247,15.241530123440704,,,,,15.241530123440704,,51.83398761898083,,,69.40899053268829,67.54626467951304,69.40899053268829,,,,60,100,-40,,,,,,,,,,,,,,,-0.07605752348038661
1993-04-19,2.71875,2.734375,2.523438,2.542969,2.4380011797901844,2.6827180951471674,2.5659733514061913,1.778900081183161,-0.01712512688221076,0.018648644008375737,0.0357737708905865,0,,,2.2523890877817365,13.82713222955138,,,,,,,44.21295138027781,,,56.07344041818805,63.857875353458475,,,,,60,100,-40,,,,,,13.82713222955138,,,,,,,,,-0.11583244413494691
1993-04-26,2.546875,2.710938,2.492188,2.671875,2.4340592383765998,2.6805494761177338,2.5701263572333994,1.7877854037584529,-0.01573981640499668,0.016099000384340645,0.031838816789337324,0,,,-7.489119101347228,5.099499769627254,,,,,,,50.047652524973564,,,47.38370939513074,53.582035164760676,,,,,60,100,-40,,,,,,,,,,,,,,,-0.045994884686603635
1993-05-03,2.671875,2.8125,2.65625,2.71875,2.4292827213497,2.688189580894187,2.575954735381109,1.7970487330742893,-0.011345238874759835,0.017657268195887532,0.029002507070647367,0,,,-0.8272704051447084,-2.0213334729033976,,,,,,,52.02433314832799,,,44.44031855951526,44.58875655686226,,44.44031855951526,,,60,100,-40,,,,,,-2.0213334729033976,,,,,,,,,-0.09771969888619886
1993-05-10,2.765625,2.8125,2.640625,2.671875,2.4337759555390073,2.6849266647153494,2.5797163143857715,1.8057534720486745,-0.011251929959313796,0.014937594621505124,0.02618952458081892,0,,,1.2581127894220474,-2.3527589056899605,,,,,,,49.88578270077035,,,53.33372792443116,48.03618000913286,,,,,60,100,-40,,,,,,,,,,,,,,,-0.10258748498007136
1993-05-17,2.679688,2.976563,2.664063,2.890625,2.521653101571935,2.7260663317722793,2.591908811860839,1.8165482136203295,0.003117748086244182,0.030086709688624147,0.026968961602379965,0,,,19.631914549440477,6.687585644572607,,,,,,,58.50844826284097,,,66.53916847002318,59.000373335486046,,,,,60,100,-40,,,,,,,,,,,,,,,-0.03491018229862591
1993-05-24,2.882813,2.984375,2.8125,2.894531,2.507271380031083,2.7597592654178236,2.60377634865061,1.8272744104997292,0.011964347311624192,0.0419243957419102,0.02996004843028601,0,,,34.34263508136691,18.41088747340981,,,,,,,58.64608788574443,,,78.89688598999497,72.62575285606995,,,,,60,100,-40,,,,,,,,,,,,,,,-0.03603946378841035
1993-05-31,2.90625,3.0625,2.898438,2.9375,2.5533482100288625,2.795307412334259,2.6168635506643114,1.8383214312907767,0.019351074616674763,0.054148891701129465,0.0347978170844547,0,,,46.64037819577068,33.538309275526025,,,,,,,60.21879149380002,60.21879149380002,,93.20766378808005,86.41532757616012,93.20766378808005,,,,60,100,-40,,,,,,,,,,,,,,,-0.05449097866995232
1993-06-07,2.945313,2.992188,2.78125,2.792969,2.556792052169658,2.794839729867407,2.6237696467166916,1.8478204120739532,0.013425641053979677,0.051579868401929296,0.03815422734794962,0,,,44.590951863063964,41.857988380067184,,,,,,,52.88941674563481,,,87.76665990521096,90.1753347335855,,,,,60,100,-40,,,,,,,,,,,,,,,-0.11759217971239362
1993-06-14,2.84375,2.914063,2.71875,2.734375,2.5538514770146823,2.7827467838939257,2.6281071115513313,1.8566418507597846,0.004920722801274188,0.04430513084954235,0.03938440804826816,0,,,34.9883725217146,42.07323419351641,,,,,42.07323419351641,,50.20566780740182,,,74.2748580990332,83.47692531872572,,,,,60,100,-40,,,,,,42.07323419351641,,,,,,,,,-0.13637593384903246
1993-06-21,2.773438,2.804688,2.710938,2.765625,2.553353085799348,2.7793224271151407,2.6334999699218673,1.865686459209936,0.0009672942517212763,0.040593525862919755,0.03962623161119848,0,,,23.57253845292722,34.38395427923526,,,,,,,51.62394950341328,,,56.89316186793131,66.05427492300996,,,,,60,100,-40,,,,,,,,,,,,,,,-0.1925537298395395
1993-06-28,2.773438,2.867188,2.703125,2.726563,2.5673992939565373,2.7687705416921125,2.6371495005131664,1.8742523949391905,-0.0044154557092164065,0.03410691197467797,0.038522367683894373,0,,,15.214988554438886,24.591966509693567,,,,,,,49.70676187364933,,,46.12921985176662,51.26581984893167,,,,,60,100,-40,,,,,,,,,,,,,,,-0.18311636351512314
1993-07-05,2.710938,2.742188,2.539063,2.644531,2.5703974872453563,2.74392263335369,2.6374389710812776,1.8819168586711388,-0.01314408529025711,0.022092261071072983,0.03523634636133009,0,,,-4.7535209986279625,11.344668669579383,,,,,,,45.83423608215751,,,35.80288733512073,40.08261083442395,,,,,60,100,-40,,,,,,,,,,,,,,,-0.166045462999797
1993-07-12,2.648438,2.671875,2.523438,2.535156,2.567601238156402,2.702169306682952,2.6334278741761294,1.8884167506246599,-0.025227286563318064,0.0037022381571825136,0.028929524720500577,0,,,-21.787803793141233,-3.775445412443433,,,,,,,41.198131364252305,,,22.439678994384636,29.34878541979711,,,,,60,100,-40,,,,,,,,,,,,,,,-0.24066773201816188
1993-07-19,2.484375,2.554688,2.398438,2.425781,2.5728172925738018,2.646891645346362,2.625284859502556,1.8937636585786433,-0.03872214891777403,-0.019473161426716956,0.019248987491057072,0,,,-38.07031598906438,-21.537213593611188,,,,,,,37.12953289334984,,,10.228078145500625,16.877473173947752,,,,,60,100,-40,,,,,,,,,,,,,,,-0.2803275073166969
1993-07-26,2.445313,2.523438,2.25,2.3125,2.5765446288185303,2.5800133162770895,2.613018786580887,1.8979301893390548,-0.052555406290607815,-0.046445270372202696,0.006110135918405117,0,,,-50.60118529382739,-36.81976835867766,,,,,,,33.425718775070436,,,3.1848759476709523,6.3697518953419126,,,,,60,100,-40,,,,,,,,,,,,,,,-0.35343397430566054
1993-08-02,2.335938,2.371094,2.242188,2.289063,2.563264583902921,2.5218232530216715,2.600314638087519,1.9018220581018503,-0.06002218230546538,-0.06891759196342662,-0.00889540965796123,0,,,-58.659627893883936,-49.110376392258566,,,,,,,32.69472374964302,,,0.5964471861755899,1.1928943723511876,,0.5964471861755899,,,60,100,-40,,,,,,,,,,,,,,,-0.33238875042329535
1993-08-09,2.289063,2.367188,2.199219,2.351563,2.5715805421955698,2.487771202417337,2.590559671888008,1.9062970923495932,-0.057486049137211004,-0.08075297107947499,-0.02326692194226398,0,,,-61.54320684047585,-56.93467334272905,,,,,,,36.694322561510695,,,3.4915993001112056,1.7457996500555988,,,,,60,100,-40,,,,,,,,,,,,,,,-0.2726825721569727
1993-08-16,2.367188,2.476563,2.289063,2.382813,2.573722074895886,2.4667795619338695,2.5824127435786743,1.9110385441670101,-0.050676514233063144,-0.08661256473359291,-0.03593605050052977,0,,,-58.37712135466257,-59.52665202967412,,,,,,,38.66848604956258,,,9.529988912774973,6.074344193929188,,,,,60,100,-40,,,,,,-59.52665202967412,-107,,,,,,,,-0.2592654751808685
1993-08-23,2.359375,2.445313,2.226563,2.246094,2.428389498117608,2.4226424495470957,2.5692237732422556,1.9143724292996767,-0.05214934812935198,-0.10112273566221974,-0.048973387532867764,0,,,-58.776446272637784,-59.565591489258736,,,,,,-59.565591489258736,33.68914971140667,,,12.473867773148662,10.792692032021224,,,,,60,100,-40,,,,,,,,,,,,,,,-0.2793266818319682
1993-08-30,2.265625,2.453125,2.242188,2.367188,2.395836891109208,2.4115515596376764,2.561300801742559,1.9188780568688342,-0.04216431967208185,-0.10167878712297007,-0.059514467450888224,0,,,-55.15643363090877,-57.43666708606971,,,,,,,40.98136246990389,,,17.499078630719744,15.534708601834089,,,,,60,100,-40,,,,,,,,,,,,,,,-0.2472352817265238
1993-09-06,2.367188,2.445313,2.289063,2.4375,2.392116470315693,2.4167412477101413,2.55644586834089,1.924038474213423,-0.028665844348980993,-0.09534677288711446,-0.06668092853813347,0,,,-49.16059371252829,-54.364491205358284,,,,,,,44.799788720224555,,,26.801483599799305,21.80536484337003,,,,,60,100,-40,,,,,,,,,,,,,,,-0.18886443659310642
1993-09-13,2.453125,2.453125,2.320313,2.375,2.357412222436001,2.408392998168113,2.5493303440922275,1.9285256535744835,-0.02208323728793954,-0.09428497514805789,-0.07220173786011835,0,,,-44.61374511490807,-49.64359081944838,,,,,,,42.17233231019482,,,40.14295694895489,32.88674122843594,,,,,60,100,-40,,,,,,,,,,,,,,,-0.22168434507429277
1993-09-20,2.382813,2.523438,2.335938,2.5,2.282774992262001,2.4267143985344903,2.547395820794493,1.934211965479215,-0.008164289479735617,-0.08240709970978788,-0.07424281023005226,0,,,-33.56687249736082,-42.44707044159906,,,,,,,48.692150269972004,,,56.278888034018095,47.93863777343466,,,,,60,100,-40,,,,,,,,,,,,,,,-0.1768394303548169
1993-09-27,2.554688,2.632813,2.523438,2.5625,2.1997979928147147,2.4538715188275924,2.54798814154765,1.9404635877132526,0.005653284414760373,-0.0671762047116018,-0.07282948912636217,0,,,-14.54368848523027,-30.908102032499723,,,,,,,51.64520470740733,,,70.58310732725107,63.29613140464438,,,,,60,100,-40,,,,,,,,,,,,,,,-0.16579221520752557
1993-10-04,2.578125,2.679688,2.570313,2.640625,2.2848569933279497,2.491222215062074,2.551620959526174,1.9474303679350113,0.01966724506650412,-0.04824543279323201,-0.06791267785973613,0,,,2.2468500839564953,-15.2879036328782,,,,,,,55.14147311362932,,,86.70316118227021,78.97388597724994,,,,,60,100,-40,,,,,,,,,,,,,,,-0.19364374365500267
1993-10-11,2.640625,2.664063,2.507813,2.523438,2.2935278509473815,2.497665372049659,2.5505157454271083,1.9531617871595386,0.020560480973373207,-0.042212076643019625,-0.06277255761639283,0,,,8.807110567829689,-1.1632426111480332,,,,,,,49.343852615064854,,,89.98347028045325,88.06736504951368,89.98347028045325,,,,60,100,-40,,,,,,,,,,,,,,,-0.2327931413231529
1993-10-18,2.53125,2.625,2.4375,2.511719,2.2959990758797115,2.5004760976397273,2.548994304429967,1.9587195703718814,0.019866935771018703,-0.037938887902619456,-0.05780582367363816,0,,,9.834321991607151,6.96276088113111,,,,,,,48.788129056897695,,,86.38775821479038,89.77688208206602,,,,,60,100,-40,,,,,,,,,,,,,,,-0.21888948976774236
1993-10-25,2.515625,2.539063,2.460938,2.503906,2.2938294990311605,2.501162078111782,2.547226135628792,1.964144310965196,0.018419174725579773,-0.03478185526666344,-0.053201029992243215,0,,,7.661599348050651,8.767677302495828,,,,,,,48.3944784341145,,,78.17037082149994,82.80973787547686,,,,,60,100,-40,,,,,,8.767677302495828,,,,,,,,,-0.17960498280602696
1993-11-01,2.507813,2.546875,2.375,2.460938,2.3074398919575065,2.4931172624894256,2.543842287172761,1.9690875317516119,0.014289088831072251,-0.0353396689534029,-0.049628757784475154,0,,,0.21367300465916195,5.9031981147723185,,,,,,,46.174794339817765,,,72.05002266407773,75.1574208607983,,,,,60,100,-40,,,,,,,,,,,,,,,-0.14919952071880205
1993-11-08,2.46875,2.578125,2.429688,2.558594,2.3066852568176843,2.5062126099915405,2.5444207857150056,1.9749532677540833,0.017636007046533723,-0.027583748976307998,-0.04521975602284172,0,,,4.330010442753126,4.068427598487644,,,,,,,51.63650774942958,,,72.22470412534513,71.73075912139261,,,,,60,100,-40,,,,,,4.068427598487644,,,,,,,,,-0.13541044677785546
1993-11-15,2.5625,2.59375,2.484375,2.503906,2.3093328099021355,2.5057512879932324,2.542831970588927,1.980216479020212,0.01573148139701365,-0.025555404276574656,-0.041286885673588306,0,,,8.388022909390694,4.310568785600991,,,,,,,48.642101273874275,,,72.0289130954865,71.42977494690695,,72.0289130954865,,,60,100,-40,,,,,,,,,,,,,,,-0.1331225807708144
1993-11-22,2.492188,2.492188,2.390625,2.46875,2.317371537766269,2.498351030394586,2.539926795271714,1.9850775090797124,0.011845922233355663,-0.026479482881893723,-0.038325405115249386,0,,,-3.2256552132979035,3.16412604628197,,,,,,,46.753929382157324,,,72.82923831144798,72.75129424906491,,,,,60,100,-40,,,,,,3.16412604628197,,,,,,,,,-0.12051496653565479
1993-11-29,2.46875,2.703125,2.445313,2.679688,2.363341070782964,2.534618424315669,2.5454076268296864,1.9919890562530485,0.022600521980564357,-0.010074752639543938,-0.032675274620108295,0,,,14.572900400165066,6.5784226987526155,,,,,,,57.48195816280516,,,76.27727152016193,74.52244416455524,76.27727152016193,,,,60,100,-40,,,,,,6.5784226987526155,,,,,,,,,-0.05564107823047913
1993-12-06,2.65625,2.6875,2.515625,2.558594,2.3491069942984666,2.5394135394525352,2.545924739503032,1.9976269163898341,0.020726498102296338,-0.006767151992237874,-0.027493650094534212,0,,,22.76358554000872,11.370276908958628,,,,,,,51.081305483616084,,,74.58384841884924,75.02674452182454,,,,,60,100,-40,,,,,,,,,,,,,,,-0.018667747431281058
1993-12-13,2.546875,2.5625,2.476563,2.515625,2.348166351848576,2.534655831562028,2.5447365144244816,2.002781126177,0.01597385212509172,-0.0075263349381695654,-0.023500187063261284,0,,,16.76780201411878,18.034762651430857,,,,,,,48.984555693181974,,,71.03684658975544,73.56168609278836,,,,,60,100,-40,,,,,,18.034762651430857,,,,,,,,,0.038148870742816976
1993-12-20,2.53125,2.578125,2.515625,2.527344,2.3595697552879633,2.533193465249622,2.5440544550352864,2.008000657259816,0.013119735898640968,-0.007100517189960076,-0.020220253088601044,0,,,16.558863025971416,18.696750193366306,,,,,,,49.59584718861237,,,54.12016646630621,62.72332308380222,,,,,60,100,-40,,,,,,,,,,,,,,,0.04941680339546264
1993-12-27,2.523438,2.609375,2.492188,2.519531,2.373506772767395,2.530460972199698,2.5430927509162555,2.0130905114164346,0.0103288096864739,-0.007309240980508669,-0.01763805066698257,0,,,16.277314792448752,16.53465994417965,,,,,,,49.170308559371506,,,42.13336074008719,49.57393460392677,,42.13336074008719,,,60,100,-40,,,,,,,,,,,,,,,-0.038201453507397315
1994-01-03,2.515625,2.679688,2.476563,2.664063,2.3786358604268667,2.557181377759758,2.547836682252873,2.019567849611296,0.01742255526261769,0.004140143411289543,-0.013282411851328146,0,,,29.909042878813313,20.915073565744496,,,,,,,56.62810271312077,,,46.96938532646401,43.53714184449645,,,,,60,100,-40,,,,,,20.915073565744496,,,,,,,,,0.007679503452128088
1994-01-10,2.65625,2.703125,2.617188,2.675781,2.3711217275392333,2.5809013022078067,2.5528541064782506,2.0260973336947656,0.021824367022856152,0.013998046927242047,-0.007826320095614106,0,,,45.09522541280265,30.427194361354907,,,,,,,57.17991583399487,,,62.62250655522131,52.58485719878045,,,,,60,100,-40,,,,,,,,,,,,,,,0.08474785952577105
1994-01-17,2.664063,2.71875,2.578125,2.695313,2.396510461286431,2.6037836417662454,2.558440729753613,2.0327561960460616,0.024757105650599326,0.023120061967635053,-0.001637043682964275,0,,,52.29230424981774,42.43219084714457,,,,,,,58.14157638136998,,,85.13280005957742,73.33184620981214,,,,,60,100,-40,,,,,,,,,,,,,,,0.12302663554326217
1994-01-24,2.6875,2.71875,2.601563,2.652344,2.3977642140516857,2.613495713412996,2.562123210939746,2.0389212488217225,0.02257022443669057,0.026575736862898935,0.004005512426208367,0,,,54.54982192338898,50.64578386200312,,,50.64578386200312,,50.64578386200312,,55.18773293536414,,,89.23778813122533,87.01737152086389,89.23778813122533,,,,60,100,-40,,,,,,,,,,,,,,,0.08415085964317254
1994-01-31,2.664063,2.683594,2.539063,2.539063,2.4022766987622797,2.598609170730397,2.5612188889421086,2.0438977836593173,0.012750514931109454,0.019943656090095185,0.007193141158985731,0,,,43.235570457125576,50.02589887677743,,,,,,,48.19472372572667,,,74.78905158259406,84.4925154540294,,,,,60,100,-40,,,,,,50.02589887677743,,,,,,,,,0.04152806531768019
1994-02-07,2.492188,2.539063,2.4375,2.460938,2.402560577422117,2.5710749365843175,2.557286305062026,2.0480474375532545,0.0008759747098303601,0.008288109546273681,0.007412134836443321,0,,,18.80982576766951,38.865072716061356,,,,,,,44.026677550726404,,,47.258801660674514,62.765348943523634,,,,,60,100,-40,,,,,,,,,,,,,,,-0.05266522536199332
1994-02-14,2.46875,2.523438,2.4375,2.5,2.4089624647491084,2.556859949267454,2.5550397832948875,2.0525444779756103,-0.004187406528970075,0.0021778766752307277,0.006365283204200802,0,,,3.524026325402591,21.856474183399218,,,,,,,46.53139329365293,,,24.359041551688822,36.38898129809044,,,,,60,100,-40,,,,,,,,,,,,,,,-0.011253231098881994
1994-02-21,2.5,2.5625,2.445313,2.53125,2.4171392172670294,2.5517379594139635,2.5541068506166567,2.057307717000729,-0.005205254103490093,-0.00014128442516181394,0.005063969678328279,0,,,-3.83515067379164,6.166233806426814,,,,,,,48.52761734348123,,,18.682586532512765,20.36163231203453,,18.682586532512765,,,60,100,-40,,,,,,,,,,,,,,,0.002817846707495337
1994-02-28,2.539063,2.601563,2.515625,2.53125,2.420267773176527,2.5476403675311707,2.5532105035336503,2.062023560612662,-0.005616520467765925,-0.001956680906379127,0.0036598395613867975,0,,,-3.188782794511911,-1.1666357143003252,,,,,,,48.52761734348123,,,23.490257672325264,19.078289475732177,,,,,60,100,-40,,,,,,,,,,,,,,,0.030615481841331164
1994-03-07,2.539063,2.570313,2.492188,2.554688,2.4276370036639183,2.5490498940249364,2.5532684445715463,2.0669256943379093,-0.004117474627681151,-0.0014870037232146416,0.0026304709044665097,0,,,-4.986954803067217,-4.003629423790262,,,,,,,50.16532648906195,,,31.85908148435746,27.15598239765606,,,,,60,100,-40,,,,,,,,,,,,,,,0.06941376751046635
1994-03-14,2.578125,2.664063,2.570313,2.648438,2.4355960034022095,2.5689275152199493,2.557000584000113,2.0727118864340497,0.002996867569110097,0.006376555365854131,0.0033796877967440337,0,,,11.468050129427443,1.097437510616105,,,,,,,56.20361182062414,,,47.08692590063934,39.65956456031397,,,,,60,100,-40,,,,,,1.097437510616105,,,,,,,,,0.09616616787757964
1994-03-21,2.65625,2.789063,2.570313,2.734375,2.477584217444909,2.6020170121759594,2.563956443451089,2.079295599006845,0.012752385287266136,0.019320169405826704,0.006567784118560568,0,,,29.722403527960036,12.067832951440087,,,,,,,60.907398373920174,60.907398373920174,,66.47870160758438,56.008467756798076,,,,,60,100,-40,,,,,,,,,,,,,,,0.1338231886932412
1994-03-28,2.734375,2.75,2.578125,2.648438,2.464676416198844,2.6113012097407675,2.567269445668693,2.084958707474439,0.012654277878517698,0.02238563146670769,0.009731353588189991,0,,,35.36629406208752,25.518915906491667,,,,,,,54.55934507361772,,,77.57276844279727,71.65218989623249,,,,,60,100,-40,,,,,,,,,,,,,,,0.09238911998449117
1994-04-04,2.578125,2.816406,2.570313,2.71875,2.459387029327498,2.632790967792614,2.5732098595640385,2.091265088494594,0.016327856584011792,0.030141174318204733,0.013813317734192941,0,,,43.363856536933575,36.15085137566037,,,,,,,58.40218588444699,,,82.3735479256444,81.29734457475539,82.3735479256444,,,,60,100,-40,,,,,,,,,,,,,,,0.13213581013679288
1994-04-11,2.71875,2.726563,2.59375,2.652344,2.443872884375534,2.6367015742340913,2.5763131591889783,2.096847963235941,0.013410642160403514,0.030576620434697332,0.01716597827429382,0,,,41.9362778859884,40.222142828336494,,,,,,,53.75128938837991,,,74.46903831748165,78.97029372521469,,,,,60,100,-40,,,,,,,,,,,,,,,0.10434623467476742
1994-04-18,2.648438,2.898438,2.570313,2.867188,2.5784627497772816,2.682798859387273,2.5877200156913713,2.1045130382286183,0.024433523871449182,0.0477078831136053,0.023274359242156116,0,,,53.83025737493424,46.37679726595207,,,,,,,63.84323958337245,,,80.2308519463046,78.4698095197228,,,,,60,100,-40,,,,,,,,,,,,,,,0.1478507226999753
1994-04-25,2.875,2.976563,2.851563,2.890625,2.575647981936047,2.7243640875098185,2.599598642527004,2.112335047798483,0.031345113579769664,0.062455751216868194,0.03111063763709853,0,,,67.39978575661601,54.38877367251288,,,,,,,64.75220695866236,,,83.00530063591594,79.49256963861673,,,,,60,100,-40,,,,,,,,,,,,,,,0.13886714513225112
1994-05-02,2.898438,3.007813,2.839844,2.882813,2.5802891975120437,2.7560538700078547,2.610705087918102,2.12000149508407,0.033251828125422114,0.07267542279387618,0.03942359466845406,0,,,72.56469013075795,64.5982444207694,,,,,,,64.16968671283225,,,94.18440913777262,89.2196860704117,,,,,60,100,-40,,,,,,,,,,,,,,,0.11122533391986009
1994-05-09,2.867188,3.046875,2.863281,3.015625,2.703460469118326,2.8079680960062836,2.626584300156608,2.1289131717499004,0.040820138266723094,0.09044876750185793,0.049628629235134836,0,,,76.71089858158419,72.22512482298605,,,,,,,69.26254451261198,,,97.04394877648048,94.93876534782741,,,,,60,100,-40,,,,,,,,,,,,,,,0.15779746695326613
1994-05-16,3.007813,3.101563,2.921875,3.054688,2.73859322132416,2.857312076805027,2.6433726805426234,2.138124861583235,0.045464404002979866,0.10645913423885967,0.0609947302358798,0,,,79.09645997287404,76.1240162284054,,,,,,,70.59432451092736,,,99.14913220513354,99.14913220513354,,,,,60,100,-40,,,,,,,,,,,,,,,0.19265323295973558
1994-05-23,3.0625,3.296875,3.03125,3.273438,2.9542517055152917,2.9405372614440215,2.668081124442913,2.149421509726685,0.05939605725530686,0.13523980180501338,0.07584374454970652,0,,,84.85223000323329,80.21986285256384,,,,,,,76.7148441812728,,,99.71637740171118,99.43275480342236,,,,,60,100,-40,,,,,,,,,,,,,,,0.19786732817101788
1994-05-30,3.265625,3.360351,3.242188,3.304688,2.970354297978485,3.0133674091552174,2.6930460999549553,2.1609166986846287,0.06631735719677512,0.15874044104567542,0.0924230838489003,0,,,88.2726151396772,84.07376837192818,,,,,,,77.44150432302607,77.44150432302607,,99.85818870085558,99.71637740171117,99.85818870085558,,,,60,100,-40,,,,,,,,,,,,,,,0.1861679741756087
1994-06-06,3.289063,3.414063,3.226563,3.285156,2.977354848122879,3.067725127324174,2.7162660960351532,2.172103159394234,0.06508993824060924,0.17378550664966186,0.10869556840905262,0,,,87.34747622219528,86.82410712170191,,,86.82410712170191,,86.82410712170191,,75.83898417616018,,,98.89085560548493,99.44542780274246,,,,,60,100,-40,,,,,,,,,,,,,,,0.07458017857284233
1994-06-13,3.289063,3.414063,3.242188,3.3125,2.981762073256959,3.1166801018593393,2.739647817759265,2.1834503916390675,0.06166256714974708,0.18577377734623646,0.12411121019648938,0,,,84.51328282377828,86.71112472855026,,,,,,,76.57417823390752,,,98.00052756588924,98.58433463500147,,,,,60,100,-40,,,,,,86.71112472855026,,105,,,,,,,0.07247965017430573
1994-06-20,3.28125,3.34375,3.078125,3.09375,2.9808326394528906,3.1120940814874714,2.7535341778471367,2.1925080991849475,0.041190291513924226,0.17559907458889468,0.13440878307497045,0,,,74.47955533624256,82.11343812740539,,,,,,,60.594497173963305,,,83.1804406968298,90.528471324666,,,,,60,100,-40,,,,,,,,,,,,,,,0.06158752510995709
1994-06-27,3.109375,3.296875,3.085938,3.140625,2.966576736634827,3.117800265189977,2.7687142100884254,2.2019420981980327,0.02796547638692376,0.16936562855862514,0.14140015217170138,0,,,65.96192300896561,74.98492038966215,,,,,,,62.415257039933266,,,67.80010667470485,77.21233597879508,,,,,60,100,-40,,,,,,,,,,,,,,,0.07521064071688069
1994-07-04,3.148438,3.1875,2.984375,3.09375,2.9611516840180534,3.1129902121519817,2.7814607116535854,2.2108158086637237,0.013929850801713106,0.15881246567384277,0.14488261487212967,0,,,53.03003941374841,64.4905059196522,,,,,,,59.43992031333882,,,46.43121389266467,56.77067880623438,,,,,60,100,-40,,,,,,,,,,,,,,,0.06148543268859955
1994-07-11,3.101563,3.101563,2.929688,3.039063,2.9572301351596213,3.0982047697215855,2.7915627621769743,2.219057074249159,-0.00040849692218611344,0.14437199371939702,0.14478049064158313,0,,,37.910975156742865,52.300979193152294,,,,,,,56.06222394591707,,,35.534334884962796,41.38707402990879,,,,,60,100,-40,,,,,,,,,,,,,,,0.05444189237556225
1994-07-18,3.21875,3.234375,2.953125,3.160156,2.9580529826482196,3.1105950157772684,2.806017398954348,2.22842124266459,-0.002966145144244925,0.14107280921127696,0.1440389543555219,0,,,33.178185286285775,41.373066618925684,,,,,,,61.33305711712396,,,27.000673601872336,29.9436729807141,,,,,60,100,-40,,,,,,,,,,,,,,,0.10157689237785315
1994-07-25,3.164063,3.226563,3.078125,3.21875,2.943192055316204,3.132226012621815,2.8222029911522166,2.2382752601505147,-0.00198758272867966,0.1415544759446723,0.14354205867335196,0,,,34.5156639461251,35.201608129717904,,,,,,,63.6207174595842,,,26.449755114276577,26.659695047900126,,26.449755114276577,,,60,100,-40,,,,,,,,,,,,,,,0.11398057245180931
1994-08-01,3.226563,3.414063,3.21875,3.28125,2.948365765650761,3.162030810097452,2.8402048346364435,2.2486531182584697,0.0014099120458997694,0.14530444873072668,0.1438945366848269,0,,,44.436017689165666,37.37662230719218,,,,,,,65.94867321572498,,,33.01288156219216,29.080813132016974,,,,,60,100,-40,,,,,,37.37662230719218,,,,,,,,,0.0812894157313439
1994-08-08,3.273438,3.5,3.25,3.453125,3.0870984966757065,3.2202496480779614,2.8642409195526612,2.260637913101669,0.013122287975733005,0.16029739665449316,0.14717510867876016,0,,,54.46491306977664,44.47219823502246,,,,,,,71.40083512005654,,,45.96980606704123,38.7810943267757,,,,,60,100,-40,,,,,,,,,,,,,,,0.07544499146988146
1994-08-15,3.46875,3.523438,3.375,3.429688,3.0775289611988703,3.262137318462369,2.8864153148643217,2.2722702522747866,0.016938024323418954,0.16834763908303385,0.1514096147596149,0,,,60.708892965242576,53.20327457472829,,,,,,,69.7510147900294,,,57.12663753409537,51.089185716966206,,,,,60,100,-40,,,,,,,,,,,,,,,0.07388837265817978
1994-08-22,3.4375,3.609375,3.40625,3.554688,3.1847148211132366,3.320647454769895,2.9126220868304267,2.2850306278740424,0.02503857014025429,0.18270782743493275,0.15766925729467846,0,,,66.18747033792745,60.453758790982214,,,,,,,73.3138040131477,73.3138040131477,,69.48294209004354,63.822122834654586,,,,,60,100,-40,,,,,,,,,,,,,,,0.07950664737983852
1994-08-29,3.585938,3.703125,3.484375,3.5,3.1821236196051483,3.356517963815916,2.935656514797861,2.297119875357883,0.023875771182362948,0.18751397127263214,0.1636382000902692,0,,,69.04798749292114,65.31478359869705,,,,,,,69.43750253474994,,,71.37535696740137,70.26464115786494,,,,,60,100,-40,,,,,,,,,,,,,,,0.04972259362084747
1994-09-05,3.492188,3.625,3.480469,3.554688,3.1774853610619234,3.396151971052733,2.959932259315592,2.3096329910259636,0.023893546108914338,0.19350513272641212,0.16961158661749778,0,,,68.45070303068047,67.895386953843,,,,,,,71.0932466338364,,,75.14703642864635,74.48097674491574,75.14703642864635,,,,60,100,-40,,,,,,,,,,,,,,,-0.01835442357051244
1994-09-12,3.570313,3.640625,3.492188,3.554688,3.1837811209860716,3.4278591768421864,2.9832560138522353,2.3220215980804317,0.021105831460086294,0.19599387594260564,0.17488804448251935,0,,,66.71116783662582,68.06995278674246,,,68.06995278674246,,68.06995278674246,,71.0932466338364,,,73.66439315310285,73.9069887988801,,,,,60,100,-40,,,,,,68.06995278674246,,105,,106,,,,,-0.00028667672953880277
1994-09-19,3.570313,3.59375,3.4375,3.5,3.189069183772781,3.442287341473749,3.003520483897246,2.3337427762089846,0.013167662047118112,0.19134762204141698,0.17817995999429886,0,,,61.276384798011726,65.479418555106,,,,,,,66.84327245403078,,,73.55126726084337,74.08435703534731,,,,,60,100,-40,,,,,,,,,,,,,,,0.015334319443759105
1994-09-26,3.5,3.59375,3.429688,3.507813,3.192863384931868,3.4553924731789993,3.0232966609993146,2.345425066992975,0.006376075367625911,0.18615005420383124,0.17977397883620533,0,,,56.262239010576984,61.4165972150715,,,,,,,67.14723339599001,,,70.87660631568444,72.04829690625847,,,,,60,100,-40,,,,,,,,,,,,,,,-0.023345771668568223
1994-10-03,3.507813,3.523438,3.367188,3.398438,3.1952705717224488,3.4440015785431997,3.038008086058165,2.3559028076199104,-0.006834026024193168,0.17123144630596387,0.17806547233015704,0,,,45.19870770033056,54.245777169639744,,,,,,,58.9512430838466,,,57.66604577055046,64.51379618813768,,,,,60,100,-40,,,,,,,,,,,,,,,-0.07376611847760037
1994-10-10,3.398438,3.609375,3.398438,3.496094,3.1986218165994167,3.4544200628345596,3.05597223954608,2.3672479936137423,-0.01014682186126284,0.1653819450035785,0.17552876686484134,0,,,42.73919302750028,48.066713246135926,,,,,,,63.285850383613685,,,49.39863933952088,54.830122439278846,,,,,60,100,-40,,,,,,,,,,,,,,,-0.1210138327372599
1994-10-17,3.5,3.742188,3.4375,3.710938,3.350171258270887,3.505723650267648,3.0816571713285867,2.380618043428531,0.0004192749596043377,0.17605286056434677,0.17563358560474243,0,,,50.31739427825765,46.08509833536281,,,,,,,70.66793190622752,,,48.71566486432699,48.05419533034502,,48.71566486432699,,,60,100,-40,,,,,,46.08509833536281,,,,,,,,,-0.08292469211347263
1994-10-24,3.71875,3.898438,3.648438,3.882813,3.5042884541086807,3.581141520214118,3.1130750469627597,2.3955652569267545,0.01638736375561256,0.19611779029925813,0.17973042654364557,0,,,62.70906650975461,51.92188460517084,,,,,,,75.02079974289478,75.02079974289478,,66.20052193064316,56.436333624839534,,,,,60,100,-40,,,,,,,,,,,,,,,0.029317759640615445
1994-10-31,3.890625,4.007813,3.832031,3.84375,3.4956116359580607,3.6336632161712945,3.14172896668971,2.4099750553652943,0.021405322379769054,0.20648707951835688,0.18508175713858782,0,,,70.71669768090277,61.247719489638335,,,,,,,72.37629627752285,,,80.36745530784017,71.51918881260902,,,,,60,100,-40,,,,,,,,,,,,,,,-0.002439410551429457
1994-11-07,3.84375,4.039063,3.796875,3.890625,3.5059691619610565,3.685055572937036,3.171097438584231,2.4247078906352915,0.024732477202228015,0.21599735364137285,0.19126487643914483,0,,,73.48512452585311,68.97029623883681,,,,,,,73.58668043343229,,,88.96389581304646,85.77705591640274,,,,,60,100,-40,,,,,,,,,,,,,,,0.04395691551588299
1994-11-14,3.921875,4.070313,3.921875,4.007813,3.616034293249552,3.7496070583496284,3.203909813541712,2.4404601802807115,0.03125629508204236,0.2303352452916978,0.19907895020965544,0,,,76.12168684611349,73.44116968428978,,,,,,,76.38866554710575,76.38866554710575,,91.66156672525372,91.17239774081723,91.66156672525372,,,,60,100,-40,,,,,,,,,,,,,,,0.07918096646188676
1994-11-21,4.03125,4.046875,3.816406,3.890625,3.6183487723031553,3.777810646679703,3.230839820853802,2.4548896809744356,0.02441316192927484,0.229595402621249,0.20518224069197416,0,,,72.38088593587165,73.99589910261274,,,73.99589910261274,,73.99589910261274,,68.51477814675393,,,86.10674050738628,89.12873810853823,,,,,60,100,-40,,,,,,73.99589910261274,,105,,,,,,,0.0642604168274008
1994-11-28,3.90625,4.023438,3.875,3.953125,3.61324350285293,3.8128735173437622,3.2591647298399273,2.469797495094093,0.02096223701952621,0.2313850369663819,0.2104227999468557,0,,,69.51359915590716,72.67205731263074,,,,,,,70.28448956329737,,,79.08699264959257,83.3523659787774,,,,,60,100,-40,,,,,,,,,,,,,,,0.0491366911007527
1994-12-05,3.960938,4.015625,3.890625,3.945313,3.6202216097920066,3.8393614138750096,3.2860725051403223,2.484479241411565,0.015283460947919325,0.22952712613175486,0.21424366518383553,0,,,65.93943395594826,69.27797301590901,,,,,,,69.75359701897364,,,68.2599194993908,73.60655030635591,,,,,60,100,-40,,,,,,,,,,,,,,,-0.006949116422107824
1994-12-12,3.945313,4.015625,3.851563,3.960938,3.6300495662354346,3.8636767311000075,3.3125378186642314,2.499170373337818,0.009966862241983593,0.22670224298631503,0.21673538074433144,0,,,61.649427577875265,65.7008202299102,,,,,,,70.24066573965882,,,67.05923654490255,67.96334527565962,,,,,60,100,-40,,,,,,,,,,,,,,,-0.03608197029180708
1994-12-19,3.960938,3.976563,3.671875,3.804688,3.6335952400757607,3.851878984880006,3.331837825775438,2.512160598478735,-0.0058354032820626955,0.20944112664175307,0.21527652992381577,0,,,49.15058942103239,58.91315031828528,,,,,,,59.80712863792442,,,52.32806482529614,58.431136539290854,,,,,60,100,-40,,,,,,,,,,,,,,,-0.02430027921091062
1994-12-26,3.8125,3.867188,3.75,3.820313,3.616798222927492,3.845565787904005,3.350993714960715,2.525177040284917,-0.016399539722679213,0.19477710527046677,0.21117664499314598,0,,,38.349137956680046,49.71638498519588,,,,,,,60.44366194250576,,,37.70759355147225,46.94882700709783,,,,,60,100,-40,,,,,,,,,,,,,,,-0.051447598501343124
1995-01-02,3.84375,3.84375,3.710938,3.789063,3.6279867070040996,3.834265230323204,3.3681729026093143,2.5377530199835747,-0.026080803967740318,0.1785756400334706,0.2046564440012109,0,,,26.791474211391694,38.097067196368016,,,,,,,58.438438365343735,,,16.54003858286097,26.942857593217493,,,,,60,100,-40,,,,,,,,,,,,,,,-0.029679685602919583
1995-01-09,3.804688,3.9375,3.734375,3.921875,3.636144013646664,3.851787184258563,3.3898867103501256,2.5515253779936886,-0.024171696166347123,0.174441823793277,0.19861351995962412,0,,,26.02793103740629,30.389514401825988,,,,,,,63.94551073429377,63.94551073429377,,15.046627023544032,16.174208428859796,,,,,60,100,-40,,,,,,,,,,,,,,,-0.02323890552240423
1995-01-16,3.953125,4.078125,3.828125,3.851563,3.6336739412433308,3.85174234740685,3.4079916628854146,2.5644610757250947,-0.028005853254960966,0.1636062033909229,0.19161205664588388,0,,,30.70486301268692,27.841422753828272,,,,,,,59.429207379849814,,,11.181442720289255,10.604787657827806,,,,,60,100,-40,,,,,,27.841422753828272,,,,,,,,,-0.02496419302328852
1995-01-23,3.8125,3.945313,3.734375,3.742188,3.6246838740116645,3.82983147792548,3.4210974015957905,2.5761797515885267,-0.03766786305801073,0.14452722782337046,0.1821950908813812,0,,,20.292609773670698,25.67513460792128,,,,,,,53.108212351560894,,,12.118255755330296,12.47841372790989,,,,,60,100,-40,,,,,,25.67513460792128,,,,,,,,,-0.07826036663145367
1995-01-30,3.757813,3.796875,3.640625,3.757813,3.621916240153688,3.815427782340384,3.434301934866544,2.58793729634884,-0.042413098862067844,0.12917871730379638,0.17159181616586422,0,,,4.408401574759141,18.468624787038895,,,,,,,53.86758640504747,,,5.651317795311712,8.704707789031207,,5.651317795311712,,,60,100,-40,,,,,,,,,,,,,,,-0.0418131746340121
1995-02-06,3.757813,3.914063,3.757813,3.875,3.580283865856997,3.8273422258723073,3.451584211930601,2.6007438904150204,-0.037249725271074535,0.12502965957702106,0.1622793848480956,0,,,7.185018674616188,10.628676674348652,,,,,,,59.23175585218226,,,8.959779955214948,8.068896373693203,,,,,60,100,-40,,,,,,,,,,,,,,,-0.009130141010559952
1995-02-13,3.875,3.921875,3.730469,3.773438,3.5851520182957826,3.816561380697846,3.4642059291097933,2.6124124885203437,-0.04002165033234964,0.11225232193265855,0.1522739722650082,0,,,3.105400056044277,4.899606768473178,,,,,,,53.40178964593074,,,8.641874247545946,7.4330849583552,,,,,60,100,-40,,,,,,,,,,,,,,,-0.0407966290724153
1995-02-20,3.78125,3.882813,3.71875,3.828125,3.584650159846084,3.818874104558277,3.478477265223135,2.624509130425614,-0.03755929437398289,0.10532485429752958,0.14288414867151247,0,,,0.04186129805221883,3.4440933429042038,,,,,,,55.931962004806195,,,12.350644413821131,11.100653975278911,,,,,60,100,-40,,,,,,,,,,,,,,,-0.001858067253475659
1995-02-27,3.835938,4,3.820313,3.976563,3.603715291285649,3.8504118836466215,3.498010039135953,2.6379624027596877,-0.025876698215654803,0.11053827590194398,0.1364149741175988,0,,,17.038568893080235,6.728610082392244,,,,,,,61.99926841120091,,,18.047882644139126,14.886765919344574,,,,,60,100,-40,,,,,,6.728610082392244,,,,,,,,,0.030508418488991794
1995-03-06,3.953125,4.296875,3.929688,4.285156,3.9132706990509596,3.937360706917297,3.528878508189445,2.65435238880188,0.001252241057347836,0.1379802754392836,0.13672803438193576,0,,,42.603833080866124,19.894754423999526,,,,,,,70.99360367473696,,,42.16316083839418,29.78398897452135,,,,,60,100,-40,,,,,,,,,,,,,,,0.04608048916222603
1995-03-13,4.289063,4.5,4.265625,4.371094,3.9733166491187486,4.024107365533838,3.5619065666918197,2.671434394883453,0.02242832907610323,0.1647634457270648,0.14233511665096157,0,,,61.52451598771935,40.388972653888565,,,,,,,72.92680840433023,,,67.98068119373374,52.92817361466704,,,,,60,100,-40,,,,,,,,,,,,,,,-0.011440079818276452
1995-03-20,4.382813,4.632813,4.367188,4.617188,4.214341174181695,4.14272349242707,3.6032901523117484,2.6907951272726724,0.04893286279645276,0.20350119514652754,0.15456833235007478,0,,,73.32248128625787,59.15027678494778,,,,,,,77.56534827195007,77.56534827195007,,89.59592024584458,79.19184049168915,89.59592024584458,,,,60,100,-40,,,,,,,,,,,,,,,0.09323288896649094
1995-03-27,4.546875,4.625,4.398438,4.445313,4.205169518883002,4.2032413939416555,3.63631065614266,2.7082530165535412,0.050602418578509445,0.21782135557321158,0.16721893699470214,0,,,75.80456990662915,70.21718906020213,,,,,,,68.66420076040919,,,89.48336388986348,90.49997913813185,,,,,60,100,-40,,,,,,,,,,,,,,,0.07084344918069618
1995-04-03,4.4375,4.46875,4.296875,4.351563,4.202233410391359,4.232905715153325,3.664359767666477,2.7246043596724117,0.041488792287412396,0.21907992735396764,0.17759113506655524,0,,,71.39699025453876,73.5080138158086,,,73.5080138158086,,73.5080138158086,,64.30371392450624,,,78.7197968919032,86.47658560635038,,,,,60,100,-40,,,,,,73.5080138158086,,105,,106,,,,,0.04441619748640548
1995-04-10,4.34375,4.578125,4.335938,4.53125,4.207319452506262,4.29257457212266,3.6983554630521054,2.7425809332080098,0.04344977691891472,0.23190335621519864,0.18845357929628392,0,,,70.51196114313454,72.57117376810082,,,,,,,68.46226971996751,,,65.98868589635995,72.85178215294275,,,,,60,100,-40,,,,,,,,,,,,,,,0.0770425762019158
1995-04-17,4.71875,4.882813,4.625,4.6875,4.2723096344701,4.3715596576981275,3.737145444893199,2.7619333617333033,0.05065458965359956,0.2517718163632834,0.20111722670968382,0,,,75.20959683588652,72.3728494111866,,,,,,,71.58110320662749,,,63.708408546363444,64.37635372749,,63.708408546363444,,,60,100,-40,,,,,,72.3728494111866,,,,,,,,,0.027510452046678308
1995-04-24,4.710938,5.132813,4.695313,5.109375,4.673617803436522,4.519122726158502,3.7909583686228774,2.785290989974763,0.07760455895996266,0.29812292540963714,0.22051836644967449,0,,,80.92241534065394,75.54799110655833,,,,,,,77.95719411519613,77.95719411519613,,74.05714472041969,67.57008561146336,,,,,60,100,-40,,,,,,,,,,,,,,,0.09654924824768618
1995-05-01,5.117188,5.234375,4.96875,5,4.641127174619628,4.615298180926802,3.838371765931784,2.8073278955471532,0.08143763756365904,0.3223154134042483,0.24087777584058925,0,,,83.06968316550237,79.7338984473476,,,,,,,73.3359331884656,,,81.7533039589336,76.77281877812003,,,,,60,100,-40,,,,,,,,,,,,,,,0.03979978910640275
1995-05-08,4.992188,5.140625,4.929688,5.046875,4.636627019289654,4.701613544741441,3.8857640496207337,2.829611946337729,0.08036645773161344,0.3413358480051061,0.26096939027349264,0,,,81.09756982666113,81.69655611093914,,,,,,,74.0501410297808,,,87.63001809258236,85.63450728857197,,,,,60,100,-40,,,,,,81.69655611093914,,105,,,,,,,0.0556800059989457
1995-05-15,5.039063,5.429688,4.992188,5.335938,4.866823875054679,4.828478435793153,3.9426336163022735,2.854550514035861,0.09155023769119469,0.375407187387486,0.2838569496962913,0,,,81.64015726587282,81.93580341934543,,,81.93580341934543,,81.93580341934543,,77.98885305851564,,,89.14357227045183,88.66161564431088,,,,,60,100,-40,,,,,,,,,,,,,,,0.07988287572936031
1995-05-22,5.335938,5.59375,5.25,5.46875,4.970644026836488,4.9565327486345225,4.002481317623753,2.880562449219584,0.09964868150476192,0.4084178015772437,0.3087691200724818,0,,,82.61180840424637,81.78317849892677,,,,,,,79.53495739385859,79.53495739385859,,93.39075104813125,91.508139972362,93.39075104813125,,,,60,100,-40,,,,,,81.78317849892677,,,,,,,,,0.08735477876209484
1995-05-29,5.5,5.523438,5.0625,5.195313,4.957115882062453,5.004288798907618,4.049259030658115,2.903594793008444,0.07923578097788192,0.4078138462948342,0.3285780653169523,0,,,77.4172930915461,80.55641958722177,,,,,,,68.76217686733304,,,85.2771185626788,88.8632820364627,,,,,60,100,-40,,,,,,80.55641958722177,,105,,,,,,,0.03415491397381023
1995-06-05,5.164063,5.375976,5.109375,5.304688,4.927812890486563,5.064368639126094,4.098491539259758,2.9274862677048774,0.06627217330004515,0.4114182819420087,0.34514610864196354,0,,,72.12478379356443,77.38462842978564,,,,,,,70.4939979386098,,,71.84545536760554,80.1638069870016,,,,,60,100,-40,,,,,,,,,,,,,,,0.10533438215337781
1995-06-12,5.289063,5.46875,5.171875,5.4375,4.9283653983089515,5.138994911300875,4.151001674975062,2.9524615287227394,0.0600018586974827,0.4201484320138169,0.3601465733163342,0,,,69.11108736952802,72.88438808487952,,,,,,,72.49959078164855,,,57.20342772114354,64.90622856984785,,57.20342772114354,,,60,100,-40,,,,,,,,,,,,,,,0.1862078237951422
1995-06-19,5.453125,5.773438,5.429688,5.695313,5.1511165841440265,5.2502585290407,4.211562903407412,2.9797535831633093,0.06609598619831025,0.442766556064222,0.37667056986591174,0,,,71.25056561115419,70.82881225808221,,,,,,,75.93894336887212,,,59.422394257732535,57.968129784028434,,,,,60,100,-40,,,,,,70.82881225808221,,,,,,,,,0.1882798750082216
1995-06-26,5.6875,5.695313,5.246094,5.648438,5.140880613848024,5.32989442323256,4.2679109464110425,3.0063076569626794,0.06002531976116493,0.4517022195673679,0.39167689980620296,0,,,68.38951651382504,69.58372316483575,,,,,,,74.11323302149583,,,64.05480858102004,59.621725691478986,,,,,60,100,-40,,,,,,69.58372316483575,,105,,,,,,,0.20966715871228714
1995-07-03,5.679688,5.976563,5.648438,5.976563,5.397558784287451,5.459228138586048,4.334916909296884,3.035862436495389,0.07044304460687151,0.47973070556479236,0.40928766095792085,0,,,71.71910864423552,70.45306358973825,,,,,,,78.10505629702791,,,75.00935728444455,69.8458161927217,,,,,60,100,-40,,,,,,70.45306358973825,,,,,,,,,0.2749858068907066
1995-07-10,6,6.476563,5.984375,6.476563,5.892041228266919,5.662695110868838,4.418903030500927,3.0700982629979223,0.10145736634539976,0.5361093688896705,0.4346520025442708,0,,,78.35317709007431,72.82060074937829,,,,,,,82.54767934483327,82.54767934483327,,82.84740592663815,78.5889004250012,82.84740592663815,,,,60,100,-40,,,,,,,,,,,,,,,0.3281277318336527
1995-07-17,6.734375,6.828125,5.53125,5.75,5.862364211962139,5.68015608869507,4.471102911657754,3.0967639519233163,0.06524778695388816,0.516211736236631,0.4509639492827428,0,,,75.36472465744934,75.1456701305864,,,75.1456701305864,,75.1456701305864,,62.56364891130107,,,70.76326609840889,77.20133550031507,,,,,60,100,-40,,,,,,,,,,106,,,,,0.1602383228174086
1995-07-24,5.789063,6.15625,5.75,5.789063,5.720967696821986,5.701937470956056,4.522787621004508,3.1235529971778107,0.03751348443597069,0.4978558048277062,0.4603423203917355,0,,,68.85280709162087,74.19023627971485,,,,,,,63.08417820694705,,,48.05678049614896,61.88616727926893,,,,,60,100,-40,,,,,,74.19023627971485,,105,,,,,,,0.050901002540645786
1995-07-31,5.820313,5.867188,5.46875,5.867188,5.716903075620416,5.734987576764845,4.575509204494527,3.150852847952161,0.01895254400059415,0.4840330003924782,0.46508045639188406,0,,,58.7545226015744,67.65735145021488,,,,,,,64.16377229033742,,,18.841172498498953,34.058733851632404,,,,,60,100,-40,,,,,,,,,,,,,,,0.13239586331930897
1995-08-07,5.90625,6.132813,5.734375,6.03125,5.714244784504672,5.794240061411876,4.632597078828075,3.1795135161317414,0.012555386263136126,0.48077468922080424,0.4682193029576681,0,,,57.01423774191399,61.54052247836976,,,,,,,66.39928214302486,,,13.046329657156,15.985916043176623,,13.046329657156,,,60,100,-40,,,,,,,,,,,,,,,0.11883443801661958
1995-08-14,6.054688,6.296875,5.984375,6.070313,5.711776371325767,5.849454649129501,4.688978095344622,3.2082776901005796,0.006111841023970832,0.47585910423763167,0.46974726321366084,0,,,58.54947925713297,58.10607986687379,,,,,,,66.93137826475653,66.93137826475653,,13.341755542011505,10.103466375130976,,,,,60,100,-40,,,,,,58.10607986687379,,,,,,,,,0.12225131113447317
1995-08-21,6.09375,6.28125,5.898438,5.898438,5.721761130516783,5.859251319303601,4.7364078955271856,3.2350454543781857,-0.013498498206061027,0.45287414045608454,0.46637263866214557,0,,,55.64791042994233,57.07054247632977,,,,,,,62.23376925641292,,,13.681460625486027,13.512427307749869,13.681460625486027,,,,60,100,-40,,,,,,57.07054247632977,,105,,,,,,,0.0690139827344772
1995-08-28,5.898438,5.898438,5.4375,5.609375,5.720988121194156,5.809276055442881,4.770641899624159,3.258670623986363,-0.047781421018978754,0.40664586238842215,0.4544272834074009,0,,,39.220007730407254,51.1391324724942,,,,,,,55.17784753483834,,,9.983330986987243,12.599300156522178,,,,,60,100,-40,,,,,,,,,,,,,,,0.03896838716886714
1995-09-04,5.679688,6.039063,5.640625,5.96875,5.709109469680287,5.841170844354305,4.817626531011446,3.2856365879267972,-0.047972965688484526,0.3944610762967953,0.4424340419852798,0,,,35.33929110836366,43.402403089571095,,,,,,,61.115581317033566,,,8.383028898431688,9.49597838938447,,,,,60,100,-40,,,,,,,,,,,,,,,0.09824655693365728
1995-09-11,5.960938,6.117188,5.78125,5.839844,5.702543578988839,5.840905475483444,4.857713490579624,3.311051587051904,-0.057838266523174364,0.3701362088313118,0.4279744753544862,0,,,33.3541544606608,35.971151099810584,,,,,,,58.12354091236199,,,9.555718026624309,8.43721931954496,,,,,60,100,-40,,,,,,,,,,,,,,,0.02382728629314964
1995-09-18,5.828125,5.914063,5.5625,5.609375,5.709839537632493,5.794599380386755,4.887190412517678,3.3339204767329793,-0.0795994232204385,0.32847519632893807,0.40807461954937657,0,,,20.101513745876673,29.598319771633726,,,,,,,53.089405848854405,,,10.1068605126662,9.539504291628743,10.1068605126662,,,,60,100,-40,,,,,,,,,,,,,,,0.020497042207402803
1995-09-25,5.65625,5.796875,5.3125,5.65625,5.714382213515886,5.766929504309404,4.917349612026789,3.3570282331833976,-0.08979504677798811,0.29583081107689146,0.3856258578548796,0,,,5.470190422335133,19.641952876290883,,,,,,,53.96787138303063,,,6.50122730177697,8.587722017740317,,,,,60,100,-40,,,,,,,,,,,,,,,0.041551933493722104
1995-10-02,5.65625,5.679688,5.3125,5.367188,5.293377269693323,5.686981203447523,4.934990333123777,3.3770298229029656,-0.11344120024545734,0.24382435754805787,0.3572655577935152,0,,,-9.684042412408282,5.295887251934519,,,,,,,47.96707539604998,,,3.1885550596454624,5.366514859702054,,,,,60,100,-40,,,,,,,,,,,,,,,-0.013032950311216924
1995-10-09,5.304688,5.546875,5.023438,5.390625,5.296417250429514,5.6277099627580185,4.952858359275786,3.3970655958094036,-0.1240768032747055,0.20216955370013334,0.32624635697483884,0,,,-23.423036417999022,-9.212296136024044,,,,,,,48.470348706827934,,,1.9148396351330437,2.3137517789171484,,1.9148396351330437,,,60,100,-40,,,,,,,,,,,,,,,0.0019608940221883336
1995-10-16,5.359375,6.164063,5.34375,5.96875,5.276918803970263,5.695917970206414,4.992697247147324,3.4226544953535885,-0.09031842101971854,0.21334833070019066,0.3036667517199092,0,,,-11.9203931678875,-15.009157332764921,,,,,,,59.053679694750095,,,12.960671331077698,7.1119663532733055,,,,,60,100,-40,,,,,,-15.009157332764921,,,,,,,,,0.056944565034717974
1995-10-23,5.9375,6.258789,5.90625,6.25,5.396089246543816,5.8067343761651316,5.042003237455272,3.4507872864445974,-0.04924443401870349,0.24211120919652984,0.29135564321523333,0,,,6.25511493202535,-9.696104884620377,,,,,,,63.052925672399915,63.052925672399915,,32.33427114374749,21.248461521931507,,,,,60,100,-40,,,,,,,,,,,,,,,0.0876134128202268
1995-10-30,6.203125,6.460938,6.140625,6.21875,5.406720157504973,5.889137500932105,5.088150169319771,3.4783292039924123,-0.02556911587659838,0.2593942483694853,0.2849633642460837,0,,,20.81390235473401,5.0495413729573,,,,,,,62.32024958416824,,,54.619906230461304,42.86731738384205,,,,,60,100,-40,,,,,,,,,,,,,,,0.04134780445555941
1995-11-06,6.0625,6.188476,5.804688,6.054688,5.421195431968903,5.922247600745684,5.126053613660172,3.5039646148979604,-0.022457519985416063,0.25689146426431364,0.2793489842497297,0,,,22.73512437229573,16.601380553018377,,,,,,,58.45691139745877,,,61.843255038600915,58.369771479961464,61.843255038600915,,,,60,100,-40,,,,,,,,,,,,,,,0.03809834826291764
1995-11-13,6.039063,6.078125,5.460938,5.460938,5.421244043971124,5.829985680596547,5.139186334693107,3.5234369868890254,-0.05976848091364195,0.20463838310767724,0.2644068640213192,0,,,10.954727804722857,18.16791817725088,,,,,18.16791817725088,,47.02709144267173,,,49.085561706092804,57.46508927162663,,,,,60,100,-40,,,,,,18.16791817725088,,,,,,,,,-0.05124890281399249
1995-11-20,5.523438,5.59375,5.265625,5.5,5.392271326544615,5.763988544477238,5.153335890195338,3.5431042805518214,-0.07993880718220908,0.16448335504355782,0.2444221622257669,0,,,-3.996682430211367,9.897723248935755,,,,,,,47.75513951609729,,,30.160975451276183,41.586180910087926,,,,,60,100,-40,,,,,,,,,,,,,,,-0.05455150288985692
1995-11-27,5.539063,5.78125,5.367188,5.390625,5.406662660362857,5.68931583558179,5.162641345481796,3.561487571292599,-0.09759905973507066,0.12242333755692858,0.22002239729199924,0,,,-12.280894370687788,-1.7742829987254176,,,,,,,45.84390686604659,,,10.898622285625649,20.309762176068677,,10.898622285625649,,,60,100,-40,,,,,,,,,,,,,,,-0.1433502215277301
1995-12-04,5.382813,5.914063,5.320313,5.90625,5.407749327479796,5.732702668465432,5.191802469188392,3.5848185407324737,-0.07265177920469679,0.12920767328612826,0.20185945249082504,0,,,-10.64821476505002,-8.975263855316376,,,,,,,55.034628803154995,,,16.103569943692108,13.107598068757818,,,,,60,100,-40,,,,,,,,,,,,,,,-0.0012872019162288092
1995-12-11,5.90625,5.921875,5.453125,5.523438,5.3830886612312385,5.690849734772345,5.20480778412218,3.604108286595832,-0.07947726237826416,0.10251287451799485,0.181990136896259,0,,,-13.217504087401059,-12.048871074379607,,,,,,,48.42488559489345,,,18.197796058762155,14.245654082833331,,,,,60,100,-40,,,,,,,,,,,,,,,0.01525086812947697
1995-12-18,5.523438,5.710938,5.335938,5.65625,5.378046614000436,5.683929787817876,5.222511400431114,3.624527607127217,-0.07277243134832817,0.09102459771084881,0.16379702905917698,0,,,-18.26204152564474,-14.042586792698591,,,,,,,50.652438966290724,,,27.559522181612746,24.092131054135717,27.559522181612746,,,,60,100,-40,,,,,,,,,,,,,,,-0.021663176254424606
1995-12-25,5.640625,5.703125,5.390625,5.484375,5.386757570143262,5.644018830254301,5.232780561198521,3.6430335513349066,-0.07721708926739973,0.0672756674749273,0.14449275674232703,0,,,-23.707673961038793,-18.395739858028183,,,,,,,47.76046759667465,,,19.817440492284568,23.20293308208747,,,,,60,100,-40,,,,,,,,,,,,,,,-0.054572679119450074
1996-01-01,5.492188,5.632813,5.304688,5.398438,5.4037748865616,5.594902664203441,5.239276931347599,3.6605002622668974,-0.0827566787866338,0.04104690825903479,0.12380358704566859,0,,,-30.97483225548681,-24.3148492473901,,,,,,,46.32773776187446,,,15.873138368858235,19.801284487321976,,,,,60,100,-40,,,,,,,,,,,,,,,-0.05120657158185515
1996-01-08,5.40625,5.476563,4.992188,5.359375,5.417344537521486,5.547797131362753,5.243986659530046,3.6774044885129977,-0.08551214739946499,0.01691340279633735,0.10242555019580234,0,,,-41.84298507231361,-32.175163762946404,,,,,,,45.65334048749421,,,6.774834676143155,10.481652376290615,,6.774834676143155,,,60,100,-40,,,,,,,,,,,,,,,0.03947149051437829
1996-01-15,5.367188,5.828125,5.117188,5.742188,5.376373499127094,5.5866753050902025,5.263523966999456,3.6979495980800325,-0.05926009652567313,0.02835042953871092,0.08761052606438405,0,,,-34.054582940429974,-35.62413342274346,,,,,,,52.92811436914861,,,11.598892193436868,9.55269840331598,,,,,60,100,-40,,,,,,-35.62413342274346,,,,,,,,,0.11199449016993618
1996-01-22,5.726563,5.796875,5.5625,5.65625,5.170918820618016,5.600590244072162,5.278924987901438,3.7174351742185396,-0.04598239827809343,0.030132528216767263,0.0761149264948607,0,,,-20.971260907932848,-32.28960964022547,,,,,,,51.25940436190648,,,18.83521225778064,13.595881868778681,,,,,60,100,-40,,,,,,,,,,,,,,,0.07836644397035918
1996-01-29,5.671875,5.890625,5.584961,5.8125,5.052125047716729,5.642972195257729,5.299849498179813,3.7382815903954696,-0.02597213623250655,0.04364975620422751,0.06962189243673406,0,,,-6.260664037308981,-20.4288359618906,,,,,,,54.10922007736323,,,33.171932005415414,26.015873160292795,,,,,60,100,-40,,,,,,,,,,,,,,,0.12061646360562009
1996-02-05,5.796875,6.265625,5.796875,6.257813,5.421030687165533,5.765940356206183,5.337416694329624,3.7633515546701415,0.0157155164766372,0.08926628803253056,0.07355077155589336,0,,,16.209354975067637,-3.6741899900580592,,,,,,,61.126749685078984,,,50.778529689202514,41.489898218931415,,,,,60,100,-40,,,,,,,,,,,,,,,0.20436961009894974
1996-02-12,6.234375,6.320313,6.09375,6.117188,5.41383656665371,5.836189884964947,5.367995961218658,3.7867728128326275,0.03137578890929443,0.1127705076925114,0.08139471878321697,0,,,30.65616949270727,13.534953476821977,,,,,,,58.087936300985085,,,67.87485056061074,59.03621328280828,,,,,60,100,-40,,,,,,,,,,,,,,,0.1480562574317383
1996-02-19,6.078125,6.476563,6.054688,6.46875,5.652691454749874,5.962701907971957,5.411162786268907,3.813459153003447,0.06124037899233517,0.15794519252363592,0.09670481353130075,0,,,42.28462294697253,29.71671580491581,,,,,,,63.06135663331123,63.06135663331123,,85.3256901449752,76.85800732195929,85.3256901449752,,,,60,100,-40,,,,,,,,,,,,,,,0.21943598257700203
1996-02-26,6.4375,6.453125,5.914063,5.96875,5.650713493696311,5.963911526377566,5.433028951513264,3.8349048330730646,0.043958132386950524,0.1516524790149889,0.10769434662803838,0,,,42.57848665098419,38.50642636355466,,,,,,,53.313986421516184,,,78.85983819874174,82.05663430097194,,,,,60,100,-40,,,,,,,,,,,,,,,0.16113124156107284
1996-03-04,6,6.179688,5.921875,5.945313,5.629903672718004,5.960191821102053,5.453118522042155,3.8559039193111437,0.02834407370229451,0.14312443875590652,0.11478036505361201,0,,,38.66896245990093,41.17735735261922,,,,,,,52.89878012511175,,,70.18956222703412,77.45888487964271,,,,,60,100,-40,,,,,,41.17735735261922,,,,,,,,,0.0944066747038979
1996-03-11,5.945313,6.445313,5.921875,6.398438,5.652990838952432,6.0478410568816425,5.490189874118934,3.881202765885162,0.04494258927232825,0.17095860164402232,0.12601601237169407,0,,,44.009611287620196,41.75235346616844,,,,,,,59.504336493912824,,,60.73153048238872,65.01158565892862,,60.73153048238872,,,60,100,-40,,,,,,41.75235346616844,,,,,,,,,0.09242999392665098
1996-03-18,6.398438,6.691406,6.234375,6.320313,5.636482493312973,6.102335445505314,5.522743722192701,3.905472519458444,0.04685563355496902,0.18458555431540535,0.13772992076043633,0,,,51.10372272742178,44.59409882498097,,,,,,,57.985432713521135,,,63.44070018932547,61.56327881473131,,,,,60,100,-40,,,,,,,,,,,,,,,0.08509410535368264
1996-03-25,6.34375,6.507813,6.171875,6.445313,5.630640029504903,6.170930956404251,5.558922909557693,3.930744564040947,0.05231999349324906,0.20312991262699764,0.15080991913374858,0,,,53.02638659080825,49.379906868616736,,,,,,,59.76560175993094,,,72.48647239075429,66.68563541281925,,,,,60,100,-40,,,,,,,,,,,,,,,0.09357677098480521
1996-04-01,6.446289,6.570313,6.382813,6.523438,5.6972018845402665,6.2414323651234005,5.596747030751509,3.9565425086773556,0.05661309766680406,0.22157629121725364,0.16496319355044958,0,,,56.468512018733264,53.53287377898776,,,,,,,60.88766470657062,,,77.81583717915143,74.80927632272794,,,,,60,100,-40,,,,,,,,,,,,,,,0.18265541105438862
1996-04-08,6.40625,6.5,6.226563,6.320313,5.729433035644534,6.25720849209872,5.625122166800469,3.980062613068626,0.041869279153275624,0.21729979249204412,0.1754305133387685,0,,,52.70361812252827,54.06617224402326,,,,,,,56.45317607759402,,,78.56259122700132,79.05872246456671,,,,,60,100,-40,,,,,,54.06617224402326,,105,,,,,,,0.154149809786022
1996-04-15,6.3125,7.007813,6.3125,6.859375,6.079673961669925,6.377641793678976,5.673524238690646,4.008712487565456,0.06323559353481217,0.2544750052572837,0.19123941172247155,0,,,60.596574949098404,56.58956836345331,,,,,,,63.992675711838494,,,82.51261083000925,80.97851992125733,,,,,60,100,-40,,,,,,56.58956836345331,,,,,,,,,0.23925904318392413
1996-04-22,6.90625,7.117188,6.890625,7.09375,6.270411464407787,6.520863434943181,5.729219366585131,4.039409378236446,0.08652644289488554,0.2993974653410785,0.21287102244619294,0,,,69.73029687113922,61.010163314255294,,,,,,,66.70764677986841,66.70764677986841,,85.67244518166771,83.36451302288312,,,,,60,100,-40,,,,,,,,,,,,,,,0.19990983492522713
1996-04-29,7.085938,7.203125,6.882813,6.929688,6.292390931235802,6.602628347954545,5.776296567895518,4.068168369497775,0.08417807890093218,0.31809362107235817,0.233915542171426,0,,,72.04961907974518,67.45883029999426,,,,,,,63.09969724735412,,,89.97221384108258,87.99287669034464,,,,,60,100,-40,,,,,,,,,,,,,,,0.20731809011462698
1996-05-06,6.9375,7.196289,6.851563,7.179688,6.389810007576101,6.718040278363636,5.831331526017262,4.09912876383113,0.09211526845821011,0.34905962774418864,0.25694435928597853,0,,,72.71760232023647,71.49917275704028,,,,,,,66.12429285243184,,,90.61335700527465,90.28966058570552,,,,,60,100,-40,,,,,,,,,,,,,,,0.21011307640465443
1996-05-13,7.1875,7.5,7.1875,7.3125,6.529795292749237,6.836932222690909,5.889416564212664,4.131102606977089,0.09839454940765441,0.3799375460455465,0.2815429966378921,0,,,75.64668161441851,73.47130100480005,,,,,,,67.6503352041485,,,91.10613635267322,91.27521928050267,,,,,60,100,-40,,,,,,,,,,,,,,,0.20647175429147258
1996-05-20,7.335938,7.445313,7.164063,7.40625,6.63369391469572,6.950795778152727,5.948900228361187,4.163691138250949,0.1005884084120297,0.40727850715292924,0.30669009874089953,0,,,75.16494174668688,74.50974189378063,,,,,,,68.72763123902362,,,96.30268609696344,93.61986976090361,,,,,60,100,-40,,,,,,,,,,,,,,,0.24463687511340845
1996-05-27,7.421875,7.460938,7.289063,7.421875,6.664322920788883,7.045011622522182,6.006663944896042,4.1961108781688505,0.094891582059352,0.42530457631508956,0.33041299425573756,0,,,73.67773688064872,74.82978674725138,,,74.82978674725138,,74.82978674725138,,68.91454161375687,,,98.32042597631118,96.64085195262236,,,,,60,100,-40,,,,,,74.82978674725138,,105,,106,,,,,0.2293177130402595
1996-06-03,7.421875,7.6875,7.265625,7.578125,6.850130212161106,7.151634298017745,6.068289868625609,4.229762759978116,0.09330574590807117,0.44704517664082655,0.3537394307327554,0,,,72.88807007575728,73.91024956769763,,,,,,,70.80490226755258,,,99.83091707217054,99.66183414434109,,,,,60,100,-40,,,,,,,,,,,,,,,0.18573422791307967
1996-06-10,7.5625,7.867188,7.499023,7.6875,6.951236982721027,7.2588074384141965,6.131788305150095,4.264168105649976,0.09117561526324269,0.46770894981180877,0.3765333345485661,0,,,73.37711663717853,73.31430786452817,,,,,,,72.09190008050115,,,100,99.99999999999999,,,,,60,100,-40,,,,,,73.31430786452817,,,,,,,,,0.19838325214896974
1996-06-17,7.695313,7.8125,7.4375,7.742188,7.005920198240953,7.355483550731357,6.194941234359895,4.2987752687778364,0.0851181920915578,0.4829310746630133,0.39781288257145553,0,,,71.26591371838845,72.51036681044141,,,,,,,72.74275752157301,72.74275752157301,,100,100,,,,,60,100,-40,,,,,,72.51036681044141,,105,,,,,,,0.20950679741359884
1996-06-24,7.75,7.820313,7.4375,7.507813,7.004939326938028,7.385949440585086,6.2464264016399,4.330705992471589,0.05827543124687401,0.47065717163004805,0.41238174038317404,0,,,66.61171313107755,70.41824782888149,,,,,,,65.6358883155516,,,91.32863871666473,95.66431935833236,,,,,60,100,-40,,,,,,,,,,,,,,,0.11209870567099603
1996-07-01,7.515625,7.679688,7.398438,7.398438,7.002912375013883,7.388447152468069,6.291603327065786,4.361230689063912,0.027656351788186984,0.44695218011840776,0.4192958283302208,0,,,59.672587742505314,65.85007153065709,,,,,,,62.54658159842689,,,76.52720898542972,85.01184401146413,,,,,60,100,-40,,,,,,,,,,,,,,,0.1398395644162436
1996-07-08,7.40625,7.585938,6.905273,7.023438,7.015539205370034,7.315445321974455,6.320302726004383,4.387720314048351,-0.02073914964905116,0.3933718912689068,0.414111040917958,0,,,43.96389529457619,56.74939872271968,,,,,,,53.23921878788925,,,48.97874908977339,63.24825755348479,,,,,60,100,-40,,,,,,,,,,,,,,,0.03800622602337623
1996-07-15,7.023438,7.601563,6.71875,7.561523,6.970204833557889,7.364660857579564,6.368978030866956,4.419300440276725,-0.01942137555670692,0.3898343214720743,0.40925569702878123,0,,,35.24248697790725,46.29299000499625,,,,,,,62.023721681662686,,,37.0545211735636,44.21521423314612,,,,,60,100,-40,,,,,,,,,,,,,,,0.17044687027394634
1996-07-22,7.563476,7.59375,6.84375,7.445313,6.899230345446611,7.38079128606365,6.411187245342762,4.449410017985414,-0.028724676468196653,0.3733498514435354,0.40207452791173204,0,,,27.948162095744912,35.71818145607611,,,,,,,59.412360398417896,,,28.36225395243259,30.331894161227055,,28.36225395243259,,,60,100,-40,,,,,,,,,,,,,,,0.2628522291834147
1996-07-29,7.453125,7.742188,7.257813,7.710938,6.852298749343282,7.44682062885092,6.462157863172457,4.4818630327318285,-0.019764080009024187,0.3773694279004518,0.397133507909476,0,,,33.89156331798307,32.3607374638784,,,,,,,63.24432184675467,,,38.71767141782094,33.43044617331526,,,,,60,100,-40,,,,,,32.3607374638784,,,,,,,,,0.2571701350748073
1996-08-05,7.71875,7.867188,7.554688,7.78125,6.885727838675905,7.513706503080736,6.513886966577459,4.5146927537991735,-0.012245128818500817,0.38182709688634997,0.3940722257048508,0,,,42.52300876212851,34.78757805861883,,,,,,,64.2132079260463,64.2132079260463,,43.59797004990572,39.39836262644403,,,,,60,100,-40,,,,,,,,,,,,,,,0.3198178392538381
1996-08-12,7.765625,7.882813,7.710938,7.765625,6.905050850199054,7.564090202464589,6.5629747325940295,4.547040338338485,-0.011480318248928256,0.37972182789369047,0.3912021461426187,0,,,48.39133372685754,41.60196860232303,,,,,,,63.80827975370993,,,52.31861122118733,49.10992414451716,,,,,60,100,-40,,,,,,,,,,,,,,,0.27839295204971964
1996-08-19,7.742188,7.820313,7.609375,7.703125,6.943082932327694,7.591897161971671,6.60768650778642,4.578444165817705,-0.017954251828900425,0.3687593313564932,0.3867135831853936,0,,,48.558348382221155,46.49089695706906,,,,,,,62.11103494096114,,,52.96077916955845,52.31160852758544,52.96077916955845,,,,60,100,-40,,,,,,,,,,,,,,,0.26106364922337194
1996-08-26,7.710938,7.859375,7.65625,7.65625,6.972818008590001,7.604767729577337,6.648806644735973,4.60906909949116,-0.027587843339257012,0.3522287790113223,0.37981662235057934,0,,,48.19378792655059,48.381156678543086,,,,,,,60.79710051657802,,,50.00321416858762,52.28591911164104,,,,,60,100,-40,,,,,,48.381156678543086,,,,,,,,,0.25681806584170264
1996-09-02,7.625,7.726563,7.539063,7.65625,7.001545293690715,7.61506418366187,6.688314227295346,4.6393893074564225,-0.035642507175035365,0.3352634883817851,0.37090599555682047,0,,,43.357866215051175,46.70333417460764,,,,,,,60.79710051657803,,,45.23719162280996,47.951210570671385,,,,,60,100,-40,,,,,,,,,,,,,,,0.23205291440076653
1996-09-09,7.65625,8.210938,7.640625,8.1875,7.436702772712807,7.729551346929496,6.74710582622494,4.674693891461831,-0.008300920558603653,0.3605298448585659,0.3688307654171695,0,,,53.884147343295425,48.478600494965725,,,,,,,69.4056198438561,,,51.83226503722108,48.477052993731206,,,,,60,100,-40,,,,,,48.478600494965725,,,,,,,,,0.23390516945132545
1996-09-16,8.195313,8.664063,8.1875,8.632813,7.854170860376178,7.910203677543596,6.821055127157296,4.714078161198529,0.0343276798532437,0.41174036523372415,0.37741268538048045,0,,,68.75461850771008,55.33221068868556,,,,,,,74.49206248227372,74.49206248227372,,66.35623582111073,57.60578034947022,,,,,60,100,-40,,,,,,,,,,,,,,,0.3163453367768923
1996-09-23,8.601563,8.648438,8.203125,8.398438,7.841707727492166,8.007850542034877,6.88291327903348,4.750738458102026,0.040848882668312214,0.4284737887158707,0.3876249060475585,0,,,72.75967927369338,65.13281504156629,,,,,,,68.04208602091155,,,78.73769251267429,71.94238834970268,,,,,60,100,-40,,,,,,,,,,,,,,,0.26593441027635245
1996-09-30,8.34375,8.539063,8.179688,8.523438,7.834599104099868,8.110968033627902,6.947247581816481,4.788277757026384,0.04723818602690527,0.4466726385811901,0.39943445255428484,0,,,72.86954664230365,71.46128147456902,,,,,,,69.56468911271025,,,82.3723202112287,81.34608209771362,82.3723202112287,,,,60,100,-40,,,,,,,,,,,,,,,0.3226756461478167
1996-10-07,8.523438,8.632813,8.328125,8.570313,7.840275096664163,8.202837026902321,7.0108972060589725,4.825909948498758,0.048116459154602054,0.4595800264975374,0.4114635673429353,0,,,72.83822109137918,72.82248233579206,,,72.82248233579206,,72.82248233579206,,70.14259055936276,70.14259055936276,,79.61696664618026,82.04137207318753,,,,,60,100,-40,,,,,,,,,,106,,,,,0.3201403540693041
1996-10-14,8.585938,8.695313,8.347656,8.421875,7.85335808975958,8.246644621521856,7.066229668566463,4.861690695279865,0.03292039825474857,0.45261406516137104,0.41969366690662246,0,,,70.35296686954986,72.02024486774421,,,,,,,65.85298439623627,,,72.63865372987811,76.46710675091822,,,,,60,100,-40,,,,,,72.02024486774421,,105,,,,,,,0.28102542786347395
1996-10-21,8.421875,8.617188,8.203125,8.527344,7.859368154776753,8.302784497217484,7.123528269799151,4.898164857515886,0.02457457814091163,0.450411889582762,0.4258373114418504,0,,,66.06526871651279,69.75215222581393,,,,,,,67.38814211486505,,,65.26635460723776,69.1338677856216,,,,,60,100,-40,,,,,,,,,,,,,,,0.2882976936203198
1996-10-28,8.542969,8.671875,8.429688,8.585938,7.855462358006985,8.359415197773988,7.180877670983499,4.934859117640106,0.01791239449575327,0.448227804561542,0.4303154100657887,0,,,64.56637251427213,66.99486936677825,,,,,,,68.24729682591874,,,57.45058361750655,61.27755234317624,,57.45058361750655,,,60,100,-40,,,,,,,,,,,,,,,0.3010068650695408
1996-11-04,8.578125,9.132813,8.546875,8.96875,8.212326261006485,8.48128215821919,7.250990311337087,4.97499733537503,0.03330473360439323,0.47194632707128026,0.438641593466887,0,,,69.07001798144513,66.56721973740999,,,,,,,73.23748827775071,,,65.61499554763506,61.56311185399023,,,,,60,100,-40,,,,,,66.56721973740999,,,,,,,,,0.290298280199688
1996-11-11,8.960938,9.429688,8.84375,9.3125,8.526401099506023,8.647525726575353,7.331833828539554,5.018156565868811,0.059144774648512866,0.5125725617775281,0.4534277871290152,0,,,75.00054552776803,69.54564534116174,,,,,,,76.78642179169736,,,76.67292993376918,69.15908850016378,,,,,60,100,-40,,,,,,,,,,,,,,,0.3494076492222482
1996-11-18,9.335938,9.875,9.289063,9.40625,8.59259559239845,8.799270581260282,7.413183482322316,5.061819187103947,0.07408943635039594,0.5460395825670101,0.4719501462166142,0,,,80.47379662583386,74.84812004501565,,,,,,,77.66163342581041,,,91.08760510808402,84.00721520620563,,,,,60,100,-40,,,,,,,,,,,,,,,0.30749679395670754
1996-11-25,9.445313,9.820313,9.40625,9.804688,8.965446478655704,9.000354065008226,7.506967973211637,5.109011911610375,0.10069727303892456,0.5978217375152699,0.49712446447634534,0,,,82.73508817996212,79.40314344452132,,,,,,,80.96576933142015,80.96576933142015,,97.05912772955617,94.11825545911233,97.05912772955617,,,,60,100,-40,,,,,,,,,,,,,,,0.3920411075664883
1996-12-02,9.84375,9.96875,9.265625,9.554688,8.96624044446601,9.11122085200658,7.5872707193602,5.153247494579427,0.09160922734444021,0.6116359986568956,0.5200267713124553,0,,,80.38286412401075,81.19724964326889,,,,,,,73.56899025247711,,,92.4269200528596,95.7554587789204,,,,,60,100,-40,,,,,,81.19724964326889,,105,,,,,,,0.3086479676988515
1996-12-09,9.796875,10.65625,9.75,10,9.120995127004152,9.288976681605265,7.681887553895094,5.201473887668189,0.10478849599365814,0.651012391304528,0.5462238953108699,0,,,83.04174682954933,82.05323304450737,,,,,,,77.53019274712302,,,86.79107088219803,90.67013077279871,,,,,60,100,-40,,,,,,82.05323304450737,,,,,,,,,0.21767354236698128
1996-12-16,10.03125,10.703125,9.546875,10.453125,9.479540189360998,9.521806345284212,7.790563532173718,5.253729122616764,0.13149338007214795,0.7105906204010548,0.5790972403289069,0,,,82.91481108103311,82.1131406781977,,,,,,,80.71604184641234,,,83.94307271413092,84.97413443666449,,83.94307271413092,,,60,100,-40,,,,,,,,,,,,,,,0.19942413286528485
1996-12-23,10.515625,10.765625,10.359375,10.53125,9.462028390120928,9.723695076227369,7.898041432872788,5.306241768162866,0.14104461977268357,0.7554030150447613,0.6143583952720777,0,,,83.47300134000055,83.14318641686096,,,83.14318641686096,,83.14318641686096,,81.21355500538961,,,90.1797567737315,86.54588388266443,,,,,60,100,-40,,,,,,,,,,,,,,,0.18195680903347827
1996-12-30,10.671875,10.703125,10.09375,10.578125,9.527240647969432,9.894581060981896,8.003142749230719,5.358698317733385,0.1370278245174985,0.7856431759189508,0.6486153514014523,0,,,80.26168634402136,82.21649958835165,,,,,,,81.52339952320861,,,96.12094010939933,92.24188021879864,,,,,60,100,-40,,,,,,82.21649958835165,,105,,,,,,,0.2166769491934372
1997-01-06,10.578125,10.65625,10.203125,10.53125,9.515250244543044,10.021914848785517,8.1022842100452,5.4101664936763365,0.11842219474043891,0.7966430948270009,0.678220900086562,0,,,76.07990934374506,79.93819900925563,,,,,,,80.09235747590199,,,97.2450839284659,97.07594938043259,,,,,60,100,-40,,,,,,,,,,,,,,,0.23743223768582733
1997-01-13,10.640625,10.96875,10.4375,10.890625,9.838937727075685,10.195656879028414,8.211630907690486,5.464698419112393,0.11730392176478632,0.8248508022925449,0.7075468805277586,0,,,74.8571828997251,77.06625952916382,,,,,,,82.62545668206491,,,97.84518206374935,98.27614565099948,,,,,60,100,-40,,,,,,,,,,,,,,,0.28884548801386734
1997-01-20,10.875,12.46875,10.828125,11.992188,10.93972838942742,10.55496310322273,8.359888048565368,5.529648564195852,0.17430235187075693,0.9254248203662048,0.7511224684954478,0,,,80.99725384750805,77.31144869699271,,,,,,,87.78615401268917,,,97.41421847649923,97.41421847649923,,,,,60,100,-40,,,,,,77.31144869699271,,,,,,,,,0.3009571868086249
1997-01-27,12.0625,12.90625,11.84375,12.75,11.538341075896891,10.993970482578185,8.532049301562806,5.601492857089426,0.24240459759641586,1.0541282154909677,0.8117236178945518,0,,,86.48621483191123,80.7802171930481,,,,,,,89.99984069949787,89.99984069949787,,99.13807282549973,98.27614565099948,99.13807282549973,,,,60,100,-40,,,,,,,,,,,,,,,0.294250417262215
1997-02-03,12.828125,12.9375,12,12.546875,11.473102427618542,11.304551386062547,8.689493446599558,5.670601137118386,0.25201922405399013,1.1267476479620395,0.8747284239080494,0,,,86.44533154832027,84.64293340924648,,,,,,,85.50003252546462,,,94.84959617992065,96.77835270908513,,,,,60,100,-40,,,,,,,,,,,,,,,0.2528205069371583
1997-02-10,12.59375,12.6875,11.890625,12.234375,11.43038082564579,11.490516108850038,8.828508409478006,5.735912319833626,0.2169164694715604,1.1458740107474998,0.9289575412759394,0,,,82.19370378852777,85.04175005625306,,,85.04175005625306,,85.04175005625306,,78.92335499697678,,,81.38078909909733,88.9206044622377,,,,,60,100,-40,,,,,,85.04175005625306,,105,,,,,,,0.2526819254945813
1997-02-17,12.203125,12.265625,11.75,11.875,11.410800052385376,11.56741288708003,8.94797866792985,5.79699776938752,0.15214002166958152,1.1191325683629163,0.9669925466933348,0,,,74.78242501287521,81.14048678324106,,,,,,,72.02155009286113,,,55.73676591330624,69.5588363033314,,,,,60,100,-40,,,,,,,,,,,,,,,0.19216862703235985
1997-02-24,11.78125,12.626953,11.75,12.1875,11.43279647721499,11.691430309664025,9.075018720167895,5.860584856259286,0.11469110125768833,1.1103564232654453,0.9956653220077569,0,,,70.10389167847059,75.69334015995783,,,,,,,74.15098969109648,,,33.23006304292442,45.55394883627172,,,,,60,100,-40,,,,,,,,,,,,,,,0.16884104928226937
1997-03-03,12.125,12.625,12.0625,12.09375,11.401603443128206,11.77189424773122,9.19340033898484,5.922606399978099,0.07014634973580014,1.083348259177507,1.0132019094417068,0,,,66.04906215794323,70.31179294976299,,,,,,,72.3610841912618,,,16.152919319697844,23.78167785306347,,,,,60,100,-40,,,,,,,,,,,,,,,0.1548430162749813
1997-03-10,12.140625,12.570313,11.992188,12.375,11.41756034004762,11.892515398184976,9.318168953142298,5.986809321371352,0.047260924436177465,1.0722780649869286,1.025017140550751,0,,,62.393399039758144,66.18211762539063,,,,,,,74.37164512865282,74.37164512865282,,12.485388917840996,13.600278967897829,,,,,60,100,-40,,,,,,,,,,,,,,,0.1371647410617315
1997-03-17,12.3125,12.601563,11.609375,11.75,11.430145315758505,11.864012318547982,9.413534876548482,6.044154502253229,-0.01879163802907824,1.0015275930144032,1.0203192310434814,0,,,54.33691076035264,60.92645731935132,,,,,,,63.288334680623166,,,7.399006047285145,8.673167937171662,,,,,60,100,-40,,,,,,,,,,,,,,,0.07825106056378986
1997-03-24,11.640625,12.015625,10.9375,11.71875,11.38267950749004,11.834959854838385,9.503935469625013,6.10061813904673,-0.07050337347625901,0.9321900141981576,1.0026933876744166,0,,,40.34766559148402,52.35932513053158,,,,,,,62.781546786799254,,,5.751485972270078,7.249578742430732,,,,,60,100,-40,,,,,,,,,,,,,,,0.08476125113231722
1997-03-31,11.640625,12.09375,11.21875,11.773438,11.32632739981218,11.822655483870708,9.592935568855404,6.157064107812434,-0.10487068791208487,0.8716050277843106,0.9764757156963955,0,,,31.46915886257657,42.05124507147106,,,,,,,63.338118889333465,,,2.1810273822281756,3.6850730309910964,,2.1810273822281756,,,60,100,-40,,,,,,,,,,,,,,,0.06425362624984828
1997-04-07,11.953125,12.40625,11.867188,11.875,11.303018299825595,11.833124387096566,9.682428291645389,6.213958992311812,-0.12333485317854542,0.8223071492232137,0.9456420024017591,0,,,31.901221118249,34.572681857436514,,,,,,,64.4089122869389,,,2.587760405617746,2.526473936702543,,,,,60,100,-40,,,,,,,,,,,,,,,0.06777354971908771
1997-04-14,11.84375,13.453125,11.671875,13.453125,12.019097421266626,12.157124509677253,9.83029875079655,6.285990494875874,-0.03635140436892148,0.9002027469406073,0.9365541513095288,0,,,44.76549509553648,36.045291692120685,,,,,,,76.13991595447874,,,13.138169124213112,7.400591714106107,,,,,60,100,-40,,,,,,36.045291692120685,,,,,,,,,0.10324540576234349
1997-04-21,13.375,14.734375,13.265625,14.203125,12.617063676890437,12.566324607741802,10.001782133118253,6.364767952638303,0.05939859931858593,1.0108024004577612,0.9514038011391752,0,,,61.70106122383575,46.12259247920707,,,,,,,79.6014947658299,,,29.377184776782038,20.069790740604287,,,,,60,100,-40,,,,,,,,,,,,,,,0.13312011535930732
1997-04-28,14.21875,15.4375,13.953125,15.09375,13.411157342826835,13.071809686193442,10.201467147505772,6.45162349539812,0.16446291390589085,1.1569824435215388,0.9925195296156479,0,,,73.037944672709,59.83483366402708,,,,,,,82.80982010220521,82.80982010220521,,50.387196365996545,39.583679519818254,,,,,60,100,-40,,,,,,,,,,,,,,,0.19699061079667607
1997-05-05,14.953125,15.09375,14.390625,14.59375,13.319288961196346,13.376197748954754,10.373713533878094,6.532639679523513,0.18073633014112933,1.2184399422920595,1.0377036121509302,0,,,75.84595059205478,70.19498549619983,,,,,,,75.58005041031547,,,59.19276852627414,54.56520726942073,,,,,60,100,-40,,,,,,,,,,,,,,,0.14383121119975073
1997-05-12,14.6875,14.90625,14.359375,14.429688,13.345589749682322,13.586895799163804,10.532771356078953,6.611217274752135,0.16153109577723468,1.2396174818724734,1.0780863860952388,0,,,74.40284466604167,74.42891331026848,,,,,,,73.30507469162008,,,61.77436791035375,62.13994470400248,,,,,60,100,-40,,,,,,74.42891331026848,,105,,,,,,,0.11615324700304948
1997-05-19,14.515625,15.375,14.390625,15.359375,13.657958338990728,13.941391639331043,10.722049930350368,6.698263620276989,0.19052764461523108,1.3162459418642776,1.1257182972490465,0,,,74.55026477741781,74.93302001183808,,,74.93302001183808,,74.93302001183808,,77.46849820932347,,,62.05867257593084,62.33661651292357,,,,,60,100,-40,,,,,,,,,,106,,,,,0.13518789948879864
1997-05-26,15.34375,16.132813,14.6875,15.5,13.77948810049139,14.253113311464833,10.90942052131702,6.785843086741894,0.1974257458466917,1.3725004795574112,1.1750747337107195,0,,,74.94820819318109,74.63377254554686,,,,,,,78.02998572400219,,,66.3241095263953,63.95943470210844,,,,,60,100,-40,,,,,,74.63377254554686,,,,,,,,,0.12357654896371621
1997-06-02,15.625,15.6875,14.78125,15.507813,13.703721521884862,14.504053249171866,11.089749638128119,6.87262885702307,0.1811856335944637,1.4015567757037992,1.2203711421093355,0,,,72.34200538778677,73.9468261194619,,,,,,,78.06288957882896,,,72.69972629380655,68.96724139430835,,,,,60,100,-40,,,,,,73.9468261194619,,105,,,,,,,0.11372128267118674
1997-06-09,15.609375,16.257813,15.3125,16.203125,14.3984329131788,14.843867599337493,11.290274162123094,6.965469614664632,0.19475589226005252,1.463816007434401,1.2690601151743486,0,,,72.61305058063306,73.30108805386698,,,,,,,80.83075770608326,,,78.79276750882222,75.67663264040785,,,,,60,100,-40,,,,,,,,,,,,,,,0.11524191270861969
1997-06-16,16.203125,16.867188,16,16.234375,14.423544776523173,15.121969079469995,11.484160469490815,7.0576975289465755,0.18347656496742193,1.498405821383626,1.314929256416204,0,,,73.35695164489366,72.77066920443782,,,,,,,80.94780018308965,80.94780018308965,,84.16560783879598,81.66808231203333,84.16560783879598,,,,60,100,-40,,,,,,72.77066920443782,,,,,,,,,0.0620028924040506
1997-06-23,16.234375,16.65625,15.90625,15.9375,14.429005792485803,15.285075263575996,11.658801235393137,7.146053772439644,0.13585492844231828,1.484747916969102,1.3488929885267837,0,,,70.52618161964891,72.16539461505853,,,,,,,76.16191656499993,,,84.02686017355569,84.15643902247666,,,,,60,100,-40,,,,,,72.16539461505853,,105,,,,,,,0.025686960877374043
1997-06-30,15.984375,16.257813,15.40625,16.195313,14.450817878736817,15.467122810860797,11.836703657534581,7.236096152813379,0.10304029288064642,1.4776933546275917,1.3746530617469452,0,,,65.41627465621401,69.76646930691886,,,,,,,77.41798435278756,,,80.67872986554733,82.979468605322,,,,,60,100,-40,,,,,,,,,,,,,,,0.05787602197750367
1997-07-07,16.328125,16.578125,16.054688,16.21875,14.456562958827044,15.617448248688637,12.008548612141068,7.325475793083893,0.06603441763801965,1.4571960837944697,1.39116166615645,0,,,63.12658177922809,66.35634601836368,,,,,,,77.53456217642031,,,75.29737726450952,78.2175067448566,,75.29737726450952,,,60,100,-40,,,,,,,,,,,,,,,0.06612507854091439
1997-07-14,16.351563,18.84375,16.3125,17.5625,15.836897818910826,16.00645859895091,12.226350627351222,7.427336730466142,0.11245024906360834,1.5317244774859606,1.4192742284223523,0,,,68.77304150341882,65.7719659796203,,,,,,,82.98911081029372,82.98911081029372,,80.231693798399,77.80465662668327,,,,,60,100,-40,,,,,,65.7719659796203,,,,,,,,,0.0630174374408819
1997-07-21,17.609375,18.359375,16.71875,17.3125,15.585155117560053,16.26766687916073,12.42580746549431,7.525696563993843,0.10675429692659333,1.552717099580594,1.4459628026540006,0,,,69.37874249487328,67.09278859250672,,,,,,,79.1174283452663,,,78.3458693618719,77.93192936950523,,,,,60,100,-40,,,,,,,,,,,,,,,0.07262739613864708
1997-07-28,17.40625,17.765625,16.96875,17.578125,15.507644037734336,16.529758503328583,12.627859133514141,7.6257207275361925,0.10135694791780403,1.5726589875512555,1.4713020396334515,0,,,67.72263974735111,68.62480791521439,,,68.62480791521439,,68.62480791521439,,80.18166178484879,,,79.37800992255752,80.04364004236707,,,,,60,100,-40,,,,,,68.62480791521439,,105,,106,,,,,0.08458199678430812
1997-08-04,17.53125,18.078125,17.429688,17.5,15.54169624932474,16.723806802662867,12.81892348121947,7.723972262585583,0.07426136059458788,1.5641287403766864,1.4898673797820985,0,,,66.53690659462184,67.87942961228207,,,,,,,78.90046548645788,,,70.04818813503343,74.39214135676335,,,,,60,100,-40,,,,,,,,,,,,,,,0.10128174893477893
1997-08-11,17.5,17.53125,16.59375,16.609375,15.594521588658687,16.700920442130293,12.967568638818706,7.812384230122046,-0.017034975192733892,1.468573660791181,1.485608635983915,0,,,57.96122449004042,64.07359027733779,,,,,,,65.8966470433832,,,53.933181440404596,63.070744399215165,,,,,60,100,-40,,,,,,,,,,,,,,,0.02915785323202575
1997-08-18,16.625,17.796875,16.375,17.15625,15.602278975183067,16.791986353704235,13.131830652982678,7.90535801887705,-0.052008473667986,1.4205980438989325,1.4726065175669185,0,,,52.784982985632716,59.09437135676499,,,,,,,69.26613428472243,,,36.24338117817399,45.74665393781138,,,,,60,100,-40,,,,,,,,,,,,,,,0.017051537652424224
1997-08-25,17.234375,17.375,16.46875,16.523438,15.540285834098562,16.738276682963388,13.264834862669632,7.9911100584902135,-0.12501287083402168,1.3163404290243914,1.441353299858413,0,,,43.96165532231642,51.56928759932985,,,,,,,61.6325951998865,,,16.19923446645358,25.983548958259448,,,,,60,100,-40,,,,,,,,,,,,,,,0.03980263257128259
1997-09-01,16.640625,17.460938,16.625,17.164063,15.556381488805808,16.82343394637071,13.417745770015921,8.082383222087326,-0.13647458340589935,1.270760070601039,1.4072346540069383,0,,,41.20080277682916,45.982480361592756,,,,,,,65.76978880447889,,,13.977158777728828,15.277336487160492,,,,,60,100,-40,,,,,,,,,,,,,,,-0.03011057740247051
1997-09-08,17.21875,17.53125,16.609375,17.242188,15.566863168176821,16.907184757096566,13.567723896681963,8.17352555818596,-0.14434807435737151,1.2267995610602238,1.3711476354175953,0,,,39.315653653836705,41.492703917660755,,,,,,,66.25058161758753,66.25058161758753,,12.013639113391335,10.779794817431887,,,,,60,100,-40,,,,,,,,,,,,,,,-0.040432652431559093
1997-09-15,16.953125,17.15625,16.328125,16.898438,15.578828299021334,16.905435405677252,13.698340136027769,8.260340607358238,-0.17615387456957787,1.150955292205623,1.3271091667752009,0,,,30.377383529775237,36.96461332014703,,,,,,,62.09331374735594,,,13.243381049172989,13.102806643998482,,,,,60,100,-40,,,,,,,,,,,,,,,-0.04910381015015166
1997-09-22,16.875,17.007813,16.453125,16.671875,15.591054777662666,16.858723324541803,13.81494934637962,8.344037466986514,-0.21341257909460798,1.060343442906941,1.273756022001549,0,,,21.060277900286437,30.25110502796612,,,,,,,59.430527620934186,,,9.186502717748406,11.251111074798771,,,,,60,100,-40,,,,,,,,,,,,,,,-0.03113009472267157
1997-09-29,16.6875,17.03125,16.421875,16.867188,15.653747222115333,16.860416259633443,13.93464497985493,8.428844934976697,-0.22472634436689076,0.9928480915429354,1.2175744359098262,0,,,15.206579939308831,22.214747123123498,,,,,,,60.992743765042114,,,4.919830779568758,7.586377843545763,,4.919830779568758,,,60,100,-40,,,,,,,,,,,,,,,0.02046372670227581
1997-10-06,16.984375,17.453125,16.78125,17.0625,15.704149206249953,16.900833007706755,14.05730596103709,8.514751950549067,-0.21867310510325222,0.9442330545307609,1.1629061596340131,0,,,20.568034268437266,18.944964036010838,,,,,,,62.55480391713301,62.55480391713301,,5.789094048153495,5.238341543149196,,,,,60,100,-40,,,,,,18.944964036010838,,,,,,,,,-0.029060225857253763
1997-10-13,17.125,17.234375,16.296875,16.53125,15.7420224772321,16.826916406165402,14.154323374329753,8.594518100294847,-0.24792097387512868,0.8530049422901023,1.100925916165231,0,,,10.501279552795475,15.425297920180517,,,,,,,55.952385006467225,,,5.658752746896788,4.977658940635781,,,,,60,100,-40,,,,,,15.425297920180517,,,,,,,,,-0.0556365894727235
1997-10-20,16.625,17.404296,15.9375,16.921875,15.661119086001236,16.845908124932322,14.262854810630547,8.67737737292873,-0.23836470077609273,0.802970040195115,1.0413347409712077,0,,,5.056119538145824,12.041811119792849,,,,,,,59.36847083757178,,,7.8837122681537055,7.11177941065575,7.8837122681537055,,,,60,100,-40,,,,,,,,,,,,,,,-0.047588950744798894
1997-10-27,16.859375,17.03125,15.4375,16.25,15.325113437001146,16.72672649994586,14.34078207295876,8.752726851805061,-0.2722506853773472,0.7010213842495236,0.9732720696268709,0,,,-13.991053949338623,0.522115047200885,,,,,,,51.87240619307697,,,5.4543221085275135,6.476033973966121,,,,,60,100,-40,,,,,,,,,,,,,,,-0.08013689316180625
1997-11-03,16.453125,16.867188,16.234375,16.445313,15.234368762929636,16.670443799956686,14.423312697548612,8.829269997558244,-0.27562664954868255,0.6287387576910177,0.9043654072397003,0,,,-18.518235181019755,-9.151056530737526,,,,,,,53.71293198473218,,,6.574608095181789,6.559367889776037,,,,,60,100,-40,,,,,,,,,,,,,,,-0.07364780253184906
1997-11-10,16.453125,16.734375,16.125,16.664063,15.287382565577518,16.669167639965348,14.511185258429059,8.907228136886022,-0.25757864689673104,0.5823920986187865,0.8399707455155175,0,,,-21.83278210730483,-18.114023745887746,,,,,,,55.76545637505491,,,7.758771172515289,6.635000222176757,,,,,60,100,-40,,,,,,,,,,,,,,,-0.014498034258901818
1997-11-17,16.8125,17.25,16.671875,17.234375,15.339957953750552,16.78220911197228,14.617977013000468,8.990085319603574,-0.20402568364693152,0.5849386409568531,0.7889643246037846,0,,,-4.716983209864836,-15.022666832729813,,,,,,,60.6889144660598,,,18.585330164111735,13.16076268791621,,,,,60,100,-40,,,,,,-15.022666832729813,,,,,,,,,-0.0007347486737888885
1997-11-24,17.140625,17.78125,16.9375,17.6875,15.837438242768371,16.96326728957782,14.738350463471038,9.076626759209509,-0.13803981853203795,0.6164145514387371,0.7544543699707751,0,,,15.421275358229188,-3.709496652980166,,,,,,,64.12575285548446,,,37.03938201041632,26.74280094599843,,,,,60,100,-40,,,,,,,,,,,,,,,0.034170228297279906
1997-12-01,17.742188,18.234375,17.625,17.890625,16.052174796856345,17.148738831662257,14.861969072746684,9.16432823424225,-0.083360134764631,0.6502542015149864,0.7336143362796174,0,,,33.497397667178134,14.733896605180822,,,,,,,65.58683989983406,65.58683989983406,,57.95581387753417,46.814372117552445,,,,,60,100,-40,,,,,,,,,,,,,,,0.0309911664354998
1997-12-08,17.9375,18.328125,17,17.09375,16.096439097080893,17.137741065329806,14.949489893423284,9.243227953304515,-0.10226101501419194,0.6057880675118774,0.7080490825260694,0,,,36.43390508583002,28.45085937041244,,,,,,,55.90927514702664,,,60.32206928579835,59.269339320986695,60.32206928579835,,,,60,100,-40,,,,,,,,,,,,,,,0.014981592600624472
1997-12-15,17.054688,17.546875,15.78125,16.085938,16.034863090146544,16.927380452263844,14.994056485838057,9.311314620435814,-0.17951838493648808,0.4836511013554592,0.6631694862919473,0,,,17.634979972461725,29.188760908489954,,,,,29.188760908489954,,46.5072489068421,,,45.67300632041059,55.45451688223677,,,,,60,100,-40,,,,,,29.188760908489954,,,,,,,,,-0.06475894208916444
1997-12-22,16.140625,16.25,14.75,15.09375,15.91518536942179,16.560654361811075,14.997966035413034,9.368851290879238,-0.2878962671479103,0.3032991523570594,0.5911954195049697,0,,,-7.451955999174068,15.538976353039219,,,,,,,39.434468973654376,,,21.14764858856411,34.890398046580664,,,,,60,100,-40,,,,,,,,,,,,,,,-0.05267850230700204
1997-12-29,15.296875,16.4375,15.265625,16.390625,15.842002485891662,16.52664848944886,15.05258011245566,9.438719685994867,-0.2633597090664461,0.26199578317191197,0.5253554922383581,0,,,-15.449059244041916,-1.7553450902514254,,,,,,,50.165996182453334,,,16.32307319082601,18.985635317695998,,16.32307319082601,,,60,100,-40,,,,,,,,,,,,,,,0.03557590427962932
1998-01-05,16.40625,16.703125,15.734375,15.875,15.796368379756544,16.39631879155909,15.084831872751517,9.502762276183972,-0.2718704673297454,0.18551740807617634,0.45738787540592174,0,,,-19.902815439221698,-14.267943560812563,,,,,,,46.60884520683845,,,18.610672425242118,14.571688761246952,,,,,60,100,-40,,,,,,,,,,,,,,,-0.01769216235857882
1998-01-12,15.578125,16.921875,15.546875,16.90625,15.807565281202503,16.49830503324727,15.156260034604399,9.576428820699554,-0.20131089872677776,0.20574925199744953,0.4070601507242273,0,,,-17.021653744223293,-17.457842809162305,,,,,,,53.71912258610536,,,32.98670657925268,25.570895077924664,,,,,60,100,-40,,,,,,-17.457842809162305,,,,,,,,,0.06844094837323533
1998-01-19,16.765625,17.484375,16.75,17.28125,15.75992668968804,16.654894026597816,15.239592974423834,9.653093708055778,-0.12631194389227857,0.24917022085887908,0.37548216475115764,0,,,-1.9165751253776886,-12.947014769607563,,,,,,,56.02609133542107,,,42.00661286074731,36.76634997282815,,,,,60,100,-40,,,,,,,,,,,,,,,0.08520346825374994
1998-01-26,17.484375,18.765625,17.30664,18.648438,16.565021711853177,17.053602821278254,15.373273171505252,9.742599621408457,0.011144973782945156,0.3894133819798391,0.37826840819689395,0,,,19.56833607883535,0.2100357364114558,,,,,,,63.25951759327748,,,59.39815882844193,51.611427871532754,,,,,60,100,-40,,,,,,,,,,,,,,,0.11999763466866373
1998-02-02,18.96875,19.84375,18.8125,19.765625,17.618970589577952,17.596007257022602,15.545522262818771,9.842331217215339,0.16456373237186983,0.5839730736617312,0.4194093412898614,0,,,39.40392826360315,19.018563072353604,,,,,,,67.9294926470541,67.9294926470541,,74.2488683405636,65.7323755537862,,,,,60,100,-40,,,,,,,,,,,,,,,0.14260970704597054
1998-02-09,19.84375,20.007813,19.453125,19.6875,17.601544190322386,18.014305805618083,15.707952762316074,9.940293095651008,0.24328750536843324,0.723518723000403,0.48023121763196974,0,,,50.40372626006905,36.45866353416918,,,,,,,67.28161591499304,,,88.27230510926336,81.62371528280471,,,,,60,100,-40,,,,,,,,,,,,,,,0.14077749466662767
1998-02-16,19.8125,19.8125,19.109375,19.390625,17.6768802481565,18.289569644494467,15.852371281440934,10.034326248928112,0.2565524628158481,0.8009217961517798,0.5443693333359317,0,,,53.92207053500653,47.909908352892906,,,,,,,64.73976072663304,,,93.60084412977068,91.22198608065109,,,,,60,100,-40,,,,,,,,,,,,,,,0.11150063189208612
1998-02-23,20.21875,21.5,19.84375,21.1875,19.147504873288177,18.869155715595575,16.061592015502075,10.145303102172608,0.36112723049660156,0.9957783714566837,0.6346511409600821,0,,,62.03690426287789,55.45423368598449,,,,,,,71.740258501564,71.740258501564,,95.80323430502888,95.6267664311675,95.80323430502888,,,,60,100,-40,,,,,,,,,,,,,,,0.14765555783181833
1998-03-02,21.46875,21.46875,19.71875,20.6875,18.991879525196165,19.23282457247646,16.243000171756897,10.25020058374303,0.3700469575551655,1.097209837904039,0.7271628803488734,0,,,63.92388187467363,59.96095222418602,,,,,,,67.68912274712119,,,93.9909425341776,94.98532235653393,,,,,60,100,-40,,,,,,,,,,,,,,,0.16931334348835694
1998-03-09,20.625,20.75,19.875,20.59375,18.898709559110724,19.50500965798117,16.413617812080155,10.35312147345703,0.3436268855231228,1.156696487252777,0.8130696017296541,0,,,62.30257844504584,62.75445486086579,,,62.75445486086579,,62.75445486086579,,66.92150861701373,,,92.8154126770954,93.65177256122558,,,,,60,100,-40,,,,,,62.75445486086579,,105,,106,,,,,0.17328402125165332
1998-03-16,20.609375,20.75,19.921875,20.453125,18.937194590602815,19.694632726384935,16.572029858665246,10.45361902098482,0.2926668477276543,1.178903161389222,0.8862363136615677,0,,,59.61209236719271,61.94618422897073,,,,,,,65.71059588452533,,,88.48906993936203,90.48843884587762,,88.48906993936203,,,60,100,-40,,,,,,,,,,,,,,,0.18917288183884393
1998-03-23,20.296875,22.734375,20.265625,21.953125,19.74525211984547,20.146331181107946,16.78305319754112,10.568041966049648,0.33303085195298254,1.3025248786027959,0.9694940266498133,0,,,63.67577831823705,61.86348304349186,,,,,,,71.64037410269232,,,89.84197316618588,89.53817503954583,,,,,60,100,-40,,,,,,61.86348304349186,,,,,,,,,0.22145723817056084
1998-03-30,22.015625,23.265625,21.78125,23.25,20.847153754142223,20.767064944886357,17.03665895450029,10.694230603203383,0.4147970410366233,1.4879903279455924,1.073193286908969,0,,,69.32380474921246,64.20389181154741,,,,,,,75.59359663977526,75.59359663977526,,92.4463442141995,90.38204018851782,92.4463442141995,,,,60,100,-40,,,,,,,,,,,,,,,0.22419781762871863
1998-04-06,23.15625,23.15625,21.65625,22.25,20.80673205741778,21.063651955909087,17.24110370138263,10.809213383271011,0.3707003958093269,1.5365687816706277,1.1658683858613008,0,,,68.76402690739664,67.25453665828205,,,,,,,67.70929803354474,,,92.15471620619563,92.24146298627458,,,,,60,100,-40,,,,,,,,,,,,,,,0.1775914383001076
1998-04-13,22.203125,23.0625,21.6875,23.03125,20.75357262474508,21.45717156472727,17.468168262112723,10.93082568791508,0.3628572959014811,1.6194400057381522,1.256582709836671,0,,,67.7619206764745,68.61658411102786,,,,,,,70.32850391082218,,,87.87699881557386,90.58315382428638,,,,,60,100,-40,,,,,,68.61658411102786,,105,,,,,,,0.18331358235786266
1998-04-20,23.09375,24.78125,22.96875,23.03125,20.735460294406145,21.771987251781816,17.686328330265166,11.051227919876125,0.32746378907586693,1.6659124461815047,1.3384486571056378,0,,,69.91530598226049,68.81375118871054,,,68.81375118871054,,68.81375118871054,,70.32850391082218,,,81.16608453671591,84.89274557660245,,,,,60,100,-40,,,,,,68.81375118871054,,,,,,,,,0.14160082542686273
1998-04-27,22.375,23.0625,22.03125,22.40625,20.656141701948563,21.898839801425453,17.871423297705746,11.164213214205715,0.23602521094660966,1.6334801707889,1.3974549598422903,0,,,63.93256624773932,67.2032643021581,,,,,,,65.35156465838861,,,67.57583295658503,74.44048330421518,,,,,60,100,-40,,,,,,67.2032643021581,,105,,,,,,,0.17378274063094132
1998-05-04,22.296875,22.46875,20.46875,21.4375,20.694095866095097,21.80657184114036,18.011269442893756,11.266434973268344,0.09177675812225528,1.5121759074951093,1.420399149372854,0,,,51.15201017394559,61.66662746798179,,,,,,,58.41064857126686,,,45.87508428088198,57.47519366688704,,,,,60,100,-40,,,,,,,,,,,,,,,0.22652192209362554
1998-05-11,21.53125,22.75,20.8125,22.359375,20.590946161374017,21.91713247291229,18.181783386309686,11.376812485972142,0.04243593405159718,1.4734440669373505,1.4310081328857533,0,,,44.891621004304774,53.32539914199655,,,,,,,62.51496770079113,,,27.11689987844038,37.30498931517813,,,,,60,100,-40,,,,,,,,,,,,,,,0.28123076196281854
1998-05-18,21.125,21.875,21.125,21.390625,20.504092864133018,21.81183097832983,18.307620312336756,11.476452411484857,-0.06558409018580491,1.3490280201534972,1.4146121103393021,0,,,34.35098749245893,43.46487289023642,,,,,,,56.20096803838672,,,14.037796602847994,19.81984463556888,,,,,60,100,-40,,,,,,,,,,,,,,,0.23166824699402297
1998-05-25,21.328125,21.625,20.71875,21.203125,20.52388980240923,21.690089782663865,18.42116951577453,11.573235223310878,-0.15471348285217634,1.2212202567740817,1.375933739626258,0,,,22.777883095433832,34.00683053073251,,,,,,,55.03546122562892,,,9.701258882056356,11.146769193985605,,,,,60,100,-40,,,,,,,,,,,,,,,0.29014568788799305
1998-06-01,20.96875,21.625,20.78125,21.5625,20.589147673665714,21.66457182613109,18.54435894652847,11.67263089273067,-0.1920773753562366,1.1358370204309622,1.3279143957871988,0,,,15.262883589924929,24.13058472593922,,,,,,,56.89172775304332,,,4.8308826336995185,6.543315601913306,,4.8308826336995185,,,60,100,-40,,,,,,,,,,,,,,,0.268336767105622
1998-06-08,21.40625,22.09375,21,21.4375,20.658672839832448,21.619157460904873,18.65781545842931,11.769793769419916,-0.22551087595696973,1.0460258008409866,1.2715366767979563,0,,,11.900860416830573,16.647209034063103,,,,,,,56.02028322370364,,,5.033331020081929,5.360215068944167,,,,,60,100,-40,,,,,,,,,,,,,,,0.24032747533001284
1998-06-15,21.171875,23.6875,21.140625,23.671875,21.109392636987273,22.029700968723898,18.85444524437326,11.888222438380913,-0.10364445823704416,1.1419811040016512,1.2456255622386954,0,,,26.748343590783783,17.970695865846427,,,,,,,66.08123044599552,,,16.57566027838105,10.244054298366882,,,,,60,100,-40,,,,,,17.970695865846427,,,,,,,,,0.24179681860751487
1998-06-22,23.6875,26.71875,23.421875,26.109375,23.366087805773898,22.84563577497912,19.138952293613524,12.029726443969162,0.12237169028369821,1.398590175093318,1.2762184848096199,0,,,50.08152175835025,29.57690858865487,,,,,,,73.29980626398793,,,37.770539216274976,25.788697915541217,,,,,60,100,-40,,,,,,,,,,,,,,,0.234021824710132
1998-06-29,26.375,27.53125,26.15625,26.8125,23.794179748218617,23.639008619983294,19.43987573307966,12.176818718158524,0.2908560618562137,1.6397885621298869,1.3489325002736732,0,,,65.14539543876282,47.32508692929895,,,,,,,74.96479969789303,,,65.99871753576859,51.16427046173529,,,,,60,100,-40,,,,,,,,,,,,,,,0.2443494214015099
1998-07-06,26.71875,28.3125,26.34375,28.296875,25.291024051917287,24.570581895986635,19.78720903766477,12.337217288127096,0.463643031106707,1.9284862891570569,1.4648432580503499,0,,,73.31159429164653,62.8461704962532,,,,,,,78.08959589795417,,,85.74137662510822,75.51707459425677,,,,,60,100,-40,,,,,,,,,,,,,,,0.3017614005110462
1998-07-13,28.53125,29.90625,28.40625,29.484375,26.411977691066053,25.55334051678931,20.167490055795565,12.507835772822348,0.6100664015824473,2.227426260028409,1.6173598584459616,0,,,79.6411378685717,72.69937586632703,,,,,,,80.22837123783157,80.22837123783157,,95.69010592108944,92.0447637769851,95.69010592108944,,,,60,100,-40,,,,,,,,,,,,,,,0.2899754817772271
1998-07-20,29.546875,29.875,27.96875,28.453125,26.401523927418477,26.133297413431446,20.4924169163526,12.666495367122623,0.5893039177320731,2.353989755611053,1.76468583787898,0,,,79.24116778807488,77.39796664943104,,,,,,,73.48032145884912,,,93.99801369689956,95.82428852873814,,,,,60,100,-40,,,,,,,,,,,,,,,0.2543599103465316
1998-07-27,28.28125,29.21875,27.484375,27.484375,26.349406146888587,26.40351293074516,20.766611351005437,12.813936955509464,0.4674864441862998,2.3490438931118547,1.8815574489255549,0,,,74.62587959792646,77.83606175152435,,,77.83606175152435,,77.83606175152435,,67.68653548745749,,,83.34204783475815,89.54782064994276,,,,,60,100,-40,,,,,,77.83606175152435,,105,,,,,,,0.1587963890488716
1998-08-03,27.28125,27.71875,25.375,26.46875,26.325564636396546,26.416560344596128,20.990224631358164,12.949805742021807,0.28465858495650354,2.237380680121184,1.9527220951646806,0,,,63.7894991907399,72.55218219224707,,,,,,,62.12327357638538,,,64.70082356001464,74.67741525116595,,,,,60,100,-40,,,,,,,,,,,,,,,0.13687450585443084
1998-08-10,26.453125,26.578125,25.5,26.0625,26.216372519511076,26.345748275676904,21.189137390912745,13.080280311752933,0.11141483083034176,2.0919906337026077,1.980575802872266,0,,,52.06705855709871,63.494145781921695,,,,,,,59.98676443109294,,,46.767961640684184,56.3491075424513,,,,,60,100,-40,,,,,,,,,,,,,,,0.11973092152659112
1998-08-17,25.875,28.1875,25.75,27.65625,26.295783410974572,26.607848620541525,21.442749650092637,13.225314836014098,0.08064132267015545,2.0813774562099603,2.000736133539805,0,,,49.24260583339149,55.0330545270767,,,,,,,65.0894216745812,65.0894216745812,,37.642717971072656,41.79912088748142,,,,,60,100,-40,,,,,,,,,,,,,,,0.11417424012609528
1998-08-24,27.578125,28.4375,26.1875,26.3125,26.17532566733353,26.54877889643322,21.633720252049788,13.355535583914456,-0.04686958262813201,1.94214915525464,1.989018737882772,0,,,44.98379978636589,48.76448805895203,,,,,,,58.29875529946499,,,30.353239134330927,32.8449022655607,,,,,60,100,-40,,,,,,,,,,,,,,,0.0756716413667628
1998-08-31,26.21875,26.625,23.625,24.15625,26.090257762523994,26.070273117146577,21.73264298726352,13.463005379099387,-0.28007430857254745,1.6389258521670875,1.919000160739635,0,,,26.008043229534362,40.078149616430586,,,,,,,49.348792097217725,,,23.487261799396226,27.08060366413937,,,,,60,100,-40,,,,,,,,,,,,,,,-0.008787944931776972
1998-09-07,25,26.15625,24.671875,26.0625,25.904123279486566,26.068718493717263,21.90244130148848,13.588373484779991,-0.3074032913201361,1.534746046589465,1.842149337909601,0,,,17.3542326065934,29.448691874164552,,,,,,,55.84141222294388,,,16.432244708978043,20.154996338927578,,,,,60,100,-40,,,,,,,,,,,,,,,0.07678613066034953
1998-09-14,26.234375,27.125,26.078125,26.34375,25.87414125952324,26.12372479497381,22.07661027005756,13.715292654085664,-0.3072637856947531,1.4580696057911595,1.7653333914859126,0,,,18.204091829756734,20.522122555294835,,,,,,,56.72798038877401,,,15.969051395792356,16.13537895131657,,15.969051395792356,,,60,100,-40,,,,,,,,,,,,,,,0.06949629785957744
1998-09-21,25.625,28.65625,25.59375,28.265625,25.980229383843007,26.552104835979048,22.319316730055302,13.86007208041317,-0.18451370580411774,1.5346912592307653,1.719204965034883,0,,,26.701724021079357,20.753349485809835,,,,,,,62.3271109686159,62.3271109686159,,24.897027422896002,19.57656794127216,,,,,60,100,-40,,,,,,20.753349485809835,,,,,,,,,0.10696729197429782
1998-09-28,28.25,28.59375,25.25,26.03125,25.79302549928279,26.447933868783238,22.464882740641368,13.981178328369259,-0.25617007653168544,1.3989923693702764,1.6551624459019618,0,,,24.321144306488474,23.07565338577486,,,,,23.07565338577486,,53.59307217952573,,,25.88181868726013,24.445962029827058,25.88181868726013,,,,60,100,-40,,,,,,,,,,,,,,,0.046970961175061304
1998-10-05,25.625,25.90625,21.9375,24.21875,24.54776474933402,26.002097095026592,22.533661848851512,14.083044713161604,-0.4184133585224774,1.132145747748865,1.5505591062713424,0,,,0.7765422405397082,17.266470189369183,,,,,,,47.71690136890081,,,22.207789343130948,25.48768523386873,,,,,60,100,-40,,,,,,17.266470189369183,,,,,,,,,0.06989016923013493
1998-10-12,24.8125,26.625,23.9375,26.265625,24.054397624381593,26.054802676021275,22.68001334497498,14.204264417508254,-0.3816797556199949,1.0734594117463487,1.4551391673663436,0,,,-2.9626946872411843,7.378330619929003,,,,,,,53.90070204550407,,,15.206380359528097,19.164582379035636,,,,,60,100,-40,,,,,,,,,,,,,,,0.10306684270240836
1998-10-19,26.03125,27.53125,24.90625,26.59375,23.971271008354336,26.16259214081702,22.833493213799493,14.327542881015635,-0.33097361657047464,1.0414221466532503,1.372395763223725,0,,,1.985904769117416,-0.06674922586134786,,,,,,,54.828532176552784,,,15.735252589787697,15.411644242997276,,15.735252589787697,,,60,100,-40,,,,,,-0.06674922586134786,,,,,,,,,0.09307711416989617
1998-10-26,26.703125,27.046875,26.21875,26.46875,23.903010579186166,26.223823712653616,22.976052303454413,14.448350912050305,-0.30233088525003193,0.994482156661185,1.296813041911217,0,,,8.301472868990704,2.4415609836223173,,,,,,,54.37686232475976,,,22.481178240625034,18.067348939462182,,,,,60,100,-40,,,,,,,,,,,,,,,0.07819200691718621
1998-11-02,26.59375,27.4375,26.1875,27.328125,24.09632232353001,26.44468397012289,23.146721820966004,14.576507868149307,-0.2255089836973745,1.0149268122894988,1.2404357959868733,0,,,17.067599063467714,9.11832556719195,,,,,,,57.01424901921024,,,31.919298891274842,26.69811656522892,,,,,60,100,-40,,,,,,,,,,,,,,,0.06931861368134327
1998-11-09,27.296875,28.6875,27.09375,27.5,24.215558228992155,26.655747176098313,23.31743861230067,14.70509982966026,-0.16587710593538874,1.0330894135676374,1.1989665195030261,0,,,29.49664818504747,18.28857337250197,,,,,,,57.54598921197543,,,41.148508371016774,36.583126375285545,,,,,60,100,-40,,,,,,,,,,,,,,,0.005731253013328676
1998-11-16,27.828125,28.4375,26.875,28.40625,24.417795141207,27.00584774087865,23.51699984319084,14.84142968210145,-0.07290143928456572,1.107839720397319,1.1807411596818846,0,,,37.68369353032167,28.082646926278954,,,,,,,60.34780524079362,,,52.17151877981834,46.79935228592635,,,,,60,100,-40,,,,,,,,,,,,,,,0.0443447418737874
1998-11-23,28.125,32.03125,28.125,32.015625,28.088845488263644,28.00780319270292,23.850279261104923,15.012317197702432,0.20877280981809632,1.441707171954505,1.2329343621364086,0,,,56.322158522961914,41.16750007944369,,,,,,,69.13630745002759,,,66.47392725983084,59.051357540030004,,,,,60,100,-40,,,,,,,,,,,,,,,0.05697464998549664
1998-11-30,32.34375,32.566405,30.03125,31.84375,27.81129402481624,28.774992554162335,24.163748701845908,15.179794141008875,0.3521674683454361,1.6731436975682037,1.3209762292227676,0,,,66.74355070935707,53.583134254213554,,,,,,,68.35475313304288,,,80.74782942332143,73.23396027499622,,,,,60,100,-40,,,,,,,,,,,,,,,0.05631895424974865
1998-12-07,31.921875,33.671875,31.6875,33.5,29.233813380186508,29.71999404332987,24.529876203734304,15.362084746570975,0.5172381792427196,1.9675239532761672,1.4502857740334476,0,,,74.66969523862205,65.91180149031369,,,,,,,71.69508851299607,,,92.97909285375164,87.0290953146954,,,,,60,100,-40,,,,,,,,,,,,,,,0.12259210673361837
1998-12-14,33.1875,34.5625,31.921875,34.453125,30.208183853030327,30.666620234663895,24.919023215352567,15.552045346107583,0.6411910550900974,2.2517745928960693,1.6105835378059719,0,,,78.4059517230413,73.27306589034015,,,,,,,73.44272526028303,,,97.15119175594768,95.37329311908746,,,,,60,100,-40,,,,,,,,,,,,,,,0.21737734891412402
1998-12-21,34.65625,36,34.34375,35.4375,31.11853679209959,31.620796187731116,25.331512501025017,15.749910566544324,0.7334071518188328,2.527342477579513,1.79393532576068,0,,,81.88818419367549,78.32127705177963,,,,,,,75.15879467886654,,,99.64303013093595,99.28606026187192,99.64303013093595,,,,60,100,-40,,,,,,,,,,,,,,,0.23935710152598025
1998-12-28,35.75,35.90625,34.5,34.671875,31.190427021235337,32.23101195018489,25.697801226475015,15.938188819613535,0.6875446351362697,2.653366119681017,1.9658214845447475,0,,,80.68427234087933,80.32613608586537,,,,,,,71.27796761478835,,,97.17248860371922,98.31851690006158,,,,,60,100,-40,,,,,,,,,,,,,,,0.22831235392627508
1999-01-04,34.902343,38.125,34.84375,37.46875,33.324146519718525,33.27855956014791,26.159407060730896,16.15242325921937,0.783324681554467,2.944977336487831,2.161652654933364,0,,,81.61176305963907,81.3947398647313,,,81.3947398647313,,81.3947398647313,,76.1513206649129,,,96.68871692281405,97.35097353825124,,,,,60,100,-40,,,,,,,,,,,,,,,0.23100932263627072
1999-01-11,37.71875,37.734375,34,37.4375,33.12688605402435,34.11034764811833,26.601685215212036,16.364215067585345,0.7805929082656138,3.1373937902653815,2.3568008819997677,0,,,78.70887168203795,80.3349690275188,,,,,,,75.99524392262077,,,95.89721759011297,95.96183894874491,,95.89721759011297,,,60,100,-40,,,,,,80.3349690275188,,105,,,,,,,0.31531381124241076
1999-01-18,37.84375,41.9375,37.71875,39.0625,34.49728705016546,35.10077811849466,27.090344618537056,16.590068649002408,0.8201779155076818,3.38202327638437,2.561845360876688,0,,,81.3710418985622,80.56389221341307,,,,,,,78.47992156383745,,,98.51393337254578,97.22173082098736,,,,,60,100,-40,,,,,,80.56389221341307,,,,,,,,,0.34513962590931485
1999-01-25,40.421875,43.78125,39.78125,43.75,38.86801654658222,36.830622494795726,27.743664437417955,16.860316722146663,1.0777833935507264,3.909074602815096,2.8312912092643696,0,,,85.04225429052593,81.70738929037536,,,,,,,83.73955248838794,83.73955248838794,,99.14387930866698,98.4816226932298,99.14387930866698,,,,60,100,-40,,,,,,,,,,,,,,,0.3745710453800531
1999-02-01,43.859375,43.984375,38.71875,40,38.54262250754063,37.46449799583658,28.22430504771529,17.090562326901424,0.9176177492729223,3.9783133958555226,3.0606956465826003,0,,,81.75684931745577,82.72338183551464,,,82.72338183551464,,82.72338183551464,,69.10239868211409,,,89.48139171271723,94.64376381841072,,,,,60,100,-40,,,,,,82.72338183551464,,105,,,,,,,0.34040622494634554
1999-02-08,40.640625,41.6875,39.28125,39.4375,38.162345899859154,37.85909839666927,28.664038183099006,17.312919915688475,0.705324773783452,3.9423516138119155,3.2370268400284634,0,,,75.90643915686114,80.90184758828096,,,,,,,67.19382585854041,,,74.68561984092574,83.37409880324486,,,,,60,100,-40,,,,,,,,,,,,,,,0.2503563983345986
1999-02-15,39.9375,39.96875,35.996093,36.9375,38.217714049869215,37.674778717335414,28.988487666114732,17.508189369263714,0.3462338440586956,3.669819145101833,3.3235853010431375,0,,,63.67237759781135,73.77855535737609,,,,,,,59.307017546773096,,,47.75528819569118,61.45668421925319,,,,,60,100,-40,,,,,,,,,,,,,,,0.23805074223407932
1999-02-22,37.0625,39.84375,36.1875,37.53125,38.04535490344999,37.64607297386833,29.323497953718075,17.707423803400395,0.11060370094341554,3.4618399272224067,3.351236226278991,0,,,54.11234946861349,64.56372207442867,,,,,,,60.499895150027314,,,28.771205369668685,39.398360947518306,,,,,60,100,-40,,,,,,,,,,,,,,,0.2144718168348356
1999-03-01,37.390625,38.84375,36.765625,38.734375,37.930508124632134,37.86373337909466,29.69255195553305,17.916647198391438,0.003345309186108203,3.3554178627616267,3.3520725535755185,0,,,47.153337501636756,54.97935485602054,,,,,,,62.88803392862128,,,14.24087477361866,20.169922877796406,,14.24087477361866,,,60,100,-40,,,,,,,,,,,,,,,0.22268322510373695
1999-03-08,38.875,41.1875,38.75,40.046875,38.049311115729836,38.300361703275726,30.098603839629796,18.136848470049234,-0.010857061318376715,3.338501226927548,3.3493582882459245,0,,,49.374436673626256,50.21337454795886,,,,,,,65.36290957915054,,,14.81560877892996,14.021773504779993,,,,,60,100,-40,,,,,,,,,,,,,,,0.21016834762166514
1999-03-15,40.140625,43.53125,39.46875,42.796875,38.10605675032056,39.19966436262058,30.59657525768353,18.382221868357203,0.12577342841064398,3.5065750737592296,3.3808016453485856,0,,,56.29390181855734,50.940558664606804,,,,,,,69.91658474185662,,,23.27310495962289,17.616870160441675,,,,,60,100,-40,,,,,,50.940558664606804,,,,,,,,,0.2604332444757739
1999-03-22,43.234375,45.09375,40.78125,44.53125,38.71008841101195,40.265981490096465,31.143033090715548,18.642411203000414,0.2846791588736419,3.736650593940638,3.451971435066996,0,,,63.111836279410255,56.26005825719796,,,,,,,72.39608282266084,,,35.59426205419159,28.931826980066802,,,,,60,100,-40,,,,,,,,,,,,,,,0.2644773179523649
1999-03-29,45.0625,47.3125,44.25,46.34375,40.322314238796814,41.481535192077175,31.739139636177683,18.918046414910858,0.4535533913134415,4.018913174208798,3.5653597828953565,0,,,70.80777152166182,63.404503206543154,,,,,,,74.75200355982615,,,48.75898577712189,42.17600211034107,,,,,60,100,-40,,,,,,,,,,,,,,,0.30066747321722775
1999-04-05,47.15625,47.8125,45.5,47.125,41.09616679316847,42.61022815366174,32.342506709268754,19.198712619737616,0.5529773156192106,4.25658142741937,3.7036041118001592,0,,,74.52637712014676,69.48199497373963,,,,,,,75.71965497135169,75.71965497135169,,58.52881028288121,53.66407178449538,58.52881028288121,,,,60,100,-40,,,,,,,,,,,,,,,0.27927550104901966
1999-04-12,45.8125,46.8125,41.9375,43.3125,41.19644059365643,42.75068252292939,32.77270252459155,19.438650802625798,0.3092364255397637,4.090149643724864,3.7809132181851,0,,,68.15294146693338,71.16236336958067,,,71.16236336958067,,71.16236336958067,,62.9624493167954,,,53.418923077257176,56.39334109492103,,,,,60,100,-40,,,,,,71.16236336958067,,105,,106,,,,,0.21875270371908476
1999-04-19,43.4375,44.0625,40,43,40.87883769410955,42.80054601834351,33.17377301382326,19.67309208817181,0.08584078922751104,3.888214204719489,3.802373415491978,0,,,56.75493399490969,66.47808419399662,,,,,,,62.034377394684675,,,40.86495005521907,48.89198848782463,,,,,60,100,-40,,,,,,,,,,,,,,,0.22391837943995002
1999-04-26,43.59375,44.46875,39.9375,40.65625,40.74463500167315,42.37168681467481,33.467203483869405,19.881879729085522,-0.24291734592935077,3.4987267330802894,3.74164407900964,0,,,44.42482077592614,56.444232079256416,,,,,,,55.39955004093999,,,20.363020126686486,31.002114233894954,,,,,60,100,-40,,,,,,,,,,,,,,,0.15298805073939642
1999-05-03,40.71875,40.90625,38.21875,39.53125,40.55305393012507,41.80359945173985,33.705009229600016,20.077395851184175,-0.5421491739129363,3.06395761161847,3.606106785531406,0,,,26.220768550994027,42.46684110727663,,,,,,,52.480773992611546,,,9.871226866416187,15.576072843730977,,,,,60,100,-40,,,,,,,,,,,,,,,0.11023804412853573
1999-05-10,39.9375,40.875,38.3125,38.4375,40.63855007797328,41.13037956139188,33.89059710294904,20.26008345465498,-0.8039582880727414,2.6011589254404797,3.405117213513221,0,,,11.75632494681568,27.46730475791196,,,,,,,49.72167106293627,,,2.315051151429907,4.630102302859808,,,,,60,100,-40,,,,,,,,,,,,,,,0.06149965642173279
1999-05-17,38.6875,40.125,38.5,38.78125,40.735796500975184,40.6605536491135,34.08238741263731,20.44437366903652,-0.9350168285224916,2.2363461778601064,3.171363006382598,0,,,1.0301042515280745,13.002399249779272,,,,,,,50.605829537915994,,,1.483606711768317,1.7833985781595108,,1.483606711768317,,,60,100,-40,,,,,,,,,,,,,,,0.04565236827348499
1999-05-24,38.9375,40.4375,37.75,40.34375,40.95109675090553,40.597192919290805,34.327931043514276,20.64237741362322,-0.8973442669115395,2.049682672743174,2.9470269396547133,0,,,-5.274839244146899,2.5038633180656302,,,,,,,54.5422096255821,,,5.218847525186114,2.9053774739373392,,,,,60,100,-40,,,,,,,,,,,,,,,0.05226347119667015
1999-05-31,40.3125,40.375,38.0625,39.78125,41.00816126869799,40.43400433543265,34.54178668886666,20.832813956771247,-0.8894564838383596,1.835206334856764,2.7246628186951236,0,,,-10.41845955881016,-4.887731517142982,,,,,,,52.89811748251665,,,9.162208810403632,6.760137510654819,,,,,60,100,-40,,,,,,,,,,,,,,,0.025814501514047225
1999-06-07,39.96875,41.3125,38.78125,39.0625,41.11472117807671,40.159703468346116,34.719069563813065,21.014203867649144,-0.9085949722745346,1.5889191033519552,2.4975140756264897,0,,,-12.52278006614112,-9.405359623032714,,,,,,,50.77928114959686,,,10.764967949290078,10.156633396291873,,,,,60,100,-40,,,,,,,,,,,,,,,0.024773257529420598
1999-06-14,39.375,42.5,38.34375,42.5,41.18241966535694,40.627762774676896,35.02420409072236,21.227992883891442,-0.6763566959443716,1.6520682056960254,2.328424901640397,0,,,-4.874363133064948,-9.271867586005397,,,,,,,59.238565273923996,,,15.156091333486136,13.31244131985325,,,,,60,100,-40,,,,,,-9.271867586005397,,,,,,,,,-0.014825449440148906
1999-06-21,42.4375,44.5,42,42.46875,41.013139689260015,40.99596021974152,35.31614706755678,21.43934370096715,-0.5185606152812232,1.6802241325388678,2.198784747820091,0,,,10.703620044229702,-2.2311743849921224,,,,,,,59.13846733254187,,,21.26951394092943,17.72801793281654,,,,,60,100,-40,,,,,,,,,,,,,,,0.005560831914807568
1999-06-28,42.75,46.0625,42.46875,46,39.967558282884305,41.996768175793214,35.73512169235847,21.68372834075852,-0.18716306008452577,1.9648309227144338,2.1519939827989596,0,,,27.22225839462542,11.017171768596725,,,,,,,66.14207089939627,,,36.587479292337754,28.746427470209213,,,,,60,100,-40,,,,,,,,,,,,,,,0.1017284896180791
1999-07-05,46.125,46.65625,44.625,46.625,40.510054119821135,42.92241454063457,36.16217574363853,21.931900198064405,0.05062862568149473,2.215279764900828,2.164651139219333,0,,,39.69572575892973,25.87386806592828,,,,,,,67.21937374610286,,,47.804015271955706,41.211892901855,,,,,60,100,-40,,,,,,,,,,,,,,,0.1688971280843326
1999-07-12,46.59375,49.9375,46.1875,49.71875,43.75040739697677,44.281681632507656,36.6938061066331,22.208386265745357,0.3747189975062306,2.633049886102121,2.2583308885958906,0,,,52.35251460994475,39.756832921166634,,,,,,,71.99734874683737,71.99734874683737,,67.0616046859197,58.23696953209052,,,,,60,100,-40,,,,,,,,,,,,,,,0.2374113490048413
1999-07-19,50,50.375,44.84375,45.125,43.64100329719272,44.45034530600613,37.024441161274936,22.436412273051374,0.24445801005272916,2.5639034011618023,2.319445391109073,0,,,53.80000335086028,48.61608123991159,,,,,,,58.32289602553264,,,67.1868345375662,66.16401163923442,67.1868345375662,,,,60,100,-40,,,,,,,,,,,,,,,0.12329626735674641
1999-07-26,44.4375,45.25,42.75,42.90625,43.284949490250376,44.1415262448049,37.25510033142102,22.64009225043395,-0.012743328626160011,2.303516230326373,2.316259558952533,0,,,42.77161397293912,49.64137731124805,,,49.64137731124805,,49.64137731124805,,53.05074262864743,,,57.58763055729486,64.81778959755914,,,,,60,100,-40,,,,,,49.64137731124805,,,,,,,,,0.07232803071950583
1999-08-02,42.84375,43.59375,42.1875,42.5625,43.38736381237535,43.82572099584392,37.46323365175745,22.838325163364953,-0.21633833674947223,2.045836638015693,2.2621749747651654,0,,,30.236476032864246,42.26936445222122,,,,,,,52.25788136837992,,,32.91954920360472,46.1015568400345,,,,,60,100,-40,,,,,,,,,,,,,,,0.0045990058717881935
1999-08-09,42.8125,42.90625,40.8125,42.34375,43.63871282577711,43.529326796675136,37.65462644972774,23.032408992585204,-0.3671908618497177,1.8031863974530182,2.170377259302736,0,,,17.304068918476865,30.104052974760076,,,,,,,51.72494758565026,,,17.408589185175412,26.22804786363908,,,,,60,100,-40,,,,,,,,,,,,,,,-0.02803716255254485
1999-08-16,42.53125,43.09375,41.15625,41.6875,43.773894052507316,43.160961437340106,37.812778353659986,23.218031788678882,-0.5041608074160622,1.5401762500326583,2.0443370574487205,0,,,7.346194189559661,18.29557971363359,,,,,,,50.06557458976927,,,7.720290893714784,10.941813465329057,,7.720290893714784,,,60,100,-40,,,,,,,,,,,,,,,-0.07019840112743814
1999-08-23,42.15625,48.1875,41.9375,46.625,43.921740905899654,43.853769149872086,38.1583556731243,23.450936945010437,-0.26712008876072457,1.7104369464978149,1.9775570352585394,0,,,16.956532344745114,13.868931817593877,,,,,,,60.416100800833064,,,14.049180320282945,10.296564867344536,,,,,60,100,-40,,,,,,13.868931817593877,,,,,,,,,-0.04869436775219582
1999-08-30,46.4375,48.21875,45.0625,47.9375,43.40724155547825,44.67051531989767,38.541851529080205,23.69458433859242,-0.03881300834891954,1.92904077482239,1.9678537831713094,0,,,28.354044682941367,17.552257072415376,,,,,,,62.64584769434831,,,27.281064309321867,19.2156731784914,,,,,60,100,-40,,,,,,,,,,,,,,,0.003171467167392862
1999-09-06,47.4375,48.34375,45.898435,47.5,43.407170730086946,45.23641225591813,38.893151469116276,23.931454146168615,0.06045931341196065,2.0434279249362604,1.9829686115242997,0,,,35.54566945987805,26.952082162521506,,,,,,,61.39695625513739,,,44.07747705210976,35.3258013293983,,,,,60,100,-40,,,,,,,,,,,,,,,-0.023269235302558644
1999-09-13,47.25,48.25,45.3125,48.21875,43.50866710650931,45.8328798047345,39.25886121542544,24.17311878153012,0.14730250390693378,2.167096741407967,2.019794237501033,0,,,39.55011309352003,34.483275745446484,,,,,,,62.71969407912005,62.71969407912005,,52.18917955930803,48.1384918333974,52.18917955930803,,,,60,100,-40,,,,,,,,,,,,,,,0.06195539257485827
1999-09-20,48,48.9375,44.4375,45.46875,43.5326015989015,45.7600538437876,39.502386265800915,24.385015609574598,0.00009963859925354868,2.0199187857501,2.0198191471508466,0,,,37.55693866664867,37.55090707334892,,,,,37.55090707334892,,54.91965204782068,,,47.79324700912261,51.16387851957128,,,,,60,100,-40,,,,,,,,,,106,,,,,0.032945257355500634
1999-09-27,46,46.46875,44.28125,44.992185,43.33161219897996,45.606480075030085,39.71767249067147,24.59006207117087,-0.1409970593745289,1.8435728229326855,1.9845698823072144,0,,,29.841342509814744,35.64946475666114,,,,,,,53.666657687474725,,,38.40286181901125,44.36705160547877,,,,,60,100,-40,,,,,,35.64946475666114,,,,,,,,,0.07090751464347718
1999-10-04,45.25,47.59375,44.75,47.46875,41.97533632762425,45.978934060024066,40.021636314566706,24.81771070727862,-0.08208678953158288,1.8819613953927359,1.9640481849243188,0,,,31.944425451648783,33.11423554270406,,,,,,,58.94047362455227,,,30.497177052565206,34.46391040908702,,,,,60,100,-40,,,,,,,,,,,,,,,0.14551103450959518
1999-10-11,47.3125,47.5,43.65625,44.03125,42.01504444707966,45.58939724801925,40.17887606693664,25.008890202728587,-0.2781389202977631,1.616374534552115,1.894513454849878,0,,,22.303161249434126,28.029643070299212,,,,,,,50.32684529341255,,,22.50663320612072,25.99559553520714,,22.50663320612072,,,60,100,-40,,,,,,,,,,,,,,,0.0661345026258384
1999-10-18,43.59375,46.9375,42.53125,46.34375,41.909059129431114,45.7402677984154,40.420635829017556,25.22117736489049,-0.2561336658550257,1.574346372531096,1.8304800383861217,0,,,16.125535981527136,23.457707560870006,,,,,,,55.108097560079095,,,25.110280852584687,23.942169069561768,,,,,60,100,-40,,,,,,,,,,,,,,,0.09871999440389734
1999-10-25,46,47.625,44.65625,46.28125,41.73028704875746,45.84846423873232,40.650463835722746,25.430730326433867,-0.24959098976870076,1.5184913011752457,1.7680822909439464,0,,,19.61221268759809,19.346969972853113,,,,,,,54.953225353752735,,,24.284584697242487,23.466308226781717,,,,,60,100,-40,,,,,,19.346969972853113,,,,,,,,,0.13252326589332333
1999-11-01,46.625,47.25,45.15625,45.78125,41.76964154527479,45.83502139098586,40.85167113628264,25.63322305950418,-0.28043429569544465,1.4175394213246406,1.6979737170200853,0,,,20.76290932698015,18.833552665368455,,,,,,,53.646596235661505,,,31.17978516787357,28.435206034764494,31.17978516787357,,,,60,100,-40,,,,,,,,,,,,,,,0.06588647728280161
1999-11-08,42.40625,45.375,42.34375,44.59375,41.93118500632659,45.586767112788685,40.998419327016656,25.821885019111104,-0.3763290311870393,1.2275624280362862,1.6038914592233255,0,,,2.3823605690051792,14.252494194527799,,,,,,,50.55388480527861,,,24.152034607159784,26.832823670751363,,,,,60,100,-40,,,,,,14.252494194527799,,,,,,,,,0.13100365972933117
1999-11-15,44.125,44.25,42.1875,43,41.889225363017545,45.069413690230945,41.076912686741494,25.99281153633388,-0.5330379779215821,0.9375939868213479,1.47063196474293,0,,,-15.355566938819575,2.5965676523885777,,,,,,,46.644184920090666,,,15.317841642743083,21.50782328250925,,,,,60,100,-40,,,,,,,,,,,,,,,0.08151071566792308
1999-11-22,44.8125,46.6875,44.1875,45.5625,41.99758426565915,45.16803095218476,41.25281807157516,26.187534804629063,-0.4531920855427203,0.9041418578145297,1.35733394335725,0,,,-8.491044394272315,-7.154750254695576,,,,,,,52.97839057133801,,,13.93866706758417,14.619109920428365,,13.93866706758417,,,60,100,-40,,,,,,,,,,,,,,,0.05860241893528735
1999-11-29,45.0625,48.5625,44.75,48.0625,41.91516753239778,45.746924761747806,41.51986442170947,26.405196149856636,-0.23221954400827038,1.067059513346912,1.2992790573551825,0,,,8.426436011803109,-5.140058440429598,,,,,,,58.220562174005366,,,27.886269741722558,19.5396559252905,,,,,60,100,-40,,,,,,-5.140058440429598,,,,,,,,,0.05351576882253533
1999-12-06,47.625,48.59375,45.71875,46.9375,41.66453056579794,45.985039809398245,41.732320718897334,26.609497680703832,-0.16518505465273003,1.0927977390392698,1.2579827936919998,0,,,18.864499830427576,6.266630482652785,,,,,,,55.21946172019423,,,43.98083621977784,34.36319505311257,,,,,60,100,-40,,,,,,,,,,,,,,,0.10635045588882379
1999-12-13,46.804685,58.5625,46.375,57.625,51.27331409681237,48.313031847518594,42.355563043646455,26.918109644079912,0.5560726311706741,1.9530735826553425,1.3970009514846684,0,,,46.68658191886041,24.65917258703036,,,,,,,70.7413401921111,,,64.29185574058894,54.60376810644391,,,,,60,100,-40,,,,,,,,,,,,,,,0.22911265361304495
1999-12-20,57.40625,59.625,55.3125,58.71875,51.07968451846863,50.39417547801487,42.99725664977797,27.23453392622837,1.0360571081588736,2.6920723366832604,1.6560152285243868,0,,,64.20495757112897,43.252013106805656,,,,,,,71.82411124724429,71.82411124724429,,77.28457712349963,70.5368937520441,,,,,60,100,-40,,,,,,,,,,,,,,,0.2788720951534963
1999-12-27,59.21875,59.96875,58.0625,58.375,51.0092606242923,51.9903403824119,43.600305408610204,27.54438931004699,1.2455553572073101,3.2129594250335245,1.9674040678262144,0,,,72.1941174203877,61.028552303459016,,,,,,,70.93039158497209,,,92.32889909016004,85.66750051250231,92.32889909016004,,,,60,100,-40,,,,,,,,,,,,,,,0.2501534935232745
2000-01-03,58.6875,59.3125,53.65625,55.71875,51.287617008271425,52.736022305929524,44.075538529841175,27.824731207459457,1.1241186141902073,3.3725523355639737,2.2484337213737664,0,,,70.58095560614926,68.9933435325553,,,,,,,64.2389759336147,,,90.5531082413775,91.03219366138198,,,,,60,100,-40,,,,,,,,,,,,,,,0.25920331456232865
2000-01-10,56.71875,57.125,50.75,56.125,51.010376507680604,53.41381784474362,44.54806643063172,28.106325921813095,0.9945036458903287,3.4915632787366775,2.497059632846349,0,,,64.81023541433098,69.19510281362264,,,69.19510281362264,,69.19510281362264,,64.78933535603127,,,86.07522829481918,90.3036942697073,,,,,60,100,-40,,,,,,69.19510281362264,,105,,,,,,,0.2677018424677533
2000-01-18,55.90625,58.03125,51.625,51.875,50.65026032856056,53.1060542757949,44.83539715884224,28.342830141496545,0.5671396831112325,3.2059842367353895,2.638844553624157,0,,,57.501232959423525,64.29747465996792,,,,,,,55.16713205260128,,,70.09288392990682,78.02663825027943,,,,,60,100,-40,,,,,,,,,,,,,,,0.18240733555430086
2000-01-24,51.90625,52.84375,48.625,49.125,50.31140244794909,52.309843420635914,45.00361687810333,28.549617901282648,0.06998941373161349,2.726331320788674,2.6563419070570604,0,,,40.774454848397454,54.36197440738399,,,,,,,49.96541882033735,,,52.639812709016006,62.32137933687432,,,,,60,100,-40,,,,,,,,,,,,,,,0.12974312882227726
2000-01-31,48.8125,54,47.4375,53.28125,50.309248701667016,52.50412473650873,45.32822994170712,28.795703792812173,-0.004258901307587326,2.6510182804225764,2.6552771817301637,0,,,31.575192657523722,43.283626821781574,,,,,,,56.65683037004936,,,38.95232886957956,45.75550835746276,,,,,60,100,-40,,,,,,,,,,,,,,,0.12773274914008312
2000-02-07,53.40625,55,49.5625,49.96875,49.97242736583366,51.99704978920698,45.51021112046371,29.00638086950061,-0.28617671471528805,2.297556288336054,2.583733003051342,0,,,23.72119272694906,32.02361341095675,,,,,,,50.791955666337955,,,29.569323045646996,33.561510388537016,,,,,60,100,-40,,,,,,,,,,,,,,,0.10638394245332436
2000-02-14,50.617185,50.875,47.4375,47.53125,49.820378982559824,51.103889831365585,45.58946754711219,29.19070792552548,-0.6269864383867847,1.799999955067861,2.4269863934546456,0,,,7.330626365801958,20.875670583424917,,,,,,,46.92012407211065,,,23.36682793922791,26.114985240727293,,,,,60,100,-40,,,,,,,,,,,,,,,0.0557861703412667
2000-02-22,47.5625,48.5625,45.25,45.65625,49.96490548380555,50.01436186509247,45.59208646683329,29.35454416507249,-0.949516196792676,1.2400911474638008,2.1896073442564767,0,,,-9.36925553299498,7.227521186585347,,,,,,,44.117582977553006,,,11.913764060279899,17.505833615261327,,,,,60,100,-40,,,,,,,,,,,,,,,-0.00855196267696096
2000-02-28,45.125,49.4375,44.0625,48.0625,50.116965806390866,49.623989492073974,45.68896542891826,29.540692979350375,-0.9682973715218257,0.9792356298541947,1.9475330013760204,0,,,-18.184896337705016,-6.741175168299345,,,,,,,48.40232383874941,,,8.429213845877163,10.949698208695336,,8.429213845877163,,,60,100,-40,,,,,,,,,,,,,,,0.052720321493562074
2000-03-06,48,51.25,45.046875,50.5,49.963521820220095,49.79919159365918,45.87763345131362,29.749243297963805,-0.7915090308061943,0.9581467128682775,1.7496557436744717,0,,,-18.558905919960065,-15.371019263553352,,,,,,,52.40692380609138,,,12.924242054483301,9.519727024331015,,,,,60,100,-40,,,,,,,,,,,,,,,0.07159790699151505
2000-03-13,48.8125,50.125,46.625,49.6875,49.35898454734723,49.77685327492735,46.027039982634655,29.947633911914412,-0.7070124417904862,0.8658901914363639,1.57290263322685,0,,,-19.176713075306402,-18.64017177765716,,,,,,,50.97818059413522,,,20.50213107339027,15.810437178618779,,,,,60,100,-40,,,,,,,,,,,,,,,0.10681682022639424
2000-03-20,49.375,57.5,48.25,55.84375,47.19941422253671,50.99023261994188,46.41200900292349,30.205306708810784,-0.238451216474036,1.274838612634305,1.513289829108341,0,,,-0.0004461105443880342,-12.578688368603617,,,,,,,59.94228099491233,,,33.00716606851557,26.884228547457127,,,,,60,100,-40,,,,,,-12.578688368603617,,,,,,,,,0.16579630203871248
2000-03-27,53.88281,54.46875,51.1875,53.125,46.51552749235552,51.417186095953504,46.67526355182845,30.43336335847436,-0.11956675921023496,1.3638313800955473,1.4833981393057822,0,,,9.665921423802997,-3.1704125873492632,,,,,,,55.12011114081393,,,39.22964936094007,35.695806819903986,39.22964936094007,,,,60,100,-40,,,,,,,,,,,,,,,0.14034475216493927
2000-04-03,47.21875,48.25,42.46875,44.53125,46.25548981433012,50.0399988767628,46.59118458901165,30.573640837494516,-0.6007413035927798,0.7324715098148076,1.3332128134075873,0,,,-9.487458741932647,0.05933885710865402,,,,,,,43.21530412450196,,,36.24788192755835,38.59733983666673,,,,,60,100,-40,,,,,,0.05933885710865402,,,,,,,,,0.1138088189172902
2000-04-10,44.3125,44.3125,36.625,37.0625,45.41804411330654,47.444499101410244,46.21751068356021,30.638206600305516,-1.3596331576695797,-0.3663286336793874,0.9933045239901923,0,,,-30.39229275826186,-10.071276692130503,,,,,,,35.91256183006884,,,22.317736525045927,30.3243472426295,,,,,60,100,-40,,,,,,,,,,,,,,,0.040712506990637595
2000-04-17,37.125,40.96875,36.5,39.46875,45.03327310521321,45.8493492811282,45.95285340185196,30.726072703785064,-1.6195121669930717,-1.0310856847511474,0.5884264822419243,0,,,-41.74660307690805,-27.208784859034186,,,,,,,39.48190714266476,,,11.937475150112606,18.021125031534385,,,,,60,100,-40,,,,,,,,,,,,,,,0.02602660104130895
2000-04-24,33.625,35.5625,32.5,34.875,45.16705716912656,43.65447942490256,45.51842777824992,30.76735556245387,-1.9960287565134958,-1.9066094633999455,0.08941929311355029,0,,,-52.943448469438735,-41.69411476820289,,,,,,,35.40383690769049,,,7.26337535848608,8.672925448281333,,,,,60,100,-40,,,,,,,,,,,,,,,0.08110043434449817
2000-05-01,36.4375,37,34.40625,35.5625,44.9341423713318,42.036083539922046,45.127999237926396,30.815068442429453,-2.0843275095408726,-2.5159900938125404,-0.43166258427166787,0,,,-56.4425779573994,-50.3775431679154,,,,,,,36.4677791871157,,,7.043420154815775,6.4486227117532975,,,,,60,100,-40,,,,,,,,,,,,,,,0.012747609339120392
2000-05-08,35.46875,35.6875,32.875,34.40625,45.342864344808106,40.51011683193764,44.70753848349791,30.850801592256026,-2.100261353474777,-3.0569892761151394,-0.9567279226403622,0,,,-58.81414626134204,-56.066724229393394,,,,,,,35.405299188192416,,,3.464774341212616,5.105397887248574,,,,,60,100,-40,,,,,,,,,,,,,,,0.002954151455932947
2000-05-15,34.5,35.3125,32.25,32.53125,45.69114189160752,38.91434346555011,44.23003697434113,30.86752247193507,-2.1110850213068937,-3.595584199273979,-1.4844991779670855,0,,,-59.996862077809276,-58.41786209885024,,,,,,,33.681394904925156,,,2.793161928960255,3.7621730627438517,,,,,60,100,-40,,,,,,,,,,,,,,,-0.014567559435988104
2000-05-22,32.5625,33.28125,30.1875,30.71875,45.97882818506413,37.27522477244009,43.7001825831905,30.86604214883124,-2.109338141425197,-4.121171854748582,-2.0118337133233846,0,,,-61.62723305366781,-60.14608046427304,,,,,,,32.047307520030614,,,0.6345559090517067,1.2293533521141788,,0.6345559090517067,,,60,100,-40,,,,,,,,,,,,,,,-0.03496441757502745
2000-05-30,31.21875,33.375,31,33.15625,46.241501171845265,36.451429817952075,43.28669503090852,30.888830286653814,-1.8237711805738277,-4.291547689040669,-2.4677765084668417,0,,,-59.71668737905666,-60.44692750351124,,,,,,-60.44692750351124,36.53331253667439,,,4.74163688340427,2.836795756993608,,,,,60,100,-40,,,,,,-60.44692750351124,-107,,,,,,,,-0.031523609240768385
2000-06-05,33.00781,36.0625,33,34.40625,46.54791180242775,36.04239385436166,42.93844228459838,30.923829487781635,-1.4469079157961793,-4.276411403212066,-2.8295034874158866,0,,,-54.09035992222301,-58.47809345164916,,,,,,,38.778659275484145,,,12.00908139644912,7.676099817175602,,,,,60,100,-40,,,,,,,,,,,,,,,0.00045240781290403184
2000-06-12,34.5,36.5625,33.0625,36.28125,44.05565024511148,36.09016508348933,42.67737592049648,30.977137154569878,-0.9893938557920121,-4.066245807155902,-3.0768519513638894,0,,,-47.48251033902129,-53.763185880100316,,,,,,,42.106921924512456,,,24.01719412469329,17.755732308731037,,,,,60,100,-40,,,,,,,,,,,,,,,0.061666399607804095
2000-06-19,36.28125,41.09375,36,38.84375,35.60971094188923,36.64088206679146,42.527037649104464,31.055411909250775,-0.45918341023117026,-3.650831214152852,-3.191647803921682,0,,,-33.8823392303786,-45.15173649720763,,,,,,,46.419585053581535,,,36.21273064013511,29.761545049162105,,,,,60,100,-40,,,,,,,,,,,,,,,0.0376810187503383
2000-06-26,38.75,40.0625,38.34375,40,30.988035160325715,37.31270565343317,42.42793813345331,31.144412785775643,0.00010019587762055693,-3.191522559074656,-3.1916227549522764,0,,,-21.235749870615823,-34.20019981333857,,,,,,,48.3021139776812,,,50.584708622968634,43.52799735442523,,,,,60,100,-40,,,,,,,,,,,,,,,0.09728750480395355
2000-07-03,39.84375,41.4375,39.125,41,32.38621122030245,38.050164522746535,42.371940559592396,31.242478330195787,0.3808800891985178,-2.715522643454129,-3.096402732652647,0,,,-9.107562826924177,-21.408550642639536,,,,,,,49.94971664389987,,,68.076329527045,59.11449879417754,,,,,60,100,-40,,,,,,,,,,,,,,,0.15897233739135794
2000-07-10,40.34375,40.65625,38.59375,39.46875,32.67112470456656,38.333881618197225,42.2580899494123,31.324331779646574,0.5300877006909142,-2.433793106789004,-2.963880807479918,0,,,-2.490019671510307,-10.944444123016774,,,,,,,47.44160270625257,,,80.63031368238623,73.98505187904924,,,,,60,100,-40,,,,,,,,,,,,,,,0.18065441637997356
2000-07-17,39.125,39.78125,35.9375,36.15625,32.92229436852609,37.89835529455778,42.018802108258875,31.372410567908798,0.41144519191470375,-2.4495743175865385,-2.8610195095012423,0,,,-4.973681324030326,-5.523754607488275,,,,,,,42.44666889401774,,,82.91337987276205,82.53512387278995,82.91337987276205,,,,60,100,-40,,,,,,,,,,,,,,,0.10969099664546615
2000-07-24,36.03125,36.0625,33.625,34.84375,32.95016619934566,37.287434235646224,41.73742751577814,31.406951258775376,0.2578364140469165,-2.5387239919425966,-2.796560405989513,0,,,-14.780656383845503,-7.414785793128712,,,,,,,40.61130225714168,,,73.31007668397731,79.296841181603,,,,,60,100,-40,,,,,,-7.414785793128712,,,,,,,,,0.061224522632899514
2000-07-31,35.09375,35.5625,34.0625,34.5625,33.16354718510668,36.74244738851698,41.456057809277034,31.438349753712934,0.1555881865534472,-2.6020751727977043,-2.7576633593511515,0,,,-21.60293898570203,-13.785758897859287,,,,,,,40.20770902684039,,,61.554906339910275,68.43119018472659,,,,,60,100,-40,,,,,,,,,,,,,,,0.01492119725821878
2000-08-07,35.09375,37.4375,34.96875,36.21875,33.50900810045621,36.63770791081358,41.25067318930539,31.48591592531778,0.21418388475508632,-2.4899335034072934,-2.7041173881623797,0,,,-20.80153057035719,-19.06170864663491,,,,,,,43.77255502219144,,,58.242597043949075,59.621782192335935,,58.242597043949075,,,60,100,-40,,,,,,,,,,,,,,,-0.027206205334129787
2000-08-14,36.15625,36.6875,35.1875,35.5,33.63336466470933,36.41016632865087,41.02515659364635,31.525857060389246,0.21846663622798612,-2.431034092877397,-2.649500729105383,0,,,-21.88943269831294,-21.431300751457385,,,,,,,42.579099806268026,,,58.77863556890661,57.27482638211735,,,,,60,100,-40,,,,,,,,,,,,,,,-0.05664722974200022
2000-08-21,35.34375,36.21875,34.96875,35.3125,33.94526718865867,36.190633062920696,40.80113084487591,31.56353509958935,0.22188778024673095,-2.372141003796969,-2.5940287840437,0,,,-23.907730057108314,-22.199564441926146,,,,,,,42.253523582660726,,,62.10341098190828,60.33816965376866,62.10341098190828,,,,60,100,-40,,,,,,,,,,,,,,,-0.0462791066815142
2000-08-28,35.09375,36.375,34.84375,35.09375,34.270605246611616,35.971256450336554,40.577311988214106,31.59866161601135,0.22208951425392254,-2.3164168912262966,-2.538506405480219,0,,,-25.4407581288177,-23.745973628079653,,,,,,,41.84908639366598,,,57.25362017854115,59.664584355706516,,,,,60,100,-40,,,,,,,,,,,,,,,-0.003672906013993581
2000-09-05,35,36.03125,34.59375,34.65625,34.532526300425076,35.708255160269246,40.34511347887238,31.62908538102616,0.20579650831901342,-2.2812607700814524,-2.487057278400466,0,,,-28.276194513889894,-25.87489423327197,,,,,,,40.99882652692558,,,46.99437619144581,53.17501517357882,,,,,60,100,-40,,,,,,,,,,,,,,,-0.06096746063362224
2000-09-11,34.5625,34.84375,31.65625,32.09375,34.789131564680424,34.9853541282154,40.02153059734797,31.633708909573166,0.04393743775528547,-2.432135481206359,-2.4760729189616444,0,,,-40.63220085544881,-31.4497178327188,,,,,,,36.31692102714614,,,29.678109415208198,38.753153010276236,,,,,60,100,-40,,,,,,,,,,,,,,,-0.17273892982120276
2000-09-18,32.125,32.875,30.46875,31.625,34.77740788148897,34.313283302572316,39.69225488764805,31.633622253756517,-0.067156610786137,-2.5600186824443156,-2.4928620716581786,0,,,-51.161775556468626,-40.023390308602444,,,,,,,35.51324486682556,,,14.739549648256487,22.723975581491473,,,,,60,100,-40,,,,,,,,,,,,,,,-0.16853317742279622
2000-09-25,31.625,32.9375,29.3125,30.15625,33.346878747096895,33.481876642057856,39.31829391166185,31.618922032326104,-0.20427299372443164,-2.7482033138137183,-2.5439303200892867,0,,,-58.52721690207095,-50.10706443799612,,,,,,,33.03196804269493,,,4.5596982558602726,9.11939651172054,,,,,60,100,-40,,,,,,,,,,,,,,,-0.20611621717225043
2000-10-02,30.25,30.40625,27.25,27.78125,30.016298122304264,32.341751313646284,38.865860817086876,31.580736240959673,-0.407880982720469,-3.053781548489873,-2.645900565769404,0,,,-67.18289045163822,-58.957294303392594,,,,,,,29.429903118910204,,,1.1258539525035802,2.2517079050071547,,,,,60,100,-40,,,,,,,,,,,,,,,-0.21211203046918203
2000-10-09,27.8125,28.46875,26.0625,26.875,30.00843754213967,31.24840105091703,38.395630981122686,31.53391299478097,-0.5478293180099612,-3.3306872132818555,-2.7828578952718943,0,,,-72.82357384834577,-66.17789373401831,,,,,,,28.16048769657401,,28.16048769657401,-1.9737298215558343e-15,-9.86864910777917e-15,,,,,60,100,-40,,,,,,,,,,,,,,,-0.1939085885238426
2000-10-16,26.75,33.0625,24.21875,32.59375,30.108281289129696,31.517470840733623,38.168106236764935,31.544458636623943,-0.2165000560368422,-3.053482965317947,-2.836982909281105,0,,,-66.95089281516675,-68.98578570505025,,,,-68.98578570505025,,-68.98578570505025,44.519890492562304,,,22.222222222222225,11.111111111111116,,,,,60,100,-40,,,,,,-68.98578570505025,-107,,,,,,,,-0.12095784400420366
2000-10-23,32.3125,34.59375,30.09375,33.84375,29.281350482763287,31.9827266725869,37.99852363924474,31.56733715765256,0.10815630856391234,-2.7017875235762148,-2.809943832140127,0,,,-51.160391316275614,-63.64495265992938,,,,,,,47.35848561756533,,,50,33.333333333333336,,,,,60,100,-40,,,,,,,,,,,,,,,-0.04640727568942982
2000-10-30,33.75,35.421875,33.6875,34.125,28.415271876851627,32.41118133806952,37.84662075143122,31.592786539168454,0.34954133533723786,-2.37301716296858,-2.7225584983058178,0,,,-33.2703286929267,-50.460537608123026,,,,,,,48.00690566302549,,,83.33333333333334,66.66666666666667,,,,,60,100,-40,,,,,,,,,,,,,,,-0.11196497538207839
2000-11-06,34.34375,36.1875,33.40625,33.6875,28.486056028505082,32.666445070455616,37.68351797686529,31.613629459176728,0.47941407754380716,-2.123290901376059,-2.602704978919866,0,,,-19.721368374653814,-34.71736279461871,,,,,,,47.03066518351155,,,93.48547314053349,88.40940323693341,,,,,60,100,-40,,,,,,,,,,,,,,,-0.17775933960439985
2000-11-13,33.34375,35.75,32.203125,34.53125,28.357587740754717,33.03940605636449,37.55989962483136,31.642660509334174,0.6132586364930481,-1.836131683303556,-2.449390319796604,0,,,-10.38045077121164,-21.124049279597386,,,,,,,49.189428416768216,,,98.80128587011129,99.04102869608903,98.80128587011129,,,,60,100,-40,,,,,,,,,,,,,,,-0.18041694012969922
2000-11-20,34.0625,35.21875,32.78125,34.96875,28.207045759272237,33.42527484509159,37.45828591405366,31.675755927151744,0.7152526338739831,-1.5553245274541254,-2.2705771613281085,0,,,-2.5217698920450307,-10.874529679303498,,,,,,,50.32661218508491,,,98.56154304413354,98.56154304413354,,,,,60,100,-40,,,,,,,,,,,,,,,-0.16453059297815076
2000-11-27,35.71875,36.125,28.03125,28.3125,28.34181034789565,32.40271987607328,37.0996276429143,31.642290694045755,0.3375998642921467,-1.8485773309629252,-2.186177195255072,0,,,-12.745902424535064,-8.549374362597247,,,,,,,36.76469214720678,,,86.68509928800009,92.62332116606683,,,,,60,100,-40,,,,,,-8.549374362597247,,,,,,,,,-0.2240957043092049
2000-12-04,28.625,30.25,26.125,27.21875,27.65891318018882,31.36592590085862,36.712142245152954,31.59827536375674,0.03332727230877763,-2.1445181048690998,-2.1778453771778774,0,,,-28.502962854120028,-14.59021172356671,,,,,,,35.08180142415668,,,69.09153712573539,79.37287367638442,,,,,60,100,-40,,,,,,,,,,,,,,,-0.2098872934338517
2000-12-11,27.75,30.25,23.875,24.59375,27.59175866731819,30.011490720686897,36.23691117671558,31.528578593968117,-0.30679833122357003,-2.56134329120734,-2.25454495998377,0,,,-40.97627546085852,-27.40838024650454,,,,,,,31.350634602474443,,,43.72197199370361,56.75025549310673,,,,,60,100,-40,,,,,,,,,,,,,,,-0.262345968794828
2000-12-18,24.5,25,20.125,23.21875,27.207972333938315,28.652942576549517,35.7263950521385,31.445893732336593,-0.5710946264106225,-2.9684132429970482,-2.3973186165864258,0,,,-53.62614246027084,-41.035126925083134,,,,,,,29.56622653613441,,,27.42264885154004,36.08729669311672,,,,,60,100,-40,,,,,,,,,,,,,,,-0.22129508658317631
2000-12-26,23.4375,24.28125,21.3125,21.6875,27.065885024371294,27.259854061239615,35.175850148133065,31.348795287238715,-0.7826776014593939,-3.375665618410668,-2.5929880169512742,0,,,-59.77469556434283,-51.45903782849073,,,,,,,27.666432528082268,,27.666432528082268,13.149511258361997,18.937678005246948,,13.149511258361997,,,60,100,-40,,,,,,,,,,,,,,,-0.2489481181474143
2001-01-02,22.0625,25.25,21.4375,24.5625,27.206268236916202,26.72038324899169,34.759640338402356,31.281269960997534,-0.6671488977261562,-3.4269241391089693,-2.759775241382813,0,,,-59.512982790481594,-57.637940271698426,,,,,,-57.637940271698426,36.02743294694539,,,15.201614620605117,14.130643690662646,,,,,60,100,-40,,,,,,,,,-106,,,,,,-0.1987268773714544
2001-01-08,24.46875,27.875,23.34375,26.75,27.216088362850762,26.726306599193354,34.44553679571991,31.236182697704027,-0.3950032130768695,-3.2535292577289,-2.8585260446520304,0,,,-52.90363071639467,-57.3971030237397,,,,,,,41.59237008472603,,,28.19628122186625,20.00662312643927,,,,,60,100,-40,,,,,,-57.3971030237397,-107,,,,,,,,-0.15787769977863472
2001-01-16,26.6875,30.71875,25.5625,30.5,27.12252847978999,27.48104527935468,34.290809862554426,31.228857496731848,0.06165602648535984,-2.7814560115453304,-2.8431120380306902,0,,,-38.45156240722132,-50.289391971365866,,,,,,,49.71586286932956,,,54.91667136889862,40.622966901409505,,,,,60,100,-40,,,,,,,,,,,,,,,-0.09036498794783501
2001-01-22,30.375,32.15625,29.46875,32,26.946365731233563,28.384836223483745,34.20097418166994,31.23653055646586,0.4662956855681508,-2.260242431070502,-2.7265381166386526,0,,,-21.1659122167518,-37.507035113455935,,,,,,,52.57417844496369,,,76.54315044434887,64.67065401059466,,,,,60,100,-40,,,,,,,,,,,,,,,-0.021978694353862193
2001-01-29,31.78125,32.375,30.1875,30.40625,27.135464607574022,28.789118978786995,34.05216146866328,31.22826905839157,0.6186199202034874,-1.9532632163842933,-2.571883136587781,0,,,-9.128003064121858,-22.915159229364992,,,,,,,49.345548995014795,,,90.19534242979454,84.50417689351995,,,,,60,100,-40,,,,,,,,,,,,,,,-0.028643630552045173
2001-02-05,30.375,32.53125,29.25,29.5625,27.382484992747308,28.943795183029597,33.87609631302942,31.211694241890164,0.651265934804941,-1.7578007180816044,-2.4090666528865454,0,,,-1.722648022779488,-10.672187767884381,,,,,,,47.66668187153357,,,91.27174237962218,91.71140990085412,91.27174237962218,,,,60,100,-40,,,,,,,,,,,,,,,-0.06558865905248108
2001-02-12,29.40625,30.53125,28.0625,28.65625,24.48686106469393,28.88628614642368,33.6713964576165,31.18626693600071,0.6017156308196046,-1.6569221143620396,-2.258637745181644,0,,,-0.9811225327169265,-3.943924539872759,,,,,,,45.85150771183029,,,86.51251988943781,89.93590565083373,,,,,60,100,-40,,,,,,,,,,,,,,,-0.06019265504315102
2001-02-20,28.6875,29.125,26.9375,28.375,24.670835274358648,28.784028917138944,33.46369463574919,31.158294130667368,0.5417583838131259,-1.5814397654152366,-2.1231981492283625,0,,,-4.729296283651703,-2.4776889463827074,,,,,,,45.271893986740814,,,81.14860003536616,84.05460226429109,,,,,60,100,-40,,,,,,-2.4776889463827074,,,,,,,,,-0.02106960866862469
2001-02-26,28.8125,30.59375,28.125,28.34375,24.881847040475886,28.695973133711156,33.262912493170795,31.13028871643187,0.4931409635109709,-1.5067719448396488,-1.9999129083506197,0,,,-2.8640202436871203,-2.858146353351918,,,,,,,45.20311227587402,,,77.06911739722224,78.86749168223189,,,,,60,100,-40,,,,,,,,,,,,,,,-0.044112653847887186
2001-03-05,28.625,30.5625,27.4375,28.34375,25.03760796615618,28.625528506968926,33.07000416010527,31.10256196303454,0.45505006639315293,-1.4311003253591785,-1.8861503917523315,0,,,-2.974034347837922,-3.5224502917255833,,,,,,,45.20311227587402,,,75.23788963738541,75.99728004835615,,,,,60,100,-40,,,,,,-3.5224502917255833,,,,,,,,,-0.13215282614237775
2001-03-12,27.34375,28.03906,25.8125,27.28125,25.08849311143074,28.35667280557514,32.842994193042315,31.06453895842723,0.35671035888903235,-1.440262443141041,-1.7969728020300733,0,,,-14.560202002334043,-6.799418864619696,,,,,,,42.6193404156613,,,72.42879725189519,73.6517092106044,,,,,60,100,-40,,,,,,-6.799418864619696,,,,,,,,,-0.1690076145955065
2001-03-19,27.25,28.5,24.875,28.28125,25.220565032042828,28.341588244460112,32.6641022639034,31.036844540930442,0.3565739107751629,-1.3512554135611197,-1.7078293243362825,0,,,-21.093722849159363,-12.87598639977711,,,,,,,45.77931778120554,,,72.14861645963401,72.49540435971716,,,,,60,100,-40,,,,,,,,,,,,,,,-0.09468485916390187
2001-03-26,28.5625,29.28125,26.9375,27.34375,25.18695324403977,28.14202059556809,32.455460998652285,31.00009733156795,0.29353708825254765,-1.340907964020598,-1.6344450522731457,0,,,-20.919757120775728,-18.857893990756377,,,,,,,43.35446355601155,,,70.12454052933367,70.81419872785104,,,,,60,100,-40,,,,,,,,,,,,,,,-0.07570427594949138
2001-04-02,27.40625,28.6875,25.53125,28.09375,25.338778012322642,28.13236647645447,32.28441350850906,30.971178452646875,0.3014033013250601,-1.2576909256168207,-1.5590942269418808,0,,,-24.102835738652338,-22.038771902862475,,,,,,,45.84069467145823,,,68.97441342551552,69.79638443534954,,68.97441342551552,,,60,100,-40,,,,,,,,,,,,,,,-0.05668737458775962
2001-04-09,28.285005,31.156,27.83,31.089995,25.36368672572817,28.723892181163578,32.237573566998904,30.972360706849393,0.4959609527717421,-0.9391430359772031,-1.4351039887489452,0,,,-4.79023712157548,-16.604276660334516,,,,,,,54.48631179433997,,,73.65900996805823,71.22633617065355,,,,,60,100,-40,,,,,,-16.604276660334516,,,,,,,,,-0.039490926489186465
2001-04-16,30.699995,35.550005,30.019995,34.5,27.862566245319012,29.879113744930862,32.32629617221463,31.007461595338455,0.8226089486442956,-0.4068428029435758,-1.2294517515878713,0,,,20.70821934328609,-2.728284505647243,,,,,,,61.97105623454269,,,82.03656410375325,77.07931359716271,,,,,60,100,-40,,,,,,,,,,,,,,,0.06888752158310017
2001-04-23,34.055,35.5,33.105005,33.56,27.546667227796227,30.61529099594469,32.37467671448073,31.03285998742464,0.9354431367981088,-0.06014783059023543,-0.9955909673883442,0,,,36.10186627847823,17.339949500062946,,,,,,,59.07012279620019,,,90.86585274111289,86.2043009645081,,,,,60,100,-40,,,,,,,,,,,,,,,0.06258911296689001
2001-04-30,34.265,35.574995,33.800005,35.375,28.57619171152507,31.567232796755754,32.49233645116776,31.076065360684098,1.0820336176311447,0.35695105465058674,-0.725082562980558,0,,,46.369598777609795,34.3932281331247,,,,,,,62.720439390528306,62.720439390528306,,94.10513953315535,92.68287454859303,94.10513953315535,,,,60,100,-40,,,,,,,,,,,,,,,0.1596574830073219
2001-05-07,35.415,36.074995,34.324995,34.699995,28.773964446416137,32.193785237404605,32.57891129622001,31.112124362070325,1.0807248980311253,0.6258235595583486,-0.45490133847277664,0,,,51.61899889834931,44.69682131814577,,,,,,,60.54493301301697,,,93.41602039851064,94.47171245811414,,,,,60,100,-40,,,,,,,,,,,,,,,0.1192591603978131
2001-05-14,34.565,35.07,33.625,34.045,28.99546698595784,32.56402818992368,32.63640497087805,31.141307204238778,0.9855982309295173,0.77709645018912,-0.2085017807403973,0,,,51.452690812868916,49.813762829609345,,,,,,,58.41498672309223,,,91.6345769001686,92.78922166424049,,,,,60,100,-40,,,,,,,,,,,,,,,0.1260358653648512
2001-05-21,34.025,35.949995,33.875,35.455,29.324719344103706,33.14222255193894,32.746938109274986,31.18422952061451,0.9661917679292646,0.9992379291711835,0.033046161241918864,0,,,52.89616589532705,51.989285202181755,,,,,,,61.568008517744964,,,89.79919262695557,90.60966143222873,,,,,60,100,-40,,,,,,,,,,,,,,,0.11986639823759516
2001-05-29,35.4,35.875,34.199995,35.17,29.466168676667728,33.547778041551155,32.84196014420538,31.22388892836959,0.8848894941232041,1.139158028895924,0.25426853477271993,0,,,52.6360495313282,52.328302079841386,,,,,,,60.56250905883483,,,89.3738612356264,89.55409460725798,,,,,60,100,-40,,,,,,,,,,,,,,,0.10031830635475081
2001-06-04,35.275,36.875,34.9,36.595,30.794655914048604,34.157222433240925,32.98913817776595,31.277332819629592,0.876165487740093,1.3494753944478362,0.4733099067077432,0,,,54.75850257424693,53.43023933363406,,,53.43023933363406,,53.43023933363406,,63.767705713853175,63.767705713853175,,93.39480498033794,91.24299041158828,93.39480498033794,,,,60,100,-40,,,,,,,,,,,,,,,0.07988492288764232
2001-06-11,36.425005,36.425005,33.199995,34.01,30.92682334875942,34.12777794659274,33.029171974716306,31.304523537842233,0.6554836698478801,1.2926644940175933,0.6371808241697132,0,,,48.9980854099852,52.13087917185345,,,,,,,54.985538951033924,,,87.1461468943485,89.75813530044486,,,,,60,100,-40,,,,,,52.13087917185345,,,,,,,,,0.012979842711107872
2001-06-18,33.975,35.305,33.004995,34.415,30.846692395276605,34.18522235727419,33.08351817178625,31.335473552391065,0.5028401425007797,1.2657310022956878,0.7628908597949081,0,,,42.41790723811619,48.724831740782776,,,,,,,56.01373182002374,,,80.77219221528807,85.40629061697898,,,,,60,100,-40,,,,,,,,,,,,,,,0.05730646355500088
2001-06-25,34.550005,38.074995,33.85,36.5,30.928713652756848,34.64817788581935,33.21749785132405,31.386861875252844,0.5069111242964536,1.3965297651654751,0.8896186408690215,0,,,46.843710509651274,46.086567719250894,,,,,,,60.98398573890179,60.98398573890179,,75.01319496255712,77.67466055674089,,,,,60,100,-40,,,,,,46.086567719250894,,,,,,,,,0.11688860088457124
2001-07-02,36.025,36.574995,32.835,33.03,30.729877677559926,34.32454230865548,33.210144994409376,31.403211508334905,0.2533318412685637,1.2062834424547262,0.9529516011861625,0,,,37.31369201308921,42.191769920285566,,,,,,,50.6626701835473,,,66.05025176088145,70.14758167593335,,,,,60,100,-40,,,,,,42.191769920285566,,,,,,,,,0.11649239681255867
2001-07-09,33.1,36.025,32.1,35.67,30.614529986305648,34.593633846924384,33.3066098965894,31.445667115217145,0.24090394021650519,1.254081526456794,1.0131775862402888,0,,,32.83442156769218,38.9972746968109,,,,,,,56.70242589714739,,,59.80194053675902,63.47713307193023,,,,,60,100,-40,,,,,,,,,,,,,,,0.14300472081528898
2001-07-16,35.725,36.5,33.9,34.589995,30.48099213014096,34.59290607753951,33.35693872417413,31.47695395984185,0.14232544731791585,1.1910843953876835,1.0487589480697677,0,,,32.462917496245524,34.20367702567564,,,,,,,53.78443273447606,,,43.01659384350607,51.02821438360737,,,,,60,100,-40,,,,,,,,,,,,,,,0.16628879869850832
2001-07-23,34.620005,34.629995,32.525,32.735,30.546278406559463,34.22132486203161,33.33254897028495,31.4894718308882,-0.054865359810753356,0.980177248306326,1.0350426081170794,0,,,16.365278182163852,27.220872415367186,,,,,,,49.08435735632855,,,31.571364796075457,38.56861272428588,,,,,60,100,-40,,,,,,,,,,,,,,,0.1468288157717183
2001-07-30,32.824995,33.769995,32.769995,33.445,30.6776163775195,34.066059889625286,33.3369588145875,31.508929822620654,-0.13971034925167358,0.8604046715524873,1.000115020804161,0,,,4.95403185440596,17.92740917760511,,,,,,,50.86476313893851,,,18.43476586057377,24.112155473104337,,,,,60,100,-40,,,,,,,,,,,,,,,0.1428481104508992
2001-08-06,33.265,33.620005,31.449995,32.76,30.95243020769668,33.80484791170023,33.31433297872132,31.521378282097064,-0.23839865499909485,0.7021167020552923,0.9405153570543872,0,,,-8.549693337725055,4.2565388996149185,,,,,,,49.07131113939441,,,9.110036891395836,13.88789172467498,,,,,60,100,-40,,,,,,,,,,,,,-291,,0.09549257242648325
2001-08-13,32.620005,33.045,30.75,30.94,31.045469478575487,33.231878329360185,33.22122188151656,31.515593423568735,-0.41247996883107574,0.4249153960155425,0.8373953648466183,0,,,-23.40437451583589,-9.000011999718332,,,,,,,44.550009756834946,,,5.736381089771111,7.14058012142553,,,,,60,100,-40,,,,,,,,,,,,,-268.0909090909091,,0.1119207475892857
2001-08-20,30.83,31.6,29.5,31.025,31.114007372962952,32.79050266348815,33.135095533221794,31.51071189696606,-0.5021777545406256,0.2096731716708362,0.7118509262114618,0,,,-36.16131758357582,-22.705128479045595,,,,,,,44.80730221834731,,,1.7694930741943626,3.0508375661555287,,,,,60,100,-40,,,,,,,,,,,,,-240.2561983471075,,0.09129090219100404
2001-08-27,30.949995,31.68,28.15,28.525,31.110506846322743,31.937402130790517,32.95430747309545,31.481003320876848,-0.698107569744133,-0.16078353596870443,0.5373240337754286,0,,,-47.85483906137405,-35.806843720261924,,,,,,,39.03599688212977,,,1.1288208282137797,1.769493074194363,,,,,60,100,-40,,,,,,,,,,,,,-201.11870773854253,,0.010005128792004362
2001-09-04,28.595,29.54,27.644995,27.699995,30.99118492872826,31.089920704632412,32.74825600356229,31.44338134753479,-0.8418652021360415,-0.5150074688946233,0.3268577332414182,0,,,-57.12869458819117,-47.04828374438035,,,,,,,37.31762208007955,,,0.4881485822331969,0.4881485822331974,,0.4881485822331969,,,60,100,-40,,,,,,,,,,,,,-126.36985178608026,,-0.09994645736377397
2001-09-10,27.46,28.975,27.35,28.79,31.113956719533384,30.62993656370593,32.59303027793239,31.416979543081705,-0.821256062971625,-0.6997123454731131,0.12154371749851192,0,,,-60.664323355388824,-55.215952334984685,,,,,,,41.03294104280151,,,3.990519393579614,2.2393339879064054,,,,,60,100,-40,,,,,,,,,,,,,-56.120787824974734,,-0.04709691197978109
2001-09-17,27.01,27.56,23.75,24.855005,30.436531239566715,29.474950250964742,32.28957830624877,31.351686264046066,-1.0175173328324383,-1.1503529485420358,-0.13283561570959765,0,,,-69.25893851407439,-62.35065215255147,,,,,,,33.311149673293684,,,4.866112096416218,3.990519393579614,,,,,60,100,-40,,,,,,,,,,,,,134.0829917795661,,-0.13824932097759116
2001-09-24,25.324995,26.5,24,25.585,30.090350436740522,28.696960200771795,32.026653666788036,31.294306301219738,-1.039392542162899,-1.4320762934132212,-0.3926837512503224,0,,,-71.9481743761958,-67.29047874855301,,,,,,,35.741418728174835,,,8.00994764490289,6.875826222077857,,,,,60,100,-40,,,,,,,,,,,,,120.61335691055412,,-0.08734333369809263
2001-10-01,25.47,29.2005,25.205,28.86,29.051748976973343,28.729568160617436,31.90247117005125,31.27008434797377,-0.7860339531968079,-1.3752261927463323,-0.5891922395495244,0,,,-64.72090552894653,-68.64267280640557,,,,-68.64267280640557,,-68.64267280640557,45.41009444598461,,,16.844784094651665,12.14383551407102,,,,,60,100,-40,,,,,,-68.64267280640557,-107,,,,,,99.59274656318061,,-0.008128103900911305
2001-10-08,28.4,29.324995,26.5,28.19,27.731557264332388,28.62165452849395,31.756884065343357,31.239436742521296,-0.623414780895045,-1.3684607156683306,-0.7450459347732856,0,,,-57.357882428409866,-64.67565411118407,,,,,,,43.94465614908642,,,30.189341978946814,22.767121425213464,,,,,60,100,-40,,,,,,,,,,,,,62.39406536987506,,-0.0291687718602195
2001-10-15,27.949995,29.65,27.75,28.949995,27.73608960259436,28.687322622795158,31.6468099843495,31.216656227670338,-0.4335142542109096,-1.2869387525369227,-0.8534244983260131,0,,,-47.06878940716793,-56.38252578817478,,,,,,,46.08281695526218,,,46.87929204458841,38.228969824272326,,,,,60,100,-40,,,,,,,,,,,,,45.59514439353414,,-0.020689248210965825
2001-10-22,28.949995,31.815,28.735,31.1,27.18744034526619,29.169858098236126,31.62536645555148,31.215495469186056,-0.14677394497263718,-1.0368919295418095,-0.8901179845691723,0,,,-29.603012058226593,-44.676561297934796,,,,,,,51.72603877811309,,,62.669915593917864,54.6202519963551,,,,,60,100,-40,,,,,,,,,,,,,-6.331245496199358,,-0.026316113646570067
2001-10-29,31.050005,31.5105,29.050005,30.699995,25.48548032060432,29.4758854785889,31.589077378863184,31.210366111283708,0.023231109644279546,-0.8610790975138229,-0.8843102071581025,0,,,-17.109880505190944,-31.260560656861824,,,,,,,50.65740011960068,,,78.54462992529929,70.83461332674592,,,,,60,100,-40,,,,,,,,,,,,,-28.81647358779947,,0.01809914285162229
2001-11-05,30.93,33.03,30.875,32.605005,27.040023154846867,30.10170938287112,31.628917677731295,31.22424311515153,0.25820454628579703,-0.5615545243008562,-0.8197590705866532,0,,,-0.20400573653254028,-15.638966099983358,,,,,,,55.410215842089286,,,91.67408019021326,85.08059652393995,,,,,60,100,-40,,,,,,,,,,,,,-52.668023844563194,,0.036108158493751374
2001-11-12,32.35,34.17,31.824995,32.875,27.374659000929235,30.656367506296895,31.677783651153597,31.240668556791814,0.41664987231244255,-0.29894673019609996,-0.7155966025085425,0,,,13.730908769974143,-1.1943258239164483,,,,,,,56.060059639904196,,,96.26541096771425,94.26325807894193,,,,,60,100,-40,,,,,,,,,,,,,-64.91020132736989,,0.015780257984448567
2001-11-19,33.125,33.9,31.7445,32.36,27.432539786577145,30.997094005037518,31.7045372334613,31.25180618309239,0.4677767190456068,-0.130875703701534,-0.5986524227471408,0,,,21.538467239943174,11.688456757794924,,,,,,,54.42115026723609,,,98.04154309618485,98.1545534763357,98.04154309618485,,,,60,100,-40,,,,,,,,,,,,,-97.65380108602994,,0.03288965814810042
2001-11-26,32.495005,32.855005,31.365,32.105005,27.513358373250206,31.218676204030015,31.720241851756935,31.260295723559132,0.46448502218990273,-0.018046145009762427,-0.48253116719966516,0,,,24.214079584320867,19.827818531412728,,,,,,,53.58092043837116,,,95.88713934820761,96.99259381723395,,,,,60,100,-40,,,,,,,,,,,,,-114.44401907038812,,-0.01593147468360364
2001-12-03,31.915,34.5,31.9,33.915,28.72347491801805,31.757940963224012,31.80631079874686,31.28671069148392,0.5579815749491315,0.21494580148674913,-0.3430357734623823,0,,,31.62285544326211,25.791800755842047,,,,,,,58.50711770623273,,,95.30615951865673,95.83063415813217,,,,,60,100,-40,,,,,,,,,,,,,-139.09056105759032,,0.03411246700882548
2001-12-10,33.76,34.225,32.964995,33.72,28.722869566731045,32.15035277057921,31.88135743409012,31.3109225253995,0.5780160339321694,0.3794842689528295,-0.19853176497933991,0,,,36.70137641213407,30.84610381323901,,,,,,,57.7913087198397,,,95.63167283217331,95.2066788556773,,95.63167283217331,,,60,100,-40,,,,,,,,,,,,,-142.89227722893747,,0.08815906326163989
2001-12-17,33.585,34.945505,33.313005,33.769995,28.91373531196454,32.47428121646337,31.955421652361096,31.335390908231346,0.5652732293733411,0.5080597717373365,-0.05721345763600463,0,,,40.92296644485009,36.415732766748754,,,,,,,57.934254421627955,,,97.52018932665979,96.46968258529255,,,,,60,100,-40,,,,,,,,,,,,,-154.18459046003974,,0.05114630284479221
2001-12-24,33.86,34.535005,33.6,33.935,29.05775421825279,32.76642497317069,32.03305217579791,31.36125766536337,0.5387055673819519,0.6161685015914351,0.0774629342094833,0,,,42.96252108572219,40.195621314235446,,,,,,,58.43752696017552,,,98.10645307826597,97.71006725830706,,,,,60,100,-40,,,,,,,,,,,,,-173.42375583094164,,0.04050308350093839
2001-12-31,33.92,34.955,32.754995,34.449995,29.787551774091877,33.103138978536556,32.12783424733525,31.391991370185625,0.5259731985289494,0.7349294323706701,0.20895623384172068,0,,,43.66557385345161,42.517020461341296,,,,,,,60.053454509830786,60.053454509830786,,99.04513866284384,98.79095307298489,99.04513866284384,,,,60,100,-40,,,,,,,,,,,,,-205.52852749804316,,0.08557414656344445
2002-01-07,34.875,35.31,34,34.305,29.806297004513887,33.343511182829246,32.21321329645936,31.42097653068129,0.4792621559395266,0.8080339287661289,0.3287717728266023,0,,,45.7769405899399,44.135011843037894,,,,,44.135011843037894,,59.349652016292424,,,98.73338012432833,98.81723084989608,,,,,60,100,-40,,,,,,,,,,,,,-217.2506134074899,,0.038956765086835696
2002-01-14,34.15,35.000505,32.71,33.050005,29.950846861334323,33.284809946263394,32.24602865738252,31.437185769181973,0.34177266673153506,0.7559876062410211,0.41421493950948607,0,,,40.68040843224027,43.3743076252106,,,,,,,53.47338454877624,,,89.17496384293722,94.07469533433444,,,,,60,100,-40,,,,,,43.3743076252106,,,,,,,-233.20504733340084,,0.03526878740414337
2002-01-22,33.305,33.315,31.620005,31.9,29.944999585524727,33.00784795701072,32.23245890611261,31.44179088590653,0.16051367955190476,0.614857038949367,0.4543433593974623,0,,,26.542367928520015,37.666572316900066,,,,,,,48.687916632156835,,,64.44872630385454,77.95555358950241,,,,,60,100,-40,,,,,,,,,,,,,-237.16776600005522,,0.05834436103250839
2002-01-28,32.115,32.250505,30.665,31.33,30.024642829415818,32.67227836560858,32.197068360774864,31.440678538783082,-0.0020285644177360784,0.4518076538752922,0.4538362182930283,0,,,10.418424031371103,25.880400130710466,,,,,,,46.455569358927725,,,35.13030797249819,51.369436828685764,,,,,60,100,-40,,,,,,,,,,,,,-252.22817218186339,,0.039113337698372705
2002-02-04,31.199995,31.345,29.415,30.324995,30.11423869874326,32.202821692486864,32.12365371917585,31.42957721003897,-0.17207516267007839,0.23874226495543027,0.41081742762550866,0,,,-6.189275033235742,10.257172308885128,,,,,,,42.71469321592199,,,11.638846355752866,23.27769271150575,,,,,60,100,-40,,,,,,,,,,,,,-243.64123178516095,,0.0812452335140545
2002-02-11,30.004995,31.495005,29.795,30.115,30.14822129169017,31.78525735398949,32.044882985090524,31.416496839789826,-0.28678334611961603,0.0523382449759886,0.33912159109560464,0,,,-16.34781604952017,-4.039555683794934,,,,,,,41.95002920966398,,,3.148529852718419,6.297059705436855,,,,,60,100,-40,,,,,,,,,,,,,-227.52464418785894,,0.038218891163810165
2002-02-19,29.955,30.18,28.574995,28.995005,30.212632985140875,31.22720688319159,31.92527992685168,31.392402393622763,-0.4182137275492548,-0.1836455683409639,0.2345681592082909,0,,,-28.372492346345595,-16.969861143033835,,,,,,,38.017711798126825,,,-2.1118909090647423e-14,-2.565848768022584e-14,,,,,60,100,-40,,,,,,,,,,,,,-202.52016342643003,,-0.04032918645487481
2002-02-25,28.97,30.71,28.945,30.685,30.286015271916526,31.118765506553274,31.87664149834769,31.385363563835472,-0.37295527010504126,-0.23162592842301066,0.1413293416820306,0,,,-31.454455247209182,-25.39158788102498,,,,,,,46.253380937789146,,,8.615059837191513,4.3075299185957485,,,,,60,100,-40,,,,,,,,,,,,,-241.15286098526096,,-0.0020082062821083347
2002-03-04,30.620005,32.35,30.4395,31.975,30.331299538208203,31.29001240524262,31.880498694490917,31.39123059305104,-0.2440009005486954,-0.16367178400383864,0.08032911654485675,0,,,-23.61200621732132,-27.812984603625363,,,,,,,51.574155801328956,,,24.756188639878225,15.608741758885927,,,,,60,100,-40,,,,,,-27.812984603625363,,,,,,,-274.57961353339533,,0.012060845324539042
2002-03-11,31.754995,32.5,30.485,31.245005,30.35256349976476,31.281010924194096,31.85557737313833,31.38977561202566,-0.19770279029357063,-0.16679937132210654,0.03090341897146409,0,,,-18.53039827122565,-24.53228657858538,,,,,,,48.62322019809402,,,41.39580722178924,32.40445993005907,,,,,60,100,-40,,,,,,,,,,,,,-298.292411072778,,-0.03525842600941647
2002-03-18,31.370005,31.5,29.915,30.225,30.35738003549585,31.069808739355278,31.791633162427026,31.378185804940827,-0.22369620152770012,-0.24871683293816105,-0.025020631410460938,0,,,-22.185826207629663,-21.44274356539221,,,,,,,44.747594559952425,,,45.93410120521902,44.039748111207,45.93410120521902,,,,60,100,-40,,,,,,-21.44274356539221,,,,,,,-327.69379087772745,,-0.08428566630258831
2002-03-25,30.24,30.46,29.155,30.155,30.278286104389,30.886846991484223,31.727451469782828,31.36601480190659,-0.23250097173535267,-0.31564684607965177,-0.0831458743442991,0,,,-29.471884874824354,-23.396036451226554,,,,,,,44.48398591864019,,,40.893958147892434,45.00088127713383,,,,,60,100,-40,,,,,,,,,,,,,-387.2040107181406,,-0.10097742826373171
2002-04-01,29.915,30.199995,27.713995,27.935,29.1244849540755,30.29647759318738,31.578727882732522,31.331875351141353,-0.3667487346067227,-0.5415817926027024,-0.17483305799597976,0,,,-41.855718194757415,-31.17114309240381,,,,,,,36.99604673672561,,,27.638258903648435,34.973001781294734,,,,,60,100,-40,,,,,,,,,,,,,-398.62146331484223,,-0.14311102742138307
2002-04-08,27.15,28.7155,27.129995,27.964995,27.974731385927253,29.830181074549902,31.437012867723404,31.29837405411507,-0.4281589264282355,-0.7100317160312741,-0.28187278960303863,0,,,-51.41509539763811,-40.914232822406625,,,,,,,37.150898332894585,,,16.3067710384428,22.426023280384694,,,,,60,100,-40,,,,,,,,,,,,,-449.78119725759825,,-0.12164049885487471
2002-04-15,28,29.14,27.699995,28.6,28.033964144075306,29.58414485963992,31.325757461146015,31.271524561039296,-0.4011105304958223,-0.7832609527228165,-0.3821504222269942,0,,,-52.994077420711854,-48.754963671035796,,,,,,,40.5045797693752,,,10.053895799233155,12.649706605242338,,,,,60,100,-40,,,,,,,,,,,,,-464.3664341198531,,-0.10499963210334295
2002-04-22,28.26,28.35,25.730005,25.75,28.109751705212783,28.817315887711935,31.107100305806956,31.216584018143383,-0.5415265925545709,-1.059058662920208,-0.517532070365637,0,,,-61.540699790864444,-55.31662420307146,,,,,,,32.16054731135685,,,7.912990627103461,8.36789626098295,,,,,60,100,-40,,,,,,,,,,,,,-422.6634460980616,,-0.18486111321202786
2002-04-29,25.735,27.035005,24.754995,24.78,27.97584158341187,28.009852710169547,30.858978725187075,31.152538406022554,-0.6583338339356253,-1.3404493627851686,-0.6821155288495433,0,,,-68.50579710451746,-61.013524772031246,,,,,,,29.89021284562348,,,7.292823451892177,7.375454222558076,,,,,60,100,-40,,,,,,,,,,,,,-440.36100135295953,,-0.25320663901436774
2002-05-06,24.72,27.5,24.1765,25.025,27.935780041739594,27.41288216813564,30.630195245767975,31.091567874619344,-0.6751813577735106,-1.5260922260664316,-0.850910868292921,0,,,-70.26384772523295,-66.77011487353828,,,,,,,31.218807704039776,,,3.9265314533201345,5.630335145272632,,3.9265314533201345,,,60,100,-40,,,,,,,,,,,,,-396.6590011069669,,-0.2592492476981959
2002-05-13,25.225,28.22,24.875,28.015,27.749510038758196,27.53330573450851,30.52763856946335,31.060955258951488,-0.4517745300890794,-1.4156290309042703,-0.9638545008151909,0,,,-63.276348886694876,-67.34866457214842,,,,-67.34866457214842,,-67.34866457214842,44.99890958838912,,,18.832222361084604,11.77434129119078,,,,,60,100,-40,,,,,,-67.34866457214842,-107,,-106,,,,-388.1755463602457,,-0.20008740727156463
2002-05-20,27.75,27.775,25.925005,26.629995,27.57347360741832,27.352643587606806,30.374789802033415,31.016866102146,-0.36766519719214785,-1.4234359973053756,-1.0557708001132278,0,,,-58.50388217064201,-64.01469292752328,,,,,,,40.8881468126312,,,33.54332892993385,23.79987226305344,,,,,60,100,-40,,,,,,,,,,,,,-374.8709015674737,,-0.22779602716366462
2002-05-28,26.795,26.845,25.44,25.455,26.85930263545987,26.973114870085446,30.18185686862034,30.961524150880866,-0.3610336546678654,-1.5070628684480596,-1.1460292137801942,0,,,-58.715478450136274,-60.16523650249106,,,,,,,37.721119679752874,,,47.14183130542976,40.865137909663055,,,,,60,100,-40,,,,,,,,,,,,,-366.712555827933,,-0.24047686053498357
2002-06-03,25.495005,26.300005,24.585,25.99,25.951847804355594,26.776491896068357,30.017470324752875,30.912056248882053,-0.29336057180368713,-1.512729928534803,-1.219369356731116,0,,,-58.981217945378724,-58.733526188719004,,,,,,,40.0129971236644,,,46.590201553602256,47.471428351303814,,,,,60,100,-40,,,,,,-58.733526188719004,,,,,,,-270.03754567739975,,-0.15085078529949486
2002-06-10,25.824995,27.89,25.730005,27.625,25.942072246901624,26.946193516854684,29.92364795907629,30.879349221529992,-0.12010731057050505,-1.3695034949442473,-1.2493961843737422,0,,,-48.17056410551585,-55.289086833676954,,,,,,,46.527846116271824,,,54.961112965496525,52.262431347022556,,,,,60,100,-40,,,,,,-55.289086833676954,-107,,,,,,-186.39435555423617,,-0.05715899722449557
2002-06-17,27.83,28.22,26.14,26.14,24.37942494355151,26.784954813483747,29.775269607739965,30.832191517833177,-0.08859802345998125,-1.3601437136987187,-1.2715456902387374,0,,,-41.30187958098706,-49.484553877293884,,,,,,,42.03586444443566,,,63.79065635926227,57.737520514598934,,,,,60,100,-40,,,,,,,,,,,,,-136.14083636255685,,-0.12040910783218879
2002-06-24,26.045,27.894995,25.525,27.35,24.383751733297828,26.897963850786997,29.68016099567173,30.797542846013943,0.024607654616209063,-1.2407861219684762,-1.2653937765846852,0,,,-34.47040540413173,-41.314283030211556,,,,,,,46.58770739576395,,,79.39679767327864,71.57429553361335,,,,,60,100,-40,,,,,,,,,,,,,-179.56977520572835,,-0.07403748372477285
2002-07-01,27.06,27.449995,25.225,27.425005,24.346341609490842,27.003372080629596,29.591723505645387,30.76398525550634,0.11059580395208934,-1.1271490216445734,-1.2377448255966628,0,,,-31.704601068073227,-35.825628684397344,,,,,,,46.86789690085945,,,86.98060277105935,82.75607438974707,,,,,60,100,-40,,,,,,,,,,,,,-174.19345244105045,,-0.009163428283394339
2002-07-08,27.205,27.464995,25.625,25.93,23.747317923098638,26.788697664503676,29.448126505424,30.715885899730157,0.0745704521090278,-1.144531760460378,-1.2191022125694058,0,,,-34.16557676348293,-33.44686107856263,,,,,,,42.09920686186929,,,90.31585316569127,89.76403432417453,90.31585316569127,,,,60,100,-40,,,,,,-33.44686107856263,,,,,,,-136.15827926995038,,-0.03847505364208609
2002-07-15,25.695,26.65,24.339995,24.78,23.789295928591592,26.386958131602942,29.265062720897568,30.65682235843931,-0.014194638044984664,-1.2368455101256366,-1.222650872080652,0,,,-46.49556433759479,-37.45524738971699,,,,,,,38.808649540498216,,,80.4312806370628,85.7338411084263,,,,,60,100,-40,,,,,,,,,,,,,-64.12950122086848,,-0.12853136866699086
2002-07-22,24.475,24.995005,20.705,22.675005,23.76113121940648,25.644567505282353,29.00662908478394,30.577401290196132,-0.1922759591367118,-1.4629958210015417,-1.2707198618648299,0,,,-65.61940434315419,-48.760181814743966,,,,,,,33.60077850638183,,,59.93332896732598,71.4657625268898,,,,,60,100,-40,,,,,,,,,,,,,-34.287773726165085,,-0.1523679095307352
2002-07-29,23.425005,24.415,21.9,22.205,23.452121132306015,24.956654004225882,28.73989853243947,30.494093814671793,-0.31222416835066436,-1.6610000723031604,-1.348775903952496,0,,,-72.70773076627124,-61.607566482340076,,,,,,,32.544395478628246,,,39.58569796040271,50.67525287356671,,,,,60,100,-40,,,,,,,,,,,,,4.67363967859221,,-0.18882028685125582
2002-08-05,22.144995,24.574995,21.905,24.06,23.0287553371413,24.777323203380707,28.556373099794783,30.43007298069496,-0.24035977643262973,-1.6492256244932832,-1.4088658480606535,0,,,-71.35115180192692,-69.89276230378411,,,,-69.89276230378411,,-69.89276230378411,40.53755337347593,,,33.41546442032429,35.93199182391236,,33.41546442032429,,,60,100,-40,,,,,,,,,,,,,-13.448840262970023,,-0.13498087838576944
2002-08-12,23.805,25.370005,23.46,25,22.975630670202634,24.821858562704566,28.416907488038124,30.376042403772622,-0.10988354617017237,-1.546220280773369,-1.4363367346031966,0,,,-61.88970316549863,-68.64952857789892,,,,,,,44.169330860724806,,,44.41407321645224,37.055806624219855,,,,,60,100,-40,,,,,,-68.64952857789892,-107,,,,,,-21.003596578793662,,-0.11314982325418703
2002-08-19,25.019995,26.725,24.925005,26.11,23.03487062233102,25.079486850163654,28.3264405277229,30.333594220650507,0.06158911895233943,-1.3593503359127723,-1.4209394548651118,0,,,-43.67749457797027,-58.972783181798604,,,,,,,48.21540877326453,,,67.6514929122368,54.49356566247361,,,,,60,100,-40,,,,,,,,,,,,,-50.82112447355847,,-0.06694821254822084
2002-08-26,26.25,26.324995,24.26,24.54,23.10559486359309,24.971589480130923,28.177952663890633,30.275946516962442,0.0785969616697133,-1.3226932527779702,-1.4012902144476835,0,,,-36.60832358419026,-47.391840442553054,,,,,,,43.3964382009717,,,78.40338046209779,72.34713022372004,,,,,60,100,-40,,,,,,,,,,,,,-65.21728366018422,,-0.09942597423849225
2002-09-03,24.26,24.300005,22.94,23.910005,22.933415230479294,24.75927258410474,28.010582167267472,30.212603815301126,0.05770745166781199,-1.3291558998629185,-1.3868633515307305,0,,,-42.74106792986189,-41.00896203067415,,,,,,,41.58946659608158,,,78.77121555995643,80.7028704955971,78.77121555995643,,,,60,100,-40,,,,,,-41.00896203067415,,,,,,,-78.81414117651438,,-0.09345683206684074
2002-09-09,23.625,25.550005,23.315,23.955,23.025671642587916,24.59841806728379,27.851539729335414,30.150339100721016,0.057104435752687754,-1.3154828068398707,-1.3725872425925585,0,,,-41.0878463298429,-40.145745947965025,,,,,,,41.77704409985058,,,69.3876851938573,75.01864042812647,,,,,60,100,-40,,,,,,,,,,,,,-82.6661155080572,,-0.07579375455992783
2002-09-16,23.800005,24.4535,23.295,23.730005,23.020623310974493,24.424735453827033,27.6899109164203,30.086455179320808,0.05188792879291371,-1.3077273316014164,-1.3596152603943301,0,,,-43.591463745951,-42.473459335218614,,,,,,,41.06269945491457,,,62.670301504153436,66.48422339805269,,,,,60,100,-40,,,,,,,,,,,,,-31.27227632477407,,-0.04371838897516613
2002-09-23,23.300005,23.75,22.315,22.625,21.854717003047746,24.064788363061627,27.49128695891362,30.012211844203186,-0.012225212482520842,-1.374896775997481,-1.3626715635149602,0,,,-51.8671620894997,-45.51549072176454,,,,,,,37.63852297712277,,,54.02963508802982,57.668094936475484,,,,,60,100,-40,,,,,,,,,,,,,-23.768226083906043,,-0.05253500908587357
2002-09-30,22.435,23.407995,21.5585,21.885,21.953665788544335,23.628830690449302,27.271432568367988,29.931344064658877,-0.08657107620807492,-1.4708854087750538,-1.384314332566979,0,,,-59.37156146223702,-51.610062432562586,,,,,,,35.491379312973564,,,42.73375541863458,48.67876642177688,,42.73375541863458,,,60,100,-40,,,,,,,,,,,,,48.735087749531374,,-0.12338029529512821
2002-10-07,21.905,24.449995,21.625,24.435,21.986333232219742,23.790064552359443,27.160199918628066,29.876654073965753,0.046724147856942455,-1.3259091477458007,-1.3726332956027432,0,,,-53.056832958266625,-54.76518550333446,,,,,,-54.76518550333446,46.81721323317758,,,46.85714636949331,45.223553098515765,,,,,60,100,-40,,,,,,-54.76518550333446,-107,,-106,,,,47.14688997688931,,-0.05039241293557125
2002-10-14,24.125,26.6,23.92,26.574995,22.342305144204047,24.347050641887556,27.13725070613285,29.843801744871566,0.27690517212949173,-1.0265018304408784,-1.3034070025703701,0,,,-28.65745643920766,-47.02861695323711,,,,,,,54.13774343873429,,,61.1668713781868,51.90330670308418,,,,,60,100,-40,,,,,,,,,,,,,8.574728162909437,,0.04314239455913585
2002-10-21,25.985,26.685,25.449995,26.339995,22.261782991046616,24.745639513510046,27.10598577648058,29.808937996166378,0.4035481139557102,-0.7989718601257323,-1.2025199740814425,0,,,-9.352304838752879,-30.35553141207573,,,,,,,53.265506020785075,,,83.76822762136666,71.6144077341234,,,,,60,100,-40,,,,,,,,,,,,,-132.98431332125588,,0.03696293853458183
2002-10-28,26.699995,27.035005,25.425005,26.5,22.39344027740043,25.096511610808037,27.0822216283833,29.77601323998562,0.48294508780768597,-0.5988386143218349,-1.081783702129521,0,,,4.500849778226714,-11.169637166577944,,,,,,,53.8143756255187,,,93.30816276505973,88.24220227300471,,,,,60,100,-40,,,,,,,,,,,,,-166.078074535573,,0.01606549470893266
2002-11-04,28.375,28.625,27.504995,27.550005,23.43713275758611,25.58721028864643,27.100566074329056,29.75386390426437,0.5842640749261708,-0.3514536084718074,-0.9357176833979782,0,,,21.10020098713258,5.416248642202139,,,,,,,57.373409734025834,,,97.96544396569729,97.55676467427982,,,,,60,100,-40,,,,,,,,,,,,,-184.9729700745597,,0.018450151399736082
2002-11-11,27.535005,28.5,26.910005,28.345,24.22233291775853,26.138768230917144,27.149367404747522,29.739845357953282,0.6764062480723223,-0.09020987330757535,-0.7666161213798977,0,,,30.885876904824144,18.828975890061148,,,,,,,59.90750836692884,,,99.16988994611408,98.77200660161442,,,,,60,100,-40,,,,,,,,,,,,,-202.25061187918527,,0.025408604592340463
2002-11-18,28.475,29.15,27.155,29.11,25.054666995061492,26.733014584733716,27.226254957502523,29.7335782399637,0.7545104495425168,0.17652194054824832,-0.5779885089942685,0,,,38.75838711285948,30.2481550016054,,,,,,,62.24716250942963,62.24716250942963,,99.65698275795475,99.3139655159095,99.65698275795475,,,,60,100,-40,,,,,,,,,,,,,-218.20504608296977,,0.03469454912796918
2002-11-25,29.03,29.32,28.39,28.839995,25.059333638271386,27.154410667786973,27.289538880737716,29.724686864441672,0.7519502879489053,0.3619493509418632,-0.3900009370070421,0,,,44.41150172721924,38.01858858163428,,,,,,,60.888546584358146,,,98.97604581998417,99.37996623264551,,,,,60,100,-40,,,,,,,,,,,,,-234.89503770424795,,0.0687290871257674
2002-12-02,29.324995,29.480005,27.11,27.735,25.215809806966288,27.270528534229577,27.307007944238197,29.704888985193495,0.6439645162952508,0.4149547083620213,-0.2290098079332294,0,,,43.79969363360578,42.32319415789483,,,,,42.32319415789483,,55.51638650940743,,,93.95025951147923,96.61816110757032,,,,,60,100,-40,,,,,,,,,,,,,-218.5504853943847,,0.08884470601355882
2002-12-09,27.5,27.61,26.245005,26.25,25.155394106468695,27.06642282738366,27.26555665230729,29.6705119803657,0.44984205054525017,0.33329275524833335,-0.11654929529691682,0,,,34.02300140327583,40.74473225470028,,,,,,,49.196931834890286,,,82.7055365649935,88.81638911317448,,,,,60,100,-40,,,,,,40.74473225470028,,,,,,,-221.54130623176934,,0.06512314248487786
2002-12-16,26.5,27.495005,26.335,26.519995,25.225009527435216,26.95713726190693,27.2363189404521,29.639163552700367,0.3228813939923101,0.2870524471934708,-0.0358289467988393,0,,,26.502288498446894,34.774994511776164,,,,,,,50.31099568221752,,,71.08789350671246,77.51320723640639,,,,,60,100,-40,,,,,,,,,,,,,-214.89743237144765,,0.0835739587578779
2002-12-23,26.525,27.345,26.449995,26.485,25.324650989761274,26.862709809525544,27.206855452591235,29.6077788407332,0.22447228441581793,0.2447614087209331,0.020289124305115182,0,,,20.035248462281448,26.853512788001392,,,,,,,50.15655552822571,,,62.481450856395284,66.5550413766554,,,,,60,100,-40,,,,,,,,,,,,,-208.5524446675481,,0.038091955631163674
2002-12-30,26.504995,26.9,25.629995,26.894995,25.467175204778325,26.869166847620434,27.19462563092099,29.580785966696055,0.17700410396608418,0.24154425426272041,0.06454015029663623,0,,,11.90877942438197,19.482105461703437,,,,,,,52.02569071457379,,,61.67254278847671,61.603881422526776,,,,,60,100,-40,,,,,,,,,,,,,-226.088363818903,,0.034993436169688745
2003-01-06,27.01,28.15,26.9,27.96,25.5459476901513,27.087333478096348,27.224640312061343,29.56465874314684,0.20535085127985747,0.32122871439645806,0.1158778631166006,0,,,18.514718098072155,16.81958199491186,,,,,,,56.60507224686367,,,62.67685678194903,61.37569451361497,62.67685678194903,,,,60,100,-40,,,,,,16.81958199491186,,,,,,,-236.7995703972843,,0.05027369736179533
2003-01-13,28.262495,28.660005,25.655,25.730005,25.621236426569066,26.815867782477078,27.166027162568742,29.526502984508564,0.06898370479412183,0.20210749410925288,0.13312378931513105,0,,,11.409621087437042,13.944372869963724,,,,,,,46.530050915421825,,,50.41265230063013,56.636131951492494,,,,,60,100,-40,,,,,,13.944372869963724,,,,,,,-267.38146668868717,,0.031616258081790465
2003-01-21,25.935,26.269995,24.8505,24.925005,25.441147396099847,26.437695225981663,27.07814394050722,29.480716934911463,-0.07269170409727732,0.0422591591935344,0.11495086329081172,0,,,-6.916171066324168,7.669389373061679,,,,,,,43.50206014454587,,,32.8346448811542,43.459120365589804,,,,,60,100,-40,,,,,,,,,,,,,-269.6757454725622,,-0.02493773757108905
2003-01-27,24.660005,25.300005,23.515,23.730005,25.50042329637843,25.89615718078533,26.94684437421282,29.423495920633737,-0.23499057977605,-0.17878736142925078,0.05620321834679922,0,,,-25.38387097329239,-6.963473650726505,,,,,,,39.380717051394086,,,11.066557007747724,22.133114015495448,,,,,60,100,-40,,,,,,,,,,,,,-255.18924629573266,,-0.052508068739847764
2003-02-03,23.964995,24.550005,23.205,23.29,25.503249489494255,25.374925744628264,26.803438712478982,29.362466110478177,-0.3529902614859089,-0.3850346085105869,-0.032044347024678003,0,,,-38.05719619825961,-23.452412745958725,,,,,,,37.94669854698843,,,3.7016948994530963,7.4033897989061925,,3.7016948994530963,,,60,100,-40,,,,,,,,,,,,,-234.24574696923577,,-0.08547500892681872
2003-02-10,23.4,24.25,23,24.15,25.29872595453038,25.12994059570261,26.699382292381767,29.310600776045558,-0.3532705100737973,-0.47363248461692464,-0.12036197454312733,0,,,-44.1543317315815,-35.86513296771117,,,,,,,42.38872906397891,,,4.426470770647289,2.21323538532364,,,,,60,100,-40,,,,,,,,,,,,,-228.01924752028384,,-0.010382381604763109
2003-02-18,24.62,24.99001,23.7,24.61,24.49310731492107,25.02595247656209,26.617445731896208,29.263828629020228,-0.30447369806650404,-0.5009540971262574,-0.19648039905975334,0,,,-43.40447077668154,-41.871999568840884,,,,,,,44.683264019950954,,,12.173076491736099,7.7464647848607795,,,,,60,100,-40,,,,,,,,,,,,,-230.1975661529595,,0.04657019985139335
2003-02-24,24.44,24.5,23.3,23.7,24.556455363855278,24.760761981249672,26.50303609535126,29.208467150124505,-0.31421058706074956,-0.5892436328856903,-0.2750330458249407,0,,,-46.035253785384725,-44.531352097882596,,,,,,,41.16923244679767,,,18.267916576190103,14.943806876740638,,,,,60,100,-40,,,,,,,,,,,,,-243.79800867060322,,-0.040821946019116546
2003-03-03,24.02,24.12,22.89999,23.56,24.612422837865616,24.520609584999736,26.387622915141407,29.152263496889436,-0.3102690914202271,-0.6628694101002246,-0.35260031867999747,0,,,-48.739910976281045,-46.05987851278244,,,,,,,40.63660089115384,,,19.6495685900217,19.372712913573594,,,,,60,100,-40,,,,,,,,,,,,,-226.74382527594813,,-0.12915445203732917
2003-03-10,23.31,24.961,22.55,24.86,24.677248349446643,24.58848766799979,26.32771613415547,29.109554407368147,-0.20535626708169963,-0.609295652532122,-0.4039393854504224,0,,,-45.20833770467542,-46.66116748878039,,,,,,-46.66116748878039,47.472815223308345,,,25.16824541810135,22.963735344578016,,,,,60,100,-40,,,,,,-46.66116748878039,,,,,,,-239.15403886213937,,-0.11872144565745647
2003-03-17,24.52,26.89999,24.33,26.57001,24.56730203877188,24.984792134399832,26.337217854384665,29.08428530878737,-0.016022344853151516,-0.4239673165168618,-0.4079449716637103,0,,,-26.51808319404558,-40.15544395833402,,,,,,,54.877513075725716,,,42.96182900880291,33.305709443925075,,,,,60,100,-40,,,,,,,,,,,,,-272.03512270538675,,-0.09857756965555306
2003-03-24,25.55,25.935,24.599,24.67,24.442496178859606,24.921833707519866,26.271836762055855,29.04036207188401,-0.01404663560841446,-0.4255032661742284,-0.41145663056581394,0,,,-19.70043004639899,-30.47561698170666,,,,,,,46.91650269005998,,,55.99872768390423,47.99703985827847,,,,,60,100,-40,,,,,,,,,,,,,-298.9378276680437,,-0.07317839406495136
2003-03-31,24.25,26.09,24.00999,25.09,23.022183594655345,24.955466966015894,26.22549022236739,29.001054986591633,0.018482638884030567,-0.3883533319607757,-0.40683597084480627,0,,,-14.121358918756702,-20.11329071973375,,,,,,,48.69870739722813,,,63.535503110912686,60.92234257625902,63.535503110912686,,,,60,100,-40,,,,,,,,,,,,,-321.8582226374903,,-0.12247682678009672
2003-04-07,26.23,26.42999,23.95,24.2,22.978455480751393,24.804373572812715,26.146059233254945,28.95328329518276,-0.015186207441968302,-0.4258187301472667,-0.4106325227052984,0,,,-12.318500608530991,-15.380096524562221,,,,,,,45.21394417343677,,,54.444473833470745,59.759506705509445,,,,,60,100,-40,,,,,,,,,,,,,-314.24763670340116,,-0.2166507173072354
2003-04-14,24.27,25.74001,24,25.5,22.880710803554866,24.943498858250173,26.120723577048867,28.918922267369997,0.05121351933258833,-0.346615623539563,-0.3978291428721513,0,,,-7.101479278236505,-11.180446268508057,,,,,,,50.78651287901029,,,58.10975270644843,57.87440250497381,,,,,60,100,-40,,,,,,,,,,,,,-332.56624821187364,,-0.18511588660583497
2003-04-21,25.61,25.99001,25.03,25.21001,22.89565931758666,24.99680108660014,26.085009319125383,28.882017667694672,0.0752673324148504,-0.3037449773535883,-0.3790123097684387,0,,,2.4977710349962052,-5.640736283923755,,,,,,,49.56811379171507,,,59.250563720259976,56.493917827468756,,,,,60,100,-40,,,,,,,,,,,,,-347.5542030824421,,-0.18750594133271625
2003-04-28,25.39,26.28999,25.25,26.13,23.020968652044754,25.22344086928011,26.086773659551838,28.8546344073196,0.14856515393314912,-0.19330586735200228,-0.3418710212851514,0,,,15.94255718573568,3.779616314165134,,,,,,,53.40960427047413,,,72.96021630715606,66.56818628382159,,,,,60,100,-40,,,,,,,,,,,,,-399.8170752492707,,-0.11001708071849955
2003-05-05,26.25,26.50101,25.71001,26.35001,23.120188748327273,25.44875469542409,26.097096653294905,28.829712771425875,0.20387607464474278,-0.08702592797922293,-0.2909020026239657,0,,,27.732954943665412,15.391094388132439,,,,,,,54.311228249086156,,,80.91682819428986,75.79827808303035,,,,,60,100,-40,,,,,,,,,,,,,-426.2139706584942,,-0.04797592776225294
2003-05-12,26.14999,26.47,25.41,25.57001,23.25360455201818,25.473005756339273,26.07642658845981,28.79727791797885,0.1807306877258922,-0.06498864296660045,-0.24571933069249266,0,,,30.09402234617721,24.589844825192774,,,,,24.589844825192774,,50.55374804290123,,,85.18644006399484,83.94012619100738,85.18644006399484,,,,60,100,-40,,,,,,,,,,,,,-455.0841578114954,,-0.05346175480290969
2003-05-19,25.39999,25.53999,23.89,24.22,23.339062084016884,25.222404605071418,26.00362554577511,28.75173286406861,0.07283509821567222,-0.15467545792290238,-0.2275105561385746,0,,,12.107259605003385,23.311412298282008,,,,,,,44.748863621508825,,,72.60075725352976,79.41741168739779,,,,,60,100,-40,,,,,,23.311412298282008,,,,,,,-475.9779473003144,,-0.12223957909384857
2003-05-27,24.25,24.91,24.21899,24.61,23.32984264944425,25.099923684057135,25.948973563587852,28.71052159178932,0.028353155994095908,-0.1920691111459547,-0.22042226714005062,0,,,-0.013000208542575109,14.062760580879347,,,,,,,46.66549338131102,,,57.3733884772554,66.74090842778871,,,,,60,100,-40,,,,,,,,,,,,,-517.6183205184391,,-0.15167514350102052
2003-06-02,24.98,25.22,23.64999,23.67,23.46256746019823,24.81393894724571,25.859602051290288,28.660367148089925,-0.05899263917453726,-0.2941630661082222,-0.23517042693368492,0,,,-13.035499142273492,-0.3137465819375536,,,,,,,42.78969189748047,,,38.603035929713144,47.74901080145253,,,,,60,100,-40,,,,,,,,,,,,,-643.5058986059955,,-0.15736476009820052
2003-06-09,23.72,25.25,23.5999,24.64999,23.2402404987555,24.781149157796566,25.81216628457302,28.620462897860175,-0.04596212353379772,-0.29262308135093207,-0.24666095781713435,0,,,-17.68583699945132,-10.244778783422454,,,,,,,47.69601699599337,,,35.16845478577926,36.94995978906359,,35.16845478577926,,,60,100,-40,,,,,,,,,,,,,-613.7775534049056,,-0.09541169742514095
2003-06-16,24.8,26.42999,24.66901,26.33,23.226638320272965,25.090919326237252,25.83247348909957,28.597672222259575,0.07407763595053038,-0.15406391287897137,-0.22814154882950174,0,,,-2.0396007996629297,-10.920312313795906,,,,,,,54.88197171370642,,,45.261108483528645,38.34155695188149,,,,,60,100,-40,,,,,,-10.920312313795906,,,,,,,-582.1816346040135,,0.02105713021466542
2003-06-23,26.14,26.50999,25.13901,25.63,23.19545058311061,25.198735460989802,25.824533352272137,28.56814314542117,0.10284051783462472,-0.09959090153622085,-0.20243141937084558,0,,,8.045208754668073,-3.893409681482051,,,,,,,51.677200908578875,,,62.24918850803726,52.5164967034363,,,,,60,100,-40,,,,,,,,,,,,,-563.6031555851021,,0.06637424648352486
2003-06-30,25.94,26.95,25.39,26.5,23.37491197003128,25.458988368791843,25.851022240418327,28.54756460666076,0.17284436122018235,0.013624032154382348,-0.1592203290658,0,,,20.54678045848096,8.85079613782871,,,,,,,55.19955428251436,,,81.67417728555675,71.87772372473187,,,,,60,100,-40,,,,,,,,,,,,,-582.0389454787198,,0.03164897170672401
2003-07-07,27.02,27.8,26.59,27.30901,24.184285400743335,25.828992695033474,25.90819823099016,28.535240680226323,0.26074133658024445,0.1667063416595056,-0.09403499492073888,0,,,35.83554484135537,21.47584468483481,,,,,,,58.264239778549346,,,88.26416735035231,84.9952114649311,,,,,60,100,-40,,,,,,,,,,,,,-610.7591372098616,,0.02683530083940952
2003-07-14,27.63,27.81,26.53999,26.89,24.221765729261666,26.04119415602678,25.94670026114741,28.51887012619422,0.2762820259531328,0.2513175375206771,-0.02496448843245569,0,,,42.81295495017859,33.06509341667165,,,,,,,56.11056164663986,,,94.30388034751084,92.9028786942942,94.30388034751084,,,,60,100,-40,,,,,,,,,,,,,-585.1665668080686,,0.022417181969801424
2003-07-21,26.87,26.95,25.98,26.89,24.260853177171548,26.210955324821423,25.98369240776908,28.502662463247013,0.2717670651197463,0.3147443429672272,0.042977277847480885,0,,,42.24867115126716,40.29905698093372,,,,,,,56.11056164663986,,,92.14617687372011,92.8825897459853,,,,,60,100,-40,,,,,,,,,,,,,-583.3181001156925,,0.05472599033310308
2003-07-28,26.94,27,26.12,26.17,24.34000723594501,26.20276425985714,25.990998587856566,28.47945189147341,0.20835016292413377,0.3034149815026481,0.09506481857851433,0,,,39.19022960715402,41.41728523619994,,,,,41.41728523619994,,52.21803528424843,,,83.96577563582315,88.76154931845717,,,,,60,100,-40,,,,,,41.41728523619994,,,,,,,-553.6239000946574,,-0.030924525624780378
2003-08-04,26.14999,26.53999,25.42999,25.58,24.42636457623465,26.07821140788571,25.974880996175916,28.45060162389656,0.11916050793755045,0.2440154535004524,0.12485494556290194,0,,,28.200242423641846,36.546381060687686,,,,,,,49.18878824496614,,,71.65132443891964,78.47060370812083,,,,,60,100,-40,,,,,,,,,,,,,-519.3286455319924,,-0.11143464193644526
2003-08-11,25.61,25.99001,25.42999,25.53999,24.47369639221789,25.97056712630857,25.95782644730627,28.421640314206048,0.05331994591789155,0.19150487796026638,0.13818493204237484,0,,,16.658225822201594,28.016232617665832,,,,,,,48.980045210531564,,,57.365683544092825,64.68335355277331,,,,,60,100,-40,,,,,,,,,,,,,-527.6325281625393,,-0.09018025396562365
2003-08-18,25.56,26.95,25.46001,26.22,24.596215935630898,26.020453701046854,25.968107763098182,28.39973344540798,0.051394081439974454,0.2024275338423429,0.15103345240236846,0,,,17.105312620241726,20.654593622028397,,,,,,,52.677654227217204,,,53.10785651667636,55.27394293462087,,53.10785651667636,,,60,100,-40,,,,,,,,,,,,,-599.881159405714,,-0.09106290612256152
2003-08-25,26.31,26.67,25.96001,26.52,24.577131225942978,26.120362960837483,25.98975059591786,28.381029630030785,0.0652611802111277,0.23260992766627808,0.16734874745515038,0,,,20.49363519361308,18.08572454535214,,,,,,,54.26191601425692,,,57.83103201399559,54.162961915533835,,,,,60,100,-40,,,,,,18.08572454535214,,,,,,,-637.1754940592206,,-0.030125961194862966
2003-09-02,26.72,28.75,26.47,28.38,25.741828281232763,26.572290368669986,26.08348586666618,28.381019384955852,0.1877068782792551,0.4019823453042193,0.21427546702496417,0,,,40.429745713125186,26.00956450899334,,,,,,,62.65855684684189,,,72.45897986588886,64.33970798574173,,,,,60,100,-40,,,,,,,,,,,,,-679.5072224120895,,-0.026679772509680545
2003-09-08,28.39,28.92,26.7,28.34,25.604554832573278,26.92583229493599,26.171976616992996,28.380611231871715,0.2501073498466902,0.5269096543333269,0.27680230448663673,0,,,51.05675157001795,37.326710825585415,,,,,,,62.39170903598127,,,84.60241566434199,77.82054629679432,,,,,60,100,-40,,,,,,,,,,,,,-637.7786365189822,,0.020476779772732632
2003-09-15,28.37,29.97,28.32001,29.96001,27.065668058818044,27.532667835948793,26.32052694573837,28.396326642499858,0.376969415753527,0.7480140741785455,0.3710446584250185,0,,,64.64520805874814,52.04390178063043,,,,,,,68.31262997358525,68.31262997358525,,94.96710799692585,90.47418819294433,94.96710799692585,,,,60,100,-40,,,,,,,,,,,,,-730.909793515531,,0.03866731669499185
2003-09-22,29.39,30,28.14,28.19,27.036693911759613,27.664134268759035,26.393839614532943,28.39427364108195,0.320382094792497,0.7715222769156398,0.4511401821231428,0,,,66.26382407316892,60.655261233978344,,,,,,,57.5822640716806,,,86.46974953678398,90.94595297659124,,,,,60,100,-40,,,,,,,,,,,,,-638.0171037854345,,-0.035781999832605396
2003-09-29,28.41,29.46001,27.75,29.08,26.9797879180625,27.947307415007227,26.499179237492434,28.40109678893188,0.3208040613497538,0.8521452588103351,0.5313411974605813,0,,,65.41795553305248,65.44232922165652,,,,,,,60.92561575355556,,,77.46218316826831,84.09448505860517,,,,,60,100,-40,,,,,,65.44232922165652,,105,,,,,-652.9230849153555,,0.018327596867490248
2003-10-06,29.14999,29.37199,28.67,28.91,26.948373781058034,28.13984593200578,26.593721228179007,28.406160502474847,0.28855832369131296,0.8920391020747225,0.6034807783834095,0,,,64.79410172445286,65.49196044355809,,,65.49196044355809,,65.49196044355809,,59.947862430444246,,,63.801129095182475,70.10642139131828,,,,,60,100,-40,,,,,,,,,,,,,-662.3916149307454,,0.0461688209016804
2003-10-13,28.98,29.31,28.48,28.92999,27.063206368125318,28.297874745604624,26.685339611387672,28.411372736281066,0.24899451192036182,0.9147239182838618,0.6657294063635,0,,,62.22459590051555,64.14555105267364,,,,,,,60.02957598595814,,,62.56588205603265,63.364370547260854,,,,,60,100,-40,,,,,,,,,,,,,-669.2295031251552,,0.04287531162241423
2003-10-20,28.95,29.42999,26.42,26.61,27.151549484687795,27.9602997964837,26.68238511682345,28.3934486294524,0.0570183076203421,0.7370022908889275,0.6799839832685854,0,,,45.58234322759673,57.533680284188385,,,,,,,47.7748598585263,,,46.63566989371451,53.13364253782004,,,,,60,100,-40,,,,,,,,,,,,,-605.7332298296726,,0.056635166185017814
2003-10-27,26.91,27.25,25.91,26.14,26.922155235781524,27.59623983718696,26.66111511224214,28.37102625502999,-0.10249123811378291,0.5518699356263568,0.6543611737401397,0,,,24.421493467094617,44.07614419840231,,,,,,,45.72616801296802,,,30.40978739917585,40.681166403191284,,,,,60,100,-40,,,,,,,,,,,,,-631.9635516788229,,-0.004201048563346488
2003-11-03,26.35001,26.75,26,26.10001,26.947716290368557,27.296993869749567,26.63911099019343,28.348429078363022,-0.2056137253963537,0.39734401699469757,0.6029577423910513,0,,,8.611824541345463,26.205220412012277,,,,,,,45.54613820050667,,,10.046017607461561,20.092035214923133,,,,,60,100,-40,,,,,,,,,,,,,-747.9701786463097,,-0.1158946072869569
2003-11-10,26.12,26.23,25.44,25.5,27.055737269627947,26.937595095799654,26.594439970970157,28.320086500468864,-0.30325857847477056,0.223884519297588,0.5271430977723586,0,,,-5.921313789907492,9.03733473951087,,,,,,,42.806705611188086,,,3.3564013991933956,6.712802798386803,,,,,60,100,-40,,,,,,,,,,,,,-716.5210552560716,,-0.15347502123553952
2003-11-17,25.39,25.84,24.84,25.11,27.150328178940235,26.572076076639725,26.53622663877525,28.28814534126022,-0.37825791678299847,0.05432070179361048,0.43257861857660895,0,,,-18.10356901416764,-5.137686087576557,,,,,,,41.06740540449448,,,-1.0855514018557087e-14,-9.86864910777917e-15,,,,,60,100,-40,,,,,,,,,,,,,-651.6990452095131,,-0.20231518667510276
2003-11-24,25.33,25.95,25.28,25.71001,27.20816259473022,26.39966286131178,26.50382598627426,28.26249225328748,-0.3710896442429622,-0.03128343672709377,0.33980620751586843,0,,,-23.475627047189686,-15.833503283754942,,,,,,,44.805211790058344,,,3.265391146910425,1.6326955734552067,,,,,60,100,-40,,,,,,,,,,,,,-646.8446733532379,,-0.1996196818228227
2003-12-01,25.85001,26.48,25.5,25.98,27.28472312367806,26.315730289049423,26.483283790734095,28.239780887583127,-0.3330113948161039,-0.07645803600426149,0.25655335881184244,0,,,-24.414668342617137,-21.997954801324823,,,,,,,46.46054889729809,,,8.765687558826148,5.607365459504482,,,,,60,100,-40,,,,,,,,,,,,,-590.1456418344674,,-0.1733141426283094
2003-12-08,26.12,26.81,25.81,26.64999,26.45580504341534,26.38258223123954,26.489821289136678,28.223962072781305,-0.2512694296014954,-0.057533428190026825,0.19373600141146857,0,,,-20.581501148667506,-22.823932179491447,,,,,,,50.45511789207566,,,18.803199144514117,13.607123666885423,,,,,60,100,-40,,,,,,-22.823932179491447,,,,,,,-588.300979682746,,-0.1584711780441994
2003-12-15,27.05,27.55,26.67999,27.36,26.5003903974571,26.57806578499163,26.52394594446465,28.215365435241193,-0.1433182653639896,0.01458816970648158,0.15790643507047117,0,,,-8.833268170579252,-17.943145887287965,,,,,,,54.36407679198833,,,30.005184414377773,23.983413277261544,,,,,60,100,-40,,,,,,,,,,,,,-577.7008015586104,,-0.0870983402463799
2003-12-22,27.16,27.42999,26.97,27.21001,26.40606536906731,26.704454627993304,26.55085041723074,28.205361898572125,-0.07915520091178957,0.05896243393073419,0.13811763484252376,0,,,-0.055428812114861614,-9.823399377120541,,,,,,,53.39988687033155,,,43.23961832518866,36.62636670600353,,,,,60,100,-40,,,,,,,,,,,,,-539.0279285479539,,-0.05908309477106867
2003-12-29,27.21001,27.77,27.16,27.45,26.520632842705357,26.85356370239464,26.586111185182478,28.19784585978036,-0.0207331797016288,0.11220116021548776,0.13293433991711656,0,,,9.143475627009856,0.08492621477191283,,,,,,,54.789776055066035,,,54.90262842184377,48.92127058488884,,,,,60,100,-40,,,,,,,,,,,,,-554.6592142665078,,-0.042793669228086965
2004-01-05,27.73,28.48,27.59,27.66,25.335596925369263,27.014850961915712,26.628224472038067,28.192494159683044,0.029161251309796465,0.16938590405436216,0.1402246527445657,0,,,19.92407766168654,9.670708158860508,,,,,,,56.03288566152213,,,65.2222158929786,60.29532199728242,,,,,60,100,-40,,,,,,,,,,,,,-631.0848116725972,,-0.08442207480449426
2004-01-12,27.67,27.88,27.25999,27.81,25.504482859271455,27.17388076953257,26.674568610389514,28.188688247646397,0.06719968125176351,0.22422425430927007,0.15702457305750656,0,,,24.110056752538565,17.725870013744984,,,,,,,56.94887690185237,,,73.18324915312431,69.34989858843052,,,,,60,100,-40,,,,,,,,,,,,,-737.2512095503068,,-0.06734899568212885
2004-01-20,27.99001,28.75999,27.85001,28.48,26.250589797894925,27.435104615626056,26.74536984135463,28.191586872047925,0.12884498557773622,0.31808080502967684,0.18923581945194062,0,,,33.871303935666454,25.96847944996385,,,,,,,60.89145797958823,60.89145797958823,,82.68998609956981,78.13642042640812,,,,,60,100,-40,,,,,,,,,,,,,-735.0237169047965,,-0.08061316648649772
2004-01-26,28.49001,28.83,27.47,27.64999,26.274120526616716,27.478081692500844,26.780845141693664,28.186197848445456,0.1060342750217163,0.321778663229086,0.2157443882073697,0,,,35.62620598529648,31.2025222245005,,,,,,,54.22676056108137,,,83.21116045549499,82.67061810038489,83.21116045549499,,,,60,100,-40,,,,,,,,,,,,,-686.8375865584699,,-0.1328780730564844
2004-02-02,27.63,27.8,26.83,27.08,26.23739763185838,27.398465354000674,26.7925767047645,28.17519090467983,0.04783614104739481,0.2755395645166132,0.2277034234692184,0,,,25.994682010366056,31.83073064377633,,,,,31.83073064377633,,50.14369446323626,,,76.45666989115244,80.97714859141037,,,,,60,100,-40,,,,,,31.83073064377633,,,,,,,-650.1398435478388,,-0.20231688382245108
2004-02-09,27.17999,27.23,26.5,26.59,26.259012086725637,27.23677228320054,26.78463252026393,28.15941786085217,-0.024495555319341777,0.19708397932004118,0.22157953463938296,0,,,12.051555023547966,24.557481006403496,,,,,,,46.85785668092415,,,58.539741077328216,68.19184403903901,,,,,60,100,-40,,,,,,,,,,,,,-620.1144174482318,,-0.18892934960679672
2004-02-17,26.7,27.11,26.42999,26.57001,26.313368366245236,27.103419826560433,26.776215950841816,28.1436028572616,-0.07184337723858025,0.13177531309115764,0.2036186903297379,0,,,1.0118180824821046,13.019351705465374,,,,,,,46.722545058189105,,,44.297166120654126,52.35454038695505,,,,,60,100,-40,,,,,,,,,,,,,-552.8208870030987,,-0.23496819101582117
2004-02-23,26.75,26.99001,26.35001,26.53,26.370983482942005,26.988735861248347,26.766560423357824,28.127547107438104,-0.10216362364911405,0.07591416076834534,0.1780777844174594,0,,,-7.960228966394375,1.7010480465452271,,,,,,,46.43181748051847,,,30.210987469242873,36.38735122711409,,,,,60,100,-40,,,,,,,,,,,,,-537.7625439116263,,-0.24153277641121734
2004-03-01,26.64999,26.72,26.2,26.35001,26.430198948446147,26.86099068899868,26.75022511263791,28.109860171045685,-0.12892222320840177,0.016925005406957183,0.14584722861535895,0,,,-16.84893720863556,-7.932449364182616,,,,,,,45.06521221223177,,,19.212298229831084,24.67475300634676,,,,,60,100,-40,,,,,,,,,,,,,-573.6238995640578,,-0.2613455696397633
2004-03-08,26.31,26.35001,25.07001,25.38,26.502327594985708,26.564792551198945,26.696490794495247,28.082697383274088,-0.2021691124607596,-0.10686416196059056,0.09530495050016904,0,,,-31.392096505036932,-18.733754226688962,,,,,,,38.456886137687384,,,8.763176192189954,13.827704887266748,,,,,60,100,-40,,,,,,,,,,,,,-503.87409964332005,,-0.23634822833820296
2004-03-15,25.33,25.46001,24.56,24.63,26.46073276677244,26.177834040959155,26.61545193980916,28.048342185430563,-0.2862129295771163,-0.26246121147122636,0.023751718105889955,0,,,-44.86204664220942,-31.03436011862731,,,,,,,34.250025708511515,,,2.908081825071429,5.816163650142863,,2.908081825071429,,,60,100,-40,,,,,,,,,,,,,-434.0788087990801,,-0.24974029377048765
2004-03-22,24.53,25.50999,24.00999,25.03,26.476393283431555,25.948267232767325,26.55327735393429,28.01830892985414,-0.29857568558657144,-0.3494678888773244,-0.05089220329075292,0,,,-51.675586520349114,-42.64324322253183,,,,,,,38.15864878434643,,,3.9931691171538604,2.9212464328552237,,,,,60,100,-40,,,,,,,,,,,,,-393.33720719924736,,-0.1804495646403202
2004-03-29,25.24001,25.89999,24.85001,25.85001,26.405222334615015,25.92861578621386,26.5256982420153,27.996733816124248,-0.2378774937254785,-0.34823907044760105,-0.11036157672212255,0,,,-48.91313498899556,-48.483589383851374,,,,,,,45.370939140066824,,,13.690167514392424,8.111356707559336,,,,,60,100,-40,,,,,,,,,,,,,-457.2758967993842,,-0.08362699334547362
2004-04-05,25.8,25.98,25.35001,25.48,26.403423596428226,25.838892628971088,26.48469046781862,27.971691688600625,-0.20997014005169,-0.37282425178673506,-0.16285411173504505,0,,,-45.332672935278914,-48.64046481487454,,,,,,-48.64046481487454,42.92385250387947,,,24.278026943722566,18.222531002530786,,,,,60,100,-40,,,,,,-48.64046481487454,,,,,,,-462.3166428358598,,-0.07208443942635964
2004-04-12,25.48,25.77,25.10001,25.16,25.63174191096907,25.70311410317687,26.43274182202181,27.943714656873254,-0.200408312294606,-0.41336450210330256,-0.21295618980869654,0,,,-45.176117633741775,-46.47397518600542,,,,,,,40.85914075610721,,,30.699498800134357,27.750374701602144,,,,,60,100,-40,,,,,,,,,,,,,-405.53179868388526,,-0.12355456259116798
2004-04-19,25.08,27.72,25.06,27.53999,25.570189631614134,26.070489282541494,26.476163319197425,27.939697496108348,-0.030082526368201745,-0.2505593477689487,-0.22047682140074698,0,,,-25.71966424788855,-38.74281827230308,,,,,,,57.37804844643576,,,42.92519957008692,37.45813623093869,,,,,60,100,-40,,,,,,,,,,,,,-389.0714716504516,,-0.04913199715166022
2004-04-26,27.45,27.55,25.96001,26.13,25.33088965792741,26.082391426033194,26.462588287072037,27.921690555848564,-0.009720870477986754,-0.23262790949823042,-0.22290703902024367,0,,,-14.101384884819158,-28.33238892214983,,,,,,,48.655751166208596,,,52.537737846790435,46.77909037537065,,,,,60,100,-40,,,,,,,,,,,,,-326.5130222594604,,-0.14661737217122053
2004-05-03,26.22,26.60001,25.75,25.78,25.261541110932594,26.021913140826555,26.435820118951565,27.900380202059026,-0.01675297635403475,-0.2438482594627871,-0.22709528310875235,0,,,-12.525704938985305,-17.448918023897672,,,,,,,46.744872087850915,,,63.152912990019445,58.24861855187106,63.152912990019445,,,,60,100,-40,,,,,,,,,,,,,-273.51065457592216,,-0.22746316484237683
2004-05-10,25.64,26.19,25.42999,25.86,25.302857460151696,25.989530512661243,26.41323893781621,27.880077911491274,-0.013106547926310275,-0.2434784680166402,-0.23037192009032992,0,,,-15.144605604975078,-13.923898476259849,,,,,,,47.2577824328902,,,59.72860370605336,61.45270003962119,,,,,60,100,-40,,,,,,-13.923898476259849,,,,,,,-222.8723537439363,,-0.2155572356237687
2004-05-17,25.48,26.27,25.42,25.89,25.354079784426574,25.969624410128993,26.392719763784203,27.86027614122768,-0.006119183595164029,-0.23802089958428496,-0.23190171598912093,0,,,-16.331461017846486,-14.667257187268957,,,,,,,47.46334112714158,,,58.497324495434,60.764090947880334,,,,,60,100,-40,,,,,,,,,,,,,-192.35010760867516,,-0.20547817415862238
2004-05-24,26.05,26.35001,25.60001,26.23,25.388787656967533,26.021699528103195,26.38633859657698,27.844054488081134,0.022393348091927057,-0.2039100308742121,-0.22630337896613917,0,,,-12.020991475068978,-14.499019365963514,,,,,,,49.86250474451939,,,59.539731384767286,58.32863204625193,,59.539731384767286,,,60,100,-40,,,,,,-14.499019365963514,,,,,,,-183.74099713437062,,-0.13957850904703123
2004-06-01,26.11,26.28,25.86,25.95,25.43530211004128,26.007359622482557,26.36922727906416,27.825208174766896,0.02328477310320745,-0.19719741258712986,-0.2204821856903373,0,,,-9.360290720020519,-12.570914404311994,,,,,,,47.91054978610326,,,60.62955985423107,59.560127118683106,,,,,60,100,-40,,,,,,,,,,,,,-178.5153612917578,,-0.1931554010192866
2004-06-07,26.08,26.78999,25.97,26.77,25.525636959324046,26.159887697986047,26.38494385635576,27.81470859093837,0.07696345307925362,-0.12427786934127028,-0.2012413224205239,0,,,6.452930834238577,-4.97611712028364,,,,,,,53.6652234617261,,,67.45930866082145,64.34211015867614,,,,,60,100,-40,,,,,,,,,,,,,-166.05802287507456,,-0.18228982658784088
2004-06-14,26.57001,28.5,26.53,28.35001,26.359540747943758,26.597912158388837,26.462005273753576,27.820034973118087,0.20924088410437655,0.0603097827099468,-0.14893110139442975,0,,,33.20672389807778,10.099788004098615,,,,,,,62.348137175191866,,,76.2116192193528,71.17468454786284,,,,,60,100,-40,,,,,,,,,,,,,-158.59292780687923,,-0.07706179117892917
2004-06-21,28.33,28.66,27.81,28.57001,26.44028855166206,26.99233172671107,26.54467212576324,27.827497411196514,0.2965787247951723,0.22179230459953558,-0.07478642019563668,0,,,50.29768643478522,29.985780389033863,,,,,,,63.383193141551146,,,88.46344276431518,82.18798664560997,,,,,60,100,-40,,,,,,,,,,,,,-187.9396682056285,,-0.004208204959794228
2004-06-28,28.60001,28.84,28.17,28.57001,26.470982940829057,27.307867381368855,26.62409714043919,27.834885596159733,0.33645505801559683,0.3457824023238594,0.009327344308262542,0,,,59.288532468047,47.59764760030333,,,,,,,63.38319314155115,,,95.99790879564385,91.99581759128772,95.99790879564385,,,,60,100,-40,,,,,,,,,,,,,-161.95063762278699,,0.034260125518477395
2004-07-06,28.32001,28.33,27.55,27.86,26.525199159341266,27.418293905095084,26.672563919245498,27.835135490725307,0.2984150259336006,0.38234612672526325,0.08393110079166269,0,,,57.95717802239114,55.847798975074454,,,,,,,57.40595812048419,,,93.59480065888123,95.4821250501957,,,,,60,100,-40,,,,,,,,,,,,,-121.59597623682579,,0.045531299584554846
2004-07-12,27.71001,28.36,27.25,27.48,26.525541362245463,27.430635124076066,26.704228079275087,27.83160180425043,0.2339129659400101,0.37632230821667534,0.14240934227666524,0,,,53.56730577954186,56.937672089993335,,,56.937672089993335,,56.937672089993335,,54.429876718198386,,,84.7187811311359,90.28625963245963,,,,,60,100,-40,,,,,,56.937672089993335,,105,,,,,-63.12398055740296,,0.039394284320082275
2004-07-19,27.64,29.89,27.60001,28.03,26.513003407799356,27.550508099260853,26.756219134989788,27.833575915650922,0.2150236164608879,0.4111888628527751,0.1961652463918872,0,,,57.8458016063015,56.456761802744836,,,,,,,57.855721327836925,,,74.34537932569022,79.88738438718984,,,,,60,100,-40,,,,,,56.456761802744836,,,,,,,-6.192347728784213,,0.0025991754176408043
2004-07-26,28.37,28.81,28.13,28.49001,26.31564673581369,27.738408479408683,26.82421093361764,27.840107598082255,0.21948060729638275,0.4705160055123656,0.25103539821598286,0,,,58.73544882846808,56.71618540477048,,,,,,,60.54337949156608,60.54337949156608,,72.65366000747925,73.31549922724032,,,,,60,100,-40,,,,,,,,,,,,,3.1153518582674877,,0.03408461319377725
2004-08-02,28.27,28.55,27.06,27.14,26.365244111826996,27.618726783526945,26.83659481857381,27.833141353325217,0.12232550055924485,0.4039422739150389,0.28161677335579405,0,,,46.957544568848604,54.51293166787273,,,,,,,50.33733525589843,,,63.06295164329171,66.73027458462305,,,,,60,100,-40,,,,,,54.51293166787273,,105,,,,,110.73074242949161,,0.04728689034570747
2004-08-09,27.23,27.75,25.95,27.02,26.309870246696498,27.498981426821555,26.84378717862974,27.825050394585663,0.04479249096608778,0.33760738706340376,0.292814896097316,0,,,28.667576067037675,44.786856488118126,,,,,,,49.53326479523216,,,49.9381377579976,57.81593125141844,,,,,60,100,-40,,,,,,,,,,,,,182.4160619877659,,0.03058648993276622
2004-08-16,27.09,27.5,26.89,27.2,26.21416594336103,27.439185141457244,26.857756308879555,27.818830987674364,0.002665848197477283,0.2961472063441626,0.2934813581466853,0,,,18.654796577424335,31.42663907110354,,,,,,,50.81009525123269,,,31.438580971593453,41.08328372743101,,,,,60,100,-40,,,,,,,,,,,,,151.97677798999024,,-0.01733155238655062
2004-08-23,27.28,27.67,27.09,27.46001,26.295297661692388,27.443350113165796,26.8813741006882,27.815260629588053,-0.00996044628114684,0.28103080029525174,0.2909912465763986,0,,,14.091354624253576,20.4712424229052,,,,,,,52.68345299256742,,,27.202551351419793,29.564831295793056,,,,,60,100,-40,,,,,,,,,,,,,114.34463653726475,,0.010663629066098166
2004-08-30,27.3,27.67999,26.85001,27.11,26.3749199715715,27.376680090532638,26.890339822229837,27.808243110885684,-0.04234195215798181,0.23806380637892133,0.28040575853690314,0,,,6.56882117046113,13.104990790713016,,,,,,,49.91142739993324,,,24.05361328975921,23.68534405058021,,,,,60,100,-40,,,,,,,,,,,,,84.46379353048933,,0.03392114224212079
2004-09-07,27.3,27.50999,27.14,27.49001,26.41314354503068,27.39934607242611,26.91385629978945,27.805076612269907,-0.03872347295716916,0.23200141734044166,0.2707248902976108,0,,,4.367588897019987,8.342588230578231,,,,,,,52.83060164988738,,,24.593073029408462,24.61207499870041,,,,,60,100,-40,,,,,,,,,,,,,9.106740161309403,,-0.006686234130340429
2004-09-13,27.53,27.57001,26.74001,27.50999,26.510064006099917,27.421474857940886,26.937234091954572,27.80214042707319,-0.03561860208070555,0.22620163769672885,0.2618202397774344,0,,,-0.37554727481080175,3.5202875975567736,,,,,,,52.986666455338565,,,22.728950617094004,23.613463705810677,,,,,60,100,-40,,,,,,,,,,,,,-66.18539441347409,,0.08209880069641518
2004-09-20,27.44,27.74001,27.07001,27.28999,26.458631577092785,27.39517788635271,26.95106765697596,27.79704440292321,-0.04823219437751822,0.20152999680553663,0.24976219118305484,0,,,-1.1220613311300156,0.9566600970263925,,,,,,,50.974843127616005,,,21.17316814385294,22.19121121904993,,21.17316814385294,,,60,100,-40,,,,,,,,,,,,,-71.4244136110242,,0.1129722060960912
2004-09-27,27.17,28.32001,27.03999,28.25,26.508015750157583,27.566142309082167,27.002006180231806,27.801551423789643,0.005378822885905465,0.25648571979043666,0.2511068969045312,0,,,13.84224029160654,4.11487722855524,,,,,,,58.4352657807684,,,29.544974503163413,25.272377900840027,,,,,60,100,-40,,,,,,4.11487722855524,,,,,,,-113.89270204538349,,0.15250026999681934
2004-10-04,28.42,28.59,27.97,27.99001,26.466726768003472,27.650915847265733,27.040751428065853,27.80342663350318,0.019817955041909807,0.27587934070691844,0.25606138566500863,0,,,29.291387652896095,14.003855537790875,,,,,,,55.93783705351126,,,38.86914749143206,32.92774778925172,,,,,60,100,-40,,,,,,,,,,,,,-122.27584712804102,,0.10600886935079336
2004-10-11,28.2,28.27,27.799,27.99001,26.52267557028894,27.718734677812588,27.07797725441621,27.805283184413597,0.025494770618611218,0.28792984893827267,0.26243507831966145,0,,,34.80193461905276,25.978520854518464,,,,,,,55.93783705351126,,,53.610573955591185,46.46231655257039,53.610573955591185,,,,60,100,-40,,,,,,,,,,,,,-94.58932946839717,,0.06870506623509369
2004-10-18,28.07001,28.89,27.58,27.74001,26.355903743839725,27.72298974225007,27.103939322870477,27.80463369999157,0.009369424170944607,0.2741468585333422,0.2647774343623976,0,,,38.91047830451322,34.33460019215402,,,,,,,53.36403967124892,,,51.44616747224295,52.11542837417756,,,,,60,100,-40,,,,,,,,,,,,,-92.84581501959771,,0.0387286190744901
2004-10-25,27.67999,28.53999,27.42,27.97,26.304053476422602,27.772391793800058,27.13790248667948,27.80627913581255,0.011034707894046092,0.2785708192299552,0.2675361113359091,0,,,38.663783033830526,37.458731985798835,,,,,,,55.40882919611042,,,51.395009943566365,53.58143945401326,,,,,60,100,-40,,,,,,,,,,,,,-129.60112137967087,,0.002932752537386285
2004-11-01,28.14999,29.36,27.96001,29.31,27.34305108524956,28.079913435040044,27.2230827813195,27.82124153247113,0.0945766117047484,0.3857568759668446,0.2911802642620962,0,,,54.492207004218976,44.022156114187574,,,,,,,65.07443500395465,,,58.698388106541174,54.34556580412754,,,,,60,100,-40,,,,,,,,,,,,,-233.31000840154886,,-0.00026155409222943264
2004-11-08,29.17999,30.2,29.13,29.97,27.94354886487459,28.457930748032034,27.330805025189324,27.842622213740075,0.18144621950346168,0.5179880386414233,0.3365418191379616,0,,,69.96657326824598,54.37418776876516,,,,,,,68.695140537209,68.695140537209,,75.10266106499627,65.61627824301671,75.10266106499627,,,,60,100,-40,,,,,,,,,,,,,-336.34455232854003,,-0.00247604976871945
2004-11-15,27.36,27.5,26.84,26.86,27.935438231669263,28.138344598425626,27.312342083025037,27.832844878279975,0.02484157407785531,0.36759378673528076,0.34275221265742545,0,,,43.586798243899196,56.01519283878806,,,56.01519283878806,,56.01519283878806,,44.92196954706134,,,69.05115349376622,71.43564032086577,,,,,60,100,-40,,,,,,56.01519283878806,,105,,,,,-337.0091791778964,,-0.06887494792992377
2004-11-22,26.75,26.82001,24.86,26.60001,27.633621215121458,27.8306776787405,27.28440749153386,27.820577864565745,-0.09433418101379698,0.22483448639017922,0.3191686674039762,0,,,17.90228392148632,43.818551811210504,,,,,,,43.556834035684844,,,47.431507314495974,61.52968129565861,,,,,60,100,-40,,,,,,,,,,,,,-364.8256920546425,,-0.030659263398351136
2004-11-29,26.64999,27.44,26.61,27.23,27.51479112832707,27.7105421429924,27.282273864414883,27.8147014679034,-0.12679139162691033,0.1606794278703383,0.2874708194972486,0,,,8.805439723756848,23.43150729638079,,,,,,,47.72682374200417,,,20.55188228624015,35.27594114312007,,,,,60,100,-40,,,,,,,,,,,,,-403.03920259016206,,0.028082382679382845
2004-12-06,27.10001,27.44,26.91,27.08,27.57016461916085,27.584433714393917,27.274341556006455,27.807391005536203,-0.15268179433728407,0.09661857657564354,0.24930037091292762,0,,,2.3212699893425777,9.676331211528586,,,,,,,46.83432504187665,,,13.461917515788596,16.521247948567687,,,,,60,100,-40,,,,,,,,,,,,,-371.5775293919509,,0.060784337430482394
2004-12-13,27.10001,27.39999,26.7951,26.96001,27.665867146363645,27.459548971515133,27.262014828319927,27.798959353739825,-0.1708358705976741,0.03575553266583498,0.20659140326350908,0,,,-3.769397661140456,2.452437350652996,,,,,,,46.0874572894857,,,11.990557968093128,10.052881612138995,,,,,60,100,-40,,,,,,,,,,,,,-364.01797859341445,,0.01782243843368162
2004-12-20,27.00999,27.17,26.78,27.00999,27.74403520733767,27.369637177212105,27.252131501719145,27.79110891240908,-0.17195284281628448,-0.00834965025684653,0.16360319255943795,0,,,-9.176425100320618,-3.541517590706159,,,,,,,46.47264157320233,,,12.158586249791373,12.161998476659875,,,,,60,100,-40,,,,,,,,,,,,,-368.74198248552085,,0.06474145515840775
2004-12-27,27.00999,27.10001,26.679,26.72,27.84731840681355,27.239709741769683,27.231263599690944,27.780451112285604,-0.18363691061247994,-0.06594294570616199,0.11769396490631795,0,,,-15.2116501630811,-9.385824308180718,,,,,,,44.47532568386054,,,10.240378253824247,11.641041213654654,,,,,60,100,-40,,,,,,,,,,,,,-368.06162203360793,,0.025242149813561925
2005-01-03,26.82001,27.10001,26.62,26.67,27.938794234898296,27.125767793415747,27.20925326244816,27.769401847486744,-0.18559758425234807,-0.11430301540911714,0.07129456884323093,0,,,-19.892968175846875,-14.76034781308286,,,,,,,44.121128504371875,,,7.5499887010458,9.023716679752075,,,,,60,100,-40,,,,,,,,,,,,,-312.05041802749736,,-0.022293524757515185
2005-01-10,26.60001,26.86,26.03999,26.12,28.015307503834133,26.924614234732598,27.166537448234507,27.752989888805285,-0.21284685852820556,-0.194764004317026,0.01808285421117954,0,,,-29.23435875367239,-21.44632569753345,,,,,,,40.296831186573336,,,3.8336610654580143,5.645824536812345,,,,,60,100,-40,,,,,,,,,,,,,-275.31397838613424,,-0.07553782280445899
2005-01-18,26.03,26.35001,25.64,25.64999,28.03778411070312,26.66968938778608,27.107064999284134,27.73206451677737,-0.24892818980241016,-0.2930773830418332,-0.044149193239423005,0,,,-39.793116640286705,-29.640147856601985,,,,,,,37.30345940323882,,,1.8577548323294988,2.9533169952755487,,1.8577548323294988,,,60,100,-40,,,,,,,,,,,,,-230.71143686138254,,-0.10010752319363926
2005-01-24,25.75999,26.64999,25.64,26.17999,28.074369531367186,26.571749510228862,27.070709116959264,27.716620989247247,-0.22426818059897516,-0.32448441898814195,-0.1002162383891668,0,,,-42.264488437270536,-37.09732127707654,,,,,,,42.51950238531771,,,4.29968848926498,2.8457668105042733,,,,,60,100,-40,,,,,,,,,,,,,-198.76390288658573,,-0.11949156526738745
2005-01-31,26.36,26.52,26.10001,26.32001,25.325487421983816,26.52140160818309,27.04126993590204,27.702724362488567,-0.18720585435788656,-0.334223556336525,-0.14701770197863845,0,,,-40.9763731507868,-41.01132607611468,,,,,,,43.85632784444793,,,9.725413555567231,6.4916574871359,,,,,60,100,-40,,,,,,-41.01132607611468,,,,,,,-233.53410236175193,,-0.14693830281618
2005-02-07,26.25999,26.34,25.81,25.97,25.401525463270687,26.41112128654647,26.99925935018039,27.685483324055845,-0.1751587542451903,-0.36596614478512635,-0.19080739053993603,0,,,-43.51009897076675,-42.250320186274685,,,,,,,41.257882373096216,,,14.64751881729272,12.001954356652424,14.64751881729272,,,,60,100,-40,,,,,,-42.250320186274685,,,,,,,-230.16426556870613,,-0.15116143825095435
2005-02-14,25.92,26.12,25.39999,25.48,25.456416501608494,26.224897029237177,26.939680552134103,27.663538216353796,-0.18795685466503886,-0.4257534588712346,-0.23779660420619575,0,,,-49.33319204829084,-44.606554723281455,,,,,,,37.85618322357641,,,13.71742649917833,14.42177647507206,,,,,60,100,-40,,,,,,,,,,,,,-198.31621728348682,,-0.22426051405807196
2005-02-22,25.25,25.49001,25.14999,25.25,25.330242465779314,26.029917623389743,26.87341856969747,27.639522910718433,-0.19863556359116774,-0.48609105869515545,-0.2874554951039877,0,,,-56.00058174284228,-49.61462425396661,,,,,,,36.3328924769175,,,8.922704678410753,12.037892289509783,,,,,60,100,-40,,,,,,,,,,,,,-216.80417777739825,,-0.2069746811553222
2005-02-28,25.23,25.48,25.12959,25.17,25.33664086108079,25.857934098711794,26.80661784147404,27.614950543447602,-0.19740070321890918,-0.5342063741276242,-0.336805670908715,0,,,-58.934267535349704,-54.75601377549427,,,,,,,35.79022392838367,,,4.119167874017566,6.7647323346578645,,,,,60,100,-40,,,,,,,,,,,,,-243.7488727269622,,-0.23192879213713025
2005-03-07,25.17999,25.78999,25.06,25.09,25.40610722814645,25.704347278969436,26.739299494749567,27.589826657443147,-0.1883134657031479,-0.5721975030376498,-0.38388403733450194,0,,,-58.676428794374395,-57.87042602418879,,,,,,,35.22033493894982,,,1.2135200801148343,2.4270401602296654,,,,,60,100,-40,,,,,,,,,,,,-80.99999999999997,-188.52180495842362,-80.99999999999997,-0.23473389997219896
2005-03-14,25.07001,25.24001,24.28,24.31,25.12639599756456,25.425477823175548,26.644032847896643,27.55719156632431,-0.21902403851831725,-0.6576640854823985,-0.43864004696408126,0,,,-64.67130101432814,-60.760665781350745,,,,,,,30.149567838378033,,,0.2456005688962137,0.49120113779242414,,,,,60,100,-40,,,,,,,,,,,,-58.090909090909086,-156.063294965983,-58.090909090909086,-0.28566660131491123
2005-03-21,24.34,24.47,23.9599,24.28,25.053080569167093,25.19638225854044,26.551325677390892,27.5245826950176,-0.22470676091237796,-0.7195234981045537,-0.4948167371921758,0,,,-69.54872936057723,-64.29881972309325,,,,,,,29.969783216077275,,,3.0222737892573705e-15,2.7878933729476153e-15,,,,,60,100,-40,,,,,,,,,,,,-32.983471074380155,-126.77905951762241,-32.983471074380155,-0.33137597098827554
2005-03-28,24.34,24.47,23.82001,24.12,24.745713385655158,24.98110580683235,26.455979572395172,27.490706250291055,-0.22218875796904325,-0.7725526846534798,-0.5503639266844366,0,,,-71.16859459269655,-68.46287498920064,,,,-68.46287498920064,,-68.46287498920064,28.971612215379608,,28.971612215379608,3.0222737892573705e-15,2.7878933729476153e-15,,,,,60,100,-40,,,,,,,,,,,,-2.4410217881291985,-98.27377596896376,-2.4410217881291985,-0.3900981401029768
2005-04-04,24.11,25.25,23.94,24.94,24.765307429536932,24.97288464546588,26.396529393085558,27.465326088596616,-0.15161497346888964,-0.7398826435205486,-0.5882676700516589,0,,,-64.57370674457286,-68.43034356594887,,,,,,,40.05624407776085,,,15.840714554058549,7.920357277029276,,,,,60,100,-40,,,,,,-68.43034356594887,-107,,,,,18.91189126425793,-71.31490761097034,18.91189126425793,-0.3167532416898585
2005-04-11,25.03,25.45,24.41,24.46001,24.68921475599858,24.870309716372702,26.320587456101812,27.43542244592401,-0.1247015015428884,-0.7441445469802694,-0.619443045437381,0,,,-57.826665363427885,-64.52298890023242,,,,,,,36.449152298381776,,,30.76661319239948,21.323574553971696,,,,,60,100,-40,,,,,,,,,,,,143.65518376166563,39.83325740920613,143.65518376166563,-0.3825559616751931
2005-04-18,24.45,25.39,24.3,24.98,24.657128701998683,24.892247773098163,26.26801539899978,27.410990381785464,-0.06246370895739328,-0.6975226816341227,-0.6350589726767294,0,,,-50.03023822570277,-57.4768701112345,,,,,,,42.523532167525055,,,57.25184308171923,44.61860245633839,,,,,60,100,-40,,,,,,,,,,,,167.5360594413628,61.68175606207775,167.5360594413628,-0.39763973282494147
2005-04-25,25.07001,25.3,24.44,25.3,24.270181651855918,24.97379821847853,26.23005401080371,27.389985502364713,0.006031548382181118,-0.627519537199003,-0.6335510855811841,0,,,-40.8117151693738,-49.55620625283481,,,,,,,45.9667073964477,,,71.3206860625516,63.184026915757634,,,,,60,100,-40,,,,,,,,,,,,229.80223045202408,121.37598223260902,229.80223045202408,-0.32769936973882563
2005-05-02,25.23,25.48,24.95,25.22,23.778740105294784,25.023038574782824,26.19044404959572,27.368393606818795,0.04931741618370222,-0.5719043153515564,-0.6212217315352586,0,,,-28.484857401674795,-39.775603598917115,,,,,,,45.23282764237388,,,88.18479503822793,81.42800474822538,,,,,60,100,-40,,,,,,,,,,,,219.8381885516561,109.30762182668005,219.8381885516561,-0.3008590157874103
2005-05-09,25.22,25.38,24.64,25.3,23.64454438348801,25.07843085982626,26.15552467510177,27.347812575905177,0.08463183213660075,-0.5154319413645077,-0.6000637735011084,0,,,-21.38846092032779,-30.22834449712546,,,,,,,46.16397118039507,,,94.79947961312337,90.9994724409557,,,,,60,100,-40,,,,,,,,,,,,188.0494269968095,97.6153269491018,188.0494269968095,-0.2696942740900708
2005-05-16,25.22,26.05,24.31,25.74001,24.097086927524586,25.210746687861008,26.139229981960526,27.331814540324032,0.1358807605512108,-0.43021282281209494,-0.5660935833633057,0,,,-8.625176188053496,-19.49949817001869,,,,,,,51.1161506762871,,,97.98983654244762,97.38018629960419,,,,,60,100,-40,,,,,,,,,,,,161.13134936102594,72.59435841290149,161.13134936102594,-0.21274956582394483
2005-05-23,25.74001,26.09,25.5,26.07001,24.295867146987113,25.382599350288807,26.136515472864033,27.31925927126608,0.18710029822595486,-0.3322182105808622,-0.5193185088068171,0,,,10.65432719404223,-6.453103304779684,,,,,,,54.51553269579867,,,99.53316226176369,99.06632452352737,99.53316226176369,,,,60,100,-40,,,,,,,,,,,,124.56201311356668,41.21356597419208,124.56201311356668,-0.1324642538910877
2005-05-31,25.99001,26.03,25.34,25.42999,24.338305922202316,25.392077480231045,26.108808591575247,27.300460572049502,0.1732855518705902,-0.3027115689685793,-0.4759971208391695,0,,,17.259607889258618,6.429586298415785,,,,,,,47.56575821584832,,,93.97228522211583,96.63601430738066,,,,,60,100,-40,,,,,,,,,,,,83.73255618382731,-5.370718748388299,83.73255618382731,-0.11179320462465585
2005-06-06,25.38,25.83,25.31,25.42999,24.357711927759297,25.399659984184837,26.082188254650728,27.28184892456642,0.15988239641214802,-0.27614412532398447,-0.4360265217361325,0,,,19.946826832675008,15.953587305325286,,,,,15.953587305325286,,47.56575821584831,,,86.96283420527644,91.30855613685095,,,,,60,100,-40,,,,,,,,,,,,53.963000514040544,-44.39422443049949,53.963000514040544,-0.09257043074246274
2005-06-13,25.36,25.49001,24.92,25.03999,24.40573321863363,25.32772598734787,26.041317734860502,27.259541870590635,0.12218654049965277,-0.28329334611156654,-0.4054798866112193,0,,,10.64709909479905,15.951177938910893,,,,,,,43.59157163063475,,,74.87464222836718,80.91873821682181,,,,,60,100,-40,,,,,,15.951177938910893,,,,,,-12.212090488512288,-115.41345635222683,-12.212090488512288,-0.12552897999061266
2005-06-20,24.97,25.62,24.92999,25.03999,24.44318013158837,25.270178789878294,26.002049980552247,27.23745677735093,0.09585097067405113,-0.2856661732686554,-0.3815171439427065,0,,,4.8515935816328275,11.815173169702296,,,,,,,43.59157163063475,,,67.73155913178388,71.72769419429555,,,,,60,100,-40,,,,,,,,,,,,-1.8098922178736743,-93.52010065182199,-1.8098922178736743,-0.16544723157613955
2005-06-27,25.06,25.32001,24.67,24.71001,24.46080940790349,25.158145031902635,25.951381746020786,27.212308053198182,0.056739345712746025,-0.310592961801774,-0.36733230751452,0,,,-8.44763839234282,2.3503514280296853,,,,,,,40.25201594975114,,,58.29702500240806,62.29000507850021,,,,,60,100,-40,,,,,,,,,,,,-20.571729996442087,-114.69826416967251,-20.571729996442087,-0.18815966866732178
2005-07-05,24.66,25.19,24.5,25.09,24.48289373591038,25.14451602552211,25.917602069706245,27.191190560131535,0.05684953924962327,-0.2962703834524909,-0.3531199227021142,0,,,-16.53844378227985,-6.711496197663281,,,,,,,45.46414262986308,,,54.19423672817403,56.60698561298403,,54.19423672817403,,,60,100,-40,,,,,,,,,,,,-90.46777908799808,-188.38948886609572,-90.46777908799808,-0.12048009434329522
2005-07-11,25.14999,26.10001,25.11,25.78999,24.497687754773928,25.273610820417687,25.912597674815803,27.177248266000873,0.10182951306320331,-0.22583303137311006,-0.3276625444363134,0,,,0.6921806136710842,-8.097967186983862,,,,,,,53.55052526828795,,,60.30994965690851,56.676358020874225,,,,,60,100,-40,,,,,,-8.097967186983862,,,,,,-109.47363743563479,-193.2277636177147,-109.47363743563479,-0.08264350892913051
2005-07-18,25.71001,26.48,25.55,25.67999,24.465709343718647,25.35488665633415,25.903475805215184,27.16235017380186,0.12065131175500199,-0.17684840474256092,-0.2974997164975629,0,,,16.576445599346876,0.24339414357937036,,,,,,,52.23204946155509,,,70.59834015216576,64.23042736015957,,,,,60,100,-40,,,,,,,,,,,,-150.4784306291557,-238.09544295994834,-150.4784306291557,-0.0917086707295918
2005-07-25,25.67999,26,25.53,25.61,24.4474451048816,25.40590932506732,25.891966950108706,27.14690390341577,0.12436935924416243,-0.1420380174423599,-0.2664073766865223,0,,,22.454624788987672,13.24108366733521,,,,,,,51.36039925826128,,,80.94179528156377,75.69834620006056,,,,,60,100,-40,,,,,,,,,,,,-226.7550796056728,-319.3508169672305,-226.7550796056728,-0.07443779845070318
2005-08-01,25.81,27.94,25.75999,27.75999,26.186179740247198,25.876725460053855,25.965222755986797,27.15300426258576,0.2598162362895176,0.058362918675374686,-0.20145331761414292,0,,,45.57854590905215,28.203205432462237,,,,,,,68.7275771141679,68.7275771141679,,85.73175418272488,83.65375141817216,85.73175418272488,,,,60,100,-40,,,,,,,,,,,,-198.25415604100505,-287.6506684277341,-198.25415604100505,0.05367968520100807
2005-08-08,27.8,27.84,26.85001,27.05,25.965737615943826,26.111380368043083,26.007763040065747,27.15197934455008,0.2876184266559456,0.1580697157057891,-0.12954871095015652,0,,,56.84551081069805,41.626227169579295,,,,,,,60.942905385139866,,,85.21471067752941,86.10610566635084,,,,,60,100,-40,,,,,,,,,,,,-162.2079458517314,-261.7141832590551,-162.2079458517314,0.012539966027094195
2005-08-15,26.97,27.3008,26.66,26.72,25.952471357662123,26.233104294434465,26.03569390123964,27.14768104261426,0.2700881095767011,0.20806142602071986,-0.062026683555981246,0,,,58.29658995206145,53.57354889060389,,,,,,,57.65463650436077,,,81.41215406531884,83.7393451916558,,,,,60,100,-40,,,,,,,,,,,,-130.8974102423257,-237.76614993922695,-130.8974102423257,-0.011663707772577843
2005-08-22,26.8,27.17,26.74001,26.97,25.99003697497197,26.38048343554757,26.072333356092987,27.145913072040983,0.2614618828352038,0.26480066998802343,0.0033387871528196833,0,,,58.54870411638872,57.89693495971608,,,,,,,59.45028033896675,,,73.1309497975315,77.4175445556882,,,,,60,100,-40,,,,,,,,,,,,-103.46151747099377,-209.99048631391292,-103.46151747099377,-0.037586867245108915
2005-08-29,26.81,27.44,26.81,27.02,26.052176476759687,26.508386748438056,26.10949675389326,27.144660205652517,0.24550931119364702,0.31022542614487847,0.06471611495123145,0,,,58.814037353458986,58.55311047396972,,,58.55311047396972,,58.55311047396972,,59.81944689170952,,,69.7326541941886,71.84865659168345,,,,,60,100,-40,,,,,,,,,,,,-84.65033247626764,-199.99221607501968,-84.65033247626764,-0.004206628438583007
2005-09-06,27.06,27.28999,26.52,26.58,26.08416315699114,26.522709398750443,26.12794786158372,27.139041696143536,0.19397076801715513,0.30717957497267534,0.11320880695552023,0,,,53.83778621674804,57.06684256219859,,,,,,,55.04222666017896,,,65.87285668769069,67.05168005286247,,,,,60,100,-40,,,,,,57.06684256219859,,105,,,,-119.25936293512805,-228.17544951592515,-119.25936293512805,-0.046812033192739244
2005-09-12,26.62,26.75999,25.97,26.07001,26.093866502920342,26.432169519000354,26.125675788580438,27.128404564838625,0.11792066598695156,0.2606096394392097,0.14268897345225812,0,,,40.174841751270726,50.94222177382591,,,,,,,50.02576288717709,,,57.93155972339146,62.04345114149888,,,,,60,100,-40,,,,,,,,,,,,-105.75766058328657,-225.7799132403024,-105.75766058328657,-0.15701664105375893
2005-09-19,26.10001,26.27,25.12,25.27,26.100019609854606,26.199735615200282,26.092119875302775,27.10991297712879,0.011716701839222965,0.15733485075128684,0.14561814891206387,0,,,19.31600748429771,37.77621181743883,,,,,,,43.316819745484494,,,42.69159042161574,50.97422061775859,,,,,60,100,-40,,,,,,,,,,,,-64.71081320450719,-177.4562926511565,-64.71081320450719,-0.19802231350165314
2005-09-26,25.38,26,25.21001,25.73,26.054303209150703,26.105788492160226,26.077919095879135,27.096182499744423,-0.02743554175866908,0.11132372171372751,0.1387592634723966,0,,,6.033593210579157,21.841480815382535,,,,,,,47.68695532163367,,,31.81527685991442,37.96479556264643,,,,,60,100,-40,,,,,,,,,,,,-96.58157444005134,-192.46423944185528,-96.58157444005134,-0.2269311172697214
2005-10-03,25.72,25.7326,24.52,24.59,26.06328226563994,25.80263079372818,26.019569327413286,27.071245360443484,-0.12455437157715496,-0.01693370099904712,0.10762067057810784,0,,,-11.043121945640701,4.768826249745392,,,,,,,39.50898234522818,,,18.977384890903227,24.507372041115428,,,,,60,100,-40,,,,,,,,,,,,-49.021288178223834,-142.01619590697248,-49.021288178223834,-0.3099151005131873
2005-10-10,24.66,25.59,24.25,24.67,26.011247103808515,25.576104634982546,25.966645040063746,27.047352371782356,-0.1747729706338421,-0.11084554271419478,0.06392742791964731,0,,,-22.639799273319234,-9.216442669460259,,,,,,,40.28748249385584,,,13.37122688459814,16.463902416767414,,,,,60,100,-40,,,,,,,,,,,,8.073491490544136,-92.55870574206838,8.073491490544136,-0.36880910789847515
2005-10-17,24.67,25.13,24.4399,24.78,25.944728739250763,25.416883707986038,25.920109940453404,27.02479165166512,-0.19064999884509992,-0.1743850706367276,0.01626492820837233,0,,,-30.21490938682213,-21.29927686859402,,,,,,,41.410667160890476,,,6.102455414529822,8.982714980544868,,6.102455414529822,,,60,100,-40,,,,,,,,,,,,17.514674855899734,-74.82075924351051,17.514674855899734,-0.3392357871635208
2005-10-24,24.89,25.6001,24.67999,25.53,25.265814543589997,25.43950696638883,25.904811511416014,27.009918102892332,-0.1428922609476447,-0.16235039797618356,-0.019458137028538845,0,,,-29.174574770550592,-27.343094476897317,,,,,,,48.55785994229213,,,11.521462782614929,9.13591819154336,,,,,60,100,-40,,,,,,,,,,,,71.60291579119068,-33.944257562872195,71.60291579119068,-0.2721114326346679
2005-10-31,25.59,26.71001,25.5,26.66,25.23181207619071,25.683605573111063,25.934426746262446,27.00643633072425,-0.03317663138249223,-0.06092892625665414,-0.027752294874161906,0,,,-13.769590815056844,-24.38635832414319,,,,,,,57.09978404907462,,,25.161724836381943,16.863163223741292,,,,,60,100,-40,,,,,,-24.38635832414319,,,,,,49.4932947382469,-53.2271198241682,49.4932947382469,-0.1927366599418868
2005-11-07,26.7,27.39011,26.63989,27.28,25.44668121360566,26.00288445848885,25.987194324840388,27.009158357284207,0.0771501374647101,0.06868537695672572,-0.008464760507984379,0,,,4.986839848727456,-12.652441912293327,,,,,,,60.95361665646622,,,50.8246775573564,37.254162234355476,,,,,60,100,-40,,,,,,,,,,,,-8.596395214161596,-126.27673440159221,-8.596395214161596,-0.11997191610829946
2005-11-14,27.36,28.25,27.2,28.07001,26.260468269776684,26.41630956679108,26.06887337092508,27.01971409502267,0.19275024530134655,0.2324730461186988,0.03972280081735226,0,,,21.961013404811748,4.392754146160787,,,,,,,65.2613544059248,65.2613544059248,,74.33838968057594,61.63306467263296,,,,,60,100,-40,,,,,,,,,,,,-77.03341426613221,-186.95369178312092,-77.03341426613221,-0.036203631508813006
2005-11-21,28.06,28.2402,27.465,27.75999,26.23972125050692,26.685045653432866,26.135191670104486,27.02708002442543,0.2349549696543356,0.33341651288527174,0.09846154323093616,0,,,31.64586944855801,19.53124090069907,,,,,,,62.33762018879585,,,89.49378614056172,82.60661996249993,,,,,60,100,-40,,,,,,,,,,,,-52.11824803592638,-168.4166569134626,-52.11824803592638,-0.07522245087534181
2005-11-28,27.78,28.101,27.53,28.00999,26.25971330404214,26.950034522746293,26.208713173237644,27.036860223187368,0.2641481063428813,0.4286466761595378,0.1644985698166565,0,,,37.5882292857736,30.398370713047786,,,,,,,63.7561187811152,,,93.74617391182002,92.72925370769563,93.74617391182002,,,,60,100,-40,,,,,,,,,,,,-117.18765748393977,-237.79544656556033,-117.18765748393977,-0.06326264919645118
2005-12-05,27.92,28.02,27.55,27.71001,26.307448782324844,27.102029618197033,26.267587558600873,27.043558230916847,0.24795499378264876,0.47444231204496745,0.2264873182623187,0,,,39.83762613098161,36.357241621771074,,,,,,,60.78035286031604,,,91.48995396219019,93.53098858973708,,,,,60,100,-40,,,,,,,,,,,,-124.97171975958707,-256.3780926445494,-124.97171975958707,-0.029053930280586473
2005-12-12,27.69,27.75,26.81,26.89999,26.366203155015928,27.061621694557626,26.292387654342015,27.042129691305735,0.1710488283487675,0.4402983536982781,0.2692495253495106,0,,,34.872983713739025,37.43294637683142,,,,,37.43294637683142,,53.47866890164898,,,83.07449133710696,87.5902490312004,,,,,60,100,-40,,,,,,37.43294637683142,,,,106,,-118.61322525784395,-247.0366212546313,-118.61322525784395,-0.05164135291227062
2005-12-19,26.7,26.91,26.41901,26.64,26.35361792965765,26.9772973556461,26.306019511034485,27.038128400844982,0.09483222060463936,0.3877898011053098,0.29295758050067044,0,,,24.392712654534726,33.03444083308512,,,,,,,51.334342815020776,,,70.1023083281107,77.05306740846954,,,,,60,100,-40,,,,,,,,,,,,-115.22900248369048,-243.93905375378927,-115.22900248369048,-0.12649887569682214
2005-12-27,26.7,26.85001,26.10001,26.14999,26.4060759346821,26.81183588451688,26.29990070668019,27.029291202826624,0.008147733936731516,0.30314224792158484,0.2949945139848533,0,,,12.549868384473571,23.938521584249106,,,,,,,47.44967499978648,,,54.46040967352208,62.65777555945238,,,,,60,100,-40,,,,,,,,,,,,-86.09645657756495,-208.67740761673667,-86.09645657756495,-0.12189297856246852
2006-01-03,26.25,27.13,26.10001,26.91,26.417785510776238,26.831468707613507,26.323826169163322,27.02810422568407,-0.0007988866220355328,0.29399590570730894,0.29479479232934447,0,,,8.296751566510972,15.079777535173085,,,,,,,53.377772887973855,,,48.919559890569765,51.81342820412079,,48.919559890569765,,,60,100,-40,,,,,,,,,,,,-158.6243735634622,-268.9178789591482,-158.6243735634622,-0.06497774246234334
2006-01-09,26.94,27.39,26.59,27.19,26.388660117149364,26.903174966090805,26.357793770372602,27.029715128911096,0.00881678191204599,0.30581576971940194,0.29699898780735595,0,,,11.042401503858464,10.629673818280997,,,,,,,55.38643868046441,,,49.163547359125445,47.65395752071535,,,,,60,100,-40,,,,,,10.629673818280997,,,,,,-147.0563056428327,-265.4782646029394,-147.0563056428327,-0.044812993724089506
2006-01-17,26.89999,27.24001,26.25999,26.41,26.394470823067266,26.804539972872643,26.359841073495247,27.02354880922044,-0.03810395447162285,0.2493690447178274,0.28747299918945024,0,,,4.4572432846717005,7.932132118347039,,,,,,,49.0136386617871,,,50.07525238752845,49.21233338740279,,,,,60,100,-40,,,,,,7.932132118347039,,,,,,-189.40970461686317,-299.9367619478595,-189.40970461686317,-0.05705028215715694
2006-01-23,26.42,27.9501,26.22,27.78999,26.37414933570532,27.001629978298116,26.415925345122883,27.03117508972571,0.019931410657906823,0.3123872625118338,0.292455851853927,0,,,13.790916860332288,9.763520549620818,,,,,,,58.226093684244816,,,52.09074067981777,51.44819748620629,52.09074067981777,,,,60,100,-40,,,,,,9.763520549620818,,,,,,-324.0624855956153,-414.4937143209759,-324.0624855956153,0.01672121198149957
2006-01-30,27.81,28.38,27.34,27.53999,26.248125097440653,27.109301982638492,26.46000631198081,27.036237924653815,0.03664133557658955,0.3382575213246639,0.30161618574807436,0,,,26.606766288069196,14.951642144357729,,,,,,,56.232064256806034,,,49.72412521023677,50.77992642038922,,,,,60,100,-40,,,,,,,,,,,,-303.323851850958,-380.9494026262531,-303.323851850958,0.026528776231662013
2006-02-06,27.49001,27.53999,26.50999,26.69,26.16966830476632,27.025441586110794,26.469025672295288,27.032792771174673,-0.011800159827661028,0.2868659859634981,0.29866614579115913,0,,,18.757552292112024,19.718411813504503,,,,,19.718411813504503,,49.93349657085599,,,44.876777613805515,47.78879077528115,,,,,60,100,-40,,,,,,19.718411813504503,,,,,,-259.0831515144202,-326.23132942147976,-259.0831515144202,0.03538088866873443
2006-02-13,26.62,26.92999,26.34,26.7,26.15397699728301,26.960353268888635,26.478083489068023,27.029481400317213,-0.043628472404978136,0.24413055528493643,0.28775902768991457,0,,,7.1716185608422425,17.511979047007824,,,,,,,50.004869541005576,,,32.63680571343812,38.976674969822604,,,,,60,100,-40,,,,,,,,,,,,-313.7953057845257,-374.18926952666527,-313.7953057845257,0.029578177992649467
2006-02-21,26.7,26.89011,26.34,26.63,25.982265068905654,26.894282615110907,26.48404099930065,27.025506461010576,-0.06838144608977847,0.20228222007769148,0.27066366616746995,0,,,-2.0858069524895253,7.947787966821582,,,,,,,49.47007224960247,,,20.46431555747927,27.297583006085514,,,,,60,100,-40,,,,,,,,,,,,-315.8325229146119,-384.33667506727147,-315.8325229146119,0.09253738926829558
2006-02-27,26.78,27.3,26.67,26.92999,26.03280113541239,26.901424092088725,26.501529195406505,27.024556048463207,-0.06363439006226024,0.19112067858964465,0.2547550686519049,0,,,-0.07167250316677976,1.671379701728647,,,,,,,51.860362081862405,,,18.65069031040691,19.30734129668512,,18.65069031040691,,,60,100,-40,,,,,,,,,,,,-342.0447914755915,-412.639097782313,-342.0447914755915,0.10599766874212295
2006-03-06,26.92,27.5,26.81,27.17,26.062600340025792,26.95513927367098,26.527743736763114,27.026003251961086,-0.044328883271622044,0.19934396456237735,0.2436728478339994,0,,,7.135794856102076,1.659438466815257,,,,,,,53.75636296709159,,,24.50654809548027,20.15954590599057,,,,,60,100,-40,,,,,,1.659438466815257,,,,,,-289.85482938912037,-353.9774436400743,-289.85482938912037,0.10968362662822444
2006-03-13,27.17999,27.66,26.94,27.5,26.087413887166807,27.064111418936783,26.565871433360638,27.030719637513712,-0.0110664620947864,0.22983977021551638,0.24090623231030278,0,,,17.56375579014297,8.209292714359423,,,,,,,56.318932558524004,,,42.459761617702455,32.9417782111259,,,,,60,100,-40,,,,,,,,,,,,-313.51758768200756,-369.6179084327881,-313.51758768200756,0.09439221026145977
2006-03-20,27.69501,28.22,26.62,27.00999,26.10616932379775,27.053287135149425,26.583287847738653,27.030513372463826,-0.02310568825417464,0.21202412199258447,0.2351298102467591,0,,,22.173897456718056,15.6244827009877,,,,,,,51.70950324163038,,,50.849386808435035,45.63251723152977,,,,,60,100,-40,,,,,,,,,,,,-341.05984446709715,-386.96010689955403,-341.05984446709715,0.002966054592975384
2006-03-27,27.02499,27.541,26.81,27.21001,25.99787080066934,27.08463170811954,26.607865187043018,27.032299408558714,-0.01881922809456707,0.21160577512855028,0.23042500322311735,0,,,22.12543814085983,20.621030462573618,,,,,,,53.396228675314106,,,57.13508318818124,55.57854194649545,57.13508318818124,,,,60,100,-40,,,,,,,,,,,,-405.412600018534,-452.0582692814532,-405.412600018534,-0.030397487811258676
2006-04-03,27.67,27.94099,27.23,27.25,26.02145074347867,27.117705366495635,26.63304694441388,27.03446558359793,-0.014694695269099,0.21205663413674358,0.22675132940584258,0,,,31.07306171967661,25.124132439084832,,,,,,,53.74615022866338,,,51.46647905075785,54.42270972918076,,,,,60,100,-40,,,,,,,,,,,,-400.79212728789145,-442.59312941209816,-400.79212728789145,-0.11365808007914854
2006-04-10,27.235,27.44,26.97,27.07001,26.043349261801623,27.108166293196508,26.6501827505153,27.034819259383028,-0.024892987689451695,0.19563509479402796,0.22052808248347966,0,,,25.263316762268175,26.153938874268206,,,,,26.153938874268206,,51.84795725922247,,,48.30884258418351,50.954889492642245,,,,,60,100,-40,,,,,,26.153938874268206,,,,,,-337.01174050827484,-381.2125604280803,-337.01174050827484,-0.11892880757395415
2006-04-17,27.03,27.5,26.7,27.14999,25.850966457387223,27.116531034557205,26.669783034808816,27.035965236901603,-0.026886523937142387,0.18691992756205167,0.21380645149919406,0,,,18.278309991149026,24.871562824364606,,,,,,,52.65293011400825,,,42.68936659017129,44.887944307100575,,,,,60,100,-40,,,,,,,,,,,,-372.10051496131575,-417.3557312593384,-372.10051496131575,-0.1478634551103621
2006-04-24,27.075,27.63,24,24.14999,25.817335281859563,26.523222827645764,26.57096762167906,27.007249065390145,-0.22012882188257277,-0.06135457585402193,0.15877424602855084,0,,,-20.209113156413192,7.777504532334671,,,,,,,31.353893515417596,,,29.984821504626677,36.53080688955503,,,,,60,100,-40,,,,,,,,,,,,-352.6276940592584,-413.2910528485496,-352.6276940592584,-0.24185763676675617
2006-05-01,24.325,25,23.14,23.8,25.418954190298166,25.97857826211661,26.46230222475047,26.975336139366362,-0.353492892573872,-0.2830918696887892,0.07040102288508282,0,,,-45.88326397690726,-15.938022380723806,,,,,,,29.82888949764373,,,19.41670983599357,25.690761166231866,,,,,60,100,-40,,,,,,,,,,,,-414.87720423030225,-488.14722505790417,-414.87720423030225,-0.21431849258895636
2006-05-08,23.86,25,23.05,23.17,25.301886033848298,25.41686260969329,26.333192333583785,26.937472098178638,-0.45939918773614763,-0.5038479617851017,-0.0444487740489541,0,,,-58.47592259463293,-41.522766575984456,,,,,,,27.24478585932107,,,6.096915770908927,12.193831541817863,,,,,60,100,-40,,,,,,,,,,,,-297.62680346115644,-379.3931841382852,-297.62680346115644,-0.2600093323771844
2006-05-15,23.10001,24,22.52,22.56,25.180322745716275,24.84549008775463,26.18522400677658,26.893915161878354,-0.5402202811959751,-0.7197241255439231,-0.17950384434794792,0,,,-67.03979434204041,-57.1329936378602,,,,,,,24.975264231862297,,24.975264231862297,2.1904430842925358,4.380886168585083,,2.1904430842925358,,,60,100,-40,,,,,,,,,,,,-189.87647555912798,-278.59442338586973,-189.87647555912798,-0.2897044671918695
2006-05-22,22.48,23.9201,22.45,23.72,25.13458540673654,24.620392070203703,26.088548555530437,26.86233391648653,-0.48689314468669564,-0.7881202752063174,-0.3012271305196218,0,,,-68.22567667605735,-64.5804645375769,,,,,,,35.964381243880425,,,8.145871304847324,4.072935652423657,,,,,60,100,-40,,,,,,,,,,,,-158.9898436392865,-231.57725549752973,-158.9898436392865,-0.266721703876382
2006-05-30,23.55499,23.75999,22.62,22.75999,25.09352930625536,24.24831165616296,25.95801684747042,26.821514574033927,-0.48646435063558535,-0.9093075688141035,-0.4228432181785181,0,,,-68.72429853493006,-67.99658985100928,,,,,,,31.789688903554932,,,15.20252618271849,10.655964830676991,,,,,60,100,-40,,,,,,,,,,,,-163.71896297759807,-227.65411813434253,-163.71896297759807,-0.3182659968232425
2006-06-05,22.72,22.73,21.89,21.92,24.85256435580855,23.782649324930368,25.799663245608837,26.772743284740056,-0.5104455442506542,-1.060900148491836,-0.5504546042411816,0,,,-71.31065646461883,-69.42021055853542,,,,,,,28.638577287362338,,,21.092415669044378,18.538181457529934,21.092415669044378,,,,60,100,-40,,,,,,,,,,,,-132.13369698167116,-188.0806421099166,-132.13369698167116,-0.34026155434128214
2006-06-12,21.96001,22.28,21.4599,22.10001,24.899525473250794,23.446121459944294,25.65457880460457,26.72624842618543,-0.48221188569661433,-1.1532194613619495,-0.6710075756653352,0,,,-71.84767321774058,-70.6275427390965,,,,-70.6275427390965,,-70.6275427390965,30.243834863286693,,,18.668573400736342,20.183221054197872,,,,,60,100,-40,,,,,,,,,,,,-80.83666116682184,-136.61143445356814,-80.83666116682184,-0.33273406172404624
2006-06-19,22.145,23.17,22.12,22.5,24.950259368018596,23.256897167955437,25.530869831874977,26.684196203039306,-0.407593356292523,-1.180499271030989,-0.7729059147384659,0,,,-66.93488214900145,-70.03107061045363,,,,,,,33.82707699084898,,,20.224135003631773,20.312211408774292,,,,,60,100,-40,,,,,,-70.03107061045363,-107,,,,,-26.139086409217853,-81.7729918256466,-26.139086409217853,-0.3146315273083303
2006-06-26,22.64999,23.64999,22.63,23.3,24.861660841731553,23.265517734364348,25.4433847404289,26.650522608979212,-0.2813566236661843,-1.1246016943211963,-0.843245070655012,0,,,-58.15453411897492,-65.645696495239,,,,,,,40.454510612115136,,,29.19520829807173,23.92010023547688,,,,,60,100,-40,,,,,,,,,,,,-59.56834342572371,-116.9051751300745,-59.56834342572371,-0.269235878480359
2006-07-03,23.535,23.72,23.3,23.3,24.860828638750725,23.272414187491478,25.35933043688267,26.617184075556533,-0.17979700178769642,-1.0679913228896325,-0.8881943211019361,0,,,-48.441309641955094,-57.8435753033105,,,,,,,40.454510612115136,,,40.4184315896298,33.86080953460385,,,,,60,100,-40,,,,,,,,,,,,-17.828644621046692,-74.74059783369732,-17.828644621046692,-0.30354471735517397
2006-07-10,23.42999,23.66,22.23,22.28999,21.964340164554248,23.07592934999318,25.23896414524021,26.57412741808831,-0.16307512294528304,-1.0920382247835398,-0.9289631018382568,0,,,-47.46086713968846,-51.35223696687283,,,,,,,35.226940221261316,,,46.22279179632791,43.47298839949453,,,,,60,100,-40,,,,,,,,,,,,107.23110894641633,51.57587449970215,107.23110894641633,-0.3399317535857605
2006-07-17,22.28999,24.14999,22.25999,23.87,21.636182295657516,23.234743479994545,25.185279276799417,26.54722067760982,-0.0347437795452632,-0.9723928262698358,-0.9376490467245726,0,,,-37.968790892365426,-44.62365589133632,,,,,,,46.86344605621219,,,54.009474567384814,50.99189949314666,,,,,60,100,-40,,,,,,,,,,,,234.0981800470679,157.65298822702903,234.0981800470679,-0.2884265909915642
2006-07-24,24.00999,24.60001,23.77,24.25,21.90574070311055,23.437794783995635,25.148601658101402,26.52436276041967,0.08031222626999257,-0.8372587638870819,-0.9175709901570744,0,,,-21.209462095499497,-35.546373375851125,,,,,,,49.23941450234656,,,65.75231605045079,59.37606923392145,,,,,60,100,-40,,,,,,,,,,,,178.80760185669192,124.44335400393278,178.80760185669192,-0.28145470294912966
2006-07-31,24.07001,24.4901,23.85001,24.28999,21.994604938602652,23.608233827196507,25.11493061268566,26.502130195639374,0.15913439004347396,-0.718653002602732,-0.877787392646206,0,,,-8.911267280903061,-22.696506756255996,,,,,,,49.49686606106209,,,83.49456290017017,74.03618457723586,,,,,60,100,-40,,,,,,,,,,,,135.3880378827479,85.45365327594503,135.3880378827479,-0.29777522861330724
2006-08-07,24.28,24.64,24.19,24.42999,22.20711958584532,23.772585061757205,25.08807019650191,26.481511885235,0.21713360061280096,-0.6063703918802048,-0.8235039924930058,0,,,2.32867281007689,-9.264018855441888,,,,,,,50.44999432685977,,,94.18025068168076,88.36050136336154,,,,,60,100,-40,,,,,,,,,,,,177.13566735861195,126.28026177122777,177.13566735861195,-0.27641692585695943
2006-08-14,24.52,25.8,24.35001,25.78999,23.66161032971351,24.176066049405765,25.115596463305756,26.474631070456542,0.33640363152434827,-0.40299945308757046,-0.7394030846119187,0,,,18.109529391386836,3.8423116401868875,,,,,,,58.660520713818336,,,98.82549020385073,97.65098040770147,,,,,60,100,-40,,,,,,,,,,,,144.92918238431886,90.59294144918631,144.92918238431886,-0.23776842285758124
2006-08-21,25.66499,26.25011,25.5,25.85001,23.666516020448263,24.51085483952461,25.144396994156512,26.468415935427124,0.4040962749752055,-0.2342827408929118,-0.6383790158681173,0,,,31.39111220904947,17.27643813683773,,,,,,,58.985446716153795,,,99.99999999999999,99.99999999999999,99.99999999999999,,,,60,100,-40,,,,,,,,,,,,136.76024013262452,78.66695209478877,136.76024013262452,-0.20944360888985267
2006-08-28,25.84,26,25.63,25.84,23.71532130470196,24.77668387161969,25.171675543405275,26.462163040547253,0.4305224828111671,-0.10022591235415845,-0.5307483951653256,0,,,38.51085436062799,29.337165320354767,,,,,,,58.901800129070914,,,99.94554529507434,99.97277264753716,,,,,60,100,-40,,,,,,,,,,,,79.16746919942007,18.909324441190805,79.16746919942007,-0.19556832379145572
2006-09-05,25.67,25.96001,25.39,25.60001,23.814941925794674,24.941349097295753,25.188472973075655,26.453584403327877,0.41404034863656725,-0.013197959369616541,-0.4272383080061838,0,,,41.00874711768078,36.97023789578608,,,,,,,56.809400038448075,,,98.50996561422588,99.23456229276582,,,,,60,100,-40,,,,,,,,,,,,82.95520207225277,23.653083633701613,82.95520207225277,-0.2070865663687747
2006-09-11,25.42999,26.94,25.42,26.85001,24.878873931095058,25.323081277836604,25.253631287857,26.457528936628098,0.46567211687672244,0.15485183808971925,-0.3108202787870032,0,,,47.421770508142394,42.31379066215039,,,,,,,64.0211742476797,,,98.1408604368402,98.49635193799446,,,,,60,100,-40,,,,,,,,,,,,19.6906198772977,-27.92020429969874,19.6906198772977,-0.07585924747487902
2006-09-18,26.74001,27.25,26.48,26.66,24.80252650744541,25.59046502226928,25.308783002058686,26.459543574074583,0.4643303019320522,0.26959259862806206,-0.19473770330399015,0,,,52.832541239162985,47.08768628832872,,,,,,,62.30790897412473,,,96.71874005972808,97.252054497707,,96.71874005972808,,,60,100,-40,,,,,,,,,,,,56.1105071723345,2.610741936610168,56.1105071723345,-0.06611636003177167
2006-09-25,26.81,27.52,26.78999,27.35001,25.338775328342166,25.942374017815425,25.38883111962501,26.468403936521604,0.48495852930298117,0.4114604583247363,-0.07349807097824486,0,,,57.43035616024036,52.56155596918191,,,,,,,65.89812265732841,,,97.87404884535567,97.42972306203662,,,,,60,100,-40,,,,,,,,,,,,21.36314223191004,-36.045756597319,21.36314223191004,0.009108534147428581
2006-10-02,27.32001,28.11,27.14999,27.87,25.879567804889152,26.32789921425234,25.486131860031872,26.482350166008953,0.5063201900139791,0.559402166539229,0.053081976525249944,0,,,61.5399993273964,57.267632242266586,,,,,,,68.35864258215426,,,97.96288312752048,97.60739162636622,,,,,60,100,-40,,,,,,,,,,,,-20.702883628437228,-77.67380085235189,-20.702883628437228,0.09789873911078896
2006-10-09,27.8,28.69,27.42,28.37,26.38459724739707,26.736319371401873,25.599224728265916,26.5011327514218,0.524592017749824,0.7088219987125299,0.18422998096270593,0,,,64.77457187071627,61.248309119451015,,,,,,,70.57055434746306,,,99.43945820955824,98.87891641911649,,,,,60,100,-40,,,,,,,,,,,,-139.6659956959941,-184.4603825155606,-139.6659956959941,0.07997621677550294
2006-10-16,28.48,28.7001,28.12,28.42999,26.40497315829728,27.0750534971215,25.710235131079017,26.52032536086039,0.5106932970552599,0.8225966022817808,0.3119033052265209,0,,,66.3038797022286,64.20615030011375,,,,,,,70.83554921248901,,,99.71972910477913,99.43945820955825,99.71972910477913,,,,60,100,-40,,,,,,,,,,,,-161.54490556944972,-196.37667660364048,-161.54490556944972,0.12314543589743639
2006-10-23,28.33,28.78999,28.03999,28.34,26.466745789847476,27.328042797697197,25.81336316515435,26.538431576175213,0.466623947210972,0.8951832392402359,0.4285592920292639,0,,,65.35045169280954,65.4763010885848,,,65.4763010885848,,65.4763010885848,,69.81396267199521,,,99.07713808396636,99.53856904198318,,,,,60,100,-40,,,,,,65.4763010885848,,105,,,,-192.17310455682247,-226.1263717666149,-192.17310455682247,0.17883260153485458
2006-10-30,28.355,28.99001,28.32001,28.73,26.799844662001227,27.60843423815776,25.927741080246335,26.560238227158546,0.4355227297496632,0.9729627042163429,0.5374399744666797,0,,,64.7696290136422,65.47465346956011,,,,,,,71.72825795012903,,,98.84642260495795,99.07713808396636,,,,,60,100,-40,,,,,,,,,,,,-151.77799463740018,-197.73975871813946,-151.77799463740018,0.1458219178421608
2006-11-06,28.765,29.39999,28.66,29.24001,27.352008614715427,27.934749390526207,26.057633979060203,26.586902622908212,0.4208461770796498,1.0634976958162419,0.6426515187365921,0,,,65.15965831405589,65.09324634016922,,,,,,,74.05885974189167,,,98.61570712594954,98.61570712594953,,98.61570712594954,,,60,100,-40,,,,,,65.09324634016922,,,,,,-149.6365410669638,-211.78707531484136,-149.6365410669638,0.2028982096452898
2006-11-13,29.2,29.64,29.07001,29.39999,27.541132999378608,28.227797512420967,26.188706764195096,26.614893542083255,0.3939363648129075,1.1350719747527265,0.741135609939819,0,,,65.24989166472919,65.05972633080908,,,,,,,74.7657547788818,,,99.53856904198318,99.07713808396636,,,,,60,100,-40,,,,,,,,,,,,-173.33898814569764,-227.8257888939611,-173.33898814569764,0.19264824989947937
2006-11-20,29.52,30.00011,29.5,29.75999,27.952481356565848,28.534236009936773,26.328757087167837,26.64618803420183,0.3726365877102087,1.2069313445775798,0.8342947568673711,0,,,65.78128393761492,65.3969446388,,,65.3969446388,,65.3969446388,,76.33764682864789,76.33764682864789,,99.76928452099159,99.53856904198318,99.76928452099159,,,,60,100,-40,,,,,,,,,,106,,-149.0955357555708,-206.40291818596822,-149.0955357555708,0.22605332555891747
2006-11-27,29.67999,29.78,28.8999,29.12,27.995857688239717,28.65138880794942,26.43821759355341,26.670803078637633,0.29130330167477414,1.1984238839608388,0.9071205822860646,0,,,61.46062944619382,64.16393501617931,,,,,,,68.16056449890517,,,91.76028973650065,95.88014486825033,,,,,60,100,-40,,,,,,64.16393501617931,,105,,,,-131.98725652728524,-187.96602397033766,-131.98725652728524,0.25857541022325137
2006-12-04,29.22501,29.52,28.8,29.39999,27.996138567651165,28.801109046359535,26.55436553106112,26.697959167407408,0.23465283574335916,1.2004366269652635,0.9657837912219044,0,,,57.01722145695222,61.419711613586976,,,,,,,69.698894514871,,,83.14057355559007,88.48039542898277,,,,,60,100,-40,,,,,,,,,,,,-141.62593715868795,-196.51765597573078,-141.62593715868795,0.24595648056373084
2006-12-11,29.185,30.23,29.11,30.19,28.44928081281894,29.078887237087628,26.69693943180382,26.732705842358577,0.22845625792427438,1.2513541136272472,1.0228978557029729,0,,,57.477671901598036,58.65184093491468,,,,,,,73.59806392233567,73.59806392233567,,76.283224889315,79.50190901639458,,,,,60,100,-40,,,,,,,,,,,,-178.60303949347198,-245.33262761650695,-178.60303949347198,0.30118974644892765
2006-12-18,30.19,30.25999,29.53,29.64,28.413617897617588,29.1911097896701,26.81235357173308,26.761634142434612,0.16817102885232416,1.233111641768378,1.064940612916054,0,,,56.203183382625625,56.89935891372529,,,,,,,67.08710590107938,,,69.49207618644982,72.4623612043331,,,,,60,100,-40,,,,,,,,,,,,-147.0388504946589,-204.36305895896024,-147.0388504946589,0.2601282441287657
2006-12-26,29.53,30.14999,29.39999,29.86,28.43621804778776,29.32488783173608,26.931869117939627,26.792463653455165,0.1259006377182943,1.2223164100639217,1.0964157723456274,0,,,54.09413668351429,55.924997322579316,,,,,,,68.30225338614422,,,59.76134195911372,64.77725396225736,,,,,60,100,-40,,,,,,,,,,,,-164.84996858653912,-226.29704823914926,-164.84996858653912,0.2663612261531385
2007-01-03,29.91499,30.25,29.39999,29.64,28.454345330088636,29.387910265388864,27.038070329000817,26.820797348445662,0.06877075664989318,1.182379218157994,1.1136084615081008,0,,,51.17896912834892,53.82542973149628,,,,,,,65.67544699898511,,,37.643408549155225,49.138509555711785,,37.643408549155225,,,60,100,-40,,,,,,,,,,,,-124.87724702535016,-184.24303946839484,-124.87724702535016,0.2010858046319002
2007-01-08,29.64999,31.39,29.42999,31.21001,29.476900663653733,29.75233021231109,27.201675806294904,26.86447110617257,0.11939959187999949,1.2628579513581002,1.1434583594781007,0,,,56.630486927770946,53.967864246544714,,,,,,,73.54210352717976,73.54210352717976,,39.642831628617614,40.04485018895101,,,,,60,100,-40,,,,,,53.967864246544714,,,,,,-167.6268384752865,-230.74430501959574,-167.6268384752865,0.25553021946833154
2007-01-16,31.25999,31.45,30.69,31.11,29.320692759107036,30.02386416984887,27.35494342173432,26.906715174767868,0.12806654489909208,1.303541540601966,1.1754749957028738,0,,,61.52120080614384,56.443552287421234,,,,,,,72.39709283981495,,,45.07414346822125,38.88435188683136,,,,,60,100,-40,,,,,,,,,,,,-129.87650420705256,-194.24534047057833,-129.87650420705256,0.2522392267177859
2007-01-22,31.065,31.48,30.45,30.60001,29.347072562027964,30.139093335879096,27.482200934607484,26.943464377008983,0.08352241171336106,1.279878010344575,1.196355598631214,0,,,60.97118587782005,59.707624537244946,,,59.707624537244946,,59.707624537244946,,66.66331650349673,,,52.19951682639879,48.72594544267324,52.19951682639879,,,,60,100,-40,,,,,,,,,,106,,-121.71713980577027,-188.01891493047322,-121.71713980577027,0.2081186640525515
2007-01-29,30.675,31.10001,30.13,30.19,29.33299666474025,30.149274668703278,27.588389133250327,26.97576821405367,0.014151803189125456,1.214045352617621,1.1998935494284955,0,,,55.67468305118371,59.3890232450492,,,,,,,62.361692848838764,,,36.589213436638175,45.02886253325297,,,,,60,100,-40,,,,,,59.3890232450492,,105,,,,-165.95038711381207,-242.01547585220536,-165.95038711381207,0.10756930658532717
2007-02-05,29.98,30.02,28.92999,28.98,29.328496188687375,29.915419734962622,27.64296210841698,26.995710818888956,-0.11822878487977029,1.0521075683287826,1.170336353208553,0,,,37.31047552426429,51.318781484422686,,,,,,,51.696684207356675,,,16.909877532033438,29.410601903553665,,,,,60,100,-40,,,,,,,,,,,,-189.41395309311898,-261.64902569725893,-189.41395309311898,0.07363453169120315
2007-02-12,28.89,29.69,28.6499,28.74001,29.282888603781135,29.6803377879701,27.685983594361414,27.01306702964628,-0.22098995885024664,0.8940989046457446,1.1150888634959912,0,,,20.70395096940689,37.89636984828497,,,,,,,49.864355411328575,,,5.426452916756108,10.852905833512212,,,,,60,100,-40,,,,,,,,,,,,-220.42959798527914,-284.98556647957554,-220.42959798527914,0.0008533631913063068
2007-02-20,28.64,29.53999,28.47,28.89999,29.271954417796767,29.52426823037608,27.73359168870018,27.031842382585122,-0.2737705155278747,0.7728757190861479,1.0466462346140226,0,,,8.024028809577162,22.012818434416122,,,,,,,51.115609686148794,,,1.84774732673347,2.026161953495038,,,,,60,100,-40,,,,,,,,,,,,-265.8060347152284,-332.2609180287436,-265.8060347152284,-0.03288250530613463
2007-02-26,28.96001,29.12,27.73,27.75999,29.257531245097,29.171412584300864,27.73462691659429,27.03908763250965,-0.37479505380175004,0.5781524173618351,0.9529474711635851,0,,,-7.766329283488128,6.987216831831984,,,,,,,42.85835413826362,,,1.391110583309919,1.112888466647936,,,,,60,100,-40,,,,,,,,,,,,-172.93221022155046,-244.5771147507902,-172.93221022155046,-0.12613919160208015
2007-03-05,27.49001,27.94,26.60001,27.28,29.198422584732928,28.793130067440693,27.71679841006118,27.041484770494627,-0.45778758183030743,0.3807129938757008,0.8385005757060082,0,,,-23.96315442589757,-7.901818299936179,,,,,,,39.917112265813074,,,1.6693326999719023,1.6693326999719023,,,,,60,100,-40,,,,,,,,,,,,-124.21726290854131,-179.19945752337384,-124.21726290854131,-0.12612799558612442
2007-03-12,27.17999,27.48,26.71001,27.33,29.150680257252002,28.500504053952554,27.701629844960742,27.044355568798164,-0.4902612755706608,0.22567398124268223,0.715935256813343,0,,,-33.83752695246128,-21.85567022061566,,,,,,,40.378850161732736,,,0.8712134498600848,1.2702730749159936,,0.8712134498600848,,,60,100,-40,,,,,,,,,,,,-78.90503328880652,-112.07228342821494,-78.90503328880652,-0.08404123298431367
2007-03-19,27.34,28.55,27.2,28.02,29.18777666744829,28.404403243162044,27.714114949079928,27.054063473586243,-0.4474077085455328,0.15667562113142708,0.6040833296769599,0,,,-34.287810572317916,-30.69616398355892,,,,,,,46.52288772369074,,,5.120262254469106,3.0955027584285726,,,,,60,100,-40,,,,,,,,,,,,-121.83139087265988,-150.78641371399408,-121.83139087265988,-0.08508564443585945
2007-03-26,27.94,28.22,27.39999,27.87,29.139364762630553,28.297522594529635,27.720228088331694,27.062182244993345,-0.41217403353755855,0.08886578775501164,0.5010398212925702,0,,,-34.90183620797487,-34.34239124425135,,,,,,,45.420561131139856,,,9.708721293512891,6.7586545405848995,,,,,60,100,-40,,,,,,,,,,,,-108.77113798672173,-130.64342940235875,-108.77113798672173,-0.11179784489994755
2007-04-02,27.89,28.78,27.56,28.55,29.070113708156942,28.34801807562371,27.75276816329908,27.07698640175958,-0.329655277723573,0.08897072413810392,0.4186260018616769,0,,,-29.902976401479936,-33.03087439392424,,,,,,,51.10969469339566,,,18.869395979636515,14.385650439055889,,,,,60,100,-40,,,,,,-33.03087439392424,,,,,,-138.99456744368138,-161.4355331473845,-138.99456744368138,-0.10241131282815398
2007-04-09,28.575,28.72,27.99001,28.61,28.531544157574302,28.40041446049897,27.786385098071666,27.092240268408737,-0.26064051936678123,0.09282535265320035,0.3534658720199816,0,,,-23.62736809824496,-29.477393569233254,,,,,,,51.5920182611552,,,24.882869962801287,21.44441737306515,,,,,60,100,-40,,,,,,,,,,,,-179.177373363012,-206.62907257513274,-179.177373363012,-0.08031657777277976
2007-04-16,28.60001,29.10001,28.21001,29.02,28.16499743203328,28.524331568399173,27.834762153049248,27.111421957280292,-0.18077743787282552,0.1274940746789497,0.3082715125517752,0,,,-13.338394071122691,-22.28957952361586,,,,,,,54.88671113084191,,,34.037208528770115,29.9372202825737,,,,,60,100,-40,,,,,,,,,,,,-203.87239638791894,-230.8783321069268,-203.87239638791894,-0.022437800215165945
2007-04-23,28.96001,30.74001,28.59,30.12,28.11249761545948,28.843465254719337,27.924379323517904,27.141358057207853,-0.05385517592021821,0.24095254265150245,0.29480771857172067,0,,,6.279844152183118,-10.228639339061507,,,,,,,62.337153144047825,,,47.17655894142525,40.202909302588616,,,,,60,100,-40,,,,,,,,,,,,-224.98650613557,-240.71863536021286,-224.98650613557,-0.035255990770464
2007-04-30,30.13,31,29.89999,30.56,28.38874635721237,29.18677220377547,28.027736997105436,27.175374394947077,0.0539124826754383,0.36219832191601853,0.30828583924058023,0,,,23.503867083796585,5.48177238828567,,,,,,,64.85247949256922,,,65.94289619625106,56.043299436932635,,,,,60,100,-40,,,,,,,,,,,,-246.80714138364817,-272.4061562038105,-246.80714138364817,-0.08943024166028697
2007-05-07,30.52,30.98,30.48,30.89,28.716691617411488,29.527417763020374,28.139982605062084,27.212335843753575,0.13688222775876296,0.4793886239390339,0.34250639618027096,0,,,35.27556270152175,21.686424645833814,,,,,,,66.66152817517244,66.66152817517244,,84.22957410300022,74.61296243545796,,,,,60,100,-40,,,,,,,,,,,,-227.38766113207578,-249.2414005303904,-227.38766113207578,-0.031067841681596594
2007-05-14,30.84,31.14,30.58,30.83,28.80049935902495,29.7879342104163,28.245473483294944,27.248332502024684,0.17475883875532505,0.5609549446244273,0.38619610586910225,0,,,42.12115630965429,33.633528698324206,,,,,,,65.99249214427019,,,94.42507033676343,89.63470484990971,,,,,60,100,-40,,,,,,,,,,,,-192.4080863807893,-218.47023679759212,-192.4080863807893,-0.04103085930283102
2007-05-21,30.73,31.16,29.96001,30.48,28.869749404808882,29.92634736833304,28.33310197414612,27.280488397526927,0.1634809591181875,0.5905473047668366,0.4270663456486491,0,,,43.22731445534,40.208011155505346,,,,,,,62.05661763472432,,,94.68747092187844,95.60914085947913,94.68747092187844,,,,60,100,-40,,,,,,,,,,,,-148.3338888570094,-176.93019374348444,-148.3338888570094,-0.033526345099566535
2007-05-29,30.49001,31.16,30.39,30.59,28.84262587589396,30.059077894666434,28.42160777908157,27.313418861233128,0.15096872130046546,0.6157772472742309,0.46480852597376543,0,,,44.68168930566778,43.34338669022069,,,,,43.34338669022069,,62.81177746781159,,,91.65115282318834,94.0708856135679,,,,,60,100,-40,,,,,,,,,,,,-233.18227270118953,-268.39743124466906,-233.18227270118953,-0.10378837913416707
2007-06-04,30.42,30.75999,29.41,30.05,28.87886688475868,30.057262315733148,28.485466297548957,27.340648524305436,0.0965131541353828,0.5854499686429939,0.4889368145076111,0,,,38.27513541006282,42.0613797236902,,,,,,,56.79985654840613,,,82.63268739833529,87.06564895343928,,,,,60,100,-40,,,,,,42.0613797236902,,,,,,-168.967314028246,-192.32517101836555,-168.967314028246,-0.11071026677480227
2007-06-11,29.94,30.88,29.77,30.49001,28.829663535847345,30.14381185258652,28.56407585450782,27.37198545441185,0.08094494724411971,0.5901179985627607,0.509173051318641,0,,,36.940568792054115,39.965797835928235,,,,,,,60.16545950703966,,,78.42735857057679,81.07146575429842,,,,,60,100,-40,,,,,,,,,,,,-220.06416602311037,-238.2660490150264,-220.06416602311037,-0.049245088813208916
2007-06-18,30.69,30.72,29.45,29.49001,28.818258997572535,30.013051482069216,28.6003869974683,27.393060325512227,-0.0015158684527168953,0.5072782157527449,0.5087940842054618,0,,,27.76594386611061,34.32721602274251,,,,,,,50.482313116350575,,,62.469880969547695,69.73068479229546,,,,,60,100,-40,,,,,,,,,,,,-188.23431765527215,-205.85404010320346,-188.23431765527215,-0.048664416689362694
2007-06-25,29.47,29.97,29.03999,29.47,28.784811926317353,29.904441185655372,28.634489468155817,27.413726391925042,-0.05903681586933063,0.4349980643687985,0.49403488023812914,0,,,14.301345855466197,26.335952837876974,,,,,,,50.306801784092045,,,49.58563816921953,57.54090121802353,,,,,60,100,-40,,,,,,,,,,,,-214.9189871724954,-226.60785099353006,-214.9189871724954,0.005898636769294324
2007-07-02,29.67,30.22,29.49001,29.97,28.8023239315804,29.917552948524296,28.68686243018892,27.439161950214345,-0.06459021369389328,0.41329711312076256,0.47788732681465584,0,,,10.97665989959544,17.681316540390743,,,,,,,54.581304478812264,,,32.771965913101,40.59584602335436,,,,,60,100,-40,,,,,,,,,,,,-253.11553495931446,-265.406423540161,-253.11553495931446,0.06752163635505527
2007-07-09,29.86,30.11,29.17999,29.82001,28.844300793610373,29.898044358819437,28.731299589789355,27.462851980560472,-0.07861386906495771,0.37961999048345874,0.45823385954841644,0,,,4.080958307372884,9.786321354144837,,,,,,,53.0970331152131,,,26.0325145901837,29.66087252590764,,26.0325145901837,,,60,100,-40,,,,,,,,,,,,-297.09452860307545,-313.514346532859,-297.09452860307545,0.093289648077832
2007-07-16,29.75999,31.84,29.72,31.16,29.127563594066775,30.15043548705555,28.82654274313095,27.499639523042458,-0.001945154937870175,0.4558024158760787,0.4577475708139489,0,,,21.57113230946845,12.209583505478925,,,,,,,62.86945272512102,62.86945272512102,,34.676788831959286,29.17645503030649,34.676788831959286,,,,60,100,-40,,,,,,12.209583505478925,,,,,,-151.2591597661526,-184.6935562541574,-151.2591597661526,0.18646428010106864
2007-07-23,31.36,31.52,29.36,29.39011,28.96988048020486,29.99837038964444,28.848643419870914,27.518450174554474,-0.07091216424781133,0.36910736550418477,0.4400195297519961,0,,,18.144705935605877,14.59893218414907,,,,,,,48.430708116985386,,,31.358338490386735,31.324489067211328,,,,,60,100,-40,,,,,,,,,,,,25.333414736784263,-30.203818753401492,25.333414736784263,0.1278299899749135
2007-07-30,29.405,29.78999,28.82001,28.9601,28.81774616019023,29.790716311715553,28.853014266150485,27.532794948937017,-0.1418758244222656,0.2626747492241641,0.4045505736464297,0,,,-1.5272554222962782,12.729527607592685,,,,,,,45.67003200759186,,,29.069111037956304,32.426883155771705,,,,,60,100,-40,,,,,,12.729527607592685,,,,,,225.27279387555075,144.378693747217,225.27279387555075,0.05167502922994514
2007-08-06,29.05,30.10001,28.25999,28.71001,28.846481434462355,29.57457504937244,28.84740625571321,27.54450853153466,-0.19856547657234763,0.15634372793099516,0.3549092045033428,0,,,-16.076031825253622,0.18047289601865893,,,,,,,44.08666439727945,,,9.517254472283836,19.034508944567676,,,,,60,100,-40,,,,,,,,,,,,297.95046771635975,209.03711306590475,297.95046771635975,0.01193401455290069
2007-08-13,28.94,28.99001,27.50999,28.25,28.748872760572187,29.309660039497953,28.82397855941073,27.551528347141282,-0.25628072488715603,0.034558298394397724,0.29083902328155375,0,,,-32.863025926982324,-16.82210439151074,,,,,,,41.237755800780775,,,4.285223153356812,8.57044630671363,,4.285223153356812,,,60,100,-40,,,,,,,,,,,,281.9594735861125,185.5758197811948,281.9594735861125,0.005382718063716986
2007-08-20,28.17999,28.84,27.87,28.81,28.7096647062456,29.209728031598363,28.823430380610308,27.564050453139878,-0.2459344974393937,-0.01657909851768835,0.22935539892170534,0,,,-39.472097296151034,-29.47038501612899,,,,,,,45.85235227298037,,,4.802540948126523,2.4012704740632587,,,,,60,100,-40,,,,,,,,,,,,247.05775111591024,169.10748891188666,247.05775111591024,0.023041082698131765
2007-08-27,28.61,28.92999,27.82001,28.73,28.74611722722806,29.11378242527869,28.819766444115785,27.575651941168335,-0.2337537922689001,-0.06283684141441981,0.1709169508544803,0,,,-43.04079291213356,-38.45863871175564,,,,,,,45.30177955835058,,,10.223760745589818,6.912833228342354,,,,,60,100,-40,,,,,,,,,,,,203.0472509130175,133.81521820063455,203.0472509130175,0.02149543393419237
2007-09-04,28.5,29.10001,28.32001,28.44,28.759968853854627,28.97902594022295,28.804873642385754,27.584252419365665,-0.23393074191983254,-0.12149647654531037,0.11243426537452217,0,,,-43.05992339867125,-41.85760453565195,,,,,,-41.85760453565195,43.26179124734068,,,14.540825734898842,12.455037788706187,,,,,60,100,-40,,,,,,,,,,,,214.3113871106507,141.30336034597372,214.3113871106507,-0.0329474642626338
2007-09-10,28.67,29.25999,28.41,29.03999,28.819971078579297,28.99121875217836,28.81409389170396,27.598737370416753,-0.18451369611094134,-0.11820785476415452,0.06630584134678683,0,,,-38.12057465576607,-41.407096988856956,,,,,,,48.46338496162937,,,18.712968032407503,16.896809502185945,,,,,60,100,-40,,,,,,-41.407096988856956,,,,,,218.98204399962333,150.15729482852393,218.98204399962333,-0.04188409915383787
2007-09-17,28.78999,28.965,28.27,28.6499,28.865688858680777,28.922955001742686,28.807654915558704,27.60919670006435,-0.1693666664981557,-0.1454024917759078,0.023964174722247898,0,,,-38.74831095713794,-39.97626967052509,,,,,,,45.52382411168779,,,19.99587406763454,19.28687209474741,,,,,60,100,-40,,,,,,,,,,,,124.62167236332817,53.765059405155995,124.62167236332817,-0.049746925225658455
2007-09-24,28.81,29.85001,28.8,29.46001,28.91956965448929,29.03036600139415,28.833237467889735,27.627612752800026,-0.09951347043186677,-0.10042766331758557,-0.0009141928857187981,0,,,-24.118332271556003,-33.66240596148668,,,,,,,52.06509140467358,,,29.61963385087359,25.118317576224474,,,,,60,100,-40,,,,,,,,,,,,81.96318647908666,14.898684967854905,81.96318647908666,-0.06522145627141979
2007-10-01,29.46001,29.99001,29.28999,29.84,28.908156107740055,29.192292801115318,28.872718351501902,27.649626556254752,-0.026255771264445837,-0.033733906966276095,-0.0074781357018302574,0,,,-7.8398079989693095,-23.568817075887754,,,,,,,54.821702047275124,,,38.259936544987376,32.83642481400478,,,,,60,100,-40,,,,,,,,,,,,-36.575574698929074,-107.81016684448232,-36.575574698929074,-0.03985928061269936
2007-10-08,29.66,30.63,29.60001,30.17,27.97899924290148,29.387834240892253,28.923592141639084,27.674704898978586,0.042165112047075,0.0452282543570135,0.0030631423099384946,0,,,8.815940977471236,-7.714066431018028,,,,,,,57.14055873367136,,,53.84633945070192,46.37426932572413,,,,,60,100,-40,,,,,,,,,,,,-40.834561117305554,-111.84468196366737,-40.834561117305554,-0.030081980838737657
2007-10-15,30.10001,31.23,30,30.17,27.98835786840852,29.544267392713802,28.972470881182648,27.69953370595392,0.08281170524216644,0.10657777386264655,0.023766068620480106,0,,,22.836002008535893,7.937378329012604,,,,,,,57.140558733671355,,,63.46830810239115,57.984618514108,,,,,60,100,-40,,,,,,,,,,,,56.58990454038637,-9.691103424818763,56.58990454038637,-0.05113507818021029
2007-10-22,30.12,36.03,30.12,35.03,32.8284751635222,30.641413914171043,29.2100210427049,27.772473669078757,0.413884251415611,0.5411213828899939,0.12723713147438287,0,,,49.11814577204994,26.923362919352353,,,,,,,77.28864080231475,,,76.12274025761434,70.62897194539568,,,,,60,100,-40,,,,,,,,,,,,37.209921896679816,-19.74726643848811,37.209921896679816,0.026717255779443044
2007-10-29,34.85001,37.5,34.35001,37.06,34.17144122327061,31.925131131336833,29.517863354755686,27.864886866401356,0.7280874739551888,1.0373464739183689,0.30925899996318007,0,,,67.59290262316692,46.515683467917576,,,,,,,81.27238582958455,81.27238582958455,,85.6335872333622,80.45892018180793,85.6335872333622,,,,60,100,-40,,,,,,,,,,,,166.80811791546532,90.20678200487332,166.80811791546532,0.08552680290159766
2007-11-05,36.75999,37.10001,33.64999,33.73,33.92776827875128,32.286104905069465,29.683045183980955,27.92324620106403,0.6715241424396627,1.1486641780127584,0.47714003557309576,0,,,70.4588065274122,62.38995164087635,,,,,,,61.958840882933146,,,85.4246716703779,85.81852654887632,,,,,60,100,-40,,,,,,,,,,,,319.2066419308352,228.35100345853263,319.2066419308352,0.04841905507494089
2007-11-12,33.32001,34.75,33.02,34.09,33.658639115983334,32.64688392405557,29.8558669414719,27.984606935381798,0.6194933012198911,1.2515066620979596,0.6320133608780685,0,,,67.13344460333397,68.39505125130437,,,68.39505125130437,,68.39505125130437,,62.98892123343774,,,76.580555200616,82.25004536950699,,,,,60,100,-40,,,,,,68.39505125130437,,105,,,,403.89634339795606,296.8326391933449,403.89634339795606,0.065263593693231
2007-11-19,33.96001,34.97,33.71001,34.11,33.65445060769881,32.939507139244455,30.022695688865156,28.04555612010437,0.5499209235401004,1.319414515303194,0.7694935917630936,0,,,64.60830598078768,67.40018570384461,,,,,,,63.049139952571174,,,63.37661290428966,70.67377690804595,,,,,60,100,-40,,,,,,,,,,,,432.2788264165095,328.31761388546397,432.2788264165095,0.039814159171938694
2007-11-26,34.09,34.37,32.67999,33.60001,33.717705564291755,33.071607711395565,30.162982524595932,28.100824317914274,0.4379248449750497,1.3168996479819057,0.878974803006856,0,,,58.10573933848314,63.28249664086826,,,,,,,60.337208220822085,,,57.06193712951422,60.278597047821705,,,,,60,100,-40,,,,,,,,,,,,384.5917670680533,288.62350226992504,384.5917670680533,0.03046052533284712
2007-12-03,33.5,34.7,32.63,34.53,33.71501088112805,33.36328616911645,30.33423811186668,28.16479621524846,0.3961074723212782,1.3741091434084538,0.9780016710871756,0,,,54.66041360039485,59.12481963988855,,,,,,,63.44350442922712,,,53.93859695488352,54.45048000537679,,53.93859695488352,,,60,100,-40,,,,,,,,,,,,342.84780941931626,235.23741094812044,342.84780941931626,0.04561917825326047
2007-12-10,34.64,35.84,33.92999,35.31,33.65822438961891,33.75262893529316,30.52936602904838,28.235892770320618,0.3899940682699412,1.465494256424602,1.0755001881546609,0,,,56.97596582011947,56.58070625299914,,,,,,,65.87206023933476,,,54.53239981382272,54.0841976858106,,,,,60,100,-40,,,,,,56.58070625299914,,,,,,398.69366225216794,296.1033362302804,398.69366225216794,0.11275934476467854
2007-12-17,35.03,36.0625,34.21001,36.06,33.62834979036042,34.21410314823453,30.746253635752364,28.31374458355126,0.40377628949626887,1.5802205500249968,1.176444260528728,0,,,59.10097102461319,56.912450148375825,,,,,,,68.08089393617058,,,58.649567448421564,56.426612685767054,,,,,60,100,-40,,,,,,,,,,,,348.0220872972282,245.90272964295673,348.0220872972282,0.1942051404278675
2007-12-24,36.13,36.72,35.67,36.12,33.6088262339061,34.595282518587624,30.956988787291486,28.391418766799504,0.3843517405201151,1.6568839361788719,1.2725321956587567,0,,,62.319508950681175,59.4654819318046,,,59.4654819318046,,59.4654819318046,,68.25893759058675,68.25893759058675,,60.446627678245676,59.186594877350565,60.446627678245676,,,,60,100,-40,,,,,,,,,,106,,374.74534415227765,253.01132425332824,374.74534415227765,0.22148369305796514
2007-12-31,35.89999,35.99001,34.09,34.38,33.70533864576995,34.5522260148701,31.09122452112319,28.45100663976667,0.22938428802316224,1.5592625556877096,1.3298782676645473,0,,,55.503722138309904,58.97473403786808,,,,,,,58.08079688413181,,,52.042040004483326,56.66581567479588,,,,,60,100,-40,,,,,,58.97473403786808,,105,,,,612.0643724882271,483.372901661814,612.0643724882271,0.20052956606297842
2008-01-07,34.55,34.8,33.35001,33.91,33.65495731392924,34.42378081189608,31.201764735981104,28.50532498165954,0.07811043928958838,1.4275163167765328,1.3494058774869444,0,,,43.42568738940696,53.74963949279934,,,,,,,55.65248640451412,,,35.11839788824749,44.840430147451634,,,,,60,100,-40,,,,,,,,,,,,692.5981229449131,556.396010450575,692.5981229449131,0.15148479163538786
2008-01-14,34.46001,34.57001,32.50999,33.00999,33.69103322007715,34.14102264951686,31.272675530648513,28.550147519155466,-0.0905385681527775,1.2362326672959725,1.32677123544875,0,,,28.50445925865594,42.47795626212426,,,,,,,51.210829189577524,,,15.980577723613196,26.193946352610126,,,,,60,100,-40,,,,,,,,,,,,935.7621005912926,783.4149176413796,935.7621005912926,0.09330786770193013
2008-01-22,31.53999,35,31.03999,32.94,32.69738513292878,33.90081811961349,31.338060803956413,28.593827643342973,-0.2080608357788356,1.0666951907252056,1.2747560265040412,0,,,14.426183840532602,28.785443496198496,,,,,,,50.86880034983576,,,5.193929120609933,10.387858241219869,,,,,60,100,-40,,,,,,,,,,,,818.3508095746938,682.794023524765,818.3508095746938,0.10303480392637784
2008-01-28,33.02,33.25,30.25,30.4498,32.37614190914815,33.21061449569079,31.303227046938513,28.612295029976377,-0.441355077329312,0.7230621798424011,1.164417257171713,0,,,-5.370692158776897,12.519983646803874,,,,,,,40.454538139990305,,,0.9612015157693731,1.9224030315387486,,,,,60,100,-40,,,,,,,,,,,,708.650662379295,582.286019247535,708.650662379295,0.011588311654583665
2008-02-04,30.49001,30.72,27.89999,28.56,32.21498891563757,32.280491596552636,31.19564951568602,28.611774681419398,-0.6956612167629143,0.2948407362180703,0.9905019529809845,0,,,-25.843969938746266,-5.596159418996861,,,,,,,34.626420225016915,,,-4.835638062811793e-15,-7.302800339756586e-15,,,,,60,100,-40,,,,,,,,,,,,644.3505419466959,538.2340157479831,644.3505419466959,-0.03971407895329004
2008-02-11,28.52,29.05,27.91,28.42,32.091059707377745,31.50839327724211,31.086800515070884,28.60986647563413,-0.836552357892526,-0.05518849438467299,0.781363863507853,0,,,-38.657969311825276,-23.29087713644949,,,,,,,34.23064332623903,,,-4.835638062811793e-15,-7.302800339756586e-15,,,,,60,100,-40,,,,,,,,,,,,619.9231706836604,511.282376521077,619.9231706836604,-0.05564657026839934
2008-02-19,28.8,28.96001,27.2,27.67999,32.21598401399362,30.74271262179369,30.95320010271516,28.600613973389017,-0.9353559932957072,-0.387831128111781,0.5475248651839262,0,,,-46.79913493684621,-37.100358062472594,,,,,,,32.12785191578982,,,-4.835638062811793e-15,-7.302800339756586e-15,,,,,60,100,-40,,,,,,,,,,,,639.0280487411767,529.2310353354267,639.0280487411767,-0.08935021904741784
2008-02-25,27.64999,28.86,27.02,27.19991,32.24341229870836,30.03415209743495,30.80601225554986,28.586676620419972,-0.9838805547790335,-0.6823258282898657,0.3015547264891678,0,,,-51.36427228118209,-45.607125509951196,,,,,,,30.798180524305792,,,-4.835638062811793e-15,-7.302800339756586e-15,,,,,60,100,-40,,,,,,,,,,,,655.5684035155082,549.3708470926218,655.5684035155082,-0.1355458838119074
2008-03-03,27.24001,28.41,26.87,27.87,32.25745427737205,29.60132167794796,30.6908745200381,28.579545509769027,-0.9227038039048544,-0.8518250283919002,0.07087877551295418,0,,,-52.96224451277292,-50.37521724360041,,,,,,,34.87385629825748,,,2.6349609866501096,1.3174804933250537,,,,,60,100,-40,,,,,,,,,,,,814.5559665126884,694.9397839848723,814.5559665126884,-0.09225017196126804
2008-03-10,27.83,29.49001,27.64,27.96001,32.3133504004169,29.27305934235837,30.583781793762096,28.573380977333514,-0.8308917038976533,-0.9677358543591126,-0.1368441504614592,0,,,-50.62065687951423,-51.64905789115642,,,,,,-51.64905789115642,35.42727137241485,,,6.277770459121198,4.12699559955439,,,,,60,100,-40,,,,,,-51.64905789115642,,,,,,814.6366998740177,697.6780050785319,814.6366998740177,-0.17867680600320987
2008-03-17,27.3,29.59,27.28,29.17999,30.580966800387127,29.254445473886694,30.52873113518319,28.57941688800681,-0.6506850867045536,-0.9502005088421512,-0.29951542213759763,0,,,-46.70390146053118,-50.095600950939456,,,,,,,42.590421233939495,,,15.044888716463536,10.617691057897561,,,,,60,100,-40,,,,,,,,,,,,805.6118453514691,693.5547314278897,805.6118453514691,-0.2220905694286138
2008-03-24,29.33,29.39999,27.83,27.91,30.052326314645185,28.985556379109354,30.426035796548554,28.57275602344953,-0.5819422527196946,-1.0269432380372159,-0.4450009853175213,0,,,-44.60392749907754,-47.309495279707654,,,,,,,37.854716729038465,,,19.40171029605503,16.676013071456893,,,,,60,100,-40,,,,,,,,,,,,707.3187825602929,613.8175075319098,707.3187825602929,-0.1951661537096888
2008-03-31,27.88,29.58,27.84,29.16,29.20358014931339,29.020445103287482,30.37638733393881,28.578599247096797,-0.4245201328344328,-0.9756511513605624,-0.5511310185261296,0,,,-39.59640853962653,-43.63474583307842,,,,,,,44.44179310495118,,,29.80469473501521,25.302220841428277,,,,,60,100,-40,,,,,,,,,,,,605.0790039129669,518.5779607079261,605.0790039129669,-0.19542290733341608
2008-04-07,29.55,29.59,28.21001,28.28,29.156905138648145,28.872356082629985,30.29417606594121,28.575628110309765,-0.35473193887946075,-0.9945459421254554,-0.6398140032459947,0,,,-36.49626628561282,-40.2322007747723,,,,,,,41.11787755380087,,,34.07560112940666,31.146444602017155,,,,,60,100,-40,,,,,,,,,,,,571.428275928791,488.8365133064849,571.428275928791,-0.21273685029216435
2008-04-14,28.24001,30.10001,27.92999,30,26.73978477160185,29.09788486610399,30.282639749629787,28.58980096493355,-0.1767949726234408,-0.8608077190252956,-0.6840127464018548,0,,,-27.977084663111558,-34.689919829450304,,,,,,,49.16801600855472,,,51.30124455287174,43.47860384778544,,,,,60,100,-40,,,,,,,,,,,,471.16858939628355,389.9571472507604,471.16858939628355,-0.18994656035471996
2008-04-21,30.19,32.10001,29.60001,29.83,26.244983002201717,29.244307892883192,30.264889171212932,28.602141253839683,-0.060612633987881415,-0.7597785388867067,-0.6991659048988252,0,,,-11.622081804798327,-25.36514425117424,,,,,,,48.458644508070925,,,63.067379721456064,55.56585058941658,,,,,60,100,-40,,,,,,,,,,,,426.41066405150474,343.6013022960767,426.41066405150474,-0.26819273043383357
2008-04-28,29.8,29.83501,28.45,29.24001,26.156055644901596,29.243448314306555,30.224697831165365,28.608488206537796,-0.01589200190561102,-0.719030907280839,-0.7031389053752279,0,,,-11.766421652979059,-17.121862706962986,,,,,,,45.965317987285516,,,77.98332031594722,71.414858685837,,,,,60,100,-40,,,,,,,,,,,,353.42690695123116,273.8556109695173,353.42690695123116,-0.27491738059676796
2008-05-05,29.92999,30.23,28.92999,29.39,26.232764527408623,29.272758651445244,30.19196458288437,28.616264443288664,0.02895350348003789,-0.6669470260251806,-0.6959005295052185,0,,,-7.6674702059614654,-10.351991221246287,,,,,,,46.72032197782238,,,82.42549774324112,79.9929215715088,,,,,60,100,-40,,,,,,,,,,,,380.0765602328255,296.790954429605,380.0765602328255,-0.3261755912898988
2008-05-12,29.39999,30.53,29.35001,29.99001,26.31613706116515,29.416208921156194,30.18404479532028,28.62993355330569,0.10017963571715305,-0.5706759848587772,-0.6708556205759303,0,,,1.1287398813793308,-6.101717325853734,,,,,,,49.7623568842465,,,88.29532178091009,86.50012485571277,88.29532178091009,,,,60,100,-40,,,,,,,,,,,,322.78991291776634,245.5562354424041,322.78991291776634,-0.3119684380954302
2008-05-19,29.87,29.89,27.95,28.05,26.410700128224782,29.142967136924955,30.10035676413125,28.62416307018822,0.021880370135422322,-0.6435051579066524,-0.6653855280420747,0,,,-9.884338972291644,-5.474356432291259,,,,,,,41.4689459589256,,,83.42999393344596,85.45214512199318,,,,,60,100,-40,,,,,,-5.474356432291259,,,,,,349.55538329635425,266.3641926346943,349.55538329635425,-0.3228809793940442
2008-05-27,28.11,28.7,28.03999,28.32001,26.37564869049444,28.978375709539964,30.03053924396924,28.62113667147988,-0.005045497524800102,-0.6716923999480748,-0.6666469024232747,0,,,-20.106778825504584,-9.620792638805632,,,,,,,42.90370237998161,,,77.8618639990693,81.80552236228618,,,,,60,100,-40,,,,,,,,,,,,300.54531360610804,222.47979397384074,300.54531360610804,-0.32266947407876984
2008-06-02,28.24001,28.36,27.2,27.49001,26.54024378403055,28.680702567631972,29.930910646166524,28.609881679723863,-0.06854858482690185,-0.752332633456902,-0.6837840486300002,0,,,-32.405020361237476,-20.7987127196779,,,,,,,39.66576795788533,,,59.93281925661485,68.79792172349521,,,,,60,100,-40,,,,,,,,,,,,295.9007111322702,227.48346779677877,295.9007111322702,-0.3208858524478855
2008-06-09,27.64999,29.57001,27.11,29.07001,26.621654942314084,28.758564054105577,29.897149836512934,28.61446007097039,0.002308177879559614,-0.6808988262805507,-0.6832070041601103,0,,,-30.56178681544948,-27.69119533406385,,,,,,,47.79138824278344,,,61.21255943887853,61.85276032583598,,,,,60,100,-40,,,,,,,,,,,,322.1005818354938,245.21374637918262,322.1005818354938,-0.28990311419456766
2008-06-16,29.02,29.19,28.10001,28.23,26.511535303577364,28.652851243284463,29.831771411551642,28.610634597627403,-0.0007799824174467007,-0.6841819821819186,-0.6834019997644719,0,,,-29.86654004249249,-30.944449073059815,,,,,,,44.351160468701735,,,56.5853770581695,56.20270736449863,,,,,60,100,-40,,,,,,-30.944449073059815,,,,,,408.0822942290404,319.720337946604,408.0822942290404,-0.2606021903743245
2008-06-23,28.3,28.67,27.46001,27.63,26.60499849617898,28.44828099462757,29.74542743462805,28.600877039442054,-0.03473484620552236,-0.7268205575213749,-0.6920857113158525,0,,,-36.64987664960547,-32.35940116918248,,,,,,,42.01108251835307,,,58.06822820283676,58.41921542735873,,,,,60,100,-40,,,,,,-32.35940116918248,,,,,,575.7036952783058,454.3166401381305,575.7036952783058,-0.2555558705396811
2008-06-30,27.73,27.98,25.60001,25.98,26.67464288930905,27.954624795702056,29.59776361366224,28.574798660940143,-0.1531857709547655,-0.8835679250093094,-0.7303821540545439,0,,,-52.16961859941945,-39.56201176383914,,,,,,,36.30444895988327,,,38.56172928851883,47.9521865767982,,,,,60,100,-40,,,,,,,,,,,,750.1212052277046,622.6227055675613,750.1212052277046,-0.2826934385056728
2008-07-07,26.11,26.39,24.87,25.25,26.56217982578698,27.413699836561644,29.427263079793136,28.541716087199443,-0.259326404476964,-1.0545401596507489,-0.7952137551737849,0,,,-64.69561050000928,-51.17170191634474,,,,,,,34.08531054741161,,,21.969444638885598,32.70685056408136,,,,,60,100,-40,,,,,,,,,,,,890.0991679135766,749.4185772825501,890.0991679135766,-0.2831211656758292
2008-07-14,25.48,27.91,24.92999,25.86,26.58988198108791,27.102959869249315,29.287370409997326,28.515032345038254,-0.26608039170189557,-1.1278142448011543,-0.8617338530992588,0,,,-65.4200493644673,-60.76175948796535,,,,,,,37.54140673807104,,,11.810734538900803,16.006194947932723,,11.810734538900803,,,60,100,-40,,,,,,,,,,,,760.0811373838354,642.2515632311774,760.0811373838354,-0.2520439846664182
2008-07-21,25.66,26.84,25.44,26.16,26.407032553867346,26.91436789539945,29.164728433134687,28.49159918737618,-0.2293637240444959,-1.1484385081548787,-0.9190747841103828,0,,,-64.75422156674736,-64.95662714374131,,,,,,,39.23880382311014,,,15.722609973257414,12.57313319751838,,,,,60,100,-40,,,,,,-64.95662714374131,-107,,,,,652.7936578595018,546.3876426436906,652.7936578595018,-0.2715818214937043
2008-07-28,26.06,26.49001,25.07001,25.44,26.462959514305393,26.61949431631956,29.01866065144313,28.461235016357513,-0.23189649123480882,-1.2089453981538938,-0.977048906919085,0,,,-65.84743271529008,-65.34056788216826,,,,-65.34056788216826,,-65.34056788216826,36.64922354130036,,,20.758208574973082,17.000944507202867,,,,,60,100,-40,,,,,,-65.34056788216826,,,,,,599.5584473395922,491.58988943574684,599.5584473395922,-0.2566083182407988
2008-08-04,25.39,28.23,25.11,28.13,25.592034548997862,26.921595453055648,28.983811214131634,28.457939145547986,-0.040750499328847445,-1.0279870310801442,-0.9872365317512968,0,,,-52.6742313613948,-61.09196188114408,,,,,,,50.00385793934588,,,40.67344102220642,31.18361035903814,,,,,60,100,-40,,,,,,-61.09196188114408,-107,,,,,500.5478205505756,395.84627317470193,500.5478205505756,-0.22435917101971095
2008-08-11,27.86,28.5,27.56,27.81,25.3947470812123,27.099276362444517,28.937779401812747,28.451491989870892,0.06977110838786604,-0.9000226462664642,-0.9697937546543303,0,,,-34.803707054332676,-51.10845704367252,,,,,,,48.68133757540495,,,58.820473390376236,48.07992277721761,,,,,60,100,-40,,,,,,,,,,,,384.08458045047087,295.6924053247562,384.08458045047087,-0.2106893210351212
2008-08-18,27.78,28.05,26.86,27.84,25.522980146839995,27.247421089955612,28.894729229192638,28.445407492459243,0.1461423486107556,-0.7871158188908858,-0.9332581675016414,0,,,-24.476784386022995,-37.318240933916826,,,,,,,48.81881853186117,,,83.22674934749405,71.5444485959744,,,,,60,100,-40,,,,,,,,,,,,358.7964749140217,274.65742253843683,358.7964749140217,-0.21023977411988157
2008-08-25,27.61,28.00999,27.13,27.28999,25.60633942206571,27.255934871964488,28.83179827902822,28.433910800991985,0.159757322316176,-0.7335615146064214,-0.8933188369225974,0,,,-17.348667205095676,-25.543052881817115,,,,,,,46.35248571057311,,,85.89553180334823,84.06528442731125,85.89553180334823,,,,60,100,-40,,,,,,,,,,,,317.19711583874493,231.0833457132665,317.19711583874493,-0.1986224365866968
2008-09-02,27.66499,27.75999,25.63,25.64999,24.88802160620387,26.93474589757159,28.707021483772213,28.406210096504502,0.06339942990229419,-0.8140695495447297,-0.8774689794470238,0,,,-25.453651536440315,-22.426367709186326,,,,,,,39.84937303141715,,,76.87464560019573,84.09603011969759,,,,,60,100,-40,,,,,,-22.426367709186326,,,,,,364.9794584135185,270.88637376539987,364.9794584135185,-0.27107107185461987
2008-09-08,26.21001,27.74001,25.67,27.62,24.722450062903594,27.071796718057275,28.664393190290948,28.39838711046963,0.13340181991076783,-0.7107167045585641,-0.8441185244693319,0,,,-22.44074238837443,-21.747687043303472,,,,,,,49.13577305617789,,,73.06494701761665,75.8772335738281,,,,,60,100,-40,,,,,,,,,,,,384.98319324742425,276.17976035350904,384.98319324742425,-0.16808863393319376
2008-09-15,26.92,27.49001,23.5,25.16,24.66727220126762,26.68943737444582,28.52696600635797,28.366164353151525,0.020989032428740062,-0.8178822339334069,-0.8388712663621469,0,,,-38.14452411155716,-28.6796393454573,,,,,,,40.64668330011008,,,62.11455057809315,66.03375567457134,,62.11455057809315,,,60,100,-40,,,,,,,,,,,,559.5317035660743,105.96525847105283,559.5317035660743,-0.18575484796677927
2008-09-22,26.22,27.56,25.32001,27.39999,24.32603847260565,26.831547899556657,28.482770868853734,28.356550677995788,0.1000293532538814,-0.7138345747947952,-0.8138639280486766,0,,,-31.770733800243775,-30.785333433391784,,,,,,,49.28914296394247,,,73.08959866776726,68.65680081963866,73.08959866776726,,,,60,100,-40,,,,,,,,,,,,584.1623029176972,185.78975693086142,584.1623029176972,-0.10794340484958781
2008-09-29,26.94,27.66,25.0089,26.32001,24.25489286741953,26.729240319645324,28.39795671713398,28.33628659164757,0.08282463260264383,-0.7103331372953718,-0.7931577698980157,0,,,-33.122506689642464,-34.34592153381447,,,,,,,45.805439630517675,,,69.81953711644957,68.83920405760249,,,,,60,100,-40,,,,,,-34.34592153381447,,,,,,809.7691569326615,417.46434657979563,809.7691569326615,-0.1096873239945462
2008-10-06,25.63,25.99001,20.64999,21.5,24.15295766260385,25.68339225571626,28.127448610579705,28.268263839491873,-0.23267146688307938,-1.083997103501865,-0.8513256366187856,0,,,-58.7184602658523,-41.20390025191285,,,,,,,34.13906632004564,,,62.57196638334213,68.36654986446919,,,,,60,100,-40,,,,,,-41.20390025191285,,,,,,1877.0838556721776,1318.834465383469,1877.0838556721776,-0.14071098396664383
2008-10-13,22.86,25.73,21.31,23.92999,23.627029258132147,25.33271180457301,27.962842390556972,28.22509693561633,-0.25538362887461674,-1.1705551727120564,-0.9151715438374397,0,,,-64.83419723820313,-52.22505473123263,,,,,,,42.1817731069928,,,49.834694435407016,56.81166048708143,,,,,60,100,-40,,,,,,,,,,,,1640.3413364590542,1146.3191080410202,1640.3413364590542,-0.1117712519713278
2008-10-20,24.2,25.00999,20.89,21.96001,23.31724145397985,24.658171443658407,27.727437198770424,28.16275776212761,-0.37360761726939007,-1.3821810654241773,-1.0085734481547872,0,,,-71.2292598524554,-64.9273057855036,,,,,,,38.09600915780749,,,34.654755248337736,42.236155445655776,,,,,60,100,-40,,,,,,,,,,,,2000.2792752846808,1482.4429065790164,2000.2792752846808,-0.12176987738207777
2008-10-27,21.67,23.97,21.02,22.33,22.78243992155272,24.192537154926725,27.515772994897073,28.104720371459674,-0.3953161251183879,-1.502718604552772,-1.1074024794343842,0,,,-73.4204284306276,-69.82796184042871,,,,,,,39.29242350391491,,,37.53855058300322,36.25204615018967,,,,,60,100,-40,,,,,,,,,,,,1705.683043414739,1256.5441962919226,1705.683043414739,-0.15880948017027535
2008-11-03,22.48,23.66,20.86,21.5,22.722265641441812,23.65402972394138,27.279860328430523,28.039001760798385,-0.4310721567150011,-1.6462426753281356,-1.2151705186131345,0,,,-74.37270698462545,-73.00746508923615,,,,,,,37.5296842072204,,,30.084963977577235,31.517084505497724,,,,,60,100,-40,,,,,,,,,,,,1536.467944612059,1124.4452515115731,1536.467944612059,-0.15286717962012444
2008-11-10,21.845,21.97,18.74001,20.06,22.46781809562454,22.935223779153105,26.996728550845013,27.959608708452134,-0.5117047880772139,-1.854801503709652,-1.343096715632438,0,,,-79.06896014023266,-75.62069851849525,,,,,,,34.611292431933464,,,25.050697553738896,29.394823393237818,,,,,60,100,-40,,,,,,,,,,,,1408.0192274098663,1011.8188421458325,1408.0192274098663,-0.13331617529670167
2008-11-17,19.74001,20.24001,17.5,19.67999,22.374403945937075,22.284177023322485,26.709797627282462,27.87722444269639,-0.5474259428038293,-2.0273791441372246,-1.4799532013333954,0,,,-82.4537850091305,-78.6318173779962,,,,,,,33.858574958764336,,,14.196483693611373,19.43809563777986,,,,,60,100,-40,,,,,,,,,,,,2072.0157315171637,1525.1245072102267,2072.0157315171637,-0.06798279068763825
2008-11-24,19.89,20.94,19.55,20.22,22.35765937837014,21.871341618657986,26.455295759545894,27.801033154709362,-0.49316367057590393,-2.0964077895532753,-1.6032441189773714,0,,,-78.32171277278698,-79.94815264071671,,,,-79.94815264071671,,-79.94815264071671,36.001241621446596,,,9.171106148594982,12.000913940218197,,,,,60,100,-40,,,,,,-79.94815264071671,-107,,,,,1742.5583257867702,1268.7382331720037,1742.5583257867702,-0.051652491149685044
2008-12-01,19.875,19.98,18.47,19.87,22.314959422772272,21.471073294926388,26.197048867014683,27.722117401926184,-0.44102038678824784,-2.154519602462681,-1.7134992156744333,0,,,-76.35545514615067,-79.04365097602272,,,,,,,35.20056157569692,,,8.229042817743878,7.938563935475602,,,,,60,100,-40,,,,,,,,,,,,1541.1840847346302,1101.6949180498211,1541.1840847346302,0.006672970111415582
2008-12-08,20.35001,21.25,18.7,19.36,22.428175892574252,21.04885863594111,25.92892930360234,27.63891225364831,-0.4021443325422456,-2.21617963135224,-1.8140352988099946,0,,,-71.8411026463124,-75.50609018841668,,,,,,,34.006656764721285,,,8.47656256147391,7.953486294982935,,,,,60,100,-40,,,,,,,,,,,,1340.0597056919705,946.8412965862173,1340.0597056919705,-0.01648941153402773
2008-12-15,19.34,20.17999,18.89,19.12,21.339039757390378,20.663086908752888,25.661912468166957,27.55414695759211,-0.35547453023714537,-2.2583784616064264,-1.902903931369281,0,,,-68.62709014364629,-72.27454931203644,,,,,,,33.42863796498155,,,5.450513709463644,7.105046986726081,,,,,60,100,-40,,,,,,,,,,,,1153.6852137479757,802.8701517523596,1153.6852137479757,-0.029910199036832473
2008-12-22,19.24001,19.57001,18.89,19.13,19.12051906043392,20.35646952700231,25.405759038042763,27.470324599805124,-0.28960165147969086,-2.2649059957188946,-1.9753043442392038,0,,,-65.7140993663065,-68.72743071875504,,,,,,,33.479674743601706,,,2.5337104820176597,4.465760056050352,,2.5337104820176597,,,60,100,-40,,,,,,,,,,,,999.3788112483437,667.8028514337486,999.3788112483437,-0.07809543659040671
2008-12-29,19.14999,20.39999,18.64,20.33,19.36690841326007,20.351175621601847,25.20670966400187,27.399276593836912,-0.13854274089441265,-2.1484827703572194,-2.0099400294628067,0,,,-59.33970818913294,-64.56029923302857,,,,,,,39.50851037368834,,,12.365633783733294,7.28222722691319,,,,,60,100,-40,,,,,,,,,,,,815.855391021372,539.1114239003399,815.855391021372,-0.043212622274008516
2009-01-05,20.2,21,19.41,19.52,17.841425669455777,20.184940497281477,24.98370144188415,27.32087583170918,-0.06996737093572625,-2.0973992431324646,-2.0274318721967384,0,,,-52.51869967952962,-59.19083574498968,,,,,,,37.05285914983008,,,24.223195315668487,16.624272969968835,,,,,60,100,-40,,,,,,,,,,,,667.5180471993044,427.45480137300535,667.5180471993044,-0.08826257548404409
2009-01-12,19.71001,19.99001,18.52,19.71001,17.93489526449465,20.08995439782518,24.776890012790656,27.245145823433468,0.007291851306890251,-2.0183170580631256,-2.025608909370016,0,,,-50.68641025091893,-54.1816060398605,,,,,,,38.03167131233439,,,41.415421309138395,33.025500155049585,41.415421309138395,,,,60,100,-40,,,,,,,,,,,,590.6965840721581,369.73574657791346,590.6965840721581,-0.045175281970703834
2009-01-20,19.46001,19.62,16.75,17.2,17.20882988845932,19.511963518260146,24.47975707111259,27.145194123697813,-0.08638170043296167,-2.133586034911218,-2.0472043344782564,0,,,-57.5818057952119,-53.59563857522014,,,,,,,31.109041884212502,,,35.25647395590326,38.03510200910047,,,,,60,100,-40,,,,,,-53.59563857522014,,,,,,586.0244778772203,376.1474290182928,586.0244778772203,-0.05208051674072731
2009-01-26,17.28999,18.31,17.10001,17.10001,15.92248346785508,19.029572814608116,24.190355225186607,27.045242042865,-0.12828335349412834,-2.2075585263459168,-2.0792751728517884,0,,,-61.83158917926424,-56.69993507513169,,,,,,,30.86657228194231,,,25.783710448916423,33.46265231594153,,,,,60,100,-40,,,,,,,,,,,,563.1109364449984,367.75698737860324,563.1109364449984,-0.1236428965022141
2009-02-02,17.03,19.92999,17,19.66,16.06445036300829,19.155658251686493,24.012694235963604,26.971757047413604,0.03450726355419054,-2.03614109340905,-2.0706483569632406,0,,,-54.850319810536206,-58.087904928337444,,,,,,,43.15524249396557,,,30.65265796965512,27.971982605976905,,30.65265796965512,,,60,100,-40,,,,,,-58.087904928337444,-107,,,,,500.72712981863504,319.98298967340264,500.72712981863504,-0.07816336691485992
2009-02-09,19.64,19.8,18.53999,19.09,15.95056247993627,19.142526601349193,23.819647403180717,26.893331604155758,0.11723397820808046,-1.92410588420314,-2.0413398624112205,0,,,-46.38751764320332,-54.356475544334586,,,,,,,41.380986300706326,,,50.011070317198985,37.865060637405655,,,,,60,100,-40,,,,,,,,,,,,483.32219712433766,296.3497188236931,483.32219712433766,-0.12959512536991552
2009-02-17,18.49001,18.5,17.66,18,16.083378017083678,18.914021281079354,23.591425936389317,26.804840742422865,0.11198913371960106,-1.9013534452617193,-2.0133425789813204,0,,,-49.24001063314565,-50.159282695628384,,,,,,,38.13311507867335,,,70.88853482622943,59.31687074569613,70.88853482622943,,,,60,100,-40,,,,,,,,,,,,699.0817976471853,441.5588608557489,699.0817976471853,-0.1387759212541825
2009-02-23,18.02,18.14999,16.10001,16.14999,16.18242244443484,18.361215024863483,23.29960491927601,26.698822327075373,0.003123055100895389,-2.0094387601052013,-2.0125618152060967,0,,,-58.18634429544968,-51.271290857266216,,,,,,,33.3240038325775,,,61.51387598955537,66.91125772071645,,,,,60,100,-40,,,,,,-51.271290857266216,,,,,,810.1578344386062,518.5481588819763,810.1578344386062,-0.13144240065772506
2009-03-02,15.96,16.39999,14.87,15.28,16.185823698403784,17.74497201989079,22.985110608716166,26.585202204417907,-0.10244839703959574,-2.1406223115055916,-2.038173914465996,0,,,-67.75986677976155,-58.39540723611896,,,,,,,31.31223141952988,,,42.06681111260113,55.67757884758982,,,,,60,100,-40,,,,,,,,,,,,1139.2200463588597,787.9030390852533,1139.2200463588597,-0.17715743220855845
2009-03-09,15.2,17.2,15.1,16.64999,16.26326629137494,17.525975615912632,22.73667450641357,26.486344371538127,-0.05723681994298113,-2.109719939394722,-2.052483119451741,0,,,-67.26454096065888,-64.40358401195671,,,,,,,37.72573746751282,,,32.5731457946174,37.429707306310384,,32.5731457946174,,,60,100,-40,,,,,,,,,,,,940.2709470208852,630.1024865242981,940.2709470208852,-0.11601328895888019
2009-03-16,16.82001,17.64999,16.24001,17.06,16.253747270562446,17.432780492730107,22.51405981988755,26.39254990017954,0.018979346525541452,-2.028758936294814,-2.0477382828203554,0,,,-61.23112940570506,-65.41851238204184,,,,-65.41851238204184,,-65.41851238204184,39.555570821266905,,,39.45507885101442,33.77069634064142,,,,,60,100,-40,,,,,,-65.41851238204184,-107,,-106,,,782.9489566534515,510.9929435198803,782.9489566534515,-0.10369811956487053
2009-03-23,17.37,18.88,17.31,18.13,15.723492465522273,17.572224394184087,22.342135905382154,26.31033547331208,0.15270897373930037,-1.8568520656462297,-2.00956103938553,0,,,-46.640382209642794,-58.378684192002254,,,,,,,44.19167680038381,,,63.68234021528107,50.055181518718506,,,,,60,100,-40,,,,,,,,,,,,640.5946008982785,398.08513560717483,640.5946008982785,-0.07514188498912171
2009-03-30,17.74001,19.89,17.27,18.75,15.748243717984968,17.80777951534727,22.201267830661287,26.23510825467216,0.2864105925320579,-1.6515477987204576,-1.9379583912525156,0,,,-30.74377912624624,-46.2050969138647,,,,,,,46.75523965013946,,,81.12760833226821,71.17604423444187,,,,,60,100,-40,,,,,,,,,,,,520.486491644046,311.16056549677944,520.486491644046,-0.05656583147793319
2009-04-06,18.53999,19.7,18.265,19.67,15.61693130955747,18.180223612277818,22.102002425537314,26.169783794426664,0.4315783078705926,-1.398485506414275,-1.8300638142848675,0,,,-14.571619992381564,-30.651927109423536,,,,,,,50.41657698836574,,,94.73144522365638,89.46289044731274,,,,,60,100,-40,,,,,,,,,,,,406.76167498149226,230.04046267918315,406.76167498149226,-0.07987211142260078
2009-04-13,19.69,19.85001,18.50999,19.2,15.701436216017651,18.384178889822255,21.988198408849577,26.100432711895056,0.486632611902986,-1.221773049406135,-1.708405661309121,0,,,-3.1450621728591504,-16.15348709716232,,,,,,,48.56821451422187,,,96.66540437901912,96.1024952970332,,,,,60,100,-40,,,,,,,,,,,,311.8959158939482,158.21492401024074,311.8959158939482,-0.07708168468082018
2009-04-20,18.89,21.2,18.47,20.91,17.033473629159246,18.889343111857805,21.945916118306457,26.048786615259285,0.6203329108895976,-0.9329895226971239,-1.5533224335867215,0,,,11.5531164168724,-2.054521916122773,,,,,,,55.06186866501834,,,97.6902612175042,98.15220897400336,97.6902612175042,,,,60,100,-40,,,,,,,,,,,,253.3693857314122,104.90311964474242,253.3693857314122,-0.07771392213457486
2009-04-27,20.55,21.10001,19.78999,20.24001,16.920368369933584,19.159476489486245,21.879017839157182,25.99098784296815,0.6430189393914871,-0.7495487593473626,-1.3925676987388498,0,,,21.935297672633368,10.114450638882202,,,,,,,52.26114176072882,,,95.02729973374336,96.1278065973742,,,,,60,100,-40,,,,,,,,,,,,196.39313378024633,69.46618880024377,196.39313378024633,-0.0665567710499186
2009-05-04,20.37,20.39999,19.14,19.42,17.018196343509757,19.211581191588998,21.78258576703337,25.925604879356527,0.5838946385982597,-0.6626994004910252,-1.246594039089285,0,,,23.667050811481477,19.05182163366241,,,,,,,48.95921670130871,,,91.31819941307836,93.44787628931857,,,,,60,100,-40,,,,,,,,,,,,147.95801854747427,27.745063563835828,147.95801854747427,-0.0528401334309729
2009-05-11,19.2,20.5,19.00999,20.22,17.116183747544774,19.4132649532712,21.721307893816377,25.868832691502234,0.5786470414483094,-0.5232852372788983,-1.1019322787272077,0,,,26.71905748749038,24.107135323868405,,,,,,,52.15417580499885,,,87.63324610125443,89.59545190236487,,,,,60,100,-40,,,,,,,,,,,,114.6929242661153,2.7005065522293137,114.6929242661153,-0.018903335111104126
2009-05-18,20.36,20.74001,19.47,19.75,17.174312051291576,19.48061196261696,21.64400170190201,25.807948784124104,0.5250761193864545,-0.4455871294941396,-0.9706632488805941,0,,,29.177701764127566,26.521270021033136,,,,,,,50.15596837342446,,,84.45854901842574,85.9441652184584,,84.45854901842574,,,60,100,-40,,,,,,,,,,,,82.02148349045798,-29.608676457266938,82.02148349045798,-0.06359188727927796
2009-05-26,19.53999,20.94,19.45,20.89,17.259716904770748,19.762489570093567,21.614433007709774,25.759013970351724,0.5455750337628044,-0.2886944566770886,-0.834269490439893,0,,,34.30222703053691,30.06632876071829,,,,,,,54.71502241278734,,,88.15114274718964,86.23656465322908,,,,,60,100,-40,,,,,,,,,,,,42.563031946738334,-56.95255346503661,42.563031946738334,-0.0019782561277119654
2009-06-01,21,22.31,20.86,22.14,18.537594268715697,20.237991656074854,21.635043477995666,25.723003881094492,0.6172013668424874,-0.06276778188678378,-0.6799691487292712,0,,,46.24715788323891,36.57569555930113,,,,,,,59.1530360011149,,,91.22857766182011,88.87395224579586,,,,,60,100,-40,,,,,,,,,,,,-14.266610225395908,-106.59754374412086,-14.266610225395908,-0.006310167643284181
2009-06-08,21.98,23.38,21.63,23.33,19.777766106664572,20.856393324859884,21.70151236121152,25.699192897203005,0.711882818134689,0.2098843739390901,-0.5019984441955989,0,,,56.99364640622132,45.84767710666572,,,,,,,62.90257041743632,,,96.99670808682427,94.41058502316076,,,,,60,100,-40,,,,,,,,,,,,-40.76359018441485,-126.3070812451898,-40.76359018441485,0.0845897116359721
2009-06-15,23.23,24.34,23.02,24.07001,20.521507099045674,21.499116659887907,21.794394621556165,25.68298212210646,0.7857115772572876,0.4801410273760105,-0.305570549881277,0,,,65.61979509773042,56.28686646239689,,,,,,,65.06307397319736,65.06307397319736,,98.861005704722,97.72201140944402,98.861005704722,,,,60,100,-40,,,,,,,,,,,,-68.80657378724851,-143.342157382428,-68.80657378724851,0.17078022042974578
2009-06-22,23.95,23.95,23.2,23.35001,20.586400163399556,21.869295327910326,21.855399146201023,25.659768469150176,0.747634824394205,0.6289729806114792,-0.11866184378272576,0,,,67.30319945330112,63.30554698575096,,,,,,,61.30011511123488,,,96.43808900106328,98.11475228815357,,,,,60,100,-40,,,,,,,,,,,,-121.75083309865789,-203.64358331289566,-121.75083309865789,0.09492446899201856
2009-06-29,23.60001,24.3,23.21001,23.37,20.7109422945853,22.16943626232826,21.914795258114708,25.636984703287986,0.6869343329451232,0.7400060723986783,0.05307173945355509,0,,,67.06776702415257,66.66358719172804,,,66.66358719172804,,66.66358719172804,,61.3673186508899,,,91.67476203772702,94.52773744735674,,,,,60,100,-40,,,,,,,,,,,,-104.15977253526555,-189.3447499832783,-104.15977253526555,0.07512755166031923
2009-07-06,23.21001,23.28,22,22.39,20.795162844972065,22.21354900986261,21.93343073818864,25.604676397782633,0.5498530525712214,0.7403880551675819,0.19053500259636044,0,,,59.67668758614909,64.68255135453425,,,,,,,56.18550105903221,,,78.82547204205667,85.3085391065459,,,,,60,100,-40,,,,,,64.68255135453425,,105,,,,-71.58526843794453,-172.19115907722767,-71.58526843794453,0.06639487288376615
2009-07-13,22.42,24.45,22.14,24.28999,21.053346213188345,22.62883720789009,22.025844826887123,25.591594941088278,0.5546248079618854,0.8838160125487171,0.32919120458683176,0,,,59.68458759881582,62.14301406970583,,,,,,,62.7855082795802,62.7855082795802,,76.16028010277884,78.3711879528056,,,,,60,100,-40,,,,,,,,,,,,-112.20612872195463,-209.97458469954992,-112.20612872195463,0.179336705537677
2009-07-20,24.44,25.72,22.81,23.45,20.954535055103463,22.793069766312072,22.081694049362138,25.57028553868939,0.4719339300837354,0.919108617191501,0.44717468710776564,0,,,60.28969803137691,59.883657738780606,,,,,,,58.56060271508497,,,69.73961913496993,71.44275387506484,,,,,60,100,-40,,,,,,59.883657738780606,,,,,,-164.5322871361447,-258.16102384508633,-164.5322871361447,0.164688367488923
2009-07-27,23.44,24.42999,22.89999,23.52,20.7770675511675,22.938455813049657,22.138098204289115,25.54988468755815,0.39575576357240094,0.9418693915732668,0.5461136280008658,0,,,56.99245478080293,58.98891347033189,,,,,,,58.81082541791941,,,72.4406230218074,71.71677567281046,,,,,60,100,-40,,,,,,58.98891347033189,,105,,,,-190.0718712932093,-274.85901950961613,-190.0718712932093,0.12479384690709348
2009-08-03,23.82001,24.25,23.27,23.56,20.809419154655536,23.062764650439725,22.193859059022873,25.530084839920757,0.3248364863877027,0.9521592359854942,0.6273227495977916,0,,,54.11654058055558,57.13289779757847,,,,,,,58.964216484873816,,,67.3667458266956,68.98361160476763,,67.3667458266956,,,60,100,-40,,,,,,,,,,,,-213.6951674217167,-287.61192505332224,-213.6951674217167,0.10111000284415737
2009-08-10,23.46001,23.89999,23.03,23.692,20.918031357894428,23.18861172035178,22.252609684159232,25.511795438528512,0.26606194186097964,0.9599001769240161,0.6938382350630364,0,,,49.84023570485696,53.64974368873849,,,,,,,59.503369348988095,,,67.66196499921202,68.55957010446298,,,,,60,100,-40,,,,,,,,,,,,-204.84150061776825,-271.68248413453637,-204.84150061776825,0.1185604059010359
2009-08-17,23.32001,24.42,23.23,24.41,21.15461126090197,23.432889376281423,22.33721322595691,25.500832299836688,0.25477128123897663,1.0123023366117572,0.7575310553727805,0,,,50.15621085148501,51.370995712299184,,,,,,,62.41338311334144,,,71.07586430343355,68.66649213736292,,,,,60,100,-40,,,,,,,,,,,,-232.14304595999215,-288.6493052009843,-232.14304595999215,0.1510680248386418
2009-08-24,24.41,25.49001,24.28,24.67999,21.4871290279804,23.682309501025138,22.42908682493899,25.492664714763684,0.24466284736766375,1.0633596145823603,0.8186967672146965,0,,,55.46914336335459,51.82186330656552,,,,,,,63.482350149584875,,,77.42104076996927,73.77291947585093,,,,,60,100,-40,,,,,,51.82186330656552,,,,,,-260.84431033090266,-308.89488607353263,-260.84431033090266,0.10137527675785221
2009-08-31,24.57001,24.85001,23.75999,24.62,21.54233195455323,23.869847600820112,22.515004988666874,25.48398148377101,0.2142091223011674,1.0864581700911558,0.8722490477899884,0,,,54.238297814782804,53.28788400987414,,,,,,,63.05071739142475,,,83.12757856744562,80.20238891712074,,,,,60,100,-40,,,,,,,,,,,,-245.2362539071022,-297.2776340601631,-245.2362539071022,0.12367246976321102
2009-09-08,24.62,25.17,24.41,24.86,21.790743243513713,24.06787808065609,22.606965577346603,25.477772712788216,0.19125623250658397,1.1113193384232183,0.9200631059166343,0,,,55.68523129044957,55.13089082286232,,,,,,,64.10838425167742,,,87.09667156069006,85.32881835080954,,,,,60,100,-40,,,,,,,,,,,,-296.10238956035636,-323.22715514013345,-296.10238956035636,0.07503060515576959
2009-09-14,24.64999,25.48,24.64,25.25999,22.301394440405588,24.30630046452487,22.71100575078399,25.475605720621168,0.1839822257491378,1.1500408881030566,0.9660586623539188,0,,,57.84361518742601,55.92238143088613,,,,,,,65.87219212826729,,,90.70407983739702,89.08136316578377,,,,,60,100,-40,,,,,,,,,,,,-346.8110460039279,-359.91312693283646,-346.8110460039279,0.11880829576145571
2009-09-21,25.11,26.25,25.10001,25.55,22.682732694662334,24.555040371619896,22.822338858596382,25.476345962207027,0.17947875520795886,1.1904071063638675,1.0109283511559086,0,,,61.57211194386266,58.36698614057941,,,,,,,67.14055757884378,67.14055757884378,,95.6527118490919,93.12418624444115,95.6527118490919,,,,60,100,-40,,,,,,,,,,,,-315.57267400321376,-334.4743765814116,-315.57267400321376,0.14186368674371197
2009-09-28,25.60001,26.16,24.42999,24.96001,22.723253216472166,24.636034297295918,22.90616909943574,25.471208290941284,0.12037926991284498,1.1614024385469648,1.0410231686341198,0,,,58.70621202226534,59.37397971785134,,,59.37397971785134,,59.37397971785134,,62.05751037714063,,,89.01180118701599,92.13290908419621,,,,,60,100,-40,,,,,,59.37397971785134,,105,,106,,-280.0140060026294,-310.9335808393368,-280.0140060026294,0.08918633366031255
2009-10-05,24.98,25.89999,24.52,25.55,22.678019415295584,24.818827437836735,23.00984874259512,25.471992288046348,0.1051873511921877,1.1725073576243545,1.0673200064321668,0,,,56.82970335163514,59.036009105921046,,,,,,,64.93353924061262,,,84.18790650955712,88.11193594067315,,,,,60,100,-40,,,,,,,,,,,,-360.0114594566968,-347.1274752321846,-360.0114594566968,0.13560117209889858
2009-10-12,25.66,26.71001,25.52,26.5,23.636019457060186,25.15506195026939,23.146717419356097,25.482221220503597,0.14104748395268873,1.2436293613730278,1.102581877420339,0,,,62.07389227249971,59.20326921546674,,,,,,,69.02867465738139,,,81.20167978034019,82.1394824822393,,81.20167978034019,,,60,100,-40,,,,,,59.20326921546674,,,,,,-390.0093759191156,-354.92247973542374,-390.0093759191156,0.13142732944842497
2009-10-19,26.49001,29.35001,25.94,28.02,25.19058806727017,25.72804956021551,23.33782654016566,25.50747275064784,0.2430807987527932,1.4064328758613307,1.1633520771085375,0,,,72.30666894295618,63.73675485569701,,,,,,,74.24255642348263,,,89.67008155188392,84.9669793151625,,,,,60,100,-40,,,,,,,,,,,,-401.8258530247309,-369.4820288744376,-401.8258530247309,0.11034117775324732
2009-10-26,28.125,29.02,27.66,27.73,24.90554463389373,26.128439648172407,23.510068636629754,25.529587449646368,0.26517742528334365,1.4948238587127172,1.2296464334293735,0,,,77.12877736176002,70.50311285907196,,,,,,,71.74614325509985,,,92.62809002773449,89.97331023062884,,,,,60,100,-40,,,,,,,,,,,,-326.9484252020526,-321.3943872609035,-326.9484252020526,0.0026794963397389323
2009-11-02,27.7,28.74001,27.41,28.52,25.433720017187035,26.606751718537925,23.70653653323251,25.559342798406107,0.30433162649284173,1.6100609665454257,1.305729340052584,0,,,77.82066236192954,75.75203622221524,,,,,,,74.29674617073638,,,95.13125548546765,94.97964114609518,,,,,60,100,-40,,,,,,,,,,,,-332.048711528952,-324.7772259407392,-332.048711528952,-0.010691157861574513
2009-11-09,28.62,29.78999,28.53,29.63,26.574167158816532,27.21140137483034,23.938829218203782,25.59984685016326,0.37185267620923157,1.7705451853141234,1.3986925091048918,0,,,80.59682140063433,78.51542037477462,,,,,,,77.40197488646396,77.40197488646396,,95.28286982484012,95.28286982484012,,,,,60,100,-40,,,,,,,,,,,,-298.0398548873244,-312.0904575878775,-298.0398548873244,0.05760588257361985
2009-11-16,29.61,30.14,29.37,29.62,26.611013790329636,27.693121099864275,24.161620229254613,25.639848374042234,0.38129064107025834,1.8753058104427147,1.4940151693724564,0,,,81.16567628201604,79.8610533481933,,,79.8610533481933,,79.8610533481933,,77.31081896408774,,,98.31546427883663,96.79916705183837,98.31546427883663,,,,60,100,-40,,,,,,,,,,,,-278.39624490781085,-296.25582893553616,-278.39624490781085,0.07054524212314965
2009-11-23,29.84,30.00999,28.75,29.22,26.716655662448947,27.99849687989142,24.35998806340149,25.675471773305496,0.3280705724997206,1.9041033849971072,1.5760328124973866,0,,,77.45846681247873,79.74032149837636,,,,,,,73.55695369865623,,,94.27856319452263,95.91793942993007,,,,,60,100,-40,,,,,,79.74032149837636,,105,,,,-244.1423821972998,-290.5729509472569,-244.1423821972998,0.08409728784760821
2009-11-30,29.14999,30.37,29,29.98,27.094753115131166,28.394797503913136,24.580380688366137,25.71830289993927,0.31164829723047505,1.9655931840354803,1.6539448868050053,0,,,75.07548853596215,77.8998772101523,,,,,,,75.95962998437435,,,92.46148381614422,94.34847902430964,,,,,60,100,-40,,,,,,,,,,,,-288.84376725233614,-340.4687780477556,-288.84376725233614,0.05713138008221796
2009-12-07,29.78,30.08,29.25,29.85001,27.1051278926218,28.685840003130508,24.78703281823413,25.75941441337271,0.26164365658645616,1.9809994575380756,1.7193558009516194,0,,,71.2998221995582,74.61125918266636,,,,,,,74.70193854085643,,,88.07484361951964,89.84084070153331,,88.07484361951964,,,60,100,-40,,,,,,,,,,,,-282.6903550246386,-344.929000220891,-282.6903550246386,0.12900940665387312
2009-12-14,29.91,30.45,29.57001,30.36,27.57190447172024,29.020672002504405,25.0055805508524,25.805191384383928,0.23345725548696983,2.0111773703103317,1.777720114823362,0,,,69.0770935289703,71.81746808816354,,,,,,,76.36518746299551,,,91.22192980085131,89.83179868679684,,,,,60,100,-40,,,,,,,,,,,,-301.29210865652254,-368.57827290800174,-301.29210865652254,0.18531088597397447
2009-12-21,30.39999,31,30.37,31,28.285341295168795,29.416537602003523,25.24065582336799,25.856881022350258,0.22818852013003976,2.0629557649859116,1.8347672448558718,0,,,69.14289488347359,69.83993687066736,,,,,,,78.3043864007891,78.3043864007891,,92.9379907527634,91.19922223948463,92.9379907527634,,,,60,100,-40,,,,,,,,,,,,-413.78445253715483,-492.47313237927415,-413.78445253715483,0.23343567778746352
2009-12-28,31,31.5,30.48,30.48,28.38781691694245,29.629230081602817,25.44612030088297,25.90288220620747,0.16301175166150594,2.038531934432754,1.8755201827712482,0,,,67.49905941555144,68.5730159426651,,,,,,,73.03016948779097,,,91.21233779174321,92.42837394110859,,,,,60,100,-40,,,,,,,,,,,,-444.00546116676304,-520.205290128497,-444.00546116676304,0.189338981177021
2010-01-04,30.62,31.10001,30.19,30.66,28.42868713716085,29.835384065282252,25.65058617143658,25.95021671161834,0.1080032904691468,2.0105242958576817,1.9025210053885349,0,,,63.84602848664348,66.82932759522282,,,,,,,73.69459777072927,,,85.10993058025916,88.72323051723457,,,,,60,100,-40,,,,,,,,,,,,-501.459013681897,-569.2588737414976,-501.459013681897,0.1451397352552026
2010-01-11,30.71001,31.24001,29.91,30.86,28.48235091307793,30.0403072522258,25.854876909811615,25.999070276676864,0.06328195364807909,1.9816234474486336,1.9183414938005545,0,,,60.097885817827986,63.81432457334095,,,,,,,74.4522029720836,74.4522029720836,,75.80181155503001,80.77413884893039,,,,,60,100,-40,,,,,,,,,,,,-505.7391930124612,-556.6663512430434,-505.7391930124612,0.18605844149124298
2010-01-19,30.75,31.24001,28.84,28.96001,28.472181562143792,29.82424780178064,25.97664683491704,26.0285323634761,-0.10680793475055483,1.784831575362361,1.8916395101129158,0,,,48.37604264806416,57.43998565084519,,,,,,,57.42986460862196,,,56.46134522813463,66.31220134017066,,,,,60,100,-40,,,,,,,,,,,,-454.69570337383186,-498.1815601079447,-454.69570337383186,0.11042189773586698
2010-01-25,29.24001,29.92,27.66,28.17999,28.30988145056209,29.495396241424512,26.06305244923402,26.04993990214798,-0.2748427036412997,1.5480861305612912,1.8229288342025909,0,,,30.013346907945678,46.16242512461258,,,,,,,52.12910106593973,,,34.68412019699086,46.70205344280248,,,,,60,100,-40,,,,,,,,,,,,-399.2964845785897,-451.23945827013654,-399.2964845785897,0.0476406863448647
2010-02-01,28.39,28.78999,27.57001,28.02,28.1791756326648,29.20031699313961,26.13979549044053,26.069542490186308,-0.39258541497580546,1.3321970654828341,1.7247824804586396,0,,,13.412004643655067,30.600464733221614,,,,,,,51.081458502711094,,,11.546112677879634,23.09222535575927,,,,,60,100,-40,,,,,,,,,,,,-305.7880328370279,-361.01410222102083,-305.7880328370279,0.008614603694336294
2010-02-08,28.00999,28.39999,27.57001,27.92999,28.2063802303316,28.946251594511686,26.209999196697765,26.088054405706842,-0.4672730297778118,1.1406911932363748,1.6079642230141866,0,,,0.6268738086259074,14.684075120075532,,,,,,,50.46334397083359,,,3.777697825196534,7.555395650393073,,3.777697825196534,,,60,100,-40,,,,,,,,,,,,-292.00839050302284,-356.28426545356257,-292.00839050302284,0.01122545336730648
2010-02-16,28.13,29.03,28.02,28.77,28.28735592816506,28.911001275609348,26.31039138506256,26.114740431520705,-0.4506425825475424,1.0446609948297585,1.495303577377301,0,,,-3.61079088412054,3.476029189386788,,,,,,,55.862979853923996,,,4.411406917633929,2.2057034588169633,,,,,60,100,-40,,,,,,,,,,,,-355.279592229746,-426.0507626438239,-355.279592229746,0.046728020703230566
2010-02-22,28.84,28.94,28.02,28.67,28.323971933296125,28.862801020487478,26.402925056236576,26.14016589986378,-0.4366096752486055,0.9495414833165441,1.3861511585651496,0,,,-7.4846551203771075,-3.489524065290603,,,,,,,55.08855933128624,,,9.254943891374557,6.281749539800001,,,,,60,100,-40,,,,,,,,,,,,-377.9560300061558,-444.0415330722195,-377.9560300061558,0.04136312957181872
2010-03-01,28.77,29.3,28.24001,28.58749,28.38368822377497,28.807738816389982,26.488594269717495,26.164517383447226,-0.4228291911376867,0.8576146696430413,1.280443860780728,0,,,-8.548664074483426,-6.548036692993715,,,,,,,54.414288452574816,,,14.449093496057056,11.93585890287853,,,,,60,100,-40,,,,,,,,,,,,-522.8731154595821,-596.0339816045432,-522.8731154595821,-0.003799694848549668
2010-03-08,28.52,29.38,28.5,29.27,28.41914049350533,28.900191053111985,26.597669004238377,26.19541770799004,-0.36014381430909137,0.8302640928943639,1.1904079072034552,0,,,-4.416653906259337,-6.816657700373313,,,,,,,58.92004278535099,,,18.576296155570194,16.58576466083127,,,,,60,100,-40,,,,,,-6.816657700373313,,,,,,-612.350730830567,-691.3005304037174,-612.350730830567,0.003493493113459546
2010-03-15,29.17999,29.89999,29.00999,29.59,28.337773315397808,29.038152842489588,26.715015317797654,26.229194646218993,-0.29240556991442856,0.8249009448104196,1.1173065147248482,0,,,5.2664671115289226,-2.5662836230713033,,,,,,,60.883846074024405,,,24.634487189669056,21.699532529720702,,,,,60,100,-40,,,,,,,,,,,,-652.8324161341003,-729.2458885121323,-652.8324161341003,0.0897178478772554
2010-03-22,29.5,30.57001,29.39,29.66,28.39078950715511,29.16252227399167,26.83050491317814,26.263332012923282,-0.2403392012359884,0.8168825131798627,1.057221714415851,0,,,16.612250161129342,5.82068778879962,,,,,,,61.32201543287982,,,32.010089098965196,28.039111924464226,,,,,60,100,-40,,,,,,,,,,,,-604.1356132006276,-678.4739087826538,-604.1356132006276,0.02898844173753818
2010-03-29,29.71001,29.86,28.62,29.16,28.3985888280726,29.162017819193334,26.921857661680956,26.292154579958872,-0.2366533524443426,0.7614050238604229,0.9980583763047655,0,,,14.52597119052055,12.134896154392914,,,,,,,56.430599515718384,,,33.064464214890975,32.41985913821638,,,,,60,100,-40,,,,,,,,,,,,-611.5655017096044,-687.8422890039894,-611.5655017096044,-0.017836910864984953
2010-04-05,29.13,30.41,28.98,30.34,27.877261054638844,29.397614255354668,27.055902459262096,26.332431648815003,-0.155731638441597,0.8033938282527693,0.9591254666943663,0,,,24.336049807372767,18.4914237196742,,,,,,,63.81084382160704,,,37.856533658921116,36.35080072071849,,,,,60,100,-40,,,,,,,,,,,,-661.2808650351309,-730.052781912355,-661.2808650351309,0.048836856375400896
2010-04-12,30.25,31,30.13,30.67,28.178885265021787,29.652091404283734,27.19763177458515,26.375591532906395,-0.0845321007364499,0.853460340773804,0.9379924415102538,0,,,38.06888158238654,25.643634193426596,,,,,,,65.57739771865803,,,43.49014189569,40.01290492001733,,,,,60,100,-40,,,,,,,,,,,,-711.0479804832889,-773.6795488373814,-711.0479804832889,0.06796903222012601
2010-04-19,30.77,31.58,30.64999,30.96001,28.522546317520227,29.913675123426987,27.345176018719066,26.42120763705658,-0.02551803482234638,0.9060948979823209,0.9316129328046673,0,,,49.23523913691934,37.21339017555953,,,,,,,67.10610682545823,67.10610682545823,,62.62234041079584,52.89358157251953,,,,,60,100,-40,,,,,,,,,,,,-897.2210749408728,-944.8287217760392,-897.2210749408728,0.022848439121778048
2010-04-26,31,31.4333,30.52,30.535,28.563792294840212,30.03794009874159,27.47026715523989,26.4621408943993,-0.022807946626166586,0.903102999521959,0.9259109461481256,0,,,52.44019195418743,46.58143755783109,,,46.58143755783109,,46.58143755783109,,62.68631156196957,,,72.2003758304925,65.92980744535497,72.2003758304925,,,,60,100,-40,,,,,,,,,,106,,-894.0899704061687,-930.3144087258502,-894.0899704061687,-0.05113069219994032
2010-05-03,30.67,31.06059,27.32001,28.21001,28.604479273780196,29.672354078993273,27.499276678563813,26.479532626793336,-0.17673046915207102,0.7049978597080369,0.8817283288601079,0,,,31.480516733434747,44.38531594151382,,,,,,,45.08758833031751,,,63.61701902495429,69.51402037865269,,,,,60,100,-40,,,,,,44.38531594151382,,,,,,-688.8008848777743,-740.2572435029684,-688.8008848777743,-0.13487915927787403
2010-05-10,29.00999,29.73,28.57001,28.92999,28.23836289708161,29.523881263194617,27.555383083326017,26.503915287223254,-0.22603272834196697,0.5991874184326491,0.8252201467746161,0,,,18.233270029710685,34.051326239110935,,,,,,,49.81420818246123,,,43.77004058048887,55.932760761965916,,,,,60,100,-40,,,,,,,,,,,,-562.6552694454517,-618.3922901387923,-562.6552694454517,-0.17049938740594317
2010-05-17,29.12,29.23,26.44,26.84,28.21562483300435,28.987105010555695,27.527328844764213,26.507259413718547,-0.38598707389742004,0.3427363044028411,0.7287233783002611,0,,,-3.6264614009852245,15.362441787386715,,,,,,,39.2026056866832,,,19.701647052437462,32.18265804378566,,,,,60,100,-40,,,,,,,,,,,,-349.4452204553696,-447.7755101135574,-349.4452204553696,-0.18570328399082883
2010-05-24,26.85001,26.86,24.56,25.8,28.013080916361186,28.349684008444555,27.45959045869503,26.50022200661687,-0.5390232809431398,0.05494427712133643,0.5939675580644762,0,,,-25.010168122888498,-3.467786498054371,,,,,,,35.16445208831199,,,11.285083450743022,15.34953084039678,,,,,60,100,-40,,,,,,,,,,,,-284.09154400893874,-391.8163264565469,-284.09154400893874,-0.17123990492430347
2010-06-01,25.53,26.92999,25.52,25.78999,27.895004422335386,27.837745206755645,27.394115930903066,26.493155021476404,-0.6127408232978714,-0.171958471057863,0.4407823522400084,0,,,-35.174943056010136,-21.270524193294644,,,,,,,35.12672368823735,,,2.406878687029755,4.813757374059504,,,,,60,100,-40,,,,,,,,,,,,-163.3476269164044,-287.84972164626566,-163.3476269164044,-0.2237755612818515
2010-06-07,25.82001,25.83,24.64999,25.66,27.91250624931143,27.402196165404515,27.32611138459314,26.48486492176022,-0.6391388509233097,-0.3581412114141287,0.280997639509181,0,,,-43.621140182836626,-34.602083787245114,,,,,,,34.60440698132257,,,1.2034393435148785,2.406878687029751,,1.2034393435148785,,,60,100,-40,,,,,,,,,,,,-128.19351293160364,-259.14977225603553,-128.19351293160364,-0.13613401805488104
2010-06-14,25.86,26.67,25.47,26.44,27.96161223150347,27.20975693232361,27.291361918530665,26.484418504628277,-0.5749639325957788,-0.4377072762355425,0.1372566563602363,0,,,-44.26260605557994,-41.01956309814226,,,,,,,40.36835224788318,,,4.100032293204314,2.05001614660216,,,,,60,100,-40,,,,,,,,,,,,-133.0674196713121,-269.30435911857455,-133.0674196713121,-0.06914734961497711
2010-06-21,26.78,26.89,24.31,24.5325,28.00435492925322,26.67430554585889,27.183171255058873,26.46499642995536,-0.6275833141015739,-0.6472224862667311,-0.019639172165157204,0,,,-48.415908273521495,-45.433218170646036,,,,,,,32.72643807858471,,,5.125040366505391,4.100032293204314,,,,,60,100,-40,,,,,,,,,,,,-47.0551615492554,-211.2490210970156,-47.0551615492554,-0.10812043951954903
2010-06-28,24.50999,24.61,22.73,23.27,27.84690172002085,25.99344443668711,27.029713558782056,26.433205420702073,-0.708055922651081,-0.9047090754790084,-0.19665315282792745,0,,,-56.66197093637691,-49.78016175515947,,,,,,,28.81522010110298,,,6.150048439806468,6.150048439806468,,,,,60,100,-40,,,,,,,,,,,,84.22759509606372,-116.47647180664912,84.22759509606372,-0.128299041524407
2010-07-06,23.7,24.62,23.584,24.27,27.80069516859079,25.648755549349687,26.921489497653347,26.411680988655288,-0.6557666201298902,-1.0163614279902902,-0.3605948078604,0,,,-57.67991455254844,-54.25259792081564,,,,,,,35.43634953734522,,,6.2030427127898875,6.176545576298177,,,,,60,100,-40,,,,,,,,,,,,87.0953050785976,-105.29893147816748,87.0953050785976,-0.12765286331808035
2010-07-12,24.42999,25.64,24.42,24.89,27.408493370834304,25.49700443947975,26.84182324284341,26.396539884290558,-0.545761902892839,-1.0427971864764487,-0.4970352835836097,0,,,-53.184394362583916,-55.84209328383645,,,,,,-55.84209328383645,39.23271949640351,,,12.642463401463889,9.41612877300396,,,,,60,100,-40,,,,,,-55.84209328383645,-107,,,,,121.25979506430713,-61.608216663955204,121.25979506430713,-0.15070921235184861
2010-07-19,24.96001,26.02,24.7,25.81,25.831090987203282,25.5596035515838,26.801359586261317,26.390703666536425,-0.38495970997874496,-0.9782349210570409,-0.593275211078296,0,,,-45.759194514238324,-52.20783447645692,,,,,,,44.480594714180675,,,23.719897974524216,17.384533457063462,,,,,60,100,-40,,,,,,,,,,,,56.485286870796756,-116.77035908869065,56.485286870796756,-0.09964330058773636
2010-07-26,25.86,26.41,25.35001,25.81,25.863869488117334,25.609682841267038,26.762482739741266,26.38492552060074,-0.25858300975037063,-0.9165039732662592,-0.6579209635158886,0,,,-36.63798068067048,-45.193856519164264,,,,,,,44.480594714180675,,,34.02963649934932,28.49583338015186,,,,,60,100,-40,,,,,,,,,,,,38.942507439742826,-119.17574834529233,38.942507439742826,-0.12672686003643008
2010-08-02,25.99001,26.38,25.02,25.55,23.841460953251808,25.59774627301363,26.714934397006314,26.376617803977844,-0.1764116464657517,-0.8784355215980781,-0.7020238751323264,0,,,-31.012264734188545,-37.80314664303247,,,,,,,43.242000049000005,,,46.44191320372859,40.625632129497234,,,,,60,100,-40,,,,,,,,,,,,40.04386972342594,-118.41652137342102,40.04386972342594,-0.14680333896211314
2010-08-09,25.55,25.73,24.24001,24.39999,23.46135659944811,25.358195018410903,26.62415226379038,26.356949865629804,-0.18265117177056978,-0.9303378398455386,-0.7476866680749689,0,,,-35.224625981025234,-34.29162379862811,,,,,,,38.15149827524545,,,50.40941724092163,48.1601170945875,,,,,60,100,-40,,,,,,-34.29162379862811,,,,,,131.85407522825756,-49.613517487344474,131.85407522825756,-0.16404136397923036
2010-08-16,24.36,24.96001,24.2,24.23,23.461261128058958,25.132556014728724,26.530263939720168,26.335786185374783,-0.18101895715131533,-0.973960364514113,-0.7929414073627977,0,,,-40.331482048064636,-35.52279092109283,,,,,,,37.44560421715225,,,54.500293193218525,53.47937451291319,,,,,60,100,-40,,,,,,,,,,,,195.1533342776653,4.861667510354515,195.1533342776653,-0.19174100884193823
2010-08-23,24.44,24.6403,23.50999,23.92999,23.565455333197605,24.89204281178298,26.428292412672317,26.311847914873542,-0.18242344566589774,-1.0209707144451698,-0.8385472687792721,0,,,-46.42804344442695,-40.66138382450563,,,,,,,36.16620713268435,,,50.71655405919395,52.40325934479188,,,,,60,100,-40,,,,,,,,,,,,212.39818259081702,25.79590978119917,212.39818259081702,-0.23496540176426184
2010-08-30,23.74001,24.45,23.32001,24.28999,23.60930709511206,24.771632249426382,26.34443741609693,26.291729925670822,-0.14312157903587264,-1.0174492425741128,-0.8743276635382402,0,,,-49.26080827504865,-45.34011125584677,,,,,,,38.88083798846068,,,54.71254338346142,53.494036853510686,,,,,60,100,-40,,,,,,,,,,,,121.96214939248662,-60.71243745174616,121.96214939248662,-0.21509843006733095
2010-09-07,24.10001,24.3,23.74001,23.85001,23.020072302604056,24.587307799541104,26.246616733112738,26.26743420501738,-0.1310926780780749,-1.0381935111358338,-0.9071008330577589,0,,,-50.51997631716671,-48.73627601221413,,,,,,-48.73627601221413,36.80831837723969,,,53.76758897086266,53.124019157183376,,,,,60,100,-40,,,,,,,,,-106,,,95.2417585938527,-76.03744882415594,95.2417585938527,-0.22121078518783505
2010-09-13,24.2,25.53,24.09,25.22,23.13935428098948,24.713846239632883,26.206357253382826,26.257011974121685,-0.020981674792783567,-0.9333279265487384,-0.9123462517559549,0,,,-39.23235075179926,-46.337711781338236,,,,,,,46.43902351489361,,,66.32492970149082,60.748017025233935,,,,,60,100,-40,,,,,,-46.337711781338236,,,,,,31.56143884951586,-134.9397308561276,31.56143884951586,-0.14415946640024002
2010-09-20,25.28,25.52,24.36,24.77499,23.09011611806166,24.726074991706305,26.15022520423056,26.24226548681699,0.029051850975220894,-0.8760314380369287,-0.9050832890121496,0,,,-30.727136907864594,-40.15982132561021,,,,,,,44.07524186326958,,,73.99154322893608,68.57402190504045,,,,,60,100,-40,,,,,,,,,,,,-73.26791366857793,-222.2234161550135,-73.26791366857793,-0.12211076386963632
2010-09-27,24.85001,24.99001,24.3,24.38,23.118679252485826,24.656859993365043,26.080804607986224,26.22373548197304,0.04193308213150648,-0.8526669363477666,-0.8946000184792731,0,,,-29.156851182467186,-33.038779614043705,,,,,,,42.018664913588935,,,83.54658606089802,79.60101976309386,83.54658606089802,,,,60,100,-40,,,,,,,,,,,,-137.21920209247284,-268.18279503592015,-137.21920209247284,-0.13637361274383208
2010-10-04,23.96001,24.75,23.78,24.57001,23.21234359159398,24.639489994692035,26.021557760614215,26.20728050205291,0.0680904787192469,-0.8094869200802144,-0.8775773987994613,0,,,-30.92081588616648,-30.268267992166113,,,,,,,43.395103144025086,,,79.87590442811394,81.66325644194043,,,,,60,100,-40,,,,,,-30.268267992166113,,,,,,-214.0884380756596,-330.33137775666194,-214.0884380756596,-0.06714908945495938
2010-10-11,24.74001,25.55,24.42999,25.53999,23.259319049337268,24.819589995753628,26.002672750394048,26.200640795564823,0.15081857591875247,-0.6890541789010207,-0.8398727548197732,0,,,-16.305258529044778,-25.46097519922617,,,,,,,49.96409472099112,,,82.54776736974074,82.66905987811778,,,,,60,100,-40,,,,,,-25.46097519922617,,,,,,-318.79963115281237,-431.1802181645416,-318.79963115281237,-0.03422074487142332
2010-10-18,25.59,25.95,24.95,25.3775,23.021509117241752,24.931171996602902,25.978156171947223,26.19245033988756,0.19205201296265428,-0.5998077386164553,-0.7918597515791096,0,,,-1.781802981177309,-16.335959132129545,,,,,,,48.93352548692042,,,85.53455031454352,82.89603197618455,,,,,60,100,-40,,,,,,,,,,,,-328.1087891250283,-434.6019966800794,-328.1087891250283,-0.010614517169224165
2010-10-25,25.24001,27.2,25.06,26.66499,24.174248466010198,25.277935597282323,26.005090831870863,26.197152227052857,0.2972124867979793,-0.4203441430816355,-0.7175566298796148,0,,,18.016155594580276,-0.02363530521393642,,,,,,,56.61490217898446,,,93.48436965058917,89.39207070386114,,,,,60,100,-40,,,,,,,,,,,,-344.81628201138676,-450.1289063746105,-344.81628201138676,-0.02620392315255412
2010-11-01,26.88,27.49001,26.53,26.85001,24.23146428986661,25.592350477825857,26.038224916895533,26.20364832429611,0.3658940358073902,-0.260189085120377,-0.6260831209277672,0,,,34.416902306072416,16.88375163982513,,,,,,,57.60762466002939,,,96.00940193991477,94.44213528251231,96.00940193991477,,,,60,100,-40,,,,,,,,,,,,-486.6678671002255,-581.0145597610449,-486.6678671002255,-0.07542876611916467
2010-11-08,26.67999,27.11,26.10001,26.27,24.281358983447568,25.727880382260686,26.047314135840807,26.204308539974758,0.35845452728939364,-0.17801496181602516,-0.5364694891054188,0,,,39.471223295886844,30.634760398846513,,,,,,,53.45383007650761,,,95.12940437091484,96.35303648411603,,,,,60,100,-40,,,,,,,,,,,,-415.4555276274573,-520.8300943499457,-415.4555276274573,-0.0548184453683456
2010-11-15,26.33,26.5,25.55,25.69,24.320549770344172,25.72030430580855,26.033301816788228,26.199191042064562,0.3028774537539342,-0.15787267191300103,-0.46075012566693524,0,,,35.87092685148132,36.58635081781353,,,,,36.58635081781353,,49.58094619153299,,,86.54723479602575,91.14422761177059,,,,,60,100,-40,,,,,,36.58635081781353,,,,,,-391.7363407861013,-500.679168104501,-391.7363407861013,-0.059348011045772184
2010-11-22,25.64999,25.74001,25.09,25.34,24.36551121531959,25.64424344464684,26.006113510247513,26.190641877466906,0.23402987277177212,-0.16821278470222012,-0.40224265747399224,0,,,25.10190929250695,33.48135314662504,,,,,,,47.33874516868686,,,73.65953660472155,80.79377186185941,,,,,60,100,-40,,,,,,,,,,,,-390.5115515522648,-515.1011375400462,-390.5115515522648,-0.0815147331744363
2010-11-29,25.19,27.06,24.92999,27.02,24.62010684279676,25.919394755717473,26.04587376474761,26.198894197094102,0.28949015490521884,-0.04037996384246867,-0.3298701187476875,0,,,30.72626114302463,30.566365762337636,,,,,,,57.36482446018649,,,73.0202265110826,73.62899908750745,,73.0202265110826,,,60,100,-40,,,,,,30.566365762337636,,,,,,-483.1458149063984,-609.628203441856,-483.1458149063984,-0.01414417417081762
2010-12-06,26.92999,27.39999,26.75999,27.34,24.80724063973985,26.20351580457398,26.09662381318888,26.21024848369018,0.33250504834993444,0.08576119168973051,-0.2467438566602039,0,,,42.611525387229634,32.81323194092041,,,,,,,58.976492251219454,,,79.40078202176721,74.43457983144397,,,,,60,100,-40,,,,,,,,,,,,-603.4829394688716,-718.7867119069732,-603.4829394688716,-0.023043350025108846
2010-12-13,27.27,28.09,27.1725,27.9025,25.459223451187,26.54331264365918,26.167442487181475,26.22708680723555,0.380182438690421,0.22848419170282241,-0.15169824698759862,0,,,52.92462470390822,42.0874704113875,,,,,,,61.731267688741376,,,92.65768958764986,85.52345433051198,,,,,60,100,-40,,,,,,,,,,,,-666.4860413836221,-767.1891279238872,-666.4860413836221,0.01704397096510354
2010-12-20,27.95,28.39999,27.67999,28.3,25.900171776102216,26.894650114927344,26.251072193566515,26.247712809153604,0.41688643696211236,0.3694097992150418,-0.04747663774707053,0,,,60.2202515574993,51.91880054954572,,,,,,,63.602393327612944,,,97.35981817614638,94.71963635229274,97.35981817614638,,,,60,100,-40,,,,,,,,,,,,-653.4885793138727,-746.7911046649986,-653.4885793138727,0.048979661393089534
2010-12-27,28.12,28.2,27.63,27.91,25.96873093495206,27.097720091941877,26.31612818597567,26.264252980206802,0.393581862661429,0.44450069057971575,0.05091882791828674,0,,,61.349713116918295,58.16486312610861,,,,,,,60.46030226097439,,,97.0074099254855,98.45168617393968,,,,,60,100,-40,,,,,,,,,,,,-601.9452012568048,-692.8290856349988,-601.9452012568048,0.0979788524276561
2011-01-03,28.05,28.85001,27.77,28.60001,26.33954586816977,27.398178073553503,26.405692178682507,26.287494343587827,0.4019134043467327,0.5533105833517027,0.15139717900496993,0,,,64.06520478688668,61.87838982043476,,,,,,,63.880418765151184,63.880418765151184,,96.3026113975261,97.04208911802088,,,,,60,100,-40,,,,,,,,,,,,-611.5915283010222,-687.7692518831807,-611.5915283010222,0.1673910033277954
2011-01-10,28.25999,28.59,27.91,28.3,26.346720449014786,27.5785424588428,26.479978759910644,26.307519275492425,0.36554029197627946,0.6083225439753193,0.2427822519990398,0,,,63.03156560933174,62.81549450437891,,,62.81549450437891,,62.81549450437891,,61.37964513668202,,,92.47082729503992,94.01698048603562,,,,,60,100,-40,,,,,,,,,,,,-697.6657958826545,-759.9930242680571,-697.6657958826545,0.186941962736266
2011-01-18,28.16,28.74001,28.02,28.02,26.40909684551373,27.66683396707424,26.54037174971807,26.324558884691506,0.30349775835730286,0.6221544499456684,0.3186566915883655,0,,,60.80813111166467,62.63496716929436,,,,,,,59.042654834259565,,,88.62793972625929,90.93592180839853,,,,,60,100,-40,,,,,,62.63496716929436,,105,,,,-607.1811057221719,-665.4488380375012,-607.1811057221719,0.11302938707614213
2011-01-24,28.02,29.46001,27.45,27.75101,26.46273207083418,27.683669173659393,26.587847759533048,26.33875242812741,0.22862940062786696,0.6044434423731992,0.3758140417453323,0,,,57.61591969019631,60.48520547039758,,,,,,,56.79224417002253,,,78.19196763574871,83.40714175491543,,,,,60,100,-40,,,,,,,,,,,,-568.6027228635952,-620.8217765761375,-568.6027228635952,0.07671231901275866
2011-01-31,27.77,28.11,27.42,27.77,26.328250494346022,27.700935338927515,26.63420667092391,26.352993697499276,0.167503906024979,0.585193924276556,0.41769001825157703,0,,,49.01315096578658,55.81240058921586,,,,,,,56.91783108588289,,,69.5593379327976,74.6038567565743,,,,,60,100,-40,,,,,,,,,,,,-590.6749550702143,-646.1269081077489,-590.6749550702143,0.041773361676401596
2011-02-07,27.8,28.34,27.07001,27.25,26.391947601892735,27.61074827114201,26.658355428926892,26.361919133345054,0.08341761331301106,0.5219620348928409,0.4385444215798298,0,,,38.47015136152426,48.36640733916905,,,,,,,52.399765664970154,,,57.36221572148759,63.05401101714451,,,,,60,100,-40,,,,,,,,,,,,-658.734054148357,-714.10383390634,-658.734054148357,0.01675487708635487
2011-02-14,27.205,27.37,26.60001,27.06,26.36823920175754,27.50059861691361,26.674106196419956,26.36886521162023,0.010217583026267518,0.4513164003626642,0.44109881733639666,0,,,21.962693650264523,36.481998659191795,,,,,,,50.80348219232175,,,46.003349279202766,52.04798452331426,,,,,60,100,-40,,,,,,,,,,,,-738.0551352122922,-795.1758641051873,-738.0551352122922,0.06216300189264902
2011-02-22,26.78,27.10001,26.42999,26.55,26.41765283020343,27.310478893530888,26.66923928675643,26.37066754782301,-0.07276682268952517,0.35014028897449023,0.4229071116640154,0,,,6.061684319738141,22.16484311050898,,,,,,,46.66929100459098,,,28.422065531691075,37.118316381076006,,,,,60,100,-40,,,,,,,,,,,,-674.7723833555118,-729.6893433587895,-674.7723833555118,0.0012707066024799272
2011-02-28,26.69,26.86,25.8,25.9525,26.477818342331755,27.03888311482471,26.641131863746374,26.366506676700393,-0.16295190097246615,0.21921723544843275,0.3821691364208989,0,,,-9.893923657036847,6.043484770988612,,,,,,,42.300398359317406,,,15.46639666293683,22.654330510817754,,,,,60,100,-40,,,,,,,,,,,,-626.6319500181461,-674.2912809299187,-626.6319500181461,-0.08262225905445078
2011-03-07,26.13,26.27,25.35001,25.67999,26.477974889308058,26.76710449185977,26.6034400259524,26.359675664991933,-0.2318110675847181,0.0924053019400013,0.3242163695247194,0,,,-23.727994413595017,-9.186744583631235,,,,,,,40.43034393445581,,,4.667379582893681,9.334759165787354,,,,,60,100,-40,,,,,,,,,,,,-483.60795910575587,-543.5110480335699,-483.60795910575587,-0.0893772291743637
2011-03-14,25.49001,25.75999,24.67999,24.8,26.49812168292891,26.373683593487815,26.532716887679754,26.34415650414624,-0.32193346471752826,-0.07820046137219094,0.24373300334533732,0,,,-36.809870915272064,-23.477262995301302,,,,,,,35.01505102949403,,,1.3797438025093256,2.759487605018642,,1.3797438025093256,,,60,100,-40,,,,,,,,,,,,-399.3156029047094,-463.7817665729208,-399.3156029047094,-0.17343941584902403
2011-03-21,25.17999,25.95,25.14999,25.62,26.49397084843399,26.222946874790253,26.496924068555057,26.33695096679155,-0.31143573602556407,-0.14556166668661774,0.1658740693389463,0,,,-40.20190521813036,-33.579923515665804,,,,,,,42.75519153440754,,,6.14196721970426,3.0709836098521346,,,,,60,100,-40,,,,,,,,,,,,-450.34912964930766,-506.73053628693515,-450.34912964930766,-0.14738878743364836
2011-03-28,25.66,25.72,25.3,25.48,26.180106502117276,26.074357499832203,26.457044693317602,26.328424091500093,-0.29897670231269347,-0.2078468085519205,0.09112989376077293,0,,,-42.33793539883224,-39.78323717741155,,,,,,,41.83360183862593,,,13.07297866692376,8.83972704085098,,,,,60,100,-40,,,,,,,,,,,,-562.1038333494336,-617.3249842347651,-562.1038333494336,-0.11815526131954239
2011-04-04,25.45,26.31,25.41,26.07001,25.991527466251757,26.073487999865762,26.441866862207107,26.325852807007553,-0.23867252259944427,-0.2072107594885324,0.03146176311091186,0,,,-38.598395150262355,-40.379411922408316,,,,,,-40.379411922408316,47.04494443803733,,,25.400424271014515,19.330007416145488,,,,,60,100,-40,,,,,,-40.379411922408316,,,,,,-494.4485909222638,-560.5386234648079,-494.4485909222638,-0.05951455035063148
2011-04-11,26.19,26.25,25.09,25.37,25.75784693294806,25.93279039989261,26.39983286761075,26.3163418338035,-0.2333232567567367,-0.260192307835009,-0.026869051078272317,0,,,-39.66119725563343,-40.19917593490934,,,,,,,42.186894366484,,,29.013442413248523,26.700989061344284,,,,,60,100,-40,,,,,,,,,,,,-447.27611984548855,-515.8952373802973,-447.27611984548855,-0.072346048708771
2011-04-18,25.10001,26,24.72,25.52,25.735857866308912,25.850232319914088,26.365329617900525,26.30841803446217,-0.20792164030895854,-0.2867711014644705,-0.07884946115551195,0,,,-41.579235711145095,-39.94627603901362,,,,,,,43.54032658176801,,,33.79831690992152,32.598342677719835,,,,,60,100,-40,,,,,,-39.94627603901362,,,,,,-463.225916237218,-524.8233760384251,-463.225916237218,-0.1276338954980262
2011-04-25,25.56,26.87,25.34,25.92,25.17829659014399,25.86418585593127,26.34786571131619,26.30455317839787,-0.15485488225797753,-0.27241806397798385,-0.11756318172000632,0,,,-32.70385389550821,-37.98142895409558,,,,,,,47.116829108528194,,,37.07619705233546,35.11914525298672,,,,,60,100,-40,,,,,,-37.98142895409558,,,,,,-531.7302951031784,-589.4009440314387,-531.7302951031784,-0.1751717003910856
2011-05-02,25.94,26.25,25.48,25.87,24.917703976562276,25.86534868474502,26.329125879499866,26.300229266175005,-0.11559499967602449,-0.26205693131503693,-0.14646193163901244,0,,,-28.716329942421545,-34.33313984969161,,,,,,,46.716092696644296,,,44.044331616274555,40.530050806589124,,,,,60,100,-40,,,,,,,,,,,,-465.96115053896403,-520.4189542075408,-465.96115053896403,-0.20758638496687767
2011-05-09,25.8,25.96001,24.95,25.03,24.450725121093544,25.698278947796016,26.278179766578305,26.287590168999134,-0.13719955710248052,-0.3179613780171131,-0.18076182091463258,0,,,-35.68525098079623,-32.36847827290865,,,,,,,40.454048497752645,,,44.84233380887131,44.0691322238467,44.84233380887131,,,,60,100,-40,,,,,,-32.36847827290865,,,,,,-435.7863958955161,-487.6155079879879,-435.7863958955161,-0.27315061221197223
2011-05-16,24.96001,25.07001,24.25,24.49001,23.976396183872573,25.456625158236815,26.208055462006605,26.269703799158346,-0.17636157692073773,-0.40121379206555474,-0.224852215144817,0,,,-48.45137180363421,-37.61765090895066,,,,,,,37.000062211831064,,,35.975231481326915,41.28115269562743,,,,,60,100,-40,,,,,,,,,,,,-354.7343239145131,-417.13996108108097,-354.7343239145131,-0.28489531677695473
2011-05-23,24.21001,25.03,24.03,24.75999,24.00879574216739,25.317298126589453,26.1512685811436,26.254681771306025,-0.17238297936008629,-0.44033093934492484,-0.26794795998483856,0,,,-54.42581775273362,-46.18748017905468,,,,,,,39.78472906240376,,,29.564477065421784,33.85344994794147,,,,,60,100,-40,,,,,,,,,,,,-335.6917195664198,-399.4781499754299,-335.6917195664198,-0.2970413551140392
2011-05-31,24.96001,25.10001,23.84,23.905,24.013168189155436,25.03483850127156,26.063179617177184,26.231301853183577,-0.21297330484293236,-0.534164591038504,-0.32119128619557163,0,,,-60.01976319552364,-54.298984250630475,,,,,,,34.54603662451687,,,19.6260733246918,23.799240274828023,,,,,60,100,-40,,,,,,,,,,,,-231.9295887361617,-292.3003045253517,-231.9295887361617,-0.3429152551827694
2011-06-06,23.89,24.25,23.69,23.705,23.98008403278719,24.76887080101725,25.97070198513102,26.206164521311106,-0.2370854150460412,-0.6175480550031232,-0.38046263995708196,0,,,-65.3919590454072,-59.94584666455481,,,,,,,33.43050844484476,,,14.92111039889435,17.642657838811594,,,,,60,100,-40,,,,,,,,,,,,-77.94239078413227,-162.79115824801505,-77.94239078413227,-0.34198982588130095
2011-06-13,23.78999,24.45,23.64999,24.25999,24.049364459016676,24.6670946408138,25.903615240616077,26.186799600701043,-0.20088323886363257,-0.6315666885366227,-0.4306834496729901,0,,,-64.5021178227019,-63.30461335454424,,,,,,-63.30461335454424,39.320832632171104,,,14.088465631749099,13.95735014925772,,14.088465631749099,,,60,100,-40,,,,,,,,,,,,1.6834984493463878,-101.37458402110323,1.6834984493463878,-0.2725884966335669
2011-06-20,24.17,24.86,24.16,24.3,24.079409140515484,24.59367571265104,25.840728368435055,26.168025475320935,-0.16118198133037004,-0.6321609263359527,-0.4709789450055826,0,,,-58.657518428324565,-62.850531765477875,,,,,,,39.737278158340985,,,24.0221656962224,18.615868866415596,,,,,60,100,-40,,,,,,-62.850531765477875,-107,,,,,-14.986228541443865,-112.94284147181176,-14.986228541443865,-0.3030993379841397
2011-06-27,24.23,26.17,24.23,26.02,24.07158491619295,24.878940570120832,25.847758628496425,26.166552585019232,-0.013788369541723855,-0.48821440693273743,-0.4744260373910136,0,,,-38.92843275408977,-54.029356335038734,,,,,,,54.333445544515556,,,49.11587117961997,35.46994649987741,,,,,60,100,-40,,,,,,,,,,,,-124.98873244299955,-224.22596120420965,-124.98873244299955,-0.21419626754573767
2011-07-05,26.10001,26.98,25.89999,26.92,24.833614565036314,25.287152456096667,25.88980730973186,26.17404957422302,0.1410790490130363,-0.2980772261247182,-0.4391562751377545,0,,,-14.134634656901554,-37.240195279771946,,,,,,,59.8464708140323,,,69.94874178320222,58.021935487949044,,,,,60,100,-40,,,,,,,,,,,,-160.44532654427235,-244.36669553071698,-160.44532654427235,-0.19782073278588475
2011-07-11,26.62,27.00999,26.34,26.78,24.828354953248002,25.585721964877333,25.92471682699728,26.180078931693437,0.22582058080975542,-0.15688054912556026,-0.3827011299353157,0,,,2.568865894256195,-16.83140050557836,,,,,,,58.653221372180276,,,89.84095249512421,81.0798122320166,,,,,60,100,-40,,,,,,,,,,,,-140.3643580816774,-218.118205434223,-140.3643580816774,-0.15958640281910988
2011-07-18,26.63,27.64,26.25999,27.53,25.49204531373029,25.974577571901868,25.987669108291502,26.193510982124348,0.3184493042404418,0.015360500365236618,-0.3030888038752052,0,,,16.410541081790612,1.614924106381764,,,,,,,62.94143689993846,62.94143689993846,,95.81433531160243,93.02657786497302,,,,,60,100,-40,,,,,,,,,,,,-173.02538388500878,-245.73307717345523,-173.02538388500878,-0.07346311834560006
2011-07-25,27.25999,28.145,27.19,27.39999,25.44046921989241,26.259660057521494,26.04305424129968,26.20551574847137,0.3542798231268477,0.13976097503335438,-0.21451884809349328,0,,,27.7129949134414,15.564133963162748,,,,,,,61.738973322286135,,,97.77730740188431,98.18970008005807,97.77730740188431,,,,60,100,-40,,,,,,,,,,,,-70.6571322695526,-157.41797223282697,-70.6571322695526,-0.09979041009328524
2011-08-01,27.50999,27.685,25.23,25.67999,25.453292847042952,26.143726046017196,26.028816427915377,26.20028663654628,0.2503551100880281,0.0984250395165418,-0.15193007057148628,0,,,23.67802202201031,22.600519339080787,,,,,22.600519339080787,,48.467966529179215,,,88.06763315939381,93.0255684501825,,,,,60,100,-40,,,,,,,,,,,,251.2805281430933,115.74893180950525,251.2805281430933,-0.09215373407141247
2011-08-08,25.02,25.62,24.03,25.10001,25.250914786539887,25.934982836813756,25.9923926464285,26.18933861031199,0.13646523354007462,0.018651471353607008,-0.11781376218646761,0,,,8.140548920439388,19.843855285297046,,,,,,,44.93924854130414,,,72.32378266206207,81.28054447910995,,,,,60,100,-40,,,,,,19.843855285297046,,,,,,251.04770484434908,128.3400351168679,251.04770484434908,-0.06387425772133587
2011-08-15,25.24001,25.7,23.91,24.05,25.177993730358466,25.557986269451003,25.916220385784243,26.168051658965602,-0.00800756731089583,-0.1278232213250874,-0.11981565401419156,0,,,-5.406592618683236,8.803992774588835,,,,,,,39.32407490349991,,,49.836608700905344,61.5374840288575,,,,,60,100,-40,,,,,,,,,,,,459.0390312362856,319.5509378228919,459.0390312362856,-0.10236036110308729
2011-08-22,24.42,25.34,23.78999,25.25,25.090279892475717,25.4963890155608,25.890094096145646,26.158916816587833,-0.02046701704265222,-0.14539942531750683,-0.1249324082748546,0,,,-12.668056697769284,-3.3113667986710325,,,,,,,47.45303414177675,,,41.48277083478419,46.11707397188394,,,,,60,100,-40,,,,,,,,,,,,458.3046619205973,323.26894912782063,458.3046619205973,-0.08264857903499977
2011-08-29,25.53,26.86,25.37,25.8,25.04311561444174,25.557111212448643,25.886560994336012,26.155345504979994,0.0090352561171098,-0.11363833812846735,-0.12267359424557715,0,,,-5.159574958073338,-7.7447414248419415,,,,,,,50.73051463087984,,,41.407867460541354,39.44998399793008,,41.407867460541354,,,60,100,-40,,,,,,-7.7447414248419415,,,,,,448.6129052077615,322.67459474094414,448.6129052077615,-0.08089500538169234
2011-09-06,25.2,26.66,25.11,25.74001,24.990750213410184,25.593690969958914,25.880813896518912,26.151212813388153,0.024343036413919467,-0.09224479872817781,-0.11658783514209728,0,,,-1.278971076366243,-6.368867577402945,,,,,,,50.35936333572958,,,50.83088805144024,45.46899868092939,,,,,60,100,-40,,,,,,,,,,,,517.9560133518048,382.18830478804523,517.9560133518048,-0.09500635643687676
2011-09-12,25.44,27.27,25.27,27.12,24.95069662673803,25.898952775967132,25.92940942998876,26.160852486886778,0.12179220127926452,0.03565241645698336,-0.08613978482228116,0,,,9.999898726572667,1.1871175640443727,,,,,,,58.01431032469737,,,60.986749259820144,55.383006716186,60.986749259820144,,,,60,100,-40,,,,,,,,,,,,432.8731018332948,305.4267948265824,432.8731018332948,-0.03286750171717008
2011-09-19,26.8,27.5,24.60001,25.06,24.84921829625674,25.731162220773705,25.89531494253822,26.149898730798352,0.04580783398088359,-0.028879992346176664,-0.07468782632706025,0,,,6.99603512542105,5.238987591875836,,,,,,,46.434552080541216,,,58.447203604907436,59.919419108805066,,,,,60,100,-40,,,,,,,,,,,,522.3507196817867,353.53101394902194,522.3507196817867,-0.07004763867655892
2011-09-26,25.19,26.37,24.73,24.89,24.62641841795269,25.562929776618965,25.855890827144567,26.137362425019266,-0.014387105924087096,-0.09267170873216912,-0.07828460280808203,0,,,-1.4602504299787942,5.178561140671652,,,,,,,45.620470504423075,,,51.638464462229436,56.71060220723074,,,,,60,100,-40,,,,,,5.178561140671652,,,,,,630.1051342850983,421.0708295946543,630.1051342850983,-0.05622527185009729
2011-10-03,24.72,26.50999,24.25999,26.25,24.599531388098924,25.70034382129517,25.87134608882517,26.138483196909622,0.03614379635196725,-0.033104857368122964,-0.06924865372009022,0,,,-1.867275360257844,1.222836445061482,,,,,,,52.793183771827906,,,43.5131797771123,47.64191859311563,,43.5131797771123,,,60,100,-40,,,,,,,,,,,,557.3587462332622,373.60340603198983,557.3587462332622,0.008044122835126954
2011-10-10,26.58,27.5,26.47,27.27,24.357412003234714,26.014275057036137,25.926195261812417,26.149742070572213,0.13164621327436143,0.09530911287286159,-0.03633710040149986,0,,,18.669948459914846,5.114140889892736,,,,,,,57.362613191659996,,,50.89571086853462,46.93554735385158,,,,,60,100,-40,,,,,,5.114140889892736,,,,,,450.5662469181236,290.2209685716281,450.5662469181236,0.008880517508348734
2011-10-17,27.11391,27.47,26.39999,27.16,24.266177574432234,26.24342004562891,25.974579761349187,26.159794388277962,0.17791550136542453,0.1860572763052808,0.008141774939856274,0,,,29.643355331006852,15.482009476887953,,,,,,,56.721171661104975,,,62.822834969543436,54.97149632085337,,,,,60,100,-40,,,,,,,,,,,,359.55420202391934,218.3626106495139,359.55420202391934,0.06366575231923208
2011-10-24,27.06,27.39999,26.10001,26.98,24.327877747687076,26.390736036503128,26.01400800600216,26.167955638145845,0.18602816368765374,0.24067697954942346,0.054648815861769715,0,,,33.98940438363162,27.43423605818444,,,,,,,55.618641570617584,,,71.48071379590007,67.12286889831283,,,,,60,100,-40,,,,,,,,,,,,265.9988925650249,139.56940871323866,265.9988925650249,0.11458023183136767
2011-10-31,26.755,27,25.7,26.25,24.35231790856657,26.3625888292025,26.023262594002077,26.16877199995534,0.13427600211580126,0.22249381850652128,0.08821781639072002,0,,,28.853538864639074,30.828766193092516,,,,,,,51.24253095398261,,,72.26015769221783,72.75826192403912,,,,,60,100,-40,,,,,,30.828766193092516,,,,,,217.6354575532022,100.55678894719527,217.6354575532022,0.0850438597813882
2011-11-07,26.21001,27.2,26.06,26.91,24.3750094865261,26.472071063362,26.058036609923565,26.17614740294086,0.1361151730639823,0.2583617827206979,0.12224660965671559,0,,,31.97047203904042,31.60447176243704,,,,,31.60447176243704,,54.7311277000426,,,74.30737577310359,74.05384092502275,74.30737577310359,,,,60,100,-40,,,,,,31.60447176243704,,,,,,194.42901072534727,75.00100913861431,194.42901072534727,0.1337943470220615
2011-11-14,26.8799,27,25.14999,25.3,24.418937380345664,26.2376568506896,26.02830968404421,26.167429518334483,0.026271609740110557,0.15508612183185377,0.12881451209174322,0,,,16.503529728221913,25.775846877300467,,,,,,,46.02799304131652,,,65.95274413045958,69.55711308562503,,,,,60,100,-40,,,,,,25.775846877300467,,,,,,225.44191786619322,90.45537111341173,225.44191786619322,0.05398230536025825
2011-11-21,25.24001,25.25,24.3,24.3,24.358297567463833,25.85012548055168,25.960532833689534,26.14884813009235,-0.10894545005807554,-0.007367300480851213,0.10157814957722433,0,,,-7.838559297593161,13.545147489889724,,,,,,,41.57909392339706,,,49.79222173508646,59.123432316662864,,,,,60,100,-40,,,,,,,,,,,,319.9070237087035,180.37257636551868,319.9070237087035,-0.005115357492543897
2011-11-28,24.94,25.63,24.69,25.22,24.423419169787845,25.724100384441343,25.93149233040759,26.13960586014118,-0.13019960092183497,-0.061171351575069366,0.06902824934676559,0,,,-16.726189140937976,-2.687072903436409,,,,,,,46.71250191962388,,,32.71449306385922,42.05959311413066,,,,,60,100,-40,,,,,,,,,,,,253.56029212530288,127.5775624808789,253.56029212530288,-0.01108734071486431
2011-12-05,25.78,25.87,25.33501,25.7,24.436746371945855,25.719280307553074,25.92241419980337,26.135231672478085,-0.10669285143743308,-0.06433781495002577,0.04235503648740731,0,,,-16.631126397896978,-13.731958278809373,,,,,,,49.23381921370812,,,28.487691332237542,30.20144670789323,,28.487691332237542,,,60,100,-40,,,,,,,,,,,,222.00387537524784,92.56346021162818,222.00387537524784,-0.04126363216532618
2011-12-12,25.41,26.17,25.28999,26,24.546264488235437,25.77542424604246,25.925456780203238,26.13388608369721,-0.06760710432558868,-0.04215384391957855,0.025453260406010137,0,,,-12.953275853468181,-15.436863797434379,,,,,,,50.8097014311967,,,38.96379872382731,32.01773160445607,,,,,60,100,-40,,,,,,-15.436863797434379,,,,,,257.0940798524755,100.27919471860486,257.0940798524755,0.02936855624309959
2011-12-19,26.02,26.19,25.44,26.03,24.615101310504333,25.826339396833966,25.929556514312914,26.132852391322114,-0.03788236173043903,-0.021899691757038653,0.01598266997340038,0,,,-8.381573309732309,-12.65532518703249,,,,,,,50.974568075243006,,,48.96657040781615,42.65423565385318,,,,,60,100,-40,,,,,,,,,,,,220.34970169747993,61.1375229515858,220.34970169747993,0.09699041671398896
2011-12-27,25.96001,26.14999,25.75999,25.96001,24.69759407403974,25.853073517467173,25.930750768653585,26.131132566532838,-0.021877922178137433,-0.011364732749271411,0.010513189428866022,0,,,-2.897388333314952,-8.077412498838482,,,,,,,50.54639400581998,,,55.93852515655276,53.266455329520795,,,,,60,100,-40,,,,,,,,,,,,214.8315741161199,42.74888241493386,214.8315741161199,0.07024784767091
2012-01-03,26.55,28.19,26.39,28.105,25.660623068751185,26.303458813973737,26.01601544439266,26.150773038507634,0.12609263127887466,0.16812897852745934,0.04203634724858468,0,,,24.442885014312388,4.387974457088377,,,,,,,61.33055051052865,,,67.52024897776153,62.232499525221726,,,,,60,100,-40,,,,,,,,,,,,169.40765154955267,14.976358339491327,169.40765154955267,0.17735695801634352
2012-01-09,28.05,28.25,27.37,28.25,25.661651420983244,26.69276705117899,26.10362268186746,26.171660868970243,0.22109804732963476,0.31840890641062813,0.09731085908099338,0,,,41.326611486337576,20.957369389111673,,,,,,,61.938378011745385,,,79.2121130672509,72.46070488709697,,,,,60,100,-40,,,,,,,,,,,,125.87898763145216,-8.655706813143453,125.87898763145216,0.18581562433267831
2012-01-17,28.39999,29.74001,27.97,29.71001,27.1808291766273,27.296215640943192,26.245049635519717,26.20686832301034,0.3613425393844564,0.5489890333115639,0.1876464939271075,0,,,56.722916697714595,40.830804399454856,,,,,,,67.50923739019572,,,93.12858661295104,86.25717322590206,,,,,60,100,-40,,,,,,,,,,,,57.53735351664268,-53.445578301662806,57.53735351664268,0.2693061978942793
2012-01-23,29.55,29.95,29.07001,29.23,27.108626378296776,27.682972512754553,26.36210651255816,26.236949235219193,0.39795904293664863,0.6850952975979183,0.2871362546612697,0,,,64.63865428211925,54.22939415539047,,,,,,,64.164322453282,,,95.09738752664475,94.03957407517358,,,,,60,100,-40,,,,,,,,,,,,-3.833074395474192,-97.36456406499684,-3.833074395474192,0.24186725728427563
2012-01-30,28.97,30.39999,28.83,30.24001,27.698726636989864,28.19438001020364,26.514181159124508,26.276780685615023,0.4618865995649461,0.8644945041174523,0.4026079045525062,0,,,69.19693774369426,63.5195029078427,,,,,,,67.80097712429588,,,96.79600081509662,97.4368006520773,,,,,60,100,-40,,,,,,,,,,,,-208.59069723266066,-293.29827968954294,-208.59069723266066,0.23195104278556133
2012-02-06,30.03999,30.8,29.97,30.495,27.910952591490588,28.654504008162913,26.67029170190394,26.31875301710144,0.49034466147851186,1.015538731400646,0.5251940699221342,0,,,72.53343410729909,68.7896753777042,,,,,,,68.67053599452646,,,96.15520097811593,96.15520097811593,,,,,60,100,-40,,,,,,,,,,,,-196.11966137217695,-273.60768338235334,-196.11966137217695,0.2913200809199537
2012-02-13,30.63,31.55,29.85001,31.25,28.73195597781269,29.17360320653033,26.849888105750843,26.367820151259632,0.5258711880483975,1.1825330549826312,0.6566618669342337,0,,,74.30708418587132,72.01248534562156,,,,,,,71.16809387228952,,,98.71840032603865,97.4368006520773,,,,,60,100,-40,,,,,,,,,,,,-255.00699566814475,-323.86083185828903,-255.00699566814475,0.3704401749649035
2012-02-21,31.17999,31.67999,31,31.48,28.898960550826068,29.634882565224263,27.031461121211596,26.41868761244113,0.5292628917837098,1.3182404816638709,0.7889775898801611,0,,,75.24828307069068,74.02960045462036,,,,,,,71.90718973802637,,,99.35920016301932,98.71840032603865,,,,,60,100,-40,,,,,,,,,,,,-291.3693600921184,-351.34068061132734,-291.3693600921184,0.34458893347190794
2012-02-27,31.24001,32.44,31.10001,32.075,29.581179082909923,30.12290605217941,27.229246959595454,26.474969327740222,0.5344224625111512,1.4570056680191001,0.9225832055079489,0,,,75.54900667654033,75.03479131103411,,,75.03479131103411,,75.03479131103411,,73.79015822915764,,,100,100,100,,,,60,100,-40,,,,,,,,,,,,-264.7567491662787,-324.7332841365406,-264.7567491662787,0.34101992750379934
2012-03-05,32.00999,32.21001,31.49001,31.99001,29.567882005559216,30.496326841743528,27.41594354941524,26.529845354329872,0.4958061946826795,1.5423409488612982,1.0465347541786187,0,,,73.67033267279906,74.82254080667668,,,,,,,73.0326663294992,,,99.41343957293579,99.7067197864679,,,,,60,100,-40,,,,,,74.82254080667668,,105,,,,-309.34643113604625,-365.69086883898774,-309.34643113604625,0.3384224280590638
2012-03-12,31.97,32.95,31.82001,32.60001,30.169114719447837,30.917063473394823,27.619240272967584,26.590245002545494,0.47499900346388757,1.6402835085084781,1.1652845050445906,0,,,72.83906606376026,74.01946847103322,,,,,,,75.02605002149316,75.02605002149316,,99.26679946616972,99.41343957293579,,,,,60,100,-40,,,,,,,,,,,,-359.46526183858333,-413.74707450462637,-359.46526183858333,0.3394969745586664
2012-03-19,32.535,32.61,31.72,32.00999,30.18132295377299,31.135648778715858,27.79142653677278,26.64417281346544,0.38877985204504895,1.6512593201009018,1.2624794680558529,0,,,68.84485720414438,71.78475198023456,,,,,,,69.63262478676529,,,94.8828068716673,97.00148311553549,,,,,60,100,-40,,,,,,,,,,,,-336.8352142315682,-386.70215186742155,-336.8352142315682,0.3391244435778793
2012-03-26,32.19,32.7,31.81,32.255,30.22694345707492,31.359519022972687,27.966468633369924,26.700001939699614,0.3184850574936162,1.660585789922873,1.3421007324292569,0,,,65.2837348900326,68.98921938597908,,,,,,,70.58392265304495,,,90.98586356761749,93.46400428060944,,,,,60,100,-40,,,,,,,,,,,,-347.41062982582855,-404.5744878915267,-347.41062982582855,0.31947733139500617
2012-04-02,32.22,32.46001,31.05,31.52,30.269305352998142,31.39161521837815,28.10582280461032,26.747962119404097,0.19858847002076496,1.5903363199552132,1.3917478499344482,0,,,57.994737832871884,64.04110997568296,,,,,,,64.06200339009918,,,73.49535648116583,82.06564161118908,,,,,60,100,-40,,,,,,,,,,,,-290.60869713022333,-352.8336719112491,-290.60869713022333,0.35530731594237674
2012-04-09,31.22,31.39999,30.23,30.81,30.234354256355417,31.275292174702518,28.211868969135406,26.78838040677321,0.05503043522817164,1.4605358939696629,1.4055054587414912,0,,,44.919210034192666,56.065894252365716,,,,,,,58.41370659890059,,,50.870643533903895,63.79352031839398,,,,,60,100,-40,,,,,,,,,,,,-249.58893401563728,-316.8639133819311,-249.58893401563728,0.39196503009151684
2012-04-16,30.99001,32.89,30.77,32.42,30.21904395233003,31.504233739762014,28.37689371544382,26.844416422626214,0.052098967619789605,1.4706291682662282,1.4185302006464386,0,,,44.62024630936404,49.17806472547618,,,,,,,65.81744615218024,65.81744615218024,,34.01243479550415,42.72442692289119,,,,,60,100,-40,,,,,,,,,,,,-226.0273096491578,-290.1613836761254,-226.0273096491578,0.4159866709850603
2012-04-23,32.31,32.52,31.83,31.98,30.086255812877884,31.599386991809613,28.51819200111269,26.895516756729435,0.006518225397236677,1.4266779823929845,1.4201597569957478,0,,,44.29097888125815,44.610145074938266,,,,,,,62.52193895573551,,,26.697290394614292,29.160697551689893,,,,,60,100,-40,,,,,,,,,,,,-285.8405260765836,-347.40476846228444,-285.8405260765836,0.36873023964739493
2012-04-30,31.98,32.33501,30.92,30.98,30.167238254815178,31.47550959344769,28.614733491265135,26.936158381040585,-0.09915758616589021,1.296212774288385,1.3953703604542753,0,,,36.0276198078117,41.64628166614462,,,,,,,55.6601825883015,,,24.411643142635103,24.58940304773152,,,,,60,100,-40,,,,,,,,,,,,-197.50588497175022,-268.78571965095995,-197.50588497175022,0.29775357949817266
2012-05-07,30.7,31.53999,30.10001,31.16,30.138863379471236,31.412407674758153,28.7145478641567,26.978186655856103,-0.1614292787923568,1.1935837619638292,1.355013040756186,0,,,23.469007457107264,34.595868715392356,,,,,,,56.58922388183398,,,14.987296250659544,19.610589744099133,,,,,60,100,-40,,,,,,,,,,,,-126.14117861325016,-204.46104335078545,-126.14117861325016,0.2925705513308887
2012-05-14,30.82001,31.03999,29.17,29.27,30.108948138080432,30.983926139806524,28.736330300856437,27.000990768733157,-0.3249663596426775,0.9488050912028392,1.2737714508455167,0,,,3.655168814057628,21.050598692992185,,,,,,,45.697736112843785,,,6.886234571091766,12.092588784235561,,,,,60,100,-40,,,,,,,,,,,,61.339035680068044,-61.83176274155173,61.339035680068044,0.23335431599208736
2012-05-21,29.10001,29.88,28.64,29.06,30.002595413931832,30.59914091184522,28.749023230234616,27.021478422775612,-0.4354474007035045,0.7294621999661359,1.1649096006696404,0,,,-13.422745351987821,4.567143639725678,,,,,,,44.663020137811515,,,3.1272340911599783,4.574587824371988,,,,,60,100,-40,,,,,,,,,,,,70.18648373823751,-43.31689678854232,70.18648373823751,0.16535605822977933
2012-05-29,29.38,29.72,28.44,28.45,30.010982170079558,30.169312729476175,28.737296829048944,27.035692567822622,-0.5314169379758131,0.5006384281998741,1.0320553661756873,0,,,-25.769492743239844,-11.845689760390025,,,,,,,41.69234323364699,,,0.5599601193159967,1.119920238632001,,0.5599601193159967,,,60,100,-40,,,,,,,,,,,,176.51621396764887,50.92253899119264,176.51621396764887,0.07010399667790587
2012-06-04,28.62,29.7,28.32001,29.64999,29.83304558650245,30.06544818358094,28.773088718105846,27.06170547759553,-0.49653952405249735,0.4113809611100656,0.907920485162563,0,,,-30.82520605229439,-23.33914804917403,,,,,,,48.93124234519003,,,5.36592119873219,3.1029306888530854,,,,,60,100,-40,,,,,,,,,,,,132.60417506444003,17.118440992794,132.60417506444003,0.037379766221851234
2012-06-11,29.73,30.08,28.82001,30.02,29.82068661603799,30.056358546864754,28.821987199748754,27.091141243987614,-0.4333137783169545,0.36627826226636984,0.7995920405833243,0,,,-30.479951578707812,-29.024883458080694,,,,,,,50.96478353285846,,,12.841014164022258,8.32773500916395,,,,,60,100,-40,,,,,,,,,,,,100.31250687090545,-16.90309373316854,100.31250687090545,0.1214927539854369
2012-06-18,29.99001,31.14,29.71001,30.7,29.82635328632099,30.185086837491802,28.895634760542922,27.127050286335997,-0.334863798109021,0.3810122929470481,0.7158760910560691,0,,,-20.638521424231257,-27.314559685077835,,,,,,,54.566668364834875,,,25.82822991046855,19.159916212107237,,,,,60,100,-40,,,,,,-27.314559685077835,,,,,,67.52841471255898,-46.55707669077426,67.52841471255898,0.09736895475363813
2012-06-25,30.30009,30.69,29.42,30.59,29.807329480155207,30.266069469993443,28.962080456207907,27.16150749741723,-0.2691495928680737,0.3794390999709769,0.6485886928390506,0,,,-16.031688633554936,-22.38338721216468,,,,,,,53.87317836528255,,,34.44338568604376,29.684402074949485,,,,,60,100,-40,,,,,,,,,,,,-35.658569780633584,-149.91033547426983,-35.658569780633584,0.12518126753358413
2012-07-02,30.62,30.78,29.95,30.185,29.811091660144122,30.249855575994754,29.010038085376223,27.19159199993049,-0.24561114886609114,0.34157475675643667,0.5871859056225278,0,,,-11.124700150104621,-15.93163673596362,,,,,,,51.27400954400332,,,40.40985703097958,38.12965674198176,40.40985703097958,,,,60,100,-40,,,,,,,,,,,,-56.44792072960932,-156.29027447894805,-56.44792072960932,0.07321552190984594
2012-07-09,30.12,30.23,28.53999,29.39,29.43887082727668,30.077884460795804,29.024938552616373,27.213466706398844,-0.2740706704570314,0.24459756755123863,0.51866823800827,0,,,-20.905057778071495,-16.020482187243683,,,,,,,46.50293237136014,,,36.32447172330604,38.635342515931875,,,,,60,100,-40,,,,,,-16.020482187243683,,,,,,-106.18466241513491,-202.41931548277566,-106.18466241513491,0.05663705789395161
2012-07-16,29.48,31.05,29.03999,30.11501,28.558950053899775,30.085309568636642,29.06768645251377,27.242337783947114,-0.23600146468843886,0.22366640714772146,0.4596678718361603,0,,,-16.777363012638922,-16.269040313605014,,,,,,,51.006879061556866,,,34.32455591881808,36.338192522073435,,,,,60,100,-40,,,,,,,,,,,,-63.24199652147399,-168.34307630408918,-63.24199652147399,0.03276602698386173
2012-07-23,29.57001,29.85001,28.78,29.755,28.457595050049793,30.019247654909314,29.09463992496421,27.267339398037194,-0.22693453867851765,0.17599969848801322,0.4029342371665309,0,,,-24.349313849783666,-20.677244880164697,,,,,,,48.79689994339595,,,31.049982386661735,32.1061212548916,,31.049982386661735,,,60,100,-40,,,,,,,,,,,,-79.92526988120599,-179.553426066982,-79.92526988120599,0.059523928450921026
2012-07-30,29.75,29.94,28.97,29.75,27.99990826076052,29.96539812392745,29.12034032006365,27.29204248860399,-0.21334784444793575,0.13624943160661118,0.34959727605454693,0,,,-27.596461245902017,-22.90771270277487,,,,,,,48.76511026198307,,,35.958575136310635,33.555478276653965,,,,,60,100,-40,,,,,,,,,,,,-78.1206753573504,-164.18007587298533,-78.1206753573504,0.06382815801319996
2012-08-06,30,30.64999,29.81,30.42,28.054200527849055,30.05631849914196,29.171307366335665,27.323166443941265,-0.15407729805136905,0.15700065349033565,0.3110779515417047,0,,,-14.346464329957975,-22.09741314188122,,,,,,,53.19183450055752,,,44.67771850183345,39.42773812951652,,,,,60,100,-40,,,,,,-22.09741314188122,,,,,,-61.189643474195776,-147.96551662335162,-61.189643474195776,0.09510855199362787
2012-08-13,30.35001,30.94,30.00999,30.89999,28.314606204431264,30.225052799313566,29.23909884216564,27.358756728081154,-0.08105487911559212,0.20975935264721457,0.2908142317628067,0,,,0.6683092922873257,-13.758205427857556,,,,,,,56.13334672567946,,,62.95825405935691,53.551469747207875,,,,,60,100,-40,,,,,,,,,,,,-107.33698102434201,-187.4263317827422,-107.33698102434201,0.1288336372003963
2012-08-20,30.82001,30.96001,30.08,30.56,28.366417904114744,30.292042239450854,29.290898887570908,27.39060989496592,-0.05538547626671381,0.2215823864294144,0.2769678626961282,0,,,9.526277388100414,-1.3839592165234116,,,,,,,53.55101061371006,,,76.98032332816648,69.06334597549731,,,,,60,100,-40,,,,,,,,,,,,-101.45752992900711,-183.34881691315275,-101.45752992900711,0.14755530722409266
2012-08-27,30.92999,30.96001,30.22,30.82001,28.421671625249406,30.397635791560685,29.350864029234792,27.424733279095612,-0.022324826040408696,0.24906183014561734,0.27138665618602603,0,,,17.902416449991243,9.365667710126326,,,,,,,55.25634407319744,,,87.5312830759089,83.08122630103985,,,,,60,100,-40,,,,,,,,,,,,-110.28343357827858,-188.19448656530682,-110.28343357827858,0.17211973750493598
2012-09-04,30.45,31.36,30.14999,30.95,28.542988652017307,30.508108633248547,29.413575243774606,27.45981055990063,0.005388731079635556,0.2781225700355705,0.27273383895593495,0,,,25.88485801776566,17.771183951952437,,,,,,,56.12870360483943,,,90.74155614463297,89.59043820521988,,,,,60,100,-40,,,,,,,,,,,,-191.14099110950065,-267.6136708261601,-191.14099110950065,0.152106557079004
2012-09-10,30.83,31.25,30.39999,31.21001,28.8020694625875,30.64848890659884,29.484023665587365,27.497125977215052,0.03658333401378233,0.31846300647316284,0.2818796724593805,0,,,32.86896359989366,25.55207935588352,,,,,,,57.90704710186573,,,95.88575080904542,93.91137888822873,,,,,60,100,-40,,,,,,,,,,,,-333.6608109077733,-411.68391249413105,-333.6608109077733,0.2349196112775264
2012-09-17,31.19,31.61,30.91,31.19,28.85263521525982,30.756791125279072,29.55092469830943,27.53387099236714,0.050370913352209445,0.3448433141496423,0.29447240079743287,0,,,40.95683865534649,33.2368867576686,,,,,,,57.712008526551344,,,97.86256791205871,96.3694831595064,97.86256791205871,,,,60,100,-40,,,,,,,,,,,,-413.9042998336327,-488.6504738588345,-413.9042998336327,0.2653524518078946
2012-09-24,31,31.07001,29.74001,29.75999,28.921019128455548,30.557430900223256,29.559123337591412,27.556021430254034,-0.03757237164430871,0.247506936242047,0.2850793078863557,0,,,26.362324099838816,33.39604211835965,,,,,33.39604211835965,,45.77552238933944,,,76.94328596441858,87.77558683082758,,,,,60,100,-40,,,,,,33.39604211835965,,,,,,-390.4671544093358,-466.1685695208646,-390.4671544093358,0.17381817718794293
2012-10-01,29.81,30.25,29.42,29.85001,28.87737704785158,30.415946720178606,29.570530657685868,27.57884718716693,-0.0875780606648644,0.17560673205527522,0.2631847927201396,0,,,9.900035398534083,25.739732717906463,,,,,,,46.529719409808244,,,50.81621183941242,66.77476536036136,,,,,60,100,-40,,,,,,,,,,,,-419.47312633491106,-500.5015568807074,-419.47312633491106,0.23787117138137043
2012-10-08,29.64,29.92,28.8,29.2,28.925422258719326,30.172757376142886,29.556000043658972,27.59497806092646,-0.15821119629162617,0.06542079735560691,0.22363199364723307,0,,,-8.00094408047367,9.420471805966411,,,,,,,41.96399780425992,,,18.214778271936964,34.34954999008674,,,,,60,100,-40,,,,,,,,,,,,-327.75073972856364,-409.50127381148786,-327.75073972856364,0.24203745963437898
2012-10-15,29.37,29.74001,28.5,28.64,28.92860709738223,29.86620590091431,29.520078473319405,27.60537628917595,-0.23196568690641897,-0.06632511498579063,0.16564057192062834,0,,,-22.564374306903396,-6.8884276629476595,,,,,,,38.44329257457975,,,7.542948514566565,13.005890475345945,,,,,60,100,-40,,,,,,,,,,,,-223.61424159609754,-325.9555876639446,-223.61424159609754,0.22378385847296417
2012-10-22,28.73,28.83,27.75999,28.21001,28.914420161854927,29.534966720731447,29.468703239071584,27.611392545005046,-0.2949846188902444,-0.20309020169217717,0.09189441719806724,0,,,-36.757341891959996,-22.44088675977902,,,,,,,35.93540648615959,,,0.6933355179290482,1.386671035858119,,0.6933355179290482,,,60,100,-40,,,,,,,,,,,,-152.0480158513525,-263.05457172504566,-152.0480158513525,0.15736636853628383
2012-10-29,28.55,29.77,28.5,29.4998,28.925532293151004,29.527933376585157,29.469922719892306,27.630182668935344,-0.23754648266202388,-0.20503868612946263,0.03250779653256126,0,,,-35.3381282238348,-31.55328147423273,,,,,,,47.14087363314456,,,11.691050777866343,6.3655270273799625,,,,,60,100,-40,,,,,,,,,,,,-133.49383115110658,-242.49919504776466,-133.49383115110658,0.13823674752505877
2012-11-05,29.62,30.2,28.8,28.83,28.865853557925934,29.388346701268127,29.444827711269077,27.64212114984146,-0.23213423108856382,-0.2576599923281435,-0.025525761239579697,0,,,-33.55388697254627,-35.21645236278035,,,,,,,42.917720912028315,,,21.166054739022165,14.837171001599259,,,,,60,100,-40,,,,,,-35.21645236278035,,,,,,-17.4040436690872,-132.0447959481711,-17.4040436690872,0.060126360305826854
2012-11-12,28.94,29.00999,26.34489,26.5209,28.833293303788366,28.8148573610145,29.330163879454602,27.630964720489803,-0.36370173070634604,-0.48015292462251224,-0.1164511939161662,0,,,-50.3754408354483,-39.75581867727646,,,,,,,32.15824339309687,,,25.748544485096346,24.00215049374762,25.748544485096346,,,,60,100,-40,,,,,,-39.75581867727646,,,,,,142.1239642707468,-4.40028759395819,142.1239642707468,-0.06292172080920702
2012-11-19,26.8,27.77,26.46001,27.7,28.62233021066063,28.5918858888116,29.266235884181874,27.631651638693885,-0.3507907741547315,-0.5549396616095805,-0.20414888745484908,0,,,-57.901442311419636,-47.27692337313807,,,,,,,40.42087944912841,,,23.491773751259586,25.49335611385233,,,,,60,100,-40,,,,,,,,,,,,105.37415258515648,-25.418417122329444,105.37415258515648,-0.0029099679031827446
2012-11-26,27.53999,27.58,26.49001,26.61501,28.620023052756295,28.19651071104928,29.162266241664938,27.62153580149295,-0.3916897453067066,-0.6937610690882323,-0.30207132378152574,0,,,-63.29912392627844,-57.19200235771546,,,,,,,36.0446547606231,,,18.89242896325758,21.692496947906765,,,,,60,100,-40,,,,,,,,,,,,68.9424884787644,-57.16052310008774,68.9424884787644,-0.06074227924722593
2012-12-03,26.78,26.98,26.25999,26.455,28.612156406130847,27.848208568839425,29.056098938070235,27.60992848008506,-0.40424894218331536,-0.8073825015106699,-0.40313355932735456,0,,,-66.65098341556592,-62.617183217754665,,,,,,,35.43178196480642,,,19.815545426846164,19.303410805241892,,,,,60,100,-40,,,,,,,,,,,,47.31658148262543,-70.40406435461722,47.31658148262543,-0.08933289559565448
2012-12-10,26.56,27.62,26.52,26.81,27.353439519978643,27.64056685507154,28.968016626773363,27.60196899272103,-0.3645988435703061,-0.8588821137902372,-0.49428327021993107,0,,,-64.21901333665498,-64.72304022616645,,,,,,-64.72304022616645,37.96688939056111,,,17.359407730802147,17.78471412216578,,17.359407730802147,,,60,100,-40,,,,,,-64.72304022616645,-107,,,,,50.53174848578443,-60.3305981083232,50.53174848578443,-0.15667154072811232
2012-12-17,26.78999,27.73,26.67999,27.45,27.365337411408742,27.602453484057232,28.90848656297833,27.600456863440225,-0.27528446499121917,-0.838388851458955,-0.5631043864677359,0,,,-58.775835619774156,-63.21527745733167,,,,,,,42.38490811887259,,,23.093051289266327,20.861970991605403,,,,,60,100,-40,,,,,,,,,,,,27.70779421564182,-72.08867117953716,27.70779421564182,-0.14537957041590863
2012-12-24,27.2,27.25,26.55,26.55,27.042602596308114,27.391962787245784,28.815996893841923,27.590004556341317,-0.2571752584956807,-0.8845734595873367,-0.627398201091656,0,,,-58.13999466998638,-60.37828120880516,,,,,,,38.23628205304248,,,29.890559043904062,25.509837753543476,,,,,60,100,-40,,,,,,,,,,,,31.76092254007056,-73.52709460143949,31.76092254007056,-0.1847941018344031
2012-12-31,26.59,27.73,26.37,26.74001,27.089545268000393,27.261572229796627,28.734585643103024,27.58154689906429,-0.21449734274401822,-0.8955198795216788,-0.6810225367776606,0,,,-54.96514013959367,-57.29365680978473,,,,,,,39.58868890263218,,,38.47848868466225,34.13809732262911,,,,,60,100,-40,,,,,,,,,,,,-80.37742701266953,-168.3403501284505,-80.37742701266953,-0.23137002621952202
2013-01-07,26.77,26.98,26.28,26.83,27.067420606000365,27.175257783837303,28.65989601004016,27.574068820466636,-0.16455164277380763,-0.8867120902449201,-0.7221604474711125,0,,,-54.168958171512145,-55.758030993697396,,,,,,,40.25983985876415,,,44.16768082708039,41.35638050878021,,,,,60,100,-40,,,,,,,,,,,,-164.85425846491148,-245.00574101418675,-164.85425846491148,-0.19754421590022894
2013-01-14,26.89999,27.47,26.75999,27.25,27.141161991286054,27.190206227069844,28.604605970430743,27.570844255088858,-0.09123335886385942,-0.8362021460509368,-0.7449687871870774,0,,,-47.088398603007064,-52.07416563803762,,,,,,,43.43708607740361,,,53.81355967160838,49.35624513382319,,,,,60,100,-40,,,,,,,,,,,,-239.4262114712912,-317.73196992069825,-239.4262114712912,-0.192907948407421
2013-01-22,27.3,28.23,27,27.88,26.53840613476562,27.328164981655874,28.576190050021694,27.57392043165514,0.006500590943213758,-0.7368430485080601,-0.7433436394512739,0,,,-33.025631470853654,-44.76099608179095,,,,,,,47.936645590567984,,,67.83388195828475,60.229404817835906,,,,,60,100,-40,,,,,,,,,,,,-352.25780938560194,-422.68979357148044,-352.25780938560194,-0.17435765621730018
2013-01-28,28.00999,28.22501,27.39999,27.92999,25.626367125139506,27.4485299853247,28.55084887158947,27.57746341243469,0.0773847326253917,-0.6466127236695343,-0.723997456294926,0,,,-19.918240272329726,-33.34409011539682,,,,,,,48.290248128184665,,,83.04555724992727,74.95008695199543,,,,,60,100,-40,,,,,,,,,,,,-490.02911677003794,-559.4734674675749,-490.02911677003794,-0.19273692175275148
2013-02-04,27.87,28.02,27.10001,27.55,25.67305161620097,27.46882398825976,28.51159989623302,27.57719014464927,0.10010737635734723,-0.598863235848242,-0.6989706122055892,0,,,-14.588428313482888,-22.510766685555424,,,,,,,45.73249145658755,,,91.00364688612882,87.14667010471258,,,,,60,100,-40,,,,,,,,,,,,-537.2965500845766,-606.8419279280158,-537.2965500845766,-0.18556536400504473
2013-02-11,27.64999,28.16,27.5,28.00999,25.7828343579009,27.577057190607807,28.491928919910155,27.581496610871664,0.14482956397875224,-0.5179336572321489,-0.6627632212109011,0,,,-4.044766937363294,-12.8504785077253,,,,,,,49.257119066507975,,,94.24069098093074,93.62075829431642,,,,,60,100,-40,,,,,,,,,,,,-588.6971773419262,-651.9615773956493,-588.6971773419262,-0.11650173981852442
2013-02-19,27.8801,28.2,27.23,27.75999,25.847631189479404,27.613643752486244,28.463225432854856,27.58327266449483,0.15535622952682715,-0.4685679343023672,-0.6239241638291944,0,,,0.6797551805430713,-5.984480023434369,,,,,,,47.44286547287552,,,92.04259748056515,93.45161057405511,,,,,60,100,-40,,,,,,,,,,,,-547.1158723706669,-607.0594724146222,-547.1158723706669,-0.11665166663449833
2013-02-25,27.97,28.05,27.33,27.95,25.86351396165945,27.680915001988996,28.44309894529192,27.586921692708813,0.1716243010981543,-0.40939378745650146,-0.5810180885546558,0,,,5.452925403310249,0.6959712154966763,,,,,,,48.98984367624098,,,94.34744390997014,93.54727396864014,,,,,60,100,-40,,,,,,,,,,,,-492.1857137578184,-554.8668410665091,-492.1857137578184,-0.07417384109808335
2013-03-04,27.85001,28.53999,27.7,28,25.91397653582663,27.744732001591196,28.425722516064784,27.591031924622158,0.18131189793251568,-0.3543782161390112,-0.5356901140715269,0,,,15.825372802252382,7.319351128701901,,,,,,,49.414302834057615,,,94.39527560726268,93.64293736322519,,,,,60,100,-40,,,,,,,,,,,,-609.0610385291242,-670.3455972362348,-609.0610385291242,-0.0414536943120557
2013-03-11,27.94,28.16,27.64,28.035,25.968703211839014,27.802785601272955,28.4104000644544,27.595449517411986,0.18499662940439715,-0.30444432731603044,-0.4894409567204276,0,,,19.623130635531773,13.633809613698133,,,,,,,49.73150437486321,,,97.96564003828004,96.5566269447901,,,,,60,100,-40,,,,,,,,,,,,-669.2317587965562,-723.9191250114648,-669.2317587965562,-0.0036974366261787696
2013-03-18,27.88,28.49001,27.81,28.25,26.257010125279084,27.892228481018364,28.404109865848344,27.60196245753724,0.1957912561972152,-0.24470188647390856,-0.44049314267112377,0,,,27.73305170575786,21.06051838118067,,,,,,,51.745141086574286,,,99.08704449717837,98.17408899435672,,,,,60,100,-40,,,,,,,,,,,,-641.1896208335461,-694.115647736653,-641.1896208335461,-0.01567927845144209
2013-03-25,28.3,28.66,27.96001,28.605,26.657222259187723,28.03478278481469,28.41198791032488,27.611942930596573,0.2189645805189776,-0.16678741702240174,-0.38575199754137934,0,,,37.063470855969655,28.13988439908643,,,,,,,54.97158341639148,,,99.89577552196167,99.79155104392335,,,,,60,100,-40,,,,,,,,,,,,-685.5187806819922,-740.640075420898,-685.5187806819922,0.06129504805726477
2013-04-01,28.64,28.95,28.11,28.7,26.79135066924574,28.16782622785175,28.423282502076844,27.6227693690981,0.23159019152003218,-0.0962642581413391,-0.3278544496613713,0,,,45.206669879024204,36.66773081358391,,,,,,,55.82781084957839,,,100,100.00000000000001,,,,,60,100,-40,,,,,,,,,,,,-553.6062751034483,-607.7964253443711,-553.6062751034483,0.15558002679610713
2013-04-08,28.73,30.32001,28.47,28.78999,26.897672764299617,28.2922589822814,28.43766318826991,27.634383504728966,0.2360952773752485,-0.03273535294231067,-0.26883063031755916,0,,,57.38150473883364,46.55054849127583,,,,,,,56.673267135131496,,,100,100.00000000000001,,,,,60,100,-40,,,,,,,,,,,,-510.2233159937304,-558.1970752817581,-510.2233159937304,0.05298908939595839
2013-04-15,28.64999,30.24001,28.5,29.765,27.743561138278217,28.58680718582512,28.489715612259324,27.655583668861016,0.2912162112825397,0.09518963378561551,-0.1960265774969242,0,,,65.70399679650704,56.09739047145496,,,,,,,64.62132054532418,,,100,100.00000000000001,,,,,60,100,-40,,,,,,,,,,,,-419.27362217668843,-473.97942523052933,-419.27362217668843,0.1409579420204812
2013-04-22,30.3,32.84,30.27,31.78999,29.664366771258344,29.227443748660097,28.619138137268763,27.696722040315137,0.44151617772127266,0.3558686446546666,-0.08564753306660604,0,,,82.21085541184297,68.43211898239456,,,,,,,74.95747298082975,,,100,100.00000000000001,,,,,60,100,-40,,,,,,,,,,,,-394.8602363263815,-446.89225700679674,-394.8602363263815,0.17694707272394372
2013-04-29,31.8,33.52,31.77,33.49001,31.07693128759703,30.079956998928076,28.810152720120968,27.75436669663041,0.6218484143374072,0.691662984855153,0.06981457051774577,0,,,92.20560505502658,80.04015242112553,,,,,,,80.21466604587846,80.21466604587846,,100,100.00000000000001,,,,,60,100,-40,,,,,,,,,,,,-513.9765569943121,-547.4573011873791,-513.9765569943121,0.2536879970998786
2013-05-06,33.42,33.91,32.32001,32.69,30.999294052768672,30.60196559914246,28.962303593841714,27.803477475768414,0.6505875898533164,0.8830490578343912,0.23246146798107487,0,,,93.89548597341418,89.43731548009458,,,,,,,72.45976617389486,,,95.51830627133072,97.75915313566537,,,,,60,100,-40,,,,,,,,,,,,-566.8899102680735,-597.9196100624011,-566.8899102680735,0.20425175490096148
2013-05-13,32.61,34.87,32.55,34.87,32.33005090614234,31.455572479313968,29.193977962710665,27.87379113272594,0.7714990720831141,1.1968353080849674,0.4253362360018534,0,,,95.40652176896127,93.83587093246734,,,,,,,78.57448913345783,,,93.79471605744925,95.21672288047364,,,,,60,100,-40,,,,,,,,,,,,-658.3644720375148,-684.6614991419647,-658.3644720375148,0.275817619593405
2013-05-20,34.73,35.27251,33.89999,34.269,32.180047269989316,32.01825798345117,29.39299843476123,27.937425051803295,0.7646086652712063,1.3810970675908614,0.6164884023196551,0,,,94.10728711765287,94.46976495334276,,,94.46976495334276,,94.46976495334276,,73.68811523982005,,,88.93349129145352,90.87928780608199,,,,,60,100,-40,,,,,,94.46976495334276,,105,,,,-592.2982043943302,-613.8139538434256,-592.2982043943302,0.2671438035364903
2013-05-28,34.42,35.28,34.41,34.89999,32.20610246499008,32.594604386760935,29.608958888300005,28.006704305019184,0.754855742687066,1.5600580806784876,0.8052023379914216,0,,,91.44588936052452,93.65323274904621,,,,,,,75.42626207546543,,,89.79849288682226,89.73934744622362,,,,,60,100,-40,,,,,,,,,,,,-582.7894399589975,-605.8477804173482,-582.7894399589975,0.24555033889669614
2013-06-03,34.92,35.78,34.42999,35.67,33.0241044317765,33.20968350940875,29.84664677503334,28.082956003476706,0.7509713776855729,1.7439165600983877,0.9929451824128148,0,,,88.34515915809921,91.29944521209218,,,,,,,77.39995591298904,77.39995591298904,,88.76003050527166,88.59134852869732,,,,,60,100,-40,,,,,,,,,,,,-577.7368145119071,-601.1481839778303,-577.7368145119071,0.2680421668309454
2013-06-10,35.50999,35.64999,34.25,34.39999,33.02023840093533,33.447744807527,30.025209254443794,28.145812063143605,0.6190680094990622,1.7667801942866426,1.1477121847875804,0,,,81.96990849896837,87.25365233919736,,,,,,,67.6863097117996,,,84.92484297778795,87.1590091912107,,,,,60,100,-40,,,,,,,,,,,,-521.784666418833,-554.575786890952,-521.784666418833,0.21183160403892573
2013-06-17,34.69,35.17,33.05,33.265,33.006649943725655,33.4111958460216,30.152259871916588,28.19674925654516,0.4210450825271683,1.6740185379465409,1.2529734554193726,0,,,71.55917977148833,80.62474914285197,,,,,,,60.3531896424419,,,72.40576611898699,79.10773037104629,,,,,60,100,-40,,,,,,,,,,,,-433.2783634335907,-475.5620074562335,-433.2783634335907,0.1557361910681322
2013-06-24,32.94,34.78999,32.57001,34.545,32.894032090602394,33.63795667681728,30.324524190664956,28.259915930609388,0.3451197591378272,1.6843731543416567,1.3392533952038295,0,,,63.45364603472877,72.32757810172849,,,,,,,64.98755660658935,,,58.04583705113109,66.12153818338878,,,,,60,100,-40,,,,,,,,,,,,-456.3186609911196,-508.18709700964564,-456.3186609911196,0.1942873782384801
2013-07-01,34.75,34.99001,33.58099,34.21001,32.775175512702226,33.75236734145383,30.4768961831879,28.31912084672273,0.24585149253257477,1.646567760869548,1.4007162683369732,0,,,58.29926427562753,64.43736336061487,,,,,,,62.902889372614304,,,46.38461991055013,52.11079440172534,,,,,60,100,-40,,,,,,,,,,,,-625.1698135381888,-681.2439884624373,-625.1698135381888,0.17314325360158753
2013-07-08,34.35001,35.77,33.98,35.67,32.78066011893778,34.13589387316306,30.680547313258963,28.392263922874744,0.2511472128333352,1.7146502843786422,1.463503071545307,0,,,59.05943087385925,60.270780394738516,,,,,,,67.7824350613854,67.7824350613854,,46.03398121183304,45.6741359404786,,,,,60,100,-40,,,,,,,,,,,,-769.6843928948817,-824.6541723783578,-769.6843928948817,0.20226667935106293
2013-07-15,35.66,36.4299,31.02,31.39999,32.73132725329937,33.58871309853045,30.70876075195469,28.422191545532705,-0.044543624998319764,1.4078235402974073,1.452367165295727,0,,,42.36797537899665,53.242223509494465,,,,,,,47.84345447094671,,,34.92726872779674,39.22670233953897,,,,,60,100,-40,,,,,,,,,,,,-814.2872305503578,-866.5352319459291,-814.2872305503578,0.09447642192809536
2013-07-22,31.7,32.19,31.205,31.62,32.16838959234941,33.19497047882436,30.744495624427053,28.454010535129395,-0.22674229323747075,1.1689392987488887,1.3956815919863594,0,,,21.88000251490966,41.10246958925518,,,,,,,48.68600746418459,,,25.628528332952094,32.069679566286545,,,,,60,100,-40,,,,,,,,,,,,-786.235006813929,-841.7106443193966,-786.235006813929,0.09443983203104978
2013-07-29,31.47,32.12,31.39999,31.89,32.277790335753025,32.93397638305949,30.7894173646456,28.488199485028606,-0.3245480764608284,0.9899964964103241,1.3145445728711525,0,,,8.217058263577321,24.155012052494538,,,,,,,49.76490228280831,,,10.387416263856863,17.647511185846476,,,,,60,100,-40,,,,,,,,,,,,-823.2831873932146,-883.217799897688,-823.2831873932146,0.08309952108292738
2013-08-05,31.89999,33.07001,31.25,32.7,32.41723245462781,32.88718110644759,30.864342173875187,28.530107947864142,-0.329129644368086,0.9031325174110449,1.232262161779131,0,,,1.6826785563073399,10.593246444931436,,,,,,,52.978026491004556,,,9.720495515944105,10.438922368343277,,,,,60,100,-40,,,,,,,,,,,,-752.6862442308119,-808.087290825381,-752.6862442308119,0.09433629140273032
2013-08-12,32.46001,33.36,30.84,31.8,32.389571565011536,32.669744885158075,30.901034637644788,28.562644187188877,-0.3834179589006155,0.7529897131533616,1.136407672053977,0,,,-5.80343003011702,1.365435596589213,,,,,,,49.19078002583577,,,8.333830014949228,7.199262508827661,,8.333830014949228,,,60,100,-40,,,,,,,,,,,,-628.5614725524825,-681.16232885713,-628.5614725524825,0.05817975283448043
2013-08-19,31.75999,35.2,31.37,34.75,32.26388788179643,33.08579590812646,31.051974455776364,28.624209916669585,-0.21944372329935513,0.8621030179297833,1.0815467412291384,0,,,3.717875631594798,-0.13429194740496145,,,,,,,59.47728689432834,,,16.749186101322103,12.992209596814982,,,,,60,100,-40,,,,,,-0.13429194740496145,,,,,,-582.4593866338494,-630.041905428561,-582.4593866338494,0.09252490811415244
2013-08-26,34.39999,34.67,32.8,33.39999,31.9600387473824,33.148634726501164,31.14405349672631,28.671730116503717,-0.20117898606558704,0.8300730086471546,1.0312519947127416,0,,,9.367422333964686,2.427289311814154,,,,,,,54.05209618403803,,,19.42797738761528,17.207628725532643,,,,,60,100,-40,,,,,,,,,,,,-485.64858906405857,-531.8524680779135,-485.64858906405857,0.12460250315564328
2013-09-03,31.75,32.07001,30.95,31.15199,31.946464551140796,32.74930578120093,31.14436473214881,28.696409319324577,-0.3320487035813826,0.6161911152360133,0.9482398188173959,0,,,-5.98194436215211,2.367784534469124,,,,,,,46.41476772179111,,,20.508323142490983,20.792783735127276,20.508323142490983,,,,60,100,-40,,,,,,2.367784534469124,,,,,,-465.53066377968435,-511.5156557001111,-465.53066377968435,0.03927318806321629
2013-09-09,31.22079,33.07001,31.2,33.03,31.862432797487884,32.80544462496074,31.218311213241012,28.73952962460493,-0.2854634760252429,0.5914104737858423,0.8768739498110852,0,,,-8.022518847431767,-1.5456802918730643,,,,,,,52.49018320371639,,,17.958197665575042,19.44714598267567,,,,,60,100,-40,,,,,,,,,,,,-452.7069067288326,-496.694627391,-452.7069067288326,0.0668502888935876
2013-09-16,33.38,33.67999,32.685,32.791,31.86039902623875,32.80255569996859,31.27998528330999,28.77984276266856,-0.26454700485196603,0.5461901937461278,0.8107371985980938,0,,,-2.598161975836451,-5.5342083951401095,,,,,,,51.68232522728597,,,17.905908361217868,18.126232155191207,,,,,60,100,-40,,,,,,-5.5342083951401095,,,,,,-517.6692873235903,-558.204695138091,-517.6692873235903,-0.04233503197875739
2013-09-23,32.5401,33.75,32.14999,33.27,31.99037195293598,32.896044559974875,31.358025076121365,28.824520944134544,-0.21439165011725247,0.5427476359515282,0.7571392860687807,0,,,1.7307853268354902,-2.9632984988109095,,,,,,,53.24470792866822,,,24.542251968383052,20.80983446312126,,,,,60,100,-40,,,,,,,,,,,,-489.91123508293754,-527.6220232948017,-489.91123508293754,-0.003876513272856365
2013-09-30,33,34.03,32.7,33.88,31.10462967058341,33.0928356479799,31.45692605352837,28.87482421832226,-0.13969040029283164,0.5825262857027411,0.7222166859955728,0,,,10.966739831532959,3.366454394177333,,,,,,,55.24141418891029,,,29.242156590991762,26.111141805718223,,,,,60,100,-40,,,,,,,,,,,,-489.92737415876707,-531.6907463321104,-489.92737415876707,-0.02574018012286494
2013-10-07,33.60001,34.14,32.8,34.13,31.17501326554174,33.30026851838392,31.56175248280177,28.92711452460761,-0.07617619820856869,0.6269964382348618,0.7031726364434305,0,,,19.0160102157854,10.571178458051284,,,,,,,56.074279132928126,,,36.04800278928382,33.185961607119445,,,,,60,100,-40,,,,,,,,,,,,-523.5769424935368,-563.2015197262722,-523.5769424935368,0.03510393073984374
2013-10-14,33.89999,34.99001,33.78,34.96001,31.44895088943161,33.632216814707135,31.69501748347621,28.987143335308033,0.01418516381125079,0.720904091207494,0.7067189273962432,0,,,32.65607123211285,20.879607093143736,,,,,,,58.82969843901987,,,51.2866568338525,43.46413225385462,,,,,60,100,-40,,,,,,,,,,,,-740.1993165856209,-777.1648797760408,-740.1993165856209,0.0658503023818738
2013-10-21,34.98,36.28999,33.57001,35.73,32.29687225447221,34.051773451765705,31.853252091967338,29.054236436449248,0.11277424661058333,0.8476867356594724,0.7349124890488891,0,,,44.566471479311964,32.07951764240341,,,,,,,61.27125129978385,,,68.93098707197323,58.97029988231126,,,,,60,100,-40,,,,,,,,,,,,-802.8903499336899,-831.3167198167606,-802.8903499336899,0.05918065861381779
2013-10-28,35.61,35.79,35.26,35.525,32.153527093438484,34.346418761412565,31.997242206007833,29.118622143549256,0.14887348340050077,0.921004343299515,0.7721308598990142,0,,,52.507905811140965,43.24348284085526,,,,,,,60.240855460885925,,,86.53533945159867,77.76788364467073,,,,,60,100,-40,,,,,,,,,,,,-698.7284681275645,-729.2591343955314,-698.7284681275645,0.093354399739247
2013-11-04,35.59,38.22,35.55,37.78,34.38327515819288,35.03313500913005,32.22401702145851,29.204805007792547,0.3005650539062975,1.147837177281886,0.8472721233755885,0,,,64.19456438680271,53.75631389241855,,,,,,,66.87847636207144,,,94.26434908206525,90.68079192107308,,,,,60,100,-40,,,,,,,,,,,,-662.5960193770982,-692.1211099599802,-662.5960193770982,0.16955936807680172
2013-11-11,37.69,38.16,36.9,37.841,34.3018983611791,35.59470800730404,32.444290863754254,29.290737296272223,0.37605473403335776,1.3173405409172858,0.941285806883928,0,,,70.38036496686051,62.360945054934724,,,,,,,67.0397307565722,,,97.42372107896895,96.99953591488048,,,,,60,100,-40,,,,,,,,,,,,-657.5785613085349,-687.1899990581655,-657.5785613085349,0.15244690114825044
2013-11-18,37.35,37.68,36.67,37.57,34.3746913353806,35.989766405843234,32.64529906517566,29.3731180196924,0.3777806825795418,1.4135116601083553,1.0357309775288135,0,,,70.42896451943169,68.33463129103164,,,,,,,65.50484437282435,,,97.79764291671526,97.82277457988634,97.79764291671526,,,,60,100,-40,,,,,,,,,,,,-725.2915501615286,-759.519090138499,-725.2915501615286,0.1812645145364204
2013-11-25,37.93,38.29,37.35,38.13,34.743999097139124,36.41781312467459,32.86038537634524,29.46025117372531,0.3853539161767068,1.5174233727496969,1.13206945657299,0,,,71.24098211821722,70.68343720150314,,,,,,,67.18664846763649,,,97.78507708512971,97.79764291671525,,,,,60,100,-40,,,,,,,,,,,,-859.7839955867051,-901.4247101133175,-859.7839955867051,0.16680523832908697
2013-12-02,38.09,38.98,37.18,38.36,35.08157059020061,36.80625049973967,33.076056538057195,29.548805888414613,0.374256984759872,1.59989068752283,1.225633702762958,0,,,70.83534852901627,70.8350983888884,,,70.8350983888884,,70.8350983888884,,67.88335421640983,67.88335421640983,,97.77251125354418,97.77251125354418,,,,,60,100,-40,,,,,,,,,,106,,-822.5505418436678,-865.7111264563507,-822.5505418436678,0.2629799774960639
2013-12-09,38.56,38.9,36.62,36.69,35.05860126232914,36.78300039979173,33.21777981107456,29.619862546241333,0.22993310646891496,1.5130500858491018,1.2831169793801869,0,,,64.93132768141227,69.00255277621524,,,,,,,58.16847850971029,,,86.75628145043473,92.26439635198945,,,,,60,100,-40,,,,,,69.00255277621524,,105,,,,-684.8140796902737,-745.5818307370141,-684.8140796902737,0.24256056270930404
2013-12-16,36.73,37.11,35.53,36.8,34.968701172162774,36.78640031983338,33.35825903416967,29.691306700010074,0.12274223263114736,1.436544770169121,1.3138025375379736,0,,,53.20209333055943,62.98958984699598,,,,,,,58.59134512402385,,,72.06097033816367,80.78565461968788,,,,,60,100,-40,,,,,,,,,,,,-765.7569742920421,-833.6578615121025,-765.7569742920421,0.2561648552993228
2013-12-23,36.81,37.62,36.55,37.29,34.98522251700829,36.887120255866705,33.51244495439831,29.766915588567187,0.06841568720424829,1.399322146543284,1.3309064593390356,0,,,48.93654369389119,55.68998823528762,,,,,,,60.517409836347426,60.517409836347426,,55.86384423707223,64.07803526991597,,,,,60,100,-40,,,,,,,,,,,,-769.2557062389436,-850.2655230553567,-769.2557062389436,0.2440995906371842
2013-12-30,37.22,37.58,36.6,36.91,35.073420908650554,36.89169620469336,33.64568240716701,29.83799105534761,-0.005605934756893749,1.3238990408929183,1.329504975649812,0,,,43.931343776237526,48.68999360022937,,,,,,,58.24146533573514,,,46.70200994194124,51.0974897861876,,,,,60,100,-40,,,,,,,,,,,,-701.2092141954992,-795.6717915907462,-701.2092141954992,0.2503587634981417
2014-01-06,36.85,36.89,35.4,36.04,35.168176558032656,36.72135696375469,33.73957721472909,29.8997025871352,-0.11934959160590819,1.180317986142427,1.299667577748335,0,,,29.739031820918715,40.868973097015804,,,,,,,53.27233036554561,,,32.916082054721954,38.947086852841814,,,,,60,100,-40,,,,,,,,,,,,-699.1711752508629,-795.549647665156,-699.1711752508629,0.190470323113589
2014-01-13,35.99,37,34.63,36.38,35.18044966103032,36.65308557100375,33.84312320630834,29.964183158407486,-0.17453622485385645,1.0814972966810146,1.256033521534871,0,,,17.63544557037448,30.43527372251023,,,,,,,54.9013771281164,,,20.21089071984202,27.403347198495243,,,,,60,100,-40,,,,,,,,,,,,-691.1400524779788,-777.2678935442186,-691.1400524779788,0.23818809494563226
2014-01-21,36.82,37.55,35.52,36.805,35.06898897095673,36.683468456803,33.9592752374335,30.032250987677063,-0.1843051708542789,1.0256520579670223,1.2099572288213012,0,,,16.010458938760994,21.128312110018054,,,,,,,56.9344884459084,,,14.817214599808223,17.384485174351827,,14.817214599808223,,,60,100,-40,,,,,,,,,,,,-582.7509520274372,-657.7646401725426,-582.7509520274372,0.33523590615816096
2014-01-27,36.87,37.89,35.75,37.84,35.01406118731697,36.9147747654424,34.11146052224003,30.1099400325758,-0.1257462423887592,1.0527744258353522,1.1785206682241114,0,,,22.044961231048674,18.56362191339471,,,,,,,61.51206874782214,61.51206874782214,,25.041987994666126,18.83808856394641,,,,,60,100,-40,,,,,,18.56362191339471,,,,,,-515.8871425679032,-587.2619783229893,-515.8871425679032,0.3414110028229101
2014-02-03,37.74,37.985,35.69,36.56,34.94734253108004,36.84381981235392,34.207481678230614,30.1741197337442,-0.17488177234873348,0.9599184527881945,1.134800225136928,0,,,19.7670851740613,19.27416844795698,,,,,,,53.84416374650187,,,26.23818505992483,23.993050392625026,,,,,60,100,-40,,,,,,,,,,,,-442.08948028282987,-505.94161862790037,-442.08948028282987,0.4041579008662002
2014-02-10,36.63,37.86,36.29,37.62,34.86324663600289,36.999055849883135,34.341305926143136,30.248208094602465,-0.1392104125208562,0.9607872094858578,1.099997622006714,0,,,26.58740042439486,22.799815609834937,,,,,,,58.486761018792194,,,31.225935866623416,30.545269721464322,,,,,60,100,-40,,,,,,,,,,,,-462.6186656859517,-511.2249606955549,-462.6186656859517,0.416520972877378
2014-02-18,37.63,38.35,37.21,37.98,34.88872901914554,37.19524467990651,34.48399981139242,30.32514134739249,-0.0966087647655991,0.9792366660497152,1.0758454308153143,0,,,38.269787474296585,28.208091024250905,,,,,,,59.968247631076736,,,28.8983232661693,29.54664206783643,,,,,60,100,-40,,,,,,,,,,,,-520.3243628339605,-571.9113314781814,-520.3243628339605,0.3964892175716329
2014-02-24,37.69,38.46,37.19,38.31,34.92381980349229,37.41819574392521,34.63403903447507,30.40459267726918,-0.053590934568348514,1.0088567626048786,1.062447697173227,0,,,45.93743448885755,36.931540795849656,,,,,,,61.33838663734443,61.33838663734443,,40.52147837938922,35.29989080876578,,,,,60,100,-40,,,,,,,,,,,,-554.810842318695,-609.7456348457847,-554.810842318695,0.38547086265648506
2014-03-03,37.92,38.48,37.495,37.9,34.98426124609999,37.51455659514017,34.76211593508389,30.479173844659535,-0.05967024166664081,0.987859895089926,1.0475301367565668,0,,,49.28024138305114,44.49582111540175,,,,,,,58.63713647819759,,,43.094331465307654,40.045433336282535,,,,,60,100,-40,,,,,,,,,,,,-577.5725073516595,-626.1555194192784,-577.5725073516595,0.339934325676857
2014-03-10,37.99,38.45,37.5058,37.7,35.081099728521416,37.55164527611214,34.87732707488452,30.551022861130583,-0.08266628597598613,0.944197279286584,1.0268635652625702,0,,,49.45721513468667,48.224963668865115,,,,,,,57.303546860122374,,,46.598329407205355,46.27073858968904,,,,,60,100,-40,,,,,,,,,,,,-514.3775060149942,-565.9454249794096,-514.3775060149942,0.2864282886833673
2014-03-17,37.9,40.94,37.79,40.16,37.026849747912735,38.07331622088971,35.084490719006695,30.646634573955154,0.054883476146696086,1.0954679104459402,1.040584434299244,0,,,64.2865192230496,54.34132524692913,,,,,,,67.23349166643152,,,56.67732650664017,51.6059507080837,,,,,60,100,-40,,,,,,,,,,,,-543.5815958304497,-589.4098931649714,-543.5815958304497,0.3159457073580461
2014-03-24,40.34,40.99,39.34,40.3,36.927789051633255,38.51865297671176,35.28902049473192,30.742687961278982,0.1376675830302676,1.2126689130870787,1.075001330056811,0,,,73.30326368450677,62.34899934741434,,,,,,,67.69667959812789,67.69667959812789,,73.30490585491735,63.82110855993826,,,,,60,100,-40,,,,,,,,,,,,-440.20312386127705,-480.42627622588566,-440.20312386127705,0.2818515023148435
2014-03-31,40.43,41.66,39.64,39.87,36.9329469765166,38.78892238136941,35.46866674984047,30.833506986539888,0.14509611787484245,1.2563714774003643,1.1112753595255218,0,,,76.79661403509895,71.46213231421844,,,,,,,64.65554679391411,,,86.2429585943323,79.25583066093942,86.2429585943323,,,,60,100,-40,,,,,,,,,,,,-378.348010431954,-413.98513509390637,-378.348010431954,0.21620309234381796
2014-04-07,39.96,40.69,39,39.209,36.88487933533684,38.872937905095526,35.61534648514085,30.91684522547979,0.08983124022934108,1.223564409812198,1.133733169582857,0,,,71.81699688745024,73.97229153568532,,,73.97229153568532,,73.97229153568532,,60.1552933085687,,,80.12185318469784,84.06562401175432,,,,,60,100,-40,,,,,,73.97229153568532,,105,,,,-255.0120085352351,-285.0787468950143,-255.0120085352351,0.1409529812470384
2014-04-14,39.11,40.415,38.9,40.01,36.887387954241355,39.10035032407642,35.787685838664736,31.007324377465064,0.09126510334929527,1.247814548769476,1.1565494454201808,0,,,67.86330151373576,72.15897081209498,,,,,,,63.49125640982101,,,72.60545661170426,78.65477052719376,,,,,60,100,-40,,,,,,,,,,,,-226.82800698337417,-255.06442927773904,-226.82800698337417,0.13678531248663922
2014-04-21,40.13,40.68,39.3,39.91,36.91471738608126,39.26228025926114,35.949345217540625,31.09590821450521,0.07045374653852288,1.2446166285933344,1.1741628820548116,0,,,65.1467751663858,68.2756911891906,,,,,,,62.78036376307382,,,65.14685757006897,68.25698504849852,,,,,60,100,-40,,,,,,,,,,,,-161.04109662276062,-192.32544213633193,-161.04109662276062,0.11000864969254232
2014-04-28,40.14,41.29,39.66,39.69,36.959380429932594,39.34782420740891,36.096037561950794,31.181421565604662,0.028971784552041857,1.210377612744864,1.1814058281928221,0,,,63.86772890850649,65.62593519620935,,,,,,,61.148584916072785,,,64.07058035003774,64.18350837198243,,,,,60,100,-40,,,,,,,,,,,,-123.57907905498595,-157.35717992972613,-123.57907905498595,0.10759205486787696
2014-05-05,39.52,39.9,38.51,39.54,36.965138970651694,39.38625936592713,36.23109491246253,31.264591500275262,-0.01889035539952566,1.157792883943415,1.1766832393429407,0,,,52.366790785867785,60.46043162025336,,,,,,,59.99673531849027,,,58.1468000503128,60.571995630089525,,,,,60,100,-40,,,,,,,,,,,,-6.564701044988475,-46.928601760685034,-6.564701044988475,0.09008041775786206
2014-05-12,39.74,40.5,39.27,39.83,37.00477190131943,39.4750074927417,36.37222844530714,31.349819445546157,-0.04011962780946732,1.1265337045811066,1.166653332390574,0,,,49.757246595390754,55.330588763255015,,,,,,,61.515074700704865,,,51.876757201578,55.85819280044628,,,,,60,100,-40,,,,,,,,,,,,47.356153690464,0.6947803776213135,47.356153690464,0.07735531778071571
2014-05-19,39.61,40.37,39.46,40.12,37.064431051225185,39.604005994193365,36.5191998788245,31.437084923699928,-0.04345162052212581,1.1123388067379167,1.1557904272600426,0,,,48.48351779060219,50.20251839062024,,,,,,,63.03501342577288,,,49.73917629838385,50.77381966750337,,49.73917629838385,,,60,100,-40,,,,,,,,,,,,30.564125746743258,-14.886088781946185,30.564125746743258,0.1003193309636517
2014-05-27,40.26,40.97,39.81,40.94,37.80554311899481,39.87120479535469,36.69256458945883,31.531641292618335,-0.0014688796287078976,1.1539543277241577,1.1554232073528656,0,,,53.54922831953919,50.59666423517738,,,,,,,67.02439981616794,,,59.360573559520304,53.830250412753664,,,,,60,100,-40,,,,,,50.59666423517738,,,,,,2.279739247335364,-45.81589082159233,2.279739247335364,0.14135308538835634
2014-06-02,40.95,41.66,39.86,41.48,38.40371861049518,40.19296383628375,36.88030715457809,31.63062993647288,0.04884985575075307,1.216485527041307,1.167635671290554,0,,,59.4319129665657,53.821553025569024,,,,,,,69.38181968235656,69.38181968235656,,74.93690870656755,65.8673117621716,,,,,60,100,-40,,,,,,,,,,,,-77.2256678885438,-125.66754703584827,-77.2256678885438,0.14238906404121562
2014-06-09,41.39,41.565,40.29,41.23,38.366310138316955,40.400371069027,37.05088334459464,31.726146056507975,0.051228346604137,1.2316711045457254,1.1804427579415884,0,,,61.616561642413444,58.1992343095061,,,,,,,66.98022780723403,,,86.22564062971142,80.33717090416832,,,,,60,100,-40,,,,,,,,,,,,-86.82100099971763,-138.27344757478494,-86.82100099971763,0.1463283752365828
2014-06-16,41.04,41.91,40.335,41.68,38.60657369986575,40.656296855221605,37.23241733108112,31.82518937932879,0.06798974143267422,1.2654299347324311,1.197440193299757,0,,,63.95594709559505,61.6681405681914,,,,,,,69.06805865059957,,,91.3877100638241,89.72400903346654,,,,,60,100,-40,,,,,,,,,,,,-135.58081899976895,-186.76918437936948,-135.58081899976895,0.10485449439206218
2014-06-23,41.73,42.29,41.43,42.25,39.17110414987534,40.975037484177285,37.42918527888186,31.928918838240943,0.10039055910035444,1.3229283921752,1.2225378330748455,0,,,69.1445945249735,64.90570108766066,,,,,,,71.53760470940755,71.53760470940755,,92.89519430436047,92.73897751453927,92.89519430436047,,,,60,100,-40,,,,,,,,,,,,-150.02067009072005,-205.53842358312045,-150.02067009072005,0.1745271052179764
2014-06-30,42.17,42.21,41.53,41.8,39.26816813916996,41.140029987341826,37.600589777749235,32.02713855129327,0.07557253213057047,1.3170034982380585,1.241430966107488,0,,,69.05170179459851,67.38408113838902,,,,,,,66.96505981778,,,88.8431052639283,90.94725817905498,,,,,60,100,-40,,,,,,,,,,,,-195.47145734695277,-249.07689202255312,-195.47145734695277,0.13409256851535792
2014-07-07,41.75,42.12,41.05,42.09,39.3782989863721,41.33002398987346,37.7766450805826,32.12726652590727,0.06324466997644329,1.3204868035780422,1.2572421336015989,0,,,66.3799223253036,68.19207288162521,,,,,,,68.37624687509306,,,82.62014873640454,86.25766522894808,,,,,60,100,-40,,,,,,68.19207288162521,,105,,,,-156.2948287384159,-205.60836620027075,-156.2948287384159,0.15645337226973322
2014-07-14,42.22,45.71,42.03,44.69,41.87056334448838,42.00201919189877,38.04775703820681,32.25226884903257,0.20666630408185394,1.5155750137039163,1.3089087096220624,0,,,78.19769550358146,71.20977320782787,,,,,,,77.64955500469,77.64955500469,,80.2753522613511,81.5680722788412,,,,,60,100,-40,,,,,,71.20977320782787,,,,,,-103.33213260415846,-156.4068450729488,-103.33213260415846,0.1435926111137782
2014-07-21,44.56,45.45,44.22,44.5,41.54623739131064,42.501615353519014,38.30078617396341,32.37413682068399,0.26166798965819327,1.635993696694804,1.3743257070366108,0,,,83.99878052424316,76.19213278437608,,,,,,,75.88783929741005,,,85.29954337561458,82.14108780973778,85.29954337561458,,,,60,100,-40,,,,,,,,,,,,-77.27174485794784,-125.24196415059448,-77.27174485794784,0.11483860467932981
2014-07-28,44.36,44.51,42.6,42.86,41.59507757764559,42.57329228281521,38.47957887302367,32.47847376774186,0.16523447841763672,1.5808688050586568,1.41563432664102,0,,,77.53281055591421,79.90976219457961,,,79.90976219457961,,79.90976219457961,,62.60582479451119,,,74.42999274855406,79.07515417061511,,,,,60,100,-40,,,,,,79.90976219457961,,105,,,,24.05039057076994,-27.925243395940953,24.05039057076994,0.10412363078039337
2014-08-04,42.97,43.47,42.21,43.2,41.543286322099476,42.69863382625217,38.66469342702274,32.585155620799156,0.10492189516676165,1.5467866955994722,1.4418648004327106,0,,,68.87694719895981,76.80284609303907,,,,,,,64.02014688201338,,,56.54333138133056,67.83237325766136,,,,,60,100,-40,,,,,,,,,,,,56.9503195579027,0.7884372215028534,56.9503195579027,0.09204493129868464
2014-08-11,43.26,44.895,43,44.79,41.68805158480666,43.11690706100173,38.90490152792381,32.706596858403145,0.14994383662646027,1.6292945962157859,1.4793507595893256,0,,,70.1066362992221,72.17213135136538,,,,,,,69.80575320715022,,,41.3818195678283,49.45068999178733,,41.3818195678283,,,60,100,-40,,,,,,,,,,,,40.23207963828405,-6.627642273315857,40.23207963828405,0.12082501984445565
2014-08-18,44.94,45.47,44.68,45.15,41.99890504303475,43.52352564880139,39.149807350358174,32.83041181503595,0.1797898141094303,1.7040880272261134,1.5242982131166831,0,,,73.61752868675285,70.86703739497825,,,,,,,70.9514797893485,,,44.13357662793791,41.708597976186205,,,,,60,100,-40,,,,,,70.86703739497825,,,,,,8.371701522232406,-40.8771618599857,8.371701522232406,0.18239695759245242
2014-08-25,45.4,45.44,44.61,45.43,42.39112611138942,43.90482051904111,39.39608941505001,32.95578085170226,0.1930440254617538,1.7656032449438754,1.5725592194821216,0,,,73.77272709728949,72.49896402775482,,,,,,,71.85145465786432,,,52.57488941253894,46.25532081215918,,,,,60,100,-40,,,,,,,,,,,,-25.87769875453713,-72.53585970362468,-25.87769875453713,0.2691318700670466
2014-09-02,45.43,45.93,44.53,45.91,42.96961710343303,44.30585641523289,39.651536888969616,33.0846785546704,0.20752757795939503,1.8319686919313654,1.6244411139719703,0,,,73.33496203783334,73.57507260729189,,,,,,,73.38293639863852,,,61.03522206679703,56.880864356550596,,,,,60,100,-40,,,,,,73.57507260729189,,105,,,,-18.44538989007585,-65.7111579393293,-18.44538989007585,0.29002445949434924
2014-09-08,46.02,47.02,45.99,46.695,43.76464445318781,44.783685132186314,39.927751128617864,33.220104638703525,0.2410137960514691,1.9257083590363067,1.6846945629848376,0,,,76.27947903478277,74.46238938996852,,,,,,,75.72306757246018,,,71.19982416269492,66.620921528838,,,,,60,100,-40,,,,,,74.46238938996852,,,,,,-29.637137182789353,-81.94549285945122,-29.637137182789353,0.3203062725277174
2014-09-15,46.54,47.57,46.1,47.52,44.64038413510297,45.33094810574905,40.225486378475985,33.36239215473633,0.28665850126901105,2.0430176895711014,1.7563591883020904,0,,,77.73394229092929,75.78279445451513,,,,,,,77.93203237504501,77.93203237504501,,82.14362835214324,76.31389081947044,82.14362835214324,,,,60,100,-40,,,,,,,,,,,,-5.157657695009448,-61.59176688500555,-5.157657695009448,0.47315730675296436
2014-09-22,47.3,47.38,45.76,46.41,44.63607098259562,45.54675848459924,40.4680163244181,33.492219098470294,0.21339060759933215,2.0230974478012556,1.8097068402019234,0,,,73.839862568925,75.95109463154569,,,75.95109463154569,,75.95109463154569,,68.80654861061876,,,79.11319255284607,80.494619446765,,,,,60,100,-40,,,,,,75.95109463154569,,105,,106,,59.41646188590138,-8.575081996822718,59.41646188590138,0.4366089886485508
2014-09-29,45.98,46.56,45.61,46.09,44.590637340981644,45.65540678767939,40.688486272480134,33.61757015221686,0.11936101877938299,1.9589081136761521,1.8395470948967692,0,,,67.09015632457098,72.8879870614751,,,,,,,66.37904437646912,,,65.55578330605178,74.20417453896168,,,,,60,100,-40,,,,,,,,,,,,71.34074154301021,-2.4705216337640223,71.34074154301021,0.4385389166215704
2014-10-06,46.12,46.89,43.95,44.03,44.664163245197244,45.33032543014351,40.81952602650052,33.721176419358976,-0.09406719486620152,1.7219631013140173,1.8160302961802188,0,,,52.75331128635494,64.56111005995031,,,,,,,53.271907897287356,,,38.15589878188385,52.73773882395917,,,,,60,100,-40,,,,,,,,,,,,322.9151521715538,207.97866411782948,322.9151521715538,0.36239549053672265
2014-10-13,43.82,44.56,42.1,43.63,44.44815158482601,44.99026034411481,40.92974069212795,33.819771678867845,-0.2649921736817782,1.484790079077996,1.7497822527597742,0,,,31.32906589309755,50.39084450134116,,,,,,,51.14741448903294,,,19.533509922094378,29.887117664284787,,,,,60,100,-40,,,,,,,,,,,,268.7487608676349,166.52799791458776,268.7487608676349,0.3341360884052864
2014-10-20,43.06,46.9,42.81,46.13,44.31614075733844,45.21820827529185,41.13367242969156,33.94226151290896,-0.21464158266329791,1.4814802744306519,1.6961218570939498,0,,,28.75312741751252,37.611834865655005,,,,,,,61.534065661547864,,,14.13862171971872,15.25780108978748,,14.13862171971872,,,60,100,-40,,,,,,,,,,,,233.52171343715585,132.61381647557184,233.52171343715585,0.3363450861281936
2014-10-27,45.71,46.97,45.71,46.95,43.960702131814266,45.56456662023348,41.361763706958556,34.071691746611364,-0.1349636761038373,1.5274172619641533,1.6623809380679906,0,,,35.94833894225005,32.010177417620035,,,,,,,64.23597245636162,,,23.2912361035197,17.195454184148332,,,,,60,100,-40,,,,,,32.010177417620035,,,,,,37.42685644858199,-64.22505924725942,37.42685644858199,0.36181318219385433
2014-11-03,46.89,48.92,46.73,48.68,45.19493769382753,46.18765329618678,41.6487533655092,34.217048047640105,0.01730085974110085,1.6840070127443667,1.6667061530032659,0,,,48.07919320075283,37.59355318683847,,,,,,,69.18333828973958,,,41.64043954962625,31.42183486794838,,,,,60,100,-40,,,,,,,,,,,,-3.014390178432933,-113.45686665684866,-3.014390178432933,0.36325895626968446
2014-11-10,48.65,50.045,48.52,49.58,46.031013572839846,46.86612263694943,41.95978264529315,34.369913241195924,0.15407123688366564,1.859295199107848,1.7052239622241823,0,,,58.731759875873294,47.58643067295873,,,,,,,71.41212253571705,71.41212253571705,,56.245247297802685,48.434139212450134,,,,,60,100,-40,,,,,,,,,,,,-15.193591964172413,-129.19198181014895,-15.193591964172413,0.33708923100062466
2014-11-17,49.41,49.705,47.57,47.98,46.06665546049415,47.088898109559544,42.195869600379694,34.505336990039744,0.11406512729274643,1.8478053713401152,1.7337402440473688,0,,,59.286027372329926,55.36566014965202,,,,,,,62.68121437985923,,,60.81740342432288,59.38755161577628,60.81740342432288,,,,60,100,-40,,,,,,,,,,,,-65.15839342523194,-178.42980329921284,-65.15839342523194,0.31075756778317754
2014-11-24,47.99,48.195,47.28,47.81,46.01260864188742,47.23311848764764,42.416031576835394,34.63772169660651,0.056355408679808594,1.8041845048971297,1.747829096217321,0,,,54.93399658242753,57.65059461021025,,,57.65059461021025,,57.65059461021025,,61.811359470951025,,,56.54240009528513,59.847102701648744,,,,,60,100,-40,,,,,,57.65059461021025,,105,,106,,-117.85686734791703,-249.62438451753775,-117.85686734791703,0.28304347926888024
2014-12-01,47.88,49.06,47.71,48.42,46.136708024609746,47.47049479011811,42.65148131892028,34.77485879415271,0.040223982120120905,1.7981090738674723,1.7578850917473514,0,,,54.51087407175563,56.24363267550436,,,,,,,63.76600776006804,63.76600776006804,,48.5065971358678,53.12453674838165,,,,,60,100,-40,,,,,,,,,,,,-140.97380055738668,-274.2381327870763,-140.97380055738668,0.26089377288351184
2014-12-08,48.26,48.35,46.67,46.95,46.18980030856619,47.36639583209449,42.82005067896262,34.896004477792985,-0.08183375978225382,1.6555928920195342,1.737426651801788,0,,,45.69252226115598,51.71246430511305,,,,,,,56.24970476768017,,,39.94059714363408,44.25188732488591,,,,,60,100,-40,,,,,,,,,,,,-18.97856409240724,-162.55847228033517,-18.97856409240724,0.2669920337731367
2014-12-15,47.2,48.1,44.9,47.66,46.18195742938289,47.42511666567559,43.00985261312095,35.023009408362206,-0.12457657267197897,1.5817059359618142,1.7062825086337932,0,,,34.35742483098025,44.85360705463061,,,,,,,58.791303849516936,,,34.34670132777798,37.05284178532304,,,,,60,100,-40,,,,,,,,,,,,-91.89155243924226,-218.45693186572876,-91.89155243924226,0.3448086297786391
2014-12-22,47.78,48.8,47.71,47.88,45.967531898712686,47.51609333254047,43.20083878515542,35.15093966300537,-0.14635239582355153,1.5233420138543536,1.6696944096779052,0,,,37.164825815102404,39.071590969079544,,,,,,,59.57953536789742,,,30.936631154654016,32.2857825354808,,,,,60,100,-40,,,,,,,,,,,,-161.54763381392547,-286.0102169810508,-161.54763381392547,0.30986887350759984
2014-12-29,47.7,47.78,46.45,46.76,46.06270819166178,47.36487466603238,43.34041373475717,35.26645270118442,-0.239027094174443,1.3709105419598515,1.6099376361342945,0,,,26.67667477428429,32.732975140122306,,,,,,,53.894101560812125,,,28.468656557999296,29.541338440014684,,,,,60,100,-40,,,,,,,,,,,,-160.3571549386663,-283.09926843904157,-160.3571549386663,0.2646126155195538
2015-01-05,46.37,47.82,45.49,47.19,46.10965760654308,47.3298997328259,43.4913779020216,35.38509496286418,-0.2718195031203581,1.2701632572338468,1.541982760354205,0,,,16.450342180017966,26.763947589801546,,,,,,,55.654178837215845,,,26.129210798302953,27.31046901160426,,,,,60,100,-40,,,,,,,,,,,,-143.9285813134542,-261.62667417739766,-143.9285813134542,0.2773096366834434
2015-01-12,47.42,47.91,45.17,46.24,46.02468206321858,47.11191978626072,43.599167003903105,35.493103968208814,-0.3528086653534639,1.100971928662375,1.4537805940158388,0,,,4.257122999540805,15.79471331794768,,,,,,,50.99489463943989,,,16.14620130714681,21.159082468819793,,,,,60,100,-40,,,,,,,,,,,,-58.66883925646256,-165.87636978150712,-58.66883925646256,0.23289572204111747
2015-01-20,46.3,47.39,45.48,47.18,45.887204772988675,47.12553582900858,43.739591827279455,35.609391490913204,-0.338341526178618,1.0308536862925664,1.3691952124711844,0,,,-1.795572237185442,6.303964314124433,,,,,,,55.03047565871447,,,15.052457119205037,16.546546742221384,,,,,60,100,-40,,,,,,,,,,,,-74.3654139371057,-182.9897570939604,-74.3654139371057,0.22870197905813458
2015-01-26,47,47.1339,40.35,40.4,45.8781187177752,45.78042866320686,43.60862744189595,35.65705923727228,-0.7567038338132543,0.42331542020461654,1.1800192540178709,0,,,-31.650124206425378,-9.729524481356671,,,,,,,33.484308509277184,,,8.470392750180544,10.4081182855059,,8.470392750180544,,,60,100,-40,,,,,,,,,,,,-12.66261140308643,-118.80980125869485,-12.66261140308643,0.06879243569589831
2015-02-02,40.59,42.79,40.23,42.41,44.006824523648405,45.10634293056549,43.56162244417454,35.72425267769743,-0.861742063871122,0.10284167417896839,0.9645837380500903,0,,,-48.32973670075265,-27.25847771478782,,,,,,,40.91413733866721,,,12.324037822979562,11.18477758925075,,,,,60,100,-40,,,,,,,,,,,,-72.17850023888893,-172.6625646662049,-72.17850023888893,0.021503624127118013
2015-02-09,42.24,43.87,42.18,43.87,43.956337057673515,44.85907434445239,43.57371568165789,35.80530488985964,-0.7980241852365472,-0.03294649349559364,0.7650776917409535,0,,,-50.76232832020745,-43.580729742461834,,,,,,,45.6879947231218,,,15.399987455720744,12.698985045751263,,,,,60,100,-40,,,,,,,,,,,,-131.78240928636367,-223.996643817804,-131.78240928636367,0.08202893546709226
2015-02-17,43.97,44,43.05,43.855,44.03374155355398,44.65825947556191,43.58474643923993,35.88540135861726,-0.7241856390986849,-0.14015435713240265,0.5840312819662823,0,,,-49.72437945895439,-49.60548149330483,,,,,,-49.60548149330483,45.646946146973534,,,26.401511869680263,21.09182791543978,,,,,60,100,-40,,,,,,,,,,,,-174.18560759793394,-256.9063449418396,-174.18560759793394,0.10706870559678931
2015-02-23,43.7,44.3,43.65,43.85,43.67133144258584,44.49660758044953,43.59514853966189,35.96465109634246,-0.6455856510432622,-0.22295078183779538,0.4226348692054668,0,,,-46.40913001635283,-48.96527926517157,,,,,,,45.63214117126008,,,33.885101660329596,29.39559725256754,,,,,60,100,-40,,,,,,-48.96527926517157,,,,,,-195.24276985285502,-277.46882767968697,-195.24276985285502,0.1373908182046848
2015-03-02,43.67,44.19,42.15,42.36,43.87909348240114,44.06928606435962,43.54671134202809,36.02828640881666,-0.6614194351745082,-0.4041394247626684,0.25728001041183973,0,,,-49.25974446862643,-48.464417981311215,,,,,,,41.30702065200199,,,35.685247201197924,35.36407407360206,35.685247201197924,,,,60,100,-40,,,,,,-48.464417981311215,,,,,,-173.38044806142682,-255.20176810156204,-173.38044806142682,0.08720340429516897
2015-03-09,42.19,43.125,40.61,41.38,43.87344394794391,43.531428851487696,43.46174226979169,36.08153729032097,-0.7015579278667698,-0.6196673994216226,0.08189052844514724,0,,,-55.74981577309704,-50.4728967526921,,,,,,,38.69383054664238,,,31.788051837010197,34.48928251772646,,,,,60,100,-40,,,,,,,,,,,,-174.58400295934922,-259.7105375376417,-174.58400295934922,0.02003841582689183
2015-03-16,41.47,42.98,41.15,42.88,43.110340808805056,43.401143081190156,43.43892884744692,36.14918368544216,-0.5949592162159807,-0.6618084918248286,-0.06684927560884793,0,,,-55.23295889339516,-53.41417304503955,,,,,,,44.51426940898677,,,30.486048356181342,31.5163345493626,,,,,60,100,-40,,,,,,,,,,,,-294.6596387849221,-388.85407616716134,-294.6596387849221,0.03250658764894489
2015-03-23,42.88,43.17,40.83,40.97,43.14031646531898,42.914914464952126,43.34210810833135,36.19715200698005,-0.6182387494823766,-0.8396477124618187,-0.2214089629794421,0,,,-57.214361994402275,-56.06571222029816,,,,,,,39.35954098015177,,,28.413171436999328,28.84223154832317,,,,,60,100,-40,,,,,,,,,,,,-230.17606809675445,-315.42606231858656,-230.17606809675445,-0.04162550468112319
2015-03-30,41.1,41.54,40.12,40.29,43.085293860653344,42.389931571961704,43.22241759427914,36.237876862631985,-0.6417982812390591,-1.023656814528266,-0.38185853328920694,0,,,-61.736888632197925,-58.06140317333179,,,,,,,37.67679654995761,,,27.72835720479146,28.224146974564622,,,,,60,100,-40,,,,,,,,,,,,-242.8713284427991,-325.3485964424799,-242.8713284427991,-0.09024028189335379
2015-04-06,40.34,41.95,40.18,41.72,43.17491572774953,42.255945257569365,43.16349925724859,36.29242535156102,-0.5281802222793636,-1.0420838111384114,-0.5139035888590479,0,,,-59.85566728936532,-59.60230597198851,,,,,,-59.60230597198851,43.20828896512608,,,27.450854801784303,27.529597091065597,,27.450854801784303,,,60,100,-40,,,,,,,,,,,,-256.8947232713811,-339.8306698165744,-256.8947232713811,-0.0313534719224378
2015-04-13,41.4,42.46,41.16,41.615,39.89813603291027,42.127756206055494,43.10277379618002,36.34538629333653,-0.43129423781947185,-1.0530213861333877,-0.6217271483139158,0,,,-54.54543404217199,-58.71266332124508,,,,,,,42.90537477347163,,,31.872948210712075,29.587644092236363,,,,,60,100,-40,,,,,,-58.71266332124508,-107,,,,,-209.2775008584027,-283.49782075901544,-209.2775008584027,-0.049240728950961925
2015-04-20,41.73,48.14,41.68,47.87,43.99612631627383,43.276204964844396,43.28972384338864,36.46005906653716,0.05688883178639803,-0.5506161085809183,-0.6075049403673163,0,,,-26.68167972851618,-47.0275936866845,,,,,,,60.69031012174594,,,51.29007598524689,41.02762920304614,,,,,60,100,-40,,,,,,,,,,,,-235.7725007023295,-304.6800351664671,-235.7725007023295,0.021850583155759124
2015-04-27,47.23,49.54,47.22,48.655,44.125688722254274,44.35196397187552,43.50012682992242,36.58140176239252,0.4155256882467848,-0.08809783005883531,-0.5036235183056201,0,,,-1.2729043083989957,-27.500006026362385,,,,,,,62.28746573080932,62.28746573080932,,69.80734846981657,58.83136800906714,,,,,60,100,-40,,,,,,,,,,,,-154.72295512008776,-227.46548331801853,-154.72295512008776,0.06507305502215147
2015-05-04,48.37,48.87,46.02,47.75,44.117782384950395,45.03157117750042,43.66678852286664,36.69253209311498,0.565366232452263,0.2030842722597086,-0.3622819601925544,0,,,11.605171835934646,-5.449804066993505,,,,,,,59.27936625375004,,,87.91739554287102,79.54266069593892,,,,,60,100,-40,,,,,,,,,,,,-142.95514509825364,-218.83539544201514,-142.95514509825364,0.03423481078722661
2015-05-11,47.55,48.905,46.42,48.295,44.03472650031108,45.68425694200033,43.84828701216599,36.80797953497453,0.6677294327961364,0.47237983080261614,-0.19534960199352025,0,,,20.91740132558404,10.416556284373238,,,,,,,60.523147713746916,,,92.2925834088399,90.41515653451222,92.2925834088399,,,,60,100,-40,,,,,,,,,,,,-163.32693689857112,-242.68350536164877,-163.32693689857112,0.06795025482071461
2015-05-18,47.98,48.22,46.82,46.9,44.00974603600315,45.927405553600266,43.967962031296736,36.908397649054386,0.6096405474359756,0.5667010823014493,-0.04293946513452632,0,,,25.07317177984259,19.19858164712043,,,,,,,55.79727167515381,,,89.14662462364677,92.18884748006606,,,,,60,100,-40,,,,,,,,,,,,-142.7220392806491,-229.4683225686217,-142.7220392806491,0.04890491301114754
2015-05-26,46.83,48.02,46.19,46.86,44.13083560486007,46.11392444288021,44.08137528497137,37.00741856796927,0.5391119589356117,0.6309504835349884,0.09183852459937664,0,,,26.584309400014668,24.19162750181377,,,,,,,55.66226055245162,,,84.42803844855939,87.28262223687847,,,,,60,100,-40,,,,,,,,,,,,-150.40894122962203,-234.1104457379632,-150.40894122962203,0.021795838436533405
2015-06-01,47.06,47.77,45.84,46.14,44.192561633084345,46.11913955430417,44.162105665952886,37.0982900250044,0.4198588740546639,0.6166621171677065,0.1968032431130426,0,,,25.3548880850071,25.670789754954786,,,,,25.670789754954786,,53.15425092873355,,,76.08933558145554,79.96413189759473,,,,,60,100,-40,,,,,,25.670789754954786,,,,,,-179.42549736969073,-265.18127378560627,-179.42549736969073,0.006727881824026535
2015-06-08,46.3,46.92,45.46,45.97,44.23559294500689,46.08931164344334,44.23300348297434,37.18656574614864,0.31046043435558424,0.5848787860575229,0.2744183517019386,0,,,21.386599153285008,24.44193221276893,,,,,,,52.548619780245446,,,70.9702130454082,73.93210500409327,,,,,60,100,-40,,,,,,,,,,,,-185.8935887570197,-266.9664967336779,-185.8935887570197,-0.03266278297766854
2015-06-15,45.45,46.825,45.0201,46.1,44.34269344893497,46.09144931475467,44.30621903266162,37.27525663424666,0.23141123933739383,0.5636824008736809,0.3322711615362871,0,,,16.995787710043313,21.24575831611181,,,,,,,52.99232598386989,,,66.40198519560859,68.25670768581416,,,,,60,100,-40,,,,,,,,,,,,-245.73111807392522,-323.8816791457364,-245.73111807392522,0.10125648201298731
2015-06-22,46.33,46.72,45.03,45.26,44.39287248829676,45.92515945180374,44.34362220785136,37.35470681699047,0.11309768542079429,0.47364326831228,0.3605455828914857,0,,,10.595795911488093,16.326060924938812,,,,,,,49.73679039341763,,,62.13245686239148,64.20512437922727,,,,,60,100,-40,,,,,,,,,,,,-261.9618238786661,-346.8122829374207,-261.9618238786661,0.02549145058560283
2015-06-29,45.04,45.23,43.94,44.4,44.45588159627556,45.62012756144299,44.345833101661114,37.42480923672191,-0.025157941754840818,0.32909815569793466,0.3542560974527755,0,,,-3.5201764060781393,8.023802405151093,,,,,,,46.564002494490275,,,55.49914618018698,58.90133610283316,,,,,60,100,-40,,,,,,,,,,,,-180.6960377189086,-266.4827769487988,-180.6960377189086,-0.03663123979288887
2015-07-06,43.96,45.22,43.32,44.61,44.567247196541594,45.41810204915439,44.35619258787048,37.49630367217742,-0.10032304535085318,0.228852290764209,0.32917533611506217,0,,,-13.948067835151047,-2.290816109913692,,,,,,,47.45077566322939,,,44.83680921769491,50.45759100962158,,,,,60,100,-40,,,,,,,,,,,,-149.66039449728885,-244.39499932174445,-149.66039449728885,-0.04390528389444538
2015-07-13,44.975,46.78,44.9501,46.62,44.587800968217195,45.65848163932351,44.44496934913046,37.58708672021545,-0.016903500713344455,0.3080459602233816,0.32494946093672605,0,,,-5.723319663212589,-7.730521301480586,,,,,,,55.16564262644345,,,44.23529170003532,44.94589177084492,,,,,60,100,-40,,,,,,-7.730521301480586,,,,,,-148.81305004323636,-248.14136308142724,-148.81305004323636,0.006182524785436626
2015-07-20,46.65,47.33,45.1,45.94,44.208315184773106,45.71478531145881,44.50359800210573,37.670200285188436,-0.010090150404571396,0.3123367729310118,0.3224269233355832,0,,,0.6519972358441795,-6.339796754173146,,,,,,,52.348915464985105,,,42.36420049233083,41.867280009913905,,42.36420049233083,,,60,100,-40,,,,,,,,,,,,20.971140873715726,-92.11566070298595,20.971140873715726,0.026512570538416852
2015-07-27,45.94,47.4,44.79,46.7,44.18164981443217,45.91182824916705,44.58973141378786,37.76004903856965,0.040271187717082324,0.3727659079819361,0.33249472026485377,0,,,7.240225924344766,0.722967832325458,,,,,,,55.12328282071755,,,49.36362754607097,46.278266924028856,,,,,60,100,-40,,,,,,,,,,,,9.885478896676503,-105.36735875698852,9.885478896676503,0.07812929568324371
2015-08-03,46.98,48.41,46.26,46.74,42.707603399115584,46.07746259933364,44.674055672070686,37.84940178445453,0.06924703224107759,0.41905351056620077,0.3498064783251232,0,,,19.592345574552965,9.161522911580642,,,,,,,55.27176742262754,,,50.29512371894218,48.9750891451863,,,,,60,100,-40,,,,,,,,,,,,123.54266455182625,-2.5732935284450775,123.54266455182625,-0.0011799496554072534
2015-08-10,46.95,47.49,45.705,47,42.799917442035905,46.26197007946691,44.76526917512674,37.94045251296742,0.0971819600798351,0.47128392842491706,0.37410196834508197,0,,,23.738853315238103,16.857141604711952,,,,,16.857141604711952,,56.29015952665154,,,58.95026467429564,55.4911689523506,58.95026467429564,,,,60,100,-40,,,,,,,,,,,,138.35308917876694,15.167305294908573,138.35308917876694,0.06212261624472703
2015-08-17,46.81,47.45,43.07,43.07,42.844923339033336,45.62357606357353,44.69878803100412,37.99149278647023,-0.14461744231232532,0.1933301654546753,0.3379476077670006,0,,,4.252045970155574,15.86108161998222,,,,,,,41.0029120487216,,,48.38339564803559,52.69782749625248,,,,,60,100,-40,,,,,,15.86108161998222,,,,,,338.6525275099002,196.9550679685616,338.6525275099002,0.03911776206773487
2015-08-24,40.45,44.15,39.72,43.93,42.5160002433881,45.28486085085883,44.66863948076867,38.050582410485454,-0.23678935095216047,0.041960919076799996,0.27875027002896047,0,,,-18.42831694722423,3.187527446056483,,,,,,,44.57151192722131,,,38.53183082020729,45.88549645911849,,,,,60,100,-40,,,,,,,,,,,,281.6247952353729,153.87232833791404,281.6247952353729,0.08516658079364176
2015-08-31,43.56,43.98,41.66,42.61,42.203428797431805,44.749888680687064,44.58790852073852,38.09594974968461,-0.36892865781066664,-0.18241055223437286,0.18651810557629378,0,,,-30.372890927661714,-14.849720634910122,,,,,,,40.49826034593432,,,17.840428284483377,27.731996387520393,,,,,60,100,-40,,,,,,,,,,,,269.51119610166876,161.35008682192966,269.51119610166876,0.08709978074765987
2015-09-08,43.3,44.4,42.745,43.48,42.214612454758104,44.49591094454965,44.544461127768386,38.14952238899123,-0.37859024796166796,-0.2867197043757912,0.09187054358587678,0,,,-33.249347706470516,-27.35018519378549,,,,,,,44.143018837397705,,,17.045927572442313,18.30472012690677,,,,,60,100,-40,,,,,,,,,,,,264.14552408318355,168.37734376339705,264.14552408318355,0.010869254808776237
2015-09-14,43.43,45,42.86,43.48,42.300711565132524,44.29272875563972,44.50271755413041,38.20256196721022,-0.3656371853126642,-0.3651759380549535,0.00046124725771071184,0,,,-33.220930582071766,-32.28105640540133,,,,,,,44.143018837397705,,,14.40703231527937,13.137514957495737,,14.40703231527937,,,60,100,-40,,,,,,,,,,,,226.11906515896837,146.85419035187027,226.11906515896837,-0.03135217895279842
2015-09-21,43.62,44.73,43.27,43.94,42.33066073905163,44.22218300451178,44.480650199066474,38.259650902859875,-0.30899923089297654,-0.38578779135850993,-0.07678856046553342,0,,,-31.20121623740249,-32.55716484198159,,,,,,,46.188416052709876,,,23.787829041410895,19.759835693465664,,,,,60,100,-40,,,,,,-32.55716484198159,,,,,,285.9155987664287,202.88070119698475,285.9155987664287,-0.049507896464185505
2015-09-28,43.83,45.57,43.05,45.57,42.455613543405086,44.49174640360942,44.52336979910309,38.33239069487122,-0.15257854937089285,-0.2675117471791495,-0.11493319780825664,0,,,-21.98997399225064,-28.804040270574962,,,,,,,52.82043838966576,,,37.80760482063468,29.77689542592212,,,,,60,100,-40,,,,,,,,,,,,397.5673080816234,308.7205737066239,397.5673080816234,-0.020906523281665132
2015-10-05,45.745,47.54,45.7,47.11,42.53021257601901,45.015397122887535,44.62480627756963,38.41973009094215,0.05278834942189478,-0.04894776103088816,-0.10173611045278294,0,,,-0.011017065342187493,-17.734069098331773,,,,,,,58.105201590489735,,,59.831271242216616,48.32916977228414,,,,,60,100,-40,,,,,,,,,,,,292.555070248601,211.68046939632865,292.555070248601,0.03987510127339211
2015-10-12,46.98,47.54,46.5,47.51,42.975911677731936,45.51431769831003,44.737951129429646,38.51018053779845,0.20519566468827236,0.15475847040755752,-0.05043719428071484,0,,,15.599991969556966,-2.1336663626786208,,,,,,,59.385336860678194,,,81.2135700407089,69.89970675222852,,,,,60,100,-40,,,,,,,,,,,,205.7268756579462,133.1931113242689,205.7268756579462,0.08428681336058334
2015-10-19,47.42,54.07,47.02,52.87,48.51120370075108,46.985454158648025,45.05685500670692,38.65306431354175,0.6324874257994879,0.7401720879686451,0.10768466216915715,0,,,38.56050539728003,18.049826767164937,,,,,,,71.86513376431836,,,93.97680100688973,87.95360201377946,,,,,60,100,-40,,,,,,,,,,,,88.32198917468325,17.158000174401877,88.32198917468325,0.1628311381039932
2015-10-26,52.53,54.37,52.5,52.64,47.81540343641172,48.11636332691842,45.35423324173802,38.79223780295924,0.8514897844627842,1.1720468927476375,0.32055710828485323,0,,,53.47527470174133,35.878590689526106,,,,,,,70.85306859488051,,,98.12210681928588,97.19291174194025,,,,,60,100,-40,,,,,,,,,,,,89.53617296110444,8.583818324510624,89.53617296110444,0.10933484677618605
2015-11-02,52.85,54.98,52.62,54.92,49.95930319095374,49.47709066153473,45.72936134990516,38.95271304870094,1.0867015341075095,1.67893402591924,0.5922324918117305,0,,,61.95374857386416,51.329842890961835,,,,,,,74.68208552160803,74.68208552160803,,99.20941824719293,99.36753459775434,99.20941824719293,,,,60,100,-40,,,,,,,,,,,,-3.106767577278191,-82.06778500721856,-3.106767577278191,0.14590062083666402
2015-11-09,54.55,54.87,52.53,52.84,49.97649582017133,50.149672529227786,46.008209924418686,39.09089500841536,1.0390210005475733,1.8910087424961972,0.8519877419486239,0,,,63.541182964172954,59.656735413259476,,,,,,,66.10011083426313,,,94.07263743713142,96.56196966688147,,,,,60,100,-40,,,,,,,,,,,,132.9126447094997,30.126357721366688,132.9126447094997,0.13415969320081156
2015-11-16,53.08,54.66,52.85,54.19,49.98817469015909,50.95773802338223,46.32906443718658,39.241134859077896,1.0330550046287803,2.1433064977345992,1.110251493105819,0,,,63.939202589874526,63.14471137597055,,,,,,,68.63440412765819,,,90.059533033554,92.68841829278023,,,,,60,100,-40,,,,,,,,,,,,113.29216385322702,1.9215654083909328,113.29216385322702,0.1642719541851173
2015-11-23,54.25,54.46,53.58,53.93,50.080447926576305,51.552190418705784,46.627140341610634,39.38729272117662,0.9484466400554441,2.295809793175124,1.34736315311968,0,,,62.79377061176834,63.42471872193861,,,,,,,67.58030744893465,,,84.10037386125359,86.80367517605409,,,,,60,100,-40,,,,,,63.42471872193861,,105,,,,50.87540678900396,-60.245991938589256,50.87540678900396,0.14650027608915173
2015-11-30,54.54,56.23,53.93,55.91,51.290415931820846,52.423752334964625,46.991174053704334,39.5516977687271,0.9597719378527758,2.5470780754356497,1.5873061375828739,0,,,63.68488679568384,63.4726199991089,,,63.4726199991089,,63.4726199991089,,71.22609480390001,71.22609480390001,,85.60862775375927,85.01124395707485,,,,,60,100,-40,,,,,,63.4726199991089,,,,,,75.26169646373056,-37.47399340430029,75.26169646373056,0.15770631984731118
2015-12-07,55.79,56.1,54.01,54.06,51.291814793833645,52.7510018679717,47.26838291434338,39.696058984958675,0.7840237390455265,2.567335811389782,1.7833120723442555,0,,,61.13309624942721,62.537251218959796,,,,,,,63.94709200354741,,,81.94948161362699,82.87551183103768,,,,,60,100,-40,,,,,,62.537251218959796,,105,,,,201.57775165214315,71.15764176011797,201.57775165214315,0.12633100454105128
2015-12-14,54.33,56.79,53.68,54.13,51.32311373713124,53.02680149437736,47.5374659373103,39.83968028859093,0.6209774736109608,2.5595339143579565,1.9385564407469957,0,,,58.46757631851781,61.095186454542954,,,,,,,64.09749135598025,,,79.15793295824768,81.38633221578884,,,,,60,100,-40,,,,,,,,,,,,254.01816044266258,124.58352507646012,254.01816044266258,0.04988560599804865
2015-12-21,54.88,55.96,54.2262,55.67,51.20646275590758,53.555441195501885,47.856388841729505,39.99719590760992,0.5668363211310781,2.6471018421608434,2.0802655210297654,0,,,56.66671988169908,58.7557974832147,,,,,,,67.3442507498454,67.3442507498454,,74.53773441544385,76.75711348195262,,,,,60,100,-40,,,,,,,,,,,,189.6512221803603,73.75015688074008,189.6512221803603,0.09011428272790452
2015-12-28,55.35,56.85,54.98,55.48,51.281001130485606,53.940352956401505,48.15535398519109,40.151253659773005,0.4720964592459498,2.6703860950872027,2.198289635841253,0,,,55.763356821119636,56.96588434044551,,,,,,,66.53997874045459,,,72.83515857057873,73.72955154769976,,,,,60,100,-40,,,,,,,,,,,,203.35099996574937,72.15921926606008,203.35099996574937,0.061355533560374105
2016-01-04,54.32,55.39,52.07,52.33,51.344501049736635,53.6182823651212,48.31906559361497,40.27243521539715,0.16690024471732512,2.4069149417379094,2.2400146970205843,0,,,44.096806090589176,52.17562759780264,,,,,,,54.78809050281208,,,56.533136946071345,64.33134870863385,,,,,60,100,-40,,,,,,,,,,,,410.0144545174314,269.94845212677643,410.0144545174314,0.05660724310012658
2016-01-11,52.51,54.07,50.34,50.99,51.18346526046973,53.09262589209696,48.42380811935556,40.37907765106484,-0.13907747246091207,2.0661678564444443,2.2052453289053564,0,,,28.459982106647338,42.77338167278538,,,,,,,50.664415919515974,,,35.22716705429874,47.782506221390996,,,,,60,100,-40,,,,,,,,,,,,776.3754627869891,600.8669153764536,776.3754627869891,-0.06902774941294634
2016-01-19,51.48,52.33,49.1,52.29,50.98821774186475,52.93210071367757,48.57542348722397,40.497594291352755,-0.26070954465016616,1.8793583980926485,2.1400679427428146,0,,,14.445583526725219,29.000790574653916,,,,,,,54.28097714205694,,,15.438959456713764,25.5711679960357,,15.438959456713764,,,60,100,-40,,,,,,,,,,,,662.4890150075368,517.0729307625529,662.4890150075368,-0.008219417170702705
2016-01-25,51.94,55.09,51.0201,55.09,50.878345046017266,53.36368057094206,48.83089707596029,40.64279235810547,-0.164100478202446,1.9349423449897571,2.099042823192203,0,,,15.91751145567975,19.60769236301744,,,,,,,60.95880782795636,60.95880782795636,,18.14153741578,16.06541340903958,,,,,60,100,-40,,,,,,,,,,,,604.7637395516209,474.8778524420888,604.7637395516209,0.06366319066713441
2016-02-01,54.88,55.09,49.56,50.16,50.65633468558746,52.722944456753645,48.88301875925596,40.73749094160691,-0.42870302411923555,1.5631640430431588,1.9918670671623944,0,,,5.241586224945202,11.868227069116722,,,,,,,47.676014840609184,,,17.73250967166566,15.247357920810893,,,,,60,100,-40,,,,,,,,,,,,654.8066959967808,532.172788361709,654.8066959967808,0.02536650464562125
2016-02-08,49.55,50.68,48.19,50.5,50.241596493759786,52.27835556540292,48.94642978830475,40.83463033522276,-0.5685389189135879,1.2811934185204095,1.8497323374339973,0,,,-10.09893795108278,3.686719909847392,,,,,,,48.51418963401548,,,17.51400643640931,18.86583392946487,,,,,60,100,-40,,,,,,,,,,,,646.6600239973661,519.9595541141255,646.6600239973661,0.07825142300876572
2016-02-16,50.9,52.95,50.13,51.82,50.29076817277694,52.18668445232233,49.059118816214365,40.94393749606632,-0.5590059395020082,1.150974913056487,1.7099808525584952,0,,,-11.871594857256287,-5.576315527797953,,,,,,,51.76402923132003,,,10.90880631765314,14.549363250295116,,10.90880631765314,,,60,100,-40,,,,,,,,,,,,559.0854741796633,439.9669079115572,559.0854741796633,0.04245686412325619
2016-02-22,52.28,53,50.2,51.3,50.04928473186431,52.009347561857865,49.14699650969615,41.04698289411541,-0.5725015918404783,0.9943538627578974,1.5668554545983757,0,,,-13.973739243578287,-11.981424017305784,,,,,,,50.40618570209211,,,11.406224272827647,11.560719218505055,,,,,60,100,-40,,,,,,,,,,,,465.615387965179,350.88201556400134,465.615387965179,0.012744479891770702
2016-02-29,51.35,52.97,50.66,52.03,50.050764393874005,52.013478049486295,49.26005547010023,41.15626664641277,-0.5186467533200076,0.9185470129483662,1.4371937662683738,0,,,-12.632803853771529,-12.8260459848687,,,,,,,52.308761116150315,,,14.242771367252965,11.751380361666833,,,,,60,100,-40,,,,,,-12.8260459848687,,,,,,370.9580446987827,266.1761945523648,370.9580446987827,-0.00903366439117476
2016-03-07,51.56,53.07,50.58,53.07,50.12213836574014,52.224782439589035,49.40946505950806,41.27481125689622,-0.40443551490538,0.9316493726366488,1.3360848875420288,0,,,-8.138991841703898,-11.58184497968457,,,,,,,54.9746616366353,,,20.047039612928224,17.019992731461446,,,,,60,100,-40,,,,,,,,,,,,293.5111274808223,194.14415917920758,293.5111274808223,-0.012437482290993887
2016-03-14,52.71,55,52.63,53.49,49.972699911044415,52.47782595167123,49.56948603756656,41.39635542349427,-0.2970263573972829,0.9648019407954251,1.261828298192708,0,,,7.382881012189214,-4.462971561095403,,,,,,,56.04950979300513,,,28.78298835145734,24.3435563925372,,,,,60,100,-40,,,,,,,,,,,,207.4181952115819,115.20885751026074,207.4181952115819,0.029997152945225054
2016-03-21,53.25,54.33,52.93,54.21,49.63750706025554,52.82426076133698,49.751466977269835,41.523854374504275,-0.17968889564892043,1.0372171786315576,1.216906074280478,0,,,18.15281065915142,5.798899943212246,,,,,,,57.915287121351994,,,38.49872212221968,33.32348776230297,,,,,60,100,-40,,,,,,,,,,,,197.88761426402152,112.44361069021335,197.88761426402152,0.006230739529086509
2016-03-28,54.21,55.64,53.33,55.57,50.30697084166585,53.373408609069585,49.979644742867094,41.663617017544034,-0.0210267365979786,1.190622653533005,1.2116493901309835,0,,,30.906657335496654,18.81411633561243,,,,,,,61.27894479462937,61.27894479462937,,49.36760656470349,43.90789748048022,,,,,60,100,-40,,,,,,,,,,,,128.2716843978358,47.453863291992704,128.2716843978358,0.07845692670349483
2016-04-04,55.43,55.66,54.21,54.42,50.352901495832576,53.58272688725567,50.15377632157819,41.79054620144907,-0.004914802420794118,1.2055058871049908,1.210420689525785,0,,,37.642287502497496,28.90058516571519,,,,,,,57.09840432863166,,,59.007398352499266,54.12901720901542,,,,,60,100,-40,,,,,,,,,,,,100.40410541641111,29.73497905708495,100.40410541641111,0.036803373198853837
2016-04-11,54.49,55.92,53.76,55.65,50.598408531844534,53.996181509804536,50.369314505045715,41.92845121436997,0.07290203996393951,1.3015482394807094,1.22864619951677,0,,,43.13570040486372,37.22821508095262,,,,,,,60.24125132074241,,,71.3453623098306,65.35095494114277,71.3453623098306,,,,60,100,-40,,,,,,,,,,,,53.05790443160909,-15.671380771475967,53.05790443160909,0.06653754871423559
2016-04-18,55.49,56.77,50.77,51.78,50.65066506528421,53.55294520784363,50.42463550484784,42.026476575421015,-0.14032120803933834,1.053244689467597,1.1935658975069354,0,,,31.538558281339043,37.43884872956675,,,,,37.43884872956675,,48.204587671833345,,,60.06455422451107,65.33866440588092,,,,,60,100,-40,,,,,,37.43884872956675,,,,106,,22.50192180768014,-41.912947903934885,22.50192180768014,-0.02890399706602929
2016-04-25,51.78,52.35,49.35,49.87,50.15061756062105,52.8163561662749,50.40288509289302,42.104521584620805,-0.3993827898194522,0.6943374102326203,1.0937202000520725,0,,,8.004803043120447,27.559687243107735,,,,,,,43.55190140039887,,,43.088479912252154,54.57679338654099,,,,,60,100,-40,,,,,,,,,,,,0.22884511537466068,-54.29241192140125,0.22884511537466068,-0.019792346870760483
2016-05-02,50,50.75,49.46,50.39,50.114859163433835,52.33108493301992,50.40237979513251,42.18696415591811,-0.5176073177371482,0.4467110528806373,0.9643183706177855,0,,,-8.181416727143876,10.45398153243854,,,,,,,45.11435193171022,,,17.062277123342263,30.128791181947268,,,,,60,100,-40,,,,,,,,,,,,38.36905509439745,-17.148337026601013,38.36905509439745,0.0488899690721724
2016-05-09,50.49,51.895,50,51.08,50.325940651759986,52.080867946415935,50.428953136499864,42.2754520747647,-0.5293316490234955,0.3026538093384161,0.8319854583619116,0,,,-15.071112136558247,-5.082575273527221,,,,,,,47.21463736922053,,,12.657345953712838,15.227655352531563,,,,,60,100,-40,,,,,,,,,,,,76.84740871359793,15.969542432781019,76.84740871359793,0.03342707558486155
2016-05-16,50.8,51.96,49.82,50.62,50.43551631949142,51.78869435713275,50.43644517036262,42.35848240237898,-0.5458729709828206,0.14964424463338588,0.6955172156162065,0,,,-20.75988658719468,-14.67080515029893,,,,,,,45.94486079152711,,,12.113605931006719,9.577502870411204,,12.113605931006719,,,60,100,-40,,,,,,,,,,,,65.60242531112557,2.1568983540935704,65.60242531112557,0.03779074259927702
2016-05-23,50.6,52.49,49.98,52.32,50.50226515381346,51.8949554857062,50.510310065642514,42.457601980464766,-0.42547605717922476,0.16367214414217557,0.5891482013214003,0,,,-19.610449779932416,-18.480482834561776,,,,,,,51.199338547586315,,,21.495860467185764,16.93211662021697,,,,,60,100,-40,,,,,,,,,,,,10.03834798183,-50.96253771028708,10.03834798183,0.13055784879080326
2016-05-31,52.26,53,51.6,51.79,50.51138907139821,51.87396438856496,50.56049398463693,42.55046166225119,-0.3669039596160929,0.13051825180128418,0.4974222114173771,0,,,-14.047959340042173,-18.139431902389752,,,,,,,49.571854325192994,,,27.030503338782097,23.692579995830247,,,,,60,100,-40,,,,,,-18.139431902389752,,,,,,-16.332260742139084,-78.06025812659853,-16.332260742139084,0.16591980256139163
2016-06-06,51.99,52.73,51.04,51.48,50.67843270915548,51.795171510851965,50.59655304406293,42.63931278998998,-0.33527677088592106,0.07832624780997577,0.41360301869589683,0,,,-13.298749122676183,-15.652386080883588,,,,,,,48.593097175036924,,,32.93864823940134,30.576331868672796,32.93864823940134,,,,60,100,-40,,,,,,,,,,,,-6.999122425386517,-68.41293846721697,-6.999122425386517,0.09581724355071966
2016-06-13,49.58,50.715,49.06,50.13,50.79211608707295,51.462137208681575,50.578256846256544,42.71384699108461,-0.38780228528731464,-0.07114983791324647,0.31665244737406817,0,,,-27.691914417260847,-18.346207626659734,,,,,,,44.452437438700784,,,25.826098175439597,29.330396910685753,,,,,60,100,-40,,,,,,-18.346207626659734,,,,,,7.909808924683759,-55.97422238226842,7.909808924683759,0.038964758461837425
2016-06-20,50.64,52.06,49.52,49.83,50.79339350942488,51.13570976694526,50.54891344052099,42.78465448371063,-0.42242718258252143,-0.21138153085408362,0.2110456517284378,0,,,-32.48260983154422,-24.49109112382708,,,,,,,43.5588824492833,,,16.910970663521987,22.861176344341825,,,,,60,100,-40,,,,,,,,,,,,75.56257093837765,6.9301816872349065,75.56257093837765,0.04285110241897402
2016-06-27,49.1,51.72,48.035,51.16,50.77743683018025,51.14056781355621,50.57287761932409,42.867991255016996,-0.3390316365168736,-0.21274389391765425,0.12628774259921938,0,,,-36.471622670874034,-32.2153823065597,,,,,,,48.52810403440552,,,12.735427837598364,14.688355024523078,,12.735427837598364,,,60,100,-40,,,,,,,,,,,,-11.812441959509208,-77.96621498317144,-11.812441959509208,0.018562755916554013
2016-07-05,50.83,52.36,50.39,52.3,47.269048485167374,51.37245425084497,50.64060790876236,42.96184208830041,-0.1973875297646333,-0.12044666960657224,0.07694086015806105,0,,,-24.7790214545482,-31.244417985655485,,,,,,,52.418105832071056,,,21.442171675001234,16.156902245844567,,,,,60,100,-40,,,,,,-31.244417985655485,,,,,,-106.0283616032348,-162.88144862259483,-106.0283616032348,0.04121726243077392
2016-07-11,52.5,54,52.47,53.7,48.728402164798275,51.837963400675974,50.760584069203055,43.068689430705376,-0.009617093067606886,0.06491949382355244,0.07453658689115933,0,,,-2.9589783137665933,-21.403207479729605,,,,,,,56.76519393424106,,,41.23587575157956,29.99542331449767,,,,,60,100,-40,,,,,,,,,,,,-135.841386766283,-190.53936705485032,-135.841386766283,0.07906346652033036
2016-07-18,53.7,56.84,52.93,56.57,51.71065915302697,52.78437072054078,50.988404301783326,43.203030829404824,0.29105508216811454,0.4383554396013025,0.14730035743318798,0,,,19.71020714094211,-2.675930875790892,,,,,,,64.05772440774068,,,64.19577187474937,51.89882826057953,,,,,60,100,-40,,,,,,,,,,,,-173.87022553604976,-230.44130031760483,-173.87022553604976,0.1349008598120277
2016-07-25,56.47,57.29,55.72,56.68,51.60918349923933,53.56349657643262,51.21160413308594,43.33713002513214,0.4699300220432693,0.7347128849872746,0.2647828629440053,0,,,35.7490351866834,17.500088004619638,,,,,,,64.30769689097121,,,83.10520978037692,73.79486580958363,,,,,60,100,-40,,,,,,,,,,,,-206.80291180222255,-263.08833662349485,-206.80291180222255,0.09081999558658789
2016-08-01,56.6,58.21,56.14,57.96,53.02709896357938,54.4427972611461,51.476247108259045,43.48263121891192,0.6366834955632649,1.0606372323980864,0.4239537368348215,0,,,46.63267310218444,34.030638476603315,,,,,,,67.18471262665173,67.18471262665173,,94.81804487334824,89.63608974669648,,,,,60,100,-40,,,,,,,,,,,,-252.83874602000026,-300.7086390555867,-252.83874602000026,0.14249069640047216
2016-08-08,58.055,58.5,57.62,57.94,53.083734751895136,55.142237808916875,51.729727613817516,43.62648563464414,0.7026838827375145,1.3023085902567146,0.5996247075192002,0,,,53.44218332937333,45.27463053941372,,,,,,,67.0931690023925,,,98.65789447516929,97.43283567537719,98.65789447516929,,,,60,100,-40,,,,,,,,,,,,-248.6862467436365,-296.03434104548,-248.6862467436365,0.11008305553688298
2016-08-15,58.01,58.5,57.2,57.62,53.306325126759766,55.6377902471335,51.96071868778546,43.76572458355315,0.6813274800933675,1.4512840576359096,0.7699565775425421,0,,,55.52165095275584,51.86550246143787,,,,,,,65.54513606544734,,,98.50350411331561,99.22249037539815,,,,,60,100,-40,,,,,,,,,,,,-277.10692915388444,-312.20991540084725,-277.10692915388444,0.0644043053130606
2016-08-22,57.6,58.7,57.26,58.03,53.52301618913407,56.1162321977068,52.19872971963701,43.90765767227401,0.651371083331067,1.5841704317063758,0.9327993483753089,0,,,56.232674448270004,55.065502910133056,,,,,,,66.61433354491984,,,97.69998951735099,98.26686254022411,,,,,60,100,-40,,,,,,,,,,,,-313.9965783986327,-356.3535671461478,-313.9965783986327,0.0906801271322458
2016-08-29,58.18,58.6,57.01,57.67,53.63922931848164,56.42698575816544,52.41328933847477,44.04459640190313,0.5669705330866259,1.6415125147335914,1.0745419816469655,0,,,54.63595780687405,55.46342773596663,,,55.46342773596663,,55.46342773596663,,64.7043842147449,,,95.25743105168434,96.35812411226989,,,,,60,100,-40,,,,,,55.46342773596663,,105,,106,,-360.54265505342676,-413.38019130139367,-360.54265505342676,0.05605910963001431
2016-09-06,57.78,57.84,56.21,56.21,53.72571293859009,56.383588606532356,52.56217995265223,44.16564519392399,0.3813781877765343,1.5512647163676334,1.169886528591099,0,,,48.27879248868112,53.04914158127506,,,,,,,57.465467736892776,,,87.6153478739276,91.63013755835796,,,,,60,100,-40,,,,,,,,,,,,-291.3530814073491,-353.6747019738675,-291.3530814073491,0.0880188426427234
2016-09-12,56,57.63,55.61,57.25,53.800304871547944,56.556870885225884,52.746016032940375,44.29583777905908,0.3007647646574474,1.5458424844129084,1.245077719755461,0,,,43.23336287800224,48.71603772451914,,,,,,,60.84581011346758,,,80.40177932349683,84.64021370689743,,,,,60,100,-40,,,,,,,,,,,,-264.7434302423766,-334.824756160437,-264.7434302423766,0.17238363439458654
2016-09-19,57.27,58,56.75,57.43,53.81385452358023,56.73149670818071,52.92970167870742,44.42652596036197,0.2346072904149621,1.5383368327741636,1.3037295423592015,0,,,42.20948381486949,44.573879727184284,,,,,,,61.42068692491415,,,74.58886929177709,77.23541042828691,,74.58886929177709,,,60,100,-40,,,,,,,,,,,,-282.06280656194446,-353.03843685853934,-282.06280656194446,0.15574051931792401
2016-09-26,57.08,58.1679,56.681,57.6,53.9364363433245,56.90519736654456,53.1128506324836,44.55760530403996,0.1798057148806822,1.528486685960054,1.348680971079372,0,,,41.34615081335546,42.262999168742404,,,,,,,61.99165785532354,,,75.5083307346295,74.78058364115562,,,,,60,100,-40,,,,,,,,,,,,-278.0513871870455,-350.6678119751686,-278.0513871870455,0.16005778701059492
2016-10-03,57.405,57.98,56.97,57.8,54.016419461658465,57.08415789323565,53.29666041160189,44.689370425392795,0.13649930212056605,1.5193050987300794,1.3828057966095133,0,,,40.75358934440133,41.43640799087543,,,,,,,62.69532289277663,,,74.84913995090218,74.46917147129375,,,,,60,100,-40,,,,,,,,,,,,-243.86022588030997,-316.9100279796834,-243.86022588030997,0.19470079809912127
2016-10-10,57.91,58.39,56.315,57.42,54.158818071540004,57.151326314588516,53.45836000330378,44.81604335648341,0.06534267387158121,1.4644841389489898,1.3991414650774086,0,,,37.993183518348275,40.03097455870169,,,,,,,60.39390306216245,,,67.01098009705453,71.37178661318076,,67.01098009705453,,,60,100,-40,,,,,,,,,,,,-159.52200299298084,-244.74456834701368,-159.52200299298084,0.1576239652222258
2016-10-17,57.36,60.45,56.66,59.66,55.76890249500143,57.65306105167081,53.70156157180167,44.96374441761293,0.14751356816713423,1.5835334252863262,1.436019857119192,0,,,46.96037724753979,41.902383370096466,,,,,,,67.91511353850156,,,70.32057309085454,69.630107048287,,,,,60,100,-40,,,,,,41.902383370096466,,,,,,-136.8816388124389,-218.42737410210214,-136.8816388124389,0.22183851302146315
2016-10-24,59.94,61.3699,59.58,59.87,55.71540945964418,58.096448841336645,53.94346111800552,45.112065368681456,0.19159357827529644,1.6755118299633125,1.483918251688016,0,,,57.9452267496352,47.63292917184109,,,,,,,68.52221769522248,68.52221769522248,,75.6812842105058,71.25594528384049,,,,,60,100,-40,,,,,,,,,,,,-34.721340846540905,-150.5314879017199,-34.721340846540905,0.19122100575890966
2016-10-31,60.16,60.42,58.52,58.71,55.75646592681245,58.219159073069314,54.13038421141707,45.24736820083388,0.12162133319873858,1.6359449181864392,1.5143235849877006,0,,,57.215757042268386,54.040453679814455,,,,,,,61.5525863572235,,,78.37348582353165,76.96615847941412,78.37348582353165,,,,60,100,-40,,,,,,,,,,,,85.22799385283015,-64.98030828322538,85.22799385283015,0.13823164730061918
2016-11-07,59.78,60.78,57.6302,59.02,55.77886121775442,58.379327258455454,54.32213385018503,45.3844093132634,0.07736617103446375,1.6110312987807802,1.5336651277463165,0,,,55.00828444561894,56.72308941250751,,,,,,,62.65236999660743,,,68.55015045209194,74.24693430225103,,,,,60,100,-40,,,,,,56.72308941250751,,105,,,,-193.90436866586626,-334.07479768627536,-193.90436866586626,0.20559190060861812
2016-11-14,59.02,61.14,57.28,60.35,56.10111398791482,58.77346180676437,54.55852075802091,45.53332066338018,0.11646759088641923,1.6792496163543404,1.5627820254679212,0,,,55.39227912647119,55.87210687145284,,,,,,,67.03509308538845,,,63.16716904947667,67.24212946713384,,,,,60,100,-40,,,,,,,,,,,,-360.46721072661785,-484.2430162887707,-360.46721072661785,0.19815648400763874
2016-11-21,60.5,61.26,60.13,60.53,56.03317727449234,59.124769445411495,54.792696414569114,45.6825413532968,0.13210977383121492,1.7279192427569399,1.595809468925725,0,,,60.63161107093579,57.01072488100865,,,,,,,67.59267305646725,,,71.81152037923843,66.39215399805731,,,,,60,100,-40,,,,,,57.01072488100865,,,,,,-517.6549905945055,-638.0170133271761,-517.6549905945055,0.15670815699333882
2016-11-28,60.34,61.41,58.8,59.25,56.19295032631431,59.149815556329195,54.96749263360562,45.81754094182121,0.03875327841468912,1.6442510669440864,1.6054977885293973,0,,,57.1874632607308,57.73711781937926,,,,,,,59.80048241112459,,,68.80417114687384,68.48285942149668,,,,,60,100,-40,,,,,,57.73711781937926,,105,,,,-471.7177195773228,-596.5593745404168,-471.7177195773228,0.09271624247653552
2016-12-05,59.7,61.99,59.56,61.97,57.569882445863286,59.71385244506335,55.24210076562109,45.978261927474726,0.13715475352078155,1.7769412304303742,1.6397864769095927,0,,,62.18774609725393,60.00227347630684,,,,,,,68.23146475471748,,,72.98382216702134,73.0810034916783,,,,,60,100,-40,,,,,,60.00227347630684,,,,,,-705.041770563264,-806.2758518967047,-705.041770563264,0.06345896096706753
2016-12-12,61.82,63.45,61.72,62.3,57.82274798544448,60.23108195605068,55.518881127753595,46.140667281430204,0.19775122170439596,1.8869755040400875,1.6892242823356916,0,,,69.58405427982103,62.98642121260192,,,,,,,69.08368568179918,,,73.64678698317931,72.32642442024348,,,,,60,100,-40,,,,,,,,,,,,-686.8523577335795,-792.4075151882129,-686.8523577335795,0.02986768841017279
2016-12-19,62.56,64.1,62.42,63.24,58.83540884362702,60.832865564840546,55.82167010313581,46.310809895545326,0.2699537368541389,2.026666453403365,1.7567127165492262,0,,,74.54887046909333,68.77355694872276,,,,,,,71.44730800875834,71.44730800875834,,91.30896506474659,82.61793012949316,91.30896506474659,,,,60,100,-40,,,,,,,,,,,,-601.9701108729288,-719.2425124267196,-601.9701108729288,-0.0125065234874366
2016-12-27,63.21,64.07,62.03,62.14,58.892879640510806,61.094292451872434,56.06944774615009,46.46831427469413,0.21484240888225736,2.025265727652048,1.8104233187697907,0,,,73.0929328326385,72.40861919385095,,,,,,,65.13442301078359,,,84.23121050409367,85.85739263857562,,,,,60,100,-40,,,,,,,,,,,,-492.5209998051235,-619.3802374400433,-492.5209998051235,-0.02481464361112639
2017-01-03,62.79,63.15,62.03,62.84,58.91195966618861,61.443433961497945,56.33495959924225,46.63121662021956,0.19720438296399334,2.0569287974747823,1.859724414510789,0,,,69.89379604350675,72.51186644841285,,,72.51186644841285,,72.51186644841285,,67.13625020337273,,,77.71233887913951,84.50742653197268,,,,,60,100,-40,,,,,,72.51186644841285,,105,,,,-448.42627256782833,-569.4929215418535,-448.42627256782833,0.0034065770503882093
2017-01-09,62.76,63.4,61.95,62.7,59.06110540431799,61.69474716919836,56.584569026722946,46.791105012058175,0.1499222049725668,2.0471271707264975,1.8972049657539307,0,,,66.14606088758794,69.71092992124439,,,,,,,66.31133445014382,,,63.546827393300724,70.15398359562987,,,,,60,100,-40,,,,,,,,,,,,-463.2578593736778,-565.9487539887893,-463.2578593736778,0.0022449651093347906
2017-01-17,62.68,62.98,62.03,62.74,59.15245501829528,61.90379773535869,56.82595847665538,46.94980048457501,0.09768373312065082,2.0193096321547443,1.9216258990340935,0,,,61.56169407891322,65.86718367000263,,,,,,,66.43897298808733,,,61.788001402087176,62.85823130536306,,61.788001402087176,,,60,100,-40,,,,,,,,,,,,-414.4837031239182,-513.9580714453731,-414.4837031239182,0.02660286467344481
2017-01-23,62.7,65.91,62.57,65.78,61.84870823127419,62.67903818828695,57.1770973599238,47.13716565388272,0.23630752977663616,2.2170103112548887,1.9807027814782525,0,,,68.06677243362006,65.2581758000404,,,,,,,74.41881606995935,74.41881606995935,,67.8799395430416,63.35433044396652,67.8799395430416,,,,60,100,-40,,,,,,65.2581758000404,,,,,,-414.5775752832057,-502.32933118257796,-414.5775752832057,0.11813402941323332
2017-01-30,65.69,65.79,62.75,63.68,61.65237192904032,62.879230550629565,57.43211314973071,47.301770970759506,0.15873182554785004,2.1791175634130653,2.0203857378652152,0,,,66.80498509939372,65.47781720397568,,,,,,,63.17723182831905,,,63.379102026518986,64.97038104849149,,,,,60,100,-40,,,,,,,,,,,,-441.0180161408047,-520.9967255130184,-441.0180161408047,0.054016961384525816
2017-02-06,63.5,64.435,63.14,64,61.512916791251726,63.10338444050365,57.68967733993735,47.46792250338876,0.10379007374847049,2.1501233300508034,2.046333256302333,0,,,63.19931547039219,66.02369100113532,,,66.02369100113532,,66.02369100113532,,64.07312654788947,,,57.580294404369965,62.338490113850774,,,,,60,100,-40,,,,,,66.02369100113532,,105,,106,,-473.5601950242948,-550.8155026924695,-473.5601950242948,0.06307588479930619
2017-02-13,64.24,65.24,64.02,64.62,61.63270844901946,63.40670755240292,57.96145469915549,47.63858994116599,0.08482372282823558,2.1523629098376276,2.067539187009392,0,,,63.62764943257029,64.54398333411874,,,,,,,65.81868014692262,,,41.86609976972771,49.58553030972276,,,,,60,100,-40,,,,,,,,,,,,-482.9128868380593,-557.9399567483841,-482.9128868380593,0.05130638237671566
2017-02-21,64.61,64.95,64.05,64.62,61.75180070266092,63.649366041922335,58.22257412271802,47.807559195482746,0.04964002168601045,2.129589214116905,2.0799491924308944,0,,,61.835817430416995,62.887594111126496,,,,,,,65.81868014692262,,,41.2058249457577,42.3451044540343,,,,,60,100,-40,,,,,,,,,,,,-426.01963468568493,-509.22360097595066,-426.01963468568493,0.036767918742616146
2017-02-27,64.54,64.99,63.62,64.25,61.910957795328,63.76949283353787,58.458943764964374,47.9711655716471,-0.017589687903994733,2.057962082550901,2.075551770454896,0,,,57.62171618534598,61.028394349444426,,,,,,,63.65264998161744,,,38.48427967729701,37.79544350545194,,,,,60,100,-40,,,,,,,,,,,,-360.3797011064695,-452.0920371621415,-360.3797011064695,0.030410919408608635
2017-03-06,63.97,65.26,63.81,64.93,61.99160366709029,64.0015942668303,58.712710676142244,48.139910192824736,-0.03433228482087047,2.032636414428808,2.0669686992496783,0,,,56.27399152368249,58.577175046481834,,,,,,,65.88774048476478,,,35.033718058203654,37.326774350757624,,,,,60,100,-40,,,,,,,,,,,,-332.1288463598387,-429.89348495084306,-332.1288463598387,0.0068309393211932
2017-03-13,65.01,65.24,64.15,64.87,62.055060548012406,64.17527541346423,58.95417300256804,48.30637874812001,-0.06569968401918258,1.9848440942257,2.0505437782448825,0,,,54.8127241643596,56.23614395779603,,,,,,,65.50271797112487,,,28.760736473195244,32.35881264029556,,,,,60,100,-40,,,,,,,,,,,,-365.3781470216862,-459.91285132341704,-365.3781470216862,0.07570569903483036
2017-03-20,64.91,65.5,64.12,64.98,62.16541336601153,64.33622033077138,59.1904799436438,48.47228542724319,-0.09359054934128874,1.9335555915682718,2.0271461409095606,0,,,53.59480810487265,54.89384126430492,,,,,,,65.89850221940767,,,25.36024793278996,27.155954484331133,,25.36024793278996,,,60,100,-40,,,,,,,,,,,,-316.21848392683415,-416.2923329009776,-316.21848392683415,0.12888148337834726
2017-03-27,64.63,66.19,64.35,65.86,62.30645526843927,64.64097626461711,59.45202974977542,48.64529751254425,-0.06848739240081958,1.9415369004085363,2.010024292809356,0,,,56.37018864579663,54.925906971676305,,,,,,,68.9826191953047,68.9826191953047,,29.996678698073424,27.18013977087264,,,,,60,100,-40,,,,,,54.925906971676305,,,,,,-329.6333050310461,-421.51190873716354,-329.6333050310461,0.17096241062751735
2017-04-03,65.81,66.35,65.19,65.68,62.29742274926504,64.84878101169369,59.69626387723521,48.81479703978262,-0.07897518496466849,1.9113053116035204,1.9902804965681888,0,,,58.73921049909634,56.23473574992189,,,,,,,67.62733124767973,,,35.56118971572272,31.875034609492108,35.56118971572272,,,,60,100,-40,,,,,,,,,,,,-274.2454313890378,-372.1461071485884,-274.2454313890378,0.12620438347399954
2017-04-10,65.61,65.86,64.85,64.95,62.38617826717468,64.86902480935495,59.902292744794615,48.97534632296886,-0.146140622428248,1.807604718532879,1.953745340961127,0,,,54.546666452451475,56.55202186578149,,,,,,,62.2536810328159,,,32.66886416387864,34.349572693746204,,,,,60,100,-40,,,,,,56.55202186578149,,105,,,,-208.92808022739447,-315.39226948520866,-208.92808022739447,0.10964145532355703
2017-04-17,65.04,66.7,64.89,66.4,63.030022676662206,65.17521984748396,60.15710479401835,49.14872596154628,-0.10585399530683004,1.8214278468275893,1.9272818421344193,0,,,57.43858348627729,56.90815347927505,,,,,,,67.76528742093893,,,30.94835590378497,33.033053065883585,,,,,60,100,-40,,,,,,56.90815347927505,,,,,,-210.94115654968644,-318.9573113969889,-210.94115654968644,0.18819763879886772
2017-04-24,67.48,69.14,67.1,68.46,65.07216391404347,65.83217587798717,60.48270852758626,49.340877942028406,0.03883965023598579,1.9758314049294015,1.9369917546934157,0,,,70.5275014860961,60.837583808274964,,,,,,,73.68019075107237,,,41.64847891256773,35.787193050208224,,,,,60,100,-40,,,,,,,,,,,,-232.58821899519802,-344.6014365975364,-232.58821899519802,0.15419892548808173
2017-05-01,68.68,69.71,68.485,69,65.46272363446894,66.46574070238974,60.816719957877,49.53649109683409,0.14429713980879955,2.117363179454415,1.9730660396456154,0,,,78.24808333882223,68.73805610373188,,,,,,,74.98376120541333,74.98376120541333,,66.62430265827598,52.40550720829139,,,,,60,100,-40,,,,,,,,,,,,-232.11763372334383,-355.58299357980246,-232.11763372334383,0.1710075011321745
2017-05-08,68.97,69.56,68.04,68.38,65.53681480343545,66.84859256191179,61.11331917521515,49.72398869786062,0.1452765386882109,2.154661713005879,2.0093851743176683,0,,,78.2766846669634,75.68408983062726,,,,,,,70.63248838686947,,,79.94444200402071,72.06043672280731,79.94444200402071,,,,60,100,-40,,,,,,,,,,,,-199.91442759182675,-329.11335838347475,-199.91442759182675,0.145204622244316
2017-05-15,68.14,69.44,67.14,67.69,65.56704231747577,67.01687404952943,61.3712282271675,49.90275497947395,0.07592140160499206,2.1042869263239083,2.0283655247189163,0,,,73.38662288374536,76.63713029651034,,,76.63713029651034,,76.63713029651034,,66.01395235930462,,,72.15730114450055,78.24653692062394,,,,,60,100,-40,,,,,,76.63713029651034,,105,,,,-163.56634984785828,-291.0927477682975,-163.56634984785828,0.12960340318096683
2017-05-22,67.89,70.22,67.5,69.96,66.44368215194179,67.60549923962354,61.70804280649426,50.10232955679261,0.15484489554532255,2.2219216441505694,2.067076748605247,0,,,73.82534122072177,75.16288292381019,,,,,,,72.43728839588837,,,65.6623469850137,71.30530165590967,,,,,60,100,-40,,,,,,,,,,,,-152.00883169370223,-285.4395209013343,-152.00883169370223,0.14400691957790682
2017-05-30,69.79,71.86,69.451,71.76,68.10627628394595,68.43639939169883,62.102237206239586,50.31782876518273,0.29222203797638624,2.4323542960757294,2.140132258099343,0,,,78.81898767638069,75.34365059361595,,,,,,,76.28720621850675,76.28720621850675,,68.35974116981075,65.7017350055291,,,,,60,100,-40,,,,,,75.34365059361595,,,,,,-269.8254077493927,-404.4505171010917,-269.8254077493927,0.18472640886435512
2017-06-05,71.97,72.89,68.59,70.32,68.02311369223553,68.81311951335906,62.424502413838034,50.51685534463365,0.25159999413066236,2.454632250762671,2.203032256632009,0,,,77.62078640455107,76.75503843388452,,,76.75503843388452,,76.75503843388452,,68.04949575910224,,,71.90239783242598,68.71048382826552,71.90239783242598,,,,60,100,-40,,,,,,,,,,,,-357.1298790676849,-483.64133217362047,-357.1298790676849,0.14639499397421027
2017-06-12,69.25,71.1,68.13,70,67.67574842850442,69.05049561068725,62.72158075055027,50.71071748050794,0.17244331960278414,2.418586406135489,2.246143086532705,0,,,71.07171699882623,75.83716369325266,,,,,,,66.3253113929884,,,63.17704226139955,68.11653592336948,,,,,60,100,-40,,,,,,75.83716369325266,,105,,,,-279.46990105537856,-413.88836268750765,-279.46990105537856,0.10118501542989856
2017-06-19,70.5,71.25,69.71,71.21,67.54319496932553,69.4823964885498,63.0544599368032,50.91469044090089,0.1705314012160839,2.4593073380528097,2.2887759368367258,0,,,69.64059892167076,72.77770077501602,,,,,,,69.49176660698245,69.49176660698245,,50.700985914385356,58.68345806619669,,,,,60,100,-40,,,,,,,,,,,,-283.202646318037,-409.5450240170517,-283.202646318037,0.1815980967495286
2017-06-26,71.4,71.71,68.09,68.93,67.62439532865942,69.37191719083984,63.28487327261484,51.09394725243421,-0.005977096861770725,2.2813045657595126,2.2872816626212833,0,,,60.879020588577234,67.19711216969141,,,,,,,58.30105382835454,,,35.654140752597165,43.0660859667995,,,,,60,100,-40,,,,,,,,,,,,-256.25671062384845,-371.4459287412242,-256.25671062384845,0.13660308966199786
2017-07-03,69.33,69.84,68.02,69.46,67.40265280518375,69.38953375267187,63.527035105061316,51.27669404594233,-0.10332522311607661,2.1581251337261875,2.261450356842264,0,,,49.83865322174348,60.11942424399715,,,,,,,59.92618425953239,,,25.72300611709274,30.60168038378859,,,,,60,100,-40,,,,,,,,,,,,-195.11912687405783,-304.8193962428198,-195.11912687405783,0.1585059456808555
2017-07-10,69.46,73.27,69.2,72.78,68.47389189052777,70.0676270021375,63.88989647349028,51.49065728926629,0.03233276887109193,2.301866317931129,2.269533549060037,0,,,58.22696862311591,56.31488081114554,,,,,,,68.30798475883716,,,22.60612071857538,23.574692206485626,,22.60612071857538,,,60,100,-40,,,,,,56.31488081114554,,,,,,-186.91564926059274,-289.39768783503433,-186.91564926059274,0.18000344019685302
2017-07-17,72.8,74.3,72.66,73.79,69.21004246977579,70.81210160171,64.27813582747106,51.712541296338266,0.1594305692498823,2.46882176062239,2.309391191372508,0,,,68.57901804504381,58.88154662996774,,,,,,,70.35170630330343,70.35170630330343,,36.439085292767835,28.840012916649425,,,,,60,100,-40,,,,,,,,,,,,-201.11280394048498,-295.8708355013917,-201.11280394048498,0.20571548432936457
2017-07-24,73.53,74.42,72.32,73.04,69.30289657907751,71.257681281368,64.62173834404082,51.92475481577769,0.16181786781610663,2.511663526142641,2.3498456583265344,0,,,70.94195103633403,65.91597923483125,,,,,,,66.88207291840658,,,48.9806226261819,40.909238037978795,,,,,60,100,-40,,,,,,,,,,,,-160.9104759513059,-258.4397745011387,-160.9104759513059,0.16610443212949993
2017-07-31,73.3,73.44,71.445,72.68,69.32340396628626,71.5421450250944,64.93774860505883,52.131274668357015,0.11043396699020214,2.487888117064287,2.377454150074085,0,,,67.34504303248278,68.95533737128687,,,68.95533737128687,,68.95533737128687,,65.20973239198037,,,51.108206841429016,50.82664464153232,51.108206841429016,,,,60,100,-40,,,,,,68.95533737128687,,105,,106,,-126.19948032379571,-227.81436095547707,-126.19948032379571,0.16096829616946404
2017-08-07,72.8,73.13,71.28,72.5,69.35744654012296,71.73371602007552,65.23430748329181,52.33394855225396,0.039276427233632116,2.426549684116125,2.387273256882493,0,,,62.29939647817534,66.86213018233072,,,,,,,64.33833368989039,,,44.95079803838593,49.58584308312064,,,,,60,100,-40,,,,,,,,,,,,-15.072302083105598,-138.21174987266306,-15.072302083105598,0.1645532714320559
2017-08-14,73.06,74.1,71.93,72.49,69.40977178725703,71.88497281606041,65.51884444473136,52.53450627810218,-0.02978516658280217,2.35004179865399,2.3798269652367923,0,,,60.46972500086397,63.371388170507366,,,,,,,64.28663080725107,,,38.95271775813862,42.40273938781355,,,,,60,100,-40,,,,,,,,,,,,80.3953892047318,-52.173249895815275,80.3953892047318,0.11917310316724546
2017-08-21,72.47,73.35,71.7,72.82,69.41264523102438,72.07197825284833,65.80516427042816,52.73635198677778,-0.07214684710487873,2.289643406355694,2.3617902534605726,0,,,56.63260567254745,59.800575717195585,,,,,,,65.28398822422051,,,36.36998674449124,37.13960565277436,,36.36998674449124,,,60,100,-40,,,,,,,,,,,,54.868954803871475,-62.68720446021252,54.868954803871475,0.13713451987396863
2017-08-28,73.06,74.96,72.05,73.94,69.63959914309407,72.44558260227866,66.12417743629372,52.947333559048644,-0.04497247827069106,2.305574655622209,2.3505471338929,0,,,58.99619909915853,58.69950992418998,,,,,,,68.51669628632342,,,40.6492994187049,38.100415700520415,,,,,60,100,-40,,,,,,58.69950992418998,,,,,,-36.92540061501429,-146.74407637653755,-36.92540061501429,0.17208256358042617
2017-09-05,73.34,74.6,72.98,73.98,69.57105634715879,72.75246608182293,66.43224890938023,53.15661382214269,-0.04445936170304554,2.294972931764093,2.3394322934671385,0,,,60.13590642871171,58.588237066805895,,,,,,,68.62971729184379,,,53.42238621702692,46.41083085178784,,,,,60,100,-40,,,,,,,,,,,,-61.12078232137531,-164.6087897626216,-61.12078232137531,0.14960422626142053
2017-09-11,74.31,75.49,74.07,75.31,70.98455232236174,73.26397286545834,66.78039601097316,53.37704552540495,0.021742218243175238,2.3666100662711074,2.344867848027932,0,,,64.93194312674481,61.354682884871686,,,,,,,72.22172966394527,72.22172966394527,,71.0882377893047,61.45215007444119,,,,,60,100,-40,,,,,,,,,,,,-110.00791280839799,-200.13446435123583,-110.00791280839799,0.16300467117846434
2017-09-18,75.23,75.97,73.85,74.41,71.07779858505018,73.49317829236668,67.07959616740558,53.5863286545054,-0.016717287002405268,2.3239712392749254,2.3406885262773307,0,,,64.95724787604424,63.34169914383359,,,63.34169914383359,,63.34169914383359,,66.62885940547682,,,78.25093686194293,74.41503520258001,78.25093686194293,,,,60,100,-40,,,,,,,,,,106,,-160.91556502505287,-241.92819810555653,-160.91556502505287,0.15428981920966917
2017-09-25,74.09,74.535,72.92,74.49,71.07724154326088,73.69254263389334,67.37020023927204,53.794325384311314,-0.0561808093877838,2.2704625145426007,2.3266433239303845,0,,,58.89698882097952,62.92872660792286,,,,,,,66.87587301631203,,,76.7939241371329,79.09975307493497,,,,,60,100,-40,,,,,,62.92872660792286,,105,,,,-299.8400077477705,-374.3048893590917,-299.8400077477705,0.22073792037986478
2017-10-02,74.71,76.12,73.71,76,71.83886714731368,74.15403410711467,67.70862375930058,54.01527737053707,-0.0028175805234704754,2.3231213482760467,2.325938928799517,0,,,61.57612136439987,61.810119353807885,,,,,,,71.23032804778703,,,74.10962467713915,76.19854576872875,,,,,60,100,-40,,,,,,,,,,,,-375.3236427027213,-434.43127311198407,-375.3236427027213,0.2969689416094722
2017-10-09,75.97,77.87,75.86,77.49,73.28180520821984,74.82122728569173,68.0922071412888,54.24885670018347,0.1046603375951114,2.4567643507934065,2.352104013198295,0,,,69.7220260735776,63.39837875298566,,,,,,,74.77511394771948,,,81.12954393782496,77.19197166513258,,,,,60,100,-40,,,,,,63.39837875298566,,,,,,-389.81025312040845,-439.9892234552598,-389.81025312040845,0.28687528189784606
2017-10-16,77.42,78.97,77.25,78.81,74.615247693347,75.61898182855339,68.5125127435912,54.49324618575378,0.22933457956691372,2.638772237656937,2.4094376580900234,0,,,76.41388718179194,69.23734487325646,,,,,,,77.44255469865634,,,91.20304222349027,84.87347606076186,,,,,60,100,-40,,,,,,,,,,,,-449.84475255306137,-512.7184555543034,-449.84475255306137,0.27585888364497074
2017-10-23,78.99,86.2,78.01,83.81,79.66915857239364,77.25718546284271,69.11241420462684,54.78495517893036,0.592577817355735,3.1501599297846923,2.5575821124289573,0,,,87.76779172812043,77.96790166116331,,,,,,,84.2688406661395,,,97.099954099456,94.199908198912,,,,,60,100,-40,,,,,,,,,,,,-438.96388845250476,-509.4969181807937,-438.96388845250476,0.3229459184588052
2017-10-30,83.7,84.54,82.88,84.14,79.1249329600798,78.63374837027418,69.70173129464148,55.07704517714996,0.7869305743768815,3.5412453304000593,2.7543147560231778,0,,,92.25983418942587,85.48050436644608,,,,,,,84.602009714238,84.602009714238,,99.58876806436979,99.17753612873956,99.58876806436979,,,,60,100,-40,,,,,,,,,,,,-399.1522723702312,-473.2247512388313,-399.1522723702312,0.3400664030710531
2017-11-06,84.2,84.9,82.9,83.87,79.24600917721696,79.68099869621935,70.25734967524377,55.36354224006389,0.8251535850801472,3.7857567373733616,2.9606031522932144,0,,,91.45023726138241,90.4926210596429,,,90.4926210596429,,90.4926210596429,,83.04310550216302,,,98.44160926485992,99.22080463242996,,,,,60,100,-40,,,,,,,,,,,,-331.12458648473455,-413.54752374086195,-331.12458648473455,0.2876399163128743
2017-11-13,83.66,84.1,82.24,82.4,79.3098656645586,80.22479895697548,70.7335320409205,55.63256172026226,0.6850518936325805,3.81691801933394,3.1318661257013596,0,,,86.11208814087867,89.94071986389565,,,,,,,74.90260090534036,,,88.15898101423076,93.49509398143785,,,,,60,100,-40,,,,,,89.94071986389565,,105,,,,-332.7382980329646,-410.17524669706887,-332.7382980329646,0.28534736333066935
2017-11-20,82.4,83.9,82.25,83.26,79.389160974233,80.83183916558038,71.22476607853146,55.90746160364274,0.5876578806310175,3.8664384764901314,3.278780595859114,0,,,80.81495348495153,86.12575962907086,,,,,,,76.37065688213937,,,76.54499559965716,83.39381828590696,,,,,60,100,-40,,,,,,,,,,,,-345.87678929969843,-413.77974729760183,-345.87678929969843,0.2720620495518551
2017-11-27,83.31,85.06,83.175,84.26,79.61279233321635,81.5174713324643,71.73595172251062,56.18957641355674,0.5297328499452449,3.9409466582906703,3.4112138083454253,0,,,77.60888837320263,81.51197666634427,,,,,,,77.99228931547427,,,65.96985009541396,71.11468528781474,,,,,60,100,-40,,,,,,,,,,,,-325.7173730633896,-392.18342960712874,-325.7173730633896,0.2410154455075041
2017-12-04,84.42,84.58,80.7,84.16,79.6754500237009,82.04597706597144,72.22316930202001,56.46788908605867,0.42817594004049875,3.9464337333960486,3.51825779335555,0,,,70.94141823640686,76.455086698187,,,,,,,77.41671998206506,,,64.05683250276697,64.65871320548862,,64.05683250276697,,,60,100,-40,,,,,,,,,,,,-296.4960325064097,-361.7864424058326,-296.4960325064097,0.26782186180059586
2017-12-11,84.29,87.09,84.12,86.85,82.0386321648651,83.00678165277715,72.79677050586237,56.77019864739142,0.48167057703614846,4.120346014650735,3.638675437614587,0,,,72.14946919627077,73.56659193529343,,,,,,,81.41386156653198,81.41386156653198,,68.46978329126621,65.30488332139772,68.46978329126621,,,,60,100,-40,,,,,,,,,,,,-271.67857205069885,-343.279816513863,-271.67857205069885,0.34084772304333416
2017-12-18,87.12,87.4999,84.71,85.51,81.95801558166046,83.50742532222172,73.29532852524032,57.05616682005419,0.3712612326521425,4.102751978429765,3.7314907457776227,0,,,70.59120541441945,71.22736428236568,,,,,,,74.31552351327014,,,66.16678056046202,66.85579904552601,,,,,60,100,-40,,,,,,,,,,,,-254.1006498596627,-315.4107589658879,-254.1006498596627,0.3078503830893339
2017-12-26,85.31,86.05,85.03,85.54,81.90888589725614,83.91394025777738,73.77551172032894,57.33958804572529,0.25049190834509805,4.044605631208995,3.794113722863897,0,,,66.82128769277745,69.85398743448923,,,,,,,74.36972237891612,,,62.97562963614997,65.76592615220817,,,,,60,100,-40,,,,,,,,,,,,-249.71871352154216,-307.15425733572647,-249.71871352154216,0.29877124606390654
2018-01-02,86.125,88.41,85.5,88.19,83.45610833316643,84.7691522062219,74.34078577051211,57.646557318902154,0.2961914343443488,4.164353015794333,3.8681615814499843,0,,,67.62564633102745,68.34604647940812,,,,,,,78.6757760556694,,,55.86428800877829,59.34791780326159,,55.86428800877829,,,60,100,-40,,,,,,,,,,,,-304.31531106307995,-348.58075600195804,-304.31531106307995,0.3648882996693982
2018-01-08,88.2,89.78,87.24,89.6,84.78852916651168,85.73532176497753,74.93918632853125,57.96450202219666,0.3640257826841191,4.323193809805133,3.959168027121014,0,,,69.86638312037492,68.10443904805993,,,,,,,80.55851817110346,,,57.87229692110485,57.07764629414911,,,,,60,100,-40,,,,,,68.10443904805993,,,,,,-438.9852545061563,-471.56607309251115,-438.9852545061563,0.3906496595787645
2018-01-16,90.1,90.79,88.0104,90,85.16934851176084,86.58825741198203,75.52980647251042,58.28326319610515,0.3768922913638182,4.430283391325787,4.053391099961969,0,,,70.86238444488225,69.45147129876155,,,,,,,81.07211539460884,,,62.5792534192033,59.05152815019054,,,,,60,100,-40,,,,,,,,,,,,-488.26066277776425,-519.4631507120546,-488.26066277776425,0.3973632568454347
2018-01-22,90,94.06,89.74,94.06,89.17730933234935,88.08260592958563,76.2564807284904,58.63925062698968,0.5873451752058729,4.78757256896931,4.200227393763437,0,,,75.4100819514678,72.04628317224166,,,,,,,85.33271849745542,85.33271849745542,,73.36806588373929,67.8775145009388,73.36806588373929,,,,60,100,-40,,,,,,,,,,,,-527.6678149999889,-555.9243960371357,-527.6678149999889,0.44233756114945194
2018-01-29,95.14,96.07,91.5,91.78,88.9089300943244,88.8220847436685,76.86524619011823,58.969009327218636,0.5046664161216006,4.831060413915438,4.326393997793837,0,,,76.54147019537263,74.27131219724089,,,74.27131219724089,,74.27131219724089,,75.05452477720175,,,64.18074863264508,68.3317733050115,,,,,60,100,-40,,,,,,,,,,106,,-372.6373031818091,-426.66541493947454,-372.6373031818091,0.29952645315791937
2018-02-05,90.56,93.24,83.83,88.18,88.62400651615837,88.6936677949348,77.30896202579987,59.2596659508284,0.15720302624092053,4.522897780594988,4.365694754354068,0,,,64.26309376989973,72.07154863891338,,,,,,,62.23270530158737,,,47.653655134689856,58.548912874049535,,,,,60,100,-40,,,,,,72.07154863891338,,105,,,,-139.43052078511656,-239.08988495047913,-139.43052078511656,0.2860581435882005
2018-02-12,88.735,93.5,87.8,92,87.66800605071849,89.35493423594784,77.88508116204301,59.58544041897936,0.135161132592736,4.534646170094987,4.399485037502251,0,,,61.926748852768725,67.57710427268036,,,,,,,68.43200635597856,,,24.337817418613213,36.36593904820881,,,,,60,100,-40,,,,,,,,,,,,-163.17042609691356,-251.9826331413011,-163.17042609691356,0.273829533030075
2018-02-20,91.475,94.07,91.01,94.06,87.31029133281002,90.29594738875826,78.51939170470799,59.92847086257161,0.20561545292801586,4.656504353662271,4.450888900734255,0,,,63.876411568330596,63.35541806366635,,,,,,,71.19430814419744,,,22.642683352444067,23.58836497230898,,22.642683352444067,,,60,100,-40,,,,,,63.35541806366635,,,,,,-141.68489407929292,-230.71306347924633,-141.68489407929292,0.286163161475369
2018-02-26,94.4,95.84,90.86,93.05,87.3552705233236,90.8467579110066,79.08921948099395,60.258038316675375,0.1339624092172933,4.618341912255872,4.4843795030385785,0,,,63.91129364996971,63.23815135702301,,,,,,,68.03235167102515,,,25.600083756303718,21.301716258551053,,,,,60,100,-40,,,,,,,,,,,,-116.83309515578512,-199.6743246648379,-116.83309515578512,0.2516119841203737
2018-03-05,92.34,96.54,92.26,96.54,89.60275120022906,91.98540632880528,79.77356381507262,60.61905286078806,0.2638695535031079,4.814216444917463,4.550346891414355,0,,,66.64590349197877,64.81120290342635,,,,,,,72.58950509114956,72.58950509114956,,32.38036727626161,29.089046884789685,32.38036727626161,,,,60,100,-40,,,,,,,,,,,,-263.7725324001878,-332.4608110894128,-263.7725324001878,0.27312967193451093
2018-03-12,96.5,97.24,92.83,94.6,89.4868404002127,92.50832506304423,80.35499268506977,60.95717173779514,0.16616944497289587,4.758058697630474,4.5918892526575785,0,,,65.98523998592715,65.51414570929187,,,65.51414570929187,,65.51414570929187,,66.85062875750538,,,30.39320341347206,31.58913643718351,,,,,60,100,-40,,,,,,,,,,106,,-278.54116287288093,-340.195209073156,-278.54116287288093,0.23375153210803906
2018-03-19,93.74,94.05,87.08,87.18,89.36063751448322,91.44266005043538,80.62264003075332,61.21809540209569,-0.41916841050474307,4.06792873952665,4.487097150031393,0,,,47.8554703042268,60.16220459404423,,,,,,,50.35525638266315,,,24.808706921771275,28.621592975259173,,,,,60,100,-40,,,,,,60.16220459404423,,105,,,,-162.4427696232662,-240.15971651440032,-162.4427696232662,0.1466436291950459
2018-03-26,90.61,95.139,88.4,91.27,88.79916340630585,91.4081280403483,81.04018355895907,61.517119328443,-0.5439671009089952,3.8071382738951485,4.351105374804144,0,,,40.49880727852429,51.446505856226075,,,,,,,56.73079719813943,,,16.67105497789133,20.883800303456663,,,,,60,100,-40,,,,,,,,,,,,-93.81681150994507,-190.13067714814576,-93.81681150994507,0.13034224229685265
2018-04-02,90.47,93.065,87.51,90.23,88.21508030585544,91.17250243227865,81.40056851743127,61.80281963363262,-0.699711415528891,3.4764661053930297,4.176177520921921,0,,,28.78303753197934,39.04577170491013,,,,,,,54.79242825264522,,,12.449331232342466,14.588198246323579,,12.449331232342466,,,60,100,-40,,,,,,,,,,,,-65.85011850813686,-156.470554030301,-65.85011850813686,0.15223832273860705
2018-04-09,91.04,94.18,90.62,93.08,88.01614599829433,91.55400194582292,81.85858543831631,62.1140353586711,-0.6168419774593605,3.4051250490977196,4.02196702655708,0,,,30.234768324889416,33.172204378464336,,,,,,,58.95578075027839,,,16.067115035048456,13.725750985196067,,,,,60,100,-40,,,,,,,,,,,,-65.69555150665738,-151.6577260247917,-65.69555150665738,0.16106908747806947
2018-04-16,94.07,97.07,93.42,95,88.06070699841617,92.24320155665833,82.37393502897058,62.44125888744055,-0.4467027345090302,3.4635886084207925,3.9102913429298227,0,,,40.134019788726604,33.05060854853178,,,,,,,61.54072717267188,,,19.96690800575755,17.163189828694325,,,,,60,100,-40,,,,,,33.05060854853178,,,,,,-51.93272395999241,-139.53813947482956,-51.93272395999241,0.14914076717557656
2018-04-23,95.7436,97.9,90.28,95.82,88.09637078424359,92.95856124532666,82.90123169450115,62.77338566467994,-0.29996475312252535,3.535335401526666,3.8353001546491914,0,,,43.69735145394255,38.02204652251951,,,,,,,62.62966057456017,,,26.901196130845314,23.745374382353063,,,,,60,100,-40,,,,,,,,,,,,-40.67222869453925,-128.71302320667877,-40.67222869453925,0.13807551988659095
2018-04-30,96.33,96.3964,92.45,95.16,87.61091572822619,93.39884899626134,83.38196770648149,63.095640533688105,-0.26935293868490495,3.49860898129306,3.767961919977965,0,,,45.16625345846295,42.9992082337107,,,,,,,61.1206902784483,,,32.64479554565302,29.529308788366095,,,,,60,100,-40,,,,,,,,,,,,-76.00455075007756,-158.9470189872826,-76.00455075007756,0.11690163631662229
2018-05-07,95.17,97.95,95.05,97.7,88.84493603335288,94.25907919700907,83.94345916897241,63.43996251842753,-0.10830104380128303,3.632585615226361,3.740886659027644,0,,,52.75165193401509,47.205085615473514,,,,,,,64.66964546674117,64.66964546674117,,41.52209524784198,37.21537266949037,,,,,60,100,-40,,,,,,,,,,,,-136.7309960682453,-220.0475609895949,-136.7309960682453,0.16237301023405204
2018-05-14,97.92,98.69,95.83,96.36,89.06315488811339,94.67926335760725,84.43038233881663,63.767525080433224,-0.12130013562050923,3.5892614895020074,3.7105616251225166,0,,,56.136570241663534,51.35149187804718,,,,,,,61.46315461800703,,,47.16928578697615,43.98191792577146,,,,,60,100,-40,,,,,,,,,,,,-204.5980876922007,-283.6752771733049,-204.5980876922007,0.140122931434772
2018-05-21,97,98.98,96.32,98.36,89.93150096753386,95.4154106860858,84.97664185494146,64.11172881097617,-0.029282115407415432,3.6739589808632473,3.703241096270663,0,,,59.615040662238506,56.16775427930569,,,,,,,64.32338167431891,,,53.73318008714313,50.912957912165176,,,,,60,100,-40,,,,,,,,,,,,-235.58025356634604,-313.9161358690676,-235.58025356634604,0.13136616298532874
2018-05-29,97.84,100.86,97.23,100.79,92.58353661271002,96.49032854886865,85.59677354690454,64.47668673325502,0.15124319474161618,3.892295089697683,3.7410518949560667,0,,,64.79758501507919,60.18306530632708,,,,,,,67.49854145746221,,,58.092656958582296,55.773842456866625,,,,,60,100,-40,,,,,,,,,,,,-314.5656620088286,-393.2041111656008,-314.5656620088286,0.13787858626769775
2018-06-04,101.26,102.69,100.38,101.63,93.49114114037357,97.51826283909492,86.22552752545731,64.84637144237686,0.27596492518516014,4.086008051437517,3.810043126252357,0,,,70.32218111646412,64.91160226459394,,,,,,,68.54683141258863,68.54683141258863,,66.33885382124564,62.410645341227585,,,,,60,100,-40,,,,,,,,,,,,-360.09917800722343,-438.9851818627643,-360.09917800722343,0.1238245446758664
2018-06-11,101.37,102.03,100.07,100.13,93.74248820177546,98.04061027127594,86.77080095583153,65.19745232354724,0.20920962054174996,4.0715551519295445,3.8623455313877946,0,,,69.61071258203863,68.24349290452732,,,,,,,64.52101606974966,,,72.772731139537,69.05599901015891,,,,,60,100,-40,,,,,,,,,,,,-390.99023655136466,-462.80605788771624,-390.99023655136466,0.029242444922027266
2018-06-18,100.01,102.52,99.42,100.41,94.02588190164865,98.51448821702076,87.30567150658324,65.54782593226817,0.13905825376123815,4.036168348589342,3.897110094828104,0,,,67.44321808179701,69.12537059343326,,,69.12537059343326,,69.12537059343326,,64.93744311569174,,,77.15247986071893,75.26537132290416,77.15247986071893,,,,60,100,-40,,,,,,69.12537059343326,,105,,,,-392.62837536020743,-469.56859281722245,-392.62837536020743,0.07543851751575255
2018-06-25,100,100.11,97.26,98.61,94.12617605153089,98.5335905736166,87.74897850632507,65.87680278866351,-0.06260193103754252,3.818857681031176,3.8814596120687184,0,,,57.76611807976174,64.94001624786578,,,,,,,60.03044493764197,,,70.03660846171898,73.90056714772169,,,,,60,100,-40,,,,,,,,,,,,-311.2413980219879,-396.91975775954563,-311.2413980219879,0.08346725760849692
2018-07-02,98.1,101.43,98,101.16,94.21216347642154,99.05887245889329,88.27490091784173,66.22787937783104,-0.05836841503542711,3.8084990932744347,3.866867508309862,0,,,55.56515865652697,60.258164939361905,,,,,,,64.18406515928692,,,66.07734933183315,69.34173420947907,,,,,60,100,-40,,,,,,,,,,,,-352.8338711088992,-433.8434381669009,-352.8338711088992,0.08143519202330605
2018-07-09,101.6452,105.6,101.1,105.43,98.05200894239144,100.33309796711464,88.94764990145579,66.61795022979292,0.18459277109142613,4.097608472174144,3.9130157010827182,0,,,64.1395668530203,59.15694786310301,,,,,,,69.86498525187983,,,67.62231164752455,66.05755938123815,,67.62231164752455,,,60,100,-40,,,,,,59.15694786310301,,,,,,-335.95498545273574,-419.5082675911007,-335.95498545273574,0.07802774961847712
2018-07-16,105.4,108.2,103.89,106.27,98.77615116079204,101.52047837369172,89.62695774845753,67.01249798870046,0.34513209791866384,4.344430823481048,3.999298725562384,0,,,71.37991109305577,63.69487886753435,,,,,,,70.85033294736438,,,81.68494487258047,73.84247952828979,,,,,60,100,-40,,,,,,,,,,,,-340.326806279511,-419.5976734836279,-340.326806279511,0.09074726597444581
2018-07-23,106.3,111.15,106.13,107.68,100.10571179216404,102.75238269895337,90.33492018969449,67.41714975000693,0.4811847058345844,4.600779607855614,4.11959490202103,0,,,77.04740120463926,70.85562638357177,,,,,,,72.48628035317819,,,93.11907902178037,86.23815804356072,,,,,60,100,-40,,,,,,,,,,,,-258.44920513778175,-352.3980964866047,-258.44920513778175,0.02128680520802967
2018-07-30,107.19,108.09,104.76,108.04,100.28958952129518,103.8099061591627,91.02923704500058,67.82135721518098,0.526652145913447,4.777910084412838,4.251257938499391,0,,,75.38685334916767,74.60472188228756,,,,,,,72.90685267851228,,,98.25456836947853,96.50913673895707,,,,,60,100,-40,,,,,,,,,,,,-229.6402587490942,-320.14389712540384,-229.6402587490942,0.07901125675357594
2018-08-06,108.12,110.16,107.559,109,101.3274759840598,104.84792492733015,91.73397284715742,68.23109495433341,0.5500493308973331,4.9388196021210575,4.388770271223724,0,,,75.88302739406781,76.10576064929158,,,76.10576064929158,,76.10576064929158,,74.05266877328704,74.05266877328704,,100.00000000000003,100.00000000000004,100.00000000000003,,,,60,100,-40,,,,,,76.10576064929158,,105,,,,-168.796575340168,-269.20864310260316,-168.796575340168,0.1432193891811083
2018-08-13,109.24,109.75,106.69,107.58,101.5039419851984,105.39433994186412,92.35538567668065,68.62262634782263,0.40524707488601397,4.895329114831242,4.490082039945228,0,,,72.29668030504263,74.5221870160927,,,,,,,69.35266880017909,,,92.92943872030266,96.46471936015134,,,,,60,100,-40,,,,,,,,,,,,-149.92447073286473,-250.261617083948,-149.92447073286473,0.14429714129595908
2018-08-20,107.51,108.56,105.78,108.4,101.60223184339851,105.99547195349129,92.98458623837945,69.01842111053087,0.3046393682529196,4.870881250261377,4.566241882008457,0,,,67.21211626527709,71.79727465479584,,,,,,,70.52304990381317,,,85.91324893194168,90.30516398608434,,,,,60,100,-40,,,,,,,,,,,,-219.93820332688932,-315.66859579595746,-219.93820332688932,0.1844946031253898
2018-08-27,109.27,112.777,108.51,112.33,105.06350099744147,107.26237756279303,93.74322991530575,69.44938209450568,0.43478457093793743,5.1097225956808785,4.674938024742941,0,,,70.0288519985774,69.84588285629904,,,,,,,75.40058331331286,75.40058331331286,,82.83347124490818,84.14560861201734,,,,,60,100,-40,,,,,,69.84588285629904,,,,,,-262.67671181290945,-348.2743056512379,-262.67671181290945,0.19965837900776512
2018-09-04,110.85,111.955,107.23,108.21,104.95725092619566,107.45190205023442,94.31055423235259,69.8350598846101,0.18801564446006402,4.9099575803180215,4.7219419358579575,0,,,65.38264272620017,67.54120366335155,,,,,,,63.47251343286052,,,71.91168097259674,76.71650742519789,,,,,60,100,-40,,,,,,67.54120366335155,,105,,,,-238.55367330147132,-334.0426137146491,-238.55367330147132,0.18396644796242168
2018-09-10,108.84,113.73,108.36,113.37,105.7953044314674,108.63552164018753,95.05798347814269,70.26824336834532,0.30973967329782504,5.109116527480239,4.799376854182414,0,,,66.91126034262982,67.44091835580247,,,,,,,69.92730729623153,,,67.26917364087693,70.79163391988712,,,,,60,100,-40,,,,,,,,,,,,-244.27118724665837,-346.0348657665311,-244.27118724665837,0.1945960460146572
2018-09-17,113.69,115.29,111.035,114.26,106.43778268636258,109.76041731215003,95.8110037339018,70.70597229005332,0.382839589030719,5.277926340470813,4.895086751440094,0,,,69.39848185233004,67.23079497372001,,,,,,,70.88854095877029,,,58.187311578744556,61.807047759837864,,,,,60,100,-40,,,,,,67.23079497372001,,,,,,-230.7673350199932,-325.8467083544346,-230.7673350199932,0.20449598610568812
2018-09-24,113.03,115.1,112.2175,114.37,106.49865535162239,110.68233384972002,96.53880750904291,71.14044022746573,0.3709804876588203,5.358812361013619,4.987831873354799,0,,,69.64454439764609,68.65142886420199,,,68.65142886420199,,68.65142886420199,,71.012600649289,71.012600649289,,66.83415223633521,62.9956483080471,,,,,60,100,-40,,,,,,,,,,106,,-184.26418319817626,-282.9654886536283,-184.26418319817626,0.18804156474459327
2018-10-01,114.75,116.18,110.64,112.13,106.64910854079223,110.97186707977602,97.15022682241377,71.54829654361035,0.15567534444093756,5.182426053905971,5.026750709465033,0,,,66.0305353667822,68.35785387225279,,,,,,,64.91024636450717,,,56.094445695522936,59.35728073833011,,,,,60,100,-40,,,,,,68.35785387225279,,105,,,,-73.4888771621442,-177.88085435296864,-73.4888771621442,0.1883584393016393
2018-10-08,111.66,113.08,104.2,109.57,106.40917221644992,110.69149366382081,97.63727675094657,71.92662195113661,-0.19663565304035657,4.7809561431645875,4.977591796204944,0,,,50.77326975954847,62.1494498413256,,,,,,,58.668306172741225,,,39.702321325288466,50.72722736697901,,,,,60,100,-40,,,,,,,,,,,,124.41819141279112,2.642937347571177,124.41819141279112,0.17651889962682657
2018-10-15,108.91,111.81,106.9468,108.66,105.70923134384635,110.28519493105665,98.0695404077722,72.29212820037903,-0.5106032233474789,4.339337767020595,4.849940990368074,0,,,38.887857189256295,51.89722077186233,,,,,,,56.573318213820215,,,16.424385963146925,28.58944946565188,,,,,60,100,-40,,,,,,,,,,,,265.4330657013746,133.98058510255822,265.4330657013746,0.11362095431511388
2018-10-22,109.32,110.54,101.5901,106.96,105.63311481928591,109.62015594484532,98.41818588197721,72.63708214863397,-0.8333313638806699,3.8082767855172364,4.641608149397906,0,,,21.031876553100822,36.89766783396854,,,,,,,52.760414686334414,,,5.489456290706648,10.978912581413292,,,,,60,100,-40,,,,,,,,,,,,484.4452355738519,328.71138781118395,484.4452355738519,0.12303485555901675
2018-10-29,108.105,108.7,100.11,106.16,104.97862090362263,108.92812475587625,98.72178643562516,72.97064352028934,-1.0852972895216189,3.2849865374958824,4.370283827017501,0,,,4.871104915046651,21.596946219134605,,,,,,,51.00780982178447,,,0.7098870767736637,1.4197741535473238,,0.7098870767736637,,,60,100,-40,,,,,,,,,,,,403.63701092406063,263.4911354818778,403.63701092406063,0.2096856241792061
2018-11-05,106.37,112.24,105.9,109.57,104.42229083907814,109.056499804701,99.14720657540457,73.33481622158,-1.0085563828557031,3.109588348447872,4.118144731303575,0,,,6.693209363973443,10.86539694404032,,,,,,,57.523377854839694,,,5.929074388055303,2.9645371940276526,,,,,60,100,-40,,,,,,,,,,,,396.6120998469587,251.94729266699088,396.6120998469587,0.23559039934984652
2018-11-12,109.42,109.96,103.91,108.29,104.22712720771543,108.9031998437608,99.50574749401615,73.68262899549462,-1.0268174262435208,2.834622948499174,3.8614403747426946,0,,,0.6846783562853416,4.0829975451018266,,,,,,,54.572076190621274,,,10.532777146801765,7.489791468921621,,,,,60,100,-40,,,,,,,,,,,,411.7735362384208,249.77505763662893,411.7735362384208,0.2642069250667419
2018-11-19,108.27,108.56,99.3528,103.07,104.08733240716433,107.73655987500864,99.64552210209395,73.97504064728075,-1.35276784818545,2.170480564510882,3.523248412696332,0,,,-15.468665830093194,-2.6969260366114693,,,,,,,44.48802601677544,,,12.795404284248749,12.01504574381559,,,,,60,100,-40,,,,,,,,,,,,382.3601660132533,226.1795926117873,382.3601660132533,0.22616382233497404
2018-11-26,104.79,111.33,104.58,110.89,103.50649437808116,108.36724790000692,100.08648201965889,74.34235367566602,-1.0192195842003904,2.249223932445844,3.2684435166462342,0,,,-7.487266566259245,-7.4237513466890315,,,,,,,57.294888302567855,,,16.87939472793886,15.22757877631038,,,,,60,100,-40,,,,,,,,,,,,348.2946812835709,185.0560303187351,348.2946812835709,0.23802660783519847
2018-12-03,113,113.42,104.3,104.82,103.10245906536107,107.65779832000553,100.2721101757507,74.6456138380972,-1.1738998144775037,1.8010687485493548,2.9749685630268585,0,,,-7.409198005709394,-10.12171013402061,,,,,,,47.985697625786976,,,17.169294938132126,16.611390845128373,,,,,60,100,-40,,,,,,-10.12171013402061,,,,,,494.96837559564887,278.6822066244197,494.96837559564887,0.18006866274670996
2018-12-10,104.8,111.27,103.89,106.03,102.60442627497814,107.33223865600442,100.49790977670165,74.95789628746937,-1.159215465407018,1.5259492312680862,2.685164696675104,0,,,-9.695671928548393,-8.197378833505676,,,,,,,49.748893117405174,,,21.94550978400003,20.037357319675817,21.94550978400003,,,,60,100,-40,,,,,,-8.197378833505676,,,,,,768.6104891237128,486.194532692707,768.6104891237128,0.16967894055168378
2018-12-17,105.41,106.88,97.46,98.23,100.15053868390827,105.51179092480353,100.40897213839962,75.18945950848958,-1.611501521447953,0.6707877948651628,2.2822893163131157,0,,,-32.23510322044574,-16.44665771823451,,,,,,,40.22623107887966,,,13.599878754147259,17.19515469693866,,,,,60,100,-40,,,,,,,,,,,,1354.3176729194013,936.8864358394876,1354.3176729194013,0.02700096254269332
2018-12-24,97.68,102.41,93.96,100.39,98.42050020648625,104.48743273984283,100.40822813297218,75.44021115517127,-1.6934691287031263,0.16545290543420776,1.858922034137334,0,,,-47.24123228346211,-29.724002477485413,,,,,,,43.47229846149729,,,12.148157582172006,14.538645056006027,,,,,60,100,-40,,,,,,,,,,,,1206.259914206783,811.0889020504899,1206.259914206783,0.05209326660013268
2018-12-31,101.29,102.51,97.2,101.93,98.10403590602294,103.97594619187427,100.46790546109092,75.70379114367702,-1.574738621971606,-0.10950124332717337,1.4652373786444326,0,,,-51.22310420393661,-43.566479902614816,,,,,,,45.74788139985036,,,10.660901203673497,10.271018831760209,,10.660901203673497,,,60,100,-40,,,,,,,,,,,,998.7581116237316,666.3454653140371,998.7581116237316,0.0999448501837119
2019-01-07,101.64,104.88,100.98,102.8,98.25874762702131,103.74075695349941,100.55936014889127,75.9734051621479,-1.3756071618190513,-0.25427157362938146,1.1213355881896698,0,,,-46.57804267790883,-48.347459721769184,,,,,,-48.347459721769184,47.052364773291075,,,18.70367316564569,14.553950003804035,,,,,60,100,-40,,,,,,-48.347459721769184,,,,,,810.8020913285077,528.8281079842122,810.8020913285077,0.07095579339152427
2019-01-14,101.9,107.9,101.26,107.71,98.60383708223408,104.53460556279953,100.83977739795436,76.28919217545986,-0.8755620930759536,0.026882971844727876,0.9024450649206814,0,,,-32.912451306359735,-43.57119939606839,,,,,,,53.83854896679704,,,35.01195127078354,25.982020611160298,,,,,60,100,-40,,,,,,,,,,,,658.8380747233243,419.950270168901,658.8380747233243,0.08798068050348161
2019-01-22,106.75,107.88,104.86,107.17,98.53284871921736,105.06168445023962,101.088021421564,76.59646389510702,-0.5589340776106247,0.20377746790740048,0.7627115455180252,0,,,-18.916985710864246,-32.80249323171094,,,,,,,53.02877273531382,,,51.15631909091743,42.30197910993224,,,,,60,100,-40,,,,,,,,,,,,523.5947884099927,320.8684028654645,523.5947884099927,0.12153505484950979
2019-01-28,106.26,106.48,102.17,102.78,98.98407381070183,104.6053475601917,101.15437352267914,76.85699659266814,-0.6182905634090463,-0.01015165874328261,0.6081389046657637,0,,,-19.279866727913795,-23.70310124837926,,,,,,,46.82592764589483,,,57.564441643574696,54.79535607236469,,,,,60,100,-40,,,,,,,,,,,,405.66846324453945,230.71051143537997,405.66846324453945,0.052240144086425966
2019-02-04,102.87,107.27,102.77,105.67,99.1202113956517,104.81827804815336,101.33145691394662,77.14369314398488,-0.4441934836479609,0.05289705010581258,0.4970905337537735,0,,,-12.545272572061815,-16.914041670279957,,,,,,,50.920207336967835,,,56.71341615683896,58.44275465009131,,,,,60,100,-40,,,,,,,,,,,,328.27419720007777,168.7631457198563,328.27419720007777,0.0402064906538283
2019-02-11,106.2,108.3,104.965,108.22,99.31805343881943,105.49862243852269,101.60159585849773,77.45291012762682,-0.1535842872418441,0.3051101747014684,0.4586944619433125,0,,,1.1329674819472721,-10.230723939342782,,,,,,,54.284873313036215,,,57.92590511356781,57.79235377637673,,,,,60,100,-40,,,,,,,,,,,,209.49707043642718,70.80621013442787,209.49707043642718,0.05446427794273506
2019-02-19,107.79,111.2,106.29,110.97,99.74819247890376,106.59289795081816,101.9689842562037,77.78641350944149,0.20793181479911949,0.7186092304422118,0.5106774156430923,0,,,17.810032413354982,2.132575774413476,,,,,,,57.67481857171194,,,71.17711563754473,63.84944134735874,,,,,60,100,-40,,,,,,,,,,,,100.49760308434948,-19.3403735263772,100.49760308434948,0.09499895877284427
2019-02-25,111.76,113.24,110.88,112.53,101.40832158755349,107.78031836065452,102.38314173635257,78.13212083770576,0.5185227815417153,1.1588308925702364,0.6403081110285211,0,,,34.00053225805527,17.647844051119172,,,,,,,59.51954574750145,,,84.33929460854367,76.31070889889423,,,,,60,100,-40,,,,,,,,,,,,19.498038887195044,-83.09666924885406,19.498038887195044,0.09789965846584936
2019-03-04,113.02,113.25,108.8,110.51,101.86558433129967,108.32625468852362,102.70184206041718,78.45428878956938,0.5512641135864864,1.3293882530116292,0.7781241394251428,0,,,39.61215342435123,30.474239365253823,,,,,,,56.09021555112187,,,90.89577836850573,88.16605674573383,,,,,60,100,-40,,,,,,,,,,,,36.86203181679595,-60.71545665815332,36.86203181679595,0.10502965734142174
2019-03-11,110.99,117.25,110.98,115.91,105.37161402192112,109.8430037508189,103.21980903844003,78.82698243345426,0.8804089458192399,1.8786353216991927,0.9982263758799528,0,,,50.460587032718,41.35775757170816,,,,,,,62.3693020475664,,,93.92424268681609,93.46046642077573,,,,,60,100,-40,,,,,,,,,,,,-2.5674285135305652,-89.67628272030726,-2.5674285135305652,0.12223337602136511
2019-03-18,116.17,120.82,116.05,117.05,106.30149873464104,111.28440300065512,103.76216946830513,79.20731096645471,1.1042095557489113,2.378488320566092,1.2742787648171805,0,,,60.45525619263736,50.17599888323553,,,,,,,63.56102289146839,,,94.26093245925998,94.13384596566351,,,,,60,100,-40,,,,,,,,,,,,49.71755848892954,-34.280594952978696,49.71755848892954,0.06609574844314328
2019-03-25,116.56,118.705,115.5215,117.94,107.25782025359526,112.6155224005241,104.31816282248924,79.59271085733576,1.2317793173196623,2.8140029114667584,1.5822235941470961,0,,,63.50018404713421,58.13867575749652,,,,,,,64.5115543650919,,,98.12933965095215,96.2586793019043,,,,,60,100,-40,,,,,,,,,,,,25.22345694548779,-62.593214052437105,25.22345694548779,0.07873794079969296
2019-04-01,118.95,120.43,118.1,119.89,109.51604737833846,114.07041792041927,104.92882310396026,79.99367890850655,1.3571852791590109,3.2787051930958597,1.9215199139368488,0,,,66.73088881688312,63.56210968555157,,,,,,,66.58075978533932,,,99.06466982547607,98.12933965095215,,,,,60,100,-40,,,,,,,,,,,,-15.726262499146344,-99.39444786108488,-15.726262499146344,0.0720478048017332
2019-04-08,119.81,120.98,118.58,120.95,110.96132970845714,115.44633433633543,105.55710455086377,80.40120449150649,1.4147700049240703,3.689982420091937,2.2752124151678665,0,,,67.81744213727849,66.01617166709862,,,,,,,67.69015148283391,,,100,100,,,,,60,100,-40,,,,,,,,,,,,-57.412396590210655,-134.959093704524,-57.412396590210655,0.10950736499817185
2019-04-15,120.94,123.52,120.1,123.37,113.75194901499592,117.03106746906835,106.25564947043775,80.8287546955711,1.5103944831268374,4.1632055190764135,2.652811035949576,0,,,69.65043669311511,68.06625588242558,,,,,,,70.14161930630475,,,100,100,,,,,60,100,-40,,,,,,,,,,,,-26.973779028354166,-110.42107666733784,-26.973779028354166,0.08689472902919283
2019-04-22,122.62,131.37,122.57,129.89,120.47038122821047,119.60285397525467,107.18248674610685,81.31692629064005,1.883058675149726,5.006634379886734,3.1235757047370076,0,,,75.30953999477539,70.92580627505635,,,,,,,75.55507228500954,75.55507228500954,,100,100,,,,,60,100,-40,,,,,,,,,,,,-52.978546477744324,-140.34451727327644,-52.978546477744324,0.17065168026076782
2019-04-29,129.9,130.7,125.52,128.9,119.88606828333829,121.46228318020374,108.03415393253402,81.79038971063369,1.9262677930047856,5.531410445992989,3.605142652988204,0,,,76.5714838388249,73.8438201755718,,,,,,,73.36701507432424,,,98.52021037754889,99.26010518877445,,,,,60,100,-40,,,,,,,,,,,,-88.80062893633624,-170.2818777690443,-88.80062893633624,0.21715937220363044
2019-05-06,126.39,128.56,123.57,127.13,119.86063483452841,122.59582654416299,108.7830106410621,82.2415301115229,1.7065476278972733,5.738327187859795,4.031779559962522,0,,,72.86183753141462,74.91428712167163,,,74.91428712167163,,74.91428712167163,,69.47033611971345,,,93.2481339111028,96.06914584713223,,,,,60,100,-40,,,,,,74.91428712167163,,105,,,,-37.200514584275126,-127.503354538309,-37.200514584275126,0.3704744739562265
2019-05-13,124.11,130.46,123.04,128.07,119.81558948920495,123.6906612353304,109.53936316494202,82.69753478703014,1.5026028778435894,5.910033157267009,4.407430279423419,0,,,69.61643496224234,73.01658544416063,,,,,,,70.37556933690203,,,86.86244537856948,90.48308207463391,,,,,60,100,-40,,,,,,,,,,,,4.108669885593095,-99.77547189498009,4.108669885593095,0.35903304696337285
2019-05-20,126.52,128.24,124.74,126.24,119.47519023997603,124.20052898826431,110.19429009965017,83.13079314735819,1.1390373084467482,5.831226914981855,4.6921896065351065,0,,,64.67948542306262,69.05258597223985,,,,,,,66.23364234121482,,,76.27397295775745,81.55421914327333,,,,,60,100,-40,,,,,,,,,,,,73.36163899730344,-44.3617497322564,73.36163899730344,0.31504707188100783
2019-05-28,126.98,128,123.32,123.68,119.71910522283488,124.09642319061145,110.72314146829135,83.53426784240935,0.645300218749778,5.498814879972329,4.853514661222551,0,,,57.44497879680424,63.91363306070306,,,,,,,60.80982272154905,,,62.34126955049332,69.72951863893331,,,,,60,100,-40,,,,,,,,,,,,243.65952281597558,110.97675021906295,243.65952281597558,0.2974456256461115
2019-06-03,123.85,132.25,119.01,131.4,121.28702627834669,125.55713855248916,111.53399866561325,84.01054378427592,0.7504314703901143,5.791553999210194,5.04112252882008,0,,,56.2337500175038,59.45273807912355,,,,,,,69.08136288036943,,,56.00995112894883,59.491662373048136,,,,,60,100,-40,,,,,,,,,,,,204.8123368494346,52.617341088324245,204.8123368494346,0.2910720173925489
2019-06-10,132.4,134.24,130.71,132.45,121.16795297275048,126.93571084199132,112.35423401205979,84.49252842323835,0.7980364396592696,6.038668078394167,5.2406316387348975,0,,,62.18138473121928,58.62003784850911,,,,,,,70.0138939954692,,,54.929149421842325,54.33488979764687,,54.929149421842325,,,60,100,-40,,,,,,58.62003784850911,,,,,,197.57373014953737,45.77782452681074,197.57373014953737,0.26737242190408095
2019-06-17,132.63,137.73,132.53,136.97,125.98952776041118,128.94256867359306,113.3195581684496,85.01469231952454,1.026717925430022,6.5240290455224255,5.497311120092403,0,,,68.11842097324426,62.177851907322456,,,,,,,73.71149555366696,73.71149555366696,,68.85827353991297,61.44204900267831,,,,,60,100,-40,,,,,,,,,,,,160.74214284962142,16.54549279466334,160.74214284962142,0.37521757623886703
2019-06-24,137,138.4,132.73,133.96,126.01956149181038,129.94605493887445,114.12898725988295,85.50171030639494,0.8740196959637974,6.58983574004715,5.715816044083352,0,,,68.67099104796178,66.32359891747511,,,,,,,67.68986821424926,,,68.37688292919228,67.1379182453925,,,,,60,100,-40,,,,,,,,,,,,107.87993505878117,-25.553687713457265,107.87993505878117,0.3308354746147794
2019-07-01,136.63,137.74,134.97,137.06,126.08173567096678,131.36884395109956,115.02824266145616,86.01472811429151,0.8782186012932147,6.81358929569987,5.9353706944066555,0,,,69.18839191283271,68.65926797801292,,,,,,,70.38880031904276,,,71.78776530480897,72.36646907493942,71.78776530480897,,,,60,100,-40,,,,,,,,,,,,71.90176504809372,-50.90756267464684,71.90176504809372,0.3067353766660558
2019-07-08,136.4,139.22,135.3701,138.9,128.16589740875486,132.87507516087965,115.96439000806572,86.54094972509458,0.8981255833062631,7.058027673539485,6.1599020902332215,0,,,69.23111076767461,69.03016457615637,,,69.03016457615637,,69.03016457615637,,71.89820445344182,71.89820445344182,,68.5019736973476,69.45721413559146,,,,,60,100,-40,,,,,,,,,,106,,34.283262312076666,-76.19709673380197,34.283262312076666,0.30503861306037133
2019-07-15,139.44,140.67,134.67,136.62,128.38263330812953,133.62406012870372,116.77441392931804,87.03924873280508,0.661858741771467,6.9872255174475555,6.3253667756760885,0,,,66.7392517048432,68.3862514617835,,,,,,,67.29349981475872,,,67.79867009694033,68.58828374691574,,,,,60,100,-40,,,,,,68.3862514617835,,105,,,,38.95903280079004,-79.61580641856526,38.95903280079004,0.2617336617038291
2019-07-22,137.41,141.675,137.33,141.34,130.71673092897743,135.167248102963,117.73777024581537,87.57955471556323,0.7226277455651591,7.228651457632537,6.506023712067378,0,,,67.36329773201037,67.77788673484272,,,,,,,71.401217074566,,,68.9301754576041,68.10403515531921,68.9301754576041,,,,60,100,-40,,,,,,,,,,,,7.330117746100981,-111.50384161518971,7.330117746100981,0.3103029213399754
2019-07-29,141.5,141.51,135.08,136.9,130.753393005479,135.5137984823704,118.48923023617554,88.07030541491086,0.3801706357007646,6.981237006693334,6.601066370992569,0,,,62.632907247282745,65.57848556137877,,,,,,,63.29961984953385,,,56.55282589874325,62.46775600108509,,,,,60,100,-40,,,,,,,,,,,,140.54282361044628,6.951402314844799,140.54282361044628,0.24481672266001292
2019-08-05,133.3,139.38,130.78,137.71,130.59100779080197,135.95303878589633,119.24298591318826,88.56423272421523,0.13710762642945173,6.772450904029384,6.635343277599932,0,,,54.42653156508513,61.47424551479275,,,,,,,64.10456884509779,,,49.45666787419805,54.826886826171624,,,,,60,100,-40,,,,,,,,,,,,183.17140113581968,33.86932916669117,183.17140113581968,0.32701372015668534
2019-08-12,137.07,138.8,132.25,136.13,130.13022152003037,135.98843102871706,119.9052217597299,89.0375239408897,-0.18375203412415608,6.405653234944737,6.589405269068893,0,,,46.84908084040669,54.63617321759153,,,,,,,61.26504992936878,,,29.408340856926795,38.385256608119874,,,,,60,100,-40,,,,,,,,,,,,203.50387365657969,39.52945113638368,203.50387365657969,0.30914281415904526
2019-08-19,137.855,139.4935,132.8,133.39,129.99520569717106,135.46874482297363,120.43403659268166,89.47884211063209,-0.6101628169017221,5.8267017479417405,6.436864564843463,0,,,38.794067743112436,46.68989338286809,,,,,,,56.55843419508723,,,19.10074625918708,25.679841636583095,,,,,60,100,-40,,,,,,,,,,,,298.32135117356523,125.06955092976845,298.32135117356523,0.2428398928545307
2019-08-26,134.99,139.18,133.55,137.86,129.84933386165886,135.9469958583789,121.11740770669415,89.9602466667452,-0.6188617997722998,5.663287315128088,6.282149114900387,0,,,38.063438696996286,41.23552909350514,,,,,,,61.751558949410146,,,14.079815099500989,15.2781765466317,,14.079815099500989,,,60,100,-40,,,,,,,,,,,,265.8992873238261,107.78417803344692,265.8992873238261,0.22994940647720183
2019-09-03,136.61,140.3837,135.7,139.1,129.84295287154038,136.57759668670312,121.82260740447086,90.44919943623033,-0.5700116467335388,5.569634556483464,6.139646203217003,0,,,42.10067774589165,39.65272806200013,,,,,,,63.07799061713867,63.07799061713867,,19.764126002418074,16.232839134749383,,,,,60,100,-40,,,,,,39.65272806200013,,,,,,198.4630532649486,58.1870547546384,198.4630532649486,0.21566158168105595
2019-09-09,139.59,139.75,134.51,137.32,129.9950705235732,136.7260773493625,122.43034829057004,90.91557556124296,-0.6790817888471494,5.290793967158066,5.969875756005216,0,,,39.62256519782626,39.92889388023807,,,,,,,59.85025769992439,,,25.856365223944735,21.972399242586636,,,,,60,100,-40,,,,,,39.92889388023807,,,,,,110.56067994404884,-6.028773382568602,110.56067994404884,0.18289093066998072
2019-09-16,135.83,142.37,135.66,139.44,130.0568512004608,137.26886187949,123.09739345564573,91.39840565516094,-0.6309790218084519,5.181151978744651,5.812131000553103,0,,,44.80931727682949,42.17752007351581,,,,,,,62.33690242887663,,,29.352605166164018,27.935238601929417,29.352605166164018,,,,60,100,-40,,,,,,42.17752007351581,,,,,,91.36782904513083,-22.20536004028343,91.36782904513083,0.17361942923756224
2019-09-23,139.23,140.69,136.03,137.73,129.90421897185647,137.361089503592,123.67122116326746,91.85941654416432,-0.7298684703895972,4.899795412566107,5.629663882955704,0,,,43.32751526405734,42.58646591290437,,,,,42.58646591290437,,59.13646951421582,,,25.54592209399725,27.900536780923996,,,,,60,100,-40,,,,,,,,,,106,,134.7554964914707,6.377432694313576,134.7554964914707,0.13710054274905656
2019-09-30,138.05,140.25,133.22,138.12,130.05534618815244,137.51287160287362,124.23783994117854,92.3197208571577,-0.7800252318088097,4.654632343194692,5.434657575003501,0,,,36.53403604932451,41.556956196737126,,,,,,,59.64833468073841,,,24.48837727241281,25.734508420573693,,,,,60,100,-40,,,,,,41.556956196737126,,,,,,156.6181334930215,23.399717658983832,156.6181334930215,0.13756357205603245
2019-10-07,137.14,141.03,135.62,139.68,129.85710717471298,137.9462972822989,124.84341484544605,92.79096741579295,-0.7205634867573867,4.5339532165567675,5.254516703314154,0,,,40.18697402752539,40.016175113635754,,,,,,,61.725864100156045,61.725864100156045,,22.991780789642473,23.104278777651853,,,,,60,100,-40,,,,,,40.016175113635754,,,,,,143.5966546761085,-3.5820491881041505,143.5966546761085,0.16508884885910632
2019-10-14,139.69,141.79,136.56,137.41,128.2444566622335,137.8390378258391,125.33622210640895,93.23493788926764,-0.8382914109253772,4.206652439657432,5.0449438505828095,0,,,40.82267173377808,39.181227270209334,,,,,,,57.092187021474686,,,19.79603778557035,21.42840112425644,,19.79603778557035,,,60,100,-40,,,,,,,,,,,,115.66999018954331,-20.203494790267023,115.66999018954331,0.16467994394504257
2019-10-21,138.45,141.14,135.61,140.73,129.3641383292168,138.4172302606713,125.93989967086351,93.7075255719615,-0.7022555182695083,4.167124452745924,4.869379971015432,0,,,43.88807878277124,41.63257484802491,,,,,,,61.65320693858599,,,21.860907546285546,21.191193085272122,,,,,60,100,-40,,,,,,,,,,,,70.09362833689909,-58.34831391930937,70.09362833689909,0.1621782593082933
2019-10-28,144.4,145.67,142.65,143.72,132.3759855914156,139.47778420853703,126.63715850730024,94.20516213343451,-0.43375585441424214,4.327185152997629,4.760941007411871,0,,,62.25588314775409,48.98887788810114,,,,,,,65.25646077201864,,,36.69038944535476,28.5187688362232,,,,,60,100,-40,,,,,,,,,,,,-0.8324859061734458,-111.37589320670767,-0.8324859061734458,0.1447621181998308
2019-11-04,144.83,145.99,143.2,145.96,134.72055804917164,140.77422736682962,127.39491699721003,94.72013564454461,-0.14318029160608425,4.581965642904265,4.7251459345103495,0,,,71.82443090409959,59.32279761154164,,,,,,,67.71830765491995,,,62.918419529950135,48.3073677804214,,,,,60,100,-40,,,,,,,,,,,,3.864329713130843,-116.58027626003357,3.864329713130843,0.14328349284469805
2019-11-11,145.34,149.99,144.73,149.97,139.13480390280222,142.6133818934637,128.28021436986847,95.26988553862874,0.25928316763297676,5.04924989405157,4.7899667264185934,0,,,80.55577568827289,71.54536324670886,,,,,,,71.61845863588324,,,87.06524688899421,74.1304937779884,,,,,60,100,-40,,,,,,,,,,,,-12.292821143802044,-143.5656805763911,-12.292821143802044,0.21543945937016748
2019-11-18,150.07,151.33,148.46,149.59,139.15731790974493,144.00870551477095,129.11589223771676,95.81038418998567,0.43002749020737774,5.327501089177815,4.897473598970437,0,,,84.8376804273251,79.07262900656586,,,,,,,70.7410578770828,,,94.99875259450403,91.88174411712174,,,,,60,100,-40,,,,,,,,,,,,2.669509973252815,-135.64464774431997,2.669509973252815,0.18761568130055695
2019-11-25,150,152.5,149.92,151.38,140.92965234476313,145.48296441181677,129.98899450290435,96.36331569058282,0.5840882583835523,5.627583921949878,5.0434956635663255,0,,,86.47874062934946,83.95739891498249,,,,,,,72.4626367702051,,,98.42980089323859,98.74384071459087,,,,,60,100,-40,,,,,,,,,,,,-60.543128203702246,-190.98198451807997,-60.543128203702246,0.157523247803925
2019-12-02,151.81,151.87,146.65,151.75,141.63039146299434,146.7363715294534,130.84236726749634,96.91442697724369,0.6276636399251343,5.828075213472744,5.200411573547609,0,,,82.834466822869,84.71696262651453,,,84.71696262651453,,84.71696262651453,,72.82074691701317,,,98.11576107188631,98.11576107188631,,,,,60,100,-40,,,,,,84.71696262651453,,105,,,,-109.53528671211998,-235.34889642388356,-109.53528671211998,0.22455934724849796
2019-12-09,151.07,154.89,150.33,154.53,144.38750635849476,148.29509722356272,131.77129404132,97.48771626105221,0.7520746254783397,6.140504855395534,5.388430229917194,0,,,83.00656484620696,84.10659076614182,,,,,,,75.42234332813699,,,99.37192035729544,98.74384071459087,,,,,60,100,-40,,,,,,,,,,,,-170.52887094627994,-293.4672788922684,-170.52887094627994,0.22421625525603397
2019-12-16,155.11,158.49,153.75,157.41,147.34054161860226,150.11807777885016,132.77673349068002,98.08395789029548,0.9252976083192577,6.5450522403162665,5.619754631997009,0,,,84.80087106673015,83.54730091193538,,,,,,,77.80651592093385,,,99.68596017864772,99.37192035729545,,,,,60,100,-40,,,,,,83.54730091193538,,,,,,-257.7054398651381,-373.7459554573105,-257.7054398651381,0.2863868250443584
2019-12-23,158.12,159.55,157.115,158.96,148.93264578870213,151.88646222308014,133.8035282557514,98.6896896525811,1.0330479371213661,6.911064553398717,5.878016616277351,0,,,85.39087580829992,84.39943724041235,,,,,,,78.99455420962491,,,100,100,100,,,,60,100,-40,,,,,,,,,,,,-264.4862689805676,-372.1557817377996,-264.4862689805676,0.2690186649816016
2019-12-30,158.9865,160.73,156.45,158.62,149.30102823236626,153.23316977846412,134.7767232261141,99.28601114857531,0.9711429146750437,7.091945259621156,6.120802344946112,0,,,83.0929259868215,84.42822428728387,,,84.42822428728387,,84.42822428728387,,78.00230285339691,,,99.08367154689344,99.54183577344672,,,,,60,100,-40,,,,,,84.42822428728387,,105,,106,,-256.3978564386462,-349.9456396036543,-256.3978564386462,0.2648749065014988
2020-01-06,157.08,163.22,156.51,161.34,151.75952621576866,154.85453582277128,135.81842035450177,99.90346377396263,0.9992149885438852,7.369821080625968,6.370606092082083,0,,,81.33135204195037,83.27171794569061,,,,,,,80.16191781237397,,,98.85458943361678,99.08367154689343,,,,,60,100,-40,,,,,,,,,,,,-271.59824617707415,-355.4100687666262,-271.59824617707415,0.3337207655247063
2020-01-13,161.76,167.4675,161.26,167.1,157.24527434321374,157.30362865821704,137.0451489680507,100.57208602496797,1.273939663664306,7.963030671662466,6.68909100799816,0,,,83.11210895484456,82.51212899453881,,,,,,,83.80860877420885,83.80860877420885,,98.62550732034015,98.62550732034015,,,,,60,100,-40,,,,,,82.51212899453881,,,,,,-377.671292326697,-453.517328990876,-377.671292326697,0.35570266282540786
2020-01-21,166.68,168.19,164.45,165.04,157.06239760441275,158.85090292657364,138.14298626342128,101.21355780581406,1.1869021921243625,8.172718748153613,6.985816556029251,0,,,82.10306504915994,82.18217534865163,,,,,,,78.23654854991682,,,94.49914582544409,96.56232657289212,,,,,60,100,-40,,,,,,82.18217534865163,,105,,,,-359.91287554002486,-440.1505419016258,-359.91287554002486,0.3051735281833554
2020-01-27,161.15,174.05,160.2,170.23,160.37508348981186,161.1267223412589,139.40130052760082,101.90028857391542,1.3376547361324116,8.657884976194765,7.320230240062354,0,,,81.25340482207778,82.15619294202743,,,,,,,81.579244350547,,,91.46440534492288,93.49757077204549,,,,,60,100,-40,,,,,,,,,,,,-239.0196254418385,-332.8504433740575,-239.0196254418385,0.33023653051891316
2020-02-03,170.43,185.63,170.4,183.89,172.760434669111,165.67937787300713,141.14595540887137,102.71610659805556,2.167033584476398,10.02902222065785,7.861988636181453,0,,,87.45417643131906,83.60354876751894,,,,,,,87.18948168797223,,,89.93202744449955,90.43281497119885,,,,,60,100,-40,,,,,,83.60354876751894,,,,,,-188.2887844524133,-295.0594536696834,-188.2887844524133,0.37496199506955463
2020-02-10,183.58,190.7,181.85,185.35,172.81540362131736,169.6135022984057,142.87944735362152,103.53833439309979,2.594770237027772,11.105451432466168,8.510681195438396,0,,,91.1705231766872,86.62603481002803,,,,,,,87.62585021911156,87.62585021911156,,94.47392986580286,91.95258489180155,94.47392986580286,,,,60,100,-40,,,,,,,,,,,,-219.50900546106539,-332.32137118428636,-219.50900546106539,0.35689497306398443
2020-02-18,185.605,188.18,177.25,178.59,172.4464462197947,171.40880183872457,144.27986118289127,104.285117135457,2.2178474774112367,11.282990542202441,9.065143064791204,0,,,87.26249691419372,88.62906550740001,,,88.62906550740001,,88.62906550740001,,74.8388223058064,,,83.02412690960345,88.11869214420283,,,,,60,100,-40,,,,,,88.62906550740001,,105,,,,-192.32554992268985,-300.99021278714343,-192.32554992268985,0.2876908411852982
2020-02-24,167.77,174.84,152,162.01,171.80670006123793,169.52904147097965,144.9751607443465,104.8594940793828,0.7245943192706452,9.97088596387951,9.246291644608865,0,,,66.84987152367992,81.7609638715203,,,,,,,53.928676298056985,,,58.88495831358187,73.17368828549299,,,,,60,100,-40,,,,,,,,,,,,300.82455006325375,102.8261895377917,300.82455006325375,0.2194536916394304
2020-03-02,165.31,175,156,161.57,168.97550719972094,167.9372331767837,145.62593875437213,105.42377772038397,-0.3617087107243986,8.794155756203367,9.155864466927765,0,,,51.46620123564051,68.5261898911714,,,,,,,53.498936548464584,,,27.92956167500408,44.596228341670745,,,,,60,100,-40,,,,,,,,,,,,693.4019045972076,469.58506416728414,693.4019045972076,0.18398704957815118
2020-03-09,151,161.91,138.58,158.83,167.43082811402658,166.11578654142696,146.14374507773007,105.95518291719607,-1.281953703931661,7.553422337013188,8.83537604094485,0,,,29.987156130395167,49.434409629905225,,,,,,,50.76964526926835,,,9.309853891668025,18.61970778333605,,,,,60,100,-40,,,,,,,,,,,,1170.0561037613516,866.9241434095961,1170.0561037613516,0.22067256090619708
2020-03-16,140,150.15,135,137.35,165.37791182016753,160.36262923314158,145.7988923295838,106.26756915682596,-3.2428971617216114,4.781754588792836,8.024651750514447,0,,,7.625836844558286,29.69306473686468,,,,,,,35.42244665044991,,,1.8771491680562324,3.754298336112465,,1.8771491680562324,,,60,100,-40,,,,,,,,,,,,1176.4095394411058,885.665208244215,1176.4095394411058,0.12698138491919503
2020-03-23,137.01,156.66,132.52,149.7,163.4002038330127,158.23010338651326,145.95187694410993,106.69973264780282,-3.5869915735157836,3.5409122836197184,7.127903857135502,0,,,-3.796960370590721,11.272010868120939,,,,,,,45.654907740898985,,,4.760837857077361,2.3804189285386745,,,,,60,100,-40,,,,,,,,,,,,990.6987140881774,739.1806249270851,990.6987140881774,0.13600604134926836
2020-03-30,152.44,164.78,150.01,153.83,161.5194749877975,157.35008270921062,146.2608229463017,107.16869053190429,-3.416044046407144,2.8578487991265717,6.273892845533716,0,,,-4.463959579174053,-0.21169436840213537,,,,,,,48.605186225367156,,,11.993037663594643,7.781833028201327,,,,,60,100,-40,,,,,,,,,,,,962.3898569812361,706.6023294857969,962.3898569812361,0.06837104552073082
2020-04-06,160.32,170,157.58,165.14,161.06736963152628,158.9080661673685,147.00118283076046,107.74551948183559,-2.465242880275838,3.1923392451889185,5.6575821254647565,0,,,2.8498125022796073,-1.8037024824950283,,,,,,,55.7344291109054,,,23.698716432195695,17.685732987248844,,,,,60,100,-40,,,,,,-1.8037024824950283,,,,,,784.682610257375,570.8564513974702,784.682610257375,0.08448484768255601
2020-04-13,164.35,180,162.3,178.6,160.4918432292744,162.8464529338948,148.24035213151495,108.45053918848399,-0.9326603653343231,4.491756668796853,5.424417034131176,0,,,15.68302500804398,4.6896259770498725,,,,,,,62.44994331873026,62.44994331873026,,34.36049340166456,28.6592322448649,,,,,60,100,-40,,,,,,,,,,,,622.922135665125,440.7007329615664,622.922135665125,0.12745186032168215
2020-04-20,176.63,178.75,166.1102,174.55,159.73885442718336,165.18716234711584,149.2721030283183,109.10824526621052,-0.23109065165892417,5.135553719557521,5.366644371216445,0,,,23.46172114176192,13.998186217361862,,,,,,,59.50718446733107,,,42.81508809573583,38.8509076567696,,,,,60,100,-40,,,,,,,,,,,,486.93629281692046,335.1187815140089,486.93629281692046,0.1165686881525056
2020-04-27,176.59,180.4,169.39,174.57,159.76253625381312,167.06372987769268,150.26417741936464,109.7596060098303,0.17310348797417952,5.58302373118417,5.40992024320999,0,,,29.596287001463825,22.91367771708994,,,,,,,59.5173898245592,,,47.17903491116729,45.29977322887521,,,,,60,100,-40,,,,,,,,,,,,401.12969412293495,278.73354851146183,401.12969412293495,0.09112393843871681
2020-05-04,174.49,185,173.8,184.68,159.3473550928265,170.58698390215415,151.61381752056602,110.50508256694643,1.0132455442769963,6.676477173556236,5.66323162927924,0,,,37.77329247763722,30.277100206954348,,,,,,,64.42706938280641,64.42706938280641,,49.43511635803343,48.67694946105707,,,,,60,100,-40,,,,,,,,,,,,274.5606588278559,175.3274487821051,274.5606588278559,0.10626407763208888
2020-05-11,183.15,187.51,175.68,183.16,159.55682972905316,173.10158712172333,152.85092271583792,111.22801706876785,1.3380808524201013,7.335832694804367,5.9977518423842655,0,,,42.801339563168824,36.723639680756655,,,,,,,63.1790755285091,,,51.43642181980991,50.531105872022245,,,,,60,100,-40,,,,,,,,,,,,200.09508449551845,120.72245809444965,200.09508449551845,0.10774886389416055
2020-05-18,185.75,186.67,182.54,183.51,159.66134189126365,175.18326969737865,154.05323947207958,111.94724077952638,1.4391927447600512,7.79674277333433,6.357550028574279,0,,,46.6245389182763,42.39972365302747,,,,,,,63.35614017050453,,,56.70398003897655,53.98574527514012,,,,,60,100,-40,,,,,,,,,,,,117.35052367815146,52.409283895458785,117.35052367815146,0.08922360937654962
2020-05-26,186.34,186.5,176.6,183.25,160.85838889903053,176.7966157579029,155.1982104731745,112.65672097077487,1.3525696955286106,8.048262147985042,6.695692452456432,0,,,46.51907181052617,45.31498343065713,,,,,,,63.111900712730936,,,67.17316535820626,61.52757082170577,,,,,60,100,-40,,,,,,,,,,,,55.10497391848755,-0.7560404491700723,55.10497391848755,0.08902084991512665
2020-06-01,182.54,187.73,181.35,187.2,163.66564683481405,178.87729260632233,156.45318261148137,113.39844514021989,1.4184085300684917,8.468703115042047,7.050294584973555,0,,,48.27099798358496,47.13820290412917,,,,,,,65.31271443739286,,,80.85558860014831,73.48803797445409,,,,,60,100,-40,,,,,,,,,,,,-26.732294066692006,-67.89130582204827,-26.732294066692006,0.0917137559848781
2020-06-08,185.94,198.52,184.44,187.74,164.97524348947022,180.64983408505788,157.6801166267174,114.1381621039988,1.3555050656058043,8.74467591698081,7.389170851375006,0,,,52.13604562671872,48.975371806943315,,,,,,,65.61652685564718,,,92.63332311145723,86.57713633586593,,,,,60,100,-40,,,,,,,,,,,,-30.05369514547528,-61.00197749076678,-30.05369514547528,0.08103697413874528
2020-06-15,184.58,199.29,184.01,195.15,171.99986895450806,183.5498672680463,159.14952381782652,114.94425004326249,1.6505438060236486,9.452350608904567,7.801806802880918,0,,,55.24181951789386,51.882954376065875,,,,,,,69.5776191297666,,,97.81877485214852,95.63754970429703,,,,,60,100,-40,,,,,,,,,,,,-121.86211420993432,-144.45616340153646,-121.86211420993432,0.08050029333527643
2020-06-22,195.79,203.95,194.88,196.33,172.65059260061463,186.10589381443705,160.60758170732353,115.75405850054345,1.7531213988779886,9.993208551478403,8.240087152600415,0,,,59.67116761798346,55.68301092086538,,,,,,,70.17045938643214,,,99.78158498117475,99.5631699623495,,,,,60,100,-40,,,,,,,,,,,,-126.06900253540081,-151.82777005580255,-126.06900253540081,0.02645917001142775
2020-06-29,195.78,208.02,193.55,206.26,182.97626455771356,190.13671505154963,162.39787262076183,116.65461513237884,2.2840996262291995,11.095211685386914,8.811112059157715,0,,,63.423647662920246,59.445544932932556,,,,,,,74.67035938779703,,,100,100,,,,,60,100,-40,,,,,,,,,,,,-197.69282025623704,-221.4954482274748,-197.69282025623704,0.05559742799903795
2020-07-06,208.8335,216.38,207.99,213.67,189.982245660734,194.8433720412397,164.40854428269273,117.61994234499198,2.88972987781138,12.423274406421939,9.533544528610559,0,,,69.38353789440899,64.15945105843757,,,,,,,77.42358806344774,77.42358806344774,,100,100,,,,,60,100,-40,,,,,,,,,,,,-214.47594384601211,-234.85991218611574,-214.47594384601211,0.09070437159647869
2020-07-13,214.48,215.8,201.39,202.88,190.22851382782443,196.45069763299176,165.91722882062635,118.46830112762888,2.342334672981739,12.461462869837732,10.119128196855993,0,,,67.56173401305904,66.78963985679609,,,66.78963985679609,,66.78963985679609,,66.09118221105292,,,87.05788939286016,93.52894469643009,,,,,60,100,-40,,,,,,,,,,106,,-245.4803176921917,-263.97629178864014,-245.4803176921917,0.07544331363402763
2020-07-20,205,213.94,197.51,201.3,189.84433426869413,197.4205581063934,167.30478847471943,119.29249713630918,1.6833628402885132,12.223331747216633,10.53996890692812,0,,,63.123654940180636,66.68964228254956,,,,,,,64.5914233755228,,,69.05841626955782,79.67591665710148,,,,,60,100,-40,,,,,,66.68964228254956,,105,,,,-213.5748053845205,-229.6169660088874,-213.5748053845205,0.07791584837660544
2020-07-27,201.47,205.1,199.01,205.01,189.1990246780731,198.93844648511472,168.78342422080885,120.14540761256481,1.3227600483910944,12.193418967416989,10.870658919025894,0,,,57.799708965710046,62.82836597298324,,,,,,,66.52380511627535,,,49.711381041055205,59.61262801335371,,,,,60,100,-40,,,,,,,,,,,,-252.9248407691531,-261.5047903709079,-252.9248407691531,0.04993736135634148
2020-08-03,211.52,217.64,210.31,212.48,190.07695148678218,201.64675718809178,170.49701542783595,121.06415977562386,1.405012163352028,12.626924123215929,11.2219119598639,0,,,60.98960302740044,60.637655644430374,,,,,,,70.08490123148691,70.08490123148691,,45.662436943518244,47.393980959451845,,,,,60,100,-40,,,,,,60.637655644430374,,,,,,-298.75668790203434,-303.0493739398337,-298.75668790203434,0.10393281837609175
2020-08-10,211.67,211.88,203.14,208.9,189.9578835234406,203.09740575047343,172.00301482282276,121.93814823556791,1.0521378705149012,12.537084298007528,11.484946427492627,0,,,57.240248834591135,58.67652027590054,,,,,,,66.41672977422519,,,42.34343028187267,42.106971890021676,,42.34343028187267,,,60,100,-40,,,,,,58.67652027590054,,105,,,,-278.982744647119,-282.4949423144094,-278.982744647119,0.08121641689395574
2020-08-17,209.6,216.25,208.91,213.02,190.3173204146234,205.08192460037876,173.61152404545717,122.84443531780106,0.9340310049604259,12.652485183693159,11.718454178732733,0,,,57.601333242564536,58.61039503485204,,,,,,,68.47390656343416,,,42.70463600443438,42.98001340254427,,,,,60,100,-40,,,,,,,,,,,,-246.44042743855186,-259.31404371178945,-246.44042743855186,0.12872912946293685
2020-08-24,214.79,231.15,212.43,228.91,206.17536895643602,209.84753968030302,175.78009172994905,123.89981407085776,1.7182682292191274,13.866289465256642,12.148021236037515,0,,,64.5338122843547,59.79179812050345,,,,,,,74.89839922243965,74.89839922243965,,50.02195747356514,46.263265556794614,50.02195747356514,,,,60,100,-40,,,,,,59.79179812050345,,,,,,-256.1785315406334,-272.16603576419135,-256.1785315406334,0.15400749882500098
2020-08-31,227,232.86,205.19,214.25,205.12498545954773,210.7280317442424,177.28871558367655,124.79882089602336,1.0734203259825623,13.489796643515717,12.416376317533155,0,,,62.14778936862746,61.42764496518223,,,61.42764496518223,,61.42764496518223,,62.224693367254986,,,45.33114367820295,46.718048838266526,,,,,60,100,-40,,,,,,,,,,106,,-167.7824348968819,-207.22675653433836,-167.7824348968819,0.07673513679898428
2020-09-08,206.5,214.8399,201.24,204.03,202.8710579267229,209.3884253953939,178.33739340392452,125.58719083735646,-0.15244257124316363,12.2258231034792,12.378265674722364,0,,,48.64137102193485,58.440990891639,,,,,,,55.17381628393915,,,35.88235936172098,42.37240165797926,,,,,60,100,-40,,,,,,58.440990891639,,105,,,,-130.91290127926703,-171.36734625536772,-130.91290127926703,0.029549488371336075
2020-09-14,204.24,210.65,196.25,200.39,202.78813950338554,207.58874031631512,179.2022015057314,126.33149739618874,-1.257944976479342,10.805834454123186,12.063779430602528,0,,,33.23201627434468,48.00705888830233,,,,,,,52.86259539212566,,,12.222759263933682,24.44551852786736,,,,,60,100,-40,,,,,,,,,,,,-151.65601013758211,-185.66419239075543,-151.65601013758211,0.012597087236157354
2020-09-21,197.19,209.04,196.38,207.82,202.5968438245723,207.6349922530521,180.32446811334978,127.14232826786845,-1.5207268447490652,10.162870874666197,11.683597719415262,0,,,23.34641486005652,35.07326738544535,,,,,,,56.858820812705204,,,8.766635746567209,11.731397139649282,,,,,60,100,-40,,,,,,,,,,,,-107.71855374893082,-143.725248319709,-107.71855374893082,0.007722945088762351
2020-09-28,210.88,213.99,205.54,206.19,202.66778355138857,207.34599380244168,181.33880269713998,127.9288722652031,-1.8162543369943158,9.413279798172368,11.229534135166684,0,,,21.268392777277693,25.948941303892965,,,,,,,55.73582118404672,,,7.578210258720375,5.239573717731473,,7.578210258720375,,,60,100,-40,,,,,,,,,,,,-117.22427124912522,-148.50247589794373,-117.22427124912522,-0.04567619837974903
2020-10-05,207.22,215.86,204.82,215.81,203.33508472628938,209.03879504195334,182.69061435607566,128.80331134714137,-1.3947257835065532,9.486126905783493,10.880852689290046,0,,,25.023796914022217,23.212868183785474,,,,,,,60.69874650334529,,,16.675042699875164,12.267201638236187,,,,,60,100,-40,,,,,,23.212868183785474,,,,,,-205.91076738564792,-233.320207552863,-205.91076738564792,0.013135160899660258
2020-10-12,218.79,225.21,216.01,219.66,203.5847215315544,211.16303603356266,184.14039418524916,129.70735800040364,-0.9109066735974309,9.742219347293258,10.653126020890689,0,,,37.15836056820631,27.816850086502075,,,,,,,62.52064909264079,62.52064909264079,,25.18119263370087,20.34052895715629,,,,,60,100,-40,,,,,,,,,,,,-237.56335513371195,-260.89835163416063,-237.56335513371195,-0.011312758486850276
2020-10-19,220.415,222.3,211.7,216.23,204.0508128507291,212.17642882685013,185.39881009955312,130.5682798113449,-0.8759240989325967,9.558220897224942,10.434144996157539,0,,,39.739720485650444,33.97395932262633,,,,,33.97395932262633,,59.8431537709781,,,32.893073952160435,29.222721994020116,32.893073952160435,,,,60,100,-40,,,,,,,,,,,,-228.0063814730371,-249.82592406431323,-228.0063814730371,-0.05441613748279649
2020-10-26,213.85,216.3399,199.62,202.47,204.3121833613913,210.2351430614801,186.06826852702162,131.28371981322206,-1.7813374725539326,8.207473155465124,9.988810628019056,0,,,24.747868692809753,33.88198324888884,,,,,,,50.45289147609459,,,28.029139669088288,30.66089038968069,,,,,60,100,-40,,,,,,33.88198324888884,,,,,,-153.82340302339398,-188.03939241625628,-153.82340302339398,-0.06055613042388547
2020-11-02,204.29,224.36,200.12,223.72,203.6806131212919,212.93211444918407,187.54480701615802,132.20348379518006,-0.9903931042102183,8.750819247756283,9.741212351966501,0,,,28.98442793100847,31.157339036489557,,,,,,,60.755452264014,60.755452264014,,26.86030131237988,28.9203543708891,,,,,60,100,-40,,,,,,,,,,,,-210.40096611004964,-243.85041197693695,-210.40096611004964,-0.037361119851750946
2020-11-09,224.435,228.12,209.72,216.51,202.01985504119963,213.64769155934727,188.680696937093,133.04235460318822,-0.9916605839059613,8.50163662208405,9.493297205990011,0,,,34.285230543437855,29.33917572241869,,,,,,,56.441605941749074,,,23.270513180672584,24.184665890927928,,,,,60,100,-40,,,,,,29.33917572241869,,,,,,-233.96442681731332,-260.42306434476654,-233.96442681731332,-0.012052737838864163
2020-11-16,214.87,217.74,209.93,210.39,196.1220082525425,212.99615324747782,189.53204215524622,133.8119829155943,-1.4175832102545822,7.721318193171783,9.138901403426365,0,,,28.03878144716717,30.436146640537828,,,,,,,52.982303665389395,,,24.93783126942141,24.25806781578268,,,,,60,100,-40,,,,,,30.436146640537828,,,,,,-285.9708946687109,-305.80068900935447,-285.9708946687109,-0.0745588248402726
2020-11-23,210.95,216.27,208.16,215.23,196.97757909164662,213.44292259798226,190.53980520798166,134.62211243882223,-1.3846713333855671,7.4080622366944056,8.792733570079973,0,,,24.046181139265872,28.790064376623633,,,,,,,55.32804517725688,,,19.98996046131284,21.988469029025765,,19.98996046131284,,,60,100,-40,,,,,,,,,,,,-353.0670956380362,-367.4732910076537,-353.0670956380362,-0.07142093342758574
2020-11-30,214.1,217.32,210.835,214.36,197.72918058510044,213.6263380783858,191.47393049394316,135.41552425535136,-1.4271390883108772,7.008809709691377,8.435948798002254,0,,,23.35098734466638,25.145316643699804,,,,,,,54.79569033749127,,,21.20771446824329,21.50611888828666,,,,,60,100,-40,,,,,,,,,,,,-458.8730782493024,-466.11451082444387,-458.8730782493024,-0.025692596028396384
2020-12-07,214.37,216.95,209.11,213.26,198.65923911473612,213.55307046270863,192.32828616084734,136.19009615330805,-1.5260524302261125,6.528383260219613,8.054435690445725,0,,,18.99461761169112,22.130595365207785,,,,,,,54.08291686875086,,,24.475910137301426,21.963145554100674,,,,,60,100,-40,,,,,,,,,,,,-489.98706402215646,-493.1845997654541,-489.98706402215646,0.017007990699935183
2020-12-14,213.1,220.89,212.24,218.59,199.32929346368354,214.56045637016692,193.3581572917945,137.00999569407116,-1.2413338111794445,6.50276842647142,7.744102237650864,0,,,29.008075970291927,23.78456030888314,,,,,,,57.017797354276986,,,33.08993220791067,28.519462296130865,,,,,60,100,-40,,,,,,23.78456030888314,,,,,,-631.8075978363099,-627.1510361717352,-631.8075978363099,-0.0017870993186762337
2020-12-21,217.55,225.63,217.2801,222.75,199.83577250199187,216.19836509613353,194.5107785744692,137.86313006527445,-0.8029249474886111,6.7404460532901,7.543371000778711,0,,,44.21797543083058,30.74022300427121,,,,,,,59.22160884896988,,,43.799391713709255,38.06196506690279,,,,,60,100,-40,,,,,,,,,,,,-605.1153073206171,-601.3053932314197,-605.1153073206171,0.037368919509064555
2020-12-28,224.45,227.18,219.68,222.42,200.34894589470673,217.4426920769068,195.60525784605866,138.70449195517222,-0.575879415171566,6.823521731814253,7.399401146985819,0,,,53.51640471484006,42.24748537198752,,,,,,,58.96180876331608,,,56.21175160633348,49.905180923218296,,,,,60,100,-40,,,,,,,,,,,,-582.3670696259594,-580.1589580984343,-582.3670696259594,0.015562395814943973
2021-01-04,222.53,223,211.94,219.62,200.9468783307991,217.87815366152546,196.54701244033086,139.5096213884541,-0.6495315101044605,6.587486759355244,7.237018269459704,0,,,47.991024893691865,48.575135013120835,,,48.575135013120835,,48.575135013120835,,56.67638151402476,,,59.73104310869149,57.879306716836844,59.73104310869149,,,,60,100,-40,,,,,,48.575135013120835,,,,,,-730.1094206030577,-724.6664202623554,-730.1094206030577,0.029706724956611984
2021-01-11,218.47,218.91,212.03,212.65,200.99352987859916,216.83252292922037,197.17850214855318,140.237386349763,-1.1724333322172305,5.771476604188166,6.943909936405396,0,,,32.96837546245676,44.82526835699624,,,,,,,51.312752091591975,,,47.41664182958584,54.73359636229162,,,,,60,100,-40,,,,,,,,,,,,-729.1804350388655,-717.454343851018,-729.1804350388655,-0.05177421626397536
2021-01-19,213.75,230.07,212.63,225.95,203.76256345869922,218.6560183433763,198.30679618194324,141.09024817712853,-0.6532485440363462,6.127349256359963,6.780597800396309,0,,,42.67180142556211,41.21040059390358,,,,,,,59.27903429850377,,,47.02068260317671,48.930958000944905,,,,,60,100,-40,,,,,,41.21040059390358,,,,,,-737.511265031799,-718.826281332651,-737.511265031799,-0.00329496973581461
2021-01-25,229.12,242.64,224.22,231.96,208.86595178307786,221.31681467470105,199.62652966500428,141.994424812182,0.028137534735138914,6.815769718815233,6.787632184080094,0,,,60.130163739704265,45.25678020924104,,,,,,,62.2988471485462,,,55.66167745059816,49.13336235087123,,,,,60,100,-40,,,,,,,,,,,,-648.8728532078356,-628.1305938176235,-648.8728532078356,0.01768349817176017
2021-02-01,235.06,245.09,232.43,242.2,218.12409808428657,225.49345173976084,201.29607752127862,142.99149521206078,1.04535344271675,8.09432398747603,7.048970544759281,0,,,72.71407337729828,58.50534618085488,,,,,,,66.83814211793224,,,80.54972624533777,67.09996306160228,,,,,60,100,-40,,,,,,,,,,,,-758.1686980791383,-729.3795767598738,-758.1686980791383,0.06799072717798448
2021-02-08,243.15,245.92,240.81,244.99,220.75809107826612,229.39276139180868,203.0095646773069,144.00640570746316,1.7419126753855076,9.226361388991165,7.484448713605658,0,,,79.47247033668202,70.77223581789485,,,,,,,67.97622186612637,67.97622186612637,,92.69824699656638,85.39649399313278,,,,,60,100,-40,,,,,,,,,,,,-818.5016620647496,-780.4014718944422,-818.5016620647496,0.04455362988688271
2021-02-16,245.03,246.13,240.18,240.97,221.75894171553284,231.70820911344694,204.49820919976545,144.97121759097098,1.7624072681960463,9.687457798850716,7.925050530654669,0,,,79.5628427614946,77.24979549182497,,,77.24979549182497,,77.24979549182497,,64.51992036284486,,,94.67529589930348,95.83752030692006,94.67529589930348,,,,60,100,-40,,,,,,,,,,,,-840.5831780529769,-800.3193860954527,-840.5831780529769,0.06803244870526805
2021-02-22,237.42,237.93,227.88,232.38,222.5683030215662,231.84256729075756,205.59161276055897,145.84095671941904,1.0624196755619018,9.253075125107046,8.190655449545144,0,,,68.79972459201433,75.94501256339699,,,,,,,57.725512524985135,,,81.35942413954103,89.05797994269226,,,,,60,100,-40,,,,,,75.94501256339699,,105,,,,-725.9316911342539,-688.4431340780976,-725.9316911342539,0.01653796230059299
2021-03-01,235.9,237.47,224.26,231.6,222.29985280574004,231.79405383260604,206.61154951504685,146.69428053315616,0.4435367985009435,8.745076447671323,8.30153964917038,0,,,57.51264568927188,68.62507101426027,,,,,,,57.1336601675838,,,62.93306509321005,73.26001750362421,,,,,60,100,-40,,,,,,,,,,,,-762.1259291098442,-675.089836972989,-762.1259291098442,0.033633899547073645
2021-03-08,231.37,239.17,227.13,235.75,222.03343474818718,232.58524306608484,207.75423384779012,147.5804070950153,0.22154182151185786,8.578466926060202,8.356925104548344,0,,,52.496157970744854,59.60284275067702,,,,,,,59.5255550324205,,,49.56642241890591,56.34995646424938,,,,,60,100,-40,,,,,,,,,,,,-982.6484874535088,-847.8007757051729,-982.6484874535088,0.06216591039990212
2021-03-15,234.96,240.055,229.3496,230.35,221.95318940903095,232.13819445286788,208.64034232434736,148.40398513387086,-0.3500177932686981,7.919402862962471,8.26942065623117,0,,,46.673223544610074,52.227342401542266,,,,,,,55.18491444696222,,,40.9187402964007,44.30662041228993,,,,,60,100,-40,,,,,,,,,,,,-904.8942170074163,-778.2006346678688,-904.8942170074163,0.06041171784277442
2021-03-22,230.27,241.05,230.14,236.48,222.0693330226716,233.0065555622943,209.7320936057455,149.2803633912453,-0.37410022619039296,7.801795373493178,8.175895599683571,0,,,46.65909293217626,48.6094914825104,,,,,,,58.873040824707864,,,40.61680503200452,40.386839654520735,,40.61680503200452,,,60,100,-40,,,,,,,,,,,,-794.0043593697043,-683.0732465464381,-794.0043593697043,0.014064232462186027
2021-03-29,236.59,242.84,231.1,242.35,222.14795209248078,234.87524444983544,211.0112271898339,150.2064294271533,-0.06951206949481659,8.08900551281505,8.158517582309866,0,,,50.65223726238884,47.994851246391725,,,,,,,62.10800014889496,,,43.615655773478295,41.40223553423909,,,,,60,100,-40,,,,,,47.994851246391725,,,,,,-712.3672031206671,-617.9690199016311,-712.3672031206671,0.07078221120505394
2021-04-05,242.76,255.99,242.7,255.85,232.962384085875,239.07019555986835,212.7696104372914,151.25760923384829,0.9122006378793603,9.298768379659066,8.386567741779706,0,,,65.96301157073115,54.42478058843208,,,,,,,68.3170555348668,,,61.7348459777447,52.5363845944238,,,,,60,100,-40,,,,,,,,,,,,-625.5731661896367,-560.1564708286073,-625.5731661896367,0.15731481889007537
2021-04-12,254.71,261,254.62,260.74,237.53864236545536,243.40415644789468,214.6508021848486,152.34698625639706,1.7153097179694967,10.530704889241576,8.81539517127208,0,,,76.68793739059683,64.4343954079056,,,,,,,70.23120753774144,,,78.57516575275228,68.47817871982191,,,,,60,100,-40,,,,,,,,,,,,-575.4689541551573,-540.1280215870424,-575.4689541551573,0.17136391266534154
2021-04-19,260.19,261.78,255.64,261.15,238.69445362506565,246.95332515831575,216.47430013838394,153.4296033085722,2.074560527830233,11.40859583105987,9.334035303229637,0,,,80.17773252770586,74.27622716301128,,,,,,,70.39367726779705,70.39367726779705,,93.2675766911247,86.5351533822494,93.2675766911247,,,,60,100,-40,,,,,,,,,,,,-551.7473261269469,-524.6501994803075,-551.7473261269469,0.2013962898452696
2021-04-26,261.66,263.19,249,252.18,239.42127836613238,247.9986601266526,217.8745236623689,154.4121943204272,1.533439022095072,11.250834080848477,9.717395058753405,0,,,76.32842085783288,77.73136359204518,,,77.73136359204518,,77.73136359204518,,62.33088901571256,,,86.86741019729969,90.6017432950705,,,,,60,100,-40,,,,,,77.73136359204518,,105,,,,-508.70235774022933,-491.0774359384333,-508.70235774022933,0.16269408518721992
2021-05-03,253.4,254.35,244.69,252.46,238.9461870542658,248.8909281013221,219.2308168520799,155.38779437694038,1.0431664481455005,11.02135311893528,9.97818667078978,0,,,67.98897921233791,74.83171086595888,,,,,,,62.47622922140557,,,74.90950488893839,83.23802171935141,,,,,60,100,-40,,,,,,,,,,,,-519.8473836056421,-512.6997203132636,-519.8473836056421,0.16267937052913514
2021-05-10,250.87,251.73,238.07,248.15,239.15217369324682,248.74274248105766,220.36490246572382,156.31080139806534,0.3151652337258284,10.372143212947066,10.056977979221237,0,,,55.10534246760972,66.4742475125935,,,,,,,58.699497562476836,,,52.79818065325192,63.82760661613952,,,,,60,100,-40,,,,,,,,,,,,-488.05695022279815,-486.754316619943,-488.05695022279815,0.1751600789229515
2021-05-17,246.55,248.33,238.6,245.17,238.66773271515774,248.02819398484613,221.3376513886366,157.19497252843286,-0.4395174927881218,9.507581113236085,9.947098606024207,0,,,41.675243744422296,54.92318847478996,,,,,,,56.156743624095384,,,36.808141651225206,45.491506512835024,,,,,60,100,-40,,,,,,,,,,,,-479.3193229095621,-476.4353499617715,-479.3193229095621,0.19429121833768478
2021-05-24,247.785,252.94,247.51,249.68,238.88360894978933,248.3585551878769,222.44911604006262,158.11522155800068,-0.6923659073324142,9.081641221858689,9.774007129191103,0,,,40.386073861413315,45.722220024481764,,,,,,,59.06409005642277,,,25.32059309400366,30.133679416996753,,,,,60,100,-40,,,,,,,,,,,,-473.07944601691446,-467.9925590596313,-473.07944601691446,0.16981997183192454
2021-06-01,251.23,251.65,243,250.79,239.36406545337582,248.84484415030153,223.5605232541778,159.03735865692605,-0.8328215806037509,8.732980153436415,9.565801734040166,0,,,36.10462963689703,39.388649080910874,,,,,,,59.775296006393155,,,23.234620669045327,23.775381224679148,,23.234620669045327,,,60,100,-40,,,,,,,,,,,,-477.0650012865664,-471.08482104878925,-477.0650012865664,0.23719032911016844
2021-06-07,249.98,258.4868,249.81,257.89,239.68448934956325,250.6538753202412,224.90677724421005,160.02096702849892,-0.5113027674570638,8.926673274718837,9.437976042175901,0,,,44.149499467459805,40.21340098859004,,,,,,,64.09756963800062,,,33.83073633421595,27.715709888213485,,,,,60,100,-40,,,,,,40.21340098859004,,,,,,-464.87136468900894,-459.97848994900943,-464.87136468900894,0.2479907441285266
2021-06-14,257.9,262.3,254.42,259.43,239.97819725316586,252.40910025619297,226.26062911698614,161.01011163518052,-0.27074269201968626,9.099547677151293,9.370290369170979,0,,,52.211243425663525,44.15512417667344,,,,,,,64.98174494226159,,,45.62074969430391,38.47028057055943,,,,,60,100,-40,,,,,,,,,,,,-390.34929838191636,-389.0733099582804,-390.34929838191636,0.2872453071875873
2021-06-21,259.82,267.85,257.92,265.02,244.23475459222544,254.93128020495436,227.78060444573177,162.04503589751704,0.165542074214029,9.577217961938516,9.411675887724487,0,,,60.70915087051953,52.35663125454761,,,,,,,68.07359058426312,,,62.337604725699094,54.34804776241625,,,,,60,100,-40,,,,,,,,,,,,-430.2857895852043,-428.332708147684,-430.2857895852043,0.28093223791199295
2021-06-28,266.185,278,265.91,277.65,256.9308435499236,259.4750241639635,229.73626701648737,163.1953340477905,1.150531565852667,10.84984034504032,9.699308779187653,0,,,71.6375516308255,61.51931530900285,,,,,,,73.74712637901081,,,76.24050330010178,68.89484677680846,,,,,60,100,-40,,,,,,,,,,,,-392.96110056971264,-394.0903975753778,-392.96110056971264,0.29377478318232814
2021-07-06,278.03,280.6945,274.3,277.94,256.84649758207195,263.1680193311708,231.62660948642903,164.33707201746424,1.6376715067512517,11.746398162626718,10.108726655875467,0,,,77.42960095132084,69.92543448422195,,,,,,,73.86266356938059,,,88.93892881551179,82.94779478585015,,,,,60,100,-40,,,,,,,,,,,,-359.69544592067393,-356.9830525616727,-359.69544592067393,0.3232649063503489
2021-07-12,279.157,284.1,276.58,280.75,260.2496763262097,266.68441546493665,233.55301695754946,165.49540960933027,1.9443202417218153,12.539126958027737,10.594806716305921,0,,,79.79760290890377,76.28825183035003,,,,,,,75.01681599630382,,,96.41937044476143,92.83874088952284,,,,,60,100,-40,,,,,,,,,,,,-261.56900120782416,-279.3497702777322,-261.56900120782416,0.3419393892706738
2021-07-19,278.9335,289.99,274.45,289.67,269.5596994457661,271.2815323719493,235.7536829592142,166.730977672919,2.507259978911751,13.72888168994561,11.221621711033858,0,,,81.00245692112924,79.40988692711794,,,,,,,78.31043476345388,78.31043476345388,,99.15501047419556,98.31002094839114,99.15501047419556,,,,60,100,-40,,,,,,,,,,,,-199.4655464427652,-224.92253931814457,-199.4655464427652,0.38910655206147554
2021-07-26,289,290.15,282.95,284.91,268.77614948535427,274.00722589755947,237.68138166669598,167.9068883428402,2.3225875261895474,14.124856118770794,11.802268592581246,0,,,79.91572098415408,80.23859360472903,,,80.23859360472903,,80.23859360472903,,72.76480209842852,,,94.90337559797914,97.45168779898957,,,,,60,100,-40,,,,,,80.23859360472903,,105,,,,-177.7445379986261,-204.9366230784819,-177.7445379986261,0.34279916695811924
2021-08-02,286.36,289.63,283.74,289.46,269.2399959506861,277.09778071804755,239.71191571898243,169.1163720409214,2.267855874972927,14.637088436297404,12.369232561324477,0,,,77.82651857030486,79.58156549186272,,,,,,,74.62557839744652,,,90.39408289242758,93.28580729545597,,,,,60,100,-40,,,,,,,,,,,,-185.4273492716032,-215.85723706421246,-185.4273492716032,0.4417687674447203
2021-08-09,289.75,292.9,285.2,292.85,273.03785338278,280.24822457443804,241.79576216137528,170.34755241862368,2.2182403320572384,15.142032976396024,12.923792644338786,0,,,75.90958214770133,77.88394056738674,,,,,,,75.9517436105353,,,86.40899892007705,88.1688549316305,,86.40899892007705,,,60,100,-40,,,,,,,,,,,,-120.80419485858445,-178.42864850708287,-120.80419485858445,0.47814157686751074
2021-08-16,293.19,305.84,288.64,304.36,284.8630067125814,285.07057965955045,244.2492616844586,171.68100960848813,2.6875760072333854,16.28326265338052,13.595686646147133,0,,,77.55925064313965,77.09845045371527,,,,,,,79.82931542476426,79.82931542476426,,90.22130324069037,88.14852696982588,,,,,60,100,-40,,,,,,77.09845045371527,,,,,,1.1602042066127183,-81.44162150579507,1.1602042066127183,0.47513262688994795
2021-08-23,303.245,305.65,296.83,299.72,283.7985062331113,288.00046372764035,246.4245847556563,172.95502941337878,2.4207961005039778,16.621681771777105,14.200885671273127,0,,,76.7565372392932,76.74179001004472,,,,,,,74.5777328759905,,,89.21762338508154,88.84461729756038,,,,,60,100,-40,,,,,,,,,,,,-81.77801474004414,-151.17950850474142,-81.77801474004414,0.41135513607899915
2021-08-30,301.115,305.19,300.18,301.14,284.00718435931765,290.6283709821123,248.57028731425802,174.23050175752428,2.087835810253761,16.81068043409033,14.722844623836568,0,,,74.83072679442968,76.38217155895417,,,,,,,75.12036349069857,,,87.31339568432234,89.12787508820055,,,,,60,100,-40,,,,,,76.38217155895417,,105,,,,-149.63655751458163,-207.3286887766066,-149.63655751458163,0.34249939735897494
2021-09-07,301.005,302.14,295.38,295.71,284.6795283336521,291.64469678568986,250.4189034980126,175.43925298381757,1.2889396690572177,16.33401921015809,15.045079541100872,0,,,69.02662165289779,73.53796189554022,,,,,,,69.01763976359894,,,72.44422238008192,79.99449762830267,,,,,60,100,-40,,,,,,,,,,,,-135.1571834210213,-188.72347263540541,-135.1571834210213,0.2800911051365302
2021-09-13,297.55,305.32,294.08,299.87,285.1195620241055,293.28975742855187,252.35816218436506,176.67736986955072,0.8489570607797106,16.10627586707551,15.2573188062958,0,,,64.91688220411042,69.59141021714596,,,,,,,70.97467534774756,,,61.5911711942268,68.39380145018973,,,,,60,100,-40,,,,,,,,,,,,-114.21951370810831,-164.4101139744226,-114.21951370810831,0.3282381772749277
2021-09-20,296.33,300.9,289.52,299.35,284.8881647366694,294.5018059428415,254.20097935360565,177.89799305492832,0.35639750545334437,15.70281568811248,15.346418182659136,0,,,58.21434113262289,64.0526149965437,,,,,,,70.37272494367537,,,45.38448697323069,52.61286550414661,,,,,60,100,-40,,,,,,,,,,,,-113.45232939754318,-161.7900932518003,-113.45232939754318,0.3338423151865669
2021-09-27,296.14,296.47,281.29,289.1,284.6532958269073,293.4214447542732,255.5695683985623,179.00448068622256,-0.7650536468448088,14.390101124103126,15.155154770947934,0,,,44.55326039400836,55.89482791024722,,,,,,,59.58190789343241,,,32.44260440180604,39.457464546047675,,,,,60,100,-40,,,,,,,,,,,,-51.0064513252626,-111.46462175147295,-51.0064513252626,0.3026830546202942
2021-10-04,287.4,296.6409,280.25,294.85,283.48091755355676,293.7071558034186,257.1099774809716,180.157172420688,-1.1990672128581448,13.656320754875253,14.855387967733398,0,,,35.17228885973306,45.97996346212144,,,,,,,63.027289546942924,,,20.945199002548247,26.368562676243908,,,,,60,100,-40,,,,,,,,,,,,-46.27800562976031,-105.74378143302333,-46.27800562976031,0.32654736399132794
2021-10-11,292.92,304.45,292.35,304.21,282.6307234425884,295.80772464273485,258.9570371876002,181.3915289140145,-0.9463418262572691,13.672460684911812,14.618802511169081,0,,,39.528078117380126,39.751209123707184,,,,,,,67.85890446511135,,,19.917452968708467,20.196121380958477,,19.917452968708467,,,60,100,-40,,,,,,,,,,,,-112.40927733344023,-173.79036662701907,-112.40927733344023,0.3820245938302933
2021-10-18,303.57,311.09,302.69,309.16,287.2542431966893,298.4781797141879,260.9257808273021,182.6628569845218,-0.555709043865285,13.924166206337475,14.47987525020276,0,,,48.2599427225431,40.986769899885424,,,,,,,70.09766471434122,,,30.714956985449184,24.14763346405235,,,,,60,100,-40,,,,,,40.986769899885424,,,,,,-100.15304509099657,-183.10120905847015,-100.15304509099657,0.3710411681887659
2021-10-25,309.36,332,306.46,331.62,310.07894011121147,305.1065437713503,263.69810314780005,184.14501761154148,1.0195976733219307,15.754372341855174,14.734774668533243,0,,,61.970532792166196,49.91951787736314,,,,,,,77.72445636513439,,,50.95245392994807,39.706493230800156,,,,,60,100,-40,,,,,,,,,,,,-129.2161278017245,-215.26462559329377,-129.2161278017245,0.38974471077108996
2021-11-01,331.355,338.79,326.37,336.06,312.4090158175535,311.29723501708025,266.53582459298434,185.65660947610326,2.1025367093696836,17.362945555245346,15.260408845875663,0,,,71.9106021828494,60.71369256585289,,,,,,,78.8781841507759,,,70.58666933429812,60.16350845113456,,,,,60,100,-40,,,,,,,,,,,,-302.9950136559564,-387.0346936672404,-302.9950136559564,0.4055131275205334
2021-11-08,337.3,338.72,329.92,336.72,312.9840861162997,316.3817880136642,269.28814519718105,187.15972778977388,2.574076892193929,18.478004961118074,15.903928068924145,0,,,75.50908840447876,69.7967411264981,,,,,,,79.05289589641146,,,88.10362191608533,79.85387216968208,,,,,60,100,-40,,,,,,,,,,,,-266.99592026396436,-368.48293118228753,-266.99592026396436,0.41091080113654566
2021-11-15,337.54,345.1,334.034,343.11,319.81236567942113,321.7274304109314,272.18311989533083,188.71147179186568,2.997493574770523,19.650795037387297,16.653301462616774,0,,,77.49430406775745,74.9713315516952,,,,,,,80.72514509848494,80.72514509848494,,95.56367205270467,92.1226364963399,95.56367205270467,,,,60,100,-40,,,,,,,,,,,,-52.996662034152635,-249.667852785508,-52.996662034152635,0.3967102286096608
2021-11-22,344.62,349.67,328.12,329.68,319.8956252737482,323.3179443287451,274.43789950727864,190.1141437143347,2.0968531864819226,19.274367945719177,17.177514759237255,0,,,74.29275232906964,75.76538160043528,,,75.76538160043528,,75.76538160043528,,68.30886898910948,,,86.46997455086361,92.0745070933213,,,,,60,100,-40,,,,,,75.76538160043528,,105,,106,,96.63909469932968,-143.36460682450655,96.63909469932968,0.3493821744340973
2021-11-29,334.94,339.28,318.03,323.01,318.47522346848046,323.2563554629961,276.34268776189515,191.43649054304777,0.8401607896604908,18.227715746312867,17.387554956652377,0,,,65.53700441927568,72.44135360536758,,,,,,,63.088017549277204,,,65.96879366634352,77.95193423754058,,,,,60,100,-40,,,,,,,,,,,,556.3410774812697,162.70168532540373,556.3410774812697,0.2945317858530262
2021-12-06,323.95,343,319.23,342.54,317.1991360778747,327.1130843703969,278.93866079084046,192.94000805008213,1.0962876794276255,18.757914555936907,17.66162687650928,0,,,63.088121597091984,67.63929278181244,,,,,,,70.29071211387142,70.29071211387142,,47.828311205534845,57.62692937865551,,,,,60,100,-40,,,,,,,,,,,,510.6426997574025,171.301378902603,510.6426997574025,0.2993211748605862
2021-12-13,340.68,343.79,317.25,323.8,315.65419778659793,326.4504674963175,280.69792899512123,194.2420975222206,-0.157606860622316,17.464618300731388,17.622225161353704,0,,,55.468325109764464,61.36448370871071,,,,,,,58.43721297404043,,,30.992305523097464,38.49998929343888,,,,,60,100,-40,,,,,,,,,,,,635.9803907106021,285.6102191021297,635.9803907106021,0.2758122256053428
2021-12-20,320.05,336.39,317.57,334.69,313.8238979446981,328.098373997054,282.8152651129596,195.63958908916368,-0.40094575831995627,17.12104296345376,17.521988721773717,0,,,50.06833728244602,56.2082613297675,,,,,,,62.42612962369555,,,25.874318273494232,28.31573783303966,,,,,60,100,-40,,,,,,,,,,,,523.9839560359471,210.9538156290152,523.9839560359471,0.27545630179757
2021-12-27,335.46,344.3,335.43,336.32,313.22719094864823,329.7426991976432,284.9134900104906,197.0393941728536,-0.588169460456907,16.786776896202582,17.37494635665949,0,,,53.174864475553235,52.90384228925458,,,,,,,63.00190291917292,63.00190291917292,,16.469375618415576,19.964067925883985,,,,,60,100,-40,,,,,,52.90384228925458,,,,,,492.3505094839568,187.14403096919423,492.3505094839568,0.21425837690982222
2022-01-03,335.35,338,310.09,314.04,313.98882016660195,326.6021593581146,286.0557060885106,198.20357930546203,-2.254946454015439,14.55626328914019,16.81120974315563,0,,,36.83941772681498,46.69420649493808,,,,,,,51.350024835448494,,,14.717719211447433,16.460755111947694,,,,,60,100,-40,,,,,,46.69420649493808,,,,,,530.1049623050556,209.48147988388615,530.1049623050556,0.11522694403973581
2022-01-10,309.485,323.41,303.75,310.2,312.0817615832732,323.3217274864917,287.00254114386314,199.31797155117883,-3.579766382810556,12.336501764642435,15.91626814745299,0,,,17.816925963235978,35.943736055201406,,,,,,,49.63599971632613,,,8.937666348715327,10.956174829831234,,,,,60,100,-40,,,,,,,,,,,,793.7222418859545,385.0303017231796,793.7222418859545,0.09879931137747659
2022-01-18,304.07,313.9093,295.61,296.03,311.4894928987537,317.86338198919333,287.3565591382214,200.28028029196312,-5.271882453930376,9.326415080040022,14.598297533970397,0,,,-1.7813505686633917,17.624997707129193,,,,,,,43.79245289820305,,,3.3156401964244337,6.631280392848865,,3.3156401964244337,,,60,100,-40,,,,,,,,,,,,1397.5909251794176,786.8429741371469,1397.5909251794176,0.05168992746180036
2022-01-24,292.2,308.5,276.05,308.26,311.133914834557,315.94270559135464,288.1763019171147,201.35470536368487,-5.408707099522259,7.837413659567574,13.246120759089832,0,,,-16.309301657700352,-0.09124208770924962,,,,,,,49.36610438682495,,,4.661709426858103,4.060644180328908,,,,,60,100,-40,,,,,,,,,,,,1709.8471206013414,1051.9624333849383,1709.8471206013414,0.18715436566418533
2022-01-31,308.95,315.12,299.96,305.94,308.7822066320887,313.9421644730837,288.87291752820823,202.39535506155866,-5.4797521075795075,6.396430624615448,11.876182732194955,0,,,-19.97698346390567,-12.689211896756461,,,,,,,48.380196282675676,,,7.251905701990145,4.941646519341897,,,,,60,100,-40,,,,,,,,,,,,1530.7840077647338,951.6056273149496,1530.7840077647338,0.16729611700442734
2022-02-07,306.17,311.93,294.22,295.04,308.4984775869395,310.16173157846697,289.11476389965105,203.31719232462774,-6.040909508537215,4.325045846523437,10.365955355060652,0,,,-26.751829016110634,-21.012704712572212,,,,,,,43.91611482664006,,,8.845599849429878,8.129034814221361,8.845599849429878,,,,60,100,-40,,,,,,,,,,,,1383.3687336256914,851.3136950758679,1383.3687336256914,0.08304375169975237
2022-02-14,293.77,300.87,286.305,287.93,308.4000149021581,305.71538526277357,289.06830257025297,204.1591108089598,-6.624205663493935,2.0856982756932325,8.709903939187168,0,,,-35.8693167414416,-27.53270974048596,,,,,,,41.227917807534034,,,6.053648435713528,7.80790666017596,,,,,60,100,-40,,,,,,,,,,,,1420.0289638755658,880.1657505166193,1420.0289638755658,0.04075813149424884
2022-02-22,285,297.63,271.52,297.31,308.7578709805754,304.03430821021885,289.39150639102735,205.08598532827364,-6.123349431264816,1.0557171501061475,7.1790665813709635,0,,,-42.36411052365841,-34.99508542707021,,,,,,,45.955949892978595,,,5.965562004361729,6.448169776153237,,,,,60,100,-40,,,,,,,,,,,,1181.8418795345538,723.7719776954157,1181.8418795345538,0.06240610345324312
2022-02-28,294.31,303.13,287.165,289.86,301.2208801962485,301.19944656817506,289.4098786894184,205.92950786232066,-6.029318127659987,-0.35758107820402074,5.671737049455967,0,,,-42.983291762473755,-40.40557300919125,,,,,,,42.98086072474943,,,6.552154616302465,5.721663419106562,,,,,60,100,-40,,,,,,,,,,,,1223.325174164635,750.3588908417038,1223.325174164635,-0.0060200963913945495
2022-03-07,288.53,289.69,270,280.07,301.4472458965165,296.97355725454,289.0436089368922,206.66722420199906,-6.330797381837348,-2.2417596778407187,4.089037703996629,0,,,-50.20851995146862,-45.18530741253358,,,,,,,39.3539635446884,,,7.066030550010343,6.749415286522318,,,,,60,100,-40,,,,,,,,,,,,1189.0842334074284,739.384547052303,1189.0842334074284,-0.019747061005343267
2022-03-14,280.34,301,275.82,300.43,301.10101404676533,297.66484580363203,289.4901340766219,207.60018714526277,-4.925839218720528,-2.06826131940403,2.8575778993164973,0,,,-46.0477014346519,-46.41317104953142,,,,,,-46.41317104953142,49.04188629459707,,,12.608971232403427,9.995808522950897,,,,,60,100,-40,,,,,,-46.41317104953142,,,,,,961.0689182424414,583.1328112246116,961.0689182424414,-0.015244237959489098
2022-03-21,298.89,305.5,294.9,303.68,277.73951304342495,298.8678766429056,290.04659940695046,208.55620518361835,-3.6056626140699914,-1.6495003682709921,1.9561622457989993,0,,,-34.60148589920973,-43.619235761776736,,,,,,,50.41174189959352,,,22.735618146380624,17.019004012028894,,,,,60,100,-40,,,,,,,,,,,,787.2382058347248,460.7450273655912,787.2382058347248,-0.010211620617155076
2022-03-28,304.33,315.95,304.33,309.42,274.9781192546089,300.9783013143245,290.8063406066779,209.55982503253756,-2.240707269524574,-0.8447218411067183,1.395985428417856,0,,,-18.61637296534044,-33.08852009973401,,,,,,,52.837507506810596,,,38.43523475882065,30.136208935057407,,,,,60,100,-40,,,,,,,,,,,,669.558532046593,370.6095678445747,669.558532046593,-0.03349556498897261
2022-04-04,310.09,315.11,296.28,296.97,274.96111073642254,300.17664105145957,291.0480527397494,210.42957801728843,-2.074974972691766,-1.1977332874468516,0.8772416852449144,0,,,-12.777226331206052,-21.99836173191873,,,,,,,47.39024279680334,,,48.15152065828177,42.87238354496995,48.15152065828177,,,,60,100,-40,,,,,,,,,,,,656.9115262199397,355.0441918728339,656.9115262199397,-0.0919715166624756
2022-04-11,291.79,292.61,279.32,279.83,274.7324599695352,296.10731284116764,290.60812910289644,211.12012947980298,-2.964155965831494,-2.8279532720444536,0.13620269378704075,0,,,-25.43580337435514,-18.943134223633866,,,,,,,41.07465654218706,,,44.707892708703696,47.39517594289622,,,,,60,100,-40,,,,,,-18.943134223633866,,,,,,671.109430543587,356.8543388050459,671.109430543587,-0.0962009232191867
2022-04-18,278.91,293.3,273.38,274.03,274.68871282885414,291.6918502729341,289.9580063929789,211.74609834070046,-3.737475616371523,-4.535641826677363,-0.7981662103058401,0,,,-35.232280702054034,-24.481770135871727,,,,,,,39.16144611158514,,,31.73426532279055,39.72994947292147,,,,,60,100,-40,,,,,,,,,,,,938.1804431720257,524.6990044768556,938.1804431720257,-0.10450781054566297
2022-04-25,273.29,290.98,270,277.52,274.3238047696503,288.8574802183473,289.4702414363915,212.40056502387756,-3.796252368236501,-5.543481670601466,-1.7472293023649652,0,,,-41.09049079950638,-33.919524958638505,,,,,,,40.9542668145416,,,16.4193983969167,24.649496860251052,,,,,60,100,-40,,,,,,,,,,,,1070.3294535043847,626.5719127537909,1070.3294535043847,-0.1620036335607031
2022-05-02,277.71,290.88,271.27,274.73,273.83353300038954,286.03198417467786,288.89219275261144,213.02075840672455,-3.7962088014762845,-6.492490304210321,-2.6962815027340366,0,,,-44.37067569129556,-40.23114906428531,,,,,,,39.935080867125116,,,9.554307676772465,12.75912411494673,,,,,60,100,-40,,,,,,,,,,,,1505.7240983217694,940.8315649803744,1505.7240983217694,-0.16771940155129297
2022-05-09,270.06,273.75,250.02,261.12,273.57399492893313,281.0495873397423,287.80308715446984,213.49935782556312,-4.441154877136809,-8.247725099155048,-3.806570222018239,0,,,-55.25396015689905,-46.905042215900316,,,,,,,35.29350843196089,,,6.656126021095562,6.962760803592922,,,,,60,100,-40,,,,,,,,,,,,1352.865171354175,827.9530986203064,1352.865171354175,-0.18873517905894793
2022-05-16,259.955,268.33,246.44,252.56,272.60442386258075,275.35166987179383,286.42100530527495,213.88802093177642,-5.124157333534332,-10.211766888936154,-5.087609555401822,0,,,-62.40764048400187,-54.01075877739881,,,,,,,32.70360296981731,,,3.3697856980247156,4.859638468311463,,3.3697856980247156,,,60,100,-40,,,,,,,,,,,,1371.4351401988702,861.961626143887,1371.4351401988702,-0.18588315719674584
2022-05-23,255.49,273.34,253.43,273.24,272.10696501525354,274.92933589743507,285.90410313644065,214.47858788767914,-3.917501193628758,-9.98448604743777,-6.066984853809012,0,,,-59.62144294628261,-59.0943478623945,,,,,,-59.0943478623945,43.54594486868584,,,13.511567765243392,8.813139924205743,,,,,60,100,-40,,,,,,,,,,,,1148.4469328899847,704.3322395722712,1148.4469328899847,-0.11234754558870313
2022-05-31,272.53,277.69,261.6,270.02,271.8036103713069,273.947468717948,285.28119713109004,215.0312387544684,-3.1060119506823805,-9.949499792161987,-6.8434878414796065,0,,,-54.51026397644216,-58.84644913557553,,,,,,,42.39381553487025,,,26.36948434669931,18.20722430685441,,,,,60,100,-40,,,,,,-58.84644913557553,-107,,,,,976.9111269099875,568.9991051045855,976.9111269099875,-0.09331673476959741
2022-06-06,272.06,274.18,252.53,252.99,272.1919239162135,269.7559749743584,284.01487567496883,215.40893787133936,-3.4589879779373813,-11.167222813901333,-7.708234835963951,0,,,-56.41362182319203,-56.84844291530559,,,,,,,36.8132461414258,,,36.407050118727156,31.388960057569893,36.407050118727156,,,,60,100,-40,,,,,,,,,,,,1043.836376562717,633.7265405401154,1043.836376562717,-0.07802484266121187
2022-06-13,245.11,255.3,241.51,247.65,271.7582150650554,265.3347799794867,282.5888021190877,215.72974445968424,-3.7694124671880083,-12.420000419948963,-8.650587952760954,0,,,-62.51603480023178,-57.81330686662198,,,,,,,35.23755709839291,,,30.898020744957172,34.43823151408574,,,,,60,100,-40,,,,,,-57.81330686662198,,,,,,1078.5933990058593,666.6853513510035,1078.5933990058593,-0.19512303197046083
2022-06-21,250.255,267.98,249.51,267.7,260.0283425604086,265.80782398358934,282.0049275261823,216.24686143023465,-2.4079717742821494,-11.66055267061364,-9.25258089633149,0,,,-56.61477835010714,-58.51481165784363,,,,,,,44.84083147923551,,,32.224978242231586,33.30822666004405,,,,,60,100,-40,,,,,,-58.51481165784363,-107,,,,,933.3945991866121,557.2880147417302,933.3945991866121,-0.15150562787617688
2022-06-27,268.205,268.3,252.9,259.58,242.6227466632365,264.5622591868715,281.12551860358695,216.6780369383915,-1.862262680395137,-11.580409246825411,-9.718146566430274,0,,,-52.51796024747702,-57.216257799271965,,,,,,,42.10177919159287,,,36.336985185747025,32.793377542935445,,,,,60,100,-40,,,,,,,,,,,,941.8683084254101,576.8720120614156,941.8683084254101,-0.10780269073480152
2022-07-05,256.16,269.055,254.74,267.66,240.7704076158625,265.1818073494972,280.5974590505051,217.18532015293488,-0.8183546946771934,-10.741089934776767,-9.922735240099573,0,,,-45.31188022501942,-51.48153960753451,,,,,,,45.67873812097231,,,54.747983965640046,45.12957264606445,,,,,60,100,-40,,,,,,,,,,,,793.3467978026083,478.3498280502491,793.3467978026083,-0.04627047663077923
2022-07-11,265.65,266.53,245.94,256.72,241.35037850044372,263.4894458795978,279.66108810734806,217.57870005191066,-0.7288554467902237,-10.833804548587352,-10.104949101797128,0,,,-46.999916807361295,-48.27658575995256,,,,,,,41.8833338141832,,,62.69094309575193,57.40721857631953,,,,,60,100,-40,,,,,,,,,,,,724.5564709294068,406.83167749565837,724.5564709294068,-0.09931881753811998
2022-07-18,259.75,265.33,253.3,260.36,238.04106575041206,262.8635567036782,278.90418269137365,218.00438462850857,-0.31013005681350236,-10.492611672814007,-10.182481616000505,0,,,-43.731758026080065,-45.34785168615358,,,,,,,43.573287733173004,,,75.60920402167632,70.88986773593815,,,,,60,100,-40,,,,,,,,,,,,611.9098398513328,311.95319067826597,611.9098398513328,-0.05903355428788036
2022-07-25,260.995,282,249.57,280.74,244.9531324825255,266.4388453629426,278.97617552700603,218.6286196073294,1.3620121654412998,-8.47996640919888,-9.84197857464018,0,,,-26.53514194811301,-39.08893892718478,,,,,,,52.03343114622277,,,81.4061385083435,77.77887123482147,,,,,60,100,-40,,,,,,,,,,,,517.017141696545,217.96170146403574,517.017141696545,-0.0070017620425543185
2022-08-01,277.82,283.8,272.38,282.91,245.04648016234512,269.73307629035406,279.13044315339795,219.26823533262962,2.5668913577227723,-6.633364377486714,-9.200255735209486,0,,,-6.0325600544231115,-25.43315334287205,,,,,,,52.84889093687559,,,90.66218978579768,86.67158141521885,,,,,60,100,-40,,,,,,,,,,,,399.3776613880823,130.15048301602923,399.3776613880823,-0.03574324536759856
2022-08-08,284.05,291.91,277.61,291.91,255.1195887221776,274.16846103228323,279.63160224542156,219.99103896116065,3.845761556219923,-4.393053789934584,-8.238815346154507,0,,,12.201825086499937,-6.788625638678714,,,,,,,56.194945399823645,,,96.61436732304034,93.22873464608068,,,,,60,100,-40,,,,,,,,,,,,279.49081386297644,29.214031558569395,279.49081386297644,-0.027236264038028996
2022-08-15,291,294.18,285.56,286.15,255.70461809916492,276.5647688258266,279.8872256867776,220.6493370809501,4.153253408478062,-3.047248585556929,-7.200501994034991,0,,,24.140346688164286,10.103203906747051,,,,,,,53.559698581457575,,,96.84125798441755,97.0838285313029,96.84125798441755,,,,60,100,-40,,,,,,,,,,,,272.3106658878898,35.72057127519315,272.3106658878898,-0.049593437905227675
2022-08-22,282.08,282.46,267.98,268.09,257.05928823493883,274.86981506066127,279.4245893853353,221.12138347815457,3.041361531445907,-3.3988000797276072,-6.440161611173514,0,,,18.744494989628862,18.362222254764376,,,,,18.362222254764376,,46.20053557088568,,,87.10049621904881,92.69991996890745,,,,,60,100,-40,,,,,,,,,,,,310.98145390827347,77.40774013424894,310.98145390827347,-0.039579921713133424
2022-08-29,265.85,267.4,254.47,256.06,256.9529105038718,271.107852048529,278.50833097806725,221.46903140374508,1.4760032751213368,-4.5951575172718435,-6.07116079239318,0,,,2.6452939145623553,15.176711864118516,,,,,,,42.03290083121426,,,69.4206650027625,79.23527247806184,,,,,60,100,-40,,,,,,15.176711864118516,,,,,,403.5302804704056,148.78815101893093,403.5302804704056,-0.03207349803691499
2022-09-06,256.2,265.23,251.94,264.46,257.5041311821667,269.7782816388232,277.9574160377509,221.89680223554862,1.0089105055544172,-4.810022660450159,-5.818933166004576,0,,,-7.388863365288177,4.666975179634361,,,,,,,45.73571956949981,,,54.914358107623514,62.73396155297508,,,,,60,100,-40,,,,,,,,,,,,356.5247749303319,126.28121447003437,356.5247749303319,0.03877335081792029
2022-09-12,265.78,267.45,242.0627,244.74,258.0631218120119,264.77062531105855,276.6547722715646,222.1240977356924,-0.5421771767125341,-6.496654636895244,-5.9544774601827095,0,,,-20.57256238431627,-8.438710611680683,,,,,,,39.343982086223654,,,41.55699714444101,47.45370161965428,,,,,60,100,-40,,,,,,,,,,,,603.5202703975442,311.502811839119,603.5202703975442,0.019090084473481247
2022-09-19,242.465,247.66,235.2,237.92,256.85399882543965,259.4005002488468,275.1357615942483,222.2812708925512,-1.86689769572859,-8.288099579843447,-6.421201884114857,0,,,-34.48414739932642,-20.815191049643605,,,,,,,37.38641435000501,,,29.94049074033088,35.65900720304035,,,,,60,100,-40,,,,,,,,,,,,1180.1529485070816,691.2295733229156,1180.1529485070816,0.03098184605761771
2022-09-26,237.045,242.33,232.73,232.9,257.5779989093368,254.10040019907746,273.4794572180033,222.3869298886452,-2.861164791321057,-9.997657873266178,-7.136493081945121,0,,,-43.915530393037656,-32.9907467255601,,,,,,,35.95970327316836,,,14.514548739106253,22.227841106265405,,,,,60,100,-40,,,,,,,,,,,,1268.3069578694303,754.6423781732944,1268.3069578694303,-0.01798431225597341
2022-10-03,235.41,250.58,233.17,234.24,258.65885613009846,250.12832015926196,271.94065497416,222.5048708847781,-3.1837874437649463,-11.116227386651303,-7.932439942886357,0,,,-47.031629492070294,-41.81043576147811,,,,,,,36.65869559994665,,,6.012161804323072,10.761888564553653,,,,,60,100,-40,,,,,,,,,,,,1285.8875109840797,783.7983094145137,1285.8875109840797,-0.038714239995905224
2022-10-10,233.05,237.24,219.13,228.56,258.50822354937713,245.81465612740956,270.2394528183106,222.56512092572558,-3.50926746301041,-12.319024271649369,-8.809756808638959,0,,,-53.2424835881522,-48.063214491086704,,,,,,,34.90900143903143,,,2.1855719320682536,3.1087088200440163,,2.1855719320682536,,,60,100,-40,,,,,,,,,,,,1222.089781714247,714.9258895209658,1222.089781714247,-0.09152739134128879
2022-10-17,235.82,243.93,234.29,242.12,258.3069218672788,245.07572490192766,269.13672917837687,222.75969683691238,-2.583626041719679,-12.039289360788558,-9.45566331906888,0,,,-49.76886589945508,-50.01432632655917,,,,,,,42.061031833756836,,,9.203144239112584,5.232789641602538,,,,,60,100,-40,,,,,,-50.01432632655917,,,,,,1228.073457766202,703.1211823353357,1228.073457766202,-0.06423678937534741
2022-10-24,243.76,251.04,225.78,235.87,258.5114274481874,243.23457992154212,267.83215156353856,222.89014761465455,-2.180668906470064,-12.181499452156459,-10.000830545686394,0,,,-48.06976722933723,-50.36037223898148,,,,,,,39.87340054229873,,,15.901034340501923,11.559500640429741,,,,,60,100,-40,,,,,,,,,,,,1017.5146472632562,559.8264219107291,1017.5146472632562,-0.034980428026443466
2022-10-31,233.76,235.74,213.431,221.39,251.52846834474542,238.8656639372337,266.0108907179096,222.87522077271768,-2.6466930221960894,-13.309196823431506,-10.662503801235417,0,,,-54.14366573313823,-50.66076628731017,,,,,,-50.66076628731017,35.26932910431249,,,19.432542167919273,18.070287803258818,,,,,60,100,-40,,,,,,-50.66076628731017,,,-106,,,1018.8756204881188,541.6761633815056,1018.8756204881188,-0.04613160248494528
2022-11-07,221.99,247.99,221.28,247.11,232.7358634629779,240.51453114978696,265.26967931720725,223.11636285458118,-1.0614455626159387,-11.98931075450534,-10.927865191889401,0,,,-46.919555027069656,-49.71099599651503,,,,,,,47.03711860758397,,,25.918379807656805,23.21853104711686,,,,,60,100,-40,,,,,,-49.71099599651503,,,,,,864.534598581188,415.00777003941374,864.534598581188,-0.02760967590066224
2022-11-14,241.985,247,237.63,241.22,227.81544464419375,240.65562491982956,264.3265546381011,223.29649854757042,-0.2884592148272951,-11.288439210423519,-10.999979995596224,0,,,-37.763770552578535,-46.275663770928794,,,,,,,45.007224192627525,,,34.19567585381196,29.451094202100098,,,,,60,100,-40,,,,,,,,,,,,795.528307930063,354.097266395884,795.528307930063,-0.0332043737868625
2022-11-21,241.43,248.7,240.71,247.49,229.0786271696085,242.02249993586366,263.66629759346966,223.53722990530605,0.7115766314753529,-10.110509206252033,-10.822085837727386,0,,,-26.331380224936805,-37.00490193486165,,,,,,,47.61433535702556,,,59.073989243521126,46.42661614019071,,,,,60,100,-40,,,,,,,,,,,,694.5231610336879,268.8068543239051,694.5231610336879,-0.04015668045990652
2022-11-28,246.08,256.12,238.21,255.02,221.02443951463647,244.62199994869093,263.32722709960814,223.8504912992831,1.8802876025527553,-8.471726334536442,-10.352013937089197,0,,,-13.147477768254639,-25.747542848589983,,,,,,,50.657758402306584,,,75.32373654342103,65.32727323480437,,,,,60,100,-40,,,,,,,,,,,,602.7916772093811,203.56924444683145,602.7916772093811,0.0026298298319688516
2022-12-05,252.01,253.819,242.205,245.42,220.89412240644816,244.78159995895274,262.6249828996235,224.06511327640467,1.9959729767656889,-7.857047716132087,-9.853020692897775,0,,,-6.115426116724768,-15.198094703305392,,,,,,,46.894932342063726,,,87.84733732160709,83.18405921052586,87.84733732160709,,,,60,100,-40,,,,,,,,,,,,651.3750086258573,208.37483636558932,651.3750086258573,-0.023059251574229493
2022-12-12,247.445,263.915,243.51,244.69,221.50097080598758,244.7632799671622,261.92165023689313,224.27033602987328,2.0070913407874205,-7.3441565169135,-9.35124785770092,0,,,3.5142499455701692,-5.249551313136396,,,,,,,46.60972647035388,,,85.93312535597678,87.4242664991699,,,,,60,100,-40,,,,,,,,,,,,826.5795525120652,295.0339570263913,826.5795525120652,-0.1553334034400888
2022-12-19,244.86,245.615,233.87,238.73,220.98018717698847,243.55662397372976,261.012173757015,224.41421328330736,1.613745336681843,-7.3340661868486166,-8.94781152353046,0,,,-4.893695714166878,-2.498290628440476,,,,,,,44.23047857871698,,,77.1528351394652,82.8145674811006,,,,,60,100,-40,,,,,,-2.498290628440476,,,,,,856.2923611462351,292.30051029432013,856.2923611462351,-0.1934195473017826
2022-12-27,238.7,241.92,234.17,239.82,221.73374523577502,242.8092991789838,260.181108119485,224.5675046934237,1.4337452277847529,-7.155629988799518,-8.589375216584271,0,,,-11.91344680902975,-4.430964192542137,,,,,,,44.788861575850554,,,70.77123454035322,74.36888902282998,,,,,60,100,-40,,,,,,,,,,,,786.0573863923743,253.7004175135347,786.0573863923743,-0.22332627663261187
2023-01-03,243.08,245.75,219.35,224.93,223.00419200464822,239.23343934318703,258.79871172264245,224.5711116118971,0.37382803275474785,-8.122090175640835,-8.495918208395583,0,,,-26.044328469972747,-14.283823664389777,,,,,,,39.00884984978866,,,57.241837413925055,63.28708942088909,,,,,60,100,-40,,,,,,,,,,,,646.7742252301243,198.48215978380114,646.7742252301243,-0.22242528409086787
2023-01-09,226.45,239.9,226.41,239.23,221.51960686145907,239.23275147454962,258.03131126293096,224.71697119784838,0.6799440428902948,-7.645988154782714,-8.325932197673009,0,,,-28.969111898550516,-22.308962392517657,,,,,,,46.22847274259511,,,56.5474009164475,57.866241824433125,,56.5474009164475,,,60,100,-40,,,,,,,,,,,,469.17891155191995,110.57631255038277,469.17891155191995,-0.14142891460901288
2023-01-17,237.97,242.38,230.68,240.22,221.77392065706914,239.43020117963968,257.3328284683062,224.8712301909046,0.9752532590532574,-7.106865623856436,-8.082118882909693,0,,,-27.02618206980931,-27.34654081277751,,,,,,,46.701648763771416,,,57.00008944427289,55.106331075992166,,,,,60,100,-40,,,,,,-27.34654081277751,,,,,,357.51001854247994,63.1988011775859,357.51001854247994,-0.08279453278524278
2023-01-23,241.1,249.83,230.9,248.16,222.47721203870705,241.17616094371175,256.97310970484324,225.10295924373142,1.6896183531119018,-5.970095941519816,-7.659714294631717,0,,,-16.123198714753606,-24.039497561037795,,,,,,,50.48724962626073,,,74.00278369641583,65.53199380346179,,,,,60,100,-40,,,,,,,,,,,,258.87183335293815,17.162655508933895,258.87183335293815,-0.050380306122490275
2023-01-30,244.51,264.69,242.2,258.35,225.42741117879942,244.6109287549694,257.02710540269254,225.43377556966445,2.7689301158995407,-4.198551649757292,-6.967481765656832,0,,,6.337457226413758,-12.270641186049701,,,,,,,54.93719851584171,,,84.4895571688692,77.58663393491547,,,,,60,100,-40,,,,,,,,,,,,130.89513637967667,-59.594190947235894,130.89513637967667,0.011935088186031683
2023-02-06,257.44,276.76,254.78,263.1,229.3161675231709,248.3087430039755,257.26525813199873,225.80856387245385,3.666925031371992,-2.3838254764418423,-6.050750507813834,0,,,26.52018013104805,5.5781462142360825,,,,,,,56.893614109134155,,,95.33374226936292,91.13338463272964,,,,,60,100,-40,,,,,,,,,,,,136.18692976518997,-45.12251986592027,136.18692976518997,0.023568918287632745
2023-02-13,267.64,274.97,256,258.06,228.589298414373,250.2589944031804,257.2964244797635,226.12947368466823,3.7710670896389527,-1.3369166457651431,-5.107983735404096,0,,,36.256072104567906,23.03790315400992,,,,,,,54.18930967892688,,,95.40530082805125,95.4342954912304,95.40530082805125,,,,60,100,-40,,,,,,,,,,,,108.69839708060996,-57.82751625393473,108.69839708060996,0.026192110814632484
2023-02-21,254.48,256.84,248.1,249.22,228.34434852763206,250.0511955225443,256.97970195114533,226.35923016541778,3.121076110501228,-1.2066385972775606,-4.327714707778789,0,,,31.717376805390234,31.49787634700208,,,,,,,49.700448265085825,,,87.68238060328707,92.56879181936061,,,,,60,100,-40,,,,,,,,,,,,192.57141579322635,11.777486701326119,192.57141579322635,0.04215160470353247
2023-02-27,252.46,255.62,245.61,255.29,229.40403791851548,251.09895641803544,256.9134391295318,226.64709852198078,2.976890558425379,-0.6066015097470654,-3.5834920681724443,0,,,28.85183676406969,32.27509522467596,,,,,,,52.6199999507973,,,80.00335446120565,84.54474611862423,,,,,60,100,-40,,,,,,32.27509522467596,,,,,,148.46752201263973,-21.272965426187724,148.46752201263973,0.08059266129790968
2023-03-06,256.425,260.12,247.6,248.59,230.38089235290724,250.59716513442837,256.5870297519031,226.86543585012026,2.335555991150259,-0.6640470792346207,-2.9996030703848797,0,,,26.24621730374258,28.938476957734185,,,,,,,49.204861719084846,,,70.79955547215975,74.96426078383003,,70.79955547215975,,,60,100,-40,,,,,,,,,,,,527.8370634648871,240.77666465130096,527.8370634648871,0.020948581037869115
2023-03-13,247.4,283.33,245.73,279.43,247.25940004198526,256.3637321075427,257.48283250673046,227.3884663391738,3.8066297654737475,1.7586841364573047,-2.047945629016443,0,,,43.24507439165056,32.78104281982095,,,,,,,61.624591092860754,,,76.4929267861448,73.77066663414155,,,,,60,100,-40,,,,,,32.78104281982095,,,,,,670.0485064712713,316.99908926015536,670.0485064712713,0.09971059940614818
2023-03-20,276.98,281.06,269.5191,280.57,245.32587146755773,261.20498568603415,258.3882116241136,227.91763582833624,4.620543351454662,3.7277335603018855,-0.892809791152777,0,,,56.246613312961045,41.91263500278473,,,,,,,61.99669475469318,,,82.00780186415595,77.46641020673736,,,,,60,100,-40,,,,,,,,,,,,791.8578689310402,411.1810730310362,791.8578689310402,0.17089387441966697
2023-03-27,280.5,289.27,272.0451,288.3,253.92460921987507,266.6239885488273,259.5612229329719,228.5184553723329,5.389922219206021,5.844592982854749,0.45467076364872816,0,,,65.04745853331075,54.84638207930745,,,,,,,64.5235905636523,,,94.29406340995376,88.58812681990753,,,,,60,100,-40,,,,,,,,,,,,694.2473473072147,324.60269611630235,694.2473473072147,0.15865803488366848
2023-04-03,286.52,292.08,282.03,291.6,257.21929427559826,271.61919083906184,260.8176455630514,229.14613243330473,5.7960585030471465,7.699743892457661,1.9036853894105148,0,,,70.60371804204166,63.965929962771156,,,,,,,65.58198686462032,65.58198686462032,,97.75819892026243,95.51639784052485,97.75819892026243,,,,60,100,-40,,,,,,,,,,,,702.5660114331756,327.4022059133383,702.5660114331756,0.20379208106830093
2023-04-10,289.208,289.9,281.64,286.14,258.23934468448414,274.5233526712495,261.8106790703827,229.71323559317236,5.380977912570993,8.629907780124256,3.2489298675532634,0,,,70.3901208307473,68.6804324686999,,,,,,,62.25301697144066,,,96.61624283120894,98.30812141560448,,,,,60,100,-40,,,,,,,,,,,,708.4631002635074,354.2381684745496,708.4631002635074,0.18644882038438368
2023-04-17,289.93,291.755,283.0608,285.76,259.19939149273523,276.7706821369996,262.74986812644613,230.27091484100148,4.784863100399351,9.230008743052451,4.445145642653101,0,,,68.89245284969259,69.96209724082719,,,,,,,62.01567212143389,,,92.04586160354881,94.75402186347776,,,,,60,100,-40,,,,,,69.96209724082719,,105,,,,691.469809306506,344.3766832973587,691.469809306506,0.13300187170986133
2023-04-24,282.09,308.93,275.37,307.26,275.93169210039696,282.8685457095997,264.4953634940365,231.03697538984724,5.491953682218197,11.310087745425847,5.8181340632076495,0,,,71.41530163315424,70.23262510453138,,,,,,,69.21074986122056,,,90.26881182748546,91.19992231135105,,90.26881182748546,,,60,100,-40,,,,,,70.23262510453138,,,,,,643.9298439780503,317.2172863342025,643.9298439780503,0.21003818946541275
2023-05-01,306.97,311.97,303.4,310.65,276.7651426646543,288.42483656767973,266.3053492393684,231.82914478895324,5.810546135907818,13.081316733092422,7.270770597184604,0,,,75.68124559696696,71.99633335993792,,,,,,,70.17574256247228,,,92.72145851241096,91.02957992801542,,,,,60,100,-40,,,,,,,,,,,,562.3062359820412,252.26868881889294,562.3062359820412,0.3166615466772727
2023-05-08,310.13,313,306.09,308.97,277.9612039028933,292.5338692541438,267.9784727986089,232.59671548757063,5.532135380922128,14.185939823337264,8.653804442415137,0,,,76.05769888893491,74.38474870635203,,,,,,,69.01446316672445,,,96.23494749834657,94.05523335927988,,,,,60,100,-40,,,,,,,,,,,,617.3414658034883,300.9471090336397,617.3414658034883,0.3176264084607087
2023-05-15,309.095,319.04,307.59,318.34,286.9989750526866,297.695095403315,269.95343464964384,233.44988249764455,5.586705662057341,15.637186519986813,10.050480857929472,0,,,76.29544023618313,76.01146157402832,,,,,,,71.83098887969523,,,97.74777421397877,97.08088679054431,,,,,60,100,-40,,,,,,,,,,,,501.4611992937631,215.32036193661435,501.4611992937631,0.3372299363796156
2023-05-22,318.6,333.4,312.61,332.89,302.15190540606613,304.734076322652,272.4215352516186,234.43933640314063,6.164963607705522,17.756685367561374,11.591721759855853,0,,,78.29022163270064,76.88112025260621,,,,,,,75.56706595324638,,,98.41466163741325,98.41466163741325,,,,,60,100,-40,,,,,,,,,,,,442.104617603988,164.35302340268447,442.104617603988,0.4197010044030039
2023-05-30,335.23,337.5,324.72,335.4,303.8874835913471,310.8672610581216,274.8912789672414,235.4439201205223,6.258729727447035,19.415133919164646,13.15640419171761,0,,,79.11123978747477,77.89896721878617,,,77.89896721878617,,77.89896721878617,,76.15802752671323,76.15802752671323,,99.47155387913776,98.9431077582755,99.47155387913776,,,,60,100,-40,,,,,,,,,,,,330.81286894871744,82.65247369310543,330.81286894871744,0.4091366331845001
2023-06-05,335.22,338.5599,322.5,326.79,304.31266333482233,314.0518088464973,276.9265229293104,236.35283633822854,5.3199930492265715,19.806395503250826,14.486402454024255,0,,,76.12160725145051,77.84102289054196,,,,,,,69.87728250173805,,,95.34882310769584,97.27807696320122,,,,,60,100,-40,,,,,,77.84102289054196,,105,,,,246.11962004895065,23.988387567086242,246.11962004895065,0.36176306223054017
2023-06-12,328.58,351.47,325.16,342.33,311.1689159537636,319.70744707719786,279.49136516737667,237.4073354791417,5.312384988921295,21.126883690175873,15.814498701254578,0,,,75.82218027743181,77.0183424387857,,,,,,,74.06014002841906,,,92.40894524047121,94.55936493328322,,,,,60,100,-40,,,,,,,,,,,,163.18878004005057,-45.82768289965671,163.18878004005057,0.3271265157772194
2023-06-20,339.31,342.08,332.07,335.02,309.6361362427805,322.76995766175827,281.66895869022466,238.37860577288157,4.418447516250865,21.33755809656816,16.919110580317295,0,,,72.33596057411606,74.75991603433279,,,,,,,69.1657509695768,,,81.87249948841173,86.85577344416828,,,,,60,100,-40,,,,,,,,,,,,212.60900185095045,-14.768104190628186,212.60900185095045,0.29590010810508893
2023-06-26,333.72,342.73,328.49,340.54,310.50569793972477,326.32396612940664,283.9776269768825,239.39513705872355,3.824547709574155,21.699795217284986,17.87524750771083,0,,,68.60593922295116,72.25469335816634,,,,,,,70.74723458003889,,,76.81875273917133,80.19631413966427,,,,,60,100,-40,,,,,,,,,,,,135.77100151441408,-80.2648125196049,135.77100151441408,0.34987582119897753
2023-07-03,339.19,342.99,334.7276,337.22,310.74457665831585,328.5031729035253,286.06556317386753,240.36851877953228,2.876973842480929,21.471464810811995,18.594490968331066,0,,,64.98038712537539,68.64076230748087,,,,,,,68.45939540870317,,,66.16850043134163,70.66685443350421,,,,,60,100,-40,,,,,,,,,,,,128.35809214815697,-72.94393751604036,128.35809214815697,0.3995783513143283
2023-07-10,334.6,351.43,327,345.24,314.7303354684361,331.8505383228202,288.3861293239119,241.41201610510907,2.4745324163817664,21.687656488808273,19.213124072426506,0,,,62.45870775902611,65.34834470245089,,,,,,,70.92034994051593,70.92034994051593,,66.2959457142477,66.9258072990882,,,,,60,100,-40,,,,,,,,,,,,83.20207539394666,-106.04503978585122,83.20207539394666,0.4486997357846811
2023-07-17,345.678,366.78,339.83,343.77,313.4195972206907,334.2344306582562,290.5580458210134,242.4305035070483,1.8235964983333055,21.492619695343137,19.66902319700983,0,,,63.48941544430791,63.64283677623646,,,,,,,69.8383367959965,,,63.90143707154982,63.78477617542146,,,,,60,100,-40,,,,,,,,,,,,46.256243504138155,-133.12775982478735,46.256243504138155,0.33296284200322507
2023-07-24,345.85,351.89,329.05,338.37,311.8424831334985,335.06154452660496,292.4330244162678,243.38512536269954,0.796072419215264,20.66411372102891,19.868041301813648,0,,,57.24524890111791,61.064457368150634,,,,,,,65.84077546484826,,,52.02526584843119,58.433678448486944,,,,,60,100,-40,,,,,,,,,,,,33.300562867022094,-140.74089440209875,33.300562867022094,0.34605324845658697
2023-07-31,336.92,338.54,325.95,327.78,310.9651629096772,333.60523562128395,293.8191803215122,244.2248753590906,-0.746653398691695,18.93472455344903,19.681377952140725,0,,,45.22956519821119,55.32140984787899,,,,,,,58.7020772383079,,,32.71041335588758,43.7639444819572,,,,,60,100,-40,,,,,,,,,,,,52.700460527563564,-124.2425499653535,52.700460527563564,0.2643222914600736
2023-08-07,328.37,331.11,319.21,321.01,311.61479413041457,331.08618849702714,294.88548697557053,244.9889064500449,-2.2859401988353873,16.82395270359649,19.109892902431877,0,,,30.24736386905507,44.240725989461374,,,,,,,54.60204027577411,,,11.212289246365573,22.424578492731147,,,,,60,100,-40,,,,,,,,,,,,138.57310406800656,-78.92572269892557,138.57310406800656,0.18322152485904997
2023-08-14,321.39,325.09,311.5508,316.48,312.31659454967064,328.1649507976217,295.73233062358736,245.7002606147211,-3.5942178445927517,14.617120596690938,18.21133844128369,0,,,14.717926962241885,30.064952009836038,,,,,,,51.970772112349096,,,3.609480371636333,7.218960743272668,,,,,60,100,-40,,,,,,,,,,,,285.19617605564173,2.6971359736063505,285.19617605564173,0.13093286210996746
2023-08-21,317.93,332.98,317.04,322.98,312.73409493897987,327.12796063809736,296.80086667756433,246.46921324542038,-3.9770205703426456,13.240062728355383,17.21708329869803,0,,,8.180490591965746,17.715260474420887,,,,,,,55.31786250792503,,,3.2524459539888926,1.6262229769944456,,3.2524459539888926,,,60,100,-40,,,,,,,,,,,,383.3423258637069,61.29765670567792,383.3423258637069,0.08584931346081029
2023-08-28,325.66,331.99,321.722,328.66,312.6988024433385,327.4343685104779,298.0502444549148,247.28703201909778,-3.8029524442073246,12.463392743438874,16.2663451876462,0,,,6.021951369981937,9.640122974729847,,,,,,,58.08319343272328,,,9.988884447513122,6.2141094565023955,,,,,60,100,-40,,,,,,,,,,,,315.46190297939654,26.516264577372866,315.46190297939654,0.09480764346765651
2023-09-05,329,336.16,328.66,334.27,313.55631655452856,328.8014948083823,299.47062702531025,248.152534188062,-3.2847729338862255,12.160379020288417,15.445151954174642,0,,,10.828145206053179,8.343529056000287,,,,,,,60.686534843043844,60.686534843043844,,21.271302860481462,15.296233522617527,,,,,60,100,-40,,,,,,8.343529056000287,,,,,,422.65064789223345,87.1496710178505,422.65064789223345,0.12551323536281117
2023-09-11,337.24,340.86,329.65,330.22,314.7480082292051,329.08519584670586,300.67648478902356,248.96912588768328,-3.187066871205918,11.461318365167244,14.648385236373162,0,,,14.9575485042701,10.60254836010174,,,,,,,57.87534114692154,,,27.77972117435931,24.142368496396966,27.77972117435931,,,,60,100,-40,,,,,,,,,,,,494.89598463910005,124.94063992369587,494.89598463910005,0.01252787020582235
2023-09-18,327.8,330.4,315,317.01,315.32457906997615,326.6701566773647,301.31701479729713,249.6461495106914,-3.9353331633327944,9.72921878220717,13.664551945539964,0,,,1.0777498480923065,8.954481186138528,,,,,,,49.73455144295009,,,24.798629904965267,27.065176465149392,,,,,60,100,-40,,,,,,8.954481186138528,,,,,,650.3694419774455,224.95143266484206,650.3694419774455,-0.0543318446712507
2023-09-25,316.59,319.47,309.45,315.75,315.26139485069217,324.48612534189175,301.88301421701095,250.30389926680394,-4.403022679823728,8.160773595760304,12.563796275584032,0,,,-13.924119648348924,0.7037262346711609,,,,,,,49.02203621225942,,,15.024439922823529,20.99950926068746,,,,,60,100,-40,,,,,,,,,,,,639.393179799728,227.68753581668898,639.393179799728,-0.03511751787170929
2023-10-02,316.28,329.19,311.215,327.26,314.5012952184998,325.0409002735134,302.87819013006936,251.06963161240787,-3.8453481054679344,7.757111143749114,11.602459249217048,0,,,-15.604656342945566,-9.483675381067394,,,,,,,55.35204615503608,,,11.693073131008298,13.741900047939332,,11.693073131008298,,,60,100,-40,,,,,,,,,,,,725.8671471088685,290.835256577291,725.8671471088685,-0.04550418594531204
2023-10-09,324.75,333.83,323.18,327.73,308.62405984574985,325.5787202188107,303.8527709092823,251.8324213476078,-3.3700120886548355,7.389944138398505,10.75995622705334,0,,,-8.340271559228782,-12.623015850174426,,,,,,,55.595955856149196,,,16.220233579593515,12.783520989555972,,,,,60,100,-40,,,,,,-12.623015850174426,,,,,,852.0731203618016,382.501573563238,852.0731203618016,-0.11562493241172296
2023-10-16,331.05,336.88,325.45,326.67,305.1273412853391,325.79697617504854,304.7475642069575,252.5770738715122,-3.0611622704111063,6.933503389039458,9.994665659450565,0,,,-0.544898917759677,-8.163275606644676,,,,,,,54.863666943968944,,,24.177772645755958,19.41418441880506,,,,,60,100,-40,,,,,,,,,,,,1053.5143712051104,512.9558329153766,1053.5143712051104,-0.190102739415332
2023-10-23,325.47,346.2,324.39,329.81,305.5761026221006,326.59958094003883,305.7304048262925,253.34556069866133,-2.5978419978214813,6.747363162173713,9.345205159995194,0,,,10.593827708608075,0.5695524105398716,,,,,,,56.69417426428104,,,30.780871732361792,27.540012626765375,,,,,60,100,-40,,,,,,,,,,,,1259.2390309859993,636.9638632943991,1259.2390309859993,-0.19851673813261161
2023-10-30,333.41,354.39,331.83,352.8,323.03995243480773,331.83966475203107,307.5762713036928,254.33515710961993,-0.7892890171444762,8.358593888564599,9.147882905709075,0,,,30.19691321469074,13.415280668513043,,,,,,,67.23412160587998,,,48.72209142893601,40.10181864213427,,,,,60,100,-40,,,,,,,,,,,,1046.6501162612722,503.8795245135992,1046.6501162612722,-0.17919476039847024
2023-11-06,353.45,370.1,353.35,369.67,338.5242415466072,339.4057318016249,310.0113194878617,255.48276748663864,1.3788572744969834,10.871454498830303,9.49259722433332,0,,,50.09409106984123,30.294943997713347,,,,,,,72.5458753831494,,,69.48820440627952,57.58512596656376,,,,,60,100,-40,,,,,,,,,,,,1073.6228223955864,484.99233823839927,1073.6228223955864,-0.1095192660289234
2023-11-13,368.22,376.35,365.9,369.85,338.4575100075638,345.49458544129993,312.35793440990636,256.62074989970694,2.5904723719114973,12.730687689222691,10.140215317311194,0,,,61.49318177773534,47.2613953540891,,,,,,,72.5972241722976,,,89.78894117695552,79.57788235391102,,,,,60,100,-40,,,,,,,,,,,,899.327763778207,372.2664585586904,899.327763778207,-0.1532766867816915
2023-11-20,371.22,379.7899,371,377.43,346.7869735784521,351.88166835303997,314.9097801193218,257.8228319902571,3.605383884084251,14.646945172416508,11.041561288332257,0,,,67.93079709215745,59.839356646578004,,,,,,,74.75157169628893,74.75157169628893,,96.89854714099923,93.79709428199844,,,,,60,100,-40,,,,,,,,,,,,738.5408976367148,260.03619336620125,738.5408976367148,-0.1170548956349046
2023-11-27,376.78,384.3,371.31,374.51,347.55577546570555,356.40733468243195,317.24704364405426,258.98389833861273,3.76549919202777,15.74843527836697,11.9829360863392,0,,,69.84748824482618,66.423822371573,,,,,,,72.37693516424966,,,98.11754888586435,99.05877444293218,98.11754888586435,,,,60,100,-40,,,,,,,,,,,,580.6243707936757,150.02961275416467,580.6243707936757,-0.17232034483676925
2023-12-04,369.1,374.46,362.9,374.23,347.83393436101227,359.9718677459456,319.4816693835031,260.130625718328,3.5413475884322754,16.409620571879543,12.868272983447268,0,,,66.51554254507326,68.0979426273523,,,68.0979426273523,,68.0979426273523,,72.13887678168474,,,95.57477267487303,97.08146716963564,,,,,60,100,-40,,,,,,68.0979426273523,,105,,106,,455.96539428573465,60.93331952613472,455.96539428573465,-0.06385146569230069
2023-12-11,368.48,377.6361,364.13,370.73,348.28936762093997,362.1234941967565,321.491407839052,261.2311170047128,2.874531001636866,16.46143673549335,13.586905733856485,0,,,62.90699482990547,66.42334187326831,,,,,,,69.0627835948876,,,90.04267113120413,92.83243594282881,,,,,60,100,-40,,,,,,,,,,,,275.7898680519646,-59.236374933162494,275.7898680519646,-0.0504986105147109
2023-12-18,369.45,376.03,368.68,374.58,348.44139850515853,364.61479535740517,323.5733134139911,262.35896658675546,2.4277243980087952,16.62156123136748,14.193836833358684,0,,,60.301503131316565,63.24134683543176,,,,,,,70.55881329220242,,,86.99056672783503,88.82552948883999,,,,,60,100,-40,,,,,,,,,,,,115.64625567888015,-182.10248858167841,115.64625567888015,0.009639398496212705
2023-12-26,375,377.16,372.8116,376.04,349.46201289764724,366.89983628592415,325.63083053501106,263.4901211480813,1.9841806384980174,16.674062631481206,14.689881992983189,0,,,58.503583263018655,60.57069374141357,,,,,,,71.13230264010991,,,84.78081019632805,85.49253266976639,,,,,60,100,-40,,,,,,,,,,,,60.07420919181108,-204.44749065773692,60.07420919181108,0.05448181948477742
2024-01-02,373.86,375.9,366.5,367.75,350.83852626210097,367.06986902873933,327.28256267089296,264.52753287795116,0.9391886920071677,15.863867857992147,14.92467916598498,0,,,52.54771655802144,57.117600984118894,,,,,,,63.52112268177988,,,77.08095533672588,80.84665059079288,,,,,60,100,-40,,,,,,,,,,,,63.697080247845435,-182.72976508360296,63.697080247845435,0.03820181054358416
2024-01-08,369.3,390.68,369.01,388.47,362.41506010052234,371.34989522299145,329.68207001713245,265.760791257275,1.42121070485031,16.701192547047867,15.279981842197557,0,,,56.0676639835629,55.706321268201,,,,,,,71.71571942002775,,,75.65966490611946,77.17591940444687,,75.65966490611946,,,60,100,-40,,,,,,55.706321268201,,,,,,63.024883839146284,-176.77889870476605,63.024883839146284,0.0902866341534701
2024-01-16,393.66,398.67,384.81,398.67,371.20041295048503,376.8139161783932,332.38747903606844,267.08327094625736,2.160466043771123,17.98056439691146,15.820098353140338,0,,,62.808898371753514,57.14142630444595,,,,,,,74.74167903273332,,,76.80189294868748,75.26561409695647,,,,,60,100,-40,,,,,,,,,,,,121.56581405021065,-158.2736443948086,121.56581405021065,0.11988062256326266
2024-01-22,400.02,407.01,393.59,403.93,376.44252631116467,382.23713294271454,335.1930680934775,268.444929941817,2.7020138632216906,19.197615682167452,16.49560181894576,0,,,68.2081937289721,62.36158536142951,,,,,,,76.16616940170027,,,89.35171123548862,82.79625116979695,,,,,60,100,-40,,,,,,,,,,,,74.00839331380872,-190.40570905029793,74.00839331380872,0.12787218185292434
2024-01-29,406.06,415.32,397.21,411.22,383.7787744317958,388.0337063541716,338.1745164035372,269.8655774050825,3.2146450295328677,20.513908105861844,17.299263076328977,0,,,71.8845627658799,67.63388495553518,,,,,,,78.02676871782738,,,95.70755718359979,91.41511436719958,,,,,60,100,-40,,,,,,,,,,,,107.8250490749344,-160.3319437684256,107.8250490749344,0.2020693585254225
2024-02-05,409.9,420.82,402.91,420.55,392.48171911523895,394.5369650833373,341.40492752496715,271.36492489358915,3.8051400329539042,22.055688117521356,18.250548084567452,0,,,74.44002589221608,71.51092746235604,,,,,,,80.17280253968048,80.17280253968048,,99.31786188353004,98.63572376706009,99.31786188353004,,,,60,100,-40,,,,,,,,,,,,-10.870414393235492,-241.1806812650755,-10.870414393235492,0.2798644795409265
2024-02-12,420.555,420.74,403.39,404.06,391.92802489272185,396.44157206666983,343.8619891906547,272.6852738996231,2.757039093568359,21.696846951527903,18.939807857959543,0,,,71.68476895541525,72.66978587117042,,,72.66978587117042,,72.66978587117042,,67.54232527565784,,,83.99155052447583,91.9957752622379,,,,,60,100,-40,,,,,,72.66978587117042,,105,,,,-87.98488450355627,-284.6023755805163,-87.98488450355627,0.22482569966052396
2024-02-20,403.24,415.86,397.22,410.34,391.49388025752745,399.22125765333584,346.4689700067075,274.054972666791,2.183685500599843,21.669414733709345,19.485729233109502,0,,,67.37406756001279,71.16628746921471,,,,,,,69.52322631847585,,,66.58937934198696,77.2915211176719,,,,,60,100,-40,,,,,,,,,,,,-74.71490550290966,-271.9473982022406,-74.71490550290966,0.20702732420308645
2024-02-26,411.455,415.87,403.85,415.5,390.9064602391326,402.4770061226687,349.1760692221307,275.46238587408664,1.8614976453005099,21.81260128973514,19.95110364443463,0,,,64.892190462927,67.98367565945169,,,,,,,71.09356070074696,71.09356070074696,,47.90287344413481,56.92007756032134,,,,,60,100,-40,,,,,,,,,,,,-154.76674086601696,-322.5024167109241,-154.76674086601696,0.250279408284106
2024-03-04,413.44,417.35,398.39,406.22,391.3067130791946,403.225604898135,351.4130861153805,276.7634566614092,0.7878554330453369,20.935922935741303,20.148067502695966,0,,,59.29415487285155,63.853470965263774,,,,,,,64.60769736462473,,,37.81595400036095,42.60120372374303,,,,,60,100,-40,,,,,,,,,,,,-188.44551525401386,-341.1383409453016,-188.44551525401386,0.28107578993200294
2024-03-11,403.762,427.82,401.26,416.42,390.6869478592521,405.864483918508,353.96237685595383,278.1530740080618,0.5408706960857899,20.824155872803203,20.283285176717413,0,,,58.99174518795359,61.05936350791072,,,,,,,68.07565529472629,,,32.05942726819913,34.00880703533134,,,,,60,100,-40,,,,,,,,,,,,-84.1826942987386,-259.11318804615587,-84.1826942987386,0.33236010997752297
2024-03-18,414.25,430.82,413.78,428.74,397.21573729787696,410.4395871348064,356.8948326655243,279.6514513811159,0.9590268912294064,21.48206879075417,20.523041899524763,0,,,62.39397291761227,60.22662432613913,,,,,,,71.70366049879507,71.70366049879507,,31.371108623243934,31.470742256133406,,31.371108623243934,,,60,100,-40,,,,,,60.22662432613913,,,,,,-69.78584078987708,-245.6380629468548,-69.78584078987708,0.32301603075263136
2024-03-25,425.24,427.41,419.01,420.72,397.0331846337429,412.49566970784514,359.3977804041312,281.0551185315526,0.4719229996467966,21.112945649083258,20.64102264943646,0,,,61.75846012303643,61.04805940953408,,,,,,,66.38341960540987,,,33.42793504706411,32.0593481463874,,,,,60,100,-40,,,,,,,,,,,,-138.91568791899033,-296.43114241106304,-138.91568791899033,0.2580515536040923
2024-04-01,423.95,428.67,417.57,425.52,397.90795715990413,415.1005357662761,361.99080862357704,282.4925800387013,0.26002125657024777,20.966049220149273,20.706027963579025,0,,,60.76877125372558,61.64040143145808,,,61.64040143145808,,61.64040143145808,,67.9264211727907,,,34.026561708762316,33.53028008890497,34.026561708762316,,,,60,100,-40,,,,,,61.64040143145808,,105,,106,,-61.84010829735577,-233.44366197268798,-61.84010829735577,0.2969023755239041
2024-04-08,425.17,429.37,419.7,421.9,398.52453164848237,416.4604286130209,364.3401886775544,283.8797185457789,-0.3062182422365538,20.323255160783333,20.629473403019887,0,,,58.556260890187914,60.361164088983294,,,,,,,65.47118935379021,,,24.147332632437852,29.40350763530904,,,,,60,100,-40,,,,,,,,,,,,95.7671841203453,-111.90845070492654,95.7671841203453,0.2573823048473872
2024-04-15,426.6,426.82,397.77,399.12,399.30135081644795,412.9923428904167,365.7041028470621,285.0263880129851,-2.28691507690894,17.77082955688371,20.05774463379265,0,,,43.29937709327764,54.20813641239703,,,,,,,52.52774687030135,,,16.835944561766144,21.77147252042965,,,,,60,100,-40,,,,,,,,,,,,227.44587791664623,-7.0160051222126185,227.44587791664623,0.24891156857926203
2024-04-22,400.08,413,388.03,406.32,397.25411147241596,411.6578743123334,367.29688312756946,286.23328962479616,-3.1318690627805594,16.14290830531695,19.27477736809751,0,,,27.135469723995925,42.99703590248714,,,,,,,55.537522420605534,,,8.8516549660611,12.12372104119787,,,,,60,100,-40,,,,,,,,,,,,224.27390011361965,-0.2858223727194087,224.27390011361965,0.22168840994812652
2024-04-29,405.25,407.15,389.17,406.66,395.93596065295765,410.6582994498667,368.84053476962555,287.43156534992255,-3.6513185605426486,14.7106291674192,18.361947727961848,0,,,13.920098479665107,28.118315098979547,,,,,,,55.68126655520159,,,7.988109454671024,8.36405610084225,,7.988109454671024,,,60,100,-40,,,,,,,,,,,,141.67864554750702,-60.23385466858862,141.67864554750702,0.28356902164951414
2024-05-06,408.76,415.38,406.3701,414.74,395.7105348920321,411.4746395598934,370.6405137982677,288.69831594345567,-3.4372469386713185,14.065389054622699,17.502635993294017,0,,,14.244447250756126,18.433338484805706,,,,,,,59.08657793325655,,,12.630225934848447,9.613050892280254,,,,,60,100,-40,,,,,,,,,,,,107.73707362977845,-96.55497200157254,107.73707362977845,0.2888928224458011
2024-05-13,418.01,425.42,410.82,420.21,396.7826538283155,413.2217116479147,372.5844152179435,290.0068899141676,-2.9333703993416833,13.835922994116913,16.769293393458597,0,,,20.912304170400773,16.358949966940667,,,,,,,61.26913095318093,,,21.779732045209464,16.704756969083842,,,,,60,100,-40,,,,,,16.358949966940667,,,,,,77.23942387890965,-110.81770436492295,77.23942387890965,0.28302085408133126
2024-05-20,420.21,433.6,419.99,430.16,398.399607126293,416.60936931833174,374.8422812878281,291.40144822347935,-1.981674914608483,14.292199750197994,16.273874664806478,0,,,32.34983813246235,22.502196517873085,,,,,,,64.95333407307061,64.95333407307061,,36.47722010971001,28.86413707954294,,,,,60,100,-40,,,,,,,,,,,,101.37771044638058,-100.66903084402784,101.37771044638058,0.3363899427077485
2024-05-28,429.63,430.94,404.51,415.13,398.7239209029864,416.3134954546654,376.42219182556033,292.6325780919024,-2.3888332446862304,13.28783310894869,15.67666635363492,0,,,29.304964117630977,27.522368806831366,,,,,,,56.20440867665687,,,39.77217588686482,37.622340508735455,,,,,60,100,-40,,,,,,,,,,,,121.12721763794774,-87.82011614511369,121.12721763794774,0.28159417252604585
2024-06-03,415.525,426.28,408.9234,423.85,397.19364083848734,417.8207963637323,378.2821058716168,293.93822408103773,-2.1052367582090525,13.045120405873604,15.150357164082656,0,,,30.021970126226048,30.55892412543979,,,,,,,59.62270781821435,,,40.15756540770499,41.58186130507031,,,,,60,100,-40,,,,,,30.55892412543979,,,,,,188.19499624922994,-43.671004118729364,188.19499624922994,0.2620383181111931
2024-06-10,424.7,443.4,423.89,442.57,409.4788664928811,422.7706370909859,380.80319975900437,295.41714722451,-0.7605802327077473,14.199631873197973,14.96021210590572,0,,,44.872849337543705,34.733261193800246,,,,,,,65.82605699905041,,,40.053163934622575,40.19040216114475,,,,,60,100,-40,,,,,,34.733261193800246,,,,,,299.4322696584609,45.17826935740324,299.4322696584609,0.27284885539272025
2024-06-17,442.585,450.94,440.72,449.78,416.2596617433896,428.1725096727887,383.50817231747476,296.9530960083457,0.4458312577572592,15.517501178102293,15.071669920345034,0,,,57.703429278357895,44.199416247375886,,,,,,,67.88475126075524,,,53.01156883081043,46.168083220015234,,,,,60,100,-40,,,,,,,,,,,,382.2627660841953,88.7822203833299,382.2627660841953,0.2733386610056744
2024-06-24,449.8,456.17,446.41,446.95,417.1939716188617,431.928007738231,385.99608712855417,298.44560251572534,0.8606058703340604,16.14742725826261,15.28682138792855,0,,,64.32776088010267,55.63467983200142,,,,,,,66.18925234734235,,,67.56745185848398,58.7264709666685,,,,,60,100,-40,,,,,,,,,,,,389.1240813416142,69.91272576817899,389.1240813416142,0.17673795522131933
2024-07-01,448.66,468.35,445.66,467.56,435.90725936037165,439.05440619058476,389.19467194704225,300.12833283895196,2.2513791988565277,18.10104538649921,15.849666187642681,0,,,70.81755411099104,64.28291475648386,,,,,,,71.75496803775792,71.75496803775792,,80.99686990834451,74.56430675214852,,,,,60,100,-40,,,,,,,,,,,,412.0106120067753,96.29223017396463,412.0106120067753,0.26798930366129764
2024-07-08,466.55,467.7,450.645,453.55,434.92674083463083,441.95352495246783,391.7184103020602,301.6549165917982,1.9664841083024953,18.307771323020802,16.341287214718307,0,,,71.03267406202559,68.72599635103977,,,68.72599635103977,,68.72599635103977,,63.99699803806884,,,81.75560421462674,81.83726856102335,81.75560421462674,,,,60,100,-40,,,,,,,,,,,,220.73595527827067,-48.48817531221073,220.73595527827067,0.2173241492528066
2024-07-15,453.3,457.26,432,437.11,434.8212593464429,440.98481996197427,393.4984726431559,303.0027283670042,0.48668824903820607,16.949647526016065,16.46295927697786,0,,,61.044163377646136,67.63146385022092,,,,,,,56.26392784730179,,,67.77132542371116,76.16150594504823,,,,,60,100,-40,,,,,,67.63146385022092,,105,,,,211.51123613676697,-45.12668889180876,211.51123613676697,0.13876095313007322
2024-07-22,441.79,448.39,417.27,425.27,433.5511693931256,437.8418559695794,394.7444148924439,304.2193181344967,-1.3720229261947594,14.74793061923441,16.11995354542917,0,,,44.17141061480558,58.7494160181591,,,,,,,51.41654588195294,,,40.874388507794535,55.70096544654832,,,,,60,100,-40,,,,,,,,,,,,51.23646593008203,-180.558200002389,51.23646593008203,0.11941037988380913
2024-07-29,431.58,432.15,404.34,408.49,431.5346572936166,431.9714847756635,395.2834574456814,305.256837357039,-3.6829263109658434,11.516295656721866,15.19922196768771,0,,,22.523793848611923,42.57978928035454,,,,,,,45.40992355061349,,,18.23631257044375,30.475395403075584,,,,,60,100,-40,,,,,,,,,,,,232.8298357609762,-65.91125454740919,232.8298357609762,0.05167885202052141
2024-08-05,389.17,410.08,385.58,406.02,430.1350389155011,426.7811878205308,395.7044983301645,306.2594558907998,-5.234488734967126,8.6561110489788,13.890599783945927,0,,,1.7678639276650472,22.82102279702751,,,,,,,44.57944355656843,,,5.340840217808777,10.681680435617556,,,,,60,100,-40,,,,,,,,,,,,274.1335019862533,-23.018299175152954,274.1335019862533,0.05667052745687189
2024-08-12,407.06,421.34,404.2434,418.47,429.30825042153674,425.1189502564247,396.5972631015306,307.37597871775705,-5.264685486720756,7.309742925544981,12.574428412265737,0,,,-5.560283349216627,6.243791475686774,,,,,,,49.61148772628246,,,5.22121568652373,4.109915277714841,,5.22121568652373,,,60,100,-40,,,,,,,,,,,,233.3819561705709,-53.37860841603426,233.3819561705709,0.11245675709141337
2024-08-19,418.96,426.7899,412.09,416.79,429.5981468199984,423.45316020513974,397.3891351367647,308.4646754469336,-5.229481051818736,6.037577097492317,11.267058149311053,0,,,-8.726820680087847,-4.173080033879816,,,,,,,48.961610535996215,,,8.937231539242207,6.051744793454257,,,,,60,100,-40,,,,,,,,,,,,105.49432777592166,-147.3097705222099,105.49432777592166,0.07694310113166238
2024-08-26,416.365,422.05,407.31,417.14,430.2097220471414,422.1905281641118,398.1636788568916,309.5460219598994,-5.013660992120389,4.999981909160567,10.013642901280956,0,,,-13.129276344585506,-9.138793457963333,,,,,,,49.11205797528467,,,14.691727066137808,11.884672128159599,,,,,60,100,-40,,,,,,,,,,,,69.94990454393587,-175.98072133635353,69.94990454393587,0.11396240580640797
2024-09-03,417.91,419.88,400.8,401.7,430.77188475805985,418.09242253128946,398.3023581174056,310.4629769652735,-5.692201966181491,2.898390443554092,8.590592409735583,0,,,-21.411410552950116,-14.422502525874497,,,,,,,43.047769527039065,,,12.331093987379962,13.495922065976524,,,,,60,100,-40,,,,,,,,,,,,192.6862855359476,-90.34786291156202,192.6862855359476,0.13307372758211017
2024-09-09,407.24,431.83,402.15,430.59,430.673892989627,420.59193802503154,399.56854015201714,311.6582707268131,-4.053730153722396,3.5234297175825873,7.577159871304984,0,,,-16.021562438388322,-16.854083111974656,,,,,,,54.449005462658036,,,17.432633463694806,15.882578710072258,,,,,60,100,-40,,,,,,-16.854083111974656,,,,,,92.19786998395712,-157.5573423821871,92.19786998395712,0.1483008631852127
2024-09-16,430.6,441.85,428.22,435.27,429.0043292046537,423.52755042002525,400.96859740095766,312.8882381822677,-2.5846773845448965,4.346313140623863,6.93099052516876,0,,,-1.0372939599060853,-12.823422317081516,,,,,,,55.9949851552622,,,23.934971666647684,19.50472436484903,,,,,60,100,-40,,,,,,,,,,,,55.43462089596488,-195.2741892217894,55.43462089596488,0.09497397062500712
2024-09-23,434.28,436.46,426.1,428.02,415.8011628328927,424.4260403360202,402.0294367185672,314.03382785209584,-2.054277089917667,4.363144162771675,6.417421252689342,0,,,5.719171690164079,-3.7798949027101174,,,,,,,52.977457277924735,,,34.52517054885127,29.099562070866558,34.52517054885127,,,,60,100,-40,,,,,,,,,,,,26.26468982397128,-203.4061548178277,26.26468982397128,0.034674467540934964
2024-09-30,428.21,430.42,414.29,416.06,400.57750834482897,422.7528322688162,402.5796548864665,315.0490136446123,-2.4359095250633844,3.372534346360112,5.8084438714234965,0,,,0.8812162812310556,1.8543646704963417,,,,,,,48.32356425585061,,,33.19871800089164,33.6783584992664,,,,,60,100,-40,,,,,,1.8543646704963417,,,,,,1.489291674158295,-217.33230848731355,1.489291674158295,-0.01401350106741073
2024-10-07,416,420.38,408.17,416.32,399.0426863201983,421.46626581505296,403.11849194974235,316.05668515063604,-2.58377682095925,2.5787228452244335,5.162499666183684,0,,,-8.076960143163678,-0.4921907239228558,,,,,,,48.43025446074103,,,29.37729358331356,32.85611092399499,,,,,60,100,-40,,,,,,,,,,,,-50.59967044841599,-267.81734330780193,-50.59967044841599,-0.021575224399617506
2024-10-14,417.77,424.04,410.48,418.16,399.88606586875557,420.80501265204236,403.70835501053676,317.07263853222173,-2.470652349515415,2.074184229289415,4.54483657880483,0,,,-11.734401334357404,-6.3100483987633496,,,,,,,49.233804991946755,,,28.99651057763984,29.15264372510717,,28.99651057763984,,,60,100,-40,,,,,,,,,,,,-125.03609400324947,-315.48691725183795,-125.03609400324947,-0.004444587533330098
2024-10-21,416.12,432.52,413.7501,428.15,400.47634687813013,422.27401012163386,404.6668508924765,318.17788591001056,-1.674128389696202,2.452176091684578,4.12630448138078,0,,,-4.706074777316176,-8.172478751612427,,,,,,,53.49586487519548,,,42.00546138470873,34.687444110555525,,,,,60,100,-40,,,,,,-8.172478751612427,,,,,,-98.66589509356771,-286.30747775150377,-98.66589509356771,-0.008535587669409516
2024-10-28,431.655,438.5,406.3,410.37,400.28019352969227,419.8932080973071,404.89050379865387,319.09522037856766,-2.2594188193536935,1.3020309571886628,3.5614497765423563,0,,,-8.891447846093808,-8.443974652589137,,,,,,,46.04279803097734,,,45.11748174699733,42.09970489575727,,,,,60,100,-40,,,,,,-8.443974652589137,,,,,,-32.54482325837358,-226.06975452395758,-32.54482325837358,-0.10133173238304284
2024-11-04,409.8,426.85,405.5713,422.54,398.1794654204285,420.4225664778457,405.582640904589,320.12452166833316,-1.7636331428108827,1.3569083480287532,3.120541490839636,0,,,-12.112461582615463,-8.569994735341824,,,,,,,51.095087413707155,,,52.0463782857831,50.38787345716637,52.0463782857831,,,,60,100,-40,,,,,,,,,,,,-120.2639463023057,-322.2388900650561,-120.2639463023057,-0.10678405024684214
2024-11-11,422.515,429.325,413.64,415,397.7889750332551,419.33805318227655,405.95194910440904,321.0685562785985,-1.8700662884050478,0.7829586303333258,2.6530249187383736,0,,,-12.587880084472879,-11.197263171060726,,,,,,,48.07381255346379,,,43.189104182893686,47.054587519606144,,,,,60,100,-40,,,,,,,,,,,,78.87495302538625,-197.28636459868233,78.87495302538625,-0.11542372687458329
2024-11-18,414.87,419.78,410.2887,417,398.225476816594,418.8704425458212,406.38520600227537,322.02309800716966,-1.7352963512655202,0.48390447965647354,2.2192008309219937,0,,,-20.106600194884656,-14.935647287324342,,,,,,,48.941375426045774,,,46.62865770622554,46.57145484325804,,,,,60,100,-40,,,,,,,,,,,,-32.73867479741128,-286.8706619443765,-32.73867479741128,-0.11701235490224696
2024-11-25,418.38,429.0414,414.85,423.46,399.5156141868373,419.788354036657,407.054805766892,323.03242041505854,-1.167827985524686,0.7594158490161362,1.9272438345408223,0,,,-10.013283864449162,-14.235921381268907,,,,,,,51.76152853809491,,,46.46238945415932,44.73356508092323,,,,,60,100,-40,,,,,,-14.235921381268907,,,,,,-87.69527937970011,-329.25781431812624,-87.69527937970011,-0.07916352498818109
2024-12-02,421.57,446.1,421.31,443.57,408.3421560306346,424.5446832293256,408.4867741681904,324.23179931640124,0.5148725703901693,2.570834547528534,2.055961977138365,0,,,16.260296491832953,-4.619862522500289,,,,,,,59.33604407898725,,,62.04470255032844,54.74161987431133,,,,,60,100,-40,,,,,,,,,,,,-78.11431949248188,-314.8473026239214,-78.11431949248188,-0.009254197247885596
2024-12-09,442.6,456.1648,440.5,447.27,411.0170020284464,429.08974658346045,410.0076849851241,325.4560600197206,1.7599477518125028,4.255896666903993,2.4959489150914904,0,,,37.63110977925381,14.626040802212534,,,,,,,60.57011079643021,60.57011079643021,,78.43590363359783,68.60270158023415,,,,,60,100,-40,,,,,,,,,,,,45.17919314251479,-227.60233851048113,45.17919314251479,0.010543360677865654
2024-12-16,447.27,455.29,428.63,436.6,411.3686733121288,430.59179726676837,411.0505208680604,326.5619698702707,1.7443878223289278,4.67643369300265,2.9320458706737225,0,,,43.09148278481458,32.327629685300444,,,,,,,55.324773063207616,,,85.1165397154912,81.96249258607236,85.1165397154912,,,,60,100,-40,,,,,,,,,,,,182.41933984387578,-128.94736787221183,182.41933984387578,0.03137015101428237
2024-12-23,436.74,440.94,426.35,430.53,410.1244823612625,430.5794378134147,411.8144220104894,327.5964776327555,1.2290873459659988,4.468405053131221,3.239317707165222,0,,,38.66280219319916,39.79513158575585,,,,,39.79513158575585,,52.52166432021607,,,76.15127758909168,82.21056192751372,,,,,60,100,-40,,,,,,39.79513158575585,,,,,,159.25218714498925,-112.77511916817332,159.25218714498925,-0.022382385037542973
2024-12-30,426.06,427.55,414.85,423.35,410.6934479068866,429.1335502507318,412.2667976179212,328.5492489995938,0.35393313334904386,3.681734123851527,3.327800990502483,0,,,22.390303320738543,34.71486276625076,,,,,,,49.3195469758449,,,55.99392889250534,67.58760947014758,,,,,60,100,-40,,,,,,,,,,,,105.75178948226394,-120.45237022850546,105.75178948226394,-0.04637174273313363
2025-01-06,428,434.32,415.02,418.95,411.0660587706804,427.0968402005854,412.5288839858459,329.4487589597968,-0.5242869794685032,2.672442266166854,3.1967292456353573,0,,,11.196727581667,24.0832776985349,,,,,,,47.40098230228736,,,36.32540258616842,46.78576168446739,,,,,60,100,-40,,,,,,,,,,,,230.16055503094327,-7.642848368777209,230.16055503094327,-0.05353386127685028
2025-01-13,415.235,434.48,410.72,429.03,410.8949117156318,427.4834721604683,413.1759865746362,330.4396170795998,-0.43311626147327953,2.655333918793758,3.0884501802670377,0,,,5.101173602402967,12.896068168269496,,,,,,,52.032024284010596,,,28.0547100102008,31.593677955783534,,28.0547100102008,,,60,100,-40,,,,,,,,,,,,186.49499957077177,-30.79869411990863,186.49499957077177,-0.04050068091208222
2025-01-21,430.2,447.27,425.595,444.06,410.09884659308665,430.79877772837466,414.38712435602304,331.5701681534347,0.5777551248321351,3.8106440863072066,3.2328889614750715,0,,,18.716116273322484,11.67133915246415,,,,,,,58.00462043413921,,,37.94914511463469,31.569768945439225,,,,,60,100,-40,,,,,,11.67133915246415,,,,,,136.22318146699507,-71.56256791628888,136.22318146699507,0.024693967297853676
2025-01-27,424.01,448.38,413.16,415.06,409.6575004078662,427.6510221826997,414.413511636179,332.4009127489229,-0.6991230346733706,2.3589851681333585,3.058108202806729,0,,,10.214983719511897,11.344091198412448,,,,,,,46.025796203995114,,,38.98058117979497,36.701356427009536,38.98058117979497,,,,60,100,-40,,,,,,11.344091198412448,,,,,,116.00078483663232,-85.82391920423639,116.00078483663232,-0.09258574141762556
2025-02-03,411.6,418.65,408.1,409.75,407.31267895016146,424.0708177461598,414.2306288269171,333.1705554081376,-1.829548326702417,0.7711727944287077,2.6007211211311247,0,,,-9.694991969010088,6.41203600794143,,,,,,,44.21455819877988,,,32.56763294722769,37.68089827771649,,,,,60,100,-40,,,,,,,,,,,,132.18246032088103,-84.76502480346613,132.18246032088103,-0.13140398956796837
2025-02-10,413.71,415.4624,404.3673,408.43,408.6596304537214,420.94265419692783,414.0031531866458,333.9194056030815,-2.5501186475647915,-0.5869271883248643,1.9631914592399269,0,,,-23.658155349158577,-7.712721199552257,,,,,,,43.75089495426758,,,11.452362258219884,22.904724516439767,,,,,60,100,-40,,,,,,,,,,,,64.51292208072083,-131.17138393010865,64.51292208072083,-0.11993486049442549
2025-02-18,408,419.31,406.5,408.21,409.832499707027,418.39612335754225,413.77597070873816,334.6586154975782,-2.9000146593713145,-1.6618268649742163,1.2381877943970983,0,,,-30.48171184031318,-21.278286386160616,,,,,,,43.66821244458061,,,4.57572793612315,9.1514558722463,,,,,60,100,-40,,,,,,,,,,,,114.60148170240792,-94.59476867008891,114.60148170240792,-0.12131423002489601
2025-02-24,408.51,409.37,386.57,396.99,410.67660687081076,414.1148986860338,413.11769734761117,335.27882827869684,-3.69462165027466,-3.380089268446227,0.3145323818284331,0,,,-43.41668779809877,-32.51885166252351,,,,,,,39.53971064420331,,,7.894919286223335e-16,2.171102803711417e-15,,,,,60,100,-40,,,,,,,,,,,,344.6739395746974,48.05882563356363,344.6739395746974,-0.13745368189047463
2025-03-03,398.82,402.15,381,393.31,406.82327780861004,409.95391894882704,412.3409249026068,335.8562528729387,-4.236704280632334,-4.981347968961984,-0.7446436883296503,0,,,-52.62245371467735,-42.1736177843631,,,,,,,38.25463642604736,,,6.90805437544542e-16,1.973729821555834e-15,,,,,60,100,-40,,,,,,,,,,,,398.3695869247525,90.229948245643,398.3695869247525,-0.13075976055978406
2025-03-10,385.84,390.23,376.91,388.56,406.46161510799504,405.67513515906165,411.4083396123085,336.3806682672378,-4.650721261009524,-6.558045264591556,-1.9073240035820316,0,,,-59.797625746050464,-51.945589086275525,,,,,,,36.591664980567764,,,6.90805437544542e-16,1.973729821555834e-15,,,,,60,100,-40,,,,,,,,,,,,444.12057112025195,118.36995765552608,444.12057112025195,-0.10611153970249174
2025-03-17,386.7,392.705,381.1,391.26,406.8043568859954,402.7921081272493,410.61820864711996,336.92673126955384,-4.4767241888412865,-7.50322923963364,-3.0265050507923537,0,,,-60.93708124132994,-57.785720234019244,,,,,,,38.24479325569013,,,1.7614142695409802,0.8807071347704899,,,,,60,100,-40,,,,,,,,,,,,485.18955818929714,163.2117835363395,485.18955818929714,-0.015460198808898446
2025-03-24,395.4,396.36,376.93,378.8,407.80761710842427,397.99368650179946,409.3704357589976,337.34338070965777,-4.900564937803584,-9.152211223046834,-4.2516462852432495,0,,,-62.2790897203386,-61.004598902573,,,,,,,33.83477954153312,,,2.2017678369262255,1.76141426954098,,,,,60,100,-40,,,,,,,,,,,,652.4278203366976,272.62782289336866,652.4278203366976,-0.077794266522117
2025-03-31,372.535,385.08,359.48,359.84,407.62135874353686,390.36294920143956,407.42806572923297,337.5672276677706,-6.080545854622214,-11.852328603521016,-5.7717827488988025,0,,,-68.27818013409481,-63.831450365254454,,,,,,,28.430534382321,,28.430534382321,2.6421214043114705,2.6421214043114705,,,,,60,100,-40,,,,,,,,,,,,1403.80458027548,778.5136732763925,1403.80458027548,-0.09730895044612851
2025-04-07,350.88,393.225,344.79,388.45,406.56697597614135,389.98035936115167,406.68382785749833,338.07352390988234,-4.622939168521292,-11.550456709550417,-6.927517541029125,0,,,-66.75267763368386,-65.76998249603908,,,,,,,43.24855639192955,,,12.29835233823479,7.470236871273131,,,,,60,100,-40,,,,,,,,,,,,1254.9310202253926,696.0566417715938,1254.9310202253926,-0.0418391546385151
2025-04-14,393.22,394.65,366.89,367.78,373.32576340641697,385.5402874889213,405.1581875493611,338.3691107366497,-4.722951681984904,-12.831207143510255,-8.108255461525351,0,,,-63.66552876086446,-66.23212884288104,,,,-66.23212884288104,,-66.23212884288104,37.21748812277135,,,21.4986335348997,15.69146406982683,,,,,60,100,-40,,,,,,-66.23212884288104,-107,,,,,1112.2162892753213,604.9554341767587,1112.2162892753213,-0.08373408897825992
2025-04-21,362.815,392.16,355.67,391.85,367.03106602024434,386.80222999113704,404.636297841543,338.90125888852384,-2.9280400709780174,-11.768305550247874,-8.840265479269856,0,,,-58.20865877432502,-62.87562172295778,,,,,,,46.60997272154569,,,39.460554915271295,30.838345158927904,,,,,60,100,-40,,,,,,,,,,,,931.813327588899,504.96353705371166,931.813327588899,-0.07630867345676655
2025-04-28,391.955,439.44,384.44,435.28,390.39956130451253,396.4977839929096,405.8380116516786,339.86025133739423,1.202664604979768,-7.336934723045147,-8.539599328024915,0,,,-31.178873485629932,-51.01768700693981,,,,,,,58.69010609125265,,,55.42451474509891,46.559399290446265,,,,,60,100,-40,,,,,,,,,,,,764.2109043909174,404.0610757712186,764.2109043909174,-0.009681508104260703
2025-05-05,432.87,443.67,431.1103,438.73,389.198164068476,404.9442271943277,407.1278935476912,340.844029931052,4.02668944209873,-3.5062375254015024,-7.532926967500233,0,,,-7.474888168871136,-32.28747347627537,,,,,,,59.47911495273899,,,77.02448470410023,66.60534106989168,,,,,60,100,-40,,,,,,,,,,,,667.9907399562052,335.14088017645156,667.9907399562052,0.028096645654063068
2025-05-12,445.94,456.19,439.78,454.27,406.4819094921562,414.80938175546214,408.9766036046445,341.9726465486535,6.646050538188616,0.774636205235538,-5.871414332953078,0,,,10.5899113832896,-9.354616757070499,,,,,,,62.93373765088626,,,91.95554308967672,83.91108617935345,,,,,60,100,-40,,,,,,,,,,,,552.9015145096224,245.11526559891493,552.9015145096224,0.07500041705544583
2025-05-19,450.875,460.25,448.91,450.18,407.4010588141451,421.8835054043697,410.592423071129,343.0493366327465,7.731932695175975,3.7935015360168904,-3.9384311591590846,0,,,22.40928582332929,8.508103012582575,,,,,,,61.44022502951711,,,97.07436969011852,95.39809192963645,,,,,60,100,-40,,,,,,,,,,,,503.28305732605475,221.45794458093036,503.28305732605475,0.03460870295266375
2025-05-27,456.48,462.52,455.3105,460.36,415.2188403274205,429.5788043234958,412.54409275461416,344.21660691500773,8.692791648609845,6.927558401603221,-1.7652332470066234,0,,,31.133191777470785,21.377462994696547,,,,,,,63.7592685677432,,,98.95887287550048,99.16709830040038,,,,,60,100,-40,,,,,,,,,,,,439.04977417586286,174.82922738439757,439.04977417586286,0.06832139013725098
2025-06-02,457.14,473.335,456.89,470.38,426.7003517326047,437.73904345879663,414.81216754855086,345.47196406013205,9.494895209326254,10.103385764651193,0.60849055532494,0,,,37.95940542016459,30.50062767365488,,,,,,,65.94330066464131,,,98.75064745060057,98.75064745060057,,,,,60,100,-40,,,,,,,,,,,,323.76799705297867,95.76936785996165,323.76799705297867,0.06904374802870289
2025-06-09,469.7,480.415,466.96,474.96,432.0510408945615,445.1832347670373,417.17090607605866,346.76040222868795,9.786637493454357,12.841787422142886,3.0551499286885293,0,,,43.29143431239144,37.461343836675596,,,,,,,66.93015727484836,,,99.58354915020018,99.16709830040037,,,,,60,100,-40,,,,,,,,,,,,324.9010884978917,95.62948279451408,324.9010884978917,0.04920794456063617
2025-06-16,475.21,483.46,474.08,477.4,435.6338236878071,451.62658781362984,419.53283132797793,348.06029872392486,9.584326077092015,15.035557525053548,5.451231447961533,0,,,46.80064105213696,42.683826928230985,,,,,,,67.47411737400034,,,99.7917745751001,99.5835491502002,,,,,60,100,-40,,,,,,,,,,,,275.8281633164568,58.24230410460242,275.8281633164568,0.10878896968250765
2025-06-23,478.21,499.3,472.51,495.94,455.8171219958209,460.48927025090387,422.5291908837435,349.5317385376172,10.088576641047325,18.06195224927069,7.973375608223364,0,,,50.66957514147877,46.920550168669045,,,,,,,71.35291688835298,,,100,100,,,,,60,100,-40,,,,,,,,,,,,192.0412245316465,-11.4381148235071,192.0412245316465,0.17961418894883363
2025-06-30,497.04,500.76,488.7,498.84,457.75589899611936,468.1594162007231,425.52177163340065,351.0173928805265,9.988150749105944,20.458564044605794,10.47041329549985,0,,,53.55588511275639,50.34203376879069,,,,,,,71.92034440588603,,,100,100,,,,,60,100,-40,,,,,,,,,,,,111.67009279861983,-72.08573031014218,111.67009279861983,0.21867750833871286
2025-07-07,497.38,506.78,494.11,503.32,463.44762049639655,475.1915329605785,428.57268254973786,352.53284170758593,9.592056753219222,22.460484237023877,12.868427483804656,0,,,55.39130360215819,53.205587952131104,,,,,,,72.82129478171814,,,100,100,,,,,60,100,-40,,,,,,,,,,,,66.82098501705258,-93.52468843557088,66.82098501705258,0.2689523741499343
2025-07-14,501.515,514.64,501.03,510.05,471.21564760379687,482.1632263684628,431.767871469356,354.10017661596817,9.153135125576792,24.309846390775647,15.156711265198854,0,,,56.981548480997226,55.30957906530392,,,,,,,74.17004609831976,,,100,100,,,,,60,100,-40,,,,,,,,,,,,1.0353513775884693,-131.065654174558,1.0353513775884693,0.29253419447128554
2025-07-21,506.705,518.29,500.7,513.71,475.70524420352564,488.47258109477025,434.9812882744793,355.68833406257545,8.493596890703337,25.773707378578024,17.280110487874687,0,,,57.22682840170044,56.53322682828527,,,,,,,74.90378159684134,,,100,100,,,,,60,100,-40,,,,,,,,,,,,-16.425621600154905,-141.7809897791838,-16.425621600154905,0.30701687506578973
2025-07-28,514.08,555.45,509.435,524.11,486.3070124747024,495.6000648758162,438.47653187155856,357.3641715345896,8.141126953317844,27.45651917952199,19.315392226204146,0,,,60.52070134605056,58.2430260762494,,,,,,,76.92183021183672,76.92183021183672,,100,100,,,,,60,100,-40,,,,,,,,,,,,98.37903687260055,-57.8208098193322,98.37903687260055,0.23652390401706228
2025-08-04,528.27,538.25,517.5511,522.04,482.43365444079507,500.88805190065295,441.7535306216935,359.0027369919569,7.1852369895295,28.29693846311602,21.11170147358652,0,,,60.13586024430477,59.29446333068524,,,,,,,75.61081903594187,,,98.59043349215365,99.29521674607683,,,,,60,100,-40,,,,,,,,,,,,93.21921198667314,-64.58066257945362,93.21921198667314,0.169658252828049
2025-08-11,522.3,532.7,519.08,520.17,482.45355055216686,504.74444152052234,444.8286862835879,360.6063913502459,5.897631299055842,28.483740597406324,22.586109298350483,0,,,57.970195946901796,59.542252512419026,,,59.542252512419026,,59.542252512419026,,74.3703386228501,,,95.11525428449055,97.02903970180289,,,,,60,100,-40,,,,,,59.542252512419026,,105,,106,,61.724809807278014,-95.56599665591659,61.724809807278014,0.160775851676461
2025-08-18,521.585,522.82,502.41,507.23,483.4832969412978,505.24155321641786,447.27579662540796,362.0653327298454,3.7497076022993134,27.273243801224623,23.52353619892531,0,,,50.979169942598766,56.36174204460176,,,,,,,66.22544143450017,,,80.47382345982908,88.0086915062667,,,,,60,100,-40,,,,,,,,,,,,-62.22515561222707,-203.64490635484086,-62.22515561222707,0.2045813988469081
2025-08-25,506.63,511.09,498.51,506.69,483.4694900169194,505.5312425731343,449.60576538519587,363.50438414546886,1.957943645019192,25.970965755199302,24.01302211018011,0,,,42.56607573466596,50.50514720805548,,,,,,,65.89916377287489,,,61.306135996625855,72.18817406845533,,,,,60,100,-40,,,,,,,,,,,,-77.27512731909488,-216.61855974486983,-77.27512731909488,0.14990468261653106
2025-09-02,500.465,511.97,492.37,495,484.57524072999655,503.4249940585074,451.38593144852155,364.81279823357363,-0.23268856131282334,23.72216140853908,23.954849969851903,0,,,32.46688405391259,42.004043243725754,,,,,,,59.07359653210163,,,35.07713953137484,48.37933310023437,,,,,60,100,-40,,,,,,,,,,,,-133.22510417016855,-269.05154888216623,-133.22510417016855,0.15701647084073633
2025-09-08,498.105,512.55,495.03,509.9,484.5991521064254,504.7199952468059,453.68060080348147,366.2564519824933,-0.8610450734735728,22.878543628009936,23.73958870148351,0,,,27.95667726633154,34.32987901830334,,,,,,,64.19445732087578,,,24.544496941255037,30.322009442455435,,,,,60,100,-40,,,,,,,,,,,,-168.09326704831972,-282.86035817631785,-168.09326704831972,0.14042175394309114
2025-09-15,508.79,519.3,505.93,517.93,484.91421267025214,507.36199619744474,456.20018508569785,367.76564151500577,-0.9137228146934788,22.59743518311666,23.511157997810137,0,,,30.248897462370497,30.224152927538185,,,,,,,66.63204560928438,66.63204560928438,,23.39543136415371,21.833198282719334,,23.39543136415371,,,60,100,-40,,,,,,30.224152927538185,,,,,,-229.34903667589793,-335.0675657806237,-229.34903667589793,0.12471785390766595
2025-09-22,515.59,517.74,505.04,511.46,485.80391176523415,508.1815969579558,458.3672366509646,369.1954361267968,-1.5260883670325782,21.603547539019416,23.129635906051995,0,,,29.231605880637915,29.14572686977996,,,,,,,62.89460475887532,,,28.990314953589767,25.426319698205557,,,,,60,100,-40,,,,,,,,,,,,-198.5583027348256,-290.509826547783,-198.5583027348256,0.11521716514404219
2025-09-29,511.5,521.6,508.88,517.35,486.6986323534317,510.0152775663646,460.6802861940641,370.6696108917043,-1.6648895934159604,21.048523914282043,22.713413507698004,0,,,31.93529498044186,30.471932774483395,,,,,,,64.83959815932124,,,32.21403672180488,30.48501202454295,32.21403672180488,,,,60,100,-40,,,,,,,,,,,,-275.1840658739482,-352.2353126300043,-275.1840658739482,0.08796650002115029
2025-10-06,518.61,531.03,509.63,510.96,487.5537300424723,510.20422205309166,462.6520396766498,372.06553516143856,-2.2794799766357166,19.86406353690336,22.143543513539075,0,,,34.40279726403781,31.856566041705833,,,,,,,61.07684821896718,,,26.444867587098166,29.846776700559275,,,,,60,100,-40,,,,,,,,,,,,-187.8778720786849,-274.55616487909435,-187.8778720786849,0.08276046785345118
2025-10-13,516.41,517.19,506,513.58,487.10774932515284,510.87937764247334,464.64921459129096,373.4736392891854,-2.5798753953866047,18.91869926930582,21.498574664692423,0,,,30.495890168295364,32.27799413759165,,,,,,,62.054947062347914,,,23.749361032547842,26.121185489449882,,,,,60,100,-40,,,,,,32.27799413759165,,,,,,-112.80916806437855,-208.27322581016813,-112.80916806437855,0.07956436839009823
2025-10-20,514.61,525.345,513.04,523.61,487.65219580192763,513.4255021139787,466.96140225437756,374.96753342561146,-2.18882332637547,18.762545506723086,20.951368833098556,0,,,36.61038237453808,33.836356602290415,,,,,,,65.63622001925403,65.63622001925403,,22.72010818626869,22.46517785545505,,,,,60,100,-40,,,,,,33.836356602290415,,,,,,-164.11659205267335,-251.31445748104665,-164.11659205267335,0.08182219271672068
2025-10-27,531.78,553.72,515.1,517.81,488.4627532446471,514.3024016911829,468.95546491106865,376.3888515009785,-2.390129810358836,17.96370657015001,20.353836380508845,0,,,46.69499675537645,37.93375643273664,,,,,37.93375643273664,,61.97211633540537,,,23.905885226182942,23.041086386273495,23.905885226182942,,,,60,100,-40,,,,,,,,,,106,,-56.09539349764184,-167.43910157540176,-56.09539349764184,0.001279023502060262
2025-11-03,519.805,524.96,493.25,496.82,485.4561280128866,510.8059213529463,470.04819177730127,377.5871713865409,-3.9161050650123066,15.458705049243463,19.37481011425577,0,,,28.417204613244202,37.24086124771958,,,,,,,50.84423552238188,,,20.51726056432761,22.195060927957474,,,,,60,100,-40,,,,,,37.24086124771958,,,,,,169.55831441102026,-36.99562856169237,169.55831441102026,-0.031606843055372216
2025-11-10,500.035,513.5,497.44,510.18,483.6514045833947,510.68073708235704,471.62198817819143,378.90650301453553,-3.9913005498930616,14.38568442688944,18.376984976782502,0,,,16.67682118086846,30.596340849829705,,,,,,,56.259903164243795,,,16.465144809782302,19.135108471588676,,,,,60,100,-40,,,,,,,,,,,,326.0022572453802,49.73084935861536,326.0022572453802,-0.04023408132442068
2025-11-17,508.45,512.12,468.27,472.12,484.1227328274379,502.96858966588564,471.64151805355647,379.834000496978,-6.425640801976925,10.344933974311346,16.77057477628827,0,,,-7.510718979983817,12.527768938042948,,,,,,,41.98443660484335,,,10.775661862041233,13.546491268189024,,10.775661862041233,,,60,100,-40,,,,,,,,,,,,480.3654832007657,128.8706949297762,480.3654832007657,-0.11864968215016407
2025-11-24,475,492.63,464.89,492.01,480.67896619690663,500.7768717327085,472.4402820514562,380.9501795965105,-6.498156197949015,8.647879528852002,15.146035726801017,0,,,-22.024881871150626,-4.286259890088658,,,,,,,49.27177743095788,,,15.637082713100188,13.268544757517427,,,,,60,100,-40,,,,,,,,,,,,301.2081226188082,-3.6512496029103403,301.2081226188082,-0.0872654982171115
2025-12-01,488.435,493.4999,475.2,483.16,479.7826114685562,497.2534973861668,472.86066314747757,381.9671927348537,-6.905833199081144,6.513744227949587,13.419577427030731,0,,,-30.259794951764185,-19.931798600966207,,,,,,,46.45881892134667,,,14.995669306879394,14.000447934583784,,,,,60,100,-40,,,,,,,,,,,,190.07937305175219,-71.16920422056303,190.07937305175219,-0.10533546726392418
2025-12-08,484.885,492.3,475.08,478.53,480.29886779223074,493.50879790893345,473.0829900828706,382.92801668774075,-7.217161567036873,4.398125468234639,11.615287035271512,0,,,-36.103858236385186,-29.46284501976666,,,,,,,45.002678405108334,,,18.916389258749966,17.957322466339463,,,,,60,100,-40,,,,,,,,,,,,89.1558506787063,-144.59298527136977,89.1558506787063,-0.15355052940001432
2025-12-15,480.1,489.6,470.88,485.92,480.9325200927857,491.9910383271468,473.58640223648354,383.9528125415941,-6.668242440625663,3.2799839844894336,9.948226425115097,0,,,-39.175260100092075,-35.17963776274714,,,,,,,47.830038912683186,,,17.731163428067752,17.832168396617735,,,,,60,100,-40,,,,,,,,,,,,103.8547869189415,-158.30335158566612,103.8547869189415,-0.08254153465636256
2025-12-22,486.12,489.1625,482.69,487.71,481.30662580044384,491.13483066171744,474.140268815445,384.9852223670509,-5.951092742170898,2.509360497401474,8.460453239572372,0,,,-37.71668618956037,-37.66526817534587,,,,,,,48.5244416321294,,,20.015228234132422,19.38401774473576,20.015228234132422,,,,60,100,-40,,,,,,,,,,,,162.24482566095213,-125.88456038827229,162.24482566095213,-0.0470555586406293
2025-12-29,484.855,489.68,470.16,472.94,483.40365252898357,487.49586452937393,474.0931994501334,385.86039428379667,-6.209350321232533,0.6987653380317056,6.908115659264238,0,,,-42.242948213579304,-39.71163150107725,,,,,,,43.36481825963057,,,18.462536809648476,18.800417700585943,,,,,60,100,-40,,,,,,,,,,,,156.38213008623353,-116.63282213585916,156.38213008623353,-0.028955619786171657
2026-01-05,474.055,489.7,469.5,479.28,483.4869630626276,485.85269162349914,474.2966033932654,386.78994259938077,-5.704092747422054,-0.22200027501332897,5.482092472408725,0,,,-43.073402079265826,-41.01101216080183,,,,,,,46.03324116129131,,,16.827274272617274,18.106410796868648,,,,,60,100,-40,,,,,,,,,,,,58.85810643419106,-179.06321811115748,58.85810643419106,-0.0017863742709345845
2026-01-12,476.67,480.99,455.9,459.86,477.66717998672556,480.6541532987993,473.73046208372557,387.51700784714814,-6.377707343207966,-2.4900417066012324,3.8876656366067337,0,,,-51.48051579434514,-45.59895536239676,,,,,,,39.80918229149251,,,9.973302289825535,13.404849561681983,,,,,60,100,-40,,,,,,,,,,,,2.702087082519995,-213.77899663640162,2.702087082519995,-0.061006224994162736
2026-01-20,451.215,471.1,438.68,465.95,469.32023855910234,477.71332263903946,473.42534592357947,388.2974356297636,-6.1123794970398935,-3.752808734693133,2.3595707623467606,0,,,-58.57860119402588,-51.04417302254561,,,,,,,42.452554741028024,,,9.430960535323441,10.237953459245466,,,,,60,100,-40,,,,,,,,,,,,-23.24374693248366,-225.8191790661468,-23.24374693248366,0.0074268090829507395
2026-01-26,465.305,483.74,421.02,430.29,467.6073643763093,468.2286581112316,471.7337637304979,388.71527209115897,-7.922905757829026,-7.544061434939522,0.3788443228895042,0,,,-66.656098222023,-58.905071736798,,,,,,,33.202820651095934,,,4.824283878628227,6.20357259665674,,,,,60,100,-40,,,,,,,,,,,,71.89147978251341,-181.12478287230198,71.89147978251341,-0.10500943284663504
2026-02-02,430.235,430.736,392.32,401.14,443.51826692085865,454.8109264889853,468.9653808391058,388.8389012245803,-10.506115482224502,-12.753800029891124,-2.247684547666622,0,,,-79.24491425272069,-68.15987122292319,,,,,,,27.83253374865309,,,4.308157235733333,5.17131931086695,,,,,60,100,-40,,,,,,,,,,,,33.365756185692774,-261.8293678046107,33.365756185692774,-0.19575850289049998
2026-02-09,404.85,423.68,398.01,401.32,441.4939621407973,444.1127411911882,466.31262080619973,388.9630912621467,-11.542494467812947,-16.675802632432806,-5.133308164619859,0,,,-82.94253657801706,-76.28118301758691,,,,,,,27.91053298943484,,,1.213168054241331,2.329081607420524,,,,,60,100,-40,,,,,,,,,,,,97.29925506102134,-210.58766456740872,97.29925506102134,-0.24539269988978019
2026-02-17,399.22,404.43,394.525,397.23,437.1351077021689,434.73619295295055,463.6034984216429,389.0453490605333,-11.801214959251448,-19.884826863684168,-8.08361190443272,0,,,-84.24543487780703,-82.14429523618158,,,,,,,27.187219409454556,,,0.6552112776517349,1.2131680542413317,,,,,60,100,-40,,,,,,,,,,,,125.97211777719927,-188.66263464606166,125.97211777719927,-0.27546333021435354
2026-02-23,395,407.49,381.71,392.74,439.33260000915686,426.3369543623604,460.8245376992255,389.0821117564484,-11.557581326123394,-22.53058856208696,-10.973007235963568,0,,,-83.33023992939694,-83.50607046174032,,,,-83.50607046174032,,-83.50607046174032,26.3743416236009,,26.3743416236009,0.09725450106213882,0.0972545010621395,,0.09725450106213882,,,60,100,-40,,,,,,-83.50607046174032,-107,,,,,133.06809636316302,-167.99670107405046,133.06809636316302,-0.24586747334824444
2026-03-02,392.855,413.05,390.63,408.96,439.10527143707424,422.86156348988834,458.7906342600402,389.2799016892201,-9.663847654203389,-23.052816803717803,-13.388969149514415,0,,,-77.86198857841342,-81.81255446187245,,,,,,,34.08690559463729,,,7.916055197072325,4.006654849067232,,,,,60,100,-40,,,,,,,,,,,,187.05571520622428,-115.63366451513218,187.05571520622428,-0.20739930026309267
2026-03-09,404.915,410.21,394.25,395.55,439.37418062014035,417.3992507919107,456.31060938709743,389.3422907271383,-8.704027409365251,-24.26900341122098,-15.564976001855728,0,,,-73.45075181098913,-78.21432677293315,,,,,,,31.163089028017254,,,14.737222993378314,10.349289008224046,,,,,60,100,-40,,,,,,,,,,,,269.4092215323653,-30.972998239653613,269.4092215323653,-0.26246929452626805
2026-03-16,398.07,404.4,380.12,381.87,432.11673914727317,410.29340063352856,453.3913698032897,389.26793957562444,-8.37727390109561,-26.03656837822524,-17.65929447712963,0,,,-71.80618837751229,-74.37297625563826,,,,,,,28.464790693977037,,,19.938811769412403,17.707059015608703,19.938811769412403,,,,60,100,-40,,,,,,,,,,,,400.4257267082989,57.3857287130107,400.4257267082989,-0.26147187616264633
2026-03-23,383.9,387.21,356.51,356.77,432.0169720653251,399.5887205068228,449.6022964776705,388.9445769927824,-9.174147536633178,-29.126978897921106,-19.952831361287927,0,,,-74.2259259673291,-73.16095538527684,,,,,,,24.28514148898992,,24.28514148898992,13.779359569050573,17.213610159962457,,,,,60,100,-40,,,,,,-73.16095538527684,,,,,,576.7119582158809,179.67923258337242,576.7119582158809,-0.2842231607658524
2026-03-30,361.895,373.99,356.28,373.46,417.6771883463733,394.36297640545826,446.6163240667815,388.7905015998194,-7.945665555972511,-29.884913306253566,-21.939247750281055,0,,,-73.22632430107642,-73.08614621530593,,,,,,,31.527691912025674,,,15.128866602676297,15.693351676676848,,,,,60,100,-40,,,,,,,,,,,,529.1279658129936,152.46482665912293,529.1279658129936,-0.2618784418475542
2026-04-06,373.49,385,366.56,370.87,418.5952463216324,389.6643811243666,443.64587998573126,388.61218815106497,-6.724423747493461,-30.34477743464788,-23.62035368715442,0,,,-69.01356135992752,-72.15527054277767,,,,,,,31.028715808020934,,,18.987926772887853,15.721336013147535,,,,,60,100,-40,,,,,,-72.15527054277767,-107,,,,,459.28651748335835,98.38031272110058,459.28651748335835,-0.24832458514063885
2026-04-13,373.605,431.58,371.02,422.79,383.68344301294434,396.2895048994933,442.828002339232,388.95226588090514,-2.077712275646853,-26.217494031712988,-24.139781756066135,0,,,-52.819456537640406,-65.01978073288144,,,,,,,48.67077584454317,,,43.19505042085833,30.802249975755146,,,,,60,100,-40,,,,,,,,,,,,199.4162415772933,-107.6888350463723,199.4162415772933,-0.22383060597593504
2026-04-20,421.145,433.7,411.4101,424.62,372.6696256548769,401.95560391959464,442.1139630318111,389.30716870796084,1.2805376710698333,-22.539109667228843,-23.819647338298676,0,,,-34.993605116219086,-52.275541004595674,,,,,,,49.16725730796211,,,64.57520154330003,51.74819287129744,,,,,60,100,-40,,,,,,,,,,,,124.97692492687634,-167.1999559470319,124.97692492687634,-0.2073883544222531
2026-04-27,422.375,429.92,398.01,414.44,373.1960952509571,404.4524831356757,441.0287095795832,389.5572466312647,2.885791137202464,-20.212408416795597,-23.09819955399806,0,,,-24.475324442875777,-37.429462032245084,,,,,,,46.45913513006106,,,86.60159837193017,76.54831445628112,,,,,60,100,-40,,,,,,,,,,,,35.89021130380786,-227.70905486575333,35.89021130380786,-0.17823146122421152
2026-05-04,411.54,427.98,405.11,415.12,372.31065987588875,406.5859865085406,440.0126817529329,389.8116023861775,3.9946328585627064,-18.104908480794677,-22.099541339357383,0,,,-15.263499675116675,-24.910809744737175,,,,,,,46.67169110813714,,,91.39014688365853,89.20934656754973,,,,,60,100,-40,,,,,,,,,,,,-0.6352816605208744,-261.7619539810709,-0.6352816605208744,-0.21678460110398456
2026-05-11,407.87,428.17,400.88,421.92,372.7798984561824,409.6527892068325,439.30316482144536,390.13108892959866,5.115665526333778,-15.704959431440159,-20.820624957773937,0,,,-7.581676242406652,-15.77350012013303,,,,,,,48.87066557787711,,,93.80976997545474,94.46134235956401,,,,,60,100,-40,,,,,,,,,,,,76.75295136866474,-191.44159871178528,76.75295136866474,-0.18625916651864385
2026-05-18,416.62,432.7,411.3001,418.57,372.58419142359793,411.43623136546597,438.4900995343299,390.41406316910513,5.5261639339975375,-13.912920040277015,-19.439083974274553,0,,,0.2923192237885148,-7.517618897911599,,,,,,,47.81832874996286,,,94.32794073988798,93.8462565677222,,,,,60,100,-40,,,,,,,,,,,,8.252414756180215,-239.36130803691523,8.252414756180215,-0.1818496151086492
2026-05-26,416.43,450.33,409.58,450.24,398.8639063219124,419.19698509237276,438.9508799447483,391.0093461226464,7.69209356937688,-9.823967012553453,-17.516060581930333,0,,,13.199559649694095,1.9700675436919857,,,,,,,57.24678618793013,,,96.59034375047698,95.2871275010883,96.59034375047698,,,,60,100,-40,,,,,,,,,,,,-56.88438792676166,-273.11379748474883,-56.88438792676166,-0.12409850770177806
2026-06-01,464.84,466.32,414.4,416.67,396.7121987274901,418.69158807389823,438.07711994691505,391.2646760119733,6.663755654758916,-9.186366013481688,-15.850121668240604,0,,,19.739832378036425,11.077237083839677,,,,,,,47.409910555263714,,,91.56167427115003,93.95663336355487,,,,,60,100,-40,,,,,,,,,,,,13.458228059922277,-229.82037976024907,13.458228059922277,-0.14479689441630508
2026-06-08,414.14,417.1599,382.27,390.74,393.11847024695504,413.1012704591186,436.220762301938,391.25945535513773,4.15959880027135,-10.650623167901415,-14.810221968172765,0,,,5.271913631700544,12.73710188647702,,,,,,,41.44995027113825,,,81.63679148079488,87.58346453505015,,,,,60,100,-40,,,,,,12.73710188647702,,,,,,-64.44326795097268,-314.3984925311128,-64.44326795097268,-0.192552747931543
2026-06-15,396.795,401.75,373.28,379.4,392.2143080864583,406.3610163672949,433.9924971136267,391.14145082424085,1.7833184139063718,-12.5810739507898,-14.364392364696172,0,,,-9.386250985171705,5.2084983415217545,,,,,,,39.120004718732496,,,66.18224343776501,74.3053301202037,,,,,60,100,-40,,,,,,,,,,,,-40.90812832352306,-297.23513025272865,-40.90812832352306,-0.16904377175558422
2026-06-22,375.74,381.63,349.2,372.97,392.2918575088541,399.68281309383593,431.59945801113156,390.96064036827823,-0.07896274919663782,-14.463095801191969,-14.384133051995331,0,,,-24.100213246742058,-9.404850200071074,,,,,,,37.81432070675489,,,54.40360292194478,60.63912025643887,,,,,60,100,-40,,,,,,,,,,,,-111.65210499197343,-409.55601566132344,-111.65210499197343,-0.07416569412893566
2026-06-29,377.5,392.2,359.9,390.49,391.7981534010788,397.84425047506875,429.9873224028519,390.95595737953914,0.007157719375854299,-14.375185902775513,-14.382343622151367,0,,,-28.596592448427252,-20.69435222678034,,,,,,,43.391400211356064,,,48.503910696683846,50.80876593403618,,,,,60,100,-40,,,,,,,,,,,,-231.35172226616007,-497.81855826835556,-231.35172226616007,0.01468970989022559
2026-07-06,387.04,395.57,373.35,385.1,391.35828530100173,395.295400380055,428.22703524979886,390.8976891469069,-0.15209498535256216,-14.57246235384207,-14.420367368489508,0,,,-29.749520589001392,-27.482108761390236,,,,,,,42.13205198772053,,,45.7402018375002,46.46188618044565,,,,,60,100,-40,,,,,,,,,,,,-178.37868185413095,-433.6697294922909,-178.37868185413095,0.03162059769908247
2026-07-13,387.745,405.99,378.65,393.82,392.3898363509302,395.000320304044,426.8777397498067,390.92676686683814,0.44401934020124756,-13.865343193237948,-14.309362533439195,0,,,-25.99829471110168,-28.114802582843442,,,,,,,44.9331127083213,,,44.22001772664929,44.91440210179621,,,,,60,100,-40,,,,,,-28.114802582843442,,,,,,-75.03710333519805,-371.1843241300562,-75.03710333519805,0.045338193921870995
2026-07-20,391.41,403.18,377.39,381.7,392.61627661157803,392.3402562432352,425.10606368118687,390.83495824129744,0.1513616646147593,-14.120160452670746,-14.271522117285505,0,,,-26.275086554974425,-27.34096728502583,,,,,,,41.88067798285688,,,37.902324668260704,41.087200045644636,,37.902324668260704,,,60,100,-40,,,,,,,,,,,,32.242369998474345,-299.1508106518642,32.242369998474345,-0.01241294681068408
2026-07-27,390.08,466.84,387.99,464.72,407.52797113932246,406.8162049945882,426.65955137996383,391.5701327861602,5.388248067798184,-7.536212032537776,-12.92446010033596,0,,,-0.2536373914353476,-17.509006219170484,,,,,,,61.35956393589355,,,48.72647972497441,43.924010523081996,,,,,60,100,-40,,,,,,,,,,,,80.01648454420632,-252.0324814424344,80.01648454420632,0.09202258126404768
2026-08-03,476.125,505.18,475,499.99,434.72025891508514,425.4509639956706,429.5352552474162,392.6489374350541,10.756844981114213,0.5215961260568065,-10.235248855057407,0,,,25.886463828129706,-0.21408670609335564,,,,,,,66.52337228038066,66.52337228038066,,64.07606548118203,54.099632295026915,,,,,60,100,-40,,,,,,,,,,,,37.286214627077925,-268.93566663471904,37.286214627077925,0.16422014845725955
2026-08-10,503.44,513.73,491.52,495.4,433.60238327829336,439.44077119653645,432.1181864141842,393.6713360675411,13.358275663772963,6.462595724658797,-6.895679939114165,0,,,40.24000718455371,21.957611207082692,,,,,,,65.29320154234938,,,87.12851897324592,75.45962138517395,,,,,60,100,-40,,,,,,,,,,,,15.052357422154685,-269.1291817920428,15.052357422154685,0.1927066841312383
2026-08-17,490.14,492.66,477.1505,483.24,435.1714987584152,448.20061695722916,434.12296341754956,394.56256655443127,13.575382939489945,10.073548735248266,-3.5018342042416783,0,,,44.91192138932745,37.01279746733696,,,,,,,62.002537146404556,,,91.67405934659547,89.0495084804615,,,,,60,100,-40,,,,,,,,,,,,11.406474254490178,-251.1056941934896,11.406474254490178,0.1503339315655097
2026-08-24,483.205,517.78,481.86,513.53,450.7343202756713,461.2664935657833,437.23696485215544,395.7463221111036,14.964780158933493,15.204140994425188,0.23936083549169496,0,,,50.50276746089972,45.218232011593635,,,,,,,66.55157089670774,66.55157089670774,,95.04841127082753,95.7982123289256,95.04841127082753,,,,60,100,-40,,,,,,,,,,,,56.60529711731016,-212.72284070376423,56.60529711731016,0.19405596130234712
2026-08-31,510.38,515.65,493.81,499.7,450.0882973988376,468.95319485262667,439.686495642267,396.78068706522197,14.166368417280058,17.947321357091766,3.7809529398117094,0,,,52.55132193585452,49.32200359536056,,,,,,,62.83088708834235,,,92.66621208915447,93.48241115094196,,,,,60,100,-40,,,,,,,,,,,,89.04069764143557,-179.50050603035254,89.04069764143557,0.14401686538249114
2026-09-08,493.01,498.97,486,495.63,451.4998475846349,474.2885558821013,441.88035855825655,397.76426231830436,12.629106846200003,19.567336497561712,6.93822965136171,0,,,50.815572165256526,51.28988718733692,,,51.28988718733692,,51.28988718733692,,61.73061675142449,,,92.08427889643492,92.57929525824157,,,,,60,100,-40,,,,,,51.28988718733692,,,,,,191.9423889793564,-101.40950493392481,191.9423889793564,0.14833680636142785
2026-09-14,497.06,509.95,487.23,493.78,453.9734299000181,478.18684470568104,443.9156386147955,398.7196427927491,10.822225232262518,20.46601119168986,9.64378595942734,0,,,49.44240282009826,50.936432307069765,,,,,,,61.20285571329223,,,88.10357529395876,89.91160653747819,,88.10357529395876,,,60,100,-40,,,,,,,,,,,,266.1346818922008,-37.516867673211216,266.1346818922008,0.13586582866042346
2026-09-21,494.945,519.4,491.22,516.17,457.6217563357311,485.78347576454485,446.7491429828427,399.888303063468,10.463344849327921,22.722967021087243,12.259622171759322,0,,,50.41799739994482,50.22532412843321,,,,,,,65.11342119667206,,,88.78034536166534,88.86137432709957,,,,,60,100,-40,,,,,,50.22532412843321,,,,,,319.5647397299825,12.031653721918119,319.5647397299825,0.17645408245029154
2026-09-28,505.47,519.83,502.22,512.9,457.77805945460744,491.20678061163585,449.3432942384175,401.01279756034893,9.36944735524565,23.971431365816386,14.601984010570735,0,,,50.67489436503441,50.17843152835917,,,,,,,64.09131794407398,,,89.70404669686758,88.6007384601014,,,,,60,100,-40,,,,,,,,,,,,397.82569614271296,63.480443954296604,397.82569614271296,0.15671658576656267