time,open,high,low,close,Plot,fast EMA,slow EMA,third EMA,Histogram,MACD,Signal,Plot,MFI Bar TOP Line,MFI Bar BOTTOM Line,WT Wave 1,WT Wave 2,VWAP,rsiMFI,WT Bearish Divergence,WT Bullish Divergence,WT 2nd Bearish Divergence,WT 2nd Bullish Divergence,RSI,RSI Bearish Divergence,RSI Bullish Divergence,Stoch K,Stoch D,Stoch Bearish Divergence,Stoch Bullish Divergence,Schaff Trend Cycle 1,Schaff Trend Cycle 2,Over Bought Level 2,Over Bought Level 3,Over Sold Level 2,Sommi bearish flag,Sommi bullish flag,Sommi higher VWAP,Sommi bearish diamond,Sommi bullish diamond,Buy and sell circle,Buy circle,Sell circle,Divergence buy circle,Divergence sell circle,Gold  buy gold circle,Test signals,Dataset 1,Dataset 2,CMF
1991-03-04,0.515624,0.609374,0.508928,0.580357,0.504684784966572,0.5018967166852085,0.3904851184348448,0.3406492578549289,0.01774074871886041,0.05760947789707721,0.0398687291782168,0,,,70.15704328429267,70.67605192890936,,,,,,,76.21691976822643,,,85.57125209468195,86.12981013119041,,,,,60,100,-40,,,,,,,,,,,,,,,0.28403937779386457
1991-03-11,0.578124,0.602678,0.555803,0.591517,0.5069005146118168,0.5198207733481668,0.3983687216334783,0.3431454542941833,0.017801426145545488,0.062120511860148664,0.044319085714603176,0,,,70.90185535096457,69.96384107907545,,,,,,,77.08812868644927,77.08812868644927,,86.32102513780589,84.9402523894463,86.32102513780589,,,,60,100,-40,,,,,,69.96384107907545,,,,,,,,,0.32700395674167265
1991-03-18,0.591517,0.627232,0.555803,0.564732,0.5062481207109728,0.5288030186785334,0.40489277176549876,0.3453502955449875,0.014792872637015508,0.06281017651087256,0.04801730387385705,0,,,69.32926207761537,70.12938690429087,,,,,,,70.38434704385439,,,85.47516908919201,85.91620753068077,,,,,60,100,-40,,,,,,70.12938690429087,,105,,,,,,,0.24626436322768905
1991-03-25,0.564732,0.627232,0.564732,0.607142,0.5177596120887604,0.5444708149428267,0.4128241140492047,0.3479551881266294,0.014400445284325915,0.06601786047926445,0.05161741519493853,0,,,68.57141417265633,69.60084386707877,,,,,,,74.22857796496133,,,83.50778281443871,84.93787354068655,,,,,60,100,-40,,,,,,,,,,,,,,,0.22454827517223827
1991-04-01,0.607142,0.649553,0.602678,0.619419,0.5274924969395633,0.5594604519542613,0.4209258742825692,0.3506563205830808,0.013712487622083443,0.06875802472254283,0.05504553710045939,0,,,69.08478626714034,68.99515417247069,,,,,,,75.2366323217657,,,80.84589329215595,82.20090233005152,,,,,60,100,-40,,,,,,68.99515417247069,,,,,,,,,0.23546974745729973
1991-04-08,0.619419,0.654017,0.595982,0.640624,0.5485672471581658,0.575693161563409,0.4295414870558018,0.3535415711245427,0.013413871734159963,0.07181287676815934,0.05839900503399938,0,,,68.2719599911405,68.64272014364573,,,,,,,76.92546510578556,76.92546510578556,,87.32100953301352,84.05264885211959,87.32100953301352,,,,60,100,-40,,,,,,68.64272014364573,,105,,,,,,,0.24467922812570922
1991-04-15,0.575892,0.580357,0.531249,0.532366,0.5468520152182968,0.5670277292507272,0.4335738208967508,0.3553209186755423,0.005082342528004692,0.06475193319400524,0.05966959066600055,0,,,53.779018758180904,63.71192167215392,,,,,,,55.8568068435555,,,69.96613032809412,77.50312878108905,,,,,60,100,-40,,,,,,,,,,,,,,,0.12042427788907253
1991-04-22,0.532366,0.562499,0.515624,0.523437,0.5379250141312757,0.5583095834005818,0.4370978671360939,0.3569937155046414,-0.001519947551769249,0.05776965622628899,0.05928960377805824,0,,,39.5071271456835,53.85270196500164,,,,,,,54.522524814731476,,,47.23638112624796,61.87281608537567,,,,,60,100,-40,,,,,,,,,,,,,,,0.04856574877818099
1991-04-29,0.523437,0.537946,0.419642,0.4375,0.5385642274076131,0.5341476667204654,0.4371136370523255,0.3577947730618091,-0.011603287479653876,0.04478549442849089,0.05638878190814477,0,,,18.49953627428557,37.26189405938333,,,,,,,43.650704595141825,,,15.838179673703255,31.676359347406514,,,,,60,100,-40,,,,,,,,,,,,,,,-0.028248025886974393
1991-05-06,0.4375,0.475446,0.430803,0.457589,0.5289536397356408,0.5188359333763723,0.4379165924620382,0.3587877504442787,-0.016547118809041486,0.03570488339684291,0.0522520022058844,0,,,2.9143071117951482,20.306990177254736,,,,,,,46.35939997433319,,,7.500751475818792,11.900362279689475,,,,,60,100,-40,,,,,,,,,,,,,,,-0.05932591412284316
1991-05-13,0.459821,0.47991,0.415178,0.419642,0.5305525226116664,0.4989971467010979,0.43719994177725235,0.35939326536523114,-0.021676449616556424,0.025156440185188866,0.04683288980174529,0,,,-9.56672564411942,3.9490392473204285,,,,,,,42.20753778620906,,,2.584283893290099,2.067427114632089,,,,,60,100,-40,,,,,,,,,,,,,,,-0.09934123531591073
1991-05-20,0.419642,0.424107,0.392857,0.409598,0.5291673424251189,0.4811173173608783,0.43611751268794835,0.35989281496358705,-0.024823050619616913,0.015804076527224153,0.040627127146841066,0,,,-20.949928071293833,-9.200782201206039,,,,,,,41.15078213158685,,,3.1011406719481176,3.1011406719481265,,,,,60,100,-40,,,,,,,,,,,,,,,-0.09642511577256296
1991-05-27,0.409598,0.426339,0.404017,0.419642,0.5326642465376104,0.46882225388870263,0.4354714141511661,0.3604873342176807,-0.025223418984694525,0.009097853415972912,0.03432127240066744,0,,,-27.173399382316724,-19.23001769924333,,,,,,,42.704831007075256,,,2.180952301042234,2.641046486495185,,2.180952301042234,,,60,100,-40,,,,,,,,,,,,,,,-0.1373662524962802
1991-06-03,0.419642,0.441964,0.407366,0.41183,0.5371868003563525,0.4574238031109621,0.4345442998707282,0.3609982065140222,-0.02496355289546613,0.0031168312813347754,0.028080384176800904,0,,,-30.52370070182697,-26.215676051812512,,,,,,,41.77530563019987,,,2.3670322138556408,2.389015803812182,,,,,60,100,-40,,,,,,,,,,,,,,,-0.1865250748780424
1991-06-10,0.41183,0.420759,0.363839,0.367187,0.5396326003308987,0.43937644248876967,0.4319028371306996,0.3610597865487086,-0.026597058640363422,-0.005165939123653374,0.021431119516710048,0,,,-36.82782321337753,-31.508307765840414,,,,,,,36.81445790740819,,,2.2410168725141393,2.136985121129179,,,,,60,100,-40,,,,,,,,,,,,,,,-0.27188641289562315
1991-06-17,0.367187,0.38616,0.363839,0.375,0.538714843164406,0.42650115399101574,0.42967135332165257,0.3611984951402637,-0.025923422649902404,-0.010973158795667959,0.014950263854234445,0,,,-41.24881913968033,-36.20011435162828,,,,,,,38.205726716195315,,,2.160393557130167,2.2527210905146466,,2.160393557130167,,,60,100,-40,,,,,,,,,,,,,,,-0.29029663361300634
1991-06-24,0.375,0.388392,0.359375,0.370535,0.5428053543669484,0.41530792319281257,0.4273522806423721,0.3612913956861317,-0.02456349658059735,-0.01575410687151224,0.008809389709085107,0,,,-43.60289994310096,-40.55984743205294,,,,,,,37.69191117390024,,,2.2939703667993383,2.2502638453108794,,,,,60,100,-40,,,,,,,,,,,,,,,-0.35743616654452376
1991-07-01,0.372767,0.410714,0.372767,0.407366,0.43738911476930925,0.41371953855425003,0.4265685049309065,0.36174984946039906,-0.02015330733483943,-0.01638224445946418,0.00377106287537525,0,,,-40.86759137907619,-41.906436820619156,,,,,,-41.906436820619156,44.376727266717744,,,7.189769298355875,4.696320377186308,,,,,60,100,-40,,,,,,-41.906436820619156,,,,,,,,,-0.3008353702463649
1991-07-08,0.407366,0.430803,0.401785,0.41741,0.42950432085721574,0.41445763084340004,0.4262093478747925,0.3623036818040767,-0.0157260119279261,-0.015886452034532372,-0.00016044010660627456,0,,,-34.42248659464513,-39.63099263894076,,,,,,,46.08558241538773,,,13.412410242283247,9.711428898094933,,,,,60,100,-40,,,,,,,,,,,,,,,-0.29615891204702804
1991-07-15,0.41741,0.41741,0.377232,0.410714,0.36622036936741464,0.41370890467472005,0.42560168717382024,0.3627853765124938,-0.012552545781669923,-0.01585112233369368,-0.003298576552023756,0,,,-32.60161179954173,-35.96389659108768,,,,,,,45.08522814131746,,,24.76088973351763,19.079597318258067,,,,,60,100,-40,,,,,,,,,,,,,,,-0.25771323946817765
1991-07-22,0.410714,0.415178,0.397321,0.400669,0.3670069858411707,0.411100923739776,0.4246239347356312,0.36316232798998144,-0.010516429429745245,-0.016444113339205313,-0.005927683909460068,0,,,-30.135243361607117,-32.38644725193133,,,,,,,43.548973265267556,,,31.54949753777214,27.66364220269826,,,,,60,100,-40,,,,,,,,,,,,,,,-0.308927011906934
1991-07-29,0.400669,0.44866,0.397321,0.446428,0.35976512970965846,0.4181663389918208,0.4254789961185476,0.36399084213933486,-0.005714668496864849,-0.013071019530541128,-0.007356351033676279,0,,,-19.342194480340442,-27.35968321382977,,,,,,,51.675181138869235,,,50.90934738613544,41.924057448473526,,,,,60,100,-40,,,,,,,,,,,,,,,-0.2959773904051456
1991-08-05,0.444196,0.462053,0.426339,0.453125,0.3653181918732543,0.42515807119345667,0.4265631531335065,0.3648777491827246,-0.0019109920612985568,-0.009745091110299475,-0.007834099049000919,0,,,-6.210432899803701,-18.562623580583757,,,,,,,52.75351068753491,,,68.55858418075597,58.111789639538834,,,,,60,100,-40,,,,,,,,,,,,,,,-0.23935943186674638
1991-08-12,0.453125,0.491071,0.450892,0.475446,0.3888091067394504,0.43521565695476533,0.4284801275204278,0.3659779307828965,0.0020691520603802697,-0.005247658973525582,-0.0073168110339058515,0,,,9.255738900679413,-5.43229615982158,,,,,,,56.27635226008126,,,89.81666934096174,79.63333868192349,,,,,60,100,-40,,,,,,,,,,,,,,,-0.23970986408390577
1991-08-19,0.460937,0.495535,0.433035,0.473214,0.38925759911520397,0.44281532556381226,0.4302343970294306,0.36704495634724577,0.004379625861425436,-0.0018422787071240565,-0.0062219045685494925,0,,,17.9790552728777,7.0081204245844715,,,,,,,55.825433481046076,,,96.03972773373005,92.77120854735831,,,,,60,100,-40,,,,,,,,,,,,,,,-0.2145148587946805
1991-08-26,0.473214,0.484375,0.466517,0.473214,0.3864853420355465,0.4488950604510498,0.4319198716557274,0.36810136474180055,0.005654922770254661,0.0008467488942688339,-0.004808173875985827,0,,,25.463977925315284,17.5662573662908,,,,,,,55.825433481046076,,,98.9623703801527,99.30824692010181,98.9623703801527,,,,60,100,-40,,,,,,,,,,,,,,,-0.24908587634039056
1991-09-02,0.473214,0.475446,0.450892,0.459821,0.39028853189015034,0.4510802483608399,0.43301403355158125,0.3690139979284493,0.005346939002086306,0.0018754998766220554,-0.0034714391254642507,0,,,26.692799339894357,23.378610846029115,,,,,,,52.84366964648478,,,95.18163531426703,97.07200284720987,,,,,60,100,-40,,,,,,,,,,,,,,,-0.14910417342981291
1991-09-09,0.459821,0.477678,0.433035,0.434151,0.39286349389799674,0.4476943986886719,0.4330586204711271,0.3696621273022956,0.003267054382616392,0.000612378852806239,-0.002654675529810153,0,,,22.191312259485997,24.78269650823188,,,,,24.78269650823188,,47.56812526979727,,,85.32651028491145,90.64019554783768,,,,,60,100,-40,,,,,,24.78269650823188,,,,,,,,,-0.15277567815420107
1991-09-16,0.434151,0.455357,0.415178,0.452008,0.39238467290528267,0.44855711895093753,0.433801733393828,0.37048148921968566,0.0029559528007698484,0.0010402654711521575,-0.0019156873296176907,0,,,14.970405999858443,21.284839199746266,,,,,,,51.23681600565823,,,76.96639362672823,81.80922001419147,,,,,60,100,-40,,,,,,,,,,,,,,,0.0001789663897126056
1991-09-23,0.452008,0.453125,0.430803,0.4375,0.3925777676977625,0.44634569516075,0.43394676345681515,0.3711483400732211,0.0016976027150558102,0.00020631606420207227,-0.001491286650853738,0,,,8.9379951096034,15.366571122982613,,,,,,,48.264437447739304,,,67.82783704737761,71.94801658900137,,,,,60,100,-40,,,,,,,,,,,,,,,-0.020652757757079154
1991-09-30,0.4375,0.462053,0.424107,0.430803,0.3953080700050652,0.4432371561286,0.4338234786153714,0.37174191877896023,0.0004061110012911742,-0.0009836478992397701,-0.0013897589005309444,0,,,3.2351627009859465,9.047854603482596,,,,,,,46.903731633068745,,,58.00571791598596,62.960665144247706,,,,,60,100,-40,,,,,,,,,,,,,,,0.04639224905822221
1991-10-07,0.430803,0.4375,0.415178,0.433035,0.3956113507189891,0.44119672490288,0.43379255788535687,0.3723518001841447,-0.000269548802042953,-0.0017266949030846357,-0.0014571461010416827,0,,,-7.194165935965914,1.6596639582078103,,,,,,,47.43876217479794,,,45.05757192311766,51.71839300992835,,45.05757192311766,,,60,100,-40,,,,,,,,,,,,,,,0.06625659470800531
1991-10-14,0.435267,0.495535,0.435267,0.491071,0.4137499685247756,0.451171579922304,0.4360387713016174,0.3735330857544517,0.0030380973767246367,0.002340475619864113,-0.0006976217568605235,0,,,10.78884526437411,2.2766140097980476,,,,,,,59.05948752551805,,,49.99984467313689,47.86180271757624,,,,,60,100,-40,,,,,,2.2766140097980476,,,,,,,,,0.10372331430732719
1991-10-21,0.491071,0.502232,0.453125,0.457589,0.41034432791586306,0.4524550639378432,0.4368838783093971,0.37436946301062635,0.0028216209015653436,0.0028294043700961558,0.000007783468530812377,0,,,20.702736019821714,8.09913844940997,,,,,,,51.88943088590171,,,56.133893093096425,50.70060591279934,,,,,60,100,-40,,,,,,,,,,,,,,,0.10423238652714967
1991-10-28,0.457589,0.470982,0.441964,0.455357,0.40909523306472995,0.45303545115027455,0.4376083144541266,0.3751753091498241,0.0023955116245763155,0.003002172999251207,0.0006066613746748914,0,,,19.66035090379765,17.050644062664492,,,,,,,51.43844222309346,,,61.586362242250964,59.219447846648244,61.586362242250964,,,,60,100,-40,,,,,,,,,,,,,,,0.17010364400133576
1991-11-04,0.453125,0.47991,0.424107,0.475446,0.41080521641724926,0.4575175609202196,0.43909214525984713,0.3761730274667413,0.0032793601395941048,0.004705861549167523,0.0014265014095734177,0,,,21.140421592382953,20.501169505334104,,,,,,,55.23227332905337,,,56.62968155216671,59.69495500389515,,,,,60,100,-40,,,,,,,,,,,,,,,0.2326928574500496
1991-11-11,0.475446,0.493303,0.444196,0.446428,0.40856662953030287,0.4552996487361757,0.43937982583789237,0.37687208191980853,0.0017965636786959694,0.0036722060079433794,0.00187564232924741,0,,,23.082487159958326,21.294419885379643,,,,,,,49.21556298078113,,,47.123180825929964,52.941011597537965,,,,,60,100,-40,,,,,,,,,,,,,,,0.1961673243726073
1991-11-18,0.446428,0.46875,0.444196,0.457589,0.40744451313528124,0.45575751898894057,0.44009391109915147,0.3776752353335418,0.0014681658196099854,0.0037108496037598915,0.002242683784149906,0,,,20.412891098541724,21.545266616961,,,,,21.545266616961,,51.42060089953529,,,43.11948731758396,45.27718319748203,,,,,60,100,-40,,,,,,21.545266616961,,,,,,,,,0.15434911138668894
1991-11-25,0.457589,0.466517,0.446428,0.453125,0.409910119339904,0.45523101519115244,0.4406049341933024,0.37842597926057125,0.0008800405541141707,0.0033427344767926193,0.0024626939226784486,0,,,16.40858096710533,19.967986408535126,,,,,,,50.47106567838459,,,32.00012090779302,36.566845826898465,,,,,60,100,-40,,,,,,,,,,,,,,,0.14939805953657986
1991-12-02,0.453125,0.464285,0.433035,0.435267,0.4128374679584823,0.451238212152922,0.44039560344062384,0.37899156155648595,-0.0006968258993255367,0.001591661548521528,0.0022884874478470646,0,,,1.068300228290921,12.629924097979325,,,,,,,46.73123508880077,,,25.770471047089814,29.984032380138263,,,,,60,100,-40,,,,,,,,,,,,,,,0.07333412737114564
1991-12-09,0.4375,0.453125,0.433035,0.449776,0.41396129167573353,0.4509457697223376,0.44076346212922685,0.3796958843270682,-0.0007435796971667582,0.001359012826388617,0.002102592523555375,0,,,-8.352050782259093,3.0416101377123863,,,,,,,49.99267828121905,,,20.414858368874185,22.45500561011932,,,,,60,100,-40,,,,,,,,,,,,,,,0.11567627930004536
1991-12-16,0.449776,0.464285,0.446428,0.44866,0.41659912798460974,0.4504886157778701,0.44107313028102185,0.38038209443326654,-0.0008242938429575426,0.001072225219858447,0.0018965190628159895,0,,,-5.468520723671038,-4.250757092546402,,,,,,,49.738918756982585,,,18.134093761294032,19.04995209106461,,18.134093761294032,,,60,100,-40,,,,,,,,,,,,,,,0.02917477771530687
1991-12-23,0.450892,0.497767,0.446428,0.491071,0.41936754741428045,0.45860509262229604,0.4430338310543151,0.38148347657820914,0.0018576076773713299,0.004218528659530152,0.002360920982158822,0,,,19.160066175861076,1.77983155664365,,,,,,,58.42666680877004,,,38.119948378514806,27.958210829045523,,,,,60,100,-40,,,,,,1.77983155664365,,,,,,,,,0.02978146554722058
1991-12-30,0.491071,0.537946,0.491071,0.526785,0.45286907974183177,0.47224107409783683,0.4463181906208125,0.3829292628809135,0.005698852708897801,0.009484486868281072,0.003785634159383272,0,,,45.68668790845864,19.79274445354956,,,,,,,64.08933287615768,,,59.35423854698989,46.05209961337183,,,,,60,100,-40,,,,,,,,,,,,,,,0.04262590587583084
1992-01-06,0.524553,0.558035,0.513392,0.555803,0.48047035976027247,0.4889534592782695,0.45061171255725124,0.3846493995686656,0.00962507546611175,0.01581697849202296,0.006191903025911209,0,,,62.285361160359415,42.37737174822637,,,,,,,67.93386750213324,,,85.30975534351687,72.88939352390643,,,,,60,100,-40,,,,,,,,,,,,,,,0.07670500865036899
1992-01-13,0.555803,0.616071,0.549107,0.578124,0.5017946912059672,0.5067875674226155,0.4556121944177512,0.3865745199709675,0.012949417142259018,0.02237867445373498,0.009429257311475963,0,,,74.96349832806432,60.97851579896079,,,,,,,70.5602762227195,70.5602762227195,,95.06441577395586,90.12883154791173,,,,,60,100,-40,,,,,,,,,,,,,,,0.06925912741418355
1992-01-20,0.575892,0.587053,0.544642,0.577008,0.49768049897696953,0.5208316539380924,0.46037281424450605,0.3884693804687688,0.014197035005330618,0.027175551068139236,0.012978516062808618,0,,,77.26667634531788,71.5051786112472,,,,,,,70.24862687515571,,,99.37570589776786,99.12038223966574,,,,,60,100,-40,,,,,,,,,,,,,,,0.10324882831163429
1992-01-27,0.578124,0.587053,0.560267,0.578124,0.49736774905004316,0.5322901231504739,0.464990507803545,0.39035649111087056,0.014187683536318225,0.030713120483206402,0.016525436946888176,0,,,77.16297717413104,76.46438394917108,,,,,,,70.39030473692603,,,99.57084746663911,99.69318112228704,99.57084746663911,,,,60,100,-40,,,,,,,,,,,,,,,0.16526688683318924
1992-02-03,0.578124,0.595982,0.560267,0.571428,0.49930948126075436,0.540117698520379,0.46916452710536677,0.3921581976669813,0.012860098070560395,0.03260055953508867,0.019740461464528274,0,,,74.99738897629872,76.47568083191588,,,76.47568083191588,,76.47568083191588,,68.27690257855355,,,97.68543259407659,98.61260213875357,,,,,60,100,-40,,,,,,76.47568083191588,,105,,,,,,,0.10290359705090321
1992-02-10,0.571428,0.584821,0.555803,0.572544,0.49983694688498614,0.5466029588163033,0.4732186240816269,0.39395308127228496,0.011245096122835165,0.03379683161807223,0.022551735495237066,0,,,70.72771504986191,74.2960270667639,,,,,,,68.4479465555962,,,95.80713016671243,96.9552592984539,,,,,60,100,-40,,,,,,,,,,,,,,,0.11693166939686256
1992-02-17,0.57366,0.584821,0.551339,0.580357,0.5035164506789157,0.5533537670530426,0.47742012901960235,0.39580784663275975,0.00993636520903329,0.03497219200652868,0.02503582679749539,0,,,66.446383959837,70.72382932866587,,,,,,,69.68751216518982,,,94.55493996323301,95.13178600270913,,,,,60,100,-40,,,,,,,,,,,,,,,0.16649076541409544
1992-02-24,0.591517,0.624999,0.582589,0.602678,0.5265429184875646,0.5632186136424341,0.48233220239138264,0.39786625611900095,0.009791424563350668,0.037275107501683724,0.027483682938333056,0,,,68.38336513854418,68.51915471608102,,,,,,,72.97365971663397,72.97365971663397,,95.88507895002029,95.10181321469209,95.88507895002029,,,,60,100,-40,,,,,,,,,,,,,,,0.13656547130217547
1992-03-02,0.60491,0.611607,0.562499,0.571428,0.5256037100241672,0.5648604909139473,0.4858261552387794,0.39959323864518004,0.006942430433953265,0.036161720980774636,0.02921929054682137,0,,,63.24262690180099,66.02412533339405,,,,,,,62.66934500589361,,,90.27391300316879,92.79856615386073,,,,,60,100,-40,,,,,,,,,,,,,,,0.044581741778969064
1992-03-09,0.569196,0.578124,0.549107,0.563616,0.5240935878795838,0.5646115927311578,0.4888767373862783,0.4012253059223424,0.004027872148477399,0.03425413073241812,0.03022625858394072,0,,,53.08389072232362,61.56996092088959,,,,,,,60.36108695986895,,,79.08606684458205,85.64743455674734,,,,,60,100,-40,,,,,,,,,,,,,,,0.08813815719008435
1992-03-16,0.560267,0.571428,0.551339,0.564732,0.5255614744596135,0.5646356741849262,0.49185145356720855,0.40285223820172206,0.0017855892487472873,0.03245824514487483,0.030672655896127544,0,,,44.06146866165845,53.46266209526101,,,,,,,60.585757666441985,,,64.53855962354547,72.33776955799613,,,,,60,100,-40,,,,,,,,,,,,,,,0.10352973480486338
1992-03-23,0.562499,0.582589,0.540178,0.544642,0.5281999405696411,0.560636939347941,0.49392167107437684,0.40426308160269997,-0.0012751673865381806,0.029078696662954817,0.030353864049492998,0,,,33.478632394752076,43.54133059291138,,,,,,,54.55543456395358,,,44.739563901713105,54.68579415623444,,,,,60,100,-40,,,,,,,,,,,,,,,-0.015819868514456683
1992-03-30,0.546874,0.546874,0.51116,0.526785,0.5274610876718097,0.5538665514783528,0.4952104290714601,0.40548220516884226,-0.004543066374597667,0.024675031081245913,0.02921809745584358,0,,,14.315073557976472,30.618391538128993,,,,,,,49.78398473510856,,,26.9541031493887,36.360222408765985,,,,,60,100,-40,,,,,,,,,,,,,,,0.03849974448007032
1992-04-06,0.526785,0.546874,0.488839,0.495535,0.5277317242666804,0.5422002411826823,0.4952231573431676,0.406378252878605,-0.008613844915734865,0.018450791311174997,0.027064636226909862,0,,,-3.829078230228994,14.654875907499845,,,,,,,42.70326991970582,,,8.723552922867205,17.44710584573439,,8.723552922867205,,,60,100,-40,,,,,,,,,,,,,,,-0.03127590278351049
1992-04-13,0.495535,0.543526,0.493303,0.526785,0.5247943153904889,0.5391171929461458,0.49646087666304334,0.40757632996439,-0.008966219185042017,0.01585686224560734,0.024823081430649357,0,,,-12.429223381359567,-0.6477426845373687,,,,,,,50.35294587507129,,,8.87209274214108,8.823042343573398,,,,,60,100,-40,,,,,,,,,,,,,,,-0.006185929653575569
1992-04-20,0.526785,0.526785,0.5,0.504464,0.5231827214340254,0.5321865543569166,0.49677472463704164,0.40854038638265483,-0.010367837893933349,0.01186328406323267,0.02223112195716602,0,,,-21.55109011733314,-12.603130576307239,,,,,,,45.6381099558932,,,9.517059063385844,6.988815316870117,,,,,60,100,-40,,,,,,,,,,,,,,,-0.009211441939294728
1992-04-27,0.5,0.54241,0.473214,0.529017,0.5250345270458808,0.5315526434855333,0.4980391275924518,0.4097391586574543,-0.009338607947980814,0.010557862022190001,0.019896469970170815,0,,,-25.93321917495723,-19.97117755788332,,,,,,,51.09503145405679,,,17.860465668467647,14.171844321886406,,,,,60,100,-40,,,,,,,,,,,,,,,0.006029221048904588
1992-05-04,0.531249,0.561383,0.529017,0.553571,0.5206953465426036,0.5359563147884266,0.5002168480790223,0.41117032125787767,-0.006818374698841643,0.011373501596618762,0.018191876295460405,0,,,-15.11360560861032,-20.865971633633567,,,,,,,55.89183510592664,,,23.977553038823253,20.38737397564924,,,,,60,100,-40,,,,,,-20.865971633633567,,,,,,,,,0.06367142817960958
1992-05-11,0.553571,0.564732,0.537946,0.541294,0.5219275360752748,0.5370238518307413,0.5018277167818058,0.4124650842304361,-0.005830652177121313,0.010903561074058765,0.016734213251180078,0,,,-6.761131319822397,-15.935985367796654,,,,,,,53.07216763305973,,,32.28375890260819,28.42108423056563,,,,,60,100,-40,,,,,,,,,,,,,,,0.009059598260868437
1992-05-18,0.549107,0.549107,0.524553,0.531249,0.49261885492704083,0.535868881464593,0.502981492594284,0.413647013740581,-0.005699525475030855,0.009609806407391508,0.015309331882422363,0,,,-6.983518274145809,-9.619418400859514,,,,,,,50.8005374836769,,,34.39829906012562,33.127690949224814,34.39829906012562,,,,60,100,-40,,,,,,,,,,,,,,,-0.034554495365180654
1992-05-25,0.531249,0.541294,0.524553,0.533482,0.48804436528939504,0.5353915051716744,0.50417759092392,0.4148394016635603,-0.005315626668259663,0.008664798547097785,0.013980425215357448,0,,,-8.327197388237412,-7.357282327401872,,,,,,,51.30250808244761,,,32.19023972438961,34.0489550486141,,,,,60,100,-40,,,,,,-7.357282327401872,,,,,,,,,-0.08650623799298697
1992-06-01,0.51116,0.531249,0.477678,0.489955,0.49113048205443827,0.5263042041373396,0.5036198422602368,0.4155868205524801,-0.00770160072097619,0.004353424314137211,0.0120550250351134,0,,,-25.877050871454337,-13.729255511279186,,,,,,,42.20859262474898,,,23.41918076741115,28.209698276503463,,,,,60,100,-40,,,,,,,,,,,,,,,-0.11327785529806306
1992-06-08,0.491071,0.491071,0.477678,0.487723,0.4772547333362641,0.5185879633098717,0.502996436681404,0.41630459348230614,-0.009045696784919281,0.0007479040539642989,0.00979360083888358,0,,,-39.99120647081732,-24.731818243503017,,,,,,,41.79701182179401,,,14.561634914277889,19.520864371759934,,,,,60,100,-40,,,,,,,,,,,,,,,-0.12920814557747
1992-06-15,0.482142,0.482142,0.390625,0.399553,0.48079260952653097,0.49478097064789733,0.49893983132134895,0.4161379109600941,-0.015130049593777877,-0.009118961153338767,0.00601108844043911,0,,,-59.197977314863934,-41.68874488571186,,,,,,,29.490696774449148,,29.490696774449148,4.7051781191857796,9.410356238371559,,,,,60,100,-40,,,,,,,,,,,,,,,-0.2234437279161599
1992-06-22,0.392857,0.415178,0.381696,0.404017,0.47211992313177875,0.47662817651831785,0.49521736734796273,0.41601730488088917,-0.017920381754555133,-0.016389388752754808,0.001530993001800326,0,,,-70.25084878423799,-56.480010856639744,,,,,,,30.61126223964402,,,2.6757068738108067,3.738454801104364,,2.6757068738108067,,,60,100,-40,,,,,,,,,,,,,,,-0.17473203640648377
1992-06-29,0.408482,0.441964,0.404017,0.412946,0.4731547143366517,0.46389174121465426,0.4919910392166701,0.41598674463331814,-0.01817402172234127,-0.021186534151126257,-0.0030125124287849903,0,,,-71.23633150514986,-66.89505253475059,,,,,,,32.92128515184051,,,4.57321121316828,2.6898453432134524,,,,,60,100,-40,,,,,,,,,,,,,,,-0.20196214325113238
1992-07-06,0.415178,0.41741,0.388392,0.408482,0.4734777347411766,0.4528097929717234,0.4887161749336634,0.41591207055736473,-0.017637703641001576,-0.025059641980036962,-0.007421938339035385,0,,,-72.10878923095474,-71.19865650678086,,,,-71.19865650678086,,-71.19865650678086,32.33820708245645,,,8.328629483769182,6.1816987492946796,,,,,60,100,-40,,,,,,,,,,,,,,,-0.19761475270216333
1992-07-13,0.408482,0.4375,0.398437,0.401785,0.4750532536882354,0.44260483437737874,0.4853071092499904,0.4157715026911223,-0.01673667478751416,-0.028342781823428087,-0.011606107035913926,0,,,-69.39795942382138,-70.91436005330866,,,,,,,31.433392884524295,,,10.554204699599481,9.510136675141439,,,,,60,100,-40,,,,,,-70.91436005330866,-107,,,,,,,,-0.24230752309403616
1992-07-20,0.399553,0.412946,0.390625,0.409598,0.47508123556764714,0.436003467501903,0.48233812457352016,0.4157100748036484,-0.014690145139729474,-0.029968788460575768,-0.015278643320846294,0,,,-67.34475556956711,-69.61716807478108,,,,,,,33.77526580309046,,,12.145423064473931,11.591169767812268,,,,,60,100,-40,,,,,,,,,,,,,,,-0.182049879546701
1992-07-27,0.408482,0.426339,0.404017,0.41741,0.4652219330271009,0.4322847740015224,0.4797919236098527,0.4157269894822191,-0.01199950225736382,-0.03027802114255107,-0.01827851888518725,0,,,-62.127475178847206,-66.29006339074522,,,,,,,36.13792041281871,,,15.893230430779713,14.021102486688136,,,,,60,100,-40,,,,,,,,,,,,,,,-0.17276318791251308
1992-08-03,0.41741,0.421875,0.370535,0.387276,0.4596547949537365,0.4232830192012179,0.4761638481741722,0.41544389505951046,-0.011440465402410706,-0.03257910063820063,-0.021138635235789925,0,,,-62.01343627032905,-63.828555672914455,,,,,,,31.4492757700572,,,16.823273942646946,16.027895655325192,,,,,60,100,-40,,,,,,,,,,,,,,,-0.19243975911262107
1992-08-10,0.38616,0.40625,0.383928,0.399553,0.45759388102846965,0.4185370153609743,0.4731595011869497,0.4152857767007094,-0.009514137470078614,-0.033031307073388194,-0.02351716960330958,0,,,-59.7468040546685,-61.29590516794824,,,,,,,35.16215086217019,,,19.312144644100734,18.502074973260363,,,,,60,100,-40,,,,,,,,,,,,,,,-0.14366078942418203
1992-08-17,0.395089,0.404017,0.390625,0.398437,0.41629860381215034,0.41451701228877946,0.4702292070227556,0.4151181271812993,-0.007664824600297708,-0.03309820035368172,-0.02543337575338401,0,,,-56.6583225585014,-59.47285429449965,,,,,,,34.97559989337388,,,19.485026757044295,19.1777300147496,,,,,60,100,-40,,,,,,,,,,,,,,,-0.1331326111553377
1992-08-24,0.395089,0.404017,0.38616,0.401785,0.4174146321112825,0.41197060983102357,0.46754512047284363,0.4149854592491471,-0.005658375579191993,-0.032506345227374,-0.026847969648182007,0,,,-53.49716803430191,-56.63409821582393,,,,,,,36.077791771173075,,,25.103374527121645,22.530321717130846,,,,,60,100,-40,,,,,,,,,,,,,,,-0.05763434186786998
1992-08-31,0.401785,0.439732,0.399553,0.421875,0.35403765838904805,0.41395148786481883,0.46575413535626153,0.41505401189343416,-0.0025772861257031612,-0.030069577305310957,-0.027492291179607796,0,,,-42.234252121821356,-50.79658090487488,,,,,,,42.42221832822317,,,42.48560628815108,33.1099908531884,,,,,60,100,-40,,,,,,,,,,,,,,,-0.06887250123958472
1992-09-07,0.41741,0.441964,0.415178,0.425223,0.35649132564697317,0.41620579029185506,0.4641646790677807,0.4151551958546935,-0.0000467098400757579,-0.027550678479702495,-0.027503968639626737,0,,,-30.208267807308953,-41.979895987810735,,,,,,,43.43577964978312,,,64.216128658833,51.992476594473054,,,,,60,100,-40,,,,,,,,,,,,,,,-0.04463477362756034
1992-09-14,0.4375,0.446428,0.404017,0.415178,0.35757415952933225,0.41600023223348404,0.4622436328298285,0.415155422761612,0.001151554956340877,-0.02606452494420064,-0.027216079900541517,0,,,-22.957473790785304,-31.799997906638534,,,,,,,41.08503549410876,,,83.94895043107894,74.04972582711615,83.94895043107894,,,,60,100,-40,,,,,,,,,,,,,,,-0.10631304974830805
1992-09-21,0.41741,0.426339,0.404017,0.40625,0.3563475052772371,0.4140501857867872,0.46004780409140383,0.41506681158985465,0.0015205974056192798,-0.025315333143517416,-0.026835930549136695,0,,,-22.37163743071365,-25.179126342935962,,,,,,,39.05011962250362,,,83.9103612564101,84.52716956776372,,,,,60,100,-40,,,,,,,,,,,,,,,-0.1662530460418549
1992-09-28,0.401785,0.40625,0.383928,0.390625,0.358078326328863,0.40936514862942974,0.4573253411858586,0.41482360948448294,0.000919700893753421,-0.025686304431944917,-0.02660600532569834,0,,,-31.082421298836543,-25.470510840111828,,,,,,,35.69789331068442,,,70.79112166665851,79.68099282835381,,,,,60,100,-40,,,,,,-25.470510840111828,,,,,,,,,-0.15565153069486504
1992-10-05,0.38616,0.404017,0.370535,0.387276,0.3596855173053728,0.4049473189035438,0.45457830819817785,0.41454950391747314,0.0005236948766214888,-0.025951386729921477,-0.026475081606542966,0,,,-38.70508671193115,-30.719715147160443,,,,,,,35.00024070464221,,,53.51165763201564,63.05452967851275,,53.51165763201564,,,60,100,-40,,,,,,,,,,,,,,,-0.13732142455975083
1992-10-12,0.38616,0.441964,0.38616,0.4375,0.37186062321213187,0.41145785512283506,0.4539085706217787,0.4147778670625729,0.0036945796391344883,-0.021856857057624857,-0.025551436696759345,0,,,-24.793418272523173,-31.526975427763617,,,,,,,50.664624867428515,,,54.460581191199935,53.69779961822041,,,,,60,100,-40,,,,,,-31.526975427763617,,,,,,,,,-0.09334162791565881
1992-10-19,0.4375,0.446428,0.428571,0.435267,0.36857715012555103,0.41621968409826804,0.4531775286366109,0.41498173903209956,0.005578795536064475,-0.01857794227667875,-0.024156737812743224,0,,,-7.727475451452467,-23.741993478635592,,,,,,,50.08327996158001,,,66.97930465918512,58.287689417017056,,,,,60,100,-40,,,,,,,,,,,,,,,-0.07284241604447841
1992-10-26,0.435267,0.482142,0.433035,0.46875,0.4021992108308688,0.42672574727861445,0.4537882137881164,0.41551674660391946,0.008824375081539666,-0.013126268960818643,-0.02195064404235831,0,,,11.744391963044517,-6.925500586977038,,,,,,,57.92560237176581,,,87.85255024230908,76.6498457875377,,,,,60,100,-40,,,,,,,,,,,,,,,-0.06043621218157264
1992-11-02,0.46875,0.504464,0.459821,0.497767,0.4289545529143782,0.44093399782289155,0.4555128720709354,0.41633515708547253,0.012447970122678557,-0.006390681389010111,-0.01883865151168867,0,,,29.342261691774695,11.119726067788918,,,,,,,63.33382447115129,,,95.15786556445924,91.26047643183803,,,,,60,100,-40,,,,,,,,,,,,,,,0.06955287944294539
1992-11-09,0.5,0.520089,0.488839,0.502232,0.43195715627763687,0.45319359825831323,0.45734499473482026,0.41718985203984593,0.014523320389432642,-0.0006845010248978656,-0.015207821414330507,0,,,41.9579508867744,27.68153484719787,,,,,,,64.103000637202,,,99.68508489902683,99.37016979805365,,,,,60,100,-40,,,,,,,,,,,,,,,0.04065094068390064
1992-11-16,0.502232,0.531249,0.489955,0.513392,0.44367250225780563,0.4652332786066506,0.45954291650992535,0.41814708734293204,0.01591362521007705,0.004684210098265806,-0.011229415111811244,0,,,49.703853454156246,40.334688677568444,,,,,,,66.0324326846625,66.0324326846625,,99.84254244951342,99.68508489902683,99.84254244951342,,,,60,100,-40,,,,,,,,,,,,,,,0.07596464783073657
1992-11-23,0.504464,0.513392,0.5,0.504464,0.4427533235251052,0.47307942288532046,0.46130452762718316,0.4190059620957387,0.015483435138949272,0.008124878811875347,-0.007358556327073926,0,,,52.15947579062571,47.940426710518786,,,,,,,63.09338092916347,,,98.19677513769801,99.09838756884902,,,,,60,100,-40,,,,,,,,,,,,,,,0.04538625612235499
1992-11-30,0.502232,0.526785,0.496651,0.507812,0.4458858004161691,0.48002593830825635,0.463128350073176,0.4198896042639403,0.014682881173256567,0.010995045139496784,-0.0036878360337597835,0,,,53.46391896448142,51.775749403087794,,,,,,,63.748869116879874,,,96.36958039237024,97.50858087282188,,,,,60,100,-40,,,,,,,,,,,,,,,0.09101165479328947
1992-12-07,0.506696,0.524553,0.504464,0.513392,0.44640281467215703,0.48669915064660507,0.4650994735997181,0.42081997636081653,0.01380113242473154,0.013563579497154643,-0.00023755292757689792,0,,,53.91131001783931,53.17823492431548,,,,,,,64.87524857818654,,,94.92773840523202,95.59530485723242,,94.92773840523202,,,60,100,-40,,,,,,,,,,,,,,,0.046866238674479366
1992-12-14,0.513392,0.529017,0.486607,0.520089,0.4550148993384316,0.49337712051728405,0.4672559256154154,0.42180772783981335,0.012954543843756265,0.015955626877118434,0.003001083033362169,0,,,52.52397087221168,53.29973328484414,,,,,,,66.23915531282421,,,96.2251314753148,95.48525370394496,,,,,60,100,-40,,,,,,53.29973328484414,,105,,,,,,,0.07537683532859554
1992-12-21,0.520089,0.546874,0.517857,0.526785,0.460300477957115,0.5000586964138273,0.4695903991206932,0.4228522778115565,0.012144782703453,0.01818206141267842,0.006037278709225419,0,,,54.899946242280905,53.77840904411064,,,,,,,67.60182084055327,,,97.89059156086137,96.75159108040975,,,,,60,100,-40,,,,,,53.77840904411064,,,,,,,,,0.07681849852495304
1992-12-28,0.529017,0.54241,0.524553,0.533482,0.467601086674464,0.5067433571310618,0.4720959520963523,0.4239530710671629,0.011372936707784134,0.020253449593955586,0.008880512886171452,0,,,55.8127704877121,54.412229200734906,,,,,,,68.95930377710451,,,99.33243354799961,98.66486709599923,,,,,60,100,-40,,,,,,,,,,,,,,,0.06034115457099311
1993-01-04,0.531249,0.562499,0.51116,0.555803,0.4920768661977166,0.5165552857048494,0.4753785814259071,0.4252650106585344,0.011636482588963323,0.023426116122375606,0.011789633533412284,0,,,57.374611215102945,56.029109315031995,,,,,,,73.03832610747276,73.03832610747276,,99.83826534021884,99.67653068043768,99.83826534021884,,,,60,100,-40,,,,,,,,,,,,,,,0.11003609791005893
1993-01-11,0.553571,0.582589,0.535714,0.537946,0.48929459004073683,0.5208334285638796,0.47783220568371465,0.4263862145325788,0.009944588534591722,0.024220369201651937,0.014275780667060214,0,,,59.04344016175117,57.410273954855406,,,57.410273954855406,,57.410273954855406,,65.57056351825105,,,93.6491371986109,96.82456859930546,,,,,60,100,-40,,,,,,,,,,,,,,,-0.04033102427860565
1993-01-18,0.531249,0.540178,0.517857,0.531249,0.48734876218068424,0.5229165428511037,0.4799269819314121,0.42742962533324963,0.0078052938931876155,0.024032398033544733,0.016227104140357117,0,,,52.72253727629047,56.38019621771486,,,,,,,62.95535527278586,,,83.37960106789734,89.30822698342776,,,,,60,100,-40,,,,,,56.38019621771486,,105,,,,,,,-0.030513570364508996
1993-01-25,0.529017,0.553571,0.524553,0.531249,0.48904963631063536,0.5245830342808829,0.48193961009096453,0.42846265393689886,0.0059073196424961685,0.02361125369347733,0.01770393405098116,0,,,49.53820444046803,53.76806062616989,,,,,,,62.95535527278586,,,66.2252333817179,75.09378692842976,,,,,60,100,-40,,,,,,,,,,,,,,,-0.056465285897990235
1993-02-01,0.529017,0.549107,0.502232,0.51116,0.48967230514558996,0.5218984274247064,0.48308550773445613,0.4292855131017058,0.002964598259199376,0.02140968187498038,0.018445083615781004,0,,,39.84489276065756,47.36854482580535,,,,,,,55.204117414367495,,,44.83436963373308,56.11909856370979,,,,,60,100,-40,,,,,,,,,,,,,,,-0.07529929892367723
1993-02-08,0.508928,0.513392,0.47991,0.481026,0.4876994976351907,0.5137239419397651,0.4830047427252618,0.42980034381711174,-0.0011264934213279301,0.017036966839121093,0.018163460260449023,0,,,20.358447201477368,36.580514800867654,,,,,,,46.00044787974897,,,23.977078767108722,34.715119518244975,,,,,60,100,-40,,,,,,,,,,,,,,,-0.10950939014366155
1993-02-15,0.477678,0.495535,0.459821,0.491071,0.4877808906612485,0.5091933535518121,0.4833210665399574,0.43041000208758823,-0.0031562021495245285,0.014218207573543362,0.01737440972306789,0,,,3.8845661926600634,21.362635384931668,,,,,,,49.066958147574766,,,10.471201358389003,16.932770359126724,,,,,60,100,-40,,,,,,,,,,,,,,,-0.04893115628796448
1993-02-22,0.491071,0.5,0.465401,0.473214,0.48753761275687363,0.5019974828414496,0.48292471098937084,0.4308359125145774,-0.005560922126065272,0.010423257065486302,0.015984179191551574,0,,,-8.048993326493388,5.398006689214682,,,,,,,44.22980383275732,,,5.547866634038156,7.0861009104250305,,5.547866634038156,,,60,100,-40,,,,,,,,,,,,,,,-0.07765093262715263
1993-03-01,0.473214,0.497767,0.470982,0.491071,0.48747099755995404,0.4998121862731597,0.48324417330351316,0.43143526661890996,-0.005782773981143203,0.008755711715122572,0.014538485696265774,0,,,-13.832020829498891,-5.998815987777406,,,,,,,49.611221990998246,,,8.407541120736227,6.20858673919377,,,,,60,100,-40,,,,,,,,,,,,,,,-0.09470694135153536
1993-03-08,0.491071,0.513392,0.491071,0.502232,0.48852542630567164,0.5002961490185278,0.4839887939582774,0.4321397117271795,-0.005038959511320199,0.008239786307115526,0.013278745818435725,0,,,-11.099139556758654,-10.993384570916978,,,,,,,52.70150734772519,,,13.702622576965187,10.505343253465101,,,,,60,100,-40,,,,,,,,,,,,,,,-0.0847977890758166
1993-03-15,0.5,0.515624,0.477678,0.47991,0.49014225299812364,0.49621891921482225,0.4838288412540312,0.43261503797865036,-0.005854198110322069,0.005960998180533139,0.011815196290855208,0,,,-14.867440791753877,-13.266200392670475,,,,,,,46.519972662404086,,,17.54405691570431,15.64862780853816,17.54405691570431,,,,60,100,-40,,,,,,,,,,,,,,,-0.1420431329560302
1993-03-22,0.477678,0.488839,0.46875,0.475446,0.4894114492125434,0.4920643353718578,0.48350010238132407,0.43304121670523094,-0.006450886072376833,0.0037515887003841675,0.010202474772761,0,,,-23.883679804017753,-16.61675338417676,,,,,,,45.36713588115338,,,15.312823042761705,16.7412585022148,,,,,60,100,-40,,,,,,,,,,,,,,,-0.19406095715684513
1993-03-29,0.466517,0.470982,0.441964,0.447544,0.4734268456973617,0.4831602682974862,0.4820900591506839,0.4331855230066714,-0.008360366890590956,-0.0002479838404776946,0.008112383050113262,0,,,-37.97431606715831,-25.57514555430998,,,,,,,38.848253733417735,,,7.941544819343684,12.301740811216623,,,,,60,100,-40,,,,,,,,,,,,,,,-0.2200537926626217
1993-04-05,0.446428,0.453125,0.433035,0.444196,0.46655521386183585,0.475367414637989,0.480604017615363,0.43329507999167965,-0.009406548813612591,-0.0036458029669024783,0.005760745846710113,0,,,-48.083489182002424,-36.64716168439283,,,,,,,38.13592852538323,,,3.6054658718402752,6.169167038614991,,,,,60,100,-40,,,,,,,,,,,,,,,-0.22640850604395543
1993-04-12,0.441964,0.457589,0.41741,0.429687,0.46830619858599043,0.46623133171039116,0.47860727182652524,0.4332591786982301,-0.010547618647241528,-0.007423777462341796,0.003123841184899731,0,,,-55.02487005617655,-47.02755843511243,,,,,,,35.11324988696471,,,0.7705189220893969,1.5410378441787893,,0.7705189220893969,,,60,100,-40,,,,,,,,,,,,,,,-0.23483406934472523
1993-04-19,0.433035,0.453125,0.430803,0.439732,0.4469732558298482,0.4609314653683129,0.4770827513627399,0.4333235848803373,-0.010097326544907631,-0.009497816996234809,0.0005995095486728227,0,,,-56.09122942781385,-53.06652955533094,,,,,,,38.75415095360627,,,3.22830569074635,1.8745940216395809,,,,,60,100,-40,,,,,,,,,,,,,,,-0.23232777846148894
1993-04-26,0.439732,0.46875,0.433035,0.457589,0.4392817375562877,0.46026297229465035,0.4763182905249854,0.43356503179695083,-0.008151647227574306,-0.00959004948579506,-0.0014384022582207539,0,,,-51.59205167761114,-54.236050387200514,,,,,,-54.236050387200514,44.72706227325933,,,11.70914537696875,7.000077028447671,,,,,60,100,-40,,,,,,-54.236050387200514,-107,,,,,,,,-0.21827953323845264
1993-05-03,0.457589,0.495535,0.455357,0.488839,0.43867604201655286,0.46597817783572026,0.47680929873969186,0.4341150215303145,-0.004497394674790801,-0.007060145601709256,-0.0025627509269184542,0,,,-36.06924365793526,-47.917508254453416,,,,,,,53.35183401697801,,,33.79591555127358,22.148015546972545,,,,,60,100,-40,,,,,,,,,,,,,,,-0.22958476713653378
1993-05-10,0.491071,0.5,0.473214,0.495535,0.43747603901537047,0.4718895422685762,0.4775436399655863,0.43472616559468946,-0.00152053192095985,-0.004463415828118267,-0.002942883907158417,0,,,-20.406482341280153,-36.022592558942186,,,,,,,54.98242374070515,,,59.77375923288065,45.35238693670646,,,,,60,100,-40,,,,,,,,,,,,,,,-0.18398790928959996
1993-05-17,0.495535,0.527901,0.486607,0.513392,0.4494348933714154,0.480190033814861,0.4789494580061515,0.4355089102156378,0.0015914385112092912,-0.000953585768146803,-0.002545024279356094,0,,,-2.6895018387139054,-19.7217426126431,,,,,,,59.11161711620407,,,83.73467017860591,71.77707186046034,,,,,60,100,-40,,,,,,,,,,,,,,,-0.16727256378398359
1993-05-24,0.506696,0.524553,0.494419,0.50558,0.44810411527345717,0.48526802705188876,0.47999379298630246,0.4362061349896116,0.002983194363530956,0.0011839686750576006,-0.0017992256884733551,0,,,8.757850849056233,-4.779377776979271,,,,,,,56.64903092325449,,,92.88105740292687,88.91237870791502,92.88105740292687,,,,60,100,-40,,,,,,,,,,,,,,,-0.22566959752009805
1993-05-31,0.504464,0.520089,0.486607,0.489955,0.44846267846821025,0.486205421641511,0.4803844285554671,0.43674094956682935,0.0027183881909523637,0.0015987595502170993,-0.0011196286407352642,0,,,13.40540479945388,6.491251269932075,,,,,,,51.958766479553816,,,90.42360078052543,93.34730153893527,,,,,60,100,-40,,,,,,,,,,,,,,,-0.17056320237045652
1993-06-07,0.486607,0.488839,0.381696,0.390625,0.4483173442919095,0.4670893373132088,0.47686445096505664,0.43628208439701016,-0.00391889069517434,-0.00601824200970319,-0.0020993513145288493,0,,,-8.940692164626842,4.407521161294429,,,,,,,33.09053628690599,,,66.83598381253057,79.50540093627887,,,,,60,100,-40,,,,,,4.407521161294429,,,,,,,,,-0.2906347844490315
1993-06-14,0.392857,0.404017,0.35491,0.366071,0.43749996255677315,0.44688566985056705,0.4725196097507407,0.435583466641816,-0.009421413321813009,-0.01387611796679511,-0.004454704644982101,0,,,-29.24684942734236,-8.260712264171769,,,,,,,30.157782151857447,,,39.60007595682313,55.21665465613605,,,,,60,100,-40,,,,,,,,,,,,,,,-0.29839095928447207
1993-06-21,0.361607,0.375,0.352678,0.357143,0.43590553665986076,0.4289371358804536,0.4679950368193391,0.43480296448617606,-0.012905553258779399,-0.02058664621845635,-0.007681092959676951,0,,,-41.716127970093225,-26.63455652068747,,,,,,,29.140451425247733,,,13.025010657715423,26.05002131543085,,,,,60,100,-40,,,,,,,,,,,,,,,-0.2973529661947281
1993-06-28,0.361607,0.361607,0.337053,0.34375,0.4382514268984421,0.4118997087043629,0.463122682434267,0.4338969648395474,-0.01519749715820988,-0.026677964407439303,-0.011480467249229423,0,,,-49.79854205126361,-40.25383981623306,,,,,,,27.625962924407744,,,3.9972495429183788,7.9944990858367575,,,,,60,100,-40,,,,,,,,,,,,,,,-0.26948838236994566
1993-07-05,0.341518,0.348214,0.32366,0.328125,0.44011089640569623,0.3951447669634903,0.4578286556721389,0.4328445074779599,-0.016729851047002187,-0.032392781057982156,-0.01566293001097997,0,,,-55.13586806902605,-48.88351269679429,,,,,,,25.92316911945774,,,8.289665250534503e-15,1.6579330501069005e-14,,,,,60,100,-40,,,,,,,,,,,,,,,-0.33682201624748864
1993-07-12,0.328125,0.345982,0.236607,0.245535,0.44183754666243225,0.3652228135707923,0.4495034142732315,0.4309807312841493,-0.02194119925279802,-0.04308942907697749,-0.021148229824179472,0,,,-63.00710133744853,-55.98050381924605,,,,,,,19.160466828043226,,,9.079157179156837e-15,1.8158314358313673e-14,,,,,60,100,-40,,,,,,,,,,,,,,,-0.39430568329402116
1993-07-19,0.25,0.256696,0.227678,0.234375,0.43132357904368707,0.33905325085663385,0.4410670058703597,0.4290244553509737,-0.024576778180394138,-0.051869202549672144,-0.027292424369278007,0,,,-68.86500433498068,-62.33599124715175,,,,,,,18.455674867470123,,18.455674867470123,9.079157179156837e-15,1.8158314358313673e-14,,,,,60,100,-40,,,,,,,,,,,,,,,-0.4363525766545723
1993-07-26,0.238839,0.252232,0.232143,0.247768,0.4330401805405666,0.32079620068530706,0.433486652698973,0.427220908531561,-0.023836822874326313,-0.0570884529621859,-0.033251630087859585,0,,,-69.8248519486657,-67.23231920703164,,,,,,,22.17733520174258,,,2.8834674074782316,1.4417337037391158,,,,,60,100,-40,,,,,,,,,,,,,,,-0.4175991880705495
1993-08-02,0.252232,0.274553,0.236607,0.26116,0.43590973907338326,0.30886896054824564,0.42672874474999367,0.4255685611829883,-0.020965672662065102,-0.059458720915440966,-0.038493048253375864,0,,,-67.24400620649627,-68.64462083004754,,,,-68.64462083004754,,-68.64462083004754,25.84357971591436,,,9.062201361830354,5.6124009587195145,,,,,60,100,-40,,,,,,-68.64462083004754,-107,,-106,,,,,,-0.376416828925899
1993-08-09,0.26116,0.270089,0.232143,0.244419,0.4282113291395703,0.2959789684385965,0.419579342995092,0.42376607798713767,-0.01878447386408716,-0.06197364058348481,-0.043189166719397654,0,,,-64.84453220985816,-67.3044634550067,,,,,,,24.29366960598331,,,15.541397976837677,11.979999707458475,,,,,60,100,-40,,,,,,,,,,,,,,,-0.37678785214921356
1993-08-16,0.245535,0.265625,0.241071,0.25,0.4126918056296009,0.2867831747508772,0.41292917268155893,0.4220370622857731,-0.015682713783869408,-0.06279255894923441,-0.047109845165365004,0,,,-61.36023889422552,-64.48292577019332,,,,,,,25.898660715994154,,,20.618959191539304,18.21317909855917,,,,,60,100,-40,,,,,,,,,,,,,,,-0.3630050565265779
1993-08-23,0.25,0.256696,0.234375,0.236607,0.3153728909417723,0.2767479398007018,0.406014577674439,0.4201919870391485,-0.01334169539127606,-0.06378696440446008,-0.05044526901318402,0,,,-58.922733379326104,-61.709168161136596,,,,,,,24.54582216243631,,,21.717185984242043,21.390476874805103,,,,,60,100,-40,,,,,,,,,,,,,,,-0.3882674263960911
1993-08-30,0.236607,0.238839,0.225446,0.22991,0.2930053273030742,0.2673803518405614,0.3991085158048531,0.41829863393428135,-0.01114248370349201,-0.06437337364254903,-0.053230889939057016,0,,,-57.526858627649595,-59.26994363373373,,,,,,,23.870373394099786,,,22.614499893295196,22.574408541197204,,,,,60,100,-40,,,,,,,,,,,,,,,-0.3857752895848833
1993-09-06,0.232143,0.241071,0.226562,0.234375,0.2873830182099975,0.2607792814724491,0.392648377930153,0.4164685480244875,-0.008409711283942953,-0.06374302904398571,-0.05533331776004276,0,,,-54.966504791117785,-57.13869893269783,,,,,,,25.354000096460496,,,29.57838020172425,25.963811685630173,,,,,60,100,-40,,,,,,,,,,,,,,,-0.38055259910325057
1993-09-13,0.234375,0.236607,0.209821,0.225446,0.27690015976642623,0.2537126251779593,0.3860914219328921,0.4145678261535971,-0.006321376136485743,-0.06323503793064994,-0.0569136617941642,0,,,-53.73108467707273,-55.40814936528003,,,,,,,24.326926305461484,,,39.97277665779194,33.94827331969885,,,,,60,100,-40,,,,,,,,,,,,,,,-0.37588833130589394
1993-09-20,0.225446,0.227678,0.213169,0.223214,0.2622235769259672,0.24761290014236742,0.3797040720531708,0.4126638079829146,-0.004304641176106107,-0.06229446326429683,-0.05798982208819072,0,,,-52.24235429334239,-53.646647920510965,,,,,,,24.062954475994346,,,53.01579235261893,46.305453354735306,,,,,60,100,-40,,,,,,,,,,,,,,,-0.38551023180024524
1993-09-27,0.223214,0.225446,0.200893,0.203125,0.197893107145541,0.23871532011389393,0.3727794025608896,0.410578844719403,-0.0035682852797924575,-0.06245017868793129,-0.05888189340813883,0,,,-52.29550222522743,-52.75631373188085,,,,,,,21.760622752817525,,,54.99570643479734,53.92870605399557,,,,,60,100,-40,,,,,,,,,,,,,,,-0.4427094554653514
1993-10-04,0.202009,0.214286,0.196428,0.202009,0.19890459949228806,0.23137405609111514,0.36608252402909003,0.40850352288139896,-0.002454101789071031,-0.06194952064447762,-0.05949541885540659,0,,,-52.28746988470569,-52.27510880109185,,,,,,,21.6360380653489,,21.6360380653489,53.67824459051802,55.78633183678443,,,,,60,100,-40,,,,,,-52.27510880109185,,,,,,,,,-0.46628264340035674
1993-10-11,0.203125,0.254464,0.203125,0.252232,0.20080027095712466,0.23554564487289212,0.3616177975965767,0.4069485823552159,0.002120417815529907,-0.056844896585994203,-0.05896531440152411,0,,,-43.48327219874618,-49.355414769559765,,,,,,,38.73612667617223,,,60.58757648662683,57.202004283276096,,,,,60,100,-40,,,,,,-49.355414769559765,,,,,,,,,-0.37635987731958565
1993-10-18,0.25,0.28125,0.243303,0.270089,0.2065471087459015,0.2424543158983137,0.35802843298494624,0.40558679546610926,0.00655364981351092,-0.05077325213463546,-0.05732690194814638,0,,,-28.26054175095439,-41.343761278135425,,,,,,,43.48624163284178,,,74.04682096321773,65.90923699016615,,,,,60,100,-40,,,,,,,,,,,,,,,-0.3132836686904158
1993-10-25,0.270089,0.287946,0.258928,0.274553,0.21012881526405133,0.24887405271865096,0.3547548865933797,0.40428297660574997,0.00979628106485362,-0.04508155061707936,-0.05487783168193298,0,,,-14.418657748381596,-28.720823899360724,,,,,,,44.64851094541138,,,91.02625893770781,82.05251787541562,,,,,60,100,-40,,,,,,,,,,,,,,,-0.2267922672435541
1993-11-01,0.274553,0.294643,0.270089,0.284598,0.220630114173762,0.25601884217492077,0.35200363613873736,0.4030920813161405,0.012456521421219051,-0.03930717990540916,-0.05176370132662821,0,,,-1.9553547527556656,-14.878184750697223,,,,,,,47.29106965729811,,,97.03073415604487,94.06146831208976,,,,,60,100,-40,,,,,,,,,,,,,,,-0.18431586065376204
1993-11-08,0.285714,0.28683,0.265625,0.283482,0.22169153458992186,0.2615114737399366,0.3493165131529045,0.4019019312532933,0.013871616374196753,-0.03442418085888227,-0.04829579723307902,0,,,5.751776171567699,-3.5407454431898606,,,,,,,47.0208838793834,,,99.7984151087281,99.89920755436405,99.7984151087281,,,,60,100,-40,,,,,,,,,,,,,,,-0.1349115032377388
1993-11-15,0.28125,0.3125,0.28125,0.294643,0.23320056783349882,0.2681377789919493,0.3471724538135749,0.4008346782059969,0.015183969934070604,-0.02931583481549077,-0.044499804749561375,0,,,15.90173410920076,6.56605184267093,,,,,,,50.10908674178101,,,99.74801888591011,99.7984151087281,,,,,60,100,-40,,,,,,,,,,,,,,,-0.11759738364418833
1993-11-22,0.29241,0.299107,0.279018,0.291294,0.2331250272739632,0.27276902319355945,0.34498114189931706,0.3997447212089223,0.015402529796133137,-0.025246642504394956,-0.04064917230052809,0,,,20.874178223826767,14.175896168198408,,,,,,,49.177250700744054,,,99.08485546758747,99.3912390653398,,,,,60,100,-40,,,,,,,,,,,,,,,-0.0949109846719695
1993-11-29,0.287946,0.291294,0.276785,0.28125,0.2346493110401087,0.27446521855484757,0.34248188143267716,0.3985656692565947,0.01446169894931433,-0.022572048613885176,-0.03703374756319951,0,,,22.006650342777377,19.594187558601636,,,,,19.594187558601636,,46.37528222655295,,,96.6325317176995,97.93528949208157,,,,,60,100,-40,,,,,,,,,,,,,,,0.009568031548228731
1993-12-06,0.28125,0.290178,0.247768,0.252232,0.2368618602515295,0.27001857484387803,0.3389426703961016,0.3971096128460813,0.011599666884455982,-0.022534163957629527,-0.03413383084208551,0,,,14.348875563622556,19.0765680434089,,,,,,,39.35682121537884,,,88.31128932472183,92.68270611564905,,,,,60,100,-40,,,,,,19.0765680434089,,,,,,,,,0.03491346161151327
1993-12-13,0.252232,0.265625,0.247768,0.263393,0.23493051309070595,0.2686934598751024,0.3359799382237055,0.3957790992854238,0.010221187493435584,-0.021357346475291028,-0.03157853396872661,0,,,6.287566414413927,14.214364106937955,,,,,,,42.95412652268609,,,81.36081354176304,85.49781839015952,,,,,60,100,-40,,,,,,,,,,,,,,,0.04875697858148124
1993-12-20,0.26116,0.26116,0.236607,0.243303,0.2366446907270841,0.26361536790008194,0.33234554848944253,0.3942619241681559,0.007827170378894927,-0.021794570995107954,-0.02962174137400288,0,,,-4.89244184667419,5.248000043787431,,,,,,,38.500620865191195,,,72.40791778674041,76.4948792001605,,72.40791778674041,,,60,100,-40,,,,,,,,,,,,,,,0.01335187256434037
1993-12-27,0.247768,0.270089,0.243303,0.26116,0.23696085567514952,0.26312429432006557,0.32955395835260165,0.39293752691275136,0.007325981410878382,-0.020464264610404903,-0.027790246021283285,0,,,-7.62450537690488,-2.0764602697217143,,,,,,,44.083143971580036,,,72.89614729234737,72.83426491284541,,,,,60,100,-40,,,,,,,,,,,,,,,0.04749367510759045
1994-01-03,0.263393,0.303571,0.258928,0.295759,0.23837043741263886,0.26965123545605246,0.3282286658681859,0.3919705763962066,0.009089191542913443,-0.01642875659264148,-0.025517948135554924,0,,,5.375123239177496,-2.3806079948005245,,,,,,,53.03219901734098,,,77.27532721121781,73.95741011690131,,,,,60,100,-40,,,,,,-2.3806079948005245,,,,,,,,,0.111010326577548
1994-01-10,0.294643,0.302455,0.265625,0.276785,0.23609204902602177,0.271077988364842,0.3262112672066884,0.39082445125793586,0.008739632963688057,-0.014593406930944852,-0.02333303989463291,0,,,12.150206807243341,3.3002748898386525,,,,,,,48.42766757487785,,,80.90758984221421,78.84161341545301,,,,,60,100,-40,,,,,,,,,,,,,,,0.09945145769854664
1994-01-17,0.276785,0.299107,0.256696,0.297991,0.2373245455241631,0.27646059069187356,0.3251045900613281,0.38990073532502106,0.009628430666540965,-0.011297501561456702,-0.020925932227997667,0,,,18.41087735729545,11.978735801238763,,,,,,,53.33350301274071,,,87.07873134906447,84.43106831815966,,,,,60,100,-40,,,,,,,,,,,,,,,0.19985501052361943
1994-01-24,0.296875,0.314732,0.294643,0.303571,0.24117914941529428,0.28188267255349886,0.32426013554911914,0.38904173298347855,0.010227653895865406,-0.008141364858165911,-0.018369018754031317,0,,,31.20802416526331,20.5897027766007,,,,,,,54.56552722720908,,,88.60092302813698,87.47545167630466,,,,,60,100,-40,,,,,,,,,,,,,,,0.18193993722529184
1994-01-31,0.299107,0.3125,0.287946,0.299107,0.24276585302848755,0.2853275380427991,0.32327373807660464,0.3881468600184688,0.009949669675866451,-0.005931931659198253,-0.015881601335064704,0,,,36.65375371089688,28.757551744485212,,,,,,,53.34496597858823,,,95.00279777747735,92.36459607872332,,,,,60,100,-40,,,,,,,,,,,,,,,0.1702417485661833
1994-02-07,0.299107,0.334821,0.299107,0.330357,0.27038736352645276,0.29433343043423926,0.3235515130539927,0.387571836535698,0.011392947948904894,-0.0016404163989335863,-0.01303336434783848,0,,,47.31630567185723,38.392694516005804,,,,,,,60.11164118843857,60.11164118843857,,96.32189862685439,95.00279777747737,96.32189862685439,,,,60,100,-40,,,,,,,,,,,,,,,0.2055565658575716
1994-02-14,0.330357,0.339285,0.32366,0.32366,0.269568908988849,0.3001987443473914,0.3235557674440322,0.386935897863701,0.0113917654523855,0.0012063424676433954,-0.010185422984742105,0,,,54.58773805403551,46.185932478929864,,,,,,,58.15349537634492,,,95.85571643175368,96.74835795399254,,,,,60,100,-40,,,,,,,,,,,,,,,0.21091228594459227
1994-02-21,0.32366,0.341518,0.316964,0.321428,0.2716787726325026,0.30444459547791314,0.32347232558348193,0.3862840779844602,0.01074426664894673,0.003244910326441308,-0.007499356322505422,0,,,56.859422753972545,52.92115549328843,,,,,,,57.477474484481974,,,94.57024062277458,95.43613890782383,,,,,60,100,-40,,,,,,,,,,,,,,,0.19861083608739316
1994-02-28,0.32366,0.334821,0.310268,0.328125,0.2723623603016096,0.3091806763823305,0.32365478340373754,0.38570538069108246,0.010270951825969198,0.005339333459956075,-0.004931618366013123,0,,,56.199947039199365,55.88236928240247,,,,,,,59.02573377216561,,,92.94727617432488,93.64049239897248,,92.94727617432488,,,60,100,-40,,,,,,,,,,,,,,,0.1554365443776376
1994-03-07,0.330357,0.340401,0.321428,0.332589,0.2752292631372089,0.3138623411058644,0.3240051448388851,0.38517685949017616,0.009765709672460234,0.007275518724562169,-0.0024901909478980645,0,,,57.04453329051205,56.70130102789466,,,56.70130102789466,,56.70130102789466,,60.07544706888071,60.07544706888071,,94.28105672549636,93.63012893459883,,,,,60,100,-40,,,,,,,,,,,,,,,0.13677774915428734
1994-03-14,0.34375,0.34375,0.319196,0.324776,0.2766159586274083,0.3160450728846915,0.3240353744530465,0.38457585591315946,0.008461194228836373,0.008086301838147403,-0.0003748923906889707,0,,,55.44643266986473,56.230304333192045,,,,,,,57.29245058882222,,,94.37081374464915,93.98191798884238,94.37081374464915,,,,60,100,-40,,,,,,56.230304333192045,,105,,,,,,,0.10413114137125773
1994-03-21,0.324776,0.325893,0.29241,0.29241,0.27710631872545055,0.3113180583077532,0.3227951636901819,0.3836587827199937,0.005137894753743379,0.006047476051490253,0.000909581297746874,0,,,40.778148496176044,51.08970481885094,,,,,,,47.431555754610336,,,83.3999410153707,89.12289401189781,,,,,60,100,-40,,,,,,,,,,,,,,,0.03922645757148047
1994-03-28,0.294643,0.303571,0.28125,0.296875,0.27628608167363267,0.3084294466462026,0.3217786866827238,0.3827952624939241,0.0030622314826831876,0.004737370651100858,0.0016751391684176708,0,,,24.776657468184144,40.333746211408304,,,,,,,48.749838909709645,,,65.12815423668756,75.67325149816868,,,,,60,100,-40,,,,,,,,,,,,,,,0.03315600764698399
1994-04-04,0.287946,0.305803,0.284598,0.299107,0.27711900441123033,0.3065649573169621,0.32088960093046015,0.38196254346413383,0.001727887823841182,0.0038349989482191482,0.0021071111243779663,0,,,13.948866589485148,26.50122418461511,,,,,,,49.43652043682786,,,42.399550420521415,54.26478645877324,,,,,60,100,-40,,,,,,,,,,,,,,,0.05092707789948494
1994-04-11,0.299107,0.299107,0.267857,0.270089,0.2780518612389996,0.2992697658535697,0.31889742050181463,0.380849373877426,-0.0010701027644833758,0.0007694826687737466,0.0018395854332571224,0,,,-1.8505196278195442,12.291668143283248,,,,,,,41.58836845292479,,,24.67555183864376,33.6171187586909,,,,,60,100,-40,,,,,,,,,,,,,,,0.011675083681431575
1994-04-18,0.272321,0.285714,0.241071,0.265625,0.2774830854362139,0.29254081268285576,0.3168083059723317,0.37970286269456605,-0.003069385704515687,-0.0019971466973874863,0.0010722390071282006,0,,,-17.30159786991382,-1.734416969416073,,,,,,,40.516430850389014,,,11.37443830274467,17.254293976588897,,,,,60,100,-40,,,,,,,,,,,,,,,0.027310912210132963
1994-04-25,0.265625,0.28125,0.263393,0.267857,0.2750416507621986,0.2876040501462846,0.31488864691459323,0.3785899685384012,-0.004028929620945374,-0.003963923019053517,0.00006500660189185693,0,,,-24.500254994220647,-14.550790830651337,,,,,,,41.335471242019906,,,4.543436618598478,7.578860196173515,,4.543436618598478,,,60,100,-40,,,,,,,,,,,,,,,0.043799473625614725
1994-05-02,0.267857,0.301339,0.263393,0.288504,0.2766011757077559,0.2877840401170277,0.3138539548787268,0.3776935907419992,-0.0031020993580257077,-0.0038126175956402775,-0.00071051823761457,0,,,-23.23961504900393,-21.680489304379467,,,,,,,48.44878665040354,,,11.557017804473261,7.529157819717613,,,,,60,100,-40,,,,,,,,,,,,,,,0.02896551830208167
1994-05-09,0.287946,0.290178,0.26116,0.267857,0.2751794488714876,0.28379863209362216,0.31205015272661984,0.3766006893415813,-0.0036697285762867936,-0.005297678957973062,-0.0016279503816862685,0,,,-27.810198650285585,-25.183356231170052,,,,,,,42.82354479217311,,,15.771469845761242,12.158957630443709,,,,,60,100,-40,,,,,,,,,,,,,,,0.03114700716758133
1994-05-16,0.267857,0.290178,0.256696,0.277343,0.2751347025235242,0.28250750567489774,0.3106890879138112,0.37561305064166506,-0.0032129182657237303,-0.005644098213840931,-0.002431179948117201,0,,,-29.71638922670525,-26.922067641998254,,,,,,,45.94721135071482,,,24.03242978587035,20.758429855512095,24.03242978587035,,,,60,100,-40,,,,,,,,,,,,,,,0.026514377373388114
1994-05-23,0.276785,0.283482,0.263393,0.267299,0.2744554380575582,0.2794658045399182,0.30898751583875983,0.3745352988939868,-0.003376991940233243,-0.006652419873408755,-0.0032754279331755117,0,,,-32.53262232491202,-30.01973673396762,,,,,,,43.23767216804515,,,19.539891331581998,21.442548610117843,,,,,60,100,-40,,,,,,,,,,,,,,,-0.03845481894087378
1994-05-30,0.263393,0.263393,0.238839,0.246652,0.267924978196304,0.27290304363193457,0.3065429858058673,0.3732628282582257,-0.00459058449665954,-0.009013658553999937,-0.004423074057340397,0,,,-44.064193809220924,-35.4377351202794,,,,,,,38.218600291470494,,,16.716030482343317,19.593931183490348,,,,,60,100,-40,,,,,,,,,,,,,,,-0.03069310172584175
1994-06-06,0.245535,0.247768,0.227678,0.236607,0.2422510511822823,0.26564383490554766,0.30380039812720583,0.3719030687730692,-0.005711318886094739,-0.011562222664958821,-0.005850903778864082,0,,,-53.94090739854422,-43.512574510892385,,,,,,,36.01515874594118,,,8.184340029055765,11.961010973088493,,,,,60,100,-40,,,,,,,,,,,,,,,-0.1300537831128228
1994-06-13,0.235491,0.25,0.231027,0.236607,0.24344219038354786,0.25983646792443815,0.30116536290653106,0.37055683923303867,-0.006061035142730748,-0.013427197707277516,-0.007366162564546769,0,,,-57.61302061994676,-51.87270727590396,,,,,,,36.01515874594118,,,3.0409664777032344,6.08193295540645,,,,,60,100,-40,,,,,,,,,,,,,,,-0.1434126842858308
1994-06-20,0.234375,0.243303,0.220982,0.228651,0.24470781964186586,0.25359937433955054,0.2983216624003926,0.36914484083270993,-0.006403078475001753,-0.01537001065829896,-0.008966932183297208,0,,,-61.164321081833506,-57.572749700108155,,,,,,,34.1832287118489,,,0.7346115141705235,1.4692230283410275,,0.7346115141705235,,,60,100,-40,,,,,,,,,,,,,,,-0.15496409143823553
1994-06-27,0.225446,0.242187,0.219866,0.22991,0.23480176109601827,0.24886149947164043,0.2956388521101811,0.3677594195308919,-0.006119708407118674,-0.01661656769219555,-0.010496859285076876,0,,,-61.8559564087212,-60.211099370167155,,,,,,,34.75218978264036,,,0.8718667409670116,0.4359333704835169,,,,,60,100,-40,,,,,,,,,,,,,,,-0.23043580513783507
1994-07-04,0.228794,0.246652,0.227678,0.241629,0.23544892101773127,0.24741499957731236,0.2935208186940956,0.3665043904808333,-0.004777715246612945,-0.01646900334334306,-0.011691288096730113,0,,,-57.73306554509351,-60.251114345216074,,,,,,-60.251114345216074,39.9838667461216,,,9.666625023129397,5.160262539427332,,,,,60,100,-40,,,,,,-60.251114345216074,-107,,-106,,,,,,-0.1779520839827205
1994-07-11,0.242187,0.270089,0.235491,0.252232,0.23652799808789332,0.24837839966184988,0.2919016493335428,0.3653673517695812,-0.0029028782729420936,-0.015319885937907729,-0.012417007664965635,0,,,-46.417282399866465,-55.33543478456039,,,,,,,44.35693575760792,,,27.859151573198083,17.799772691169533,,,,,60,100,-40,,,,,,,,,,,,,,,-0.14819381814900617
1994-07-18,0.251116,0.285435,0.235491,0.276785,0.23529799822447237,0.2540597197294799,0.2913088395557568,0.364485935334063,0.00010452548477190259,-0.012286350809000757,-0.01239087629377266,0,,,-29.912067754015514,-44.687471899658505,,,,,,,52.95615528975391,,,55.31129544508266,40.67852721305585,,,,,60,100,-40,,,,,,,,,,,,,,,-0.11969930677666853
1994-07-25,0.277902,0.303571,0.273437,0.300781,0.24424056977986724,0.26340397578358393,0.29168029682808005,0.3638520553804902,0.003628362413311364,-0.007855423277133455,-0.01148378569044482,0,,,-7.255280894155064,-27.861543682679017,,,,,,,59.571232209368326,,,78.25190543209726,66.09160124913267,,,,,60,100,-40,,,,,,,,,,,,,,,-0.0635934016648556
1994-08-01,0.300223,0.301339,0.28683,0.296875,0.243974314795591,0.27009818062686713,0.29188401067795927,0.3631856170184953,0.005502254065969967,-0.004605968107982361,-0.010108222173952328,0,,,7.942815986562456,-9.741510887202713,,,,,,,58.12982529686779,,,92.2970893348217,86.23761299045368,,,,,60,100,-40,,,,,,,,,,,,,,,-0.013052411332636935
1994-08-08,0.295759,0.313616,0.294643,0.310268,0.25544622088162017,0.2781321445014937,0.2926049514356864,0.3626590735655749,0.007335200503940634,-0.0009392215440265361,-0.00827442204796717,0,,,20.98634560041953,7.224626897608967,,,,,,,61.58272752454098,,,97.03250633516842,95.70844699114711,,,,,60,100,-40,,,,,,,,,,,,,,,0.0806063614296991
1994-08-15,0.310268,0.315848,0.303571,0.311384,0.25776763367579014,0.28478251560119494,0.2933413847127183,0.362148873828604,0.008246189329110216,0.0020333146134206004,-0.006212874715689615,0,,,30.03679447625867,19.65531868774688,,,,,,,61.866606607636264,,,98.35656567918973,98.35656567918973,,,,,60,100,-40,,,,,,,,,,,,,,,0.07520684758537448
1994-08-22,0.310268,0.324776,0.305803,0.319196,0.2676555169846623,0.29166521248095595,0.2943552911945725,0.3617214820492149,0.008940085787719602,0.004962232518959886,-0.003977853268759715,0,,,37.04535437100274,29.35616481589364,,,,,,,63.8900625307524,63.8900625307524,,99.45218855972992,98.90437711945982,99.45218855972992,,,,60,100,-40,,,,,,,,,,,,,,,0.08314579363656342
1994-08-29,0.319196,0.333705,0.309151,0.315848,0.2686265514857578,0.29650176998476474,0.29519814252027554,0.36126502949151124,0.008728956365668464,0.006933342188325864,-0.001795614177342599,0,,,41.64415332124017,36.242100722833854,,,,,,,62.35389975786721,,,98.77259901329975,98.97544092644732,,,,,60,100,-40,,,,,,,,,,,,,,,0.09799868127731334
1994-09-05,0.314732,0.327009,0.3125,0.319196,0.26873094066534653,0.3010406159878118,0.2961392349704608,0.360846432183138,0.008369070027742398,0.008665723357335398,0.0002966533295930005,0,,,43.81338718915264,40.83429829379851,,,,,,,63.30959309358575,,,98.48077068237244,98.88282461622428,,,,,60,100,-40,,,,,,,,,,,,,,,0.09220622555093529
1994-09-12,0.31808,0.332589,0.3125,0.324776,0.27584287347496467,0.3057876927902494,0.29726224536377605,0.36048752241017146,0.008058177795523314,0.010369375573997142,0.002311197778473829,0,,,45.586651504274485,43.68139733822243,,,,,43.68139733822243,,64.91763825472164,64.91763825472164,,98.16055680712587,98.24239686573115,,,,,60,100,-40,,,,,,,,,,,,,,,0.12044938828938552
1994-09-19,0.324776,0.328125,0.300223,0.303013,0.27646823965532435,0.30523275423219953,0.2974877651534319,0.3599156366150454,0.006030959005161662,0.009849896534925906,0.0038189375297642443,0,,,41.085728627655406,43.49525577369417,,,,,,,54.77453035890988,,,92.69939081544126,95.38905378198093,,,,,60,100,-40,,,,,,43.49525577369417,,,,,,,,,0.0660575871569874
1994-09-26,0.302455,0.308035,0.297991,0.300781,0.27593279396565834,0.30434240338575963,0.2976169116180032,0.3593272322706171,0.004266927154250597,0.00915259647257749,0.004885669318326893,0,,,32.896534269714216,39.85630480054803,,,,,,,53.83987836193192,,,84.57234730035344,89.30828479953227,,,,,60,100,-40,,,,,,,,,,,,,,,0.07241039319975956
1994-10-03,0.300223,0.340401,0.290178,0.330357,0.2835677372538256,0.3095453227086077,0.2989008366525913,0.359038971252999,0.0047805163033751335,0.01086131469754581,0.006080798394170676,0,,,36.169402570472215,36.71722182261394,,,,,,,62.922127918490986,,,80.17980274621164,82.55143578562488,,80.17980274621164,,,60,100,-40,,,,,,,,,,,,,,,0.11573507695716678
1994-10-10,0.331473,0.382812,0.330357,0.367187,0.3165651131642666,0.32107365816688616,0.30157872541131325,0.3591200461659045,0.007146788548286646,0.015014284079528983,0.007867495531242337,0,,,51.62881489541729,40.23158391186791,,,,,,,70.69940134429993,,,84.47903092217231,81.65066033807942,,,,,60,100,-40,,,,,,40.23158391186791,,,,,,,,,0.16897851448226736
1994-10-17,0.364955,0.381696,0.347098,0.38058,0.3260803907953904,0.3329749265335089,0.3046768146108696,0.3593335780448507,0.009038259200400838,0.019165319531743386,0.010127060331342547,0,,,60.90178311552374,49.56666686047108,,,,,,,72.93578474984847,72.93578474984847,,92.83376847259314,87.69577703956247,,,,,60,100,-40,,,,,,,,,,,,,,,0.25869195763782005
1994-10-24,0.381696,0.390625,0.370535,0.376116,0.3250306485957197,0.3416031412268071,0.30747835129279627,0.3595005673180363,0.009372787351732623,0.021843044521008326,0.012470257169275703,0,,,66.49246010489657,59.674352705279205,,,,,,,70.97959180571088,,,95.57174698141225,94.10566384367837,95.57174698141225,,,,60,100,-40,,,,,,,,,,,,,,,0.2393345941365757
1994-10-31,0.375,0.388253,0.357143,0.360491,0.3261284594103111,0.3453807129814457,0.30955727869307875,0.3595104223695981,0.007980286163924733,0.02244561487418162,0.014465328710256886,0,,,65.3673144729093,64.2538525644432,,,,,,,64.42722227862484,,,88.26811377625478,92.88645439431987,,,,,60,100,-40,,,,,,,,,,,,,,,0.21442839698220545
1994-11-07,0.360491,0.383928,0.358259,0.367187,0.32557356945243177,0.34974197038515653,0.3118172677639384,0.35958680622661704,0.0069845990453869244,0.023196077516990543,0.01621147847160362,0,,,63.360690935740436,65.07348850451544,,,65.07348850451544,,65.07348850451544,,65.88911465498758,,,78.61040635192892,84.4771039952984,,,,,60,100,-40,,,,,,65.07348850451544,,105,,,,,,,0.21414218180368655
1994-11-14,0.368303,0.383928,0.353794,0.357143,0.32583560020582947,0.35122217630812524,0.31359474745947025,0.3595624897467502,0.005205595855579025,0.0227184732910774,0.017512877435498377,0,,,59.06577252371923,62.59792597745633,,,,,,,61.764441797959506,,,64.69323178669022,71.44498636003239,,,,,60,100,-40,,,,,,,,,,,,,,,0.19135587554828404
1994-11-21,0.357143,0.359375,0.324776,0.337053,0.3254410573339845,0.3483883410465002,0.31451467893164786,0.3593385147243945,0.002375906757875395,0.02048276088284262,0.018106854124967226,0,,,44.9332213146633,55.78656159137432,,,,,,,54.38699270876376,,,48.72531277847244,57.03395286971309,,,,,60,100,-40,,,,,,,,,,,,,,,0.1670556128394624
1994-11-28,0.335937,0.351562,0.31808,0.326451,0.3244368389529856,0.34400087283720016,0.3149827699539362,0.35901127577191294,-0.00036390811118331215,0.017651968985988087,0.0180158770971714,0,,,30.154865572376764,44.71795313691977,,,,,,,50.91047220574117,,,28.385960852449116,38.78251790136952,,,,,60,100,-40,,,,,,,,,,,,,,,0.14523057621226348
1994-12-05,0.325893,0.342634,0.310268,0.32366,0.3236639218849152,0.33993269826976014,0.3153230534851544,0.35865952178413274,-0.002404456739838825,0.015010306172372867,0.017414762912211692,0,,,16.215984006583497,30.43469029787453,,,,,,,49.998996329336244,,,11.34799397930052,20.275516112340387,,,,,60,100,-40,,,,,,,,,,,,,,,0.09790424357830399
1994-12-12,0.324776,0.342634,0.316964,0.332589,0.3231056417502784,0.33846395861580814,0.316000149426913,0.3584001136071762,-0.0031463266418623806,0.013481854609883714,0.016628181251746095,0,,,8.000394807040738,18.123748128667007,,,,,,,52.9203008155137,,,6.424243345542042,8.314590585218365,,6.424243345542042,,,60,100,-40,,,,,,,,,,,,,,,0.053483221958282944
1994-12-19,0.332589,0.351562,0.332589,0.347098,0.3235438101966871,0.3401907668926465,0.3172196729787988,0.35828765476531377,-0.002672046152519064,0.013288123561097265,0.01596016971361633,0,,,8.898364135111681,11.038247649578643,,,,,,,57.31079067703031,,,11.648478059266086,7.562831017664636,,,,,60,100,-40,,,,,,,,,,,,,,,0.0577749647053827
1994-12-26,0.350446,0.356026,0.341518,0.348214,0.324907395182638,0.3417954135141172,0.3184351367835518,0.35818741939451465,-0.002308988563407088,0.013073934009357469,0.015382922572764557,0,,,12.629275216561735,9.842678052904722,,,,,,,57.63996385588899,,,21.662530024280976,15.8982703138238,,,,,60,100,-40,,,,,,9.842678052904722,,,,,,,,,0.029293626007620508
1995-01-02,0.347098,0.385044,0.338169,0.375,0.32681143838387816,0.34843633081129377,0.32065336671360856,0.35835470875377323,-0.000391213329964106,0.014893905910309424,0.01528511924027353,0,,,24.805526564447952,15.444388638707125,,,,,,,64.71464129346566,,,37.221886011515394,29.401171714659117,,,,,60,100,-40,,,,,,,,,,,,,,,0.05424972747903142
1995-01-09,0.371651,0.429129,0.366071,0.400669,0.3440446213564583,0.358882864649035,0.32379123468562393,0.3587757464776163,0.0023301031801780843,0.018197748215496135,0.01586764503531805,0,,,42.939364076788195,26.791388619265962,,,,,,,69.92859563506764,69.92859563506764,,54.487456411273484,45.3610757164142,,,,,60,100,-40,,,,,,,,,,,,,,,0.04331475385650773
1995-01-16,0.400669,0.419642,0.379464,0.38058,0.3390809341167113,0.363222291719228,0.32601824509010924,0.3589927042241077,0.0024869284497022782,0.018976305597445897,0.01648937714774362,0,,,50.23734372567967,39.32741145563861,,,,,,,62.14324639332963,,,65.27645119177394,59.80233494951309,65.27645119177394,,,,60,100,-40,,,,,,,,,,,,,,,-0.015570614590907287
1995-01-23,0.373884,0.38058,0.348214,0.356026,0.3377403673940891,0.36178303337538237,0.3271950197924579,0.35896318477909167,0.0007375451703519192,0.017411308610683518,0.0166737634403316,0,,,41.102752511744285,44.75982010473738,,,,,44.75982010473738,,54.15922370279782,,,59.47539190227465,63.328797086179215,,,,,60,100,-40,,,,,,44.75982010473738,,,,,,,,,-0.04702044689246884
1995-01-30,0.358259,0.376116,0.356026,0.361607,0.3376115554373684,0.3617478267003059,0.3285445092123615,0.3589894913982052,-0.00019344285130225986,0.016431959876203772,0.016625402727506032,0,,,35.12750056858378,42.155865602002585,,,,,,,55.564964452843256,,,44.77283636541514,53.979556720808795,,,,,60,100,-40,,,,,,,,,,,,,,,-0.07391561805612887
1995-02-06,0.363839,0.394531,0.352678,0.390625,0.3392456586204135,0.3675232613602447,0.33097903826285713,0.35930427257832254,0.0009334628323787002,0.017792231267979408,0.016858768435600708,0,,,38.857934038138765,38.36272903948895,,,,,,,62.10978702311126,62.10978702311126,,40.22903071968332,42.91154104193956,,,,,60,100,-40,,,,,,38.36272903948895,,,,,,,,,0.006126726600957919
1995-02-13,0.388392,0.397321,0.379464,0.379464,0.33765404014752687,0.36991140908819575,0.3328804093113725,0.3595048668810258,0.0007248846993306163,0.01776487430976398,0.017039989610433362,0,,,43.7255762123058,39.23700360634279,,,,,,,58.518397525563785,,,42.38483183481918,39.470575019271735,,,,,60,100,-40,,,,,,,,,,,,,,,-0.021565623539358376
1995-02-20,0.38058,0.381696,0.34375,0.348214,0.3396041087084178,0.3655719272705566,0.3334817265932795,0.3593925199468862,-0.0015935000143208027,0.015048114592532358,0.01664161460685316,0,,,28.92833006509772,37.1706134385141,,,,,,,49.78625274835814,,,37.52993055193382,39.476367537915344,,,,,60,100,-40,,,,,,37.1706134385141,,,,,,,,,-0.1070257398330545
1995-02-27,0.341518,0.363839,0.339285,0.359375,0.33854502951495935,0.36433254181644525,0.3344971490798176,0.3593923456190565,-0.002402534212274484,0.013638446841510055,0.01604098105378454,0,,,15.435999863333109,29.363302046912214,,,,,,,52.527127596230244,,,26.538074715739356,33.489682911949416,,,,,60,100,-40,,,,,,,,,,,,,,,-0.12782084775205016
1995-03-06,0.35491,0.360491,0.337053,0.352678,0.3394747416924623,0.3620016334531562,0.3352101236257071,0.35932553620991164,-0.0033573058174484836,0.011844348781973935,0.015201654599422418,0,,,3.1184298262659684,15.827586584898937,,,,,,,50.72723311653056,,,13.446671228568057,20.515825635654434,,,,,60,100,-40,,,,,,,,,,,,,,,-0.18172190336652744
1995-03-13,0.353794,0.353794,0.308035,0.313616,0.340497474428715,0.35232450676252497,0.3343632952482284,0.3588707149540916,-0.00641117881122449,0.007187681085391806,0.013598859896616296,0,,,-16.348171322836713,0.7354194555874548,,,,,,,41.69861462672221,,,8.579008437822953,10.780500054164227,,,,,60,100,-40,,,,,,,,,,,,,,,-0.22206241862414505
1995-03-20,0.313616,0.352678,0.3125,0.337053,0.3382584405409496,0.34927020541001996,0.3344687738659449,0.35865362326300615,-0.006617486276105875,0.005327002051483953,0.011944488327589828,0,,,-24.3870737527577,-12.538938416442816,,,,,,,47.74402433069369,,,8.352031223198805,7.364774022340252,,8.352031223198805,,,60,100,-40,,,,,,,,,,,,,,,-0.1762083769843653
1995-03-27,0.335937,0.335937,0.302455,0.314732,0.3369766233594532,0.342362564328016,0.3336947827339471,0.3582165921857623,-0.007933265926937334,0.0020279059189181603,0.009961171845855495,0,,,-35.495978758634905,-25.41040794474311,,,,,,,43.12980636168831,,,8.92682098479805,8.392611803783794,,,,,60,100,-40,,,,,,,,,,,,,,,-0.17706395726073876
1995-04-03,0.316964,0.339285,0.300223,0.328125,0.32653950740520654,0.3395150514624128,0.33347635988163543,0.3579171733580433,-0.0075782003429885995,0.0004884214171197443,0.008066621760108344,0,,,-39.85169812217328,-33.244916877855296,,,,,,,46.49128191840924,,,13.45406542969065,11.42711236231275,,,,,60,100,-40,,,,,,,,,,,,,,,-0.11876364668921123
1995-04-10,0.329241,0.353794,0.322544,0.341518,0.32553675687626327,0.3399156411699302,0.33379171831764975,0.35775399750373443,-0.006177222208665642,0.00034509399927629136,0.006522316207941933,0,,,-34.01897171817102,-36.45554953299307,,,,,,,49.71143557130747,,,15.955705402373285,14.213364866906865,,,,,60,100,-40,,,,,,-36.45554953299307,,,,,,,,,-0.10176124807925593
1995-04-17,0.340401,0.352678,0.31808,0.34933,0.3257216313851016,0.34179851293594415,0.33440106269734976,0.3576701766330505,-0.004536215182098473,0.000852047230318842,0.005388262412417315,0,,,-28.55899813968493,-34.14322266000974,,,,,,,51.55372929264618,,,26.917585780114237,21.75355899878419,,,,,60,100,-40,,,,,,,,,,,,,,,-0.03163945809387144
1995-04-24,0.348214,0.353794,0.332589,0.341518,0.32541501485759433,0.3417424103487553,0.33468015827784586,0.3575094584575973,-0.0038175352234783976,0.0006163433830693177,0.004433878606547715,0,,,-21.767064137079245,-28.115011331645064,,,,,,,49.58580185554762,,,34.34660652690148,29.618217888271747,,,,,60,100,-40,,,,,,,,,,,,,,,-0.03168805825131061
1995-05-01,0.341518,0.356026,0.334821,0.347098,0.31588258522490903,0.34281352827900424,0.33516713246302837,0.3574058618560292,-0.0028512793047676607,0.0008697794755881394,0.0037210587803558,0,,,-13.122663868236696,-21.14957538166696,,,,,,,51.03221876679185,,,41.44872516670622,38.51351451509699,,,,,60,100,-40,,,,,,,,,,,,,,,-0.03447260353516833
1995-05-08,0.356026,0.390067,0.35491,0.389509,0.3274398291374155,0.3521526226232034,0.33729818609192924,0.35772529606641695,0.0005764667158219714,0.004441642175133265,0.003865175459311293,0,,,12.309206587629546,-7.526840472562136,,,,,,,60.389634010470985,60.389634010470985,,52.43870390704507,47.08408469948421,,,,,60,100,-40,,,,,,,,,,,,,,,0.021516398544745595
1995-05-15,0.385044,0.396205,0.379464,0.381696,0.32573491277045724,0.35806129809856274,0.3390392768334222,0.3579638105334178,0.0021608467029695117,0.006566233838023183,0.0044053871350536716,0,,,29.141138207776798,9.442560309056544,,,,,,,58.1711586585495,,,66.69721308489191,58.89292127567631,,,,,60,100,-40,,,,,,,,,,,,,,,-0.01837049485840173
1995-05-22,0.379464,0.396205,0.377232,0.381138,0.32789863328685315,0.3626766384788502,0.34069020715368015,0.35819439948333404,0.0029648568995667823,0.00811145825951215,0.0051466013599453676,0,,,38.0562482538607,26.50219768308901,,,,,,,58.00628709409488,,,81.14984170944646,73.6486278569016,,,,,60,100,-40,,,,,,,,,,,,,,,-0.067906303541828
1995-05-29,0.38058,0.382812,0.366071,0.376116,0.3295889451949351,0.36536451078308013,0.3420794539319672,0.3583727238665844,0.002945959326767787,0.008829050518405102,0.0058830911916373145,0,,,38.8476657738922,35.34835074517656,,,,,,,56.44644982465052,,,84.55062480597783,83.06345251701364,,,,,60,100,-40,,,,,,,,,,,,,,,-0.0771915990636314
1995-06-05,0.378348,0.396205,0.376116,0.388392,0.33147737768101115,0.3699700086264641,0.343895632209145,0.3586714231315935,0.0035094732599827948,0.010269932766615808,0.006760459506633013,0,,,44.00220293173901,40.3020389864973,,,,,,,59.34175988285975,,,87.78070959819246,87.56256796332958,,,,,60,100,-40,,,,,,,,,,,,,,,-0.0050210201014221235
1995-06-12,0.392857,0.398437,0.387276,0.391741,0.3349846364180818,0.3743242069011713,0.3457719211421197,0.35900047364769705,0.0038307920260864468,0.011548949539241071,0.0077181575131546245,0,,,48.599727978257356,43.81653222796285,,,,,,,60.12517276056549,,,90.01875351810907,88.5185388410539,,,,,60,100,-40,,,,,,,,,,,,,,,0.022478498629185287
1995-06-19,0.391741,0.447544,0.388392,0.435267,0.38097023381679024,0.38651276552093705,0.34928153207772283,0.3597593445566752,0.006538734622156869,0.01589157579085071,0.00935284116869384,0,,,60.165332169443715,50.922421026480016,,,,,,,68.634420409558,68.634420409558,,95.24371644815025,92.50131308113002,95.24371644815025,,,,60,100,-40,,,,,,,,,,,,,,,0.09184245524815869
1995-06-26,0.430803,0.433035,0.405134,0.41462,0.3763982885441624,0.3921342124167496,0.35184382493742,0.36030522172526547,0.006490337933689579,0.017465763585805816,0.010975425652116236,0,,,63.174805085776505,57.313288411159185,,,,,,,61.85155389858232,,,92.80364078235579,93.77809239376158,,,,,60,100,-40,,,,,,,,,,,,,,,0.032508636203478526
1995-07-03,0.415178,0.439732,0.408482,0.434151,0.37629848221957934,0.4005375699333997,0.3550715572928153,0.36104000558869564,0.007266131519075755,0.02005809005096093,0.012791958531885176,0,,,66.06869174978505,63.136276335001746,,,,,,,65.35973594663011,,,90.35239573081256,92.6300251119364,,,,,60,100,-40,,,,,,,,,,,,,,,0.08688030582486293
1995-07-10,0.434151,0.445312,0.41183,0.435267,0.3760462334896094,0.40748345594671975,0.3582164766146657,0.3617785826475146,0.007326079956488634,0.021949558477495967,0.014623478521007333,0,,,66.92732638826345,65.39027440794166,,,65.39027440794166,,65.39027440794166,,65.55581131957089,65.55581131957089,,85.68802171352289,87.81999973692113,,,,,60,100,-40,,,,,,,,,,,,,,,0.1493955261023176
1995-07-17,0.436383,0.444196,0.383928,0.390625,0.3754931453832087,0.4041117647573758,0.3594873991003651,0.36206561167589757,0.003997341648124606,0.01962015558116309,0.015622813933038484,0,,,57.365532002598144,63.4538500468822,,,,,,,52.642922732574434,,,71.73736590280964,78.77638546135817,,,,,60,100,-40,,,,,,63.4538500468822,,105,,,,,,,0.061266190814586584
1995-07-24,0.392857,0.424107,0.390625,0.40625,0.37115299214155095,0.40453941180590064,0.3613212265866253,0.36250525733086375,0.0025561264949869843,0.018817972051772214,0.01626184555678523,0,,,49.634782765803045,57.975880385554866,,,,,,,55.934114571396414,,,56.72750440660847,65.42734971190067,,,,,60,100,-40,,,,,,,,,,,,,,,0.0463175593503971
1995-07-31,0.40625,0.407366,0.388392,0.395089,0.3709494212742973,0.40264932944472054,0.36264545299499296,0.3628294736758303,0.0006582792956145028,0.017084694676303358,0.016426415380688855,0,,,37.24219277493911,48.08083584778009,,,,,,,53.079544663623274,,,34.98529248788472,45.674147605336714,,,,,60,100,-40,,,,,,,,,,,,,,,0.10145308101177467
1995-08-07,0.393973,0.398437,0.373884,0.384486,0.3728329626118475,0.3990166635557764,0.36350194503440497,0.3630449614999514,-0.001392177832930986,0.014686193089525124,0.01607837092245611,0,,,21.221463086681677,36.032812875807934,,,,,,,50.43075689970608,,,23.806321750330575,29.98418499310255,,,,,60,100,-40,,,,,,,,,,,,,,,0.08554384914684142
1995-08-14,0.383928,0.40625,0.382812,0.400669,0.3737849652824298,0.39934713084462115,0.3649594766016832,0.3634193300422405,-0.0017182065597284892,0.013930612722795499,0.015648819282523988,0,,,15.62235557778235,24.695337146467704,,,,,,,54.20902074915084,,,15.289917672041994,18.126182805518845,,,,,60,100,-40,,,,,,,,,,,,,,,0.13003611099190085
1995-08-21,0.400669,0.412946,0.393973,0.399553,0.374828253476542,0.3993883046756969,0.3663160853624015,0.3637788690467953,-0.0020463716335191538,0.013090854740625046,0.0151372263741442,0,,,15.534733706979424,17.459517457147804,,,,,,,53.90208123844725,,,14.44091728194016,14.740986402501031,,,,,60,100,-40,,,,,,,,,,,,,,,0.08416401947576033
1995-08-28,0.400669,0.401785,0.379464,0.38337,0.3764348782282176,0.3961846437405575,0.36698486632858185,0.3639738056731953,-0.003315549418631599,0.010992789600854702,0.014308339019486301,0,,,3.495001453581338,11.550696912781026,,,,,,,49.49920568839967,,,13.859648890910275,13.578449620441262,,,,,60,100,-40,,,,,,,,,,,,,,,0.05363578670560358
1995-09-04,0.388392,0.404575,0.381696,0.399553,0.3774484583547735,0.396858314992446,0.3682620480411865,0.36432782750729287,-0.0030349240291280798,0.0105146839830762,0.01354960801220428,0,,,0.7123530189169252,6.580696059825883,,,,,,,53.604713153946,,,14.269842721998499,14.20534544168891,,,,,60,100,-40,,,,,,,,,,,,,,,0.018477915933928394
1995-09-11,0.400669,0.40625,0.30971,0.320312,0.37830992561514676,0.3815490519939568,0.36638165400035566,0.3638898590743845,-0.007880442427453801,0.0036990549778870285,0.01157949740534083,0,,,-27.82745685497123,-7.873367460824336,,,,,,,37.453268309651705,,,9.7883683183534,12.01298120009856,,,,,60,100,-40,,,,,,,,,,,,,,,-0.05229116280695045
1995-09-18,0.324776,0.334821,0.320312,0.330915,0.36858685949977915,0.3714222415951654,0.36499080482387114,0.3635617510238931,-0.009933323050427016,-0.0008371564076929405,0.009096166642734075,0,,,-46.00082201734838,-24.371975284467577,,,,,,,40.07077605928135,,,10.872018863237514,10.91053329134784,,,,,60,100,-40,,,,,,,,,,,,,,,-0.019168665064127406
1995-09-25,0.341518,0.344308,0.310268,0.332589,0.3712770123926521,0.36365559327613234,0.3637201458111703,0.36325356444654094,-0.010675404891404238,-0.004248089471521221,0.006427315419883016,0,,,-54.45310795377358,-42.76046227536441,,,,,,,40.49668164862554,,,7.983221631816695,8.590925783842206,,,,,60,100,-40,,,,,,,,,,,,,,,-0.07788843390040806
1995-10-02,0.337053,0.34375,0.31808,0.318638,0.34196786865031975,0.35465207462090587,0.36195221852445775,0.36280962848189874,-0.011529821883873666,-0.007984961934959067,0.003544859948914599,0,,,-58.54171955053671,-52.998549840552904,,,,,,,38.054950526403495,,,8.467821174837084,8.786166066148136,,,,,60,100,-40,,,,,,,,,,,,,,,-0.08596749417931786
1995-10-09,0.315848,0.329241,0.300223,0.321428,0.3428923066038684,0.3480072596967247,0.36036303348428295,0.36239787098456644,-0.011315208116114462,-0.01059915019622848,0.0007160579198859829,0,,,-61.958356094508055,-58.3177278662728,,,,,,,38.85369812886083,,,7.0733873139639165,7.417942097811263,,,,,60,100,-40,,,,,,,,,,,,,,,-0.03333631779416297
1995-10-16,0.32366,0.353236,0.309151,0.313616,0.3376914275607349,0.34112900775737975,0.3585298164848993,0.36191247923347625,-0.011092602210416783,-0.013149694843134996,-0.002057092632718213,0,,,-60.27260085504343,-60.257558833362744,,,,,,,37.39120912219282,,,4.228427501503331,5.833790954162317,,,,,60,100,-40,,,,,,,,,,,,,,,-0.09719879078313624
1995-10-23,0.313616,0.316964,0.304687,0.310268,0.33589196844925384,0.3349568062059038,0.35663719623058954,0.36139860381821776,-0.010566492021385872,-0.015265207659450553,-0.004698715638064681,0,,,-61.823168391759516,-61.35137511377035,,,,,,-61.35137511377035,36.74897874433044,,,2.7913862598998174,3.7336672746901374,,2.7913862598998174,,,60,100,-40,,,,,,,,,,,,,,,-0.10839235579658746
1995-10-30,0.311384,0.331473,0.309151,0.325893,0.33876504213145,0.33314404496472305,0.3554315414764488,0.36104531422798675,-0.008642835084570729,-0.015502259493778092,-0.0068594244092073636,0,,,-57.90535214069128,-60.00037379583142,,,,,,,41.80280246741123,,,7.42916550407958,4.8326250755282505,,,,,60,100,-40,,,,,,-60.00037379583142,-107,,,,,,,,-0.08552612398846142
1995-11-06,0.325893,0.366071,0.324776,0.35491,0.3388818962649178,0.33749723597177844,0.3554110888695292,0.3609842663252207,-0.005069719273274733,-0.013196573500800779,-0.008126854227526046,0,,,-43.62588317096622,-54.45146790113902,,,,,,,49.862357209696995,,,25.238302499965787,15.587854044417995,,,,,60,100,-40,,,,,,,,,,,,,,,-0.10933563602564786
1995-11-13,0.359375,0.379464,0.352678,0.358259,0.3373162608174237,0.34164958877742274,0.35552277165895946,0.3609571492473578,-0.0022765801090540473,-0.010972579363843604,-0.008695999254789557,0,,,-26.747864476877854,-42.75969992951179,,,,,,,50.71573629393685,,,48.31790193547869,35.387565189775465,,,,,60,100,-40,,,,,,,,,,,,,,,-0.12374376770865225
1995-11-20,0.359375,0.360491,0.338169,0.358817,0.3379351707590363,0.3450830710219382,0.3556519570840983,0.36093585422997115,-0.0002916624801353497,-0.009060577354958743,-0.008768914874823393,0,,,-18.273608723861788,-29.54911879056863,,,,,,,50.86668704869018,,,68.19959244640226,58.134043632375004,,,,,60,100,-40,,,,,,,,,,,,,,,-0.1261943250547563
1995-11-27,0.362723,0.362723,0.331473,0.335937,0.29841158713339083,0.34325385681755055,0.35487882151217287,0.36068710941176246,-0.00041246876048850814,-0.009284500825434028,-0.00887203206494552,0,,,-16.223152750712313,-20.414875317150663,,,,,,,44.77488944442078,,,69.62869010980333,69.69269004030453,,,,,60,100,-40,,,,,,,,,,,,,,,-0.16984723591940598
1995-12-04,0.358259,0.358259,0.338169,0.351562,0.2982619737667201,0.34491548545404044,0.35474875008032297,0.3605963123031877,0.0006114701173551371,-0.008107694418251599,-0.008719164535606736,0,,,-10.56868773677332,-15.021816403782482,,,,,,,49.2696445108701,,,69.81542737052953,71.86517154519768,69.81542737052953,,,,60,100,-40,,,,,,,,,,,,,,,-0.0977293687011809
1995-12-11,0.352678,0.353794,0.310268,0.314732,0.2993984756405258,0.3388787883632324,0.35317946576344755,0.3601399509867381,-0.0010497127046385328,-0.010031305416404901,-0.008981592711766368,0,,,-20.903705988755803,-15.898515492080486,,,,,,,40.79178935999519,,,56.47376831336862,62.569477500475195,,,,,60,100,-40,,,,,,-15.898515492080486,,,,,,,,,-0.15032998926708693
1995-12-18,0.313616,0.314732,0.282366,0.287946,0.2974246559519168,0.3286922306905859,0.3506212906354692,0.3594216032157258,-0.0036634187171616563,-0.013560866108218439,-0.009897447391056783,0,,,-38.94912216113297,-23.473838628887375,,,,,,,35.92175167816748,,,42.5009338433584,50.78640250221006,,,,,60,100,-40,,,,,,,,,,,,,,,-0.18081561985967853
1995-12-25,0.290178,0.297991,0.282366,0.284598,0.2971861090982085,0.3198733845524687,0.34803214198309784,0.3586770897508927,-0.0052330249470988015,-0.016438728574930284,-0.011205703627831482,0,,,-49.80014778000276,-36.55099197663052,,,,,,,35.350283363557864,,,20.53557701331425,31.416169584349323,,,,,60,100,-40,,,,,,,,,,,,,,,-0.20067006913706106
1996-01-01,0.287946,0.305803,0.280134,0.305803,0.2993561727340507,0.317059307641975,0.34637609719944695,0.35815097940511265,-0.004487086086558886,-0.01681456123603009,-0.012327475149471204,0,,,-52.23295225405122,-46.99407406506233,,,,,,,41.71271870738484,,,16.869851710691982,19.402538262042473,,16.869851710691982,,,60,100,-40,,,,,,,,,,,,,,,-0.1774539146342251
1996-01-08,0.308035,0.316964,0.287946,0.302455,0.2999363746816185,0.31413844611358,0.3446537012308412,0.3575967905553105,-0.0038855998934255957,-0.017184475016253198,-0.013298875122827602,0,,,-50.80916484977229,-50.9474216279421,,,,,,,41.02218509215322,,,22.108178702267452,17.052126751538893,,,,,60,100,-40,,,,,,-50.9474216279421,,,,,,,,,-0.15661425385283637
1996-01-15,0.301339,0.310268,0.262277,0.266741,0.2999967050615029,0.304658956890864,0.34159830118257295,0.35669275283834223,-0.005462851172851852,-0.020127439088892418,-0.014664587916040566,0,,,-56.582072669867024,-53.208063257896846,,,,,,,34.43459638621192,,,25.026386404053593,22.88854215511117,25.026386404053593,,,,60,100,-40,,,,,,-53.208063257896846,,,,,,,,,-0.1950920795629532
1996-01-22,0.265625,0.303571,0.25558,0.273437,0.29734229755710984,0.2984145655126912,0.3389253089793348,0.35586433738721446,-0.005604052707216416,-0.021669653800061084,-0.016065601092844668,0,,,-59.27998561310795,-55.55707437758243,,,,,,,36.505606051189964,,,20.677992844046564,23.921111748521287,,,,,60,100,-40,,,,,,,,,,,,,,,-0.21969739449183381
1996-01-29,0.258928,0.265625,0.239816,0.26116,0.29487749058874485,0.29096365241015293,0.3358756890193609,0.3549220056719188,-0.006035803830436708,-0.023610355880890554,-0.017574552050453846,0,,,-65.40007786608348,-60.42071204968615,,,,,,,34.35044994210968,,,10.50505639603952,16.402304346161724,,,,,60,100,-40,,,,,,,,,,,,,,,-0.1180448066875112
1996-02-05,0.265067,0.267857,0.245535,0.247768,0.29464159840383447,0.28232452192812235,0.33242048552840553,0.3538557966602579,-0.006684432577066243,-0.02593009277178665,-0.019245660194720408,0,,,-67.52485574724547,-64.06830640881229,,,,,,,32.11029162542805,,,6.745652694859735,8.883496943802156,,,,,60,100,-40,,,,,,,,,,,,,,,-0.18654376333848516
1996-02-12,0.251116,0.257812,0.244419,0.245535,0.2887816985178463,0.2749666175424979,0.32901321158611513,0.3527779777880165,-0.006707617341218337,-0.02763018187124333,-0.020922564530024994,0,,,-68.09297155836651,-67.00596839056514,,,,-67.00596839056514,,-67.00596839056514,31.736430976304604,,,1.5359361486391043,3.07187229727821,,1.5359361486391043,,,60,100,-40,,,,,,,,,,,,,,,-0.2303003644719764
1996-02-19,0.25,0.270089,0.25,0.266741,0.29135272005228585,0.2733214940339983,0.32657116407293413,0.35192188845679245,-0.004826460311414808,-0.026955639919293506,-0.022129179607878698,0,,,-62.94685584433947,-66.18822771665047,,,,,,,39.0386104643291,,,9.925003774229095,6.114453998593876,,,,,60,100,-40,,,,,,-66.18822771665047,-107,,,,,,,,-0.16702590574264894
1996-02-26,0.267857,0.268973,0.237723,0.239955,0.25531566861997973,0.2666481952271986,0.32317445175634846,0.35080779006418755,-0.004902048940953203,-0.0282567407840702,-0.023354691843116997,0,,,-62.38763922534757,-64.47582220935118,,,,,,,34.053883524418524,,,14.682836562852518,10.775306668892336,,,,,60,100,-40,,,,,,,,,,,,,,,-0.21673465255391883
1996-03-04,0.243303,0.244419,0.223214,0.232143,0.24616640657569544,0.2597471561817589,0.31960459090315835,0.3496270458844444,-0.004978076246044166,-0.029577287150672205,-0.02459921090462804,0,,,-65.00933799169415,-63.44794435379373,,,,,,,32.733336785302996,,,19.171435486460503,17.667197744899507,19.171435486460503,,,,60,100,-40,,,,,,-63.44794435379373,,,,,,,,,-0.1704816787581256
1996-03-11,0.234375,0.235491,0.227678,0.231027,0.24739687753457434,0.2540031249454071,0.31613095988734824,0.34844694592539516,-0.004611723907861784,-0.03036386578945527,-0.025752141881593485,0,,,-65.38131746749967,-64.2594315615138,,,,,,,32.53806347026328,,,13.04782428307788,16.34042206274749,,,,,60,100,-40,,,,,,,,,,,,,,,-0.17228850106030744
1996-03-18,0.231585,0.236607,0.222098,0.226562,0.25045260056781904,0.2485148999563257,0.31261845165647184,0.3472341603937992,-0.004190515679013129,-0.030990286480359897,-0.026799770801346767,0,,,-64.79904538552013,-65.06323361490463,,,,,,,31.71794418297293,,,8.338759019544886,11.777104442629886,,,,,60,100,-40,,,,,,-65.06323361490463,-107,,,,,,,,-0.20038657230489013
1996-03-25,0.227678,0.22991,0.205357,0.219308,0.2489854862415462,0.24267351996506056,0.30895921825817885,0.3459612632754529,-0.003925441703500711,-0.031706572930722654,-0.027781131227221943,0,,,-65.74007716260785,-65.30681333854254,,,,-65.30681333854254,,-65.30681333854254,30.37066434702797,,,4.3193445668120845,5.823582308373083,,,,,60,100,-40,,,,,,-65.30681333854254,,,-106,,,,,,-0.2310518118379195
1996-04-01,0.22433,0.231027,0.214286,0.215402,0.2202791657957215,0.23721921597204845,0.3052903077382503,0.3446621661284335,-0.0035495168548276557,-0.03221802729575651,-0.028668510440928857,0,,,-64.02761560700598,-64.85557938504463,,,,,,,29.636329746761348,,29.636329746761348,1.2859200702851625,2.571840140570325,,1.2859200702851625,,,60,100,-40,,,,,,-64.85557938504463,-107,,,,,,,,-0.22341166792112901
1996-04-08,0.213169,0.236607,0.212053,0.227678,0.22168458252459855,0.23531097277763877,0.30224668782694636,0.34349814457491673,-0.0020830319253465346,-0.031272300347612025,-0.02918926842226549,0,,,-59.634424008749654,-63.13403892612115,,,,,,,34.98834871448172,,,11.560065093353042,6.4838092529892934,,,,,60,100,-40,,,,,,,,,,,,,,,-0.23141208250424605
1996-04-15,0.227678,0.232143,0.216518,0.223772,0.21517746948712724,0.233003178222111,0.29916924908863474,0.3423068396537733,-0.001037830412914987,-0.030486556438409224,-0.029448726025494237,0,,,-55.90964619813198,-59.8572286046292,,,,,,,34.09444598680231,,,24.92945317146445,16.623806819161423,,,,,60,100,-40,,,,,,,,,,,,,,,-0.2132741677530168
1996-04-22,0.225446,0.227678,0.215402,0.220982,0.21662843595233244,0.23059894257768881,0.2961030824577079,0.34109962731890986,-0.00023788643680625748,-0.02974608407150206,-0.029508197634695803,0,,,-53.45483403067879,-56.3329680791868,,,,,,,33.43347498706345,,,39.974549740238,32.455129984490064,,,,,60,100,-40,,,,,,,,,,,,,,,-0.2376292072393204
1996-04-29,0.223214,0.223214,0.209821,0.213169,0.21845419052716583,0.22711295406215104,0.2928507654985821,0.3398266857535476,0.00004638654784380747,-0.029450214449891043,-0.02949660099773485,0,,,-53.42130681156437,-54.26192901345837,,,,,,,31.57636902805639,,,39.12273228332775,39.74363339660223,,,,,60,100,-40,,,,,,,,,,,,,,,-0.19860968684117355
1996-05-06,0.222098,0.244419,0.220982,0.243303,0.21998996263236825,0.23035096324972082,0.2909077158711867,0.3388662510694327,0.002414128050223986,-0.02647894093495487,-0.028893068985178856,0,,,-40.60966597215889,-49.161935604800675,,,,,,,44.46539065155013,,,51.15689071989714,47.07739552645837,,,,,60,100,-40,,,,,,,,,,,,,,,-0.11068178025568914
1996-05-13,0.242187,0.257812,0.237723,0.246652,0.19877603673005625,0.23361117059977665,0.2891721976017284,0.3379486963324234,0.004248767922452174,-0.02358210908211364,-0.027830877004565813,0,,,-24.207188241177445,-39.412720341633566,,,,,,,45.69695882663909,,,65.16360236353206,56.01635545261333,,,,,60,100,-40,,,,,,,,,,,,,,,-0.08602803069077367
1996-05-20,0.248884,0.251116,0.22991,0.238839,0.19932589124933794,0.23465673647982133,0.28719834671538613,0.33696253019976247,0.00493107860202965,-0.02166702875202875,-0.0265981073540584,0,,,-16.125594289082837,-26.98081616747305,,,,,,,43.27167153331817,,,85.17287995461851,74.97324877425594,,,,,60,100,-40,,,,,,,,,,,,,,,-0.15049706579779906
1996-05-27,0.238839,0.243303,0.220982,0.233259,0.1996768990172424,0.23437718918385705,0.28508307821674356,0.3359306542773768,0.004986629732407686,-0.020364820188548793,-0.02535144992095648,0,,,-15.393522188778148,-18.575434906346132,,,,,,,41.564878395207735,,,86.55952833289354,85.70060426880475,86.55952833289354,,,,60,100,-40,,,,,,,,,,,,,,,-0.15690956429487157
1996-06-03,0.231027,0.232143,0.209821,0.217634,0.19984354908743934,0.23102855134708564,0.2824380163258909,0.3347535731402885,0.003994014066749332,-0.020358932337519814,-0.024352946404269146,0,,,-24.27362564916246,-18.597580709007815,,,,,,,37.12298583805134,,,77.47649118000446,84.4359864729931,,,,,60,100,-40,,,,,,-18.597580709007815,,,,,,,,,-0.09344897999962615
1996-06-10,0.217634,0.222516,0.213169,0.213727,0.19983872415262227,0.22756824107766851,0.27974346666605204,0.3335493286314299,0.0031351745317653827,-0.020433978239562417,-0.0235691527713278,0,,,-31.88225202799311,-23.84979995531124,,,,,,,36.07856323800291,,,63.70791091960628,71.33781753080268,,,,,60,100,-40,,,,,,,,,,,,,,,-0.09607760048894814
1996-06-17,0.215402,0.215402,0.199777,0.202009,0.2018472438560064,0.2224563928621348,0.27669505620855983,0.33224046964007237,0.001899579602384481,-0.0211946782683472,-0.02309425787073168,0,,,-42.15401096705074,-32.7699628814021,,,,,,,33.056762216195125,,,46.824862576515336,55.0611813371141,,,,,60,100,-40,,,,,,,,,,,,,,,-0.21929953033252111
1996-06-24,0.202009,0.202009,0.175223,0.1875,0.20281544072343452,0.21546511428970785,0.2731972108670477,0.3308002659620617,0.0003101689928080194,-0.022706546629721658,-0.023016715622529677,0,,,-54.519744156932134,-42.85200238399199,,,,,,,29.718022039671666,,,30.966487309873216,39.14988068601822,,,,,60,100,-40,,,,,,,,,,,,,,,-0.16302137162803196
1996-07-01,0.188616,0.191964,0.171875,0.174107,0.20212005210033204,0.2071934914317663,0.2693113202448105,0.32924112898731484,-0.0013471733250905414,-0.024700682278892855,-0.023353508953802313,0,,,-62.82873074173277,-53.16749528857188,,,,,,,26.991826075063358,,,15.906100320953941,23.295959597888167,,,,,60,100,-40,,,,,,,,,,,,,,,-0.1509398100381741
1996-07-08,0.175223,0.177455,0.154018,0.161272,0.20243104837887976,0.19800919314541304,0.26507448415677876,0.32756979437052564,-0.002921532561853655,-0.02700542465611938,-0.024083892094265726,0,,,-70.01406655756182,-62.454180485408905,,,,,,,24.644678296781933,,24.644678296781933,5.634173790410296,10.641920639642128,,5.634173790410296,,,60,100,-40,,,,,,,,,,,,,,,-0.21236477949697175
1996-07-15,0.16183,0.194196,0.142857,0.185268,0.20224154492324548,0.19546095451633044,0.2619448181114149,0.3261538561180826,-0.0020042219585719515,-0.026589169542480667,-0.024584947583908716,0,,,-69.12244095997632,-67.32174608642363,,,,-67.32174608642363,,-67.32174608642363,35.92898447243583,,,14.524538656329739,9.547936324464414,,,,,60,100,-40,,,,,,,,,,,,,,,-0.09485034715462645
1996-07-22,0.186384,0.196428,0.177455,0.196428,0.19807957742872795,0.19565436361306435,0.2593755311266535,0.3248630515795942,-0.0003878634143320396,-0.025069776851823766,-0.024681913437491727,0,,,-60.711904312551326,-66.61613727669648,,,,,,,40.423889567407194,,,33.85087055964674,21.957327262166753,,,,,60,100,-40,,,,,,-66.61613727669648,-107,,,,,,,,-0.04354058753181375
1996-07-29,0.196428,0.203125,0.188616,0.19308,0.19883860761239022,0.1951394908904515,0.2567757063765887,0.3235517774345236,0.0006569300032077362,-0.023860750933482056,-0.02451768093668979,0,,,-50.86862561026331,-60.234323627596986,,,,,,,39.52275532343519,,,57.962361698492444,45.29256956057667,,,,,60,100,-40,,,,,,,,,,,,,,,-0.05429496130636645
1996-08-05,0.19308,0.208705,0.185268,0.206473,0.19236813564007663,0.19740619271236118,0.2548030512245656,0.32238681447497614,0.0023555819086126667,-0.02157320355092396,-0.023928785459536625,0,,,-39.208621652873475,-50.26305052522937,,,,,,,44.85054582321834,,,75.08177243031143,66.63502813853945,,,,,60,100,-40,,,,,,,,,,,,,,,-0.007061576185335458
1996-08-12,0.208705,0.210937,0.197544,0.200893,0.186759340237214,0.19810355416988895,0.25268893156870026,0.32117792079860824,0.003158832123829579,-0.01998024530474965,-0.02313907742857923,0,,,-27.61335592668836,-39.23020106327504,,,,,,,43.13537584891829,,,83.8626786025108,80.47150694087831,,,,,60,100,-40,,,,,,,,,,,,,,,-0.033252779605594224
1996-08-19,0.199777,0.214286,0.199777,0.213169,0.17254245879169872,0.20111664333591117,0.251139130330712,0.32010320516877133,0.004491082790612229,-0.017525223940313944,-0.022016306730926173,0,,,-14.357908361430521,-27.05996198033077,,,,,,,47.88527781925626,,,92.26335690983453,88.82727020147394,,,,,60,100,-40,,,,,,,,,,,,,,,0.02751386402132522
1996-08-26,0.213169,0.223214,0.209821,0.216518,0.17257456887800593,0.20419691466872894,0.2497814389451939,0.31907250660987807,0.005505125539569149,-0.015134899806464736,-0.020640025346033885,0,,,-0.0033869225818285997,-13.991550403566885,,,,,,,49.14082252162303,,,94.91573103216187,93.19618898666555,,,,,60,100,-40,,,,,,,,,,,,,,,0.01598513386137983
1996-09-02,0.215402,0.219866,0.202009,0.205357,0.1738000996724341,0.20442893173498317,0.24803930408459804,0.31794100903167033,0.0053280223371468295,-0.013979997424600349,-0.01930801976174718,0,,,5.010075111252861,-3.1170733909198134,,,,,,,45.20856008529064,,,95.62616455162322,95.89676144977494,95.62616455162322,,,,60,100,-40,,,,,,,,,,,,,,,-0.005437097565348427
1996-09-09,0.202009,0.203125,0.180803,0.1875,0.17430037826726022,0.20104314538798654,0.2456652137283393,0.316643088543793,0.00397414925367439,-0.014340333194654192,-0.018314482448328583,0,,,-6.489344901233676,-0.4942189041875317,,,,,,,39.70200475988674,,,87.81769496487271,91.90655766521878,,,,,60,100,-40,,,,,,-0.4942189041875317,,,,,,,,,-0.02097310285262585
1996-09-16,0.191964,0.215402,0.190848,0.204241,0.17380820839102734,0.20168271631038923,0.2440407347586005,0.31552465980206373,0.004152577513512296,-0.013123760556438213,-0.01727633806995051,0,,,-3.4480890182632367,-1.6424529360813345,,,,,,,46.3401097407776,,,83.38948772901699,86.46584384400803,,,,,60,100,-40,,,,,,,,,,,,,,,0.0028464527788763993
1996-09-23,0.204241,0.204241,0.196428,0.199219,0.17287290779166825,0.20118997304831138,0.24228301967002794,0.31436738955527704,0.00388374068371046,-0.012421662215312435,-0.016305402899022894,0,,,-4.976836538777986,-4.971423486091616,,,,,,,44.739484584981625,,,80.40306233440037,81.21202213683834,,80.40306233440037,,,60,100,-40,,,,,,,,,,,,,,,-0.05721364963348134
1996-09-30,0.197544,0.220982,0.196428,0.203683,0.1748742715208348,0.2016885784386491,0.2407692934084582,0.3132660523457718,0.0039451821598933574,-0.011373925199156198,-0.015319107359049556,0,,,2.7021489537066783,-1.9075922011114985,,,,,,,46.51836534090322,,,85.30127553936373,82.62744630617895,,,,,60,100,-40,,,,,,-1.9075922011114985,,,,,,,,,-0.07881392570998386
1996-10-07,0.205357,0.219866,0.204241,0.216518,0.1743411092693466,0.20465446275091928,0.23981826229440104,0.3123033851582517,0.004735640611651628,-0.00939955659448502,-0.014135197206136648,0,,,15.011350889191643,4.245554434706794,,,,,,,51.392208896439286,,,88.85540483278461,86.32000424252004,,,,,60,100,-40,,,,,,,,,,,,,,,-0.04887032222440993
1996-10-14,0.21875,0.247768,0.216518,0.237165,0.19568888717867897,0.21115657020073542,0.2397142127926598,0.3115557395347865,0.006429345748950974,-0.006098515019947931,-0.012527860768898905,0,,,35.79923865743173,17.837579500110035,,,,,,,58.05386293308298,,,94.39716293369378,92.04005901574631,94.39716293369378,,,,60,100,-40,,,,,,,,,,,,,,,-0.009572295833430023
1996-10-21,0.236607,0.237723,0.216518,0.21875,0.19418718095163048,0.21267525616058833,0.2388920868007908,0.31063229934041053,0.006092902224408624,-0.004911732988388123,-0.011004635212796748,0,,,41.090147595386526,30.63357904733665,,,,,,,51.26531773602991,,,90.37250529556258,92.22252071645391,,,,,60,100,-40,,,,,,,,,,,,,,,-0.008262254283491996
1996-10-28,0.22433,0.22433,0.198661,0.216518,0.19422773945508542,0.21344380492847065,0.23801467163213233,0.3096958386504562,0.005520512071566794,-0.0041039951233382554,-0.00962450719490505,0,,,34.63338427145661,37.17425684142497,,,,,,,50.490077682576064,,,81.316890051954,86.97763420755513,,,,,60,100,-40,,,,,,37.17425684142497,,,,,,,,,0.04644079063209345
1996-11-04,0.217634,0.234375,0.212053,0.234375,0.19362768663686505,0.21763004394277652,0.2378719394112644,0.3089463775693571,0.006099691465531628,-0.0019998928629905155,-0.008099584328522143,0,,,41.889568356835255,39.204366741226146,,,,,,,56.22719045328421,,,75.87054450913894,78.97993119732551,,,,,60,100,-40,,,,,,39.204366741226146,,,,,,,,,0.126200774937888
1996-11-11,0.235491,0.235491,0.223214,0.223214,0.1935486375913747,0.21874683515422122,0.23729711825788147,0.30809331908607995,0.005504527401593615,-0.0012189250765301252,-0.00672345247812374,0,,,45.82423455113379,40.78239572647524,,,,,,,52.136472809412105,,,74.30909440262144,74.25887313063703,,,,,60,100,-40,,,,,,,,,,,,,,,0.10871854578221302
1996-11-18,0.223214,0.226562,0.217634,0.225446,0.19491023490627649,0.220086668123377,0.23683236852227826,0.30727095770213886,0.005046671132859448,-0.0004151135620494295,-0.005461784694908878,0,,,43.88685286657519,43.86688525818143,,,,,43.86688525818143,,52.8791825589054,,,76.95046160619498,75.25534917698704,76.95046160619498,,,,60,100,-40,,,,,,,,,,,,,,,0.15711848977665205
1996-11-25,0.226562,0.227678,0.214286,0.215402,0.19665300384154244,0.2191497344987016,0.23599196191356148,0.306356838720028,0.0039039502868696285,-0.0005818468363218421,-0.004485797123191471,0,,,36.95860529896218,42.223230905557074,,,,,,,49.16037080320398,,,69.72584467032128,73.11414476266283,,,,,60,100,-40,,,,,,42.223230905557074,,,,,,,,,0.17152471534410993
1996-12-02,0.215402,0.227678,0.213169,0.22433,0.197633574995718,0.22018578759896126,0.23553463007381398,0.30554065127007746,0.003593723732448151,0.000006357542368717883,-0.003587366190079433,0,,,34.99713245066227,38.614196872066564,,,,,,,52.38495168933923,,,68.66183376256103,70.57669653462617,,,,,60,100,-40,,,,,,,,,,,,,,,0.14208413997527639
1996-12-09,0.225446,0.226562,0.207589,0.207589,0.19838453392459526,0.217666430079169,0.23443872301209578,0.3045660079738578,0.002175224624637551,-0.0008683354092824946,-0.0030435600339200454,0,,,20.652010821803263,30.869249523809255,,,,,,,46.40588641397656,,,58.807813124437324,62.675035454337554,,,,,60,100,-40,,,,,,,,,,,,,,,0.056509927677487616
1996-12-16,0.209821,0.210937,0.190848,0.209821,0.19844413864426702,0.2160973440633352,0.23347332210966065,0.30362327157610797,0.0013422965770503261,-0.0013656893126071379,-0.002707985889657464,0,,,-0.7626568468436403,18.295495475207314,,,,,,,47.27508209440101,,,49.28478955530427,55.06428522391037,,,,,60,100,-40,,,,,,,,,,,,,,,0.13160329326867032
1996-12-23,0.214286,0.216518,0.204241,0.206473,0.19834005731253368,0.21417247525066815,0.23241448594849748,0.3026566022071915,0.0005608946606970051,-0.0020068675637862077,-0.0025677622244832127,0,,,-9.12450534015321,3.588282878268817,,,,,,,46.061165753632004,,,31.794638745112707,40.50879054286516,,,,,60,100,-40,,,,,,,,,,,,,,,0.07401891610470336
1996-12-30,0.206473,0.207589,0.185268,0.194196,0.1993594103616384,0.21017718020053452,0.23091572179365444,0.30157739223498065,-0.000718355607782216,-0.0034657067342109826,-0.0027473511264287666,0,,,-26.708302994213984,-12.198488393736932,,,,,,,41.79756651261409,,,17.853376424014428,25.57313342052181,,,,,60,100,-40,,,,,,,,,,,,,,,0.07865454654599145
1997-01-06,0.157366,0.164062,0.154018,0.162946,0.1960810953358071,0.2007309441604276,0.22825024250762876,0.30019797539682164,-0.003451762423388093,-0.007062054155663883,-0.0036102917322757898,0,,,-51.070308589109125,-28.96770564115876,,,,,,,33.298269798351924,,,7.828084752368734,12.21756896990118,,,,,60,100,-40,,,,,,,,,,,,,,,0.20314189857718895
1997-01-13,0.165178,0.165178,0.148437,0.149553,0.19307665995467801,0.19049535532834208,0.22516407613478057,0.29869902041774876,-0.005805857401449827,-0.010867613484088073,-0.005061756082638247,0,,,-63.17611121646209,-46.984907599928384,,,,,,,30.4257487393661,,,2.2620366603905464,4.524073320781092,,,,,60,100,-40,,,,,,,,,,,,,,,0.11634126411933492
1997-01-20,0.150669,0.15625,0.149553,0.150669,0.1936349699579153,0.18253008426267367,0.22224270060008328,0.297226084891204,-0.006859638311770242,-0.01363630397235105,-0.006776665660580807,0,,,-68.44076828862454,-60.89572936473191,,,,,,,30.963361566006412,,,1.146569541251242,1.432934904334693,,,,,60,100,-40,,,,,,,,,,,,,,,0.09984485493214465
1997-01-27,0.152902,0.154018,0.147321,0.148437,0.18665925781806422,0.17571146741013893,0.21934835940008002,0.29574559648432636,-0.007241193654277528,-0.015828157728427716,-0.008586964074150188,0,,,-70.13660966474384,-67.25116305661015,,,,,,,30.453502170887873,,,0.7697636681354373,0.5999328786096666,,0.7697636681354373,,,60,100,-40,,,,,,,,,,,,,,,0.08854374575684225
1997-02-03,0.150669,0.151786,0.135045,0.141183,0.1884730251167739,0.16880577392811114,0.21628305118831218,0.2942076602009002,-0.007485397435119733,-0.017943710868049856,-0.010458313432930123,0,,,-71.26582156222378,-69.94773317186404,,,,,,,28.784683143992055,,28.784683143992055,0.9263627444123052,0.9131310311634023,,,,,60,100,-40,,,,,,,,,,,,,,,0.057588131167992974
1997-02-10,0.143973,0.146205,0.138393,0.145647,0.1876063804655758,0.16417401914248891,0.2135130099652411,0.29272944467651313,-0.006865834232822618,-0.019040606223958395,-0.012174771991135777,0,,,-69.75831627515456,-70.38691583404072,,,,-70.38691583404072,,-70.38691583404072,31.294668451936886,,,3.155589102405308,2.047591780033258,,,,,60,100,-40,,,,,,-70.38691583404072,-107,,,,,,,,0.0944938024970672
1997-02-17,0.148437,0.159598,0.142857,0.146205,0.18911349614660608,0.16058021531399114,0.21087348016268265,0.291271490003115,-0.005970980316124782,-0.019638497386291753,-0.013667517070166972,0,,,-64.96923783295777,-68.6644585567787,,,,,,,31.621025107167966,,,6.796962730099965,4.699276585659624,,,,,60,100,-40,,,,,,,,,,,,,,,0.09363789072980776
1997-02-24,0.145089,0.155134,0.145089,0.145089,0.17472838927899137,0.1574819722511929,0.20829369662689118,0.2898169378637805,-0.005043710931182456,-0.019972155734145042,-0.014928444802962586,0,,,-60.73678467511756,-65.15477959440996,,,,,,,31.298901002736315,,,10.978173268529869,8.778645459094351,,,,,60,100,-40,,,,,,,,,,,,,,,0.052159311498209515
1997-03-03,0.147321,0.151786,0.142857,0.147321,0.17580000433049198,0.15544977780095431,0.20590261048466016,0.2883990678352852,-0.003919575976223642,-0.01982791477324214,-0.015908338797018497,0,,,-57.06075449350188,-60.922259000525735,,,,,,,32.78251739957247,,,14.121326924901727,12.578750950577287,,,,,60,100,-40,,,,,,,,,,,,,,,0.022366255179440485
1997-03-10,0.148437,0.149553,0.142857,0.147879,0.17360650402117112,0.15393562224076346,0.20362717477937936,0.28700085820508336,-0.002828875770514473,-0.01944443351016159,-0.016615557739647117,0,,,-53.65946573209133,-57.152334966903574,,,,,,,33.173366966721545,,,18.111655737333734,16.266228862964756,,,,,60,100,-40,,,,,,,,,,,,,,,0.06169824974954293
1997-03-17,0.145089,0.15625,0.141741,0.148437,0.16272053944823034,0.15283589779261078,0.20146285419979584,0.28562211334732135,-0.0018098605448724492,-0.01887788342073768,-0.01706802287586523,0,,,-49.10327085986284,-53.27449702848534,,,,,,,33.591690142064905,,,22.925519872328984,20.368006313896714,,,,,60,100,-40,,,,,,,,,,,,,,,0.041043891456794
1997-03-24,0.147321,0.171875,0.145089,0.166294,0.1349940723447853,0.1555275182340886,0.20008368344686267,0.2844347689359052,0.00021891226672203848,-0.016794382542462682,-0.01701329480918472,0,,,-36.19573764544942,-46.31949141246785,,,,,,,45.43365158574578,,,41.94322563934108,32.331641830286536,,,,,60,100,-40,,,,,,,,,,,,,,,0.03322388549368093
1997-03-31,0.166294,0.175223,0.154018,0.171875,0.1389842100344435,0.15879701458727088,0.19897746056659354,0.2833147712350504,0.001990305361401514,-0.014525413107432827,-0.01651571846883434,0,,,-21.838960459671114,-35.712656321661115,,,,,,,48.54058327653921,,,63.42931403985685,50.97411773971765,,,,,60,100,-40,,,,,,,,,,,,,,,0.11850972618993622
1997-04-07,0.176339,0.177455,0.16183,0.162946,0.13830426646055466,0.1596268116698167,0.19756446211300163,0.2821170720187812,0.002576987872170665,-0.013294483628621012,-0.015871471500791677,0,,,-10.730446589652797,-22.921714898257765,,,,,,,44.18054055091488,,,83.00468861868589,73.36217425644087,,,,,60,100,-40,,,,,,,,,,,,,,,0.06968930310080045
1997-04-14,0.164062,0.171875,0.160714,0.164062,0.13847003314194362,0.16051384933585336,0.1962506400693545,0.280942394685261,0.0030255368303581283,-0.012089550462844018,-0.015115087293202146,0,,,-3.752363385501572,-12.107256811608481,,,,,,,44.851265991796176,,,86.42903778842589,85.34744722444468,86.42903778842589,,,,60,100,-40,,,,,,,,,,,,,,,0.06831629806871167
1997-04-21,0.166294,0.166294,0.155134,0.15625,0.1392616736318048,0.1596610794686827,0.19468198751761512,0.27970167434013404,0.0027873327632951615,-0.011630921339083194,-0.014418254102378356,0,,,-4.673179544407803,-6.385329839854041,,,,,,,41.10566921637836,,,80.55456874211073,85.31674220438987,,,,,60,100,-40,,,,,,,,,,,,,,,0.03500269283440482
1997-04-28,0.158482,0.160714,0.149553,0.151786,0.139996911229533,0.15808606357494615,0.19299979192868905,0.2784288815606302,0.00233848089870577,-0.011495152978996143,-0.013833633877701913,0,,,-11.14542156925377,-6.523654833054381,,,,,,,39.085065187799685,,,72.22501253438759,76.93826217525347,,,,,60,100,-40,,,,,,-6.523654833054381,,,,,,,,,0.05003180776906787
1997-05-05,0.151786,0.15625,0.146205,0.152344,0.14067948899885208,0.15693765085995692,0.19140544714717184,0.2771743056247036,0.0020962910686852434,-0.011213270041845358,-0.013309561110530601,0,,,-18.22664449588919,-11.348415203183587,,,,,,,39.487869447714786,,,63.11945082472828,67.38576495570247,,,,,60,100,-40,,,,,,,,,,,,,,,0.01227168995106894
1997-05-12,0.154018,0.160714,0.151786,0.154018,0.14147273978464836,0.15635372068796555,0.18993927274924352,0.27594886974784083,0.0020627716307518515,-0.010731096572090787,-0.012793868202842638,0,,,-18.31428414289678,-15.89545006934658,,,,,,,40.76096674031487,,,58.4638321118065,60.82314095272219,,,,,60,100,-40,,,,,,,,,,,,,,,0.014077976842620772
1997-05-19,0.15625,0.157366,0.147321,0.150669,0.14236890122860205,0.15521677655037244,0.18839926205319477,0.2747023038797031,0.0018365422971276801,-0.010498190331433038,-0.012334732628560718,0,,,-23.39099830275942,-19.97730898051513,,,,,,,38.983420554900974,,,54.67699303336559,56.07791150784402,,,,,60,100,-40,,,,,,,,,,,,,,,0.016390568915296406
1997-05-26,0.149553,0.15625,0.146205,0.148437,0.14304147971227332,0.15386082124029796,0.18683211452169693,0.2734459326968205,0.0015684839288853114,-0.01037412771745408,-0.01194261164633939,0,,,-28.58879718369318,-23.431359876449793,,,,,,,37.793455604053484,,,49.89785070146715,52.29407480817806,,,,,60,100,-40,,,,,,,,,,,,,,,-0.18570692148777063
1997-06-02,0.151786,0.152902,0.147321,0.149553,0.14366601687568237,0.15299925699223837,0.18537018846202255,0.2722131671973496,0.0014983466410319665,-0.010069678345049432,-0.011568024986081398,0,,,-32.206764349883485,-28.06218661211203,,,,,,,38.805268868117864,,,44.64874467171306,47.51879762426737,,,,,60,100,-40,,,,,,,,,,,,,,,-0.10866761267123626
1997-06-09,0.148995,0.151228,0.140625,0.141183,0.14488365852741936,0.1506360055937907,0.18363735754194324,0.270909384439167,0.0009471497704699496,-0.01038408777299396,-0.01133123754346391,0,,,-41.20561713961367,-34.00039289106345,,,,,,,34.27554221711313,,,34.14410225685605,39.39213070690677,,,,,60,100,-40,,,,,,,,,,,,,,,-0.09561081216324673
1997-06-16,0.141741,0.147321,0.137277,0.138951,0.14529689720403224,0.14829900447503255,0.18188495136382782,0.2695963656885285,0.0005128827985007058,-0.010690134045338029,-0.011203016843838735,0,,,-49.101510072081766,-40.83796385385964,,,,,,,33.157411058301136,,,22.26149333102641,28.799438047004227,,,,,60,100,-40,,,,,,,,,,,,,,,-0.08534996497784994
1997-06-23,0.138393,0.139509,0.13058,0.131138,0.13794747597517282,0.14486680358002604,0.17989487483975614,0.2682186705075481,-0.00018266513148607923,-0.011431348258196333,-0.011248683126710254,0,,,-58.999505272182404,-49.76887749462595,,,,,,,29.507168731372744,,,9.156601505476676,15.733206358201818,,,,,60,100,-40,,,,,,,,,,,,,,,-0.10906838130195957
1997-06-30,0.131696,0.131696,0.116071,0.12221,0.13853722769123192,0.14033544286402083,0.1776327228852559,0.2667658479154332,-0.001076257496649264,-0.012594004997521835,-0.011517747500872571,0,,,-69.45899842746238,-59.18667125724218,,,,,,,25.968166517870245,,25.968166517870245,3.050590877966691,6.101181755933372,,3.050590877966691,,,60,100,-40,,,,,,,,,,,,,,,-0.1741298167594293
1997-07-07,0.124442,0.138393,0.113839,0.135603,0.1303162828561439,0.13938895429121667,0.1759844984583831,0.2654607449511005,-0.0006202096060360287,-0.012293009508417607,-0.011672799902381579,0,,,-69.33295404351985,-65.93048591438821,,,,-65.93048591438821,,-65.93048591438821,38.044124332261006,,,15.095318460701813,8.192658393538792,,,,,60,100,-40,,,,,,,,,-106,,,,,,-0.05323447668364159
1997-07-14,0.136161,0.16183,0.132812,0.154855,0.1272659769378479,0.14248216343297335,0.17515589067570142,0.26436019027497015,0.0010331811414670718,-0.010381323475547738,-0.01141450461701481,0,,,-49.73156445770931,-62.84117230956385,,,,,,,50.59407934210482,,,40.55387099544292,25.776430129687668,,,,,60,100,-40,,,,,,-62.84117230956385,-107,,,,,,,,0.05107352969005492
1997-07-21,0.156808,0.157924,0.139509,0.145089,0.12509119287085876,0.14300353074637867,0.17397679692371312,0.26317341226228386,0.0014961539227267198,-0.00954431221360641,-0.01104046613633313,0,,,-36.36028113741493,-51.8082665462147,,,,,,,45.526223331534624,,,67.84086240534461,53.252753799938056,,,,,60,100,-40,,,,,,,,,,,,,,,0.02668534743253266
1997-07-28,0.146763,0.171317,0.145089,0.171317,0.14104846480865457,0.14866622459710294,0.17387249116199888,0.26225941811042036,0.003482368940775752,-0.0066875049603634384,-0.01016987390113919,0,,,-14.563816699361585,-33.551887431495274,,,,,,,57.819044073197,,,85.46959768947134,77.174869562723,,,,,60,100,-40,,,,,,,,,,,,,,,0.07751072957118549
1997-08-04,0.171317,0.265625,0.171317,0.239397,0.20754364589375068,0.16681237967768234,0.17644207974388126,0.262031931363053,0.00898216185229759,0.0010578284142327976,-0.007924333438064793,0,,,18.973305270374343,-10.650264188800723,,,,,,,74.19448659218435,74.19448659218435,,91.87510001530828,89.98587421439686,,,,,60,100,-40,,,,,,,,,,,,,,,0.21677694420559696
1997-08-11,0.234933,0.236049,0.182477,0.207589,0.19634631404419706,0.17496770374214587,0.1776635275970624,0.26149021065297284,0.010000798118549266,0.004576664210121789,-0.005424133908427477,0,,,31.923939829249957,12.111142800087572,,,,,,,62.00976443477886,,,93.63637555885586,93.70035068753778,93.63637555885586,,,,60,100,-40,,,,,,,,,,,,,,,0.16109110812693667
1997-08-18,0.208147,0.22433,0.203125,0.210937,0.19128993446961157,0.1821615629937167,0.17896836965207955,0.2609871936315502,0.010378113564990927,0.007548508047811181,-0.002829605517179745,0,,,40.128957649232326,30.34206758295221,,,,,,,62.70810874432364,,,89.59766692405499,91.6330150236259,,,,,60,100,-40,,,,,,,,,,,,,,,0.101622852214703
1997-08-25,0.210937,0.211495,0.191964,0.194196,0.19169686772178215,0.18456845039497335,0.1795655316265078,0.2603226046401915,0.009027995178313755,0.008455388455712448,-0.0005726067226013063,0,,,40.65045299085184,37.567783489778044,,,,,,,57.02934204893259,,,82.23887080401073,86.40311521566987,,,,,60,100,-40,,,,,,,,,,,,,,,0.10779829957183458
1997-09-01,0.196428,0.207589,0.19587,0.198102,0.1923138771702263,0.18727516031597868,0.18029245195488003,0.25970349414625926,0.007962996845443007,0.009381139334202454,0.001418142488759446,0,,,40.75585368729553,40.51175477579323,,,,,40.51175477579323,,57.99092421401257,,,78.01937178998469,80.41892219920126,,,,,60,100,-40,,,,,,,,,,,,,,,0.10204218426904872
1997-09-08,0.198661,0.206473,0.189732,0.196986,0.19376367165806727,0.18921732825278295,0.1809471008978259,0.2590794394781373,0.006793893622788472,0.009910509517245036,0.003116615894456564,0,,,39.070634833589295,40.15898050391222,,,,,,,57.59201804311549,,,73.94626126805656,75.3967425773082,,,,,60,100,-40,,,,,,40.15898050391222,,,,,,,,,0.10658221445020408
1997-09-15,0.195312,0.200893,0.191964,0.19587,0.19463162368249104,0.19054786260222636,0.18153231262732292,0.25845048983158864,0.005605341137017642,0.010123292315728616,0.004517951178710974,0,,,36.58115312100023,38.80254721396168,,,,,,,57.16601690039182,,,73.0726319451197,73.5652163074531,,,,,60,100,-40,,,,,,,,,,,,,,,0.11424050391044685
1997-09-22,0.197544,0.205915,0.1875,0.19029,0.1965535791337417,0.1904962900817811,0.18187575134782005,0.2577722760024186,0.004169246357637053,0.00972950912575729,0.005560262768120237,0,,,33.308447090274385,36.32007834828797,,,,,,,54.96381346838515,,,71.27409269521846,71.90600323300703,,,,,60,100,-40,,,,,,,,,,,,,,,0.08541340258924338
1997-09-29,0.193638,0.199219,0.190848,0.197544,0.1969831091956173,0.1919058320654249,0.18249019247143494,0.2571729896740363,0.003462812667317278,0.009888778602266834,0.006425965934949557,0,,,31.31257421250435,33.73405814125965,,,,,,,57.28143043828187,,,70.81075337694757,71.21093412352782,,,,,60,100,-40,,,,,,,,,,,,,,,0.10997186091196355
1997-10-06,0.198102,0.203125,0.189174,0.202567,0.19873710139593032,0.19403806565233991,0.18327751825686886,0.2566296464932001,0.0031004791746083926,0.010301564903210048,0.007201085728601655,0,,,31.26394493016472,31.96165541098115,,,,,,,58.869226297848016,,,68.75142433400396,69.63890086395128,,,,,60,100,-40,,,,,,,,,,,,,,,0.13485025096754075
1997-10-13,0.203125,0.220982,0.177455,0.179687,0.1996483798676496,0.19116785252187193,0.18313671361934458,0.25586404802063095,0.0011850442471432014,0.008682391037530657,0.007497346790387455,0,,,25.664747149255476,29.413755430641515,,,,,,,49.745243238124104,,,57.72294964354044,63.43010493037621,,,,,60,100,-40,,,,,,,,,,,,,,,0.0740709576991347
1997-10-20,0.179687,0.180245,0.147321,0.147879,0.19626942416281748,0.18251008201749755,0.18175405818329185,0.2547895699308734,-0.002175899365161685,0.004777472583935349,0.006953371949097034,0,,,-1.6237538033598042,18.434979425353465,,,,,,,40.33113767281182,,,38.67875274551818,49.30931191294942,,,,,60,100,-40,,,,,,,,,,,,,,,0.02901635488306809
1997-10-27,0.149553,0.165178,0.141741,0.152065,0.16618653672261624,0.17642106561399803,0.18058978139179022,0.25376743490668563,-0.003964661292868829,0.001997545333010997,0.0059622066258798265,0,,,-19.45634816257274,1.528215061107641,,,,,,,41.8987474650197,,,19.089021443062347,29.56050770522908,,,,,60,100,-40,,,,,,,,,,,,,,,0.037207489820384104
1997-11-03,0.156808,0.178571,0.152344,0.176339,0.16603485552814368,0.17640465249119844,0.18042308408230825,0.2529970027185594,-0.0033832348470272345,0.0017331630670957832,0.005116397914123018,0,,,-22.76731060726542,-14.61580419106599,,,,,,,50.12947752025219,,,14.90197268367708,16.61741853158418,,14.90197268367708,,,60,100,-40,,,,,,,,,,,,,,,0.09284218301618742
1997-11-10,0.1875,0.191964,0.15625,0.16462,0.15708558013327625,0.17404772199295876,0.17980335529476676,0.2521176295571807,-0.003635977679092025,0.0005714258152579865,0.004207403494350012,0,,,-23.756873342884827,-21.993510704241,,,,,,,46.671546184927706,,,19.253059948169373,15.077545478251082,,,,,60,100,-40,,,,,,,,,,,,,,,0.07910099305324075
1997-11-17,0.168527,0.169085,0.159598,0.162388,0.15523225298089938,0.17171577759436701,0.17912040018516806,0.2512247974222834,-0.0037845871518580607,-0.000523330445472564,0.0032612567063854967,0,,,-28.909546481435736,-25.144576810528662,,,,,,,46.016603212243595,,,26.55195541819065,22.429753022559737,,,,,60,100,-40,,,,,,,,,,,,,,,0.07878662770352972
1997-11-24,0.156808,0.160714,0.150669,0.158482,0.15725802062512084,0.16906902207549362,0.17831105115829873,0.25030198351758404,-0.003958342427854578,-0.0016866713284327262,0.002271671099421852,0,,,-36.06939648672428,-29.578605437014954,,,,,,,44.82409070947364,,,27.697310410127983,27.374338263041295,27.697310410127983,,,,60,100,-40,,,,,,,,,,,,,,,0.05399577207026014
1997-12-01,0.157924,0.160156,0.138951,0.141183,0.1588202334376122,0.1634918176603949,0.17685504915209094,0.24921622248755831,-0.004984438175902608,-0.0039588766204564085,0.0010255615554461998,0,,,-44.89009226050004,-36.62301174288669,,,,,,,39.867142736224665,,,21.634563378437363,25.490891781977737,,,,,60,100,-40,,,,,,,,,,,,,,,-0.004674165809502992
1997-12-08,0.138951,0.140625,0.123884,0.126116,0.15891571676349706,0.15601665412831592,0.1748652825186756,0.2479913446518612,-0.006337173216105986,-0.0068959049646862836,-0.0005587317485802972,0,,,-55.66964604718022,-45.54304493146818,,,,,,,36.100267875634124,,,13.353103773673881,18.126181269864855,,,,,60,100,-40,,,,,,,,,,,,,,,-0.012956285282846763
1997-12-15,0.126116,0.130022,0.118303,0.12221,0.1595623798518187,0.14925532330265273,0.17280036947872754,0.24673978898368348,-0.007097014184974741,-0.009429999479798723,-0.0023329852948239826,0,,,-62.43579371625633,-54.331844007978866,,,,,,,35.16707819901835,,,4.393043542063315,8.78608708412663,,,,,60,100,-40,,,,,,,,,,,,,,,-0.05859485674024646
1997-12-22,0.123884,0.125,0.115513,0.118861,0.16095999557668877,0.1431764586421222,0.1706851000874049,0.2454673632226518,-0.00739368654737975,-0.01157509347904867,-0.00418140693166892,0,,,-65.8036737319087,-61.30303783178175,,,,,,,34.34249151782059,,,1.4300043795804822,2.8600087591609644,,1.4300043795804822,,,60,100,-40,,,,,,,,,,,,,,,-0.26848678871079323
1997-12-29,0.118861,0.145089,0.113839,0.145089,0.13969663874978247,0.14355896691369777,0.16968133145652628,0.24446857353884432,-0.005480114994889641,-0.011031550675280971,-0.0055514356803913305,0,,,-60.539598908024054,-62.92635545206303,,,,,,-62.92635545206303,45.236827435648095,,,10.853605501414402,5.426802750707196,,,,,60,100,-40,,,,,,-62.92635545206303,-107,,,,,,,,-0.21365085684411778
1998-01-05,0.147321,0.178571,0.131696,0.162388,0.13474080741051228,0.14732477353095821,0.16939531845823114,0.24365185141407972,-0.002838855588533376,-0.00910000516605805,-0.0062611495775246745,0,,,-44.02924256187865,-56.7908384006038,,,,,,,51.04131682892785,,,29.24208421358606,18.691144169823428,,,,,60,100,-40,,,,,,,,,,,,,,,-0.11232700775521219
1998-01-12,0.155692,0.178013,0.152902,0.167969,0.1310156783097614,0.15145361882476657,0.1693393844010456,0.24289878821592967,-0.000621299774073358,-0.007037774295116372,-0.006416474521043014,0,,,-27.121609166757477,-43.89681687888673,,,,,,,52.79019966600943,,,58.09647714536639,43.06659670005077,,,,,60,100,-40,,,,,,,,,,,,,,,-0.06776588929223125
1998-01-19,0.170201,0.176339,0.165736,0.174107,0.130665772716207,0.15598429505981326,0.16952634971865166,0.24221429281079604,0.0012514014039650646,-0.0048522227660866835,-0.006103624170051748,0,,,-12.120131105640715,-27.756994278092282,,,,,,,54.717452984376806,,,78.93941875593428,67.69955483997482,,,,,60,100,-40,,,,,,,,,,,,,,,-0.03218303789028899
1998-01-26,0.173549,0.175781,0.162946,0.163504,0.13018143180790653,0.15748823604785062,0.16929017914144964,0.24143110581765378,0.0017385605796906142,-0.00393042344543848,-0.005668984025129094,0,,,-3.356851301804312,-14.199530524734174,,,,,,,50.8339430531843,,,90.30842760109505,85.98062386619146,,,,,60,100,-40,,,,,,,,,,,,,,,-0.05258505277080471
1998-02-02,0.165178,0.166853,0.155134,0.165178,0.13148540096448463,0.15902618883828049,0.16912891721433396,0.24067236844633386,0.002111278109245395,-0.0030298863885723504,-0.0051411644978177455,0,,,0.4881568235974427,-4.996275194615868,,,,,,,51.42361777702067,,,90.86855795676881,91.63815748035749,,,,,60,100,-40,,,,,,,,,,,,,,,-0.009437139746561329
1998-02-09,0.164062,0.177455,0.164062,0.174107,0.13285565803845,0.1620423510706244,0.16932413614710518,0.24001002647174347,0.0028509124844161874,-0.001577523892297511,-0.0044284363767136984,0,,,9.266547905394336,2.1326178090624826,,,,,,,54.571951008741216,,,90.69280493155395,91.53019990807167,,,,,60,100,-40,,,,,,,,,,,,,,,0.0396122067931789
1998-02-16,0.174107,0.186942,0.174107,0.178571,0.1383528967499893,0.16534808085649952,0.1696867582589834,0.2393986928750097,0.003490306698746106,-0.00006555300328106584,-0.003555859702027172,0,,,19.614596941093062,9.789767223361608,,,,,,,56.11251481867865,,,93.47184714406112,91.72451566908465,,,,,60,100,-40,,,,,,,,,,,,,,,0.011164743702039319
1998-02-23,0.179687,0.213169,0.178571,0.210937,0.17175804698213293,0.17446586468519962,0.1713044147978468,0.23911549195088025,0.005806039561829139,0.0037016897502592516,-0.002104349811569887,0,,,34.72600891961144,21.202384588699605,,,,,,,65.34382231635101,,,97.35006577691638,94.94368003197665,,,,,60,100,-40,,,,,,,,,,,,,,,0.061256517609528265
1998-03-02,0.210379,0.220982,0.19308,0.218192,0.17686897219769485,0.1832110917481597,0.1731431436293038,0.23890729800112023,0.007435315975896451,0.007189795158300677,-0.0002455208175957742,0,,,45.868969819545825,33.40319189341677,,,,,,,67.02796457324143,,,99.16260502348229,98.32521004696457,,,,,60,100,-40,,,,,,,,,,,,,,,0.18926477934238062
1998-03-09,0.212053,0.243303,0.200893,0.242187,0.19982961704071667,0.19500627339852775,0.17585074583991933,0.23893993185185536,0.009600286527903928,0.011754837342284136,0.002154550814380208,0,,,56.090297778973365,45.56175883937687,,,,,,,71.91761243674179,71.91761243674179,,99.95940858697602,99.91881717395205,99.95940858697602,,,,60,100,-40,,,,,,,,,,,,,,,0.32051103111270407
1998-03-16,0.242187,0.243303,0.231027,0.235491,0.19679657296637976,0.2031032187188222,0.1781895793363931,0.23890561412198616,0.010007019538508466,0.01466332523751579,0.004656305699007325,0,,,62.215096638108534,54.724788078875896,,,,,,,68.83174406754706,,,98.71123010559758,99.3556150527988,,,,,60,100,-40,,,,,,,,,,,,,,,0.3124016518144413
1998-03-23,0.231585,0.25,0.219866,0.240513,0.19828503204020978,0.21058517497505777,0.1806336350486914,0.23892160801131962,0.010015409067248137,0.017175567033067496,0.007160157965819359,0,,,64.14506704847244,60.81682048851811,,,,,,,69.88175814565768,,,97.60539904455797,98.31941081187809,,,,,60,100,-40,,,,,,,,,,,,,,,0.285586006079455
1998-03-30,0.238839,0.248326,0.238839,0.241629,0.19711602975162337,0.21679393998004623,0.18302561014482116,0.23894854723508757,0.009501585887745976,0.019037140325501828,0.009535554437755852,0,,,65.17016757642517,63.843443754335375,,,63.843443754335375,,63.843443754335375,,70.12405836949861,70.12405836949861,,96.0476846201079,96.76340041896252,,,,,60,100,-40,,,,,,,,,,,,,,,0.31804754457807227
1998-04-06,0.241071,0.241071,0.220424,0.228794,0.19898009905507885,0.219193951984037,0.1848204489626713,0.23884750696409168,0.007775409095649628,0.019254815807317888,0.01147940671166826,0,,,60.59294542477899,63.30272668322553,,,,,,,63.73554661261125,,,89.78663234885394,92.94915519904977,,,,,60,100,-40,,,,,,63.30272668322553,,105,,,,,,,0.31673894857250157
1998-04-13,0.228794,0.264509,0.223214,0.249442,0.20629202055114462,0.22524356158722958,0.18735462743472342,0.238952924805245,0.0074989266936596275,0.020853065078742794,0.013354138385083167,0,,,60.97761431333535,62.2469091048465,,,,,,,68.70443930050315,,,86.63076246810454,88.80440081403013,,,,,60,100,-40,,,,,,,,,,,,,,,0.30951262397852186
1998-04-20,0.246652,0.263393,0.242745,0.249442,0.20347487622606286,0.23008324926978366,0.1897894263588519,0.2390572937126555,0.006810779621199787,0.0218676129115829,0.015056833290383114,0,,,61.51953237318272,61.03003070376568,,,,,,,68.70443930050315,,,83.62960515049008,84.58511098045432,,83.62960515049008,,,60,100,-40,,,,,,61.03003070376568,,,,,,,,,0.31347118606410074
1998-04-27,0.238839,0.252232,0.234375,0.25,0.20436652792420124,0.23406659941582691,0.19215062532517144,0.23916617636228082,0.005920770027181353,0.022457795824359805,0.016537025797178452,0,,,58.38809500910545,60.29508056520783,,,,,,,68.83985169496243,,,87.96793333660676,85.76677252897959,,,,,60,100,-40,,,,,,60.29508056520783,,105,,,,,,,0.3531236283453629
1998-05-04,0.257812,0.273437,0.257812,0.271763,0.22683806164390113,0.24160587953266152,0.19527267923398825,0.23949052286613873,0.0062906516176794505,0.024400340319277763,0.018109688701598313,0,,,61.99028435011648,60.63263724413488,,,,,,,73.65603952795367,73.65603952795367,,91.14822384537439,88.78491028887716,,,,,60,100,-40,,,,,,60.63263724413488,,,,,,,,,0.39860619823643484
1998-05-11,0.275669,0.282366,0.26116,0.263951,0.22669884295505105,0.24607490362612922,0.1979659467150083,0.23973391069831645,0.005529073715397865,0.025021030845845643,0.01949195713044778,0,,,62.97712469468923,61.11850135130371,,,61.11850135130371,,61.11850135130371,,69.4799574771578,,,91.32748446360128,91.58390011832705,91.32748446360128,,,,60,100,-40,,,,,,,,,,106,,,,,0.3668746594098357
1998-05-18,0.262277,0.266741,0.243861,0.248884,0.22688828274397596,0.24663672290090338,0.1999627331183413,0.23982495636300982,0.0036226430667292073,0.024020260963859286,0.02039761789713008,0,,,56.580454729935596,60.51595459158043,,,,,,,62.120856611977416,,,81.29257786778186,86.79194048657773,,,,,60,100,-40,,,,,,60.51595459158043,,105,,,,,,,0.3166258943705058
1998-05-25,0.250558,0.252232,0.228794,0.237723,0.2268250482622634,0.2448539783207227,0.2014435278980142,0.23980404137432315,0.0013395941994763967,0.022072110646475573,0.020732516446999177,0,,,44.45584971620311,54.67114304694264,,,,,,,57.25440361699281,,,56.11730195341203,69.7747219911714,,,,,60,100,-40,,,,,,,,,,,,,,,0.29975704837893136
1998-06-01,0.236607,0.246652,0.228794,0.239955,0.22668661624353031,0.24387418265657815,0.20295378170593523,0.23980554345020053,-0.00020817371133950713,0.020472299307824793,0.0206804730191643,0,,,33.83124466193787,44.955849702692184,,,,,,,57.967766895326356,,,30.688942527307777,44.907745554813566,,,,,60,100,-40,,,,,,,,,,,,,,,0.30560887349626736
1998-06-08,0.241071,0.258928,0.239397,0.251116,0.22735521508327813,0.24532254612526253,0.20484249614883973,0.23991808530641742,-0.0006436428217445715,0.019875919491983585,0.020519562313728156,0,,,32.393623845641606,36.893572741260854,,,,,,,61.45262575338855,61.45262575338855,,16.93146170453609,23.19823620613172,,,,,60,100,-40,,,,,,,,,,,,,,,0.29490226573838735
1998-06-15,0.243303,0.255022,0.238839,0.241629,0.22773705686304396,0.24458383690021002,0.20628510414300288,0.23993510933321924,-0.0016753567128355712,0.018425366422683692,0.020100723135519263,0,,,27.450473822492196,31.22511411002388,,,,,,,57.0937061077713,,,11.63226258575072,12.599837968560982,,11.63226258575072,,,60,100,-40,,,,,,,,,,,,,,,0.302545207360291
1998-06-22,0.241071,0.257254,0.238839,0.251674,0.2285699099442551,0.246001869520168,0.20806506084327728,0.24005191421547575,-0.0017763960477572664,0.01788022807582268,0.019656624123579946,0,,,27.055178136765416,28.96642526829973,,,,,,,60.321988137386214,,,14.258503383667072,12.461595293303775,,,,,60,100,-40,,,,,,,,,,,,,,,0.28551710933796703
1998-06-29,0.252232,0.268415,0.250558,0.258928,0.22902441637680832,0.2485870956161344,0.2100596859082468,0.24023973596457548,-0.0014628762859324532,0.017828028766164378,0.01929090505209683,0,,,34.77011806375662,29.758590007671398,,,,,,,62.527708409590026,,,16.853757165603348,15.10690325204439,,,,,60,100,-40,,,,,,29.758590007671398,,,,,,,,,0.26659877830749035
1998-07-06,0.263393,0.300223,0.260044,0.286272,0.24403517234989347,0.2561240764929075,0.21304840410792342,0.2406977684425399,0.0003794769194689976,0.019765251201433076,0.01938577428196408,0,,,51.02126931335812,37.61552183796004,,,,,,,69.46051183486739,,,35.738382553351705,26.53319691497403,,,,,60,100,-40,,,,,,,,,,,,,,,0.29197502997982333
1998-07-13,0.285156,0.340401,0.284598,0.329241,0.28412180289632966,0.270747461194326,0.21760497649584798,0.24157879562221612,0.004079780201998333,0.024485499534461996,0.020405719332463663,0,,,68.6117311316369,51.46770616958387,,,,,,,76.77532946216766,76.77532946216766,,58.14102866989792,44.95655915267189,,,,,60,100,-40,,,,,,,,,,,,,,,0.29081632669504703
1998-07-20,0.326451,0.330357,0.301897,0.30971,0.2793727455465918,0.2785399689554608,0.22121693820189314,0.24225671805383586,0.0047527319529265324,0.026346634273621827,0.021593902320695295,0,,,74.10821970460943,64.5804067165348,,,,,,,68.67551596170551,,,73.21130679430135,65.67291999186402,,,,,60,100,-40,,,,,,,,,,,,,,,0.2186346466975261
1998-07-27,0.305803,0.328125,0.294643,0.309151,0.27886904943612095,0.28466217516436865,0.22466533278221107,0.24292233279956885,0.004692837451057981,0.02745994913451777,0.02276711168345979,0,,,74.06843314669855,72.26279466098161,,,,,,,68.45159932400233,,,75.42626087945268,75.731928385692,,,,,60,100,-40,,,,,,,,,,,,,,,0.12104765676267992
1998-08-03,0.305803,0.333705,0.296875,0.325893,0.2776839030478266,0.2929083401314949,0.22863504522212436,0.24374791157768258,0.005270162360181546,0.02935481463368672,0.024084652273505175,0,,,74.17512903338664,74.11726062823152,,,,,,,71.46979229033434,,,70.99581946504782,74.46548147501193,,70.99581946504782,,,60,100,-40,,,,,,,,,,,,,,,0.1619399271941763
1998-08-10,0.324218,0.366071,0.32366,0.361607,0.30847112425869616,0.30664807210519596,0.23384963168400183,0.24492063882566584,0.007415356677288744,0.0333538481201161,0.02593849144282736,0,,,79.33645760013958,75.86000659340824,,,,,,,76.63539850486923,,,76.96518356310204,74.1442794886253,,,,,60,100,-40,,,,,,,,,,,,,,,0.21691269251711023
1998-08-17,0.366071,0.390625,0.348214,0.383928,0.32852882966878927,0.3221040576841568,0.23973505789247235,0.24630379664829602,0.00955919546442388,0.03788748577335721,0.02832829030893333,0,,,83.8670114654434,79.12619936632319,,,,,,,79.18687155911367,79.18687155911367,,86.15575023669066,79.90593639151096,86.15575023669066,,,,60,100,-40,,,,,,,,,,,,,,,0.2749452136775179
1998-08-24,0.387834,0.388392,0.304687,0.305245,0.32642719897816147,0.3187322461473254,0.24230407523002245,0.24689027628363636,0.005122174403557066,0.03473100831337966,0.029608833909822597,0,,,75.18739508651306,79.46362138403201,,,79.46362138403201,,79.46362138403201,,55.882484554896195,,,73.14305306435264,79.61943946203861,,,,,60,100,-40,,,,,,79.46362138403201,,105,,,,,,,0.17585067836288418
1998-08-31,0.310268,0.333705,0.273437,0.313616,0.31857654190829277,0.31770899691786036,0.24510062129943333,0.2475542138330529,0.0023369022926522723,0.03252996177563794,0.030193059482985667,0,,,59.52321527286116,72.85920727493921,,,,,,,57.32981456231806,,,50.25694992035059,64.89653264730957,,,,,60,100,-40,,,,,,,,,,,,,,,0.18058087180705598
1998-09-07,0.339285,0.353794,0.319196,0.335937,0.3146347889148433,0.3213545975342883,0.24866283222886731,0.24843364454118172,0.0016178531276112088,0.032215375892499676,0.030597522764888467,0,,,56.71412703361389,63.8082457976627,,,,,,,61.023483394032674,,,23.841103954612844,37.49156044232101,,,,,60,100,-40,,,,,,,,,,,,,,,0.1963563960516022
1998-09-14,0.341518,0.34654,0.317522,0.328125,0.3138445897066402,0.32270867802743064,0.25177899567087253,0.24922659335171723,0.0003048611426974615,0.030978599193260292,0.03067373805056283,0,,,51.69062805783786,55.97599012143763,,,,,,,59.08431154727278,,,17.653703412322393,20.278855371235284,,,,,60,100,-40,,,,,,,,,,,,,,,0.1623936478775198
1998-09-21,0.318638,0.353236,0.31529,0.345982,0.3147051190133088,0.32736334242194454,0.2554732311347599,0.25018933371637675,0.0003258672866620002,0.031081072158890333,0.030755204872228332,0,,,50.16617675813511,52.85697728319561,,,,,,,62.06914628488785,62.06914628488785,,18.8879740470011,15.748786753579095,,,,,60,100,-40,,,,,,,,,,,,,,,0.13729619000336865
1998-09-28,0.35491,0.358817,0.304687,0.313058,0.314228753369501,0.32450227393755565,0.2577314573647693,0.2508148925848705,-0.002059571066595916,0.028180741038983437,0.030240312105579353,0,,,42.09942182300289,47.985408879658614,,,,,,,54.17515265298118,,,15.58965062135658,17.05875350913644,,,,,60,100,-40,,,,,,,,,,,,,,,0.1381938636020522
1998-10-05,0.303571,0.314732,0.254464,0.313616,0.3114744138431081,0.3223250191500445,0.259923008056347,0.25143977922581706,-0.0036868363908957175,0.025631766616959706,0.029318603007855423,0,,,20.65208819099729,37.63922892404509,,,,,,,54.281908778030896,,,12.316418289708626,15.195136413354268,,,,,60,100,-40,,,,,,,,,,,,,,,0.21193722468123732
1998-10-12,0.334821,0.368861,0.316964,0.327567,0.3080399557114575,0.3233734153200356,0.2625757136227648,0.25219726400963977,-0.0038904765942535564,0.02445550726503848,0.028345983859292035,0,,,26.30306227501499,29.68485742967172,,,,,,,56.99546766133256,,,6.706806023734975,9.24296498677741,,,,,60,100,-40,,,,,,,,,,,,,,,0.12940005281704092
1998-10-19,0.327567,0.340959,0.313616,0.316964,0.3055683874463534,0.3220915322560285,0.26470858759834265,0.2528417091438722,-0.004749252730305412,0.02240941794641027,0.027158670676715683,0,,,22.580288455207324,23.178479640406525,,,,,,,54.33991076922171,,,5.049778355017574,5.926975984197667,,5.049778355017574,,,60,100,-40,,,,,,,,,,,,,,,0.08934528031079905
1998-10-26,0.321986,0.347656,0.313058,0.331473,0.30725935977161384,0.3239678258048228,0.267326799849388,0.2536241100479133,-0.004360223231328987,0.021708391637554447,0.026068614868883434,0,,,24.10134429942002,24.328231676547436,,,,,,,57.28987631251414,,,6.8551133493492085,5.51336362130711,,,,,60,100,-40,,,,,,,,,,,,,,,0.08583641361753422
1998-11-02,0.334821,0.351562,0.332589,0.339843,0.30779311978792717,0.3271428606438582,0.27017057240431397,0.2544820094504216,-0.003591325710956224,0.021579457730188156,0.02517078344114438,0,,,31.42198747876457,26.0345400777973,,,,,26.0345400777973,,58.94744106922787,,,9.160924290277748,7.672823095946072,,,,,60,100,-40,,,,,,26.0345400777973,,,,,,,,,0.07918473391900321
1998-11-09,0.336495,0.340401,0.29241,0.318638,0.2724154683745038,0.3254418885150866,0.2720712558394389,0.2551203775155915,-0.004503863202261243,0.019540954438317826,0.02404481764057907,0,,,18.761638044956616,24.76165660771373,,,,,,,53.27301577334284,,,10.239042639976445,9.830993460488406,10.239042639976445,,,,60,100,-40,,,,,,24.76165660771373,,,,,,,,,0.07451296402369217
1998-11-16,0.32087,0.332031,0.310268,0.31529,0.27081436349061067,0.32341151081206926,0.27376610855161776,0.25571908022687917,-0.005272597622817784,0.017454070612056838,0.02272666823487462,0,,,10.4960907501795,20.22657209130022,,,,,,,52.41007500720406,,,7.8611882499587,9.254623450997828,,,,,60,100,-40,,,,,,,,,,,,,,,0.0574620878600049
1998-11-23,0.317522,0.328683,0.310268,0.313058,0.2730744803841385,0.3213408086496554,0.27530696703978963,0.2562896167420346,-0.005827662906618909,0.015442089601600983,0.021269752508219893,0,,,2.5474223248378633,10.601717039991318,,,,,,,51.80402556011363,,,2.8524741447306754,5.704948289461352,,,,,60,100,-40,,,,,,,,,,,,,,,0.026715927424618226
1998-11-30,0.308593,0.329241,0.282366,0.29241,0.27565144607098574,0.31555464691972435,0.2759776742146998,0.2566490235406213,-0.007381690749868948,0.01204263907088371,0.019424329820752657,0,,,-14.072633928620853,-0.34304028453449636,,,,,,,46.424028816847326,,,1.077958841486594,2.155917682973189,,1.077958841486594,,,60,100,-40,,,,,,,,,,,,,,,-0.07492650555353726
1998-12-07,0.297991,0.303571,0.282366,0.301339,0.27397862849448673,0.31271151753577947,0.27697223601020177,0.25709369992330167,-0.007576024855691803,0.009954298751137902,0.017530323606829705,0,,,-27.014893126369593,-12.846701576717527,,,,,,,48.90970118345711,,,3.4712369420542997,1.7356184710271492,,,,,60,100,-40,,,,,,,,,,,,,,,-0.015252030248490533
1998-12-14,0.293526,0.315848,0.287946,0.314174,0.26995344074488054,0.3130040140286236,0.27843112871568404,0.2576616631081444,-0.0066414028656010815,0.009228570024828353,0.015869972890429435,0,,,-28.80031259110614,-23.29594654869886,,,,,,,52.35218552350842,,,12.46047288741975,7.531950296980237,,,,,60,100,-40,,,,,,,,,,,,,,,0.02638996659899502
1998-12-21,0.315848,0.361607,0.305803,0.350446,0.28156255212024617,0.3204924112228989,0.28125524131506896,0.2585848903408992,-0.003537335807773023,0.011448303130713156,0.014985638938486178,0,,,-7.916424097937419,-21.243876605137718,,,,,,,60.50042352178379,,,33.96510133093077,22.631513388200563,,,,,60,100,-40,,,,,,-21.243876605137718,,,,,,,,,0.03956403278586256
1998-12-28,0.348214,0.370535,0.348214,0.365513,0.29357779839737147,0.3294965289783191,0.28455946714585056,0.2596488516310395,-0.0005814141924396048,0.014258871197936673,0.014840285390376278,0,,,13.556928859772132,-7.719935943090476,,,,,,,63.32291671802428,,,59.39805892119527,45.370950648477695,,,,,60,100,-40,,,,,,,,,,,,,,,0.0007626997676652611
1999-01-04,0.376116,0.418526,0.357143,0.401785,0.33179931279755925,0.3439542231826553,0.28915654686562114,0.2610631416645615,0.003481277155893827,0.019191881835243563,0.015710604679349736,0,,,33.40481009014203,13.015104950658914,,,,,,,69.08429554585952,69.08429554585952,,82.83821638624121,71.10007231001407,,,,,60,100,-40,,,,,,,,,,,,,,,0.008764840057412229
1999-01-11,0.408482,0.422433,0.357143,0.368861,0.32802929045487644,0.3489355785461242,0.2922822116944203,0.2621357571703868,0.003600835737064774,0.020211649350680705,0.01661081361361593,0,,,41.53890912086649,29.500216023593552,,,,,,,59.84087389176269,,,86.26655127754283,85.13365755286672,86.26655127754283,,,,60,100,-40,,,,,,,,,,,,,,,0.012160708317164579
1999-01-18,0.374442,0.37779,0.330915,0.345982,0.3239704125652424,0.34834486283689936,0.29438808574561953,0.26297004814381575,0.0018754890325976478,0.018955174904362992,0.017079685871765345,0,,,36.34506945802281,37.096262889677114,,,,,,,54.364931990089964,,,74.62411104674432,82.806006889544,,,,,60,100,-40,,,,,,37.096262889677114,,,,,,,,,-0.022798849770023846
1999-01-25,0.350446,0.371093,0.34654,0.367745,0.32283216881058224,0.3522248902695195,0.29726482748108546,0.2640125849782056,0.0019289104913662695,0.019490823985973182,0.017561913494606913,0,,,36.13457541619844,38.00618466502925,,,,,38.00618466502925,,58.29742208192868,,,59.88070429570614,68.40076719939397,,,,,60,100,-40,,,,,,,,,,,,,,,0.0032094534993007914
1999-02-01,0.372209,0.374442,0.316964,0.324218,0.3248843710383978,0.3466235122156156,0.29832181463868995,0.2646116438341439,-0.0010766227146017972,0.016216135101354667,0.017292757815956464,0,,,24.522312551211854,32.333985808477706,,,,,,,49.12518603691345,,,42.38898854843261,50.64520842320704,,,,,60,100,-40,,,,,,,,,,,,,,,-0.01857990729440426
1999-02-08,0.327567,0.35491,0.321428,0.336495,0.3221661302499408,0.3445978097724925,0.2998188022999178,0.265326901109426,-0.002278159672936122,0.014445058224786311,0.016723217897722433,0,,,14.907544545414032,25.18814417094144,,,,,,,51.45881534183778,,,33.61526461087412,38.18098482185617,,,,,60,100,-40,,,,,,,,,,,,,,,-0.03985578764727714
1999-02-15,0.347098,0.347098,0.317522,0.332031,0.32307004951780216,0.342084447817994,0.3010820257391367,0.26599062348644664,-0.0033491793029197317,0.012536743769072767,0.0158859230719925,0,,,4.73414503107208,14.721334042565992,,,,,,,50.54553136427982,,,21.57509239129935,26.583124464037226,,,,,60,100,-40,,,,,,,,,,,,,,,-0.019498812443041556
1999-02-22,0.333705,0.353236,0.308035,0.310826,0.32446740312367345,0.33583275825439524,0.3014641423768176,0.2664367466358352,-0.005342986634124986,0.009207189779336267,0.014550176413461253,0,,,-6.6481330759595245,4.331185500175535,,,,,,,46.315455186989716,,,16.310870587321816,19.559586473274287,,,,,60,100,-40,,,,,,,,,,,,,,,-0.09588375361780868
1999-03-01,0.310826,0.31529,0.289062,0.296317,0.3235328029005539,0.32792960660351617,0.3012622936561581,0.2667340625897075,-0.0073711599199379006,0.0053362265135388776,0.012707386433476778,0,,,-23.18096932976071,-8.36498579154938,,,,,,,43.61016145270704,,,8.784386130039396,11.799496820002396,,,,,60,100,-40,,,,,,,,,,,,,,,-0.061282926496721145
1999-03-08,0.296875,0.30971,0.285714,0.296317,0.32537538840765723,0.32160708528281295,0.30106836057160286,0.2670284201758796,-0.008371822076459597,0.0022426088379022824,0.010614430914361879,0,,,-33.58640929317282,-21.13850389963102,,,,,,,43.61016145270705,,,3.138571690240956,6.277143380481905,,,,,60,100,-40,,,,,,,,,,,,,,,-0.037749696925748706
1999-03-15,0.297433,0.321986,0.293526,0.299107,0.3274052178071103,0.31710706822625034,0.3009914444707557,0.2673476100248758,-0.008478871441570363,0.000015841612398925786,0.008494713053969288,0,,,-36.87885713797041,-31.21541192030131,,,,,,,44.34381806336438,,,1.683291257309023,2.2839644886736123,,,,,60,100,-40,,,,,,,,,,,,,,,-0.062095967590063104
1999-03-22,0.303571,0.314174,0.290178,0.296875,0.3286523451066024,0.3130606545810003,0.3008300152758241,0.2676414149002502,-0.008321377161149201,-0.0019070083974672136,0.006414368763681988,0,,,-40.13076887955711,-36.865345103566774,,,,,,,43.8493849110492,,,1.120956956851696,0.8311329849119581,,1.120956956851696,,,60,100,-40,,,,,,,,,,,,,,,-0.06830687405316044
1999-03-29,0.299107,0.331473,0.298549,0.321986,0.29752410617041647,0.31484572366480024,0.3016596617355957,0.2681821570405462,-0.0062423956756391605,-0.001388625830866963,0.0048537698447721975,0,,,-33.69608214090477,-36.90190271947743,,,,,,,50.56711269054925,,,7.87982275459294,4.5632611159804375,,,,,60,100,-40,,,,,,-36.90190271947743,,,,,,,,,-0.06303475618121841
1999-04-05,0.321428,0.342076,0.32087,0.328125,0.2965610271582439,0.31750157893184017,0.3026975181381214,0.26877860323914776,-0.004264567915694156,-0.00047694004984549787,0.0037876278658486584,0,,,-20.8194322164441,-31.548761078968663,,,,,,,52.08532382449932,,,16.72216125699861,11.512871958998524,,,,,60,100,-40,,,,,,,,,,,,,,,-0.05763154051448354
1999-04-12,0.3125,0.330915,0.306361,0.316406,0.29861616807551217,0.31728246314547215,0.30323510566211664,0.26925250768452935,-0.0035837583781842984,-0.0006920701068817148,0.0028916882713025836,0,,,-18.83283069038964,-24.44944834924617,,,,,,,48.974730226641825,,,27.250090157098054,21.907003815600063,,,,,60,100,-40,,,,,,,,,,,,,,,-0.05003695956622728
1999-04-19,0.318638,0.35212,0.299107,0.349888,0.28218922749868985,0.3238035705163777,0.3050646309302689,0.2700548508916485,-0.0008587935635330801,0.0018181963168862336,0.0026769898804193137,0,,,-5.806416568564192,-15.152893158465977,,,,,,,56.93511624967174,,,43.604663989031366,35.43348875791437,,,,,60,100,-40,,,,,,,,,,,,,,,0.052847907042905706
1999-04-26,0.352678,0.420759,0.350446,0.410714,0.34027756839164064,0.34118565641310217,0.3092077434428074,0.2714544444151147,0.0047515485822644515,0.008616425608249878,0.0038648770259854266,0,,,23.365503327048863,-0.42458131063498783,,,,,,,67.05148473228766,67.05148473228766,,62.92249486362009,52.55350136149614,,,,,60,100,-40,,,,,,,,,,,,,,,0.08830808108902731
1999-05-03,0.411272,0.446428,0.381696,0.409598,0.33518431350652345,0.3548681251304817,0.3131446162489718,0.27282900715725283,0.007912462461690816,0.013755455103098946,0.005842992641408131,0,,,41.409943823322266,19.65634352726898,,,,,,,66.73986587302034,,,84.35069041386731,73.44217710340675,,,,,60,100,-40,,,,,,,,,,,,,,,0.04238843303553791
1999-05-10,0.41741,0.419084,0.388951,0.396205,0.33133186254177177,0.3631355001043854,0.3164018861999925,0.27405662897658367,0.008570898267178481,0.01655661547538123,0.00798571720820275,0,,,48.18060730749995,37.65201815262369,,,,,,,62.937114409658285,,,91.12109089620603,87.69821847062099,91.12109089620603,,,,60,100,-40,,,,,,,,,,,,,,,-0.004504287715523473
1999-05-17,0.390625,0.410714,0.379464,0.392299,0.3326973009316452,0.36896820008350834,0.31937824360391437,0.2752331699817918,0.00821221636981372,0.018250987670469898,0.010038771300656179,0,,,49.65015901106886,46.41357004729702,,,,,,,61.82413498025126,,,90.32864871908956,92.61511612107451,,,,,60,100,-40,,,,,,,,,,,,,,,-0.02603280673827122
1999-05-24,0.389509,0.396205,0.365513,0.393415,0.33380563657938483,0.37385756006680665,0.3222816458155256,0.2764091085889382,0.007536602504323923,0.01945952443106108,0.011922921926737159,0,,,47.195623311039355,48.342129876536056,,,,,,,62.03195748724812,,,85.22289328485206,88.25798280214995,,,,,60,100,-40,,,,,,48.342129876536056,,,,,,,,,-0.05370078232390484
1999-05-31,0.401785,0.430245,0.392857,0.429687,0.3538875196808573,0.3850234480534453,0.32649362048942654,0.27793426173730695,0.00892415496400232,0.02307811563174006,0.014153960667737739,0,,,53.0845649193291,49.97678241381244,,,,,,,68.13901848887578,68.13901848887578,,86.55040505908174,85.83269880070556,,86.55040505908174,,,60,100,-40,,,,,,49.97678241381244,,,,,,,,,0.046878004596453866
1999-06-07,0.429687,0.4375,0.412946,0.41462,0.35396062541793893,0.3909427584427562,0.32994955694082156,0.27929431883444816,0.008235447316295316,0.024448269813106882,0.016212822496811566,0,,,56.28859022580953,52.189592818726,,,,,,,63.53986671068375,,,87.18806157513629,85.95800955882116,,,,,60,100,-40,,,,,,,,,,,,,,,0.035810660347309974
1999-06-14,0.415178,0.429129,0.402901,0.420759,0.3558619378880862,0.39690600675420495,0.33351071157059325,0.2807019276022646,0.007616030378673765,0.025732860470153773,0.018116830091480008,0,,,55.96187392611506,55.11167635708457,,,55.11167635708457,,55.11167635708457,,64.59469828177288,,,89.64740141293254,88.7452569336936,89.64740141293254,,,,60,100,-40,,,,,,,,,,106,,,,,0.014693320189395976
1999-06-21,0.419642,0.421875,0.375558,0.376674,0.35738829946750855,0.39285960540336395,0.33520338954821705,0.2816568735962719,0.0038499775537817887,0.022929302033707244,0.019079324479925455,0,,,46.17882927756897,52.809764476497854,,,,,,,52.72729552051942,,,77.19973866302678,83.3417842024191,,,,,60,100,-40,,,,,,52.809764476497854,,,,,,,,,0.01807173962093286
1999-06-28,0.378906,0.419084,0.378348,0.413504,0.35593577807697224,0.3969884843226912,0.33827400172279676,0.2829687853017816,0.00346412841759499,0.023409485001919195,0.019945356584324204,0,,,43.022263347155736,48.38765551694659,,,,,,,59.466995774404495,,,68.70613656331385,74.7548780356084,,,,,60,100,-40,,,,,,,,,,,,,,,0.04517484137290674
1999-07-05,0.410156,0.496651,0.40904,0.496651,0.42210915107147423,0.4169209874581529,0.34448486440033416,0.2850949764928086,0.008165099603023245,0.030151731088103262,0.021986631485080017,0,,,57.77158100881078,48.9908912111785,,,,,,,69.94634656539536,69.94634656539536,,66.78989434787883,66.82371922760285,,66.78989434787883,,,60,100,-40,,,,,,48.9908912111785,,,,,,,,,0.1232705830946156
1999-07-12,0.495535,0.50558,0.458147,0.473772,0.4149177117092261,0.4282911899665223,0.3495549481493407,0.28697235981128816,0.00902301700287031,0.033265402738667904,0.024242385735797595,0,,,66.02401150606967,55.60595195401206,,,,,,,64.94139629269853,,,74.54519607076584,69.62596417517643,,,,,60,100,-40,,,,,,,,,,,,,,,0.127866738844785
1999-07-19,0.481584,0.498325,0.456473,0.476004,0.4139796608728528,0.43783375197321783,0.35451373449642537,0.2888532716539619,0.009009169369705038,0.03550384744792889,0.026494678078223855,0,,,68.31924493281929,64.03827914923325,,,,,,,65.20453012763065,,,81.02497234359419,77.0676105304246,,,,,60,100,-40,,,,,,,,,,,,,,,0.14543933814829
1999-07-26,0.472098,0.501116,0.454241,0.497209,0.41446389938193473,0.4497088015785743,0.36010962726127144,0.29092646298078817,0.009639921034806917,0.0385445793717325,0.028904658336925584,0,,,69.16532017679143,67.8361922052268,,,,,,,67.69967179091779,,,81.63696095013427,81.93017100584687,,,,,60,100,-40,,,,,,,,,,,,,,,0.18157629208306075
1999-08-02,0.496651,0.517857,0.465401,0.483258,0.413677835140368,0.4564186412628594,0.3649389752118098,0.2928402096177953,0.008376084888379008,0.039374764447399346,0.030998679559020338,0,,,68.6959892577058,68.72685145577218,,,,,,,64.40782002265804,,,80.1713637270202,81.66720312630645,,80.1713637270202,,,60,100,-40,,,,,,68.72685145577218,,105,,,,,,,0.19296275161078535
1999-08-09,0.485212,0.553571,0.478794,0.536272,0.45121363263034164,0.4723893130102875,0.37165791736036624,0.29526241648727,0.010245469250916954,0.04380551612266653,0.03356004687174958,0,,,72.4837142590952,70.11500789786415,,,,,,,70.34407473547935,,,84.60967647078166,82.30965704092972,,,,,60,100,-40,,,,,,70.11500789786415,,,,,,,,,0.23696106560012287
1999-08-16,0.53404,0.553571,0.519531,0.528459,0.4466068017281744,0.48360325040823005,0.3778069794246656,0.297582780502322,0.010075510776705779,0.046154435342631805,0.03607892456592603,0,,,74.20701991771634,71.79557447817245,,,,,,,68.51950072199966,,,85.99812724390085,84.3953686790423,,,,,60,100,-40,,,,,,,,,,,,,,,0.20193779559217379
1999-08-23,0.530133,0.580357,0.529575,0.578124,0.49000060160473335,0.502507400326584,0.3856625488589925,0.3003742354226969,0.01228138877890289,0.05143066053955464,0.03914927176065175,0,,,77.09857014227421,74.59643477302859,,,,,,,73.29036105428517,,,93.78683471542126,90.52106278505886,,,,,60,100,-40,,,,,,,,,,,,,,,0.2526830779374821
1999-08-30,0.580357,0.671874,0.553571,0.656249,0.5670061300615381,0.5332557202612672,0.3962737822370712,0.3039152778563019,0.01764901822994984,0.06121054454808905,0.04356152631813921,0,,,83.50313049054894,78.2695735168465,,,,,,,78.77255616891364,,,95.47731983961293,93.90203303344221,,,,,60,100,-40,,,,,,,,,,,,,,,0.32697493584037507
1999-09-06,0.658481,0.69587,0.656249,0.691406,0.5916371921999997,0.5648857762090138,0.4078475946983625,0.3077709069323586,0.021934649168927657,0.07097983777929878,0.049045188610371125,0,,,88.65209470230523,83.0845984450428,,,,,,,80.70341617131342,80.70341617131342,,99.01753554859454,98.03507109718909,99.01753554859454,,,,60,100,-40,,,,,,,,,,,,,,,0.30888388106361087
1999-09-13,0.688057,0.706473,0.659598,0.686941,0.5931033927571425,0.589296820967211,0.41879243412195616,0.3115437436793003,0.022738867568681605,0.07746877307122313,0.054729905502541525,0,,,88.57929389102826,86.91150636129414,,,86.91150636129414,,86.91150636129414,,79.70591049991967,,,98.91160808097294,98.71895570193237,,,,,60,100,-40,,,,,,,,,,,,,,,0.24618746854639456
1999-09-20,0.687499,0.715401,0.562499,0.579799,0.5934285789887752,0.5873972567737689,0.4251064170975657,0.31421295020985457,0.014714412831000709,0.07312292154129241,0.0584085087102917,0,,,79.54985282431936,85.59374713921761,,,,,,,60.32341247803494,,,85.03230595288296,92.29221809144484,,,,,60,100,-40,,,,,,85.59374713921761,,105,,,,,,,0.12135155381077932
1999-09-27,0.592633,0.595982,0.512834,0.55106,0.5785838233467199,0.580129805419015,0.430045773289818,0.3165696372724431,0.006546931160763846,0.06659217266124651,0.06004524150048266,0,,,62.57720699404406,76.90211790313056,,,,,,,56.34210003573609,,,59.10548269971426,73.77190491844075,,,,,60,100,-40,,,,,,,,,,,,,,,0.12559236229383344
1999-10-04,0.556919,0.621651,0.556919,0.585379,0.5747642645362399,0.5811796443352121,0.4361372723764918,0.31924435729958295,0.0027272483299612474,0.06345430191293422,0.06072705358297297,0,,,54.04957998253808,65.39221326696718,,,,,,,59.77645938013175,,,31.78382057122961,46.444773859441995,,,,,60,100,-40,,,,,,,,,,,,,,,0.1216397396097684
1999-10-11,0.589285,0.676897,0.569196,0.665736,0.573011388497937,0.5980909154681696,0.4451411440480019,0.322692035336403,0.00476473732280059,0.06668297523647371,0.06191823791367312,0,,,54.98123732254017,57.202674766374095,,,,,,,66.46758163646948,,,23.42084647013055,27.100905176066494,,23.42084647013055,,,60,100,-40,,,,,,,,,,,,,,,0.15680221600039018
1999-10-18,0.659598,0.689731,0.611048,0.660156,0.566082289319513,0.6105039323745357,0.4535730991833744,0.32604988573106564,0.0048714212269640456,0.06800751444737818,0.06313609322041414,0,,,56.70885517077424,55.246557491950824,,,,,,,65.64609564730854,,,28.29142271696179,23.361625120283822,,,,,60,100,-40,,,,,,55.246557491950824,,,,,,,,,0.13714748366307283
1999-10-25,0.662946,0.723772,0.654575,0.715401,0.5877885543681192,0.6314833458996285,0.46384085999971264,0.32992402617155253,0.00763292780825893,0.0726772529807378,0.06504432517247886,0,,,62.14974928054496,57.94661392461978,,,,,,,69.66702281590173,,,40.210072130686015,33.34553808480157,,,,,60,100,-40,,,,,,,,,,,,,,,0.1879672617766247
1999-11-01,0.714285,0.789062,0.690289,0.788504,0.660121443341825,0.6628874767197028,0.4765727478428612,0.33448701098576594,0.013035921926951188,0.08133922758116785,0.06830330565421666,0,,,69.52835136821368,62.795651939844284,,,,,,,74.02521514443983,,,51.583181492893374,45.86554736899921,,,,,60,100,-40,,,,,,,,,,,,,,,0.20982958446798708
1999-11-08,0.783481,0.872627,0.774553,0.809151,0.6758281973888374,0.6921401813757623,0.48961503224118036,0.33921003575207676,0.016433984504053395,0.08884578628428341,0.07241180178023002,0,,,76.53062025462188,69.4029069677935,,,,,,,75.11902688245837,,,64.15012509366055,58.16891799516977,,,,,60,100,-40,,,,,,,,,,,,,,,0.21549770701837015
1999-11-15,0.800222,0.845981,0.786272,0.825334,0.6875236832896348,0.7187789451006098,0.5027804819572125,0.34404709012270285,0.0180749243513217,0.09500545721938214,0.07693053286806044,0,,,77.94486121059852,74.66794427781134,,,,,,,75.97797019858186,,,73.64888066465997,68.6824772845647,,,,,60,100,-40,,,,,,,,,,,,,,,0.2070469713363607
1999-11-22,0.819196,0.852678,0.790178,0.848771,0.7122744201975181,0.7447773560804879,0.5163487375667336,0.3490692185791934,0.018950249858891294,0.10061834519167456,0.08166809533278327,0,,,77.30139725568186,77.25895957363407,,,,,,,77.21222319927844,,,80.04361326841224,77.20846069343276,,,,,60,100,-40,,,,,,,,,,,,,,,0.16746763390585143
1999-11-29,0.841517,1.031807,0.832588,1.026785,0.8911096044691239,0.8011788848643904,0.53636584589745,0.35581265919034566,0.029121368688511784,0.118069806193423,0.08894843750491122,0,,,83.16844746033556,79.47156864220531,,,,,,,83.98356340675488,83.98356340675488,,86.84977501596856,83.79839998002102,86.84977501596856,,,,60,100,-40,,,,,,,,,,,,,,,0.23985665379136803
1999-12-06,1.022878,1.05357,0.883928,0.919642,0.8723408470070437,0.8248715078915123,0.5513962833132362,0.36142290138745664,0.026321296775783057,0.12185005847464003,0.09552876169885698,0,,,82.94713297042077,81.13899256214607,,,81.13899256214607,,81.13899256214607,,70.3526518680021,,,83.36580617754232,84.87788206259812,,,,,60,100,-40,,,,,,,,,,106,,,,,0.21239846147678168
1999-12-13,0.914201,0.915178,0.813057,0.892856,0.8591380007922549,0.8384684063132098,0.5647868604382074,0.36671079291593967,0.020606122647831224,0.12128641500864601,0.10068029236081479,0,,,75.0455918965651,80.38705744244048,,,,,,,67.39031622397175,,,74.41643113467117,80.14693565343624,,,,,60,100,-40,,,,,,80.38705744244048,,105,,,,,,,0.20924909104882855
1999-12-20,0.88895,0.933593,0.862722,0.924106,0.8558863578785224,0.8555959250505679,0.5788778070876894,0.3722570138819502,0.017020174213574518,0.12195551012778294,0.10493533591420842,0,,,70.63689318601624,76.20987268433403,,,,,,,69.03804753637814,,,60.529688458144136,67.89975845617023,,,,,60,100,-40,,,,,,,,,,,,,,,0.2366499802196571
1999-12-27,0.931919,0.932477,0.848213,0.917968,0.8579689751729136,0.8680703400404544,0.5921754617117017,0.3776869739428263,0.01253195730191721,0.12060028254160493,0.10806832523968772,0,,,65.40251314717634,70.36166607658589,,,,,,,68.30366425922621,,,54.10804044747263,57.51540649274235,,,,,60,100,-40,,,,,,,,,,,,,,,0.23147159830257447
2000-01-03,0.936383,1.004463,0.848213,0.888392,0.8579895483748483,0.8721346720323635,0.6037917965465369,0.38276861599314643,0.006189174465202424,0.11580479332119076,0.10961561885598833,0,,,61.79732007440937,65.94557546920065,,,,,,,64.71044809158414,,,46.79100542147784,49.360575926319164,,,,,60,100,-40,,,,,,,,,,,,,,,0.21727978784546523
2000-01-10,0.910713,0.912946,0.772321,0.896762,0.8477249377766449,0.8770601376258907,0.6152808241329473,0.3878829780230654,0.0014240034835039939,0.11139562321036833,0.10997161972686434,0,,,51.570505080199254,59.590112767261665,,,,,,,65.27057325527579,,,35.07069425399725,41.26587445670848,,,,,60,100,-40,,,,,,,,,,,,,,,0.22502988434102078
2000-01-18,0.901785,1.08482,0.896762,0.993861,0.8404256565068846,0.9004203101007126,0.6301271055394984,0.39391261008253736,0.003556679086933981,0.11441746858553181,0.11086078949859783,0,,,58.63097173102142,57.33293229521002,,,,,,,71.04616448559067,71.04616448559067,,28.467338690863045,32.50790658741216,,,,,60,100,-40,,,,,,57.33293229521002,,,,,,,,,0.17597445463209832
2000-01-24,0.968191,1.01953,0.898437,0.907365,0.8268716096135357,0.9018092480805701,0.640999179832067,0.3990215890866912,-0.0018237174624691072,0.10858114267051144,0.11040486013298055,0,,,56.22986241693809,55.47711307605292,,,,,,,61.220945492285,,,18.860204506792577,22.755673464796278,,,,,60,100,-40,,,,,,,,,,,,,,,0.1101819305478093
2000-01-31,0.901785,0.982142,0.843749,0.964285,0.8238521374982832,0.914304398464456,0.6536770551327703,0.40464610063806744,-0.0024744821119984384,0.1073117574929825,0.10978623960498093,0,,,51.91280939426783,55.591214514075794,,,,,,,64.70106514872434,,,18.485617982665772,19.09068557710859,,,,,60,100,-40,,,,,,55.591214514075794,,105,,,,,,,0.1345063354116931
2000-02-07,0.964285,1.045758,0.94587,0.970981,0.8185769133912629,0.9256397187715648,0.6661203470883479,0.4102812737660469,-0.003326229458926133,0.10562845278132327,0.1089546822402494,0,,,55.4811294436784,54.54126708496145,,,,,,,65.10021172867522,,,13.048140235150044,14.735391601827983,,13.048140235150044,,,60,100,-40,,,,,,54.54126708496145,,,,,,,,,0.2404095722927678
2000-02-14,0.976003,1.070869,0.969865,0.993303,0.819179205291887,0.9391723750172518,0.678951039359393,0.4160824849723549,-0.0032545028989508368,0.10488655361656085,0.10814105651551169,0,,,59.02394065790621,55.472626498617494,,,,,,,66.46948702949226,,,17.814460893112287,16.21759026072991,,,,,60,100,-40,,,,,,,,,,,,,,,0.2423486501237546
2000-02-22,0.983258,1.063615,0.952566,0.98549,0.7866550477710379,0.9484359000138014,0.6909721750707895,0.4217482313905404,-0.004523448438307959,0.10248674596762675,0.1070101944059347,0,,,58.47921332379729,57.661427808460644,,,,,,,65.49511741089898,,,18.83258233226478,17.109346264624083,,,,,60,100,-40,,,,,,,,,,,,,,,0.24495951994711138
2000-02-28,0.983258,1.179128,0.967633,1.142856,0.9345863300731068,0.9873199200110412,0.7086931093817389,0.4289234330682465,0.003985466691342435,0.11199202777011275,0.10800656107877031,0,,,66.54632307531031,61.34982568567127,,,,,,,73.85711600777603,73.85711600777603,,29.1075382543484,24.545556608524233,,,,,60,100,-40,,,,,,,,,,,,,,,0.21244224147476073
2000-03-06,1.124999,1.152901,1.055803,1.122767,0.9192491636393134,1.0144093360088329,0.7249313011706904,0.4358273491571197,0.0068430568507449885,0.11656038214220155,0.10971732529145656,0,,,70.24077071172658,65.08876903694473,,,,,,,71.46206580001369,,,44.333360563191896,35.72301485661546,,,,,60,100,-40,,,,,,,,,,,,,,,0.21399878301576655
2000-03-13,1.090401,1.129463,1.017856,1.11607,0.9213499376650768,1.0347414688070662,0.7402700736738006,0.4425959327475961,0.006847755848130216,0.11827702010161933,0.11142926425348912,0,,,68.40577754341139,68.39762377681609,,,,,,,70.63483763154613,,,62.189447761061714,52.74803042301608,,,,,60,100,-40,,,,,,,,,,,,,,,0.21029083561638195
2000-03-20,1.102677,1.342633,1.085936,1.23828,1.0166519421175713,1.075449175045653,0.7597998747062006,0.45051318714811756,0.013275007774648698,0.1280230239718,0.11474801619715129,0,,,75.85280525714748,71.49978450409515,,,,,,,76.10341274600115,76.10341274600115,,78.00678003836617,70.14703286140201,,,,,60,100,-40,,,,,,,,,,,,,,,0.17663031088705153
2000-03-27,1.228793,1.292409,1.119977,1.21261,0.9958115176806019,1.1028813400365223,0.7775571345216437,0.4580962400123154,0.013923251731770198,0.13215208086186403,0.11822882913009383,0,,,76.60717280690422,73.62191853582102,,,,,,,73.00953882793365,,,83.2358930108856,80.99229458405223,83.2358930108856,,,,60,100,-40,,,,,,,,,,,,,,,0.20530974611947134
2000-04-03,1.20982,1.245534,1.04241,1.176338,0.9884975521319875,1.1175726720292178,0.7931955998345204,0.46524292419129737,0.010207014653382251,0.13098759744682165,0.1207805827934394,0,,,70.74484955759706,74.40160920721625,,,74.40160920721625,,74.40160920721625,,68.73226666271226,,,80.49664222524369,83.08482577588417,,,,,60,100,-40,,,,,,74.40160920721625,,105,,106,,,,,0.20678806733557048
2000-04-10,1.17578,1.185267,0.936383,0.998883,0.977321441265417,1.0938347376233744,0.8012617723900294,0.4705527756918815,-0.005083216377405636,0.11442656232168236,0.11950977869908799,0,,,53.22681740586427,66.8596132567885,,,,,,,52.44723172606919,,,56.94807524623362,69.32102515119736,,,,,60,100,-40,,,,,,,,,,,,,,,0.14405276895950478
2000-04-17,0.977678,1.162945,0.973771,1.061383,0.96040648117503,1.0873443900986994,0.8114626048453224,0.4764316833964399,-0.011501310215770763,0.10513314092937454,0.1166344511451453,0,,,41.93021091666192,55.30062596004107,,,,,,,56.389723130410246,,,36.00237969100534,48.62208584947095,,,,,60,100,-40,,,,,,,,,,,,,,,0.07492969016606263
2000-04-24,1.026785,1.149552,1.024553,1.1077,0.9532297325196708,1.0914155120789595,0.8230797575964862,0.48271296017856485,-0.01302862070048473,0.10034867526953939,0.11337729597002412,0,,,36.56267021482369,43.906566179116616,,,,,,,59.1113009361072,,,21.539298885567895,27.759099161236353,,,,,60,100,-40,,,,,,,,,,,,,,,0.12959867684880028
2000-05-01,1.114954,1.127231,0.987164,1.010044,0.9557334659111228,1.0751412096631676,0.8304116886711338,0.4879600352016637,-0.020568744440804573,0.0876663654190184,0.10823510985982297,0,,,23.564283335556357,34.01905482234731,,,,,,,51.73651085508585,,,16.66336109700616,18.007223584112875,,,,,60,100,-40,,,,,,,,,,,,,,,0.07077298616717352
2000-05-08,1.000836,1.015066,0.881696,0.960937,0.9559057897746142,1.052300367730534,0.8355303283310893,0.49266627365736854,-0.02833715320636293,0.07281366835186931,0.10115082155823224,0,,,3.1498605880933574,21.09227137949112,,,,,,,48.44401062343225,,,11.489404316381592,13.404451463140518,,,,,60,100,-40,,,,,,,,,,,,,,,0.057813401267702874
2000-05-15,0.964843,0.973771,0.833705,0.839285,0.9570225190764274,1.009697294184427,0.8356775703573212,0.4961152162080415,-0.040406480096425806,0.05064272143769999,0.0910492015341258,0,,,-15.646783628675827,3.68912009832461,,,,,,,41.37714052397877,,,4.148975963253685,8.297951926507372,,,,,60,100,-40,,,,,,,,,,,,,,,-0.01633396959003659
2000-05-22,0.837053,0.837053,0.741071,0.771205,0.9571029105709683,0.9619988353475417,0.8331492342648772,0.49885242798706597,-0.05102791065753351,0.0272643132122089,0.07829222386974241,0,,,-32.777466417694704,-15.091463152759081,,,,,,,38.01508142875723,,,1.5957261949371107,3.1914523898742235,,1.5957261949371107,,,60,100,-40,,,,,,,,,,,,,,,-0.0039550267981653875
2000-05-30,0.782365,0.890624,0.717633,0.82645,0.9631564169587562,0.9348890682780334,0.8328865191956664,0.502112105320528,-0.05219841858838323,0.01304420063426337,0.0652426192226466,0,,,-40.272366331632924,-29.565538792667837,,,,,,,42.147484298537854,,,2.8521591230815257,1.4260795615407647,,,,,60,100,-40,,,,,,,,,,,,,,,-0.04750304621946126
2000-06-05,0.833146,0.879463,0.80078,0.85491,0.9580951014617022,0.9188932546224268,0.8337501851095618,0.505622532133259,-0.04897429672021569,0.004024748322376981,0.052999045042592674,0,,,-41.92568368148807,-38.32517214360525,,,,,,,44.22276858250689,,,7.757851793381967,4.948485567846557,,,,,60,100,-40,,,,,,,,,,,,,,,-0.03670302279847091
2000-06-12,0.86049,0.861048,0.787388,0.814173,0.9411978799287234,0.8979492036979414,0.8329824523601672,0.5086926860423808,-0.04746908838257306,-0.006337315435623658,0.041131772946949405,0,,,-44.087031320856035,-42.09502711132569,,,,,,-42.09502711132569,41.892490340961615,,,12.080945505053403,9.75183692841162,,,,,60,100,-40,,,,,,,,,,,,,,,-0.0032194844234546744
2000-06-19,0.808593,1.029017,0.801897,0.92299,0.9137896027909576,0.9029573629583532,0.8365121601107489,0.5128150473752925,-0.037467788704252616,-0.005702962933366362,0.031764825770886254,0,,,-35.53671759363094,-40.516477531991704,,,,,,,49.58075003392539,,,18.245156916166707,15.366896483236497,,,,,60,100,-40,,,,,,-40.516477531991704,,,,,,,,,-0.04435841215804115
2000-06-26,0.937499,0.99107,0.911829,0.935267,0.8314593454487461,0.9094192903666826,0.8403848989299352,0.5170185493914587,-0.028741148821284236,-0.004161610255719039,0.024579538565565197,0,,,-25.173101834704656,-34.9322835830639,,,,,,,50.38313487684223,,,24.100425107327034,20.933580411361547,,,,,60,100,-40,,,,,,,,,,,,,,,-0.03630520844106855
2000-07-03,0.930803,0.98549,0.88616,0.972097,0.8398706779166929,0.9219548322933461,0.8455500793640554,0.5215466931786085,-0.019638483894917007,0.000031433696918936604,0.019669917591835943,0,,,-16.60426083635361,-25.771360088229756,,,,,,,52.82311969066174,,,34.428224241519395,29.311783908857063,,,,,60,100,-40,,,,,,,,,,,,,,,0.0046690180728101004
2000-07-10,0.965959,1.082588,0.95982,1.030133,0.8448113437797862,0.9435904658346769,0.8527886252713472,0.526607253445488,-0.009379233036873241,0.007945876295744392,0.017325109332617633,0,,,-1.0551073715132873,-14.277490014190539,,,,,,,56.476846069394526,,,48.24622010294572,40.826093645841425,,,,,60,100,-40,,,,,,,,,,,,,,,0.02684821340664435
2000-07-17,1.040178,1.051338,0.924106,0.956472,0.7684838192240873,0.9461667726677415,0.8568546399665885,0.5308845146052343,-0.007316081108714534,0.008180007946724466,0.015496089055439,0,,,4.240797588396542,-4.472856873156805,,,,,,,51.041440339306725,,,57.7460776122828,52.67579158969934,,,,,60,100,-40,,,,,,,,,,,,,,,-0.036604247525347175
2000-07-24,0.938615,0.950892,0.837053,0.862722,0.7689970464223668,0.9294778181341932,0.8570847325169184,0.5341863801315504,-0.011763597257951303,0.00079159248299987,0.012555189740951173,0,,,-5.6490809811518625,-0.8211302547562225,,,,,,,45.06191210896482,,,57.820878138610944,58.53111661803454,57.820878138610944,,,,60,100,-40,,,,,,-0.8211302547562225,,,,,,,,,-0.0691591329810945
2000-07-31,0.877789,0.921874,0.790178,0.845981,0.7705897573921976,0.9127784545073545,0.8566492920260589,0.5372888141600922,-0.015117381789167364,-0.006341537495508032,0.008775844293659333,0,,,-16.24930214022263,-5.885861844326002,,,,,,,44.06330805605037,,,47.18753197175096,53.57551680938889,,,,,60,100,-40,,,,,,,,,,,,,,,-0.11314147140112665
2000-08-07,0.85491,0.876115,0.813615,0.851562,0.7703148461498979,0.9005351636058836,0.8564497903779782,0.5404159105366088,-0.016150832141550737,-0.01141269588327909,0.004738136258271648,0,,,-23.760967802964586,-15.219783641446378,,,,,,,44.507439178375066,,,38.22762135177397,43.59135737421209,,,,,60,100,-40,,,,,,,,,,,,,,,-0.12114795076264455
2000-08-14,0.849888,0.936383,0.827008,0.892856,0.7799447142820479,0.8989993308847068,0.8578774848729595,0.5439227770984335,-0.01335983556646895,-0.01196165819981454,0.0013981773666544108,0,,,-23.21031132868106,-21.07352709062278,,,,,,,47.82783834933488,,,39.08789252976874,37.95980438074659,,39.08789252976874,,,60,100,-40,,,,,,,,,,,,,,,-0.12161811876314053
2000-08-21,0.897321,1.026785,0.88616,1.014508,0.7821903061190445,0.9221010647077654,0.8640198580151963,0.5486052171273048,-0.0031593488047375233,-0.0025510086392674935,0.00060834016547003,0,,,-7.751368198900771,-18.240882443515492,,,,,,,56.19330909099042,,,53.165498556583245,44.85271578032331,,,,,60,100,-40,,,,,,-18.240882443515492,,,,,,,,,-0.11103998316726243
2000-08-28,1.02232,1.13616,1.018972,1.132811,0.8824892128248272,0.9642430517662124,0.8745606871126396,0.5544182099917098,0.010944011927623117,0.014288355074998926,0.003344343147375809,0,,,14.455168012520257,-5.502170505020544,,,,,,,62.52390378605703,62.52390378605703,,72.39199540703686,61.61956320642695,,,,,60,100,-40,,,,,,,,,,,,,,,-0.027373682280394006
2000-09-05,1.11886,1.145088,1.031249,1.051338,0.8829904833373394,0.98166204141297,0.8814931307552811,0.5593626855141803,0.013980115755484898,0.020819487841731932,0.006839372086247034,0,,,25.603384946158865,10.769061586592764,,,,,,,56.43887716409944,,,83.8048633167162,78.06310889348059,83.8048633167162,,,,60,100,-40,,,,,,,,,,,,,,,-0.044859546230476784
2000-09-11,1.04799,1.078124,0.968749,0.986327,0.8845720916703866,0.982595033130376,0.885604262882525,0.5636110866533427,0.010939022654495412,0.020513150404366298,0.009574127749870886,0,,,25.927763197232817,21.995438718637292,,,,,,,52.05913458703682,,,78.37323237451432,82.36437752415681,,,,,60,100,-40,,,,,,,,,,,,,,,-0.09527320823202531
2000-09-18,0.986606,1.097097,0.892856,0.931919,0.886678442265359,0.9724598265043009,0.8874205270832103,0.5672758420100259,0.004900005822985411,0.01569913502860265,0.01079912920561724,0,,,20.520184069625962,24.017110737672528,,,,,24.017110737672528,,48.63716243056858,,,60.406403812217924,71.18537814731486,,,,,60,100,-40,,,,,,24.017110737672528,,,,,,,,,-0.10087666385711935
2000-09-25,0.941963,0.99107,0.453125,0.459821,0.875082053532119,0.8699320612034407,0.8706519181779864,0.5662066396019659,-0.029368644386510594,-0.025911676277521,0.003456968108989592,0,,,-11.304354537411989,11.71453090981558,,,,,,,30.06209827464346,,,37.654010875247344,49.82938461312188,,,,,60,100,-40,,,,,,,,,,,,,,,-0.24284494409586246
2000-10-02,0.473214,0.477678,0.375,0.396205,0.8166419782798248,0.7751866489627526,0.8520461566808104,0.5645150809989613,-0.05339935859541688,-0.06329223013528151,-0.00989287153986463,0,,,-35.19291877947613,-8.659029749087386,,,,,,,28.47459041988793,,,18.23679482613729,27.8949140666921,,,,,60,100,-40,,,,,,,,,,,,,,,-0.26167499042625036
2000-10-09,0.404017,0.408482,0.341518,0.393973,0.8245571941169801,0.698943919170202,0.8340825034776413,0.5628181448696185,-0.06571431169762806,-0.09203576116189971,-0.02632144946427165,0,,,-47.84248942279258,-31.44658757989357,,,,,,,28.417551251809087,,,5.676218787159223,11.352437574318436,,,,,60,100,-40,,,,,,,,,,,,,,,-0.16073342052662057
2000-10-16,0.398437,0.415178,0.327009,0.348214,0.8370090373943386,0.6287979353361617,0.8150288366745966,0.5606827802440502,-0.07266849776305385,-0.11715707166808897,-0.04448857390503512,0,,,-54.344580213759556,-45.79332947200942,,,,,,,27.20711311071794,,,1.4297792642637566,2.859558528527504,,,,,60,100,-40,,,,,,,,,,,,,,,-0.22357155933221626
2000-10-23,0.357143,0.372767,0.3125,0.331473,0.8455421775804574,0.5693329482689293,0.7960658626873575,0.5584020859132636,-0.07388062180595237,-0.1368393511624756,-0.06295872935652322,0,,,-57.60961340509392,-53.265561013882014,,,,,,,26.75542896799945,,26.75542896799945,1.0460768054245919e-14,1.1447632965023835e-14,,,,,60,100,-40,,,,,,,,,,,,,,,-0.2560430353671028
2000-10-30,0.341518,0.410714,0.334821,0.397321,0.8574518077532818,0.5349305586151435,0.7804288092486376,0.5567992890385047,-0.06599116515144321,-0.14544768579582723,-0.07945652064438402,0,,,-56.8944560970643,-56.28288323863925,,,,,,,31.594548961407114,,,5.177840171482327,2.5889200857411683,,,,,60,100,-40,,,,,,,,,,,,,,,-0.19576690426578977
2000-11-06,0.400669,0.404017,0.340401,0.340401,0.8658001786280474,0.4960246468921148,0.7631728167290831,0.5546460722321515,-0.060494952134803354,-0.15507521081288822,-0.09458025867808487,0,,,-55.859869939865206,-56.787979814007805,,,,,,-56.787979814007805,29.753707251504807,,,9.949367595155769,6.916373861883758,,,,,60,100,-40,,,,,,-56.787979814007805,-107,,,,,,,,-0.24040903237732952
2000-11-13,0.334821,0.366071,0.325893,0.330357,0.8757843801546155,0.46289111751369183,0.7461996474455896,0.55241434017014,-0.053657501392036774,-0.16165213541813084,-0.10799463402609406,0,,,-54.77062746323134,-55.84165116672028,,,,,,,29.425960158967086,,,15.276695204209146,12.82562799851739,,,,,60,100,-40,,,,,,,,,,,,,,,-0.2561163852401226
2000-11-20,0.332031,0.348214,0.325893,0.344866,0.8069307101435717,0.4392860940109535,0.7304610730359586,0.5503491825565068,-0.044648607893730166,-0.16380539389325677,-0.1191567859995266,0,,,-52.9375524502503,-54.52268328444895,,,,,,,30.6219100514201,,,16.14183433958004,15.748448104372192,,,,,60,100,-40,,,,,,,,,,,,,,,-0.2519724136832367
2000-11-27,0.35491,0.356026,0.287946,0.304687,0.7561886594190306,0.4123662752087628,0.7137640505639603,0.5479047827300739,-0.0381392544177456,-0.1668308540217086,-0.128691599603963,0,,,-51.71066710234888,-53.13961567194351,,,,,,,29.140456284397814,,,16.228698223705223,16.68009485802481,16.228698223705223,,,,60,100,-40,,,,,,,,,,,,,,,-0.27624555536163964
2000-12-04,0.306919,0.311384,0.25,0.268973,0.7084933980319571,0.38368762016701025,0.6963212642673344,0.545129342105894,-0.03316592232448129,-0.1701490025095646,-0.13698308018508332,0,,,-51.748652883872154,-52.132290812157116,,,,,,,27.843340792782172,,,14.670298828647464,15.413279955367114,,,,,60,100,-40,,,,,,,,,,,,,,,-0.2757252605260516
2000-12-11,0.271205,0.285714,0.25,0.251116,0.2435852267439601,0.3571732961336082,0.6788622342960664,0.5422038362142931,-0.028200865094051425,-0.1722341615526476,-0.14403329645859617,0,,,-51.43226384962325,-51.630527945281436,,,,,,,27.187816575928764,,27.187816575928764,11.175155257235218,13.013732451445973,,,,,60,100,-40,,,,,,,,,,,,,,,-0.2920173341288599
2000-12-18,0.260044,0.272321,0.243303,0.267857,0.1914286391193915,0.33931003690688655,0.6627443819707305,0.5394740169484793,-0.021229031882961352,-0.17056958631229785,-0.1493405544293365,0,,,-50.23405451053042,-51.13832374800861,,,,,,,28.88818933316543,,,11.431700095974657,11.5318239892254,,11.431700095974657,,,60,100,-40,,,,,,,,,,,,,,,-0.2584140811643936
2000-12-26,0.265625,0.267857,0.253348,0.265625,0.2019898077537207,0.32457302952550926,0.6471710728738391,0.5367491511081959,-0.014527292659997859,-0.16749967025433382,-0.15297237759433596,0,,,-48.37385495604085,-50.01339110539817,,,,,,,28.791077332824088,,,21.527714085333592,15.930895609103892,,,,,60,100,-40,,,,,,,,,,,,,,,-0.2428861758584061
2001-01-02,0.265625,0.330357,0.257812,0.29241,0.21386932148559779,0.3181404236204074,0.6332588739376102,0.534317915773786,-0.006461251570830301,-0.16104894205787385,-0.15458769048704354,0,,,-43.88924064017574,-47.49905003558234,,,,,,,31.772816093384492,,,45.39227620184087,32.31016529199224,,,,,60,100,-40,,,,,,,,,,,,,,,-0.24132864074246588
2001-01-08,0.302455,0.330357,0.284598,0.306919,0.21660944137948365,0.3158961388963259,0.6204612318224098,0.5320552399949423,0.0012683731530405695,-0.15300222404574282,-0.1542705971987834,0,,,-38.63334146216627,-43.63214568612762,,,,,,,33.40909756356554,,,71.16984675855637,56.984653297591386,,,,,60,100,-40,,,,,,,,,,,,,,,-0.25523256242123377
2001-01-16,0.311384,0.34933,0.294643,0.348214,0.22298040985237766,0.32235971111706074,0.6097848697901584,0.5302259739253409,0.010088467980025634,-0.14166001222375135,-0.151748480203777,0,,,-31.298469125356235,-37.94035040923275,,,,,,,37.99425834201864,,,90.63823788853514,81.27647577707029,,,,,60,100,-40,,,,,,,,,,,,,,,-0.22180241760897165
2001-01-22,0.340401,0.373884,0.329241,0.34933,0.17962988057720783,0.3277537688936486,0.5995709533277993,0.5284260139857853,0.01654256082263622,-0.1310702791754817,-0.14761283999811792,0,,,-22.395748441954236,-30.775853009825582,,,,,,,38.11900410201678,,,97.55917336992022,95.11834673984045,,,,,60,100,-40,,,,,,,,,,,,,,,-0.20787488636243248
2001-01-29,0.34933,0.401785,0.34933,0.368303,0.20434674625026442,0.33586361511491886,0.5905016218247483,0.5268327501650312,0.022277243427285237,-0.11976628571401138,-0.14204352914129662,0,,,-12.040045111186908,-21.911420892832464,,,,,,,40.32997990275115,,,100,100,100,,,,60,100,-40,,,,,,,,,,,,,,,-0.19976986830475207
2001-02-05,0.366071,0.382812,0.333705,0.341518,0.20856433580381692,0.3369944920919351,0.5807375582237778,0.5249888223026925,0.024289449088860382,-0.11168171778022112,-0.1359711668690815,0,,,-7.313577825965756,-13.916457126368968,,,,,,,38.24036401016517,,,96.90346654077109,98.45173327038555,,,,,60,100,-40,,,,,,,,,,,,,,,-0.20372949648736288
2001-02-12,0.340401,0.367187,0.330357,0.339285,0.21295895467497283,0.3374525936735481,0.5712688304502963,0.5231410230758,0.0253744858874147,-0.10425305950981312,-0.12962754539722782,0,,,-4.921998671239871,-8.091873869464179,,,,,,,38.06225244460163,,,92.76345672293553,95.22052831425692,,,,,60,100,-40,,,,,,,,,,,,,,,-0.14105838033961487
2001-02-20,0.342634,0.356026,0.321428,0.335937,0.21879352934104623,0.33714947493883846,0.5620401312169514,0.5212782964780308,0.02569252150172993,-0.0975118935200654,-0.12320441502179533,0,,,-5.007416246273475,-5.747664247826368,,,,,,,37.77646035877825,,,87.35035104131754,90.09057175635148,,,,,60,100,-40,,,,,,,,,,,,,,,-0.0774831878244529
2001-02-26,0.340401,0.364955,0.306919,0.34375,0.22453020581668579,0.33846957995107074,0.5534797339143258,0.5195118457668066,0.02616685417291878,-0.09049584730564686,-0.11666270147856564,0,,,-4.824200512418201,-4.917871809977182,,,,,,,38.93560662622635,,,86.38690700298412,86.92258236596649,,86.38690700298412,,,60,100,-40,,,,,,,,,,,,,,,-0.13012067337805663
2001-03-05,0.345982,0.393973,0.341518,0.361607,0.2265088339726368,0.3430970639608566,0.5459553129765091,0.5179406532716145,0.027295630570671595,-0.08254316326522615,-0.10983879383589774,0,,,4.71963186841417,-1.7039949634258356,,,,,,,41.628014043222855,,,89.01025787407706,87.12046942860987,,,,,60,100,-40,,,,,,,,,,,,,,,-0.09598643808156175
2001-03-12,0.351562,0.381696,0.32366,0.350446,0.2291434172603056,0.3445668511686853,0.5382882810950774,0.5162740398062253,0.0268613540614982,-0.076262101259025,-0.1031234553205232,0,,,6.753516465439824,2.2163159404785975,,,,,,,40.421258566074904,,,92.25997672246635,90.31780785111967,,,,,60,100,-40,,,,,,,,,,,,,,,-0.07359021021968655
2001-03-19,0.352678,0.420759,0.345982,0.410714,0.27320353031314093,0.35779628093494825,0.5332853681109567,0.5152236911514371,0.029967361213281543,-0.06566425380392127,-0.09563161501720281,0,,,21.717993181421296,11.063713838425096,,,,,,,49.05979301139767,,,95.92092829818503,94.23601212743183,95.92092829818503,,,,60,100,-40,,,,,,,,,,,,,,,-0.07315040981307734
2001-03-26,0.413035,0.424107,0.377321,0.394107,0.2723432781479166,0.3650584247479586,0.5278273928909192,0.5140185499459501,0.03015524296576874,-0.05793756130999189,-0.08809280427576063,0,,,32.038942080802556,20.17015057588789,,,,,,,47.02444384008857,,,95.10866062867692,95.50632783002628,,,,,60,100,-40,,,,,,,,,,,,,,,-0.04513835996809207
2001-04-02,0.394464,0.404642,0.334821,0.367678,0.27554318685163687,0.36558233979836685,0.5215470245422557,0.512562425070866,0.027808704187020777,-0.05333192404198467,-0.08114062822900545,0,,,28.955805425107933,27.570913562443923,,,,,,,43.88548401511366,,,90.39979614170993,93.27910754492142,,,,,60,100,-40,,,,,,,,,,,,,,,-0.016718697534557375
2001-04-09,0.369464,0.411071,0.358214,0.400357,0.27522381636223425,0.3725372718386935,0.5167944745602064,0.5114459531796136,0.027705401970402804,-0.046508875766001934,-0.07421427773640474,0,,,34.13007333571875,31.70827361387641,,,,,,,48.491165948474176,,,87.20281749995905,89.15927829143602,,87.20281749995905,,,60,100,-40,,,,,,,,,,,,,,,-0.01662554252733603
2001-04-16,0.394464,0.459821,0.35,0.447142,0.3137786866220746,0.3874582174709548,0.5140630049696101,0.5108061128494682,0.029850597995602593,-0.0369010302419015,-0.0667516282375041,0,,,45.14742376639572,36.07776750907413,,,,,,,54.30766967527388,,,87.55527874122524,86.96934973235774,,,,,60,100,-40,,,,,,,,,,,,,,,0.08175107911247771
2001-04-23,0.434642,0.469464,0.419821,0.467857,0.3283309232919265,0.4035379739767639,0.5122510047747234,0.510378758492757,0.03156089239100109,-0.027300512748752725,-0.05886140513975382,0,,,57.19645204239711,45.49131638150386,,,,,,,56.655438416329254,,,94.0485087230849,90.37114547618614,,,,,60,100,-40,,,,,,,,,,,,,,,0.1581476425689008
2001-04-30,0.476785,0.484285,0.427857,0.459821,0.3312052144853603,0.4147945791814111,0.5101949261561068,0.5098756962191973,0.03100218710165771,-0.020108671262681677,-0.05111085836433939,0,,,63.100241294131976,55.14803903430826,,,,,,,55.45789171090933,,,96.31808046389752,94.62581016196786,96.31808046389752,,,,60,100,-40,,,,,,,,,,,,,,,0.19955477438648603
2001-05-07,0.4575,0.459999,0.406428,0.408035,0.33290491345069173,0.41344266334512886,0.5061886545421419,0.5088623559583098,0.026187921974705666,-0.018375955895957308,-0.044563877870662974,0,,,58.121544181281585,59.472745839270225,,,59.472745839270225,,59.472745839270225,,48.32655076984767,,,88.11818217962463,92.99314677376502,,,,,60,100,-40,,,,,,59.472745839270225,,105,,,,,,,0.14497883876230008
2001-05-14,0.40875,0.44375,0.40625,0.420178,0.33489134820421373,0.4147897306761031,0.5028156876973521,0.5079799245557395,0.022978837977332724,-0.01584033039899707,-0.038819168376329795,0,,,53.109358885214746,58.11038145354277,,,,,,,49.96107568172945,,,77.74642094960794,84.18660256263182,,,,,60,100,-40,,,,,,,,,,,,,,,0.1160654434759571
2001-05-21,0.421964,0.430892,0.401785,0.406428,0.33903175190391277,0.4131173845408825,0.4990357783758873,0.5069694576447371,0.01923927171123381,-0.014770078737287529,-0.03400935044852134,0,,,44.90556872311616,52.0454905965375,,,,,,,48.09486110863473,,,64.33196085028291,70.80334465565852,,,,,60,100,-40,,,,,,,,,,,,,,,0.09710270635898278
2001-05-29,0.398571,0.401785,0.344643,0.373035,0.34407541248220475,0.405100907632706,0.49409457138075447,0.5056367764741427,0.014065823116951183,-0.016427071552332362,-0.030492894669283545,0,,,24.083915081192284,40.69961422984107,,,,,,,43.79125934812519,,,52.616587598201065,58.59999789447337,,,,,60,100,-40,,,,,,,,,,,,,,,0.09952184465134693
2001-06-04,0.376428,0.3875,0.363035,0.380714,0.34409052587633293,0.4002235261061648,0.4896482744638621,0.5043937637729075,0.010853905814522797,-0.01692551240113005,-0.027779418215652846,0,,,10.521442682031772,26.503642162113405,,,,,,,45.016929823120165,,,39.18143542706407,45.71415630024106,,,,,60,100,-40,,,,,,,,,,,,,,,0.050871448957675286
2001-06-11,0.375892,0.388035,0.345536,0.365,0.34943598831373773,0.39317882088493183,0.4847601068378283,0.5030067611483015,0.007522187480530254,-0.01837668386499003,-0.025898871345520283,0,,,-2.489180716773502,10.705392348816849,,,,,,,42.94112063021684,,,24.621844128892093,32.131395028400014,,,,,60,100,-40,,,,,,,,,,,,,,,0.055896220133912405
2001-06-18,0.364464,0.410714,0.356785,0.397499,0.3518233462913279,0.3940428567079455,0.4813381026481095,0.5019569326791641,0.007349730800147215,-0.016711707845336266,-0.02406143864548348,0,,,-3.964695947956592,1.3558553391005574,,,,,,,48.28407216123853,,,23.27833876783746,24.079421329736547,,23.27833876783746,,,60,100,-40,,,,,,,,,,,,,,,0.09952148083535717
2001-06-25,0.401785,0.448214,0.400892,0.415178,0.35240732155623306,0.3982698853663564,0.4787435888187719,0.5010934607122072,0.008203949282365335,-0.013806502042526814,-0.022010451324892148,0,,,8.35924353803552,0.6351222911018066,,,,,,,50.98867939611922,,,29.11318532873057,24.453980023195925,,,,,60,100,-40,,,,,,0.6351222911018066,,,,,,,,,0.12062914427421019
2001-07-02,0.422142,0.432678,0.387857,0.393392,0.3534087271593593,0.3972943082930851,0.475396467688624,0.5000218043867126,0.007119625759664842,-0.013110919125311093,-0.020230544884975936,0,,,10.24274155199346,4.879096380690794,,,,,,,47.66111841114381,,,37.56887231923552,32.84684786966866,,,,,60,100,-40,,,,,,,,,,,,,,,0.12533494896479686
2001-07-09,0.394464,0.446607,0.372142,0.44375,0.3551806037908336,0.40658544663446805,0.4741554297400505,0.49946188593510354,0.009464938166103515,-0.008399372177346542,-0.017864310343450058,0,,,18.78082315779732,12.460936082608766,,,,,,,55.012910797351935,,,50.29838768324478,44.16501569238929,50.29838768324478,,,,60,100,-40,,,,,,,,,,,,,,,0.17920524923039072
2001-07-16,0.444285,0.450357,0.348036,0.356785,0.3445550606629169,0.3966253573075744,0.46955266778946025,0.4980422154282866,0.005051729220973182,-0.011549648817233582,-0.016601378038206764,0,,,6.975581405133099,11.999715371641292,,,,,,,43.56461566091755,,,41.60359801340509,45.48246311742821,,,,,60,100,-40,,,,,,11.999715371641292,,,,,,,,,0.09606682265622182
2001-07-23,0.35875,0.366071,0.318786,0.338571,0.3221000563298514,0.3850144858460595,0.46441613179771674,0.49645543716531854,0.0010097720247557555,-0.015339163007262069,-0.016348935032017824,0,,,-15.047387233303517,3.5696724432089666,,,,,,,41.60036775208529,,,33.58916629182304,40.333706291782086,,,,,60,100,-40,,,,,,,,,,,,,,,0.10082606784793272
2001-07-30,0.341428,0.355357,0.330535,0.348214,0.3240343380205763,0.37765438867684764,0.45985918545270826,0.49498039798954424,-0.0008121385060729722,-0.017364108164609038,-0.016551969658536066,0,,,-26.787518019671403,-11.619774615947273,,,,,,,43.07252193719047,,,13.13483648080738,22.70975804071519,,,,,60,100,-40,,,,,,,,,,,,,,,0.1202364999438112
2001-08-06,0.339999,0.351785,0.331071,0.339643,0.3290394567333923,0.3700521109414781,0.45514482523887656,0.4934347522384045,-0.0023075831367375295,-0.019436448579457977,-0.017128865442720447,0,,,-34.64040477729228,-25.49177001008907,,,,,,,42.05179595735685,,,8.22304488684776,11.712657746614772,,,,,60,100,-40,,,,,,,,,,,,,-291,,0.06861613298878053
2001-08-13,0.341071,0.345714,0.320893,0.322678,0.33427392410957857,0.3605772887531825,0.4499500477785285,0.49173568007682833,-0.004050437608570968,-0.02219191245343416,-0.01814147484486319,0,,,-41.66183579330212,-34.363252863421934,,,,,,,40.01826138837852,,,4.537845842717216,4.3422596583536865,,4.537845842717216,,,60,100,-40,,,,,,,,,,,,,-268.0909090909091,,0.06689832760627161
2001-08-20,0.323928,0.3325,0.313928,0.331607,0.3385477866731801,0.354783231002546,0.4453091439440764,0.4901423598770589,-0.004195274110856122,-0.023385567483433345,-0.019190293372577223,0,,,-46.08340156564162,-40.79521404541201,,,,,,,41.62773774538264,,,4.9777270438914245,4.855579535486085,,,,,60,100,-40,,,,,,,,,,,,,-240.2561983471075,,0.09979578535230865
2001-08-27,0.332143,0.344643,0.308571,0.33125,0.3434090876250958,0.3500765848020368,0.44083623633842633,0.4885613413708195,-0.003913960287695813,-0.024082743732196987,-0.020168783444501175,0,,,-47.39909798206355,-45.048111780335766,,,,,,,41.57941279658437,,,6.795471986023683,5.856062637856219,,,,,60,100,-40,,,,,,,,,,,,,-201.11870773854253,,0.08650877335215736
2001-09-04,0.330357,0.340714,0.307143,0.308571,0.3454231527947318,0.34177546784162943,0.4356493643251547,0.48677039270046313,-0.00479590781643862,-0.02616366821504945,-0.02136776039861083,0,,,-49.79889782384554,-47.76046579051691,,,,,,,38.503286352970115,,,7.29571353720875,6.856545740226353,7.29571353720875,,,,60,100,-40,,,,,,,,,,,,,-126.36985178608026,,-0.046341661944932805
2001-09-10,0.303571,0.3125,0.302143,0.310178,0.3476506418808224,0.33545597427330354,0.43072891866534474,0.4850132544646376,-0.004799925250129171,-0.027367666961272297,-0.022567741711143126,0,,,-52.97632385006721,-50.058106551992104,,,,,,,38.85056045285497,,,5.639663161694203,6.687272247942675,,,,,60,100,-40,,,,,,,,,,,,,-56.120787824974734,,-0.12003161091233508
2001-09-17,0.285714,0.316446,0.262143,0.280893,0.35303531031790647,0.3245433794186428,0.4248530002863116,0.4829822071565318,-0.006213977778145981,-0.0303352139338256,-0.02412123615567962,0,,,-58.740472386714096,-53.83856468687562,,,,,,,34.95377875149072,,,2.576842693186258,4.370155199002348,,,,,60,100,-40,,,,,,,,,,,,,134.0829917795661,,-0.14817217561194745
2001-09-24,0.287678,0.300785,0.266607,0.276964,0.35175735958091314,0.31502750353491427,0.41905343164763276,0.48093227474701405,-0.006805362420162015,-0.03262793918088214,-0.025822576760720122,0,,,-61.697354302020365,-57.80471684626722,,,,,,,34.45153302790183,,,1.4182841687160943,2.053038150062021,,1.4182841687160943,,,60,100,-40,,,,,,,,,,,,,120.61335691055412,,-0.12732315679551476
2001-10-01,0.276607,0.290178,0.264821,0.288214,0.2664806910394194,0.3096648028279314,0.413922473543804,0.4790146799734119,-0.0058659142921798114,-0.033154969625944886,-0.027289055333765074,0,,,-62.008494549271674,-60.815440412668714,,,,,,-60.815440412668714,37.24844752069626,,,3.714524404957503,2.249027296163835,,,,,60,100,-40,,,,,,,,,,,,,99.59274656318061,,-0.06476849444130664
2001-10-08,0.278035,0.322857,0.276785,0.321607,0.2607375702508894,0.3120532422623451,0.41030225889502736,0.47744843440153717,-0.0025897331292161346,-0.030526221745285242,-0.027936488616069108,0,,,-53.551750410153154,-59.08586642048173,,,,,,,44.819669340331046,,,16.329443823393433,9.65560983697705,,,,,60,100,-40,,,,,,-59.08586642048173,-107,,,,,,62.39406536987506,,0.007375154381967895
2001-10-15,0.320535,0.32875,0.302857,0.326785,0.2604041723758259,0.3149995938098761,0.40702707227169294,0.4759492957507756,0.00018461134087218584,-0.027705724439978874,-0.02789033578085106,0,,,-41.61801515266299,-52.39275337069594,,,,,,,45.91584525892584,,,42.254957316022264,28.17330348890138,,,,,60,100,-40,,,,,,,,,,,,,45.59514439353414,,0.050906238147827014
2001-10-22,0.325178,0.346785,0.316964,0.333393,0.2544063029204097,0.31867827504790086,0.40413946159437164,0.47453082514629025,0.0025898170652200736,-0.024653064449325968,-0.02724288151454604,0,,,-26.970518291351745,-40.71342795138929,,,,,,,47.361516111706294,,,69.5499301339757,54.609937305226104,,,,,60,100,-40,,,,,,,,,,,,,-6.331245496199358,,0.033629726905955976
2001-10-29,0.331607,0.336785,0.304643,0.331607,0.24998449556895191,0.32126402003832066,0.4012950513357688,0.4731086975328943,0.004095980729616165,-0.022122905602525833,-0.026218886332141998,0,,,-18.90099589198631,-29.16317644533368,,,,,,,46.99371529754003,,,89.56424861336092,79.98875783314757,,,,,60,100,-40,,,,,,,,,,,,,-28.81647358779947,,0.06757129634490212
2001-11-05,0.336428,0.359464,0.330893,0.334107,0.25206453159974107,0.32383261603065655,0.39866022579318966,0.47172559606490533,0.005223873598576449,-0.019689044333921435,-0.024912917932497884,0,,,-5.136886015923874,-17.002800066420644,,,,,,,47.61066623132234,,,96.6981033217661,94.25646724995795,,,,,60,100,-40,,,,,,,,,,,,,-52.668023844563194,,0.004205999955800818
2001-11-12,0.333214,0.355357,0.320714,0.33875,0.2584861364854738,0.32681609282452523,0.39631080517384887,0.470402455805553,0.006180402642284248,-0.017187414629642572,-0.02336781727192682,0,,,3.3358360778829343,-6.900681943342415,,,,,,,48.809431076823515,,,99.13973939357425,99.13973939357425,,,,,60,100,-40,,,,,,,,,,,,,-64.91020132736989,,0.032323446087218315
2001-11-19,0.339285,0.360714,0.338571,0.354285,0.2748052695936543,0.33230987425962016,0.39466273438271754,0.4692470582353485,0.007660396933645636,-0.013792321104869776,-0.021452718038515412,0,,,14.69876328313713,4.299237781698731,,,,,,,52.73001927549436,,,99.71324646452476,99.4264929290495,,,,,60,100,-40,,,,,,,,,,,,,-97.65380108602994,,0.06446895823555142
2001-11-26,0.356071,0.384821,0.355,0.380357,0.30339110747982184,0.3419192994076961,0.39410172519123843,0.46836258004395204,0.01004589248419744,-0.00889535243326861,-0.01894124491746605,0,,,29.11255706609734,15.715718809039137,,,,,,,58.50770512049473,,,99.85662323226236,99.71324646452474,,,,,60,100,-40,,,,,,,,,,,,,-114.44401907038812,,0.030004590516248732
2001-12-03,0.376071,0.429107,0.367857,0.402499,0.3266683855169774,0.3540352395261569,0.3944310300856997,0.46770722103853957,0.012600187023080817,-0.0031910111386150297,-0.015791198161695847,0,,,43.38563234355547,29.06565089759665,,,,,,,62.701997293950285,62.701997293950285,,100,100,100,,,,60,100,-40,,,,,,,,,,,,,-139.09056105759032,,0.1415544920150845
2001-12-10,0.398035,0.410535,0.35875,0.364107,0.32333485798005046,0.35604959162092553,0.3932418524352801,0.46667637306800686,0.011234524320650831,-0.0017480427608823068,-0.012982567081533138,0,,,45.24447917181986,39.24755619382423,,,,,,,52.69610668127682,,,93.118983709307,96.55949185465352,,,,,60,100,-40,,,,,,,,,,,,,-142.89227722893747,,0.12794532850226187
2001-12-17,0.364285,0.387142,0.360535,0.375,0.3215915824100469,0.35983967329674044,0.39252648567311227,0.4657641703509123,0.010603146464885402,0.00027136599957361396,-0.010331780465311788,0,,,44.516232495230184,44.382114670201844,,,,,,,54.907895962688,,,86.10489069708603,90.47206423953314,,,,,60,100,-40,,,,,,,,,,,,,-154.18459046003974,,0.11257867399599536
2001-12-24,0.373214,0.410714,0.373214,0.400535,0.3235696836664721,0.36797873863739233,0.39284054505848043,0.4651151238797589,0.011375353514078312,0.0038874114272861027,-0.00748794208679221,0,,,49.477433389217886,46.41271501875598,,,,,,,59.69385118858501,,,81.0852159527928,83.39665615604625,,,,,60,100,-40,,,,,,,,,,,,,-173.42375583094164,,0.13159899148762588
2001-12-31,0.401964,0.427678,0.389821,0.423035,0.3443863491188669,0.37898999090991387,0.39402464133069687,0.4646964161794628,0.01276720667886786,0.008471066261792615,-0.0042961404170752445,0,,,56.13192791049015,50.04186459831274,,,,,,,63.40182239884143,63.40182239884143,,86.14878227441558,83.20226436325235,86.14878227441558,,,,60,100,-40,,,,,,,,,,,,,-205.52852749804316,,0.21334421311206214
2002-01-07,0.423571,0.428571,0.361767,0.375892,0.34459596703894785,0.3783703927279311,0.39331355735694407,0.46381279014782634,0.01000092617373161,0.008205017300089268,-0.0017959088736423418,0,,,51.84772576840652,52.48569568937152,,,52.48569568937152,,52.48569568937152,,52.4495628674672,,,80.23920310345261,82.08687053550584,,,,,60,100,-40,,,,,,52.48569568937152,,,,,,,-217.2506134074899,,0.12810979239799453
2002-01-14,0.375178,0.406071,0.366071,0.395892,0.34065532653616587,0.38187471418234487,0.393414672754711,0.46313696139013655,0.009035536303842753,0.0094985115061611,0.00046297520231834656,0,,,48.10566690290824,52.028440193934976,,,,,,,55.94701823251909,,,73.27820469063224,78.51081130956065,,,,,60,100,-40,,,,,,,,,,,,,-233.20504733340084,,0.15139315451752636
2002-01-22,0.397678,0.419821,0.385535,0.415178,0.34082530321215404,0.3885353713458759,0.3942681365682517,0.4626597577942148,0.009183357500385025,0.011942172077799629,0.002758814577414603,0,,,51.10793601941292,50.353776230242566,,,,,,,59.09040029076271,,,64.3669210884263,68.79274397998894,,64.3669210884263,,,60,100,-40,,,,,,50.353776230242566,,,,,,,-237.16776600005522,,0.2225648232151292
2002-01-28,0.417857,0.445714,0.405714,0.435892,0.3546564244112859,0.3980066970767007,0.3959004449381242,0.46239341194551614,0.010091369690084449,0.015373026690020164,0.005281656999935715,0,,,58.432755233828736,52.54878605204997,,,,,,,62.2265209462485,62.2265209462485,,72.29690969294202,68.14512891361288,,,,,60,100,-40,,,,,,,,,,,,,-252.22817218186339,,0.23581257591323546
2002-02-04,0.434285,0.463928,0.417321,0.429107,0.3547446798104798,0.40422675766136057,0.397202662783688,0.4620622038664563,0.009650333157424916,0.01734457344671686,0.007694240289291944,0,,,63.081039686676306,57.540576979972656,,,,,,,60.578605993242284,,,78.98893160652219,73.5919129705448,,,,,60,100,-40,,,,,,,,,,,,,-243.64123178516095,,0.21959894835229404
2002-02-11,0.427321,0.450714,0.423928,0.426785,0.35388277410973124,0.40873840612908846,0.39836275443922964,0.4617111869125612,0.008649682057118822,0.018506342860690472,0.00985666080357165,0,,,63.38239325376372,61.63206272475626,,,61.63206272475626,,61.63206272475626,,59.9896134357095,,,83.74404397976798,82.08068216857667,83.74404397976798,,,,60,100,-40,,,,,,,,,,,,,-227.52464418785894,,0.2086778842513155
2002-02-19,0.424285,0.426785,0.383035,0.406071,0.35591400453046473,0.40820492490327076,0.3986650385788677,0.4611575532119387,0.006157282323529783,0.01755326370798388,0.011395981384454097,0,,,52.06230389448391,59.50857894497466,,,,,,,54.83699435521116,,,69.88890224693927,77.39279013183435,,,,,60,100,-40,,,,,,59.50857894497466,,105,,,,,-202.52016342643003,,0.16039245223281376
2002-02-25,0.408035,0.441428,0.373928,0.41875,0.35537671849257435,0.4103139399226166,0.39945268412479445,0.4607355875083373,0.004977568715060285,0.017617942278279453,0.012640373563219167,0,,,45.44460540157758,53.62976751660841,,,,,,,57.270662033462344,,,57.93474624903274,65.91547816276723,,,,,60,100,-40,,,,,,,,,,,,,-241.15286098526096,,0.14085310387620967
2002-03-04,0.415357,0.448035,0.406428,0.440357,0.3559499528859619,0.4163225519380933,0.40105677494342995,0.460532815493329,0.005240883092203592,0.019191477428473658,0.013950594336270066,0,,,49.17162347920146,48.892844258420986,,,,,,,61.13689087023195,,,52.49466468078015,54.33208951472568,,52.49466468078015,,,60,100,-40,,,,,,48.892844258420986,,,,,,,-274.57961353339533,,0.1263406175843963
2002-03-11,0.439285,0.448928,0.42641,0.445535,0.36121317053696467,0.42216504155047463,0.40280101906329546,0.4603835834983705,0.005334450648325882,0.02061865764667742,0.015284206998351537,0,,,53.730422386069584,49.448883755616215,,,,,,,62.02884973396024,62.02884973396024,,64.78831834245625,57.54697271676133,,,,,60,100,-40,,,,,,,,,,,,,-298.292411072778,,0.15034857992799427
2002-03-18,0.445535,0.451785,0.415357,0.430178,0.3640193012128958,0.4237676332403797,0.4038746261588525,0.460083030428735,0.003994065201097907,0.02027678849972392,0.016282723298626012,0,,,52.13797728037156,51.6800077152142,,,51.6800077152142,,51.6800077152142,,57.768869384322024,,,69.62949645201533,65.4864741797541,69.62949645201533,,,,60,100,-40,,,,,,,,,,106,,,-327.69379087772745,,0.10961256608971864
2002-03-25,0.429821,0.430178,0.410714,0.422678,0.36463785112626035,0.42354970659230373,0.40461201336830926,0.45971084107123517,0.002317483113787454,0.01917957719086033,0.016862094077072877,0,,,43.85619242033517,49.90819736225878,,,,,,,55.74340618831577,,,62.983779892841355,67.9424356195276,,,,,60,100,-40,,,,,,49.90819736225878,,,,,,,-387.2040107181406,,0.1546326269527276
2002-04-01,0.4175,0.449821,0.415714,0.441785,0.3676356474743846,0.427196765273843,0.4060697775499442,0.45953247449341195,0.0022107832575235693,0.019625573148977338,0.01741478989145377,0,,,46.1124686031706,47.368879434625775,,,,,,,59.648106879749015,,,56.12173203241616,61.010276738815996,,,,,60,100,-40,,,,,,,,,,,,,-398.62146331484223,,0.17422438182935823
2002-04-08,0.431428,0.450017,0.424642,0.4475,0.37029245836907143,0.4312574122190744,0.40769449215582876,0.45941274837904966,0.002233963576699839,0.02020724436232857,0.01797328078562873,0,,,49.33288777111545,46.433849598207075,,,,,,,60.76965453988437,60.76965453988437,,60.12532041983256,57.37723808295914,,,,,60,100,-40,,,,,,46.433849598207075,,,,,,,-449.78119725759825,,0.1962001737589835
2002-04-15,0.4475,0.467321,0.442857,0.446071,0.3721822827712806,0.4342201297752595,0.40919945324775703,0.45927999466383523,0.0018763300778208702,0.020318693382904818,0.018442363305083948,0,,,55.75547112044692,50.40027583157766,,,50.40027583157766,,50.40027583157766,,60.31554442904621,,,70.31931181074644,63.6863034260538,70.31931181074644,,,,60,100,-40,,,,,,,,,,106,,,-464.3664341198531,,0.10894629776484822
2002-04-22,0.443571,0.445178,0.410714,0.410892,0.374067262573332,0.4295545038202076,0.4092658276301979,0.45879852208011546,-0.0008593650952889442,0.017368156935972767,0.01822752203126171,0,,,40.738981664010026,48.60911351852413,,,,,,,50.292666634768075,,,59.43616826398191,64.67451487002722,,,,,60,100,-40,,,,,,48.60911351852413,,,,,,,-422.6634460980616,,0.06653214342765958
2002-04-29,0.413571,0.435357,0.412321,0.419821,0.3742614581038083,0.4276078030561661,0.40967975595842543,0.4584106860395173,-0.0021253454110464545,0.015570840267453645,0.0176961856785001,0,,,28.89882956743396,41.79776078396364,,,,,,,52.4646730682422,,,42.884428809511405,54.229749868099624,,,,,60,100,-40,,,,,,,,,,,,,-440.36100135295953,,0.07650367944290858
2002-05-06,0.416964,0.437857,0.395357,0.416428,0.37599778252496485,0.42537184244493287,0.4099443929796637,0.45799294786996986,-0.003185289308694845,0.013714574042631544,0.01689986335132639,0,,,15.553126881011949,28.396979370818645,,,,,,,51.53761255944671,,,20.8357567227416,31.85211071358575,,20.8357567227416,,,60,100,-40,,,,,,,,,,,,,-396.6590011069669,,0.07228533164816944
2002-05-13,0.42,0.463928,0.409642,0.446607,0.375033655201753,0.4296188739559463,0.4113821422745788,0.4578796548563383,-0.0019107830321333577,0.01451138456115969,0.016422167593293048,0,,,23.082773434843403,22.511576627763105,,,,,,,58.58851917319042,,,29.226933517644817,24.953094379527567,,,,,60,100,-40,,,,,,22.511576627763105,,,,,,,-388.1755463602457,,0.07843765490274089
2002-05-20,0.43875,0.450714,0.416428,0.431249,0.37245467983019925,0.42994489916475703,0.41216123473439925,0.4576146732159767,-0.0021416102334545876,0.013745154801474813,0.0158867650349294,0,,,22.649986977337274,20.428629097730877,,,,,,,54.238049506033995,,,32.880661240868875,27.270374467349313,,,,,60,100,-40,,,,,,,,,,,,,-374.8709015674737,,0.03287438456185845
2002-05-28,0.423035,0.436428,0.415714,0.416071,0.3729170598423279,0.42717011933180565,0.41231455886246204,0.45720130333323067,-0.0032874826098274607,0.011777411772645074,0.015064894382472535,0,,,12.532644112714488,19.42180150829839,,,,,,,50.24369006629009,,,35.282363867900614,35.63911210148793,35.282363867900614,,,,60,100,-40,,,,,,19.42180150829839,,,,,,,-366.712555827933,,0.04274178407030924
2002-06-03,0.417678,0.41875,0.373749,0.382142,0.37528526985359023,0.41816449546544454,0.41113132126001256,0.4564544445935965,-0.006135971227505876,0.0073949303480901896,0.013530901575596065,0,,,-12.743589119305218,7.479680656915515,,,,,,,42.6391903658255,,,19.732257748416078,28.22026978638347,,,,,60,100,-40,,,,,,,,,,,,,-270.03754567739975,,-0.030054658571879275
2002-06-10,0.383571,0.39,0.323393,0.358928,0.3740147505783338,0.40631719637235564,0.4090841321909925,0.4554840322095806,-0.00920451285242053,0.0020252605100704035,0.011229773362490933,0,,,-36.182149141270685,-12.131031382620472,,,,,,,38.338258816115044,,,7.694976890793667,15.389953781587328,,,,,60,100,-40,,,,,,,,,,,,,-186.39435555423617,,-0.056199018612921835
2002-06-17,0.361428,0.368392,0.299821,0.300893,0.3697484112513099,0.3852323570978845,0.4048413426933065,0.45394581298361464,-0.014451337341755728,-0.006834398314703727,0.007616939027052001,0,,,-53.87548466935499,-34.26707430997697,,,,,,,30.112105205371094,,,1.87404095174145,3.748081903482895,,1.87404095174145,,,60,100,-40,,,,,,,,,,,,,-136.14083636255685,,-0.17964591019907397
2002-06-24,0.299464,0.318214,0.285357,0.316428,0.36550623901907353,0.3714714856783076,0.4013741527837651,0.4525774765360165,-0.01606041707238822,-0.012458582313433275,0.003601834758954945,0,,,-64.04547474276303,-51.36770285112957,,,,,,,34.205977084266266,,,3.482911101603557,1.7414555508017786,,,,,60,100,-40,,,,,,,,,,,,,-179.56977520572835,,-0.0954265035626705
2002-07-01,0.31625,0.334821,0.299107,0.334643,0.36577607908913967,0.3641057885426461,0.3987572448314606,0.45140399915754864,-0.015097441966507502,-0.015269967699179432,-0.0001725257326719307,0,,,-65.2168311158844,-61.04593017600081,,,,,,,38.76246295377342,,,11.431804129013369,7.021993727608017,,,,,60,100,-40,,,,,,,,,,,,,-174.19345244105045,,-0.031681720943983284
2002-07-08,0.330714,0.335535,0.303035,0.3125,0.3664477162970583,0.3537846308341169,0.39537460777924643,0.45002186981269743,-0.015113976616587109,-0.019064996503405818,-0.003951019886818709,0,,,-65.28890926918075,-64.8504050426094,,,,,,,35.52266096529719,,,18.534459184629654,14.533724888020837,18.534459184629654,,,,60,100,-40,,,,,,,,,,,,,-136.15827926995038,,-0.05407739384557718
2002-07-15,0.31125,0.332143,0.259464,0.267143,0.3675305222758398,0.3364563046672935,0.39034591727809953,0.44820217956580494,-0.01719059766967687,-0.025439266973914798,-0.008248669304237927,0,,,-68.76961100697555,-66.42511713068023,,,,,,,29.965007518338282,,,17.936685887831622,18.562544946830105,,,,,60,100,-40,,,,,,,,,,,,,-64.12950122086848,,-0.15290548539207688
2002-07-22,0.263393,0.271785,0.246428,0.256071,0.36279612782756554,0.3203792437338348,0.3850802342475858,0.44629042653529943,-0.018222411609232814,-0.031026683815778944,-0.01280427220654613,0,,,-72.82708839286549,-68.9618695563406,,,,,,,28.774485583682917,,28.774485583682917,11.103389352225106,15.513199753630452,,,,,60,100,-40,,,,,,,,,,,,,-34.287773726165085,,-0.19197686473726866
2002-07-29,0.258571,0.276964,0.254464,0.258035,0.3651601901255966,0.30791039498706785,0.3800980681986609,0.4444172382115651,-0.017671811672000527,-0.03489403679654679,-0.017222225124546263,0,,,-72.32240900175346,-71.30636946719817,,,,,,,29.31416137613371,,,4.509567085411627,8.255884987619035,,4.509567085411627,,,60,100,-40,,,,,,,,,,,,,4.67363967859221,,-0.2453024343272833
2002-08-05,0.258928,0.274643,0.249464,0.267857,0.35240553368805394,0.29989971598965426,0.37569645768106635,0.44266041992090277,-0.015616491896061853,-0.03674283999462358,-0.021126348098561724,0,,,-69.92338764555178,-71.69096168005692,,,,-71.69096168005692,,-71.69096168005692,32.101428136612796,,,4.785457900587039,4.2569359837995115,,,,,60,100,-40,,,,,,-71.69096168005692,-107,,,,,,-13.448840262970023,,-0.22061346989492664
2002-08-12,0.266071,0.2875,0.259643,0.282321,0.339262209853193,0.2963839727917234,0.3720346750269069,0.44106500280726196,-0.01239395139603499,-0.03661878734360546,-0.024224835947570474,0,,,-64.4538984990809,-68.89989838212871,,,,,,,36.119911890281216,,,10.98303709777687,7.010825799033131,,,,,60,100,-40,,,,,,,,,,,,,-21.003596578793662,,-0.1939154370091072
2002-08-19,0.281607,0.290178,0.275893,0.280893,0.3068399805779649,0.2932857782333787,0.3684604916925184,0.4394712515355479,-0.009594692448100024,-0.0362182015076955,-0.026623509059595478,0,,,-58.08140677636795,-64.15289764033355,,,,,,,35.89271115022062,,,19.9478664825806,15.041240294764094,,,,,60,100,-40,,,,,,,,,,,,,-50.82112447355847,,-0.22506573695033325
2002-08-26,0.284821,0.284821,0.259107,0.263393,0.28696398196525313,0.28730722258670294,0.3643401979006549,0.4377192291322091,-0.008211289204278233,-0.03688762056494327,-0.028676331360665035,0,,,-55.649680378152546,-59.39499521786713,,,,,,,33.1263516685937,,,25.291521190596466,22.598195862027662,,,,,60,100,-40,,,,,,,,,,,,,-65.21728366018422,,-0.28518427168084787
2002-09-03,0.25875,0.263928,0.250893,0.256785,0.2641458403963065,0.28120277806936234,0.36012234700259,0.43591888854382893,-0.007074019986746519,-0.037518856344098184,-0.030444836357351665,0,,,-55.695792789357576,-56.47562664795935,,,,,,,32.11386566293608,,,26.849982862818372,26.634826228799778,,,,,60,100,-40,,,,,,,,,,,,,-78.81414117651438,,-0.247622747651428
2002-09-09,0.255,0.260714,0.250893,0.253035,0.26731920893942746,0.27556922245548987,0.3559228431985669,0.43409914835931324,-0.005952126334448381,-0.03788499427541214,-0.03193286794096376,0,,,-55.061401883846344,-55.46895835045215,,,,,,,31.52155922549838,,,26.636154173282947,27.08057359064203,,,,,60,100,-40,,,,,,,,,,,,,-82.6661155080572,,-0.23203804321247984
2002-09-16,0.2525,0.269464,0.252143,0.265535,0.2707250511580398,0.2735623779643919,0.3523782218966623,0.4324218931517579,-0.003848078170714704,-0.03674296565435714,-0.032894887483642436,0,,,-51.37378547707428,-54.04366005009273,,,,,,,35.7976382470561,,,37.193724112970926,31.91108061967567,,,,,60,100,-40,,,,,,,,,,,,,-31.27227632477407,,-0.18735954752578357
2002-09-23,0.263571,0.27125,0.257143,0.262857,0.2506731903610369,0.2714213023715135,0.348867585743852,0.43073468028457623,-0.0021985862211129567,-0.035643120260033634,-0.03344453403892068,0,,,-47.38051542922478,-51.27190093004847,,,,,,,35.28623921790923,,,48.80857067783117,41.571310929463095,,,,,60,100,-40,,,,,,,,,,,,,-23.768226083906043,,-0.19548104424115997
2002-09-30,0.257321,0.26125,0.249982,0.250535,0.22289510533524853,0.2672440418972108,0.3450114059107598,0.4289416486399536,-0.001530916921097518,-0.035358180190292576,-0.03382726326919506,0,,,-47.36046968505513,-48.704923530451396,,,,,,,32.94055687290785,,,56.938786939502506,53.09994297786761,,,,,60,100,-40,,,,,,,,,,,,,48.735087749531374,,-0.2526079202692507
2002-10-07,0.249464,0.263928,0.238571,0.259107,0.2253005263827308,0.26561663351776865,0.3416426056789653,0.42725175163856105,-0.00017673982761316764,-0.034048188053711514,-0.03387144822609835,0,,,-46.461495107473354,-47.067493407251085,,,,,,,36.139869576104,,,65.93471124575504,62.173220954711674,,,,,60,100,-40,,,,,,,,,,,,,47.14688997688931,,-0.21059328655437334
2002-10-14,0.259821,0.272321,0.248214,0.256071,0.22575098878396432,0.2637075068142149,0.33828685643665296,0.42554846057748086,0.0007963462342619604,-0.0328760154332709,-0.03367236166753286,0,,,-42.73317959491081,-45.51838146247976,,,,,,,35.490208261285304,,,73.42002898264519,69.32847260080655,,,,,60,100,-40,,,,,,,,,,,,,8.574728162909437,,-0.1955448908393917
2002-10-21,0.254643,0.275893,0.25,0.275357,0.22634784672796687,0.26603740545137194,0.33581901892933325,0.42405401818367505,0.002902283898758254,-0.030044506794085046,-0.0329467906928433,0,,,-34.41964383744554,-41.2047728466099,,,,,,,42.59210786084789,,,88.75065082135464,81.17727213599788,,,,,60,100,-40,,,,,,,,,,,,,-132.98431332125588,,-0.12978029050669018
2002-10-28,0.277678,0.294643,0.267143,0.292143,0.23646892910454065,0.27125852436109754,0.334106233873281,0.4227414707390614,0.005441715216903967,-0.026144646671713345,-0.03158636188861731,0,,,-17.391419117674943,-31.514747516677094,,,,,,,47.99088629138372,,,93.48798572593448,90.20289658076605,,,,,60,100,-40,,,,,,,,,,,,,-166.078074535573,,-0.09974436400099664
2002-11-04,0.294643,0.310357,0.277143,0.282857,0.2365170770256449,0.27357821948887806,0.33209645999589743,0.4213495854580757,0.006443473872301653,-0.023532019548240246,-0.0299754934205419,0,,,-2.646764648868512,-18.152609201329664,,,,,,,45.43044701816856,,,95.60030350920246,96.07442784905481,95.60030350920246,,,,60,100,-40,,,,,,,,,,,,,-184.9729700745597,,-0.027062627539418217
2002-11-11,0.281232,0.293035,0.27,0.284821,0.2357455000952417,0.27582677559110247,0.33024252038821517,0.41999109207043317,0.007132197985928103,-0.021060245938131772,-0.028192443924059875,0,,,3.737737792672105,-5.433481991290447,,,,,,,46.08947548903706,,,92.96996502660059,94.45979602341356,,,,,60,100,-40,,,,,,,,,,,,,-202.25061187918527,,-0.07683966186883714
2002-11-18,0.289107,0.293571,0.268035,0.285892,0.2364831786598673,0.27783982047288197,0.32850328429455966,0.41865677274634927,0.007515369161465807,-0.018798232472227616,-0.026313601633693423,0,,,8.441178159965617,3.177383767923073,,,,,,,46.47137575089922,,,90.12634559413445,91.71475109685167,,,,,60,100,-40,,,,,,,,,,,,,-218.20504608296977,,-0.08998384661721005
2002-11-25,0.28625,0.288214,0.272678,0.276785,0.23681088018416246,0.2776288563783056,0.3264751162830083,0.41724511331603736,0.00702027397991347,-0.017538259158801583,-0.024558533138715054,0,,,9.446415934210028,7.208443962282587,,,,,,,43.62458417952127,,,86.68111833875223,88.34507769967733,,,,,60,100,-40,,,,,,,,,,,,,-234.89503770424795,,-0.08464615684909381
2002-12-02,0.283928,0.2875,0.258928,0.266964,0.2385437458852937,0.27549588510264444,0.324141347017008,0.4157497788551813,0.005939085731685462,-0.017134675974108227,-0.02307376170579369,0,,,2.495725889769229,6.794439994648294,,,,,,,40.711019894082945,,,78.60715957959661,82.6923545571094,,,,,60,100,-40,,,,,,6.794439994648294,,,,,,,-218.5504853943847,,-0.025547622143722422
2002-12-09,0.266785,0.277678,0.261607,0.264107,0.23829054975062988,0.27321810808211555,0.3217870588986939,0.4142408954834879,0.004978113211415829,-0.016851120191523905,-0.021829233402939734,0,,,-5.821940425271311,2.0400671329026516,,,,,,,39.87179997757887,,,67.68305256635765,73.72630717815656,,,,,60,100,-40,,,,,,,,,,,,,-221.54130623176934,,-0.03852845465165098
2002-12-16,0.264464,0.27125,0.246071,0.2525,0.23984129619701344,0.26907448646569243,0.3190699193340393,0.4126315333393736,0.00357311466252707,-0.017362840074780894,-0.020935954737307964,0,,,-20.187131156345202,-7.837781897282426,,,,,,,36.555257966642515,,,52.73327747424513,60.40707937628321,,,,,60,100,-40,,,,,,,,,,,,,-214.89743237144765,,-0.027069511027932786
2002-12-23,0.252857,0.264464,0.250178,0.251071,0.23998013218294106,0.26547378917255393,0.3164032950464299,0.4110239658434594,0.002604853877949769,-0.017679887389870752,-0.02028474126782052,0,,,-29.70333200743775,-18.57080119635142,,,,,,,36.154158331260014,,,39.98794707249531,46.6687919179391,,,,,60,100,-40,,,,,,,,,,,,,-208.5524446675481,,-0.06383654489942218
2002-12-30,0.251428,0.266607,0.247143,0.266071,0.24166519416987386,0.26559323133804313,0.314429479554413,0.40958164777536527,0.0030036131032937646,-0.016530224888703315,-0.01953383799199708,0,,,-31.923513274250354,-27.271325479344437,,,,,,,43.23672969608818,,,38.80243218292368,38.992860541276485,,38.80243218292368,,,60,100,-40,,,,,,,,,,,,,-226.088363818903,,-0.07608469233974609
2003-01-06,0.268393,0.274643,0.257857,0.262857,0.24249018030059716,0.26504598507043453,0.3124070293758086,0.4081217010313318,0.003069069599161166,-0.01569750099304562,-0.018766570592206787,0,,,-28.053117434721084,-29.893320905469725,,,,,,,42.15133816439347,,,43.87462884487705,39.91709093534413,,,,,60,100,-40,,,,,,-29.893320905469725,,,,,,,-236.7995703972843,,-0.08513143795138849
2003-01-13,0.266071,0.266071,0.251428,0.251785,0.24363881027912593,0.2623937880563476,0.31002969489048277,0.4065661119663434,0.0024137128309597855,-0.015749429553507055,-0.01816314238446684,0,,,-33.98821887054975,-31.32161652650706,,,,,,,38.54061233623569,,,46.58272606896877,44.902405679229595,46.58272606896877,,,,60,100,-40,,,,,,-31.32161652650706,,,,,,,-267.38146668868717,,-0.11569943609777962
2003-01-21,0.25375,0.257321,0.242143,0.246428,0.2387605381163312,0.2592006304450781,0.3075355107771305,0.404972697916927,0.0017001357669607538,-0.0160379726757659,-0.017738108442726653,0,,,-43.563831194893446,-35.20172250005476,,,,,,,36.884518503075014,,,34.18729353861086,41.11745007258491,,,,,60,100,-40,,,,,,,,,,,,,-269.6757454725622,,-0.12988310001104808
2003-01-27,0.244285,0.269643,0.24375,0.256428,0.2399587853937361,0.25864610435606245,0.30553129466822343,0.4034946412212362,0.0019636471482281335,-0.015283549507441485,-0.01724719665566962,0,,,-41.58115187592265,-39.71106731378861,,,,,,,41.930598586593774,,,29.64477186559725,33.70243179863482,,,,,60,100,-40,,,,,,,,,,,,,-255.18924629573266,,-0.10160281390254895
2003-02-03,0.257321,0.266607,0.25125,0.252678,0.23954072929418352,0.25745248348484995,0.30345861644594013,0.4019939781245075,0.0019437965090531167,-0.014817451019353223,-0.01676124752840634,0,,,-39.23136842342073,-41.45878383141227,,,,,,-41.45878383141227,40.611548866412754,,,29.94575049535004,28.183937481974144,,29.94575049535004,,,60,100,-40,,,,,,-41.45878383141227,,,,,,,-234.24574696923577,,-0.18072101249308645
2003-02-10,0.254643,0.262857,0.251071,0.261964,0.23155067720174188,0.25835478678787993,0.301831376585315,0.40060064500884074,0.002574877408499921,-0.013542650767781439,-0.01611752817628136,0,,,-34.40359317848127,-38.405371159274885,,,,,,,45.23329645068939,,,48.310082130665094,38.47870992565395,,,,,60,100,-40,,,,,,,,,,,,,-228.01924752028384,,-0.13722035008198394
2003-02-18,0.263393,0.273214,0.261607,0.267857,0.22416998597304605,0.26025522943030394,0.30049904809177325,0.3992798127201956,0.0033584652823631794,-0.011919446573327386,-0.015277911855690565,0,,,-16.948229380542337,-30.19439699414811,,,,,,,48.01464311213578,,,65.35233017707101,55.13841954963605,,,,,60,100,-40,,,,,,,,,,,,,-230.1975661529595,,-0.09015735187183015
2003-02-24,0.265357,0.269464,0.246428,0.268035,0.22581034411782847,0.26181118354424315,0.2992259481666057,0.39797389418566625,0.0038241920316299475,-0.010497671816153131,-0.014321863847783079,0,,,-13.636971851771708,-21.662931470265104,,,,,,,48.1008901319478,,,85.5569641130324,76.20540584156174,,,,,60,100,-40,,,,,,,,,,,,,-243.79800867060322,,-0.10219126129090528
2003-03-03,0.268035,0.270714,0.255535,0.259464,0.22553553382369787,0.2613417468353945,0.2976666560816408,0.3965956862833213,0.0034992185722841195,-0.009947840632427929,-0.013447059204712048,0,,,-9.569406509564573,-13.384869247292869,,,,,,,44.26962254319283,,,88.12483791025096,86.68110975237774,88.12483791025096,,,,60,100,-40,,,,,,,,,,,,,-226.74382527594813,,-0.09586161880850932
2003-03-10,0.259107,0.268035,0.251071,0.263928,0.22640278140771947,0.2618589974683156,0.2963435715294196,0.3952756098028903,0.003519573007238406,-0.00904759294566404,-0.012567165952902446,0,,,-8.547562736004238,-10.584647032446838,,,,,,,46.666491674869604,,,87.82749475503931,90.03301949067647,,,,,60,100,-40,,,,,,,,,,,,,-239.15403886213937,,-0.1212293502029786
2003-03-17,0.265893,0.270535,0.260714,0.267857,0.2269530827357395,0.2630585979746525,0.2952264510772855,0.39400776293917994,0.0037131409941502345,-0.007925739710214652,-0.011638880704364887,0,,,5.852308474932503,-4.088220256878768,,,,,,,48.767453818840266,,,86.27973602752252,86.93750203564285,,,,,60,100,-40,,,,,,,,,,,,,-272.03512270538675,,-0.14717882902326862
2003-03-24,0.261964,0.264821,0.255357,0.260178,0.2284845053974724,0.262482478379722,0.29385200201543116,0.3926761235069493,0.0032558702849827294,-0.007569042848136476,-0.010824913133119205,0,,,-0.8056171966438415,-1.1669571525718576,,,,,,,45.01304778751452,,,86.15640333426845,85.88918667683532,,,,,60,100,-40,,,,,,,,,,,,,-298.9378276680437,,-0.10958392489351268
2003-03-31,0.256053,0.2625,0.250714,0.257321,0.2295238264405101,0.2614501827037776,0.29241941370110053,0.3913293063576264,0.0027149453640865663,-0.007431231428010998,-0.010146176792097564,0,,,-13.523816984201002,-2.8257085686374452,,,,,,,43.65833870532288,,,79.64086866230485,82.83183183392838,,,,,60,100,-40,,,,,,-2.8257085686374452,,,,,,,-321.8582226374903,,-0.11718154157347976
2003-04-07,0.265178,0.266964,0.230893,0.235714,0.23059091026618794,0.25630294616302207,0.29019567198733187,0.3897808953490928,0.000947174675876775,-0.008962208447251596,-0.009909383123128371,0,,,-37.49611324650113,-17.27518247578199,,,,,,,35.02255451665262,,,55.88996901862916,68.66336587991032,,,,,60,100,-40,,,,,,,,,,,,,-314.24763670340116,,-0.2006534808554339
2003-04-14,0.244821,0.245535,0.227143,0.234285,0.22811248810431736,0.25189935693041765,0.2880030966152796,0.38823367250979834,-0.00021133569292174775,-0.010173552739280556,-0.009962217046358808,0,,,-55.35379235762039,-35.45790752944084,,,,,,,34.533147044463675,,,32.86976146373229,46.326500143873496,,,,,60,100,-40,,,,,,,,,,,,,-332.56624821187364,,-0.19306519195321864
2003-04-21,0.234464,0.243393,0.231785,0.238393,0.22833666752543758,0.24919808554433412,0.28605760263036667,0.38674272054452674,-0.0005734023876156902,-0.01067897003087842,-0.01010556764326273,0,,,-61.56147520346845,-51.47046026919666,,,,,,,37.26340711355033,,,14.838386444413567,23.051591957441573,,14.838386444413567,,,60,100,-40,,,,,,,,,,,,,-347.5542030824421,,-0.1611336799732881
2003-04-28,0.240714,0.260535,0.239821,0.258035,0.22951397698790632,0.2509654684354673,0.28495867703701894,0.3854620467082628,0.0005753570071361791,-0.009386371384342507,-0.009961728391478686,0,,,-49.039136379628616,-55.31813464690581,,,,,,-55.31813464690581,48.408381684229056,,,30.302102299194072,21.660602078341213,,,,,60,100,-40,,,,,,-55.31813464690581,-107,,,,,,-399.8170752492707,,-0.054274385825429594
2003-05-05,0.26375,0.328571,0.263393,0.326785,0.2878523357744844,0.26612937474837384,0.28659892499635153,0.3848781954972353,0.005743499539235452,-0.00278235396743437,-0.008525853506669822,0,,,-10.45621450307651,-40.35227536205786,,,,,,,69.17341609391478,,,55.77942114415894,39.28190643493761,,,,,60,100,-40,,,,,,,,,,,,,-426.2139706584942,,0.15333091113371863
2003-05-12,0.324107,0.339285,0.320535,0.335714,0.2894856689334498,0.28004629979869905,0.28852500636904366,0.3843889995221384,0.009329263917472623,0.0031357263901709564,-0.006193537527301667,0,,,16.18256612541184,-14.43759491909776,,,,,,,70.8255613919738,70.8255613919738,,84.52681523245656,70.06854220958509,,,,,60,100,-40,,,,,,,,,,,,,-455.0841578114954,,0.1930542200576234
2003-05-19,0.330893,0.333035,0.314286,0.327143,0.2901091211524891,0.28946563983895923,0.29003943749182626,0.38381938758659473,0.010597180234333153,0.007052937765614775,-0.003544242468718378,0,,,29.036672807404365,11.587674809913237,,,,,,,67.08661290024646,,,93.31933306478918,89.47517255957167,,,,,60,100,-40,,,,,,,,,,,,,-475.9779473003144,,0.18536037347071607
2003-05-27,0.320714,0.337499,0.313035,0.320535,0.29030546964159704,0.29567951187116737,0.2912353419039115,0.38318969218772314,0.010446968978770425,0.009514468754744654,-0.0009325002240257712,0,,,36.1156580021158,27.111632311644012,,,,,,,64.25354367326378,,,94.08918864118417,96.08173977692577,94.08918864118417,,,,60,100,-40,,,,,,,,,,,,,-517.6183205184391,,0.18633446371043078
2003-06-02,0.323214,0.326607,0.303928,0.30625,0.2900540789529115,0.2977936094969339,0.29182415202532674,0.38242412311122836,0.008902038196102934,0.010195047521102896,0.0012930093249999622,0,,,36.88640830463005,34.01291303805008,,,,,,,58.4708153683475,,,86.37164625154065,90.50085589463265,,,,,60,100,-40,,,,,,,,,,,,,-643.5058986059955,,0.19645314793482233
2003-06-09,0.3025,0.320535,0.296964,0.311071,0.29007564474198927,0.3004490875975471,0.2925789303772747,0.3817141417867385,0.0077629227977122186,0.010996662822140235,0.0032337400244280166,0,,,35.92495475444985,36.309007020398575,,,,,,,59.79377913646293,,,79.96006016288537,83.56479860991551,,,,,60,100,-40,,,,,,36.309007020398575,,,,,,,-613.7775534049056,,0.21684312925860721
2003-06-16,0.314286,0.350178,0.311607,0.342857,0.2971112415461329,0.3089306700780377,0.2945506193820875,0.3813275035600048,0.008641028965227835,0.01403502623096281,0.005393997265734975,0,,,42.97296044590118,38.59477450166037,,,,,,,67.24647566770219,67.24647566770219,,79.05411089658969,79.17649502937083,,79.05411089658969,,,60,100,-40,,,,,,38.59477450166037,,,,,,,-582.1816346040135,,0.2516933799125858
2003-06-23,0.34466,0.351607,0.33,0.334464,0.29479208143569485,0.3140373360624302,0.29611584999455465,0.38086120004199475,0.008153634186432644,0.01558603999877578,0.007432405812343137,0,,,47.52430456963653,42.14073992332919,,,,,,,63.86041029726931,,,81.63303368150282,79.63827896066736,,,,,60,100,-40,,,,,,,,,,,,,-563.6031555851021,,0.24953338845222042
2003-06-30,0.333571,0.349107,0.330535,0.341607,0.2951385756188595,0.3195512688499441,0.29789981666143484,0.38047061098685053,0.007808807351775051,0.01719341500206195,0.0093846076502869,0,,,49.880036098067556,46.79243370453509,,,,,,,65.46375344240562,,,86.10409157177621,83.69192457742481,,,,,60,100,-40,,,,,,,,,,,,,-582.0389454787198,,0.2284345653854824
2003-07-07,0.344107,0.366071,0.341607,0.354464,0.3075008916460838,0.32653381507995527,0.30011801992961384,0.38021183873822517,0.007918272014515112,0.01928244766843079,0.01136417565391568,0,,,54.21309822670898,50.539146298137695,,,,,,,68.21358394662192,,,88.30387110038588,87.1879472923094,,,,,60,100,-40,,,,,,,,,,,,,-610.7591372098616,,0.226816295086591
2003-07-14,0.357321,0.378214,0.346071,0.372482,0.32537854224279206,0.3357234520639642,0.302955823069629,0.3801349249199344,0.008618055087572648,0.02213674451338149,0.013518689425808842,0,,,58.571760693750264,54.22163167284227,,,,,,,71.64159092357801,,,92.707965023716,90.83799588050549,,,,,60,100,-40,,,,,,,,,,,,,-585.1665668080686,,0.22985150591361753
2003-07-21,0.369464,0.385178,0.362498,0.384642,0.33631121779687834,0.34550716165117135,0.3061592025570945,0.380179771438144,0.009257668353381036,0.025090774867535137,0.0158331065141541,0,,,62.554586914948366,58.44648194513587,,,,,,,73.71416919301896,73.71416919301896,,96.2750117297141,94.13693813370428,96.2750117297141,,,,60,100,-40,,,,,,,,,,,,,-583.3181001156925,,0.267103758084684
2003-07-28,0.383928,0.384017,0.360178,0.370178,0.33652341652567275,0.3504413293209371,0.30866974363328686,0.38008025132433165,0.008105857185091419,0.025965427995518375,0.017859570810426956,0,,,61.836750177030304,60.987699261909654,,,60.987699261909654,,60.987699261909654,,67.36949515676318,,,94.2067638767558,95.35113681154051,,,,,60,100,-40,,,,,,,,,,,,,-553.6239000946574,,0.2462159667192224
2003-08-04,0.366607,0.383928,0.346785,0.350714,0.33646560105955325,0.35049586345674966,0.31031853800060893,0.3797880498186169,0.005554032524627658,0.02480211146621153,0.01924807894158387,0,,,56.63147928787437,60.34093879328435,,,,,,,59.85861561213825,,,75.15288979385569,85.4453139638516,,,,,60,100,-40,,,,,,60.34093879328435,,105,,,,,-519.3286455319924,,0.2048940635814966
2003-08-11,0.353928,0.363214,0.3475,0.351964,0.33460062955529946,0.3507894907653997,0.31195169337313405,0.37951119360151625,0.0035677377201597214,0.023707751091783524,0.020140013371623803,0,,,49.44190589099303,55.97004511863256,,,,,,,60.16757703209541,,,51.20397494347017,65.08270161319281,,,,,60,100,-40,,,,,,,,,,,,,-527.6325281625393,,0.19154832440085945
2003-08-18,0.354643,0.392857,0.352143,0.372857,0.3359301560156352,0.3552029926123198,0.31434013677026607,0.3794449827199091,0.0032854697035697503,0.024246850501085992,0.020961380797516242,0,,,51.09386238234662,52.38908252040468,,,,,,,65.03991380069058,,,35.10887455520165,43.100865752002655,,35.10887455520165,,,60,100,-40,,,,,,,,,,,,,-599.881159405714,,0.18753055844773708
2003-08-25,0.371071,0.408035,0.363393,0.40375,0.3526757163002327,0.3649123940898558,0.31784640591653013,0.3796868236878702,0.004716738009132332,0.026857303308931657,0.022140565299799325,0,,,57.44498852628159,52.66025226654042,,,,,,,70.767679578959,,,44.22824220798119,38.224654012027635,,,,,60,100,-40,,,,,,52.66025226654042,,,,,,,-637.1754940592206,,0.26666108927321736
2003-09-02,0.404642,0.416428,0.399999,0.401785,0.3499464508502161,0.3722869152718847,0.3211381154884309,0.3799067060392347,0.005039317037327139,0.02843971159645825,0.02340039455913111,0,,,63.640574704988204,57.39314187120547,,,,,,,69.97766199027703,,,60.31491860965045,49.49463774540907,,,,,60,100,-40,,,,,,,,,,,,,-679.5072224120895,,0.2729538623310495
2003-09-08,0.401428,0.413214,0.394643,0.4125,0.36019256150377205,0.38032953221750776,0.3247209344888846,0.3802310174219289,0.005447803333984744,0.03021014872661204,0.024762345392627297,0,,,65.6600114983917,62.24852490988716,,,,,,,71.83504951293824,71.83504951293824,,77.05988593359348,68.87170043625338,,,,,60,100,-40,,,,,,,,,,,,,-637.7786365189822,,0.29928362192721036
2003-09-15,0.407321,0.411607,0.390267,0.403214,0.3612758071106455,0.3849064257740062,0.32779909392069306,0.3804597038157405,0.004599887375759549,0.030512204612326732,0.025912317236567183,0,,,63.70279362143905,64.33445994160631,,,64.33445994160631,,64.33445994160631,,67.89163104354671,,,78.02160116167593,78.10661830704431,78.02160116167593,,,,60,100,-40,,,,,,64.33445994160631,,105,,,,,-730.909793515531,,0.2604053652272527
2003-09-22,0.396071,0.401785,0.359803,0.369464,0.3617585351741708,0.38181794061920493,0.3294330118061561,0.38035029382752417,0.0014372125789489237,0.027708832960253338,0.026271620381304414,0,,,51.331262432017255,60.23135585061599,,,,,,,55.82531132497629,,,61.354175216626444,71.4732514701235,,,,,60,100,-40,,,,,,,,,,,,,-638.0171037854345,,0.06420457734442614
2003-09-29,0.38375,0.390357,0.360535,0.387321,0.35918135409030144,0.38291855249536394,0.3317031289902284,0.3804196540879468,0.00027964690381733145,0.02662117901107608,0.026341532107258748,0,,,42.14258213319644,52.39221272888424,,,,,,,59.90942395483821,,,40.888841871590216,52.73734168065434,,,,,60,100,-40,,,,,,,,,,,,,-652.9230849153555,,0.06401775391530112
2003-10-06,0.386964,0.425178,0.385357,0.422857,0.36908654308385136,0.39090624199629115,0.33527779059845475,0.38084191623632546,0.0015671213929842574,0.02830043384848907,0.026733312455504813,0,,,49.46454451551554,47.646129693576405,,,,,,,66.57218645588883,66.57218645588883,,32.77485974841909,36.456290130623415,,32.77485974841909,,,60,100,-40,,,,,,47.646129693576405,,,,,,,-662.3916149307454,,0.09885957073492051
2003-10-13,0.42375,0.446625,0.400178,0.40625,0.3672385757207191,0.3939749935970329,0.33806101449655457,0.38109473299019286,0.0009883919175660318,0.027968802352462352,0.02698041043489632,0,,,54.96533633148195,48.857487660064635,,,,,,,61.405588311700626,,,36.45401457453413,32.76045014445228,,,,,60,100,-40,,,,,,,,,,,,,-669.2295031251552,,0.043114813438569086
2003-10-20,0.403571,0.417857,0.396964,0.403571,0.36457603459781057,0.39589419487762634,0.3406300335359054,0.38131837743805164,0.0001568995834723176,0.027176534914236716,0.0270196353307644,0,,,52.56272677501576,52.33086920733774,,,,,,,60.58388951919846,,,39.180197556481595,36.90035087094848,39.180197556481595,,,,60,100,-40,,,,,,,,,,,,,-605.7332298296726,,0.07633813635356734
2003-10-27,0.40625,0.428571,0.399999,0.40875,0.3657542464122527,0.3984653559021011,0.34330140476979143,0.38159132890632974,-0.0002883098150888476,0.02665924806190334,0.026947557876992188,0,,,52.71400617018165,53.414023092226444,,,53.414023092226444,,53.414023092226444,,61.658399114263204,61.658399114263204,,35.54656135056369,38.175186486939516,,,,,60,100,-40,,,,,,53.414023092226444,,105,,106,,,-631.9635516788229,,0.04998014575905603
2003-11-03,0.407678,0.416071,0.400892,0.401785,0.36575130023994895,0.39912928472168085,0.3455948790925447,0.381792260957013,-0.0012424105338699996,0.025394544709654687,0.026636955243524687,0,,,48.62778256293577,51.30150516937772,,,,,,,59.30307300731284,,,31.894710763779685,34.54185049594049,,,,,60,100,-40,,,,,,,,,,,,,-747.9701786463097,,-0.04081621349668055
2003-11-10,0.400892,0.405714,0.38,0.383214,0.3676618502228097,0.3959462277773447,0.3470701387359743,0.3818064076141572,-0.003203295038393981,0.022632836445532212,0.025836131483926193,0,,,34.27105666906132,45.20428180072624,,,,,,,53.40980649986076,,,23.5806721261839,27.331712874543637,,,,,60,100,-40,,,,,,,,,,,,,-716.5210552560716,,-0.03817172659611631
2003-11-17,0.38125,0.381607,0.354464,0.362142,0.3679309323497519,0.38918538222187576,0.3476611921188773,0.38161074186675265,-0.005844726329098805,0.018530223572552684,0.02437494990165149,0,,,12.07639877380888,31.658412668601986,,,,,,,47.5957454238782,,,13.102056705462003,18.82032895509176,,,,,60,100,-40,,,,,,,,,,,,,-651.6990452095131,,-0.06693402537450248
2003-11-24,0.366071,0.379821,0.361589,0.373392,0.3677470800390553,0.3860267057775006,0.3486702434083331,0.3815289633407153,-0.006698207124497497,0.01600219099602962,0.022700398120527116,0,,,-0.34934537192497395,15.332703356981737,,,,,,,50.69971116928472,,,7.5121909742469875,10.559449445537595,,7.5121909742469875,,,60,100,-40,,,,,,,,,,,,,-646.8446733532379,,-0.05796438961117241
2003-12-01,0.375714,0.391071,0.370178,0.372321,0.36907893146483706,0.3832855646220005,0.3495977240589867,0.38143734181493705,-0.0071573251811431725,0.01375374164409815,0.020911066825241322,0,,,-6.074754823086733,1.8840995262657152,,,,,,,50.39188183459066,,,7.619353305937873,6.771855892666093,,,,,60,100,-40,,,,,,,,,,,,,-590.1456418344674,,-0.1403240650572117
2003-12-08,0.371071,0.381071,0.356428,0.373035,0.36993550778877726,0.38123545169760037,0.3505168329194186,0.38135373642374365,-0.007214969064248032,0.011892355494931284,0.019107324559179316,0,,,-14.399176615967754,-6.9410922703264974,,,,,,,50.608466585118826,,,10.671416357712138,8.568653984397576,,,,,60,100,-40,,,,,,,,,,,,,-588.300979682746,,-0.16504349709258262
2003-12-15,0.38375,0.38375,0.350357,0.351785,0.3701951858038646,0.3753453613580803,0.35056656496179434,0.3810595201409203,-0.00840320171977586,0.00860332240945949,0.01700652412923535,0,,,-23.972423210820224,-14.815451549958238,,,,,,,44.36358024095666,,,9.079669060419604,9.850091892768889,,,,,60,100,-40,,,,,,,,,,,,,-577.7008015586104,,-0.21884793998434007
2003-12-22,0.350892,0.373392,0.34375,0.371071,0.36918631538930285,0.3744904890864642,0.3513706604534887,0.3809601318808117,-0.007631710978424864,0.007466885406204271,0.015098596384629135,0,,,-29.503736136173224,-22.625111987653735,,,,,,,50.383278946365586,,,12.486454410929042,11.514083445238775,,,,,60,100,-40,,,,,,,,,,,,,-539.0279285479539,,-0.15508916828513944
2003-12-29,0.373392,0.388392,0.3725,0.38,0.35467836429006694,0.3755923912691714,0.3524933796513911,0.3809505783297588,-0.006315911728654429,0.0072037067238110986,0.013519618452465527,0,,,-21.651330327419593,-25.04249655813768,,,,,,,52.93724819431461,,,18.33785867492809,14.61094723863645,,,,,60,100,-40,,,,,,-25.04249655813768,,,,,,,-554.6592142665078,,-0.14219606469925355
2004-01-05,0.3825,0.430892,0.3825,0.410714,0.35803019541220504,0.3826167130153371,0.3547765412336895,0.381246731779214,-0.003323263775067937,0.009365538733630607,0.012688802508698544,0,,,-0.6827917329792825,-17.279286065524033,,,,,,,60.51170727890775,60.51170727890775,,36.4748980157851,27.11834787985231,,,,,60,100,-40,,,,,,,,,,,,,-631.0848116725972,,-0.1211868661378121
2004-01-12,0.413571,0.443571,0.401785,0.405714,0.35452303859704754,0.3872361704122697,0.3567740886362899,0.3814901871843959,-0.0017080887459442057,0.010553691576268287,0.012261780322212493,0,,,15.725032291199128,-2.2030299230665826,,,,,,,58.84156207434612,,,53.62713117592397,43.78762015369639,,,,,60,100,-40,,,,,,,,,,,,,-737.2512095503068,,-0.2343429314156805
2004-01-20,0.404821,0.410178,0.396071,0.402857,0.35256725012582985,0.39036033632981576,0.3585812616309452,0.38170279228703874,-0.0009003028704413045,0.011136401734160861,0.012036704604602166,0,,,20.219944474831934,11.754061677683927,,,,,,,57.853136271034494,,,68.60539750896338,61.62722134194905,,,,,60,100,-40,,,,,,,,,,,,,-735.0237169047965,,-0.20921198534101343
2004-01-26,0.401071,0.4175,0.39625,0.402857,0.3547053036882706,0.3928596690638526,0.36031756509639834,0.3819132819160234,-0.0004565393072161507,0.011466030470581978,0.011922569777798129,0,,,24.415914531931193,20.12029709932075,,,,,,,57.853136271034494,,,74.40643588550364,71.96577191128414,,,,,60,100,-40,,,,,,,,,,,,,-686.8375865584699,,-0.25443969928790056
2004-02-02,0.401071,0.409107,0.3875,0.405535,0.35567021056767983,0.3953947352510821,0.362090797837716,0.38214832388700826,-0.00009225644717812155,0.011807249218825477,0.011899505666003599,0,,,24.35790543267522,22.997921479812785,,,,,,,58.6178475606924,,,78.4941305584745,77.35473366316246,,,,,60,100,-40,,,,,,,,,,,,,-650.1398435478388,,-0.23233450593760857
2004-02-09,0.403928,0.430357,0.400714,0.410714,0.3565151955271313,0.39845858820086566,0.3639975900793742,0.3824325594702221,0.00036293138673994425,0.012353169899428529,0.011990238512688585,0,,,31.76481451274442,26.846211492450276,,,,,,,60.13329213495145,,,84.17021113678874,81.20526239677179,,,,,60,100,-40,,,,,,,,,,,,,-620.1144174482318,,-0.22007646696477842
2004-02-17,0.4125,0.422142,0.396607,0.399999,0.3561518244180505,0.39876667056069254,0.3654094100762615,0.3826073499232547,-0.00016391014401401054,0.011785350832671071,0.011949260976685082,0,,,31.561242646477993,29.227987530632543,,,,,,,55.57196612140749,,,84.87608548236918,84.13021457383265,,,,,60,100,-40,,,,,,,,,,,,,-552.8208870030987,,-0.286954270924611
2004-02-23,0.400892,0.428928,0.390891,0.427142,0.3728292655310469,0.404441736448554,0.3678302959556238,0.3830504807697895,0.0011377319493153255,0.013371425913329238,0.012233693964013912,0,,,37.09570022065494,33.47391912662578,,,,,,,63.226793638769266,,,88.38096652391172,87.37976232888371,,,,,60,100,-40,,,,,,,,,,,,,-537.7625439116263,,-0.2958965470047537
2004-03-01,0.430178,0.490893,0.421428,0.4775,0.42163288942168636,0.4190533891588432,0.37213106866324636,0.3839902769810354,0.004996131869486799,0.01847885880087241,0.013482726931385611,0,,,57.334688013740006,41.99721029362431,,,,,,,72.68570318664477,,,89.28979945498108,88.39593150495189,,,,,60,100,-40,,,,,,,,,,,,,-573.6238995640578,,-0.16089402956742588
2004-03-08,0.478392,0.502499,0.459821,0.492142,0.43034182589156594,0.4336711113270746,0.37683737969606024,0.38506641352848775,0.00796409548731802,0.023437846290533138,0.015473750803215117,0,,,70.24706685302853,54.89248502914116,,,,,,,74.73289743240728,74.73289743240728,,96.59430635399167,93.18861270798334,96.59430635399167,,,,60,100,-40,,,,,,,,,,,,,-503.87409964332005,,-0.08607330603335271
2004-03-15,0.482678,0.488393,0.453392,0.461785,0.4286592668993112,0.43929388906165967,0.3801686589236657,0.3858297825481048,0.00732848248556852,0.024634353910175766,0.017305871424607246,0,,,71.07985486541268,66.22053657739374,,,,,,,63.96497716020432,,,91.20582697799884,93.14883034025199,,,,,60,100,-40,,,,,,,,,,,,,-434.0788087990801,,-0.10566894936602085
2004-03-22,0.453035,0.488571,0.450357,0.482856,0.4276580335493604,0.4480063112493277,0.3841956134756788,0.38679521754762614,0.007732849076229193,0.026971932769893736,0.019239083693664543,0,,,71.11032394263225,70.81241522035782,,,,,,,67.4875363057221,,,85.14977604403796,89.8905939259554,,,,,60,100,-40,,,,,,,,,,,,,-393.33720719924736,,-0.014742730329093566
2004-03-29,0.489285,0.499821,0.475357,0.491071,0.4268048882958347,0.45661924899946216,0.3883868051040836,0.3878327875222766,0.007929792549514106,0.029151324380557175,0.02122153183104307,0,,,72.65596574051236,71.61538151618576,,,,,,,68.77666794327641,,,76.54274669997773,80.68931879445542,,,,,60,100,-40,,,,,,,,,,,,,-457.2758967993842,,0.02756144714480732
2004-04-05,0.490714,0.506607,0.480714,0.491607,0.42797696770327504,0.4636167991995697,0.3924346558843156,0.3888653667509107,0.0074782736872699325,0.030569373940130484,0.023091100252860552,0,,,72.46283171688279,72.07637380000914,,,,,,,68.86393101484653,,,74.87955189415058,75.64105913898044,,74.87955189415058,,,60,100,-40,,,,,,,,,,,,,-462.3166428358598,,0.03978341615708052
2004-04-12,0.491071,0.528214,0.469821,0.521071,0.4577901842958982,0.4751076393596558,0.39747921839865613,0.3901808456887126,0.008473053441262427,0.033682417054438585,0.025209363613176158,0,,,73.29540553285177,72.8047343300823,,,72.8047343300823,,72.8047343300823,,73.3066018304014,73.3066018304014,,78.74873768535976,76.00292365638508,78.74873768535976,,,,60,100,-40,,,,,,,,,,,,,-405.53179868388526,,0.10355573903368549
2004-04-19,0.502142,0.513392,0.483035,0.494642,0.45396838541761975,0.4790145114877246,0.40128952355949316,0.39122026015947164,0.0067359246634759486,0.03362926944252109,0.026893344779045144,0,,,69.58370280714826,71.7806466856276,,,,,,,64.38006689376004,,,74.93084251242391,76.36857034712575,,,,,60,100,-40,,,,,,71.7806466856276,,105,,,,,-389.0714716504516,,0.1126156091301218
2004-04-26,0.4925,0.493481,0.455178,0.460357,0.4533277150306469,0.4752830091901797,0.4036058951846111,0.3919081879190789,0.002860847603037446,0.03046940428284195,0.027608556679804504,0,,,56.837186788062745,66.57209837602092,,,,,,,54.97261980025926,,,58.82040541331297,68.15711930467062,,,,,60,100,-40,,,,,,,,,,,,,-326.5130222594604,,0.06841737726716311
2004-05-03,0.464285,0.492321,0.455357,0.47625,0.4525288068141721,0.47547640735214375,0.406454683608744,0.3927474099298343,0.0010446062054085756,0.028914314436565225,0.02786970823115665,0,,,48.16532927763063,58.195406290947204,,,,,,,58.05089138671429,,,36.1326272851413,48.810515192489994,,,,,60,100,-40,,,,,,,,,,,,,-273.51065457592216,,0.11999813045371219
2004-05-10,0.469107,0.495,0.463214,0.483214,0.4521441063274455,0.477023925881715,0.4094648528789893,0.39364757500515934,0.0000418047011419391,0.027921964107584074,0.027880159406442135,0,,,43.739585982136326,49.580700682609894,,,,,,,59.369445591208944,,,21.679799963279315,29.074507706576636,,,,,60,100,-40,,,,,,,,,,,,,-222.8723537439363,,0.10586278495817544
2004-05-17,0.476785,0.491071,0.470714,0.484107,0.452526598732628,0.478440540705372,0.4123919959033427,0.3945476687862025,-0.0007861122434172398,0.026897519102170586,0.027683631345587826,0,,,40.64700820691762,44.183974488894854,,,,,,,59.54608621849537,,,21.246140557179153,20.058028178033226,,21.246140557179153,,,60,100,-40,,,,,,,,,,,,,-192.35010760867516,,0.11622884217520074
2004-05-24,0.486607,0.513928,0.484107,0.501071,0.45451448453744026,0.4829666325642976,0.4158696039071332,0.3956076024301209,-0.00043360877569656106,0.027141620375967124,0.027575229151663685,0,,,46.88256484428498,43.756386344446305,,,,,,,62.868258002137885,,,26.53868257038168,22.44917757426761,,,,,60,100,-40,,,,,,43.756386344446305,,,,,,,-183.74099713437062,,0.11370290245212358
2004-06-01,0.496249,0.522321,0.493035,0.513928,0.4550083784990517,0.4891589060514381,0.4197150312048927,0.3967849198188759,0.000379169660446068,0.02804919122722127,0.027670021566775203,0,,,53.740980289016164,47.090184446739585,,,,,,,65.21379394433013,,,35.87663272730196,31.20392648935619,,,,,60,100,-40,,,,,,,,,,,,,-178.5153612917578,,0.21040488145391878
2004-06-07,0.518571,0.553035,0.514464,0.548928,0.4834004228919766,0.5011127248411504,0.4247822064517596,0.39829878131321544,0.002850082666672523,0.031232624900115857,0.028382542233443334,0,,,65.23480632012108,55.286117151140736,,,,,,,70.67644961893507,,,51.55784407181103,43.57330366884139,,,,,60,100,-40,,,,,,,,,,,,,-166.05802287507456,,0.2394135018482851
2004-06-14,0.547321,0.596589,0.526785,0.587678,0.521244249828264,0.5184257798729204,0.4311702767869847,0.40018315164840734,0.0064635732796526554,0.03646200883300915,0.029998435553356496,0,,,75.94636963196176,64.97405208036633,,,,,,,75.32411874010481,,,69.25179415826082,59.64882793913751,,,,,60,100,-40,,,,,,,,,,,,,-158.59292780687923,,0.29710029543168304
2004-06-21,0.591428,0.604107,0.573571,0.601785,0.5301245176976737,0.5350976238983363,0.43786105024631866,0.4021891401892192,0.009016393771787326,0.04126892776809066,0.03225253399630333,0,,,82.73119987716103,74.63745860974795,,,,,,,76.77584155363365,76.77584155363365,,85.81117529514455,77.50487386061347,85.81117529514455,,,,60,100,-40,,,,,,,,,,,,,-187.9396682056285,,0.3101805181092586
2004-06-28,0.605356,0.610535,0.530892,0.554999,0.5308808378621256,0.539077899118669,0.44245469533469833,0.4037096363067394,0.006863984524153696,0.040832514651495455,0.03396853012734176,0,,,78.7802730485852,79.15261418590266,,,79.15261418590266,,79.15261418590266,,63.37906753214515,,,82.66540362719039,84.57576109036013,,,,,60,100,-40,,,,,,79.15261418590266,,105,,,,,-161.95063762278699,,0.28069814834000856
2004-07-06,0.555357,0.561071,0.534821,0.536249,0.5245678494434024,0.5385121192949351,0.4461329033607886,0.4050284359454783,0.003648808894149834,0.03852954124502905,0.03488073235087922,0,,,69.00472855343446,76.83873382639355,,,,,,,58.91578120268195,,,65.41419725560046,76.42522935122429,,,,,60,100,-40,,,,,,,,,,,,,-121.59597623682579,,0.2684396261714479
2004-07-12,0.535357,0.600535,0.513214,0.574999,0.526333360197445,0.5458094954359481,0.4511864757780126,0.40671968533905567,0.003597256000201124,0.03937730235113063,0.035780046350929504,0,,,66.03266467230326,71.2725554247743,,,,,,,64.51120179713399,64.51120179713399,,46.94774970909271,57.26342768554567,,,,,60,100,-40,,,,,,,,,,,,,-63.12398055740296,,0.2607119155579389
2004-07-19,0.572321,0.584107,0.544285,0.548214,0.519248334469056,0.5462903963487585,0.4549914767278944,0.40812758896752277,0.0013408135631771331,0.03745606330490092,0.03611524974172379,0,,,61.34882608717558,65.46207310430442,,,,,,,58.54086427861558,,,34.29429772859402,39.905958087451104,,,,,60,100,-40,,,,,,,,,,,,,-6.192347728784213,,0.1859214987756124
2004-07-26,0.550892,0.589285,0.549642,0.577499,0.519454953435552,0.5525321170790068,0.45979569332680054,0.40981287663948773,0.0013958759424329073,0.03786009466976492,0.036464218727332014,0,,,60.98211975460619,62.78787017136167,,,,,,,62.63654814225463,,,33.663394830754754,33.160374690971544,,,,,60,100,-40,,,,,,,,,,,,,3.1153518582674877,,0.16827270227508662
2004-08-02,0.557499,0.576785,0.530357,0.531785,0.5194683853330126,0.5483826936632055,0.4626188033924162,0.41102652960824904,-0.0018925841539544491,0.03409848853488895,0.0359910726888434,0,,,49.64362715552738,57.324857665769706,,,,,,,53.67037865731991,,,22.877625433073476,27.151075801605458,,,,,60,100,-40,,,,,,,,,,,,,110.73074242949161,,0.16228582515254208
2004-08-09,0.533035,0.563214,0.532321,0.550714,0.5186135720949403,0.5488489549305644,0.46607351698487043,0.4124164546867739,-0.0029746340268227284,0.032272780155314984,0.03524741418213771,0,,,41.32034940915561,50.648698773096385,,,,,,,56.465817981354725,,,19.934580057491452,23.15993753751559,,,,,60,100,-40,,,,,,,,,,,,,182.4160619877659,,0.1306625530563761
2004-08-16,0.551428,0.568928,0.541964,0.549999,0.520064531231016,0.5490789639444515,0.46936471239722843,0.4137854352371543,-0.0038638802699005534,0.03041756384476202,0.03428144411466257,0,,,37.27928080439464,42.7477524563592,,,,,,,56.326743822386035,,,11.399801814273562,14.528250317638983,,11.399801814273562,,,60,100,-40,,,,,,,,,,,,,151.97677798999024,,0.0968149006224107
2004-08-23,0.551071,0.628213,0.546428,0.613392,0.5336567075716577,0.5619415711555612,0.47501284132282734,0.4157715702099189,-0.000485635818840327,0.03367439934111216,0.03416003515995249,0,,,52.190480439767455,43.5967035511059,,,,,,,64.6819147369821,,,20.447805121518066,16.4690465328529,,,,,60,100,-40,,,,,,43.5967035511059,,,,,,,114.34463653726475,,0.13982932966217063
2004-08-30,0.607321,0.642678,0.606428,0.629107,0.5433835141736821,0.575374656924449,0.48105574950624586,0.41789431080484507,0.0023487042546299075,0.03709591547823987,0.034747211223609964,0,,,65.8967565581461,51.78883926743606,,,,,,,66.4078055902312,,,31.294363752268865,23.82166113140728,,,,,60,100,-40,,,,,,,,,,,,,84.46379353048933,,0.08628927222221507
2004-09-07,0.630178,0.653035,0.629107,0.640535,0.555756048875562,0.5884067255395592,0.48730983776090286,0.4201096410455929,0.004414615314352721,0.040265480366550865,0.035850865052198144,0,,,73.78623942500805,63.95782547430719,,,,,,,67.65308552212545,,,47.23874733129666,39.41778118647675,,,,,60,100,-40,,,,,,,,,,,,,9.106740161309403,,0.09953386152278744
2004-09-13,0.640357,0.667499,0.621071,0.663214,0.5810724025273075,0.6033681804316473,0.49420804020165177,0.42252858989091036,0.006598542218021919,0.04409904282472554,0.037500500606703624,0,,,77.45654541420008,72.3798471324514,,,,,,,70.04076032950721,,,57.323294939152916,52.11834243188821,,,,,60,100,-40,,,,,,,,,,,,,-66.18539441347409,,0.17412041240915382
2004-09-20,0.658928,0.694106,0.657321,0.665892,0.5829850880610714,0.6158729443453178,0.5009407445074694,0.4249501163596575,0.007450497602791636,0.04681362261019317,0.039363125007401537,0,,,80.65213485366085,77.29830656428965,,,,,,,70.32100686865799,,,64.90000161376531,61.846991037516204,,,,,60,100,-40,,,,,,,,,,,,,-71.4244136110242,,0.1405890572619278
2004-09-27,0.663035,0.701249,0.657678,0.690535,0.6082950103424234,0.6308053554762543,0.5083758133503137,0.42759275201777036,0.008807711929670017,0.050372764919489055,0.04156505298981904,0,,,81.50233024401781,79.87033683729291,,,,,,,72.85254089423341,,,75.72443511062565,70.48253246442084,,,,,60,100,-40,,,,,,,,,,,,,-113.89270204538349,,0.15563729590772818
2004-10-04,0.699642,0.730892,0.685713,0.697499,0.614908866746536,0.6441440843810035,0.5157924089052033,0.43027838632605125,0.009262158319527203,0.05314275088922804,0.04388059256970084,0,,,82.51552481714037,81.55666330493968,,,,,,,73.54340998770395,,,85.27050947153259,79.86509222247751,,,,,60,100,-40,,,,,,,,,,,,,-122.27584712804102,,0.11300012227539653
2004-10-11,0.692856,0.816963,0.672321,0.812499,0.7293540191217834,0.6778150675048028,0.5274279614971561,0.4340815765118617,0.016000439221140493,0.06388114159612646,0.04788070237498596,0,,,87.65098958407329,83.88961488174381,,,,,,,81.82013354358985,,,95.27371074623636,90.54742149247272,,,,,60,100,-40,,,,,,,,,,,,,-94.58932946839717,,0.22543693755347463
2004-10-18,0.79982,0.863392,0.798213,0.846606,0.7487368034702274,0.7115732540038422,0.539944747320797,0.4381862971435845,0.021125203520530725,0.07428720677564937,0.05316200325511865,0,,,93.16924261361012,87.77858567160791,,,,,,,83.48058795283686,,,98.44598778676462,96.89197557352922,,,,,60,100,-40,,,,,,,,,,,,,-92.84581501959771,,0.24242622872387362
2004-10-25,0.842856,0.949999,0.838749,0.935713,0.8355231746509255,0.7564012032030738,0.5554650709552755,0.44313681159986723,0.028431821157772062,0.08870177970233373,0.060269958544561665,0,,,97.43758279827699,92.75260499865345,,,,,,,86.87376704294643,,,100,100,,,,,60,100,-40,,,,,,,,,,,,,-129.60112137967087,,0.2680489011816055
2004-11-01,0.937499,1.001963,0.929285,0.977142,0.8682157336044307,0.800549362562459,0.5720014211138922,0.4484502960615601,0.03361545678041444,0.10228927952007971,0.06867382273966527,0,,,99.48037944417399,96.69573495202036,,,,,,,88.10446353619432,,,100,100,,,,,60,100,-40,,,,,,,,,,,,,-233.31000840154886,,0.24797205258936486
2004-11-08,0.969106,0.994463,0.953213,0.99107,0.8795416097755429,0.8386534900499673,0.5884354830309945,0.45384949709577344,0.03536504766205199,0.11288013231723026,0.07751508465517827,0,,,97.49050951204116,98.13615725149737,,,98.13615725149737,,98.13615725149737,,88.49725213179475,,,100,100,,,,,60,100,-40,,,,,,98.13615725149737,,105,,,,,-336.34455232854003,,0.2541250919842778
2004-11-15,0.98357,1.016249,0.968213,0.985178,0.881615066220147,0.8679583920399738,0.6039940131082103,0.4591363478709399,0.03352505918935099,0.11942140864186701,0.08589634945251602,0,,,93.61909692512337,96.86332862711284,,,,,,,87.17802986298904,,,99.31797494852117,99.65898747426058,,,,,60,100,-40,,,,,,,,,,,,,-337.0091791778964,,0.26465245490049216
2004-11-22,1.03607,1.174284,1.033927,1.152677,1.044177990061565,0.924902113631979,0.6255109929863197,0.4660372498821743,0.04052064531092839,0.1365471560911765,0.09602651078024813,0,,,94.72371114638246,95.27777252784898,,,,,,,91.21236380065922,91.21236380065922,,99.14746868565146,99.31797494852117,,,,,60,100,-40,,,,,,,,,,,,,-364.8256920546425,,0.3332553189941756
2004-11-29,1.230891,1.24232,1.102677,1.119284,1.0249127764857389,0.9637784909055832,0.6448746403201896,0.47253721754503825,0.03977466536371799,0.1457448424848956,0.10597017712117762,0,,,93.51044584076621,93.951084637424,,,,,,,85.40842128913349,,,95.14208841078181,97.05952541678177,,,,,60,100,-40,,,,,,,,,,,,,-403.03920259016206,,0.21382983704394895
2004-12-06,1.14732,1.191606,1.108035,1.163392,1.0248047924510433,1.0037011927244666,0.6652086544252802,0.4794113944848886,0.03907080554073658,0.15480868404709835,0.11573787850636177,0,,,89.70480650595742,92.64632116436867,,,,,,,86.62614827348192,,,91.8780814579237,93.98944418585275,,,,,60,100,-40,,,,,,,,,,,,,-371.5775293919509,,0.253144387143585
2004-12-13,1.173928,1.205356,1.15357,1.160535,1.0227651644188258,1.0350679541795733,0.6846332169968379,0.4861887437934967,0.03534399644037814,0.15991787405683444,0.1245738776164563,0,,,85.53711870261104,89.58412368311154,,,,,,,86.12181710045552,,,86.6464298398204,89.07105745360433,,,,,60,100,-40,,,,,,,,,,,,,-364.01797859341445,,0.19724720737732704
2004-12-20,1.169106,1.17857,1.099999,1.143034,1.0254119383889098,1.0566611633436587,0.7026097182910795,0.4927245174870937,0.02890272480233122,0.16070228361937033,0.13179955881703911,0,,,78.82807704676117,84.69000075177654,,,,,,,82.91826532660237,,,82.6610899067502,84.82767519238287,,,,,60,100,-40,,,,,,,,,,,,,-368.74198248552085,,0.22157553243564546
2004-12-27,1.157142,1.163392,1.108035,1.149999,1.0240432285039875,1.0753287306749268,0.7201543960051549,0.4992645620892122,0.022593230543220766,0.16004109699606506,0.1374478664528443,0,,,72.42695730174592,78.93071768370602,,,,,,,83.18789092617162,,,77.25083467851942,79.80449405104821,,,,,60,100,-40,,,,,,,,,,,,,-368.06162203360793,,0.23298716169541564
2005-01-03,1.156785,1.243392,1.117856,1.236606,1.0993025693251315,1.1075841845399415,0.7404074000833841,0.5066012928146927,0.021728157746501026,0.16460806363597058,0.14287990588946956,0,,,70.10860600676143,73.78788011842282,,,,,,,86.13582162721333,,,75.38810769414789,76.49197382885099,,,,,60,100,-40,,,,,,,,,,,,,-312.05041802749736,,0.3048971781825795
2005-01-10,1.246963,1.328927,1.130356,1.25357,1.1081402429447649,1.1367813476319533,0.760531423609526,0.5140338172642978,0.01982691496399311,0.16766354959446095,0.14783663463046784,0,,,69.14621955050559,70.56059428633763,,,,,,,86.63317018687192,,,74.55388175877323,74.52229509574548,,,,,60,100,-40,,,,,,,,,,,,,-275.31397838613424,,0.2841566293122852
2005-01-18,1.24732,1.27857,1.235892,1.258749,1.0953397970201386,1.1611748781055626,0.7800693677817014,0.521443918585051,0.016578606478788754,0.16855989272895378,0.15198128625016502,0,,,67.96058633263092,69.0718039632993,,,,,,,86.7899003460323,,,74.44582171596838,74.44033835329564,,74.44582171596838,,,60,100,-40,,,,,,,,,,,,,-230.71143686138254,,0.2749246530855621
2005-01-24,1.267499,1.32107,1.25982,1.32107,1.1632360258044145,1.1931539024844502,0.8012850788490857,0.5294003970070903,0.016265147954699827,0.1723127211935398,0.15604757323883997,0,,,68.05987148013874,68.38889245442506,,,,,,,88.54138694449827,,,74.53533418341318,74.52686046681711,,,,,60,100,-40,,,,,,,,,,,,,-198.76390288658573,,0.31621271659423966
2005-01-31,1.335534,1.426963,1.330534,1.407856,1.2523928811040992,1.2360943219875602,0.8250721737961804,0.538141248778164,0.019331856125553798,0.1802123933957822,0.1608805372702284,0,,,71.10288841044674,69.04111540773879,,,,,,,90.4513320344204,,,80.647311936823,77.57243421307409,,,,,60,100,-40,,,,,,69.04111540773879,,,,,,,-233.53410236175193,,0.3217690270244046
2005-02-07,1.410891,1.464106,1.368927,1.450177,1.2906908181680923,1.278910857590048,0.8495860885492713,0.5472162313773863,0.021474711754080666,0.18772392696282925,0.16624921520874858,0,,,72.77550232115202,70.64608740391249,,,,,,,91.22409957203126,,,89.13410130733959,84.13355004381509,,,,,60,100,-40,,,,,,,,,,,,,-230.16426556870613,,0.36222101261628775
2005-02-14,1.477677,1.622856,1.465177,1.550177,1.3884856882989427,1.3331640860720384,0.8770602419394959,0.5571959405179098,0.026558176293490277,0.19944693557561144,0.17288875928212116,0,,,76.84067023080766,73.57302032080213,,,,,,,92.73014482759301,,,96.30947370523933,92.61894741047867,,,,,60,100,-40,,,,,,,,,,,,,-198.31621728348682,,0.334378254935146
2005-02-22,1.541963,1.605534,1.523034,1.589106,1.4142956391347323,1.3843524688576307,0.9049836050006922,0.5674637023038012,0.02926033391504901,0.20946417667593242,0.18020384276088341,0,,,77.81644749894696,75.8108733503022,,,,,,,93.22078288522107,93.22078288522107,,99.02244209514402,98.04488419028803,99.02244209514402,,,,60,100,-40,,,,,,,,,,,,,-216.80417777739825,,0.36787857858579953
2005-02-28,1.595712,1.612141,1.472141,1.528927,1.4149963791965372,1.4132673750861047,0.9294519734320376,0.5770305012858529,0.02393675168106385,0.2101247823622132,0.18618803068114936,0,,,74.62075890074506,76.4259588768332,,,76.4259588768332,,76.4259588768332,,83.75453974918044,,,83.48724469256838,91.7436223462842,,,,,60,100,-40,,,,,,76.4259588768332,,105,,106,,,-243.7488727269622,,0.3091011085735646
2005-03-07,1.529641,1.544641,1.386784,1.438213,1.4074327806824989,1.4182565000688838,0.9494033862386243,0.5855994813725608,0.01185863310389021,0.20101132206101213,0.18915268895712192,0,,,66.36333661431964,72.93351433800387,,,,,,,71.84128431616813,,,57.13683364348826,72.37613358145727,,,,,60,100,-40,,,,,,,,,,,,-80.99999999999997,-188.52180495842362,-80.99999999999997,0.2717239739102344
2005-03-14,1.452141,1.551427,1.411427,1.534285,1.3978584392051774,1.441462200055107,0.9723399201116194,0.5950391382743263,0.008073274868127867,0.19924428254228177,0.1911710076741539,0,,,61.91891115523683,67.63433555676716,,,,,,,75.79192063812617,,,29.167375804403147,43.86578808829453,,,,,60,100,-40,,,,,,,,,,,,-58.090909090909086,-156.063294965983,-58.090909090909086,0.2708550419183574
2005-03-21,1.54857,1.570356,1.500713,1.517856,1.3915189792619505,1.4567409600440855,0.9937327075582225,0.60422139560493,0.0024861412669923144,0.1942786842578943,0.19179254299090198,0,,,59.59539921851255,62.62588232935633,,,,,,,73.87188282442955,,,15.096037034415057,21.63964282371528,,,,,60,100,-40,,,,,,,,,,,,-32.983471074380155,-126.77905951762241,-32.983471074380155,0.2504695457482716
2005-03-28,1.526784,1.534285,1.448927,1.460356,1.3956833378860969,1.4574639680352683,1.0120316602029982,0.612740147887468,-0.006564145140795036,0.18358736156490818,0.19015150670570322,0,,,53.04107676505332,58.18512904626755,,,,,,,67.39816503309675,,,9.53851995768099,10.524608670247149,,,,,60,100,-40,,,,,,,,,,,,-2.4410217881291985,-98.27377596896376,-2.4410217881291985,0.20866468297322413
2005-04-04,1.46107,1.587498,1.434284,1.562142,1.3973052423228043,1.4783995744282146,1.0336046147048414,0.6221869324856026,-0.007130416253561006,0.18123848638875195,0.18836890264231296,0,,,51.582537117566346,54.73967103371073,,,,,,,72.0888349177697,,,8.429000415779903,8.490715830447373,,,,,60,100,-40,,,,,,,,,,,,18.91189126425793,-71.31490761097034,18.91189126425793,0.23546703752827075
2005-04-11,1.576784,1.580356,1.259999,1.262499,1.3891175821568897,1.4352194595425716,1.042580865108573,0.6285581968389797,-0.027951395382331323,0.15342965841439882,0.18138105379673014,0,,,33.743066942220615,46.12222694161341,,,,,,,49.41482680764744,,,6.633030643920192,7.546444383516917,,,,,60,100,-40,,,,,,,,,,,,143.65518376166563,39.83325740920613,143.65518376166563,0.10604661439847829
2005-04-18,1.249999,1.347856,1.214285,1.267856,1.3576371834313976,1.4017467676340574,1.0514151841239232,0.6349193690097361,-0.04084806861721471,0.13032096802521176,0.17116903664242647,0,,,13.7746271155521,33.033410391779675,,,,,,,49.721111698694855,,,6.3275049022396495,6.6854779274788045,,,,,60,100,-40,,,,,,,,,,,,167.5360594413628,61.68175606207775,167.5360594413628,0.14448015783645832
2005-04-25,1.302142,1.339641,1.257856,1.287856,1.3550890989005835,1.378968614107246,1.0606873729818085,0.6414162509101368,-0.047074292453036404,0.11232617107613097,0.15940046352916737,0,,,1.4009094777495221,16.3062011785074,,,,,,,50.92296403863566,,,2.9257264860579637,4.385150438359976,,2.9257264860579637,,,60,100,-40,,,,,,,,,,,,229.80223045202408,121.37598223260902,229.80223045202408,0.11978318449455365
2005-05-02,1.294998,1.333213,1.286427,1.329999,1.3601210204076846,1.3691746912857967,1.0712486132570316,0.648267820552822,-0.04727281252721935,0.10030944787014318,0.14758226039736252,0,,,-5.719098488314955,3.1521460349955412,,,,,,,53.46234301504947,,,4.355604305609589,4.036760755493911,,,,,60,100,-40,,,,,,,,,,,,219.8381885516561,109.30762182668005,219.8381885516561,0.1678897595602093
2005-05-09,1.331427,1.337499,1.182499,1.241784,1.36979337609285,1.3436965530286373,1.0779362754822461,0.6541734541791621,-0.05189427662719365,0.08271441461337048,0.13460869124056413,0,,,-15.897437860773001,-6.738542290446159,,,,,,,47.848079398127624,,,3.9731469869457,3.5217610908431602,,,,,60,100,-40,,,,,,,,,,,,188.0494269968095,97.6153269491018,188.0494269968095,0.15014786711353323
2005-05-16,1.237856,1.345713,1.233213,1.34107,1.3363517063719321,1.3431712424229099,1.0882552450711775,0.6610082456798669,-0.04696153823409896,0.07590676844794042,0.12286830668203938,0,,,-18.105213529698283,-13.240583292928747,,,,,,,53.76774980445763,,,6.661230327656613,5.605360348521688,,,,,60,100,-40,,,,,,,,,,,,161.13134936102594,72.59435841290149,161.13134936102594,0.16595294627861706
2005-05-23,1.357142,1.462141,1.351785,1.44857,1.3364081559167942,1.3642509939383278,1.1023852354605432,0.6688446810462364,-0.035667759975963054,0.07828360671208556,0.11395136668804862,0,,,-6.978192136916498,-13.660281175795928,,,,,,,59.19989154823658,,,10.632608476437902,8.351712535678901,,,,,60,100,-40,,,,,,-13.660281175795928,,,,,,124.56201311356668,41.21356597419208,124.56201311356668,0.1408406619465728
2005-05-31,1.450713,1.455712,1.348927,1.365713,1.3352361447798802,1.3645433951506623,1.1127118144620907,0.6757786941701545,-0.033045888674122906,0.07264400584539499,0.1056898945195179,0,,,-2.000363330034821,-9.0279229988832,,,,,,,53.91076006281222,,,15.380441391379659,12.847871876686945,15.380441391379659,,,,60,100,-40,,,,,,,,,,,,83.73255618382731,-5.370718748388299,83.73255618382731,0.10380242430772428
2005-06-06,1.367856,1.379641,1.26857,1.278927,1.3361887058670316,1.3474201161205297,1.1192300570322047,0.6817801698500534,-0.0361722648121679,0.06047456350430802,0.09664682831647592,0,,,-9.087461329501414,-6.022005598817579,,,,,,,48.94843886949603,,,14.073789834711654,14.743523748173152,,,,,60,100,-40,,,,,,-6.022005598817579,,,,,,53.963000514040544,-44.39422443049949,53.963000514040544,0.06995647806370844
2005-06-13,1.281784,1.376427,1.276784,1.368213,1.3364609411622437,1.3515786928964237,1.1289940940113339,0.6886103472644808,-0.03141869366811875,0.05737346123132747,0.08879215489944622,0,,,-9.791813856273171,-6.959879505269803,,,,,,,53.6985107105277,,,12.132267124498934,13.895400269080104,,,,,60,100,-40,,,,,,,,,,,,-12.212090488512288,-115.41345635222683,-12.212090488512288,0.04850600841615508
2005-06-20,1.351785,1.420713,1.334999,1.34857,1.3383463025077977,1.350976954317139,1.1376049138540267,0.6951771099782671,-0.028855299025651496,0.05272303111738186,0.08157833014303335,0,,,-5.1159334453429715,-7.998402877039186,,,,,,,52.533541660788586,,,10.340435381218914,11.113515165901442,,,,,60,100,-40,,,,,,-7.998402877039186,,,,,,-1.8098922178736743,-93.52010065182199,-1.8098922178736743,-0.008089891002899105
2005-06-27,1.317499,1.360713,1.289999,1.30357,1.2285148523286693,1.3414955634537111,1.1441133486048491,0.7012307705754983,-0.029351499404691297,0.044888955887169235,0.07424045529186053,0,,,-11.595476122000175,-8.834407807872106,,,,,,,49.84955568923369,,,10.199950364770523,10.084097576498804,,,,,60,100,-40,,,,,,-8.834407807872106,,,,,,-20.571729996442087,-114.69826416967251,-20.571729996442087,-0.07402681246792531
2005-07-05,1.305356,1.367141,1.30357,1.36607,1.2341310771623357,1.3464104507629688,1.1528175310125022,0.707846086291165,-0.02481208616046439,0.04322534759128005,0.06803743375174444,0,,,-10.209115275423942,-8.973508280922362,,,,,,,53.4295597115435,,,10.180564682319321,10.061072028554321,,10.180564682319321,,,60,100,-40,,,,,,,,,,,,-90.46777908799808,-188.38948886609572,-90.46777908799808,-0.06816817549281384
2005-07-11,1.37107,1.500355,1.349284,1.483927,1.2757235716507405,1.373913760610375,1.1658022160708355,0.7155682844375215,-0.013765105217225418,0.05083105223021267,0.06459615744743809,0,,,10.383362337999023,-3.807076353141698,,,,,,,59.35658037999636,,,27.30496718040613,18.806448712484706,,,,,60,100,-40,,,,,,-3.807076353141698,,,,,,-109.47363743563479,-193.2277636177147,-109.47363743563479,-0.06278078030641199
2005-07-18,1.484999,1.572855,1.466785,1.571427,1.3565136736756873,1.4134164084883,1.1817090703425674,0.7240842915575462,-0.0011243472694255768,0.06319072336065612,0.0643150706300817,0,,,31.737799424565097,10.637348829046726,,,,,,,63.13062200550756,63.13062200550756,,53.276171447505334,38.16397146985563,,,,,60,100,-40,,,,,,,,,,,,-150.4784306291557,-238.09544295994834,-150.4784306291557,-0.016188596596949968
2005-07-25,1.57107,1.584998,1.509284,1.523212,1.3567117684131382,1.43537552679064,1.1951013420938392,0.7320358110445357,0.003194258178600501,0.06830789335333232,0.06511363517473182,0,,,42.88169330307082,28.334285021878316,,,,,,,59.81501618260081,,,76.43210062366578,64.26401458020354,,,,,60,100,-40,,,,,,,,,,,,-226.7550796056728,-319.3508169672305,-226.7550796056728,-0.010171021450227094
2005-08-01,1.520356,1.55357,1.500713,1.535356,1.361232284955057,1.455371621432512,1.208444662011728,0.7400290467555354,0.0059150012427610504,0.07250738672818313,0.06659238548542208,0,,,47.700413887226816,40.77330220495424,,,,,,,60.38275525971567,,,83.3478766996019,80.9210778728717,,,,,60,100,-40,,,,,,,,,,,,-198.25415604100505,-287.6506684277341,-198.25415604100505,-0.049057724833320555
2005-08-08,1.535713,1.650713,1.521784,1.646427,1.4436951931725532,1.4935826971460098,1.2256204399720523,0.7490479318624454,0.0137914178173911,0.08383165775716095,0.07004023993976985,0,,,55.829574234106474,48.803893808134696,,,,,,,65.2476180526802,65.2476180526802,,86.24559404979807,86.71651257326407,,,,,60,100,-40,,,,,,,,,,,,-162.2079458517314,-261.7141832590551,-162.2079458517314,0.002175084016368126
2005-08-15,1.665355,1.72607,1.633927,1.636784,1.4397576079459422,1.5222229577168078,1.2417445011496189,0.7578811265702818,0.01675129699337788,0.09097936118149219,0.07422806418811431,0,,,62.99219530263182,55.50739447465504,,,,,,,64.50265029278945,,,89.98374091639582,87.87920822136395,,,,,60,100,-40,,,,,,,,,,,,-130.8974102423257,-237.76614993922695,-130.8974102423257,-0.014623360878206839
2005-08-22,1.650356,1.682855,1.616427,1.63357,1.4413564216640893,1.5444923661734462,1.2571102069868887,0.7665944486939607,0.016846528186075654,0.09528622442070889,0.07843969623463323,0,,,63.98122166871145,60.93433040181659,,,,,,,64.23782500301442,,,94.02669576687825,91.47908516787906,,,,,60,100,-40,,,,,,,,,,,,-103.46151747099377,-209.99048631391292,-103.46151747099377,-0.06032982719413456
2005-08-29,1.618213,1.684641,1.616427,1.650713,1.45080060583094,1.565736492938757,1.2725456106344617,0.7753916482094436,0.016402000880716527,0.09894219733552889,0.08254019645481236,0,,,63.426494501640235,63.46663715766116,,,,,,,65.06657981575889,,,95.59140512366587,94.9613475561592,,,,,60,100,-40,,,,,,63.46663715766116,,105,,,,-84.65033247626764,-199.99221607501968,-84.65033247626764,0.07644951848664427
2005-09-06,1.667855,1.833927,1.662498,1.832498,1.6371202054144443,1.6190887943510055,1.294504527864483,0.7859101193715387,0.026112150590005268,0.11518038469231895,0.08906823410231368,0,,,69.45554729468931,65.62108782168033,,,,,,,72.41118576408917,,,97.24962885841032,96.82375669346766,,,,,60,100,-40,,,,,,65.62108782168033,,,,,,-119.25936293512805,-228.17544951592515,-119.25936293512805,0.15810552048952203
2005-09-12,1.824999,1.843927,1.761784,1.828927,1.6249023335991268,1.6610564354808044,1.3154622718697973,0.7962883967907273,0.029789531262541052,0.12630514818049,0.09651561691794894,0,,,72.66863463248825,68.51689214293926,,,,,,,72.08864237054574,,,98.46949226487064,97.70898706106671,,,,,60,100,-40,,,,,,,,,,,,-105.75766058328657,-225.7799132403024,-105.75766058328657,0.21020190376987408
2005-09-19,1.823212,1.921784,1.823212,1.899998,1.6954958811991891,1.7088447483846436,1.3383852416003934,0.8072705818972872,0.034188496500688295,0.1392512375438093,0.10506274104312101,0,,,75.79625607693093,72.6401460013695,,,,,,,74.53433664839518,,,99.20614384425755,98.82944654513567,,,,,60,100,-40,,,,,,,,,,,,-64.71081320450719,-177.4562926511565,-64.71081320450719,0.2037517884345657
2005-09-26,1.929641,1.948569,1.806784,1.914641,1.7106644611135329,1.750003998707715,1.3609835066356721,0.8182891930226873,0.03513011030536563,0.14897537892482804,0.11384526861946241,0,,,75.70727949535336,74.72405673492418,,,74.72405673492418,,74.72405673492418,,75.02283609078216,75.02283609078216,,99.52403386426197,99.46522658514449,99.52403386426197,,,,60,100,-40,,,,,,,,,,106,,-96.58157444005134,-192.46423944185528,-96.58157444005134,0.2640828430927953
2005-10-03,1.934284,1.976784,1.805355,1.832141,1.7049792138911377,1.766431398966172,1.379460271081332,0.8283772707040536,0.027575854316271645,0.14831508651480196,0.12073923219853032,0,,,72.56667094688015,74.69006883972146,,,,,,,67.15956990722623,,,92.558344055513,96.07059259944623,,,,,60,100,-40,,,,,,74.69006883972146,,105,,,,-49.021288178223834,-142.01619590697248,-49.021288178223834,0.1663098134252963
2005-10-10,1.848569,1.94107,1.709641,1.92857,1.709394198613199,1.7988591191729375,1.4009939859408875,0.8393244620403317,0.026448538133777788,0.15379990486575257,0.12735136673197478,0,,,68.0269105871037,72.10028700977907,,,,,,,71.00737338520132,,,85.88470444041718,90.0995863839484,,,,,60,100,-40,,,,,,,,,,,,8.073491490544136,-92.55870574206838,8.073491490544136,0.23324009038435964
2005-10-17,1.927855,2.034998,1.828927,1.987855,1.751273327283685,1.83665829533835,1.4240081433549703,0.8507526265971443,0.026977874215394604,0.16107370950121802,0.13409583528582342,0,,,68.71221359191986,69.76859837530124,,,,,,,73.10610551276112,,,80.85481571900837,83.10638736162063,,,,,60,100,-40,,,,,,,,,,,,17.514674855899734,-74.82075924351051,17.514674855899734,0.2928891532912598
2005-10-24,1.973212,2.055712,1.934641,1.945355,1.738733303906279,1.85839763627068,1.4444531181253637,0.8616441925016504,0.021960650225302775,0.1615466480674519,0.13958599784214912,0,,,68.79537265787857,68.51149894563405,,,,,,,69.21497560194314,,,79.10982118304379,79.62317723484243,,79.10982118304379,,,60,100,-40,,,,,,68.51149894563405,,,,,,71.60291579119068,-33.944257562872195,71.60291579119068,0.2951313501665629
2005-10-31,1.971784,2.225712,1.955355,2.183926,1.935302853627259,1.923503309016544,1.4734520546694672,0.8748012254120817,0.03161720283196762,0.17910750138210862,0.147490298550141,0,,,73.74863773522989,70.41874132834278,,,,,,,76.7428112185356,,,83.51511029856619,81.05748245119342,,,,,60,100,-40,,,,,,,,,,,,49.4932947382469,-53.2271198241682,49.4932947382469,0.3012190132444587
2005-11-07,2.173212,2.218212,2.107498,2.197855,1.9269396497967406,1.9783736472132354,1.5018600133098803,0.8879659395870859,0.03555659225076435,0.19193603886359645,0.1563794466128321,0,,,76.41590443170406,72.9866382749375,,,,,,,77.09704223932246,,,86.78774492381656,84.53617328120433,,,,,60,100,-40,,,,,,,,,,,,-8.596395214161596,-126.27673440159221,-8.596395214161596,0.3547338182969263
2005-11-14,2.197855,2.352855,2.175355,2.305712,2.038331460525545,2.0438413177705885,1.5333836206310614,0.9020728655613438,0.04161929010136306,0.2084035592395359,0.16678426913817285,0,,,79.39257304438027,76.5190384037714,,,,,,,79.69177080429833,,,95.83534245206131,91.67068490412261,,,,,60,100,-40,,,,,,,,,,,,-77.03341426613221,-186.95369178312092,-77.03341426613221,0.3941704851457416
2005-11-21,2.309997,2.483569,2.275712,2.476426,2.202786927630863,2.1303582542164707,1.570365674723961,0.9177380708791414,0.05261154801596252,0.232548704158126,0.1799371561421635,0,,,82.77460501358067,79.52769416322165,,,,,,,82.99513500178897,,,98.17321942773815,96.34643885547628,,,,,60,100,-40,,,,,,,,,,,,-52.11824803592638,-168.4166569134626,-52.11824803592638,0.3968841012540908
2005-11-28,2.529284,2.597855,2.405355,2.593926,2.3101387185143727,2.2230718033731764,1.6105052953230212,0.9344165577360654,0.06260142083095749,0.25818893218086036,0.19558751134990288,0,,,85.24111433307196,82.46943079701096,,,,,,,84.83451530245306,,,100.00000000000003,100.00000000000004,,,,,60,100,-40,,,,,,,,,,,,-117.18765748393977,-237.79544656556033,-117.18765748393977,0.4084137395399425
2005-12-05,2.566783,2.672497,2.553212,2.654658,2.363641238620489,2.309389042698541,1.6514524602123144,0.9515333880073483,0.06767385000386256,0.28017982385473106,0.2125059738508685,0,,,86.17209601827061,84.72927178830774,,,,,,,85.70059551574995,85.70059551574995,,100.00000000000003,100.00000000000004,,,,,60,100,-40,,,,,,,,,,,,-124.97171975958707,-256.3780926445494,-124.97171975958707,0.402582903648871
2005-12-12,2.673926,2.694998,2.50964,2.53964,2.3673874358618825,2.355439234158833,1.686283344125557,0.9673354438480712,0.058028018840458856,0.28504099740144206,0.2270129785609832,0,,,82.79559908762447,84.73626981298901,,,84.73626981298901,,84.73626981298901,,76.71230338316684,,,90.98448730015194,95.49224365007599,,,,,60,100,-40,,,,,,84.73626981298901,,105,,,,-118.61322525784395,-247.0366212546313,-118.61322525784395,0.3664869449020278
2005-12-19,2.538926,2.660355,2.53714,2.619641,2.3614270475860337,2.4082795873270664,1.722885605140241,0.9837762951530655,0.05197611703416699,0.29198312485369193,0.24000700781952494,0,,,79.01756304603896,82.66175271731134,,,,,,,78.41790882384066,,,81.62754527029426,87.43295537270411,,,,,60,100,-40,,,,,,,,,,,,-115.22900248369048,-243.93905375378927,-115.22900248369048,0.3668112895914532
2005-12-27,2.642855,2.684997,2.51214,2.567497,2.36476997275846,2.440123069861653,1.7560076206249375,0.9995347101266668,0.03994242194631706,0.28993503525242126,0.2499926133061042,0,,,73.95610939900634,78.58975717755658,,,,,,,74.56188295512206,,,66.40921365123913,73.77932335514765,,,,,60,100,-40,,,,,,,,,,,,-86.09645657756495,-208.67740761673667,-86.09645657756495,0.3236979193302835
2006-01-03,2.584997,2.739283,2.580355,2.724997,2.431121403275713,2.4970978558893226,1.794007204129842,1.0167034891303817,0.03807823435167679,0.2975904062457002,0.2595121718940234,0,,,71.81224768492554,74.9286400433236,,,,,,,78.08763842857132,,,63.57366121872231,65.50214038816492,,,,,60,100,-40,,,,,,,,,,,,-158.6243735634622,-268.9178789591482,-158.6243735634622,0.40310633612523544
2006-01-09,2.745712,3.085711,2.704998,3.056779,2.7593536601845905,2.609034084711458,1.8435276667129854,1.0370027479450048,0.05372130291876298,0.3266638005424771,0.27294249762371414,0,,,75.90270353076826,73.89035353823338,,,,,,,83.35308636427727,83.35308636427727,,66.90057288338049,63.621357940842834,66.90057288338049,,,,60,100,-40,,,,,,73.89035353823338,,,,,,-147.0563056428327,-265.4782646029394,-147.0563056428327,0.46921514170674866
2006-01-17,3.05714,3.084997,2.708212,2.717462,2.7262107558856914,2.6307196677691667,1.8777996013516918,1.0537237355276416,0.03656713288644947,0.31865141373177597,0.2820842808453265,0,,,73.01835145591826,73.57776755720403,,,,,,,65.82763238924034,,,57.723818787958734,61.81815186277884,,,,,60,100,-40,,,,,,73.57776755720403,,105,,,,-189.40970461686317,-299.9367619478595,-189.40970461686317,0.3829733312928845
2006-01-23,2.719283,2.841426,2.539284,2.572497,2.695996344750999,2.619075134215333,1.905042636592802,1.0688359073134364,0.01207528573281802,0.297178388011349,0.285103102278531,0,,,62.79939905131383,70.57348467933345,,,,,,,59.989885368370146,,,41.44377447492835,51.67420562222838,,,,,60,100,-40,,,,,,,,,,,,-324.0624855956153,-414.4937143209759,-324.0624855956153,0.26878351951115326
2006-01-30,2.541783,2.735712,2.531069,2.565962,2.6786033915544993,2.6084525073722666,1.9309610430009274,1.0837326843550936,-0.006925015003860668,0.27644683352370514,0.2833718485275658,0,,,52.11917881816228,62.64564310846479,,,,,,,59.73119350647651,,,14.140471506794485,28.28094301358898,,,,,60,100,-40,,,,,,,,,,,,-303.323851850958,-380.9494026262531,-303.323851850958,0.2048147654377059
2006-02-06,2.56964,2.58964,2.246426,2.403926,2.6763812207291777,2.5675472058978133,1.94950868837344,1.0968689362520578,-0.03139522070553119,0.2441278226456518,0.275523043351183,0,,,33.47579654544537,49.464791471640496,,,,,,,53.5305793657118,,,5.202223887938051,10.40444777587611,,,,,60,100,-40,,,,,,,,,,,,-259.0831515144202,-326.23132942147976,-259.0831515144202,0.16611120387443964
2006-02-13,2.37964,2.536069,2.308569,2.510354,2.654521919248522,2.5561085647182504,1.971502622162717,1.1109334642495499,-0.0408067868938774,0.22451455973383627,0.2653213466277137,0,,,21.223263373305794,35.606079578971155,,,,,,,56.726952616331246,,,2.4033313131280254,1.2016656565640198,,2.4033313131280254,,,60,100,-40,,,,,,,,,,,,-313.7953057845257,-374.18926952666527,-313.7953057845257,0.18775458597109673
2006-02-21,2.515712,2.60714,2.428569,2.552141,2.6507545678736277,2.5553150517746004,1.994272754626924,1.125273837739604,-0.04431875040327238,0.20992290862362317,0.25424165902689555,0,,,16.115851402797226,23.604970440516144,,,,,,,57.957026098939814,,,6.309015385423219,4.055756935134627,,,,,60,100,-40,,,,,,,,,,,,-315.8325229146119,-384.33667506727147,-315.8325229146119,0.22898521522628296
2006-02-27,2.571069,2.585711,2.411783,2.418569,2.654246170168369,2.52796584141968,2.0109118230729273,1.1381424463193095,-0.05503884462986114,0.18544310323956914,0.24048194786943028,0,,,7.901026554249272,15.080047110117443,,,,,,,52.763269238625774,,,7.736061024708523,6.909848213705234,7.736061024708523,,,,60,100,-40,,,,,,,,,,,,-342.0447914755915,-412.639097782313,-342.0447914755915,0.10400163438609716
2006-03-06,2.417498,2.418569,2.230355,2.256783,2.658151658013485,2.4737292731357443,2.020553830011244,1.1492731980972268,-0.07138999739864277,0.15124445112112683,0.2226344485197696,0,,,-8.192377373884034,5.274833527720838,,,,,,,47.21173413960246,,,6.158942522583795,7.360608179147815,,,,,60,100,-40,,,,,,,,,,,,-289.85482938912037,-353.9774436400743,-289.85482938912037,0.03363670023438636
2006-03-13,2.323212,2.429997,2.289641,2.309283,2.659737325298236,2.4408400185085957,2.0318765425598224,1.1608155841858117,-0.07657548996918462,0.12691508605828883,0.20349057602747345,0,,,-16.403216189949774,-5.564855669861497,,,,,,,49.09462650037125,,,3.5016712744105214,5.130723312638168,,,,,60,100,-40,,,,,,,,,,,,-313.51758768200756,-369.6179084327881,-313.51758768200756,0.02730523233348469
2006-03-20,2.329283,2.337855,2.108212,2.141427,2.6633525877769335,2.3809574148068764,2.0361726389300254,1.1705729117063508,-0.08837880505002235,0.0930170697149455,0.18139587476496785,0,,,-28.968010320191105,-17.854534628008288,,,,,,,43.696152997153824,,,2.3867288411556986,2.900838446128523,,2.3867288411556986,,,60,100,-40,,,,,,,,,,,,-341.05984446709715,-386.96010689955403,-341.05984446709715,-0.06204494324250908
2006-03-27,2.15482,2.271783,2.059641,2.239998,2.6586483315071527,2.352765531845501,2.0441657903445343,1.181213957361014,-0.08650711189934385,0.07326198489078806,0.1597690967901319,0,,,-36.396664916914105,-27.25596380901831,,,,,,,47.37731092666177,,,4.129398903604564,3.001009069893719,,,,,60,100,-40,,,,,,,,,,,,-405.412600018534,-452.0582692814532,-405.412600018534,-0.0211451973117814
2006-04-03,2.273212,2.573212,2.180355,2.492497,2.3174632363994987,2.380711825476401,2.0617474064094545,1.1942615498250837,-0.06614181320313625,0.07709183028621158,0.14323364348934783,0,,,-27.492813232432432,-30.952496156512534,,,,,,,55.45863478038573,,,10.317647409753805,6.941425698251474,,,,,60,100,-40,,,,,,-30.952496156512534,,,,,,-400.79212728789145,-442.59312941209816,-400.79212728789145,0.018826962191299045
2006-04-10,2.510354,2.533211,2.350355,2.37389,2.1449471480852487,2.3793474603811204,2.073988292432613,1.205999146344237,-0.05878503081869926,0.06975235496597376,0.12853738578467303,0,,,-19.8915970441102,-27.927025064485562,,,,,,,51.43875824218067,,,16.769995006524105,13.122911967904939,,,,,60,100,-40,,,,,,,,,,,,-337.01174050827484,-381.2125604280803,-337.01174050827484,-0.028345370539672697
2006-04-17,2.375354,2.499998,2.298212,2.394283,2.142829137507731,2.382334568304896,2.086548869199962,1.2178228662811104,-0.05096275088385786,0.06483394717985069,0.11579669806370856,0,,,-15.521612436196694,-20.96867423757976,,,,,,,52.085665326034096,,,24.789679612556487,20.922576597878095,,,,,60,100,-40,,,,,,,,,,,,-372.10051496131575,-417.3557312593384,-372.10051496131575,-0.07474699409327228
2006-04-24,2.387498,2.546426,2.339283,2.513926,2.1304053419714646,2.408652854643917,2.103308756682316,1.2307194148753282,-0.03680870539062647,0.06978581632542546,0.10659452171605194,0,,,-5.344284307740853,-13.585831262682566,,,,,,,55.82581474602636,,,34.83483623921471,29.685883287701888,,,,,60,100,-40,,,,,,,,,,,,-352.6276940592584,-413.2910528485496,-352.6276940592584,-0.07458607651046453
2006-05-01,2.527497,2.603212,2.469998,2.567497,2.1462934604020742,2.4404216837151336,2.1215122172045784,1.2440206843790562,-0.023560676563825877,0.07714367601126959,0.10070435257509547,0,,,8.528262168263515,-4.112544858557994,,,,,,,57.437410442952256,,,50.079861829954844,42.20007386946802,,,,,60,100,-40,,,,,,,,,,,,-414.87720423030225,-488.14722505790417,-414.87720423030225,-0.029019813936564734
2006-05-08,2.606783,2.635712,2.387855,2.417855,2.15734885608764,2.435908346972107,2.133133502804399,1.2557006278180707,-0.024489884363169706,0.07009199712113334,0.09458188148430305,0,,,12.237037808640874,5.140338556387862,,,,,,,51.726723205478606,,,58.12601816037282,53.548868825478706,58.12601816037282,,,,60,100,-40,,,,,,,,,,,,-297.62680346115644,-379.3931841382852,-297.62680346115644,-0.06124128706646261
2006-05-15,2.406069,2.44214,2.24357,2.303926,2.1512370092242374,2.409511877577686,2.1398312477924617,1.266130731023861,-0.03192146118460315,0.05468005500354911,0.08660151618815226,0,,,-0.7125076515573383,6.684264108449033,,,,,,,47.80639516831804,,,52.558356317501506,56.4448824801779,,,,,60,100,-40,,,,,,6.684264108449033,,,,,,-189.87647555912798,-278.59442338586973,-189.87647555912798,-0.06813168578513439
2006-05-22,2.281069,2.328212,2.198569,2.269605,2.1526027228510776,2.3815305020621484,2.1449204145456986,1.2761155496206384,-0.03788586935189864,0.039244179498278964,0.0771300488501776,0,,,-14.513999127628278,-0.9964896568482319,,,,,,,46.65249024622837,,,37.83893141420153,46.76321511962377,,,,,60,100,-40,,,,,,,,,,,,-158.9898436392865,-231.57725549752973,-158.9898436392865,-0.08667050267366702
2006-05-30,2.260355,2.260712,2.096069,2.202141,2.1637175997902864,2.345652601649719,2.1471643590733183,1.2853297332065028,-0.04464677977084648,0.021321574136619503,0.06596835390746598,0,,,-28.1075058536236,-14.444670877603057,,,,,,,44.371804841295216,,,21.29525025775399,30.044244594778096,,,,,60,100,-40,,,,,,,,,,,,-163.71896297759807,-227.65411813434253,-163.71896297759807,-0.1385248679887989
2006-06-05,2.183926,2.198569,2.041069,2.115713,2.1677681283766943,2.299664681319775,2.1459309724429922,1.2935922532740998,-0.05266098340870663,0.00014212464658269752,0.05280310805528933,0,,,-39.41189108056645,-27.344465353939427,,,,,,,41.55255984416526,,,10.204741989955156,15.467596902354876,,,,,60,100,-40,,,,,,,,,,,,-132.13369698167116,-188.0806421099166,-132.13369698167116,-0.09115590143544328
2006-06-12,2.121069,2.13357,2.024641,2.055712,2.1733099049212163,2.2508741450558203,2.142392973523659,1.301175534336049,-0.05923407472319636,-0.021239485348706122,0.03799458937449024,0,,,-47.552574528615786,-38.357323820935264,,,,,,,39.65752390594778,,,2.914690499714223,5.829380999428447,,2.914690499714223,,,60,100,-40,,,,,,,,,,,,-80.83666116682184,-136.61143445356814,-80.83666116682184,-0.0660369678197465
2006-06-19,2.065355,2.148926,2.035712,2.101069,2.1859048402839862,2.220913116044656,2.1407724255423393,1.3091346732978792,-0.057700624581542084,-0.03413119135243736,0.02356943322910472,0,,,-50.19727818135215,-45.72058126351144,,,,,,,41.83005624680798,,,3.6351021964894628,3.053022867633594,,,,,60,100,-40,,,,,,,,,,,,-26.139086409217853,-81.7729918256466,-26.139086409217853,-0.028739041888362182
2006-06-26,2.113212,2.114998,1.978927,2.045355,2.196987994549416,2.185801492835725,2.1370305657171493,1.3164602486879502,-0.05748514099997162,-0.048286993020859814,0.009198147979111811,0,,,-53.3150401777586,-50.354964295908836,,,,,,,39.917607726728335,,,3.7339542300895996,2.921272496381136,,,,,60,100,-40,,,,,,,,,,,,-59.56834342572371,-116.9051751300745,-59.56834342572371,-0.024283472982696452
2006-07-03,2.054284,2.077855,1.952498,1.978569,2.2040142092244577,2.14435499426858,2.130816386669418,1.3230483954671746,-0.058682598239823955,-0.06415509982066814,-0.0054725015808441795,0,,,-56.210529985746106,-53.2409494482856,,,,,,,37.68043064263092,,,4.49172689072261,4.4368178176471575,,,,,60,100,-40,,,,,,,,,,,,-17.828644621046692,-74.74059783369732,-17.828644621046692,-0.08338697266241617
2006-07-10,1.989284,2.017498,1.791427,1.809641,2.212069122851282,2.0774121954148637,2.1182212734666956,1.3278901129252125,-0.06708760103212044,-0.08933200287099474,-0.022244401838874293,0,,,-62.3821353450896,-57.302568502864744,,,,,,,32.66411290138957,,,1.7351816135678444,3.140908788682957,,1.7351816135678444,,,60,100,-40,,,,,,,,,,,,107.23110894641633,51.57587449970215,107.23110894641633,-0.14050940763424394
2006-07-17,1.846962,2.199641,1.844641,2.168569,2.2051609712190476,2.095643556331891,2.1201956941150604,1.336255076975708,-0.0457301066430315,-0.07940703514266367,-0.03367692849963217,0,,,-54.36852701198848,-57.65373078094137,,,,,,-57.65373078094137,48.458256721518126,,,15.027640001600865,8.732842601363132,,,,,60,100,-40,,,,,,-57.65373078094137,-107,,,,,234.0981800470679,157.65298822702903,234.0981800470679,-0.033987618388770784
2006-07-24,2.187855,2.345712,2.158212,2.342498,2.0256858304176872,2.145014445065513,2.1289134316007443,1.3462674443689846,-0.018539626588814376,-0.056851461735650144,-0.03831183514683577,0,,,-34.1341968456871,-50.294953067588374,,,,,,,54.10897930843973,,,36.497111316131615,23.661528618138643,,,,,60,100,-40,,,,,,,,,,,,178.80760185669192,124.44335400393278,178.80760185669192,0.04145032213826368
2006-07-31,2.386783,2.499998,2.319998,2.439283,2.048340199673567,2.2038681560524105,2.1410847872242447,1.35714322104193,0.00600059168364088,-0.030811095542284672,-0.03681168722592555,0,,,-13.229769345986163,-33.91083106788723,,,,,,,56.95394110938723,,,65.48516972993617,50.40636771895888,,,,,60,100,-40,,,,,,,,,,,,135.3880378827479,85.45365327594503,135.3880378827479,0.09136514834862114
2006-08-07,2.418569,2.485712,2.234998,2.273212,2.0505503996968835,2.2177369248419283,2.1462662465487843,1.3662583332703686,0.010804706020062858,-0.023305804700846977,-0.034110510720909835,0,,,-3.0353780667306562,-16.799781419467955,,,,,,,51.06885653095689,,,78.52307733262361,71.73570510507132,,,,,60,100,-40,,,,,,,,,,,,177.13566735861195,126.28026177122777,177.13566735861195,0.1024856692661317
2006-08-14,2.287498,2.45214,2.271427,2.425355,2.0425007282899634,2.2592605398735426,2.157210903546871,1.3767966085612107,0.023269821112799398,-0.005023234329910586,-0.028293055442709984,0,,,7.032499479885976,-3.0775493109435987,,,,,,,55.62015188274758,,,86.98285619507641,84.96003342281055,,,,,60,100,-40,,,,,,,,,,,,144.92918238431886,90.59294144918631,144.92918238431886,0.07711233629823268
2006-08-21,2.402319,2.466069,2.362497,2.455355,2.0610981762692515,2.298479431898834,2.1689028288979744,1.387528532854134,0.0320353435895611,0.01175112404424139,-0.02028421954531971,0,,,16.215395124372982,6.737505512509448,,,,,,,56.4847660800321,,,89.3987558883139,88.2784100760365,,,,,60,100,-40,,,,,,,,,,,,136.76024013262452,78.66695209478877,136.76024013262452,0.04939602078865457
2006-08-28,2.446426,2.451783,2.325712,2.44214,2.074463377964305,2.3272115455190674,2.179618012078446,1.3980221792933964,0.03519163454507271,0.02370532363602118,-0.01148631090905153,0,,,21.17762445561067,14.808506353289891,,,,,,,55.96446238982031,,,94.3060224454205,92.03420638969364,,,,,60,100,-40,,,,,,,,,,,,79.16746919942007,18.909324441190805,79.16746919942007,0.11733707247573315
2006-09-05,2.463212,2.627498,2.448212,2.589997,2.2177914938239973,2.3797686364152537,2.1957113057224285,1.4098826252705765,0.044865739757301196,0.04459586378757496,-0.0002698759697262309,0,,,31.71125669151266,23.034758757165452,,,,,,,60.38726199441979,,,96.65328057697538,95.10087533892236,,,,,60,100,-40,,,,,,,,,,,,82.95520207225277,23.653083633701613,82.95520207225277,0.1531913120617196
2006-09-11,2.586783,2.677854,2.550712,2.646426,2.2743268871222835,2.433100109132203,2.2133863917725294,1.4221865394469886,0.052180972629833865,0.0649563398175661,0.012775367187732237,0,,,40.52662824164338,31.138503129588916,,,,,,,61.966623023192824,,,98.32679984491179,97.85928100149984,,,,,60,100,-40,,,,,,,,,,,,19.6906198772977,-27.92020429969874,19.6906198772977,0.15404912319289576
2006-09-18,2.635712,2.716426,2.59214,2.60714,2.2827422523278345,2.467908087305762,2.228827709742234,1.4339771211440335,0.05140699473971286,0.07703411061237331,0.02562711587266045,0,,,45.635574707552856,39.29115321356965,,,,,,,60.15763830287375,,,98.36493587903408,98.43246906535506,,,,,60,100,-40,,,,,,,,,,,,56.1105071723345,2.610741936610168,56.1105071723345,0.09720359421382552
2006-09-25,2.636069,2.777854,2.632855,2.749283,2.3938215200187036,2.52418306984461,2.2492377211248917,1.4470647418291676,0.05706463744675074,0.09695791268109888,0.03989327523434814,0,,,51.0615469105316,45.74124995324263,,,,,,,64.24855334542869,64.24855334542869,,98.38022202531485,98.46304135791662,98.38022202531485,,,,60,100,-40,,,,,,,,,,,,21.36314223191004,-36.045756597319,21.36314223191004,0.15464437085125265
2006-10-02,2.682141,2.719997,2.612855,2.650712,2.3948239114459393,2.549488855875688,2.264981810492543,1.4590413314627082,0.05096504538344019,0.10359958196364838,0.05263453658020819,0,,,50.83722568702054,49.17811576836834,,,,,,,59.64753781313916,,,95.61264404792634,96.9550233703197,,,,,60,100,-40,,,,,,,,,,,,-20.702883628437228,-77.67380085235189,-20.702883628437228,0.16153418702848601
2006-10-09,2.635712,2.745712,2.592855,2.679283,2.4006527034855147,2.57544768470055,2.281228915963424,1.471183039607358,0.04581374280212913,0.10990171508286961,0.06408797228074048,0,,,50.197747023692294,50.69883987374816,,,,,,,60.53498197464713,,,93.93480264119347,95.10931817515825,,,,,60,100,-40,,,,,,50.69883987374816,,,,,,-139.6659956959941,-184.4603825155606,-139.6659956959941,0.16311565747135479
2006-10-16,2.685354,2.856783,2.63964,2.855354,2.5097891532365497,2.63142894776044,2.303743625141329,1.4849558849843991,0.05083553611624306,0.1276323924260443,0.07679685630980124,0,,,53.910869311948574,51.64861400755382,,,,,,,65.58753901596275,,,93.01195004361273,93.26361297999678,,93.01195004361273,,,60,100,-40,,,,,,51.64861400755382,,,,,,-161.54490556944972,-196.37667660364048,-161.54490556944972,0.20182573388791394
2006-10-23,2.856783,2.949997,2.848211,2.871783,2.5198809280053673,2.679499758208352,2.3260196790573553,1.4987551597606739,0.05166653419138492,0.14138002404903238,0.08971348985764746,0,,,59.1642452577239,54.42428719778827,,,,,,,66.02719774088878,,,95.4450457520154,94.10266642962203,95.4450457520154,,,,60,100,-40,,,,,,,,,,,,-192.17310455682247,-226.1263717666149,-192.17310455682247,0.18918413294778977
2006-10-30,2.856604,2.91714,2.778211,2.796068,2.5304759331478412,2.7028134065666816,2.344452946545302,1.511663745235692,0.04382908741037464,0.14449984912061575,0.10067076171024111,0,,,58.39315469609479,57.15608975525577,,,,,,,62.068056338487374,,,93.01577052815881,93.89481330948877,,,,,60,100,-40,,,,,,,,,,,,-151.77799463740018,-197.73975871813946,-151.77799463740018,0.19665387384321195
2006-11-06,2.81964,3.02464,2.801068,2.968568,2.6317930093515667,2.7559643252533452,2.3689280466807805,1.5261603049845907,0.04670988530881923,0.15905811834626515,0.11234823303744593,0,,,60.848936364062865,59.468778772627196,,,,,,,66.95809707646214,,,92.91184396809217,93.68696018935549,,,,,60,100,-40,,,,,,,,,,,,-149.6365410669638,-211.78707531484136,-149.6365410669638,0.21060770318398359
2006-11-13,2.97214,3.08214,2.951426,3.066069,2.720696222969312,2.817985260202676,2.3962669075952596,1.5414827795618584,0.05126493289359341,0.17642939915443767,0.12516446626084426,0,,,64.64535435088753,61.295815137015076,,,,,,,69.37554860340788,,,92.13672774682885,92.13672774682885,,92.13672774682885,,,60,100,-40,,,,,,,,,,,,-173.33898814569764,-227.8257888939611,-173.33898814569764,0.24226021179786064
2006-11-20,3.049997,3.324282,3.042854,3.272497,2.933120278471504,2.9088876081621406,2.4306288720032887,1.5587068016557704,0.06346520813967174,0.20449597643543393,0.1410307682957622,0,,,70.78896671353952,65.42775247616332,,,,,,,73.77613945549345,73.77613945549345,,97.37890924894295,94.7578184978859,,,,,60,100,-40,,,,,,,,,,,,-149.0955357555708,-206.40291818596822,-149.0955357555708,0.2782488440952027
2006-11-27,3.303568,3.327104,3.196425,3.261426,2.9171574728663967,2.9793952865297126,2.4632091515325714,1.575649281241285,0.06579287727306399,0.22327186488709216,0.15747898761402818,0,,,73.47422680750074,69.63618262397596,,,,,,,73.16529846207501,,,98.05429966945044,97.06133177143242,98.05429966945044,,,,60,100,-40,,,,,,,,,,,,-131.98725652728524,-187.96602397033766,-131.98725652728524,0.3266905209879746
2006-12-04,3.281425,3.297497,3.103568,3.152139,2.9238704390902255,3.01394402922377,2.4902260083352155,1.5913357461045559,0.055392696951574255,0.226719858803496,0.17132716185192173,0,,,70.60527502534416,71.62282284879483,,,71.62282284879483,,71.62282284879483,,67.213949398535,,,90.13594530239172,94.82978954306297,,,,,60,100,-40,,,,,,71.62282284879483,,105,,106,,-141.62593715868795,-196.51765597573078,-141.62593715868795,0.2407605915716046
2006-12-11,3.174996,3.214283,3.05464,3.132854,2.9210681934409237,3.037726023379016,2.51542710604756,1.6066742361930677,0.04317760802689402,0.22529917188553927,0.18212156385864525,0,,,65.16211108012442,69.74720430432312,,,,,,,66.18479216822897,,,77.1545920205941,84.69963816759427,,,,,60,100,-40,,,,,,,,,,,,-178.60303949347198,-245.33262761650695,-178.60303949347198,0.19070487372263134
2006-12-18,3.129461,3.142854,2.914283,2.935711,2.9233641081951434,3.017323018703213,2.531908827379028,1.6198984825991067,0.019016412142357664,0.20589207903659235,0.18687566689423468,0,,,53.44351802636166,63.070301377276756,,,,,,,56.58905053013598,,,50.66123780441379,64.09353063603548,,,,,60,100,-40,,,,,,,,,,,,-147.0388504946589,-204.36305895896024,-147.0388504946589,0.12991118008967778
2006-12-26,2.933925,3.049997,2.741783,3.029997,2.9156491718954904,3.0198578149625703,2.551441696893576,1.633929313618021,0.007189173361506068,0.19586213359611726,0.1886729602346112,0,,,40.401843528718295,53.00249087840147,,,,,,,59.62218138056012,,,33.63595646392132,43.527600943557154,,,,,60,100,-40,,,,,,,,,,,,-164.84996858653912,-226.29704823914926,-164.84996858653912,0.23091389063625475
2007-01-03,3.081782,3.09214,2.924997,3.037497,2.8971077310458124,3.0233856519700564,2.570502689172259,1.6478951612437125,-0.0018422420071259604,0.18637015772570376,0.18821239973282972,0,,,34.944699365798215,42.9300203069594,,,,,,,59.86384085674094,,,18.81547513036457,24.65105180445167,,18.81547513036457,,,60,100,-40,,,,,,,,,,,,-124.87724702535016,-184.24303946839484,-124.87724702535016,0.21266629707493084
2007-01-08,3.069997,3.492854,3.041068,3.379282,3.006828678828254,3.094564921576045,2.602219524890994,1.665122890982581,0.012689638883720156,0.2040744483374799,0.19138480945375974,0,,,46.88246690316424,40.7430032658936,,,,,,,69.01809453294325,69.01809453294325,,31.64768989045758,25.004897555369524,,,,,60,100,-40,,,,,,40.7430032658936,,,,,,-167.6268384752865,-230.74430501959574,-167.6268384752865,0.22737777292380393
2007-01-16,3.417318,3.485711,3.14714,3.160711,2.968381487483379,3.1077941372608358,2.624121151365857,1.6800043647041474,0.005439219083930219,0.1981838333086725,0.1927446142247423,0,,,50.90392710426986,44.243697791077444,,,,,,,59.60052444478057,,,34.165253763101724,29.900222052006637,34.165253763101724,,,,60,100,-40,,,,,,,,,,,,-129.87650420705256,-194.24534047057833,-129.87650420705256,0.10893567627417874
2007-01-22,3.183568,3.184283,3.035354,3.049283,2.9493642383774232,3.0960919098086688,2.640794165037784,1.693629027741917,-0.008258626934922353,0.18242133055608933,0.1906799574910117,0,,,41.803815409758926,46.530069805731024,,,46.530069805731024,,46.530069805731024,,55.42379755578921,,,33.91607518795574,36.13822951891348,,,,,60,100,-40,,,,,,46.530069805731024,,,,,,-121.71713980577027,-188.01891493047322,-121.71713980577027,0.024644447184150067
2007-01-29,3.08214,3.094639,2.989283,3.026783,2.9587970784933217,3.082230127846935,2.655930982095126,1.7068942413962263,-0.019585530788245042,0.16619804400570537,0.1857835747939504,0,,,30.099684140002868,40.93580888467723,,,,,,,54.58699030311579,,,15.942925780352372,25.502514472974884,,,,,60,100,-40,,,,,,,,,,,,-165.95038711381207,-242.01547585220536,-165.95038711381207,-0.02221492302983808
2007-02-05,3.010711,3.089639,2.959283,2.973926,2.9737808586009415,3.060569302277548,2.6684013749541404,1.7195015225763632,-0.030725272442284846,0.14737698424109436,0.1781022566833792,0,,,18.442070133408592,30.115189894390138,,,,,,,52.5671112473752,,,6.346209657454642,12.692419314909282,,,,,60,100,-40,,,,,,,,,,,,-189.41395309311898,-261.64902569725893,-189.41395309311898,-0.026245639618618196
2007-02-12,3.015354,3.058568,2.986783,3.02964,2.9841229401294456,3.0543834418220386,2.682567595544174,1.7325377263318222,-0.03416496410136621,0.13539605155667145,0.16956101565803766,0,,,10.892174559585946,19.811309610999142,,,,,,,54.49005449719997,,,3.24205801335446,3.2168632786096922,,3.24205801335446,,,60,100,-40,,,,,,,,,,,,-220.42959798527914,-284.98556647957554,-220.42959798527914,-0.04996078195018711
2007-02-20,3.023211,3.243211,3.005711,3.181069,3.0002568729773422,3.079720553457631,2.7021166702287163,1.746950972835983,-0.02641192272141865,0.13654611225626434,0.162958034977683,0,,,17.222115452664887,15.518786715219818,,,,,,,59.34323588593579,,,10.297479648446993,5.965553011248301,,,,,60,100,-40,,,,,,15.518786715219818,,,,,,-265.8060347152284,-332.2609180287436,-265.8060347152284,-0.01871951217192426
2007-02-26,3.208568,3.214283,2.964283,3.050354,2.993401524907532,3.0738472427661048,2.7157730361021,1.7599201571858738,-0.029995493178017335,0.12546366850516133,0.15545916168317866,0,,,14.098980742813582,14.071090251688148,,,,,,,53.961947100155975,,,14.17122389153958,11.559776704206016,,,,,60,100,-40,,,,,,,,,,,,-172.93221022155046,-244.5771147507902,-172.93221022155046,-0.04153194959029261
2007-03-05,3.067497,3.177497,3.062854,3.141783,2.9852501302712797,3.0874343942128837,2.7324793091961355,1.7736700362188502,-0.02625169871466168,0.12264453828985156,0.14889623700451324,0,,,18.49760340777192,16.606233201083462,,,,,,,56.92194759728312,,,20.08469054321813,17.89536461273877,,,,,60,100,-40,,,,,,,,,,,,-124.21726290854131,-179.19945752337384,-124.21726290854131,-0.07974488885799967
2007-03-12,3.145354,3.235711,3.139997,3.19964,2.9952319781090457,3.109875515370307,2.750799336286483,1.7878587920773692,-0.020194163444366864,0.12365353269905466,0.14384769614342152,0,,,28.739074729544622,20.445219626710042,,,,,,,58.74052817252882,,,22.11427263835636,20.821308207320836,,,,,60,100,-40,,,,,,,,,,,,-78.90503328880652,-112.07228342821494,-78.90503328880652,-0.04996218588692278
2007-03-19,3.222854,3.369997,3.19964,3.339997,3.0089906939583995,3.1558998122962456,2.7739051270203463,1.8033029533502312,-0.007692982421055483,0.13423146811710218,0.14192445053815766,0,,,43.56503176081283,30.267236632709793,,,,,,,62.86100014351701,,,35.68842735470308,29.264527063123882,,,,,60,100,-40,,,,,,,,,,,,-121.83139087265988,-150.78641371399408,-121.83139087265988,-0.004062186209589429
2007-03-26,3.356783,3.458211,3.293925,3.318211,3.0111033586756566,3.1883620498369964,2.7952504553724897,1.818376665257194,-0.002138435241700043,0.13925140648603263,0.14138984172773267,0,,,54.071966511377454,42.12535766724497,,,,,,,61.82280842911174,,,45.68666126639472,39.2232218121159,,,,,60,100,-40,,,,,,,,,,,,-108.77113798672173,-130.64342940235875,-108.77113798672173,-0.05614923533894566
2007-04-02,3.362139,3.401068,3.32214,3.381425,3.0160754044845386,3.226974639869597,2.8182376924167056,1.8339293850058787,0.004200293232307889,0.14664020826811752,0.14243991503580963,0,,,59.288159775835936,52.30838601600874,,,,,,,63.70696685330566,63.70696685330566,,57.198760994827225,52.16498758915257,57.198760994827225,,,,60,100,-40,,,,,,,,,,,,-138.99456744368138,-161.4355331473845,-138.99456744368138,-0.07128140320389754
2007-04-09,3.400354,3.403568,3.216422,3.222854,3.0303350898785,3.2261505118956775,2.834104998596443,1.8477495304287057,-0.003465129158881086,0.13810850358720828,0.14157363274608936,0,,,54.931520862145284,56.097215716452894,,,56.097215716452894,,56.097215716452894,,56.17315369595412,,,51.47446476214853,54.33289116136812,,,,,60,100,-40,,,,,,56.097215716452894,,105,,,,-179.177373363012,-206.62907257513274,-179.177373363012,-0.1196878795442239
2007-04-16,3.23464,3.296425,3.199997,3.248925,3.0286777977443218,3.230705409516542,2.8503724496318763,1.861691574902052,-0.007714929085734845,0.13192997138892082,0.13964490047465566,0,,,47.717122920256,53.978934519412405,,,,,,,57.07724346094535,,,47.313334107704804,51.36881024471011,,,,,60,100,-40,,,,,,,,,,,,-203.87239638791894,-230.8783321069268,-203.87239638791894,-0.12207113239638341
2007-04-23,3.27089,3.660711,3.260711,3.568568,3.2272415979054414,3.2982779276132335,2.8785369810188617,1.878675419927902,0.00915156159731595,0.1510843524713006,0.14193279087398464,0,,,60.75637796756726,54.46834058332285,,,,,,,66.30850789579759,,,51.32123838291383,48.629093274864026,,51.32123838291383,,,60,100,-40,,,,,,54.46834058332285,,,,,,-224.98650613557,-240.71863536021286,-224.98650613557,-0.060408515035371854
2007-04-30,3.574639,3.628568,3.519639,3.600354,3.224581483769338,3.3586931420905866,2.9068435307828278,1.8958065500778731,0.019977945318352452,0.1669052225219252,0.14692727720357274,0,,,69.89406742178402,59.45585610320243,,,,,,,67.0714283637216,,,69.61511190477856,59.12536631780506,,,,,60,100,-40,,,,,,,,,,,,-246.80714138364817,-272.4061562038105,-246.80714138364817,-0.044821774937352524
2007-05-07,3.609996,3.897496,3.607496,3.883568,3.5190750920715286,3.4636681136724694,2.9451464511442853,1.9155852709726207,0.04245098388735227,0.19999100706276307,0.1575400231754108,0,,,80.06620609403139,70.23888382779423,,,,,,,72.97779889029928,,,89.0197068304526,78.03941366090523,,,,,60,100,-40,,,,,,,,,,,,-227.38766113207578,-249.2414005303904,-227.38766113207578,0.03958123816732199
2007-05-14,3.914996,3.951425,3.693568,3.929282,3.548375442637848,3.5567908909379757,2.9837400020798035,1.9356220543460274,0.055792396729207744,0.22728051908692048,0.17148812235771274,0,,,84.3486739569754,78.10298249093027,,,,,,,73.79957359240714,,,96.684142915292,93.36828583058401,,,,,60,100,-40,,,,,,,,,,,,-192.4080863807893,-218.47023679759212,-192.4080863807893,0.03199642399487708
2007-05-21,3.939639,4.107139,3.930353,4.057853,3.667317339592287,3.6570033127503807,3.025862080429615,1.9567387801734302,0.0678714825806212,0.25632747558348923,0.18845599300286803,0,,,88.26386662265337,84.22624889122005,,,,,,,76.02140771895051,,,100,100,,,,,60,100,-40,,,,,,,,,,,,-148.3338888570094,-176.93019374348444,-148.3338888570094,0.03909979445718451
2007-05-29,4.087496,4.36321,4.024639,4.228567,3.840518601049981,3.7713160502003045,3.073026979236297,1.9793440360921024,0.08106093565816627,0.2897821625755759,0.2087212269174096,0,,,91.0759521886573,87.89616425609535,,,,,,,78.62834001648241,,,100,100,,,,,60,100,-40,,,,,,,,,,,,-233.18227270118953,-268.39743124466906,-233.18227270118953,-0.010999672028948129
2007-06-04,4.236781,4.557495,4.21071,4.446067,4.037369058117839,3.9062662401602437,3.1268716859329126,2.0038885431956635,0.09705595142686707,0.33004116620099344,0.23298521477412637,0,,,93.1400923755261,90.8266370622789,,,,,,,81.41688030060588,81.41688030060588,,100,100,,,,,60,100,-40,,,,,,,,,,,,-168.967314028246,-192.32517101836555,-168.967314028246,0.09897024143810768
2007-06-11,4.499996,4.505352,4.121424,4.303567,4.017021053966565,3.985726392128195,3.1730166002100533,2.026770915900184,0.0907753852604361,0.3464544463496715,0.2556790610892354,0,,,89.31674749485849,91.17759735301395,,,91.17759735301395,,91.17759735301395,,74.51597941151708,,,94.79094489235312,97.39547244617656,,,,,60,100,-40,,,,,,91.17759735301395,,105,,,,-220.06416602311037,-238.2660490150264,-220.06416602311037,0.15087482970830815
2007-06-18,4.402853,4.470709,4.311424,4.392853,3.9928203358260967,4.067151713702556,3.220853321770443,2.0503140212146103,0.08544729910404725,0.36248818496929447,0.2770408858652472,0,,,85.91982291686926,89.45888759575128,,,,,,,75.9024022155753,,,89.45826990447023,92.77573928686753,,,,,60,100,-40,,,,,,,,,,,,-188.23431765527215,-205.85404010320346,-188.23431765527215,0.16438148661958668
2007-06-25,4.435353,4.467496,4.239996,4.358567,4.001317668981375,4.125434770962045,3.265469544446112,2.0732817125458083,0.072914688013766,0.3681842458824547,0.2952695578686887,0,,,80.54127073092351,85.25928038088374,,,,,,,74.22259500893912,,,81.81496796937981,85.48928844984056,,81.81496796937981,,,60,100,-40,,,,,,,,,,,,-214.9189871724954,-226.60785099353006,-214.9189871724954,0.20472663786318016
2007-07-02,4.32321,4.762138,4.26071,4.724995,4.279513478339848,4.2453468167696355,3.3227058368207745,2.0996669193861486,0.08192984446819596,0.39768186345393364,0.3157520189857377,0,,,79.79167248660734,82.08425537813336,,,,,,,79.48042190532574,,,83.82955158265244,82.98513779407422,,,,,60,100,-40,,,,,,,,,,,,-253.11553495931446,-265.406423540161,-253.11553495931446,0.24116097276372303
2007-07-09,4.727852,4.92321,4.600353,4.918924,4.433630015601287,4.3800622534157085,3.3853026275336853,2.127719228645988,0.0927829168927129,0.43173066510162883,0.33894774820891593,0,,,81.2457106615361,80.52621795968896,,,,,,,81.62884477922331,,,87.61549026848326,84.51139834927905,,,,,60,100,-40,,,,,,80.52621795968896,,,,,,-297.09452860307545,-313.514346532859,-297.09452860307545,0.27400187912812063
2007-07-16,4.942495,5.14928,4.858566,5.133923,4.637170443058339,4.530834402732567,3.4538759754735406,2.157631703982844,0.10535219059157147,0.4706379864483803,0.3652857958568088,0,,,83.27891708247272,81.4387667435387,,,,,,,83.68095997545645,,,95.04541474038061,91.37109425991984,,,,,60,100,-40,,,,,,,,,,,,-151.2591597661526,-184.6935562541574,-151.2591597661526,0.3425377414972416
2007-07-23,5.118209,5.318566,4.791066,5.137495,4.634694197125601,4.652166522186054,3.5199002509451667,2.187282085037741,0.10460534774291702,0.4960424805354551,0.39143713279253806,0,,,82.31996060587416,82.28152944996097,,,82.28152944996097,,82.28152944996097,,83.71370344717549,83.71370344717549,,98.2398862347548,96.47977246950961,98.2398862347548,,,,60,100,-40,,,,,,,,,,106,,25.333414736784263,-30.203818753401492,25.333414736784263,0.33863889788845375
2007-07-30,5.154638,5.194638,4.56321,4.70892,4.595251397330915,4.663517217748843,3.566528476398297,2.2123730095647285,0.06773434304174908,0.47610506159472443,0.40837071855297535,0,,,74.67207842367617,80.09031870400766,,,,,,,66.3972895373987,,,80.12775144400595,89.74380952721332,,,,,60,100,-40,,,,,,80.09031870400766,,105,,,,225.27279387555075,144.378693747217,225.27279387555075,0.28138446068297474
2007-08-06,4.746423,4.901424,4.296424,4.464281,4.543779083235849,4.623669974199074,3.601734457716011,2.2347800542456766,0.021738238068545468,0.43554351613865716,0.4138052780701117,0,,,60.98261645067475,72.65821849340834,,,,,,,58.867267529754045,,,53.20418891177658,69.23001779608794,,,,,60,100,-40,,,,,,,,,,,,297.95046771635975,209.03711306590475,297.95046771635975,0.22794708940172062
2007-08-13,4.582853,4.619639,3.986425,4.359281,4.499758791576146,4.570792179359259,3.6314421652565594,2.2559193671387545,-0.018704222228863088,0.3904250002840328,0.4091292225128959,0,,,43.38593408912214,59.680209654490994,,,,,,,55.91858652534532,,,20.511693360798574,37.17836002746524,,,,,60,100,-40,,,,,,,,,,,,281.9594735861125,185.5758197811948,281.9594735861125,0.26604443918849163
2007-08-20,4.427139,4.834638,4.303567,4.832138,4.454852235034993,4.623061343487407,3.678528276422969,2.28155338338613,-0.016625590572054483,0.3883472342978278,0.4049728248698823,0,,,39.77857559058355,48.049042043460126,,,,,,,64.57545509448907,,,13.941842030575813,17.226767695687197,,13.941842030575813,,,60,100,-40,,,,,,,,,,,,247.05775111591024,169.10748891188666,247.05775111591024,0.2988311179479458
2007-08-27,4.763949,4.987495,4.522495,4.945709,4.427745146818207,4.687590874789926,3.7282216381318722,2.308062394496716,-0.010895427633478338,0.3913535403280344,0.4022489679615127,0,,,41.731958723104995,41.6321561342702,,,,,,,66.29758560084468,66.29758560084468,,18.001510080176857,12.626240804987518,,,,,60,100,-40,,,,,,41.6321561342702,,,,,,203.0472509130175,133.81521820063455,203.0472509130175,0.36120535183013613
2007-09-04,4.997852,5.208566,4.642853,4.706067,4.4120129934740495,4.691286099831941,3.766568515067877,2.331923136840032,-0.025693335845826115,0.3701322981542301,0.3958256340000562,0,,,43.3353761308995,41.61530348152932,,,,,,,59.66697679711551,,,24.108429813856894,20.562638837136106,,,,,60,100,-40,,,,,,,,,,,,214.3113871106507,141.30336034597372,214.3113871106507,0.2930413441597793
2007-09-10,4.892674,4.978566,4.776781,4.957495,4.383016993940189,4.744527879865553,3.81327151447698,2.3580482300058025,-0.021184610079312383,0.36934487140091576,0.39052948148022815,0,,,45.27288080417661,43.446738552727005,,,,,,,63.78387803651989,,,26.047028065864367,25.781264069418157,,,,,60,100,-40,,,,,,,,,,,,218.98204399962333,150.15729482852393,218.98204399962333,0.30300827640737255
2007-09-17,4.963924,5.166066,4.914281,5.148209,4.408693851515889,4.825264103892442,3.8656220041053335,2.385811023737088,-0.00863755665094823,0.37973253566654286,0.3883700923174911,0,,,50.848813205808995,46.48569004696167,,,,,,,66.58648905398681,,,26.51201388566085,26.747760156052493,,,,,60,100,-40,,,,,,,,,,,,124.62167236332817,53.765059405155995,124.62167236332817,0.32374578970433676
2007-09-24,5.240352,5.535709,5.237494,5.481066,4.758404076407612,4.9564244831139534,3.928972749042379,2.4166095807148285,0.017380948480679947,0.410096277918341,0.3927153294376611,0,,,60.95168686510567,52.35779362503039,,,,,,,70.85145003071091,,,35.2641334925864,30.77933166568815,,,,,60,100,-40,,,,,,,,,,,,81.96318647908666,14.898684967854905,81.96318647908666,0.313595355855018
2007-10-01,5.522494,5.770709,5.46178,5.766062,5.039661642378497,5.118351986491163,4.0010154647662075,2.4499374654838353,0.04738517361661465,0.4519467964584294,0.40456162284181474,0,,,69.16997919038819,60.32349308710092,,,,,,,73.93717753768283,,,45.556167793222784,39.28438463029986,,,,,60,100,-40,,,,,,,,,,,,-36.575574698929074,-107.81016684448232,-36.575574698929074,0.31808372003345986
2007-10-08,5.838923,6.138565,5.471781,5.97334,5.25469266792289,5.2893495891929305,4.078361524971454,2.484996197170563,0.07324691818147572,0.49612027056865937,0.42287335238718365,0,,,74.55650023932189,68.22605543160522,,,,,,,75.94370841493395,,,57.20084054346785,51.49464184064152,,,,,60,100,-40,,,,,,,,,,,,-40.834561117305554,-111.84468196366737,-40.834561117305554,0.3230442674191127
2007-10-15,5.99928,6.236779,5.83928,6.086422,5.3238517630712545,5.448764071354344,4.157108994580416,2.5208312797857815,0.0889782075891431,0.5340961118736125,0.4451179042844694,0,,,77.92961431640134,73.8853645820371,,,,,,,76.99067001172554,,,65.89255819147857,61.63002664634926,,,,,60,100,-40,,,,,,,,,,,,56.58990454038637,-9.691103424818763,56.58990454038637,0.3238141599555028
2007-10-22,6.083923,6.735708,6.069998,6.596422,5.83153549428045,5.678295657083475,4.252768328126282,2.5613844212804504,0.12266284393198168,0.5984464591994465,0.4757836152674648,0,,,82.3317967021611,78.2726370859614,,,,,,,81.02539254689444,,,74.56266022142222,70.54686235643662,,,,,60,100,-40,,,,,,,,,,,,37.209921896679816,-19.74726643848811,37.209921896679816,0.3373599365087544
2007-10-29,6.623208,6.789993,6.428565,6.709636,5.904282816117561,5.88456372566678,4.3491160799644675,2.6026605563920877,0.14023295703232352,0.6510748115578693,0.5108418545255458,0,,,83.91317388795972,81.39152830217402,,,81.39152830217402,,81.39152830217402,,81.79317127106886,81.79317127106886,,83.55516769499081,78.96097080324932,83.55516769499081,,,,60,100,-40,,,,,,,,,,106,,166.80811791546532,90.20678200487332,166.80811791546532,0.3714387970553264
2007-11-05,6.617493,6.881421,5.900352,5.906066,5.910175472109164,5.888864180533424,4.410172939573704,2.635530262298634,0.0879551124118072,0.6207857450403047,0.5328306326284975,0,,,77.27352725217176,81.17283261409749,,,,,,,62.3834824008076,,,76.11470024394218,79.73930579025613,,,,,60,100,-40,,,,,,81.17283261409749,,105,,,,319.2066419308352,228.35100345853263,319.2066419308352,0.30627080404796236
2007-11-12,5.902851,6.34178,5.379637,5.942494,5.827127081244224,5.899590144426739,4.470263961551206,2.6684353741165583,0.048044654550547405,0.5928864508166818,0.5448417962661344,0,,,65.22132683749075,75.46934265920738,,,,,,,62.816815465539776,,,61.821064153905866,71.07039689804307,,,,,60,100,-40,,,,,,,,,,,,403.89634339795606,296.8326391933449,403.89634339795606,0.3092389775604581
2007-11-19,5.932137,6.155351,5.78928,6.126422,5.752714432583922,5.944956515541391,4.535211335608022,2.7028432012397765,0.02728160919083633,0.5789438077546798,0.5516621985638435,0,,,58.042894772634874,66.84591628743243,,,,,,,65.0208916513611,,,39.92822595945891,51.229569506578684,,,,,60,100,-40,,,,,,,,,,,,432.2788264165095,328.31761388546397,432.2788264165095,0.3083166471673081
2007-11-26,6.199637,6.703565,6.071779,6.507851,5.768770115970785,6.057535412433113,4.612569753819471,2.7407039753567934,0.0321500963029383,0.5918498189425163,0.559699722639578,0,,,60.147242876916955,61.13715482901416,,,,,,,69.13164545397913,,,36.66711455254196,38.63321073179794,,36.66711455254196,,,60,100,-40,,,,,,,,,,,,384.5917670680533,288.62350226992504,384.5917670680533,0.2838716754805818
2007-12-03,6.494994,6.963922,6.321065,6.939279,5.975362679115729,6.233884129946491,4.703813253669688,2.7824808412736415,0.05594626006431058,0.6296325477199662,0.5736862876556557,0,,,65.0569050929532,61.082347580835005,,,,,,,73.01722707091568,73.01722707091568,,41.12408971729597,36.39402005505428,,,,,60,100,-40,,,,,,61.082347580835005,,,,,,342.84780941931626,235.23741094812044,342.84780941931626,0.2866992011970958
2007-12-10,6.913922,7.029636,6.634279,6.799636,5.952377130607463,6.347034503957192,4.786002380976759,2.8224525343952966,0.05378656069627785,0.640919488526003,0.5871329278297251,0,,,67.31643763748107,64.17352853578375,,,,,,,69.93060953941183,,,46.6547439174111,43.46616639691147,,,,,60,100,-40,,,,,,,,,,,,398.69366225216794,296.1033362302804,398.69366225216794,0.2653493689523967
2007-12-17,6.811422,6.92544,6.378565,6.92535,5.966390549849787,6.462697603165754,4.8698983660364945,2.8632773847993236,0.05228331754290516,0.6524870747583567,0.6002037572154515,0,,,65.63498874548576,66.00277715864,,,,,,,71.12120212771501,,,49.18891257490996,48.51882649181709,49.18891257490996,,,,60,100,-40,,,,,,66.00277715864,,105,,,,348.0220872972282,245.90272964295673,348.0220872972282,0.34597502170045047
2007-12-24,6.96535,7.248565,6.956778,7.136779,6.155257582003373,6.597513882532604,4.9587956457997695,2.9057997889306737,0.05662129771492508,0.6709803793591078,0.6143590816441827,0,,,68.69072856248978,67.21405164848552,,,67.21405164848552,,67.21405164848552,,73.0643632532472,73.0643632532472,,48.33262393179892,49.09189198987786,,,,,60,100,-40,,,,,,67.21405164848552,,,,106,,374.74534415227765,253.01132425332824,374.74534415227765,0.38317277641767594
2007-12-31,7.124993,7.160707,6.388922,6.430351,6.179192683288846,6.5640813060260825,5.016503698905661,2.940869950234846,0.005688498565718847,0.6214697048513314,0.6157812062856125,0,,,60.864237557046856,65.0633182883408,,,,,,,58.75447857039823,,,39.03586540824921,43.87602133705531,,,,,60,100,-40,,,,,,65.0633182883408,,105,,,,612.0643724882271,483.372901661814,612.0643724882271,0.34509387041680756
2008-01-07,6.473208,6.557137,6.010708,6.167494,6.137336705911071,6.484763844820866,5.06164057345838,2.9729756621728076,-0.048922273076870026,0.5546283649395249,0.603550638016395,0,,,44.3211763995738,57.95871417303681,,,,,,,54.455309639048124,,,26.139515264038884,33.51202397031022,,,,,60,100,-40,,,,,,,,,,,,692.5981229449131,556.396010450575,692.5981229449131,0.2545708576521578
2008-01-14,6.339994,6.407851,5.596423,5.762851,6.130664155488852,6.340381275856693,5.089139021558052,3.0007356157830283,-0.11191248726036729,0.46366002894093583,0.5755725162013031,0,,,25.046108228443785,43.410507395021476,,,,,,,48.532949529250466,,,8.827119339535118,17.654238679070225,,,,,60,100,-40,,,,,,,,,,,,935.7621005912926,783.4149176413796,935.7621005912926,0.15517067003439194
2008-01-22,5.287852,5.713566,4.504995,4.643209,6.086611215811077,6.000946820685354,5.0716515697322455,3.017078634531456,-0.22222721719376526,0.2977884947090965,0.5200157119028618,0,,,-0.8924996056250833,22.824928340797502,,,,,,,36.60088855597037,,,3.127834426294599,6.255668852589191,,,,,60,100,-40,,,,,,,,,,,,818.3508095746938,682.794023524765,818.3508095746938,0.13542499077498446
2008-01-28,4.577138,4.880352,4.516067,4.776781,5.981929486110285,5.756113656548283,5.06008801797804,3.034588110804775,-0.2759374658179012,0.17509387963048528,0.45103134544838647,0,,,-18.238571352753375,1.9716790900217778,,,,,,,38.55331895922043,,,1.1841707935094914,0.5920853967547537,,1.1841707935094914,,,60,100,-40,,,,,,,,,,,,708.650662379295,582.286019247535,708.650662379295,0.12397272170394026
2008-02-04,4.79321,4.853566,4.18821,4.481424,6.012378022816693,5.501175725238626,5.037395311390665,3.0489844878116927,-0.31809787160620623,0.053409005940628695,0.3715068775468349,0,,,-30.30018432761708,-16.477085095331844,,,,,,,35.904596882238195,,,1.4802134918868615,1.1841707935094936,,,,,60,100,-40,,,,,,,,,,,,644.3505419466959,538.2340157479831,644.3505419466959,0.07878290169014701
2008-02-11,4.571781,4.678567,4.414996,4.451067,5.99764152118693,5.291153980190901,5.014402044277306,3.062935557584711,-0.33317225121880695,-0.04495843647667375,0.2882138147421332,0,,,-37.10374087170109,-28.547498850690516,,,,,,,35.6320201666033,,,1.7762561902642315,1.776256190264234,,,,,60,100,-40,,,,,,,,,,,,619.9231706836604,511.282376521077,619.9231706836604,0.020466825384698423
2008-02-19,4.499639,4.526781,4.13821,4.266425,6.041355483959292,5.086208184152721,4.985069611168392,3.074910576912226,-0.33956615178724336,-0.13624387499192103,0.20332227679532233,0,,,-42.56057301057647,-36.65483273663155,,,,,,,33.93450386143489,,,0.5920853967547504,1.1841707935094936,,0.5920853967547504,,,60,100,-40,,,,,,,,,,,,639.0280487411767,529.2310353354267,639.0280487411767,-0.02552222350308404
2008-02-25,4.235353,4.721424,4.122853,4.464996,6.0640898779622,4.961965747322177,4.9646745675931605,3.088742272664343,-0.3149544190747517,-0.1903707470481173,0.1245836720266344,0,,,-44.00913194538509,-41.22448194255421,,,,,,,37.4085528276441,,,2.6512257018488685,1.7696768984904974,,,,,60,100,-40,,,,,,,,,,,,655.5684035155082,549.3708470926218,655.5684035155082,-0.03892758415216628
2008-03-03,4.444281,4.553567,4.214282,4.366067,6.055200386679186,4.842785997857741,4.941199761020879,3.1014519714438022,-0.2904670539544147,-0.23850014541638398,0.05196690853803072,0,,,-44.76751563351261,-43.77907352982472,,,,,,,36.37615304241193,,,4.582771906049947,3.1745795793267853,,,,,60,100,-40,,,,,,,,,,,,814.5559665126884,694.9397839848723,814.5559665126884,-0.05571064550758755
2008-03-10,4.356424,4.653567,4.26321,4.521781,6.083986716202101,4.778584998286193,4.924751966471041,3.1155845985936153,-0.25042855363557237,-0.2610687835064347,-0.010640229870862355,0,,,-43.247269233115205,-44.00797227067096,,,,,,-44.00797227067096,39.235664865008644,,,9.072847243890042,6.917358306440107,,,,,60,100,-40,,,,,,-44.00797227067096,,,,,,814.6366998740177,697.6780050785319,814.6366998740177,-0.07195021928499737
2008-03-17,4.376781,4.796066,4.376781,4.759638,5.396992879330522,4.7747955986289545,4.918276908962373,3.1319433389061166,-0.19692883570786107,-0.2568012745056887,-0.05987243879782762,0,,,-39.052480479469125,-42.35575511536564,,,,,,,43.44211292125901,,,14.060192305577065,11.334921256316804,,,,,60,100,-40,,,,,,,,,,,,805.6118453514691,693.5547314278897,805.6118453514691,-0.06196537687811376
2008-03-24,4.786066,5.204995,4.772852,5.107495,5.148049316521199,4.841335478903163,4.925697226257966,3.151600569364762,-0.1303276473167665,-0.22278199794378573,-0.09245435062701925,0,,,-28.26042070144196,-36.853390138008756,,,,,,,49.032095736398475,,,23.460238763229416,18.733569265659032,,,,,60,100,-40,,,,,,,,,,,,707.3187825602929,613.8175075319098,707.3187825602929,0.012612888214030697
2008-03-31,5.116781,5.52553,5.089995,5.467137,4.752601365341114,4.9664957831225305,4.946930158561575,3.17464073285367,-0.05795692116669268,-0.1649005020853851,-0.10694358091869241,0,,,-13.948033248590079,-27.086978143167045,,,,,,,54.11192271881854,,,39.9826275163478,31.234406662083178,,,,,60,100,-40,,,,,,,,,,,,605.0790039129669,518.5779607079261,605.0790039129669,0.03168964770331409
2008-04-07,5.576066,5.703209,5.228566,5.254995,4.466828767816748,5.024195626498025,4.959011132735631,3.1953407753128373,-0.022121577117054578,-0.13459555231501064,-0.11247397519795606,0,,,-2.9069845652083153,-15.03847950508011,,,,,,,50.871897137676996,,,56.4460560197661,47.4524671677361,,,,,60,100,-40,,,,,,,,,,,,571.428275928791,488.8365133064849,571.428275928791,-0.04061992108243927
2008-04-14,5.24178,5.794994,5.162137,5.751422,4.754758212972695,5.16964090119842,4.990086068706782,3.220774419339575,0.03420518707242573,-0.06971749135742389,-0.10392267842984962,0,,,7.926317236111766,-2.9762335258955357,,,,,,,57.346342785812,,,75.63731125480214,66.3612789380032,,,,,60,100,-40,,,,,,,,,,,,471.16858939628355,389.9571472507604,471.16858939628355,-0.030519031314485388
2008-04-21,5.793209,6.110709,5.646066,6.06178,5.045898340617502,5.348068720958736,5.032113281698673,3.2490431315849526,0.08847038493717936,0.006665302741624579,-0.08180508219555478,0,,,20.64540705662045,8.554913242507972,,,,,,,60.84151170647362,,,86.70240797160281,80.9394510966507,,,,,60,100,-40,,,,,,,,,,,,426.41066405150474,343.6013022960767,426.41066405150474,-0.021087612814244337
2008-04-28,6.062494,6.497136,6.040351,6.462136,5.4524397448591095,5.570882176766989,5.088192603985,3.2810142049025153,0.1441405818329843,0.09837064509567561,-0.045769936737308704,0,,,33.06810192613537,20.54660873962253,,,,,,,64.86495523362677,,,96.22978473635933,92.45956947271867,,,,,60,100,-40,,,,,,,,,,,,353.42690695123116,273.8556109695173,353.42690695123116,0.02025694906062523
2008-05-05,6.497136,6.721422,6.44785,6.551779,5.548948905940602,5.767061541413591,5.145588148926765,3.3135591282368186,0.17761557786976329,0.17624953559989542,-0.001366042269867876,0,,,42.42289077364664,32.045466585467494,,,,,,,65.71933965024435,,,98.74422747442583,97.48845494885164,,,,,60,100,-40,,,,,,,,,,,,380.0765602328255,296.790954429605,380.0765602328255,-0.031011973179423696
2008-05-12,6.614637,6.865708,6.530351,6.700711,5.7304299126591305,5.953791433130873,5.206573358772775,3.347262131935955,0.19880310103372759,0.2471378340222916,0.04833473298856402,0,,,48.407773524101664,41.29958874129456,,,,,,,67.15678777174716,67.15678777174716,,100,100,100,,,,60,100,-40,,,,,,,,,,,,322.78991291776634,245.5562354424041,322.78991291776634,-0.035391320769337785
2008-05-19,6.709279,6.738922,6.142851,6.470351,5.751827561754907,6.057103346504698,5.256133266271881,3.37833764306097,0.18651974744822344,0.2814844172988433,0.09496466985061988,0,,,48.29997611868926,46.37688013881253,,,,,,,62.7479540027281,,,97.59022458530139,98.7951122926507,,,,,60,100,-40,,,,,,,,,,,,349.55538329635425,266.3641926346943,349.55538329635425,-0.0010953504423663058
2008-05-27,6.526779,6.769279,6.494279,6.741065,5.774805950200985,6.193895677203758,5.314365883280827,3.411797616761856,0.18545366629329402,0.3267817527172374,0.1413280864239434,0,,,49.95564665651351,48.88779876643482,,,,,,,65.6213066364061,,,96.13962097001047,97.16614470449326,,,,,60,100,-40,,,,,,,,,,,,300.54531360610804,222.47979397384074,300.54531360610804,0.04919099238915012
2008-06-02,6.735708,6.783922,6.511972,6.629993,5.801120453758058,6.2811151417630064,5.3659591035443235,3.4438194613711905,0.16668686290173357,0.34968666505111035,0.18299980214937678,0,,,49.65470544605322,49.30344274041867,,,49.30344274041867,,49.30344274041867,,63.44610391344431,,,93.16449385577562,94.45685545625774,,,,,60,100,-40,,,,,,,,,,,,295.9007111322702,227.48346779677877,295.9007111322702,0.09699371005938726
2008-06-09,6.599636,6.670708,5.903923,6.156065,5.829409349918197,6.256105113410405,5.3969436485033695,3.470806979168492,0.11427284127662535,0.3258408537451585,0.21156801246853313,0,,,41.934436172338394,47.18159609163504,,,,,,,55.01632266133174,,,86.23547755076764,89.86404614808912,,,,,60,100,-40,,,,,,47.18159609163504,,,,,,322.1005818354938,245.21374637918262,322.1005818354938,0.14671724410048417
2008-06-16,6.117851,6.512136,6.038209,6.259637,5.784986896352611,6.2568114907283245,5.430774760326766,3.4985565316145766,0.08011127467573292,0.31170710581319927,0.23159583113746635,0,,,36.014431171192356,42.53452426319466,,,,,,,56.38817604343063,,,75.83302233582165,81.53627147009574,,,,,60,100,-40,,,,,,,,,,,,408.0822942290404,319.720337946604,408.0822942290404,0.12053235408567563
2008-06-23,6.240708,6.386779,5.862494,6.074637,5.785574332327425,6.220376592582659,5.456024259921795,3.5241891730910484,0.04058221836271411,0.282323604090859,0.24174138572814488,0,,,26.629224372436788,34.85936390532251,,,,,,,53.24599528876988,,,57.98990636230628,67.17912371990157,,,,,60,100,-40,,,,,,,,,,,,575.7036952783058,454.3166401381305,575.7036952783058,0.12550265598003768
2008-06-30,6.078208,6.337494,5.857137,6.075708,5.778925808589752,6.191442874066127,5.480325583062117,3.5495774201249684,0.011543223373915501,0.25617041494553927,0.24462719157162377,0,,,18.444602358979193,27.029419300869446,,,,,,,53.26232919399692,,,42.699055596610236,51.08214334986976,,,,,60,100,-40,,,,,,,,,,,,750.1212052277046,622.6227055675613,750.1212052277046,0.16427288173646287
2008-07-07,6.18428,6.461065,6.107137,6.163565,5.7790276079761975,6.185867299252902,5.507119285687132,3.5755872467903917,-0.0038863618700865354,0.2397692392340156,0.24365560110410214,0,,,17.37503062018883,20.81628578386827,,,,,,,54.669700865805474,,,29.566642803783687,35.56248561390727,,,,,60,100,-40,,,,,,,,,,,,890.0991679135766,749.4185772825501,890.0991679135766,0.14934013666321005
2008-07-14,6.401423,6.403565,5.892851,5.898208,5.792693564549326,6.1283354394023215,5.5224560980131265,3.598697901051184,-0.03250942289231998,0.20301882248870218,0.23552824538102216,0,,,8.89551593318567,14.90504963745123,,,,,,,49.766341328068144,,,19.519471864433505,24.231427891469462,,,,,60,100,-40,,,,,,,,,,,,760.0811373838354,642.2515632311774,760.0811373838354,0.09870027107931564
2008-07-21,5.960708,6.013208,5.233209,5.789994,5.787475238510089,6.060667151521857,5.532947780443984,3.6205018423342565,-0.05779883608004649,0.16327970028096406,0.22107853636101055,0,,,-9.585446153163389,5.561700133403703,,,,,,,47.86954227424866,,,12.288912698056109,15.739035306792472,,,,,60,100,-40,,,,,,,,,,,,652.7936578595018,546.3876426436906,652.7936578595018,0.1349848035511065
2008-07-28,5.797851,5.802494,5.487494,5.594994,5.744160364330797,5.9675325212174855,5.535380965524612,3.640148530470234,-0.08507981509367074,0.11472876749392213,0.19980858258759288,0,,,-22.121111714502156,-7.603680644826626,,,,,,,44.55449018977535,,,3.9410509877862236,7.882101975572439,,3.9410509877862236,,,60,100,-40,,,,,,,,,,,,599.5584473395922,491.58988943574684,599.5584473395922,0.1064834296810379
2008-08-04,5.592848,6.058922,5.461066,6.055351,5.770367838307168,5.9850962169739885,5.555771947268745,3.6641803958386894,-0.07016168816932375,0.11210647237593818,0.18226816054526193,0,,,-23.311749455112544,-18.339435774259364,,,,,,,52.897084367180916,,,9.94735554257247,7.183375293616177,,,,,60,100,-40,,,,,,,,,,,,500.5478205505756,395.84627317470193,500.5478205505756,0.10680400660714769
2008-08-11,6.073923,6.444636,6.059637,6.276423,5.7542953498566565,6.043361573579191,5.584032772866049,3.6901728595616876,-0.04468670904702482,0.12640977423648092,0.17109648328350574,0,,,-9.215909178035862,-18.21625678255019,,,,,,,56.316509980705774,,,22.40992890601289,14.382798400888637,,,,,60,100,-40,,,,,,-18.21625678255019,,,,,,384.08458045047087,295.6924053247562,384.08458045047087,0.08286052679445458
2008-08-18,6.270351,6.350351,6.136065,6.313922,5.6580947534383235,6.097473658863353,5.612655879812478,3.7162798161829644,-0.025543689939150266,0.13916687085956791,0.16471056079871818,0,,,1.1216773388811418,-10.468660431422423,,,,,,,56.89157320676011,,,40.58040159617504,31.077299598753996,,,,,60,100,-40,,,,,,,,,,,,358.7964749140217,274.65742253843683,358.7964749140217,0.06508293267892998
2008-08-25,6.291065,6.294637,6.03714,6.054637,5.380832771049872,6.088906327090682,5.629988472761008,3.7395470518428353,-0.03025477169397431,0.1268920961812503,0.1571468678752246,0,,,3.462254577751819,-1.5439924204676345,,,,,,,51.785080279466335,,,46.04046757041553,43.15037453639107,46.04046757041553,,,,60,100,-40,,,,,,,,,,,,317.19711583874493,231.0833457132665,317.19711583874493,0.09711878259673956
2008-09-02,6.157136,6.196422,5.630351,5.720708,5.407941715974881,6.015266661672546,5.633546101280184,3.7592600961031057,-0.05436482800193157,0.08919083287281016,0.14355566087474173,0,,,-7.191899630032728,-0.8693225711332556,,,,,,,46.02171152822214,,,38.6271131599882,44.067072629503116,,,,,60,100,-40,,,,,,-0.8693225711332556,,,,,,364.9794584135185,270.88637376539987,364.9794584135185,0.03141122197440325
2008-09-08,5.877494,5.888923,5.214281,5.31928,5.391787307690961,5.876069329338036,5.621221940445667,3.7747826822115327,-0.09355361679769844,0.026613639877618667,0.12016725667531711,0,,,-25.198377033341636,-9.642674028540847,,,,,,,40.19575107046187,,,22.713425387828444,31.88614126764254,,,,,60,100,-40,,,,,,,,,,,,384.98319324742425,276.17976035350904,384.98319324742425,-0.07463629928483717
2008-09-15,5.072495,5.274638,4.309995,5.032495,5.361276642855892,5.707354463470429,5.598134609447798,3.7872972326372887,-0.1326096458784727,-0.04559480067277377,0.08701484520569894,0,,,-45.209056049883216,-25.86644423775253,,,,,,,36.60898290273444,,,9.10952167017572,16.236726634709765,,,,,60,100,-40,,,,,,,,,,,,559.5317035660743,105.96525847105283,559.5317035660743,-0.0830720880983
2008-09-22,4.997852,5.008924,4.392853,4.579996,5.285139168366186,5.481882770776343,5.558207605155728,3.7951847825612957,-0.17980831829518124,-0.1377455526632776,0.04206276563190363,0,,,-57.14305393370775,-42.5168290056442,,,,,,,31.764102650079153,,,2.5871710356093356,5.174342071218672,,,,,60,100,-40,,,,,,,,,,,,584.1623029176972,185.78975693086142,584.1623029176972,-0.0941991431823782
2008-09-29,4.272139,4.274281,3.380353,3.466783,5.2672462277686005,5.078862816621074,5.47619095397315,3.791917103132825,-0.27139181380819183,-0.29717700162833616,-0.02578518782014433,0,,,-70.91081442764535,-57.754308137078766,,,,,,,23.481822212443944,,,0.33038611760694425,0.6607722352138897,,,,,60,100,-40,,,,,,,,,,,,809.7691569326615,417.46434657979563,809.7691569326615,-0.17457209236273966
2008-10-06,3.284283,3.624996,3.035711,3.457139,5.1706312114994155,4.754518053296859,5.3970124459742035,3.7885859777285185,-0.3149481461095227,-0.4194703704570477,-0.104522224347525,0,,,-78.03415621293797,-68.69600819143035,,,,,,,23.424499767658205,,23.424499767658205,-1.6776703483224587e-15,-2.171102803711417e-15,,,,,60,100,-40,,,,,,,,,,,,1877.0838556721776,1318.834465383469,1877.0838556721776,-0.1253068094667135
2008-10-13,3.733925,4.157138,3.067318,3.478568,5.168111267820885,4.4993280426374875,5.321779330445803,3.7855012217312196,-0.3234178512376301,-0.5087945383945627,-0.18537668715693256,0,,,-77.96081333137758,-75.63526132398697,,,,,,,23.871847263071885,,,0.395366189231434,0.1976830946157164,,,,,60,100,-40,,,,,,,,,,,,1640.3413364590542,1146.3191080410202,1640.3413364590542,-0.1614137215102524
2008-10-20,3.563568,3.616068,3.218211,3.442139,5.094266320119393,4.28789023410999,5.248067944938125,3.782084682211506,-0.31240716994563256,-0.5758856495889733,-0.2634784796433407,0,,,-76.75854127712647,-77.58450360714734,,,,-77.58450360714734,,-77.58450360714734,23.61774933272025,,,0.6823713304093773,0.4894479861664762,,,,,60,100,-40,,,,,,-77.58450360714734,-107,,,,,2000.2792752846808,1482.4429065790164,2000.2792752846808,-0.13738497366897492
2008-10-27,3.395354,4.006782,3.280711,3.842496,5.124547868682294,4.198811387287992,5.192947476509179,3.7826857898511927,-0.26117705670888647,-0.5899498005294488,-0.3287727438205623,0,,,-71.38845221354785,-75.36926894068397,,,,,,,32.20887768241019,,,7.909439615620756,4.3218057974352355,,,,,60,100,-40,,,,,,,,,,,,1705.683043414739,1256.5441962919226,1705.683043414739,-0.07301436510823635
2008-11-03,3.78321,3.992496,3.418568,3.508568,5.1057787352049875,4.060762709830394,5.126893379391172,3.7799582496536686,-0.23368882783209627,-0.6208837786106827,-0.3871949507785864,0,,,-66.84371486683106,-71.66356945250179,,,,,,,29.23745248613939,,,14.08486346649105,10.135523760360163,,,,,60,100,-40,,,,,,,,,,,,1536.467944612059,1124.4452515115731,1536.467944612059,-0.10782410135965105
2008-11-10,3.577496,3.58571,3.07214,3.222854,4.8507999684046315,3.893180967864315,5.0522251684346555,3.774414923786468,-0.2189130015429343,-0.6608362027072543,-0.44192320116432,0,,,-65.9025102788183,-68.04489245306574,,,,,,,26.93423648159724,,,19.63636989684356,17.201004100028836,19.63636989684356,,,,60,100,-40,,,,,,,,,,,,1408.0192274098663,1011.8188421458325,1408.0192274098663,-0.12350655878444627
2008-11-17,3.159997,3.270711,2.826426,2.949283,4.529492184947157,3.704401374291452,4.969756848103884,3.766204655888095,-0.211605751241705,-0.7064303902164513,-0.49482463897474627,0,,,-66.40965807614313,-66.38529440726415,,,,,,,24.899594254204516,,24.899594254204516,15.49392772814388,17.773448580641997,,,,,60,100,-40,,,,,,-66.38529440726415,,,,,,2072.0157315171637,1525.1245072102267,2072.0157315171637,-0.1435330188405252
2008-11-24,3.043212,3.401782,3.029997,3.30964,4.1496817431652175,3.6254490994331614,4.9046542266096145,3.761661723988711,-0.16842462151567372,-0.7053554158693385,-0.5369307943536648,0,,,-62.55936339715176,-64.95717725070439,,,,,,,32.20745607566374,,,18.147564393059408,17.895317838855718,,,,,60,100,-40,,,,,,-64.95717725070439,-107,,,,,1742.5583257867702,1268.7382331720037,1742.5583257867702,-0.10126702377820845
2008-12-01,3.260711,3.436782,3.089283,3.35714,3.8817967615105595,3.571787279546529,4.843967394193551,3.7576366322077286,-0.12460399440015535,-0.692685787353859,-0.5680817929537036,0,,,-57.993540758725445,-62.32085407734011,,,,,,,33.13654991170388,,,25.565578182995473,20.686343547224954,,,,,60,100,-40,,,,,,,,,,,,1541.1840847346302,1101.6949180498211,1541.1840847346302,-0.03817755081174938
2008-12-08,3.474282,3.699997,3.30464,3.509639,3.46184777854552,3.559357623637223,4.791640790499686,3.755168994076308,-0.07569490380235266,-0.6627004227066444,-0.5870055189042918,0,,,-50.31673935048113,-56.956547835452774,,,,,,,36.178687628447506,,,45.33507069371555,34.878691288365054,,,,,60,100,-40,,,,,,,,,,,,1340.0597056919705,946.8412965862173,1340.0597056919705,-0.05785521005738141
2008-12-15,3.428211,3.445711,3.143568,3.214283,2.7477359372208396,3.4903426989097786,4.729783622244796,3.7497870438864944,-0.054568894053139694,-0.6552166364707164,-0.6006477424175767,0,,,-48.297748975902024,-52.20267636170286,,,,,,,33.02596003559947,,,60.2959837852551,51.707057622085564,,,,,60,100,-40,,,,,,,,,,,,1153.6852137479757,802.8701517523596,1153.6852137479757,-0.07051796061664861
2008-12-22,3.214997,3.215354,3.01964,3.06464,2.773637227419351,3.405202159127823,4.664483872352844,3.742969660365236,-0.04254080467666976,-0.6538237482634139,-0.6112829435867442,0,,,-49.10416198321656,-49.239550103199896,,,,,,,31.518413581355148,,,70.10605496267547,66.22211749321042,,,,,60,100,-40,,,,,,,,,,,,999.3788112483437,667.8028514337486,999.3788112483437,-0.11037430925671124
2008-12-29,3.089997,3.251425,3.025711,3.241068,2.8220251397465406,3.3723753273022585,4.608663642064497,3.7379756139934424,-0.015939599296750928,-0.6312074427076828,-0.6152678434109319,0,,,-47.21990018335146,-48.20727038082335,,,,,,,35.29111454619421,,,75.5668386727726,73.5021449315276,,,,,60,100,-40,,,,,,,,,,,,815.855391021372,539.1114239003399,815.855391021372,-0.09188362417489962
2009-01-05,3.327497,3.470354,3.215711,3.234997,2.862671058336073,3.344899661841807,4.554794361983536,3.7329708516651494,0.00679094346552056,-0.6067791640790312,-0.6135701075445518,0,,,-41.74572734113074,-46.02326316923291,,,,,,,35.21878632498613,,,80.4669345323066,78.13884847769283,,,,,60,100,-40,,,,,,,,,,,,667.5180471993044,427.45480137300535,667.5180471993044,-0.13776733073412778
2009-01-12,3.230711,3.24964,2.858926,2.940354,2.8962809827406395,3.2639905294734457,4.491482975239084,3.72508411682271,0.007472388457192447,-0.6042296219730612,-0.6117020104302536,0,,,-44.88550994151623,-44.617045821999476,,,,,,,31.792917040819617,,,82.03157339197992,81.12242494622446,,,,,60,100,-40,,,,,,-44.617045821999476,,,,,,590.6965840721581,369.73574657791346,590.6965840721581,-0.14297719255609115
2009-01-20,2.926068,3.214283,2.792854,3.155711,2.5751944839734504,3.2423346235787567,4.439099760523826,3.7194187126752203,0.026828141117968163,-0.5781668340327935,-0.6049949751507616,0,,,-45.078334477074996,-43.90319058657398,,,,,,,36.6707374300505,,,84.63690904927603,83.75239013080194,,,,,60,100,-40,,,,,,,,,,,,586.0244778772203,376.1474290182928,586.0244778772203,-0.09950995434073091
2009-01-26,3.173568,3.392854,3.153568,3.218925,2.5817363779753473,3.2376526988630054,4.391249769915048,3.714438675733178,0.04710336991934283,-0.5461157627515831,-0.593219132670926,0,,,-37.70694595712697,-42.5569301252394,,,,,,,38.07889550012917,,,86.93184509060885,85.58145999667579,,,,,60,100,-40,,,,,,-42.5569301252394,,,,,,563.1109364449984,367.75698737860324,563.1109364449984,-0.08492552076103514
2009-02-02,3.18214,3.571425,3.174996,3.561425,2.6656174224056794,3.3024071590904045,4.358707622075243,3.71291615159653,0.08460806950433819,-0.48745904579050325,-0.5720671152948414,0,,,-24.359427545621834,-35.71490265994126,,,,,,,45.22746624008116,,,95.633943025382,91.267886050764,,,,,60,100,-40,,,,,,,,,,,,500.72712981863504,319.98298967340264,500.72712981863504,-0.08687497226894661
2009-02-09,3.571425,3.678568,3.420354,3.541425,2.672970963662417,3.3502107272723234,4.326657323170331,3.711209771978654,0.10761906722161085,-0.43754328126782793,-0.5451623484894388,0,,,-10.213524378348755,-24.09329929369918,,,,,,,44.899556660999345,,,97.7263875976899,95.93375134498042,97.7263875976899,,,,60,100,-40,,,,,,,,,,,,483.32219712433766,296.3497188236931,483.32219712433766,-0.07194093177711933
2009-02-17,3.459639,3.46571,3.178568,3.25714,2.699544251972244,3.3315965818178586,4.28471546735973,3.706691664794787,0.1032280819683018,-0.4161272460290615,-0.5193553279973633,0,,,-10.357457184302714,-14.976803036091093,,,,,,,40.39020636545597,,,94.70032256721433,97.229917246207,,,,,60,100,-40,,,,,,,,,,,,699.0817976471853,441.5588608557489,699.0817976471853,-0.018545038422088083
2009-02-23,3.273211,3.318568,3.089639,3.18964,2.709270448259941,3.3032052654542867,4.241771331384839,3.701546872110262,0.09549168192740948,-0.39999072558810145,-0.4954824075155109,0,,,-15.502080238345838,-12.02435393366576,,,,,,,39.373060977928944,,,83.98017822105308,89.91252704518179,,,,,60,100,-40,,,,,,-12.02435393366576,,,,,,810.1578344386062,518.5481588819763,810.1578344386062,-0.06659559291011088
2009-03-02,3.14714,3.313211,2.940354,3.046426,2.7374344876699452,3.251849412363429,4.1948950438795505,3.6950282564673738,0.08101446012566871,-0.39421433235842507,-0.4752287924840938,0,,,-23.59907173134784,-16.48620305133213,,,,,,,37.218730498851905,,,67.6294333661592,76.3693560043661,,,,,60,100,-40,,,,,,,,,,,,1139.2200463588597,787.9030390852533,1139.2200463588597,-0.06518877347754412
2009-03-09,3.006425,3.471425,2.948926,3.426068,2.743025667122092,3.286693129890743,4.164744963727411,3.692352035009987,0.09625394181585056,-0.35491136521428057,-0.45116530703013114,0,,,-18.737112485922736,-19.27942148520547,,,,,,,45.74406253213311,,,66.98142781423279,67.72504893833556,,66.98142781423279,,,60,100,-40,,,,,,-19.27942148520547,,,,,,940.2709470208852,630.1024865242981,940.2709470208852,-0.04792486485613072
2009-03-16,3.447497,3.695711,3.363568,3.628211,2.7936260480419426,3.3549967039125943,4.143704416130258,3.6917138157561564,0.11777344502076448,-0.30394850075417557,-0.42172194577494004,0,,,0.15868943255117784,-14.0591649282398,,,,,,,49.68521629819385,,,74.42835635729858,68.49600753316987,,,,,60,100,-40,,,,,,,,,,,,782.9489566534515,510.9929435198803,782.9489566534515,-0.07685092368343739
2009-03-23,3.668211,3.927853,3.633925,3.816068,2.9936472588960896,3.4472109631300754,4.130855929223189,3.6929511708232594,0.14092092747996332,-0.24557078642498587,-0.3864917139049492,0,,,19.676328927952802,0.3659686248604146,,,,,,,53.11407344922793,,,91.0997519785929,82.19950395718578,,,,,60,100,-40,,,,,,,,,,,,640.5946008982785,398.08513560717483,640.5946008982785,-0.02098390281487906
2009-03-30,3.732496,4.147496,3.664639,4.142496,3.336013597546369,3.5862679705040605,4.131312402586985,3.69742425370064,0.17239745671041423,-0.17099489301693138,-0.3433923497273456,0,,,35.416767302555975,18.417261887686653,,,,,,,58.44496190102208,,,96.72678419690456,93.45356839380912,,,,,60,100,-40,,,,,,,,,,,,520.486491644046,311.16056549677944,520.486491644046,0.050688670036538326
2009-04-06,4.104996,4.28571,4.04571,4.270353,3.4524969120073425,3.7230849764032485,4.136764975034555,3.7031250372459072,0.19437915342367673,-0.1004184079477497,-0.29479756137142643,0,,,47.95815838243101,34.350418204313264,,,,,,,60.35753043255484,,,100,100.00000000000001,,,,,60,100,-40,,,,,,,,,,,,406.76167498149226,230.04046267918315,406.76167498149226,0.11907068962812174
2009-04-13,4.286067,4.437496,4.134281,4.407853,3.614129489721104,3.860038581122599,4.147395877974376,3.710137255780774,0.20942972051857875,-0.03301041072320299,-0.24244013124178174,0,,,56.08663820936624,46.487187964784404,,,,,,,62.375013807477394,,,100,100,,,,,60,100,-40,,,,,,,,,,,,311.8959158939482,158.21492401024074,311.8959158939482,0.12061542706191133
2009-04-20,4.347496,4.542853,4.23571,4.424995,3.6446495975981676,3.973029864898079,4.158282118053813,3.717250268161065,0.21118871517188437,0.021545762723073736,-0.18964295244881063,0,,,60.61448292538638,54.886426505727876,,,,,,,62.631859125533566,,,100,100,,,,,60,100,-40,,,,,,,,,,,,253.3693857314122,104.90311964474242,253.3693857314122,0.09346533674930926
2009-04-27,4.389281,4.569638,4.38071,4.544282,3.7757979834840127,4.087280291918463,4.173419368326212,3.725479439622149,0.21056191378271305,0.07355943977958068,-0.13700247400313237,0,,,63.36895441780515,60.023358517519256,,,,,,,64.46078805569584,,,100,100,,,,,60,100,-40,,,,,,,,,,,,196.39313378024633,69.46618880024377,196.39313378024633,0.11905284353344292
2009-05-04,4.579996,4.767852,4.509281,4.613924,3.873341984663726,4.1926090335347705,4.1906940597644,3.734319684004018,0.2048244585051931,0.11902809912835899,-0.0857963593768341,0,,,65.53571997358294,63.17305243892482,,,,,,,65.52788408573478,65.52788408573478,,100,100,,,,,60,100,-40,,,,,,,,,,,,147.95801854747427,27.745063563835828,147.95801854747427,0.15629979593213877
2009-05-11,4.548924,4.677139,4.263567,4.372138,3.8893019857591744,4.2285148268278165,4.1978095084010905,3.7406661349094508,0.17584306748654888,0.13400747498135201,-0.04183559250519687,0,,,61.687763561369316,63.53081265091913,,,63.53081265091913,,63.53081265091913,,58.878595606073866,,,95.6331056570942,97.8165528285471,,,,,60,100,-40,,,,,,63.53081265091913,,105,,,,114.6929242661153,2.7005065522293137,114.6929242661153,0.15493430374962822
2009-05-18,4.418924,4.61821,4.341782,4.374996,3.881978986776376,4.257811061462253,4.204757998267715,3.7469778748606006,0.1490239068887207,0.144444291105704,-0.004579615783016695,0,,,57.916536310691725,61.71333994854799,,,,,,,58.93195933803256,,,90.21161477420038,93.46822200851052,,,,,60,100,-40,,,,,,,,,,,,82.02148349045798,-29.608676457266938,82.02148349045798,0.09362263240687395
2009-05-26,4.455709,4.853566,4.44821,4.850352,4.131199059149492,4.376319249169803,4.230075410100353,3.757956721876913,0.15477995803467798,0.1888953317603308,0.034115373725652806,0,,,60.01835419270176,59.8742180215876,,,,,,,66.71494741084533,,,88.03744936418208,89.11989118847391,,88.03744936418208,,,60,100,-40,,,,,,59.8742180215876,,,,,,42.563031946738334,-56.95255346503661,42.563031946738334,0.19091054668717364
2009-06-01,4.873924,5.228566,4.857138,5.166781,4.430628983495957,4.534411599335842,4.266808962645437,3.771974873898038,0.1701566544117449,0.24681119174033395,0.07665453732858904,0,,,66.17447951281112,61.36979000540153,,,,,,,70.71695592084497,70.71695592084497,,91.32190188279604,89.13845471134313,91.32190188279604,,,,60,100,-40,,,,,,,,,,,,-14.266610225395908,-106.59754374412086,-14.266610225395908,0.28012673314555053
2009-06-08,5.136424,5.162852,4.858566,4.891781,4.429180698960532,4.605885479468673,4.291317669992675,3.7831172234114905,0.15262587447535492,0.2674368804227827,0.11481100594742777,0,,,65.9979123217356,64.06358200908282,,,,,,,63.525819050028396,,,91.25539521344538,90.74278675525748,,,,,60,100,-40,,,,,,,,,,,,-40.76359018441485,-126.3070812451898,-40.76359018441485,0.18942945880298515
2009-06-15,4.857495,4.982138,4.804638,4.981424,4.437835720463351,4.680993183574938,4.3183806633262956,3.795040673924809,0.13831111750844807,0.28769990283298785,0.14938878532453978,0,,,63.30509450896434,65.15916211450367,,,65.15916211450367,,65.15916211450367,,64.79021519351875,,,86.692742326611,89.66470934477604,,,,,60,100,-40,,,,,,65.15916211450367,,105,,,,-68.80657378724851,-143.342157382428,-68.80657378724851,0.26419451790566356
2009-06-22,5.023924,5.127138,4.74571,5.087138,4.464546097573112,4.76222214685995,4.34852800986252,3.8078973637365023,0.12747287930926482,0.3087298844611208,0.181257005151856,0,,,61.40916086114495,63.570722563948294,,,,,,,66.2834199375219,66.2834199375219,,80.37223108202784,84.05831028603372,,,,,60,100,-40,,,,,,,,,,,,-121.75083309865789,-203.64358331289566,-121.75083309865789,0.2500984849687645
2009-06-29,5.123567,5.166423,4.992495,5.000709,4.460216019175032,4.80991951748796,4.37410373496595,3.8197661362366366,0.10682916022209477,0.31479345542947446,0.2079642952073797,0,,,60.20754685778757,61.64060074263228,,,,,,,63.883835368053994,,,72.57074039442773,76.38710199383084,,,,,60,100,-40,,,,,,,,,,,,-104.15977253526555,-189.3447499832783,-104.15977253526555,0.23395287737277762
2009-07-06,4.953566,4.988566,4.800709,4.947138,4.485838089233958,4.8373632139903675,4.39657566692807,3.830983766721844,0.08297516907700189,0.31168325655363205,0.22870808747663016,0,,,54.51483790708503,58.71051520867252,,,,,,,62.36775019018388,,,61.16910290727651,66.9446841218999,,,,,60,100,-40,,,,,,,,,,,,-71.58526843794453,-172.19115907722767,-71.58526843794453,0.2844325240062497
2009-07-13,4.983566,5.42928,4.911781,5.419637,4.758761440002961,4.953817971192294,4.4366957192054,3.846791261580333,0.09174294844206615,0.34338677302921283,0.2516438245871467,0,,,58.311201998973715,57.677862254615434,,,,,,,69.32386194012173,,,60.99393050188466,61.533940372861764,,60.99393050188466,,,60,100,-40,,,,,,57.677862254615434,,,,,,-112.20612872195463,-209.97458469954992,-112.20612872195463,0.34125997910092015
2009-07-20,5.473923,5.71428,5.348209,5.71378,5.026181408574178,5.105810376953835,4.486777455707149,3.865368263952668,0.10890643610674211,0.38777686972057435,0.27887043361383224,0,,,65.6469326742706,59.49099086010978,,,,,,,72.72407119842268,,,70.38636708210785,64.1550441219441,,,,,60,100,-40,,,,,,,,,,,,-164.5322871361447,-258.16102384508633,-164.5322871361447,0.4391706844353334
2009-07-27,5.720351,5.892851,5.616423,5.835351,5.144570736533166,5.251718501563068,4.539662692738242,3.8849700822217956,0.11917109101927903,0.427834297387931,0.30866320636865197,0,,,70.89439982802048,64.95084483375494,,,,,,,74.01375167069097,,,88.19578545075018,78.36579539366988,,,,,60,100,-40,,,,,,,,,,,,-190.0718712932093,-274.85901950961613,-190.0718712932093,0.41720402278275726
2009-08-03,5.900352,5.978208,5.824637,5.911065,5.230136469637939,5.383587801250454,4.593443175375958,3.9051302306573996,0.1213754994113686,0.46038258063286275,0.33900708122149414,0,,,73.59975811082927,70.04703020437346,,,,,,,74.81712281982115,,,95.77391092501702,91.54782185003403,,,,,60,100,-40,,,,,,,,,,,,-213.6951674217167,-287.61192505332224,-213.6951674217167,0.39371847000411225
2009-08-10,5.916423,6.023923,5.781423,5.956423,5.302193507520943,5.498154841000363,4.646893364576901,3.925541103984192,0.11619845438909443,0.48425514920786217,0.36805669481876774,0,,,73.26885814396356,72.58767202760443,,,,,,,75.31244809011801,,,99.6709625846384,99.34192516927682,,,,,60,100,-40,,,,,,,,,,,,-204.84150061776825,-271.68248413453637,-204.84150061776825,0.40506763923491107
2009-08-17,5.841066,6.048923,5.693566,6.043565,5.401423328412305,5.60723687280029,4.70166480126016,3.946615968621165,0.10906796410681657,0.5043916499522885,0.3953236858454719,0,,,71.17627506836034,72.68163044105106,,,72.68163044105106,,72.68163044105106,,76.2833475511008,,,100,100,,,,,60,100,-40,,,,,,72.68163044105106,,105,,,,-232.14304595999215,-288.6493052009843,-232.14304595999215,0.3930708793951749
2009-08-24,6.075708,6.160351,5.88678,6.073208,5.426168304954283,5.700431098240232,4.755450809053879,3.9677760883363775,0.09716884445903234,0.5167847414192623,0.41961589696023,0,,,69.84970057098977,71.43161126110455,,,,,,,76.62215845716705,,,100,100,,,,,60,100,-40,,,,,,,,,,,,-260.84431033090266,-308.89488607353263,-260.84431033090266,0.3703419444486528
2009-08-31,6.005708,6.096422,5.861066,6.082494,5.4425898546004055,5.7768436785921855,4.807491718502746,3.9888180576066623,0.08138400818885783,0.5213459071963022,0.4399618990074444,0,,,66.74004637864553,69.25534067266521,,,,,,,76.73495001982539,,,100,100,,,,,60,100,-40,,,,,,,,,,,,-245.2362539071022,-297.2776340601631,-245.2362539071022,0.3684207593497809
2009-09-08,6.177851,6.231065,6.060708,6.148565,5.5207460078432335,5.851187942873748,4.86008282758107,4.010308076933959,0.0674295426420275,0.5242488273099788,0.4568192846679513,0,,,65.58867645061382,67.39280780008303,,,,,,,77.56913530655979,,,99.99999999999999,99.99999999999999,,,,,60,100,-40,,,,,,,,,,,,-296.10238956035636,-323.22715514013345,-296.10238956035636,0.3640047418569359
2009-09-14,6.101065,6.671064,6.080351,6.607851,6.000539507283003,6.002520554298998,4.928622755911224,4.036154275173422,0.08029421125783037,0.5571870487402393,0.4768928374824089,0,,,68.41013571754759,66.91295284893563,,,,,,,82.33815433072584,82.33815433072584,,100,100,,,,,60,100,-40,,,,,,66.91295284893563,,,,,,-346.8110460039279,-359.91312693283646,-346.8110460039279,0.372216476478923
2009-09-21,6.581779,6.746421,6.479994,6.513208,5.95953132819136,6.104658043439199,4.990763353718627,4.0608015759179645,0.07376074495694324,0.569093768678588,0.4953330237216447,0,,,70.11746762885984,68.03875993234043,,,,,,,78.60725880385847,,,96.58544255094577,98.29272127547289,,,,,60,100,-40,,,,,,,,,,,,-315.57267400321376,-334.4743765814116,-315.57267400321376,0.34502861442188354
2009-09-28,6.566779,6.69285,6.453565,6.603564,5.967778876177691,6.204439234751359,5.054010437886524,4.086102694565547,0.06704948692471568,0.5791448823775394,0.5120953954528237,0,,,69.25959186004769,69.2623984021517,,,,,,,79.56493478054662,,,93.39452951224528,95.41680571272731,,,,,60,100,-40,,,,,,69.2623984021517,,105,,,,-280.0140060026294,-310.9335808393368,-280.0140060026294,0.3828708215754855
2009-10-05,6.649993,6.837493,6.581068,6.802493,6.173956742164999,6.324049987801087,5.122578381498817,4.113131453823601,0.06735466358581532,0.5962887249350928,0.5289340613492775,0,,,69.39985539821282,69.59230496237346,,,69.59230496237346,,69.59230496237346,,81.53632875070723,,,91.87703327995514,92.50112092452305,,,,,60,100,-40,,,,,,,,,,106,,-360.0114594566968,-347.1274752321846,-360.0114594566968,0.4455868885592443
2009-10-12,6.822136,6.868565,6.708565,6.716065,6.182220046296071,6.402452990240869,5.185068052812589,4.139031290103963,0.05367727572013248,0.596030655999443,0.5423533802793106,0,,,68.02386630648914,68.89443785491655,,,,,,,77.99487221045857,,,89.52614305396823,90.41937126377174,,,,,60,100,-40,,,,,,,,,,,,-390.0093759191156,-354.92247973542374,-390.0093759191156,0.36762833508278814
2009-10-19,6.708922,7.453918,6.626779,7.283564,6.68473911441778,6.578675192192695,5.267362011525821,4.170320172789496,0.07356263064721347,0.6343066685883274,0.5607440379411139,0,,,70.82672858703567,69.41681676391255,,,,,,,83.1888576952331,83.1888576952331,,91.40686031913873,90.67489527945736,,,,,60,100,-40,,,,,,69.41681676391255,,,,,,-401.8258530247309,-369.4820288744376,-401.8258530247309,0.37159500214770613
2009-10-26,7.273921,7.383921,6.645233,6.732136,6.609349606245082,6.609367353754156,5.324804128720887,4.195810877537859,0.04186706813620944,0.6130778731113757,0.5712108049751663,0,,,67.42899438167777,68.75986309173419,,,,,,,66.63298965002815,,,69.411823168406,79.89884663494921,,,,,60,100,-40,,,,,,68.75986309173419,,105,,,,-326.9484252020526,-321.3943872609035,-326.9484252020526,0.3736647613385175
2009-11-02,6.778565,6.971064,6.627494,6.940707,6.551980920084718,6.675635283003325,5.388172868771048,4.223123276766338,0.027909056791344256,0.6060971259643466,0.5781880691730024,0,,,62.214404896677024,66.82337595513015,,,,,,,69.1488437714566,,,50.96040915343636,63.246110841888914,,,,,60,100,-40,,,,,,,,,,,,-332.048711528952,-324.7772259407392,-332.048711528952,0.3601914410745325
2009-11-09,7.033564,7.321421,7.009278,7.301778,6.5733694257929525,6.800863826402661,5.463216207250615,4.253756657097021,0.035468884249507227,0.6225241744848864,0.5870552902353792,0,,,64.19781237907303,64.6137372191426,,,,,,,72.97092671014119,72.97092671014119,,28.802478388764143,38.801115986093734,,,,,60,100,-40,,,,,,,,,,,,-298.0398548873244,-312.0904575878775,-298.0398548873244,0.3568529820817925
2009-11-16,7.338564,7.428564,7.06285,7.139993,6.57101089537917,6.868689661122128,5.528972159907454,4.282475426678145,0.02267108835734677,0.6153941506820626,0.5927230623247158,0,,,63.745139412693774,63.38578556281461,,,,,,,68.83164880275635,,,25.25841137866145,26.99884275343533,,,,,60,100,-40,,,,,,63.38578556281461,,,,,,-278.39624490781085,-296.25582893553616,-278.39624490781085,0.36089630877005185
2009-11-23,7.249993,7.357136,7.084636,7.163921,6.570963688566372,6.927735928897703,5.593087800695397,4.311146526910203,0.009584507954242594,0.604703697267519,0.5951191893132765,0,,,61.73674313496108,63.22656497557596,,,,,,,69.11237919587076,,,22.71031402279221,21.93561221022665,,,,,60,100,-40,,,,,,63.22656497557596,,105,,,,-244.1423821972998,-290.5729509472569,-244.1423821972998,0.32828870385308295
2009-11-30,7.182493,7.241778,6.795707,6.904279,6.5842361393830595,6.923044543118162,5.644507063413224,4.336948840075276,-0.021115676777505032,0.5687245933413951,0.5898402701189002,0,,,53.78433859128426,59.75540704631303,,,,,,,62.49547522419247,,,14.515532090256691,19.008515004939696,,,,,60,100,-40,,,,,,,,,,,,-288.84376725233614,-340.4687780477556,-288.84376725233614,0.2464347272805326
2009-12-07,6.904279,7.132136,6.738564,6.952493,6.571764700855699,6.9289342344945295,5.695800629553882,4.362974155099402,-0.041551595446048806,0.5379007758113392,0.579452371257388,0,,,45.711154610460426,53.744078778901915,,,,,,,63.204167893898195,,,9.914129670547668,13.333956088006714,,,,,60,100,-40,,,,,,,,,,,,-282.6903550246386,-344.929000220891,-282.6903550246386,0.1812753197299311
2009-12-14,6.977493,7.053921,6.821422,6.979636,6.567683936508863,6.9390745875956235,5.746147114669416,4.38901059136707,-0.05573278387595182,0.5097863914124483,0.5655191752884001,0,,,39.320279469654004,46.27192422379955,,,,,,,63.62338915234811,,,4.799073312953179,6.528749763642183,,4.799073312953179,,,60,100,-40,,,,,,,,,,,,-301.29210865652254,-368.57827290800174,-301.29210865652254,0.17224929779925177
2009-12-21,7.001779,7.476779,6.988207,7.465706,6.750833083901087,7.044400870076498,5.813580796447086,4.4196244760300845,-0.03583555194485177,0.5207247353573354,0.5565602873021872,0,,,47.33227094403528,44.121235008049894,,,,,,,70.2082147203104,,,12.21757673774826,8.499713397712346,,,,,60,100,-40,,,,,,44.121235008049894,,,,,,-413.78445253715483,-492.47313237927415,-413.78445253715483,0.20416609955142065
2009-12-28,7.561421,7.641064,7.439635,7.526135,6.791304006479581,7.140747696061199,5.88073978482171,4.450535028507397,-0.022703409889979764,0.5281810249397125,0.5508844348296923,0,,,56.74064705976454,47.797732491151265,,,,,,,70.91724738969894,,,22.369221550101344,15.935820010062775,,,,,60,100,-40,,,,,,,,,,,,-444.00546116676304,-520.205290128497,-444.00546116676304,0.18123100143693166
2010-01-04,7.622492,7.699635,7.466064,7.570707,6.85958836315961,7.226739556848959,5.947013008946349,4.48158151578593,-0.01546011472589881,0.5315592914223188,0.5470194061482176,0,,,61.561482120588195,55.21146670812933,,,,,,,71.46000071820905,71.46000071820905,,35.375017754998275,28.872024669480172,35.375017754998275,,,,60,100,-40,,,,,,,,,,,,-501.459013681897,-569.2588737414976,-501.459013681897,0.13059948967705803
2010-01-11,7.599992,7.607135,7.289279,7.354635,6.877015265791067,7.252318645479168,6.00221387134061,4.510169112643781,-0.028885994647892765,0.5109119128383517,0.5397979074862445,0,,,58.71250767233472,59.00487895089581,,,59.00487895089581,,59.00487895089581,,65.08144103807192,,,33.92425890311142,34.6322879342198,,,,,60,100,-40,,,,,,59.00487895089581,,105,,106,,-505.7391930124612,-556.6663512430434,-505.7391930124612,0.08128696493800193
2010-01-19,7.44035,7.698207,7.041422,7.062493,6.881156675377419,7.214353516383334,6.043793445013527,4.535565370229415,-0.05935187893642113,0.4656080588157181,0.5249599377521392,0,,,50.30690529585476,56.86029836292588,,,,,,,57.55636982745156,,,25.29114249853949,31.419131427399616,,,,,60,100,-40,,,,,,,,,,,,-454.69570337383186,-498.1815601079447,-454.69570337383186,-0.006421575253397314
2010-01-25,7.232492,7.632493,6.794636,6.859386,6.836583841421889,7.143360013106667,6.075777466777703,4.558687963560466,-0.09308375520950651,0.4086052437402561,0.5016889989497626,0,,,35.74944628991996,48.25628641936981,,,,,,,52.94557182580181,,,11.532738738284854,18.861215229563047,,,,,60,100,-40,,,,,,,,,,,,-399.2964845785897,-451.23945827013654,-399.2964845785897,-0.11670103067905371
2010-02-01,6.87035,7.149993,6.816065,6.980708,6.769327352748896,7.110829610485334,6.111264938668773,4.5827876654155855,-0.10617795373048439,0.36896655678665713,0.4751445105171415,0,,,19.954155021355373,35.33683553571002,,,,,,,55.264624254135576,,,6.41436395402136,9.0490359311822,,6.41436395402136,,,60,100,-40,,,,,,,,,,,,-305.7880328370279,-361.01410222102083,-305.7880328370279,-0.15748641576193217
2010-02-08,6.988922,7.201421,6.928565,7.156421,6.778864756123975,7.119947888388268,6.1522514508778405,4.6083959573019975,-0.10193732854424187,0.3477228498368392,0.4496601783810811,0,,,12.968468691163066,22.890690000812793,,,,,,,58.47561953647978,,,9.826030940028073,6.909004025980846,,,,,60,100,-40,,,,,,,,,,,,-292.00839050302284,-356.28426545356257,-292.00839050302284,-0.09199097289939555
2010-02-16,7.212136,7.296778,7.173564,7.202493,6.796445487829406,7.136456910710614,6.193437393980671,4.634207868174615,-0.09509492223265203,0.33079152559026603,0.42588644782291807,0,,,14.717524050413099,15.880049254310507,,,,,,,59.30532030186912,,,18.70312983319248,13.482252374330194,,,,,60,100,-40,,,,,,,,,,,,-355.279592229746,-426.0507626438239,-355.279592229746,-0.12091136657002353
2010-02-22,7.226421,7.327493,6.989636,7.30785,6.831698881555877,7.170735528568492,6.237139849118684,4.660811272471385,-0.08298028939904223,0.3221610860741153,0.40514137547315754,0,,,14.9302512259447,14.205414655840286,,,,,,,61.22470436019218,,,29.210870906758174,23.772201739911605,,,,,60,100,-40,,,,,,14.205414655840286,,,,,,-377.9560300061558,-444.0415330722195,-377.9560300061558,-0.10784520688690478
2010-03-01,7.348207,7.846421,7.337493,7.819635,7.085147890016171,7.300515422854794,6.299198482486578,4.692242354337341,-0.04206978185823729,0.3525541481503609,0.3946239300085982,0,,,35.60032210370491,21.74936579335424,,,,,,,68.93515417493225,,,45.479015338742386,37.38289451078607,,,,,60,100,-40,,,,,,,,,,,,-522.8731154595821,-596.0339816045432,-522.8731154595821,-0.033146153609081845
2010-03-08,7.857492,8.133206,7.781778,8.092849,7.333886540729301,7.458982138283835,6.369537718467496,4.726079236383736,-0.0003843326584053175,0.39414351418559157,0.3945278468439969,0,,,53.4038444430521,34.64480592423391,,,,,,,72.1391799110175,72.1391799110175,,65.18912608141895,54.65073210078534,,,,,60,100,-40,,,,,,,,,,,,-612.350730830567,-691.3005304037174,-612.350730830567,-0.04347207062643077
2010-03-15,8.049278,8.087492,7.866064,7.937488,7.337894144962923,7.554683310627068,6.431025964802104,4.75803355243962,0.012251835532412436,0.4098426412595124,0.3975908057271,0,,,60.44527065533874,49.81647906736526,,,,,,,67.82948546107781,,,79.72866994041308,72.18999902739436,,,,,60,100,-40,,,,,,,,,,,,-652.8324161341003,-729.2458885121323,-652.8324161341003,-0.011762579761750753
2010-03-22,7.873921,8.28392,7.862492,8.24642,7.5129926346084295,7.693030648501654,6.5022178877510415,4.792743865350668,0.03562023852345769,0.4421161038814221,0.4064958653579644,0,,,66.11893531481756,59.98935013773613,,,,,,,71.49757617585608,,,88.36189331164368,84.92966188469293,,,,,60,100,-40,,,,,,,,,,,,-604.1356132006276,-678.4739087826538,-604.1356132006276,-0.004552711181584338
2010-03-29,8.32142,8.526063,8.272135,8.427492,7.6862483035649705,7.8399229188013235,6.577718833329432,4.8289105134566315,0.05624947584554579,0.47680771016489665,0.42055823431935085,0,,,72.12073388577835,66.22831328531156,,,,,,,73.4218105230657,,,91.03966075773398,90.28519677687355,,,,,60,100,-40,,,,,,,,,,,,-611.5655017096044,-687.8422890039894,-611.5655017096044,-0.029490152407961785
2010-04-05,8.391956,8.639991,8.384634,8.635348,7.907101281881758,7.999007935041059,6.658410173198866,4.866785513322735,0.07566152685830718,0.5151351428922348,0.43947361603392765,0,,,75.43170695881805,71.22379205313798,,,,,,,75.48037015302722,,,96.65298326095683,94.22355399977562,,,,,60,100,-40,,,,,,,,,,,,-661.2808650351309,-730.052781912355,-661.2808650351309,0.04122325508130615
2010-04-12,8.649991,8.969277,8.611063,8.835705,8.12299633317592,8.166347348032847,6.743794284053813,4.9062772495085785,0.0926420406967855,0.5552761669049096,0.46263412620812405,0,,,78.44578515529037,75.33274199996227,,,,,,,77.31512682292498,,,98.47942287678873,96.95884575357748,,,,,60,100,-40,,,,,,,,,,,,-711.0479804832889,-773.6795488373814,-711.0479804832889,0.06098711302507433
2010-04-19,8.822491,9.720702,8.634634,9.672493,8.959518666520495,8.467576478426277,6.858645214090918,4.953702281851776,0.1476127571975797,0.6471500727050987,0.499537315507519,0,,,83.68665370120765,79.18804860510535,,,,,,,83.05279746290554,83.05279746290554,,99.84706875368968,99.69413750737935,99.84706875368968,,,,60,100,-40,,,,,,,,,,,,-897.2210749408728,-944.8287217760392,-897.2210749408728,0.1488484396291022
2010-04-26,9.709986,9.730703,9.157488,9.324637,8.855292833197602,8.638988582741021,6.955350774322647,4.997194169594545,0.1475756890725506,0.6840069268482072,0.5364312377756566,0,,,84.35499790091353,82.16247891913719,,,82.16247891913719,,82.16247891913719,,74.55999029523055,,,94.28461212253515,97.14230606126758,,,,,60,100,-40,,,,,,,,,,,,-894.0899704061687,-930.3144087258502,-894.0899704061687,0.1215716020024314
2010-05-03,9.422851,9.567129,7.116064,8.423563,8.831776416540631,8.595903466192818,7.01292772434921,5.031287391787634,0.0774213152055323,0.6332078817825719,0.5557865665770396,0,,,68.23034892553255,78.75733350921791,,,,,,,57.935009667779795,,,72.887363464714,84.30041127830769,,,,,60,100,-40,,,,,,78.75733350921791,,105,,,,-688.8008848777743,-740.2572435029684,-688.8008848777743,0.10775589036524194
2010-05-10,8.937491,9.464276,8.876063,9.064991,8.5416754582163,8.689720972954253,7.093400793982575,5.071423746098205,0.06525879593609663,0.6373600614971604,0.5721012655610638,0,,,67.14235831301094,73.24256837981902,,,,,,,64.10687132518683,,,49.88949389602699,63.17005540674426,,,,,60,100,-40,,,,,,,,,,,,-562.6552694454517,-618.3922901387923,-562.6552694454517,0.05346619704424637
2010-05-17,9.096419,9.233921,8.262492,8.654277,8.473774854057993,8.682632178363402,7.154611625591102,5.107074027231556,0.02278804455633643,0.6005863212564844,0.5777982767001479,0,,,58.019777994811434,64.46416174445164,,,,,,,58.18498563680478,,,24.246328584854105,36.64397630153456,,,,,60,100,-40,,,,,,,,,,,,-349.4452204553696,-447.7755101135574,-349.4452204553696,0.03960896396453939
2010-05-24,8.83142,9.264273,8.469992,9.174272,8.420622007339565,8.780960142690722,7.23381399321498,5.147543658801391,0.02289080293575607,0.606411780369843,0.5835209774340869,0,,,55.43232863556079,60.19815498112772,,,,,,,62.88718560787637,,,18.026327024507104,21.127566825624395,,,,,60,100,-40,,,,,,,,,,,,-284.09154400893874,-391.8163264565469,-284.09154400893874,0.09119030168918059
2010-06-01,9.274631,9.497846,9.093919,9.141598,8.396572649672454,8.853087714152577,7.308629052304589,5.1872854930421735,0.014350208467565073,0.6014587380185432,0.5871085295509781,0,,,57.60549254395509,57.019199724775774,,,,,,,62.409453460351735,,,12.626356621942627,13.006620333862182,,12.626356621942627,,,60,100,-40,,,,,,57.019199724775774,,,,,,-163.3476269164044,-287.84972164626566,-163.3476269164044,0.08042081340025528
2010-06-07,9.224635,9.255344,8.649991,9.053919,8.430005960410135,8.893253971322062,7.377071795351468,5.225759458285535,-0.002703157667386491,0.583729582466745,0.5864327401341315,0,,,52.480871494129886,55.172897557881925,,,,,,,61.06098284367437,,,15.288263084951865,14.436926575829157,,,,,60,100,-40,,,,,,55.172897557881925,,105,,,,-128.19351293160364,-259.14977225603553,-128.19351293160364,0.13836235850504977
2010-06-14,9.14142,9.821419,9.071776,9.788346,8.548129034666555,9.07227237705765,7.471631568082783,5.2711583293473705,0.028272846842473998,0.621773798687224,0.59350095184475,0,,,59.27279774801371,56.45305392869957,,,,,,,67.44413872543603,67.44413872543603,,19.45699243023934,16.82491934114408,,,,,60,100,-40,,,,,,56.45305392869957,,,,,,-133.0674196713121,-269.30435911857455,-133.0674196713121,0.2908549483364983
2010-06-21,9.917488,9.964633,9.493207,9.524989,8.527073103618944,9.162815701646121,7.552155388942282,5.313485002687198,0.023988233635535927,0.62348624388917,0.599498010253634,0,,,63.22155596927197,58.325075070471854,,,58.325075070471854,,58.325075070471854,,63.40636778285137,,,21.895744005860102,20.505038281282346,21.895744005860102,,,,60,100,-40,,,,,,,,,,106,,-47.0551615492554,-211.2490210970156,-47.0551615492554,0.24455892058025608
2010-06-28,9.533202,9.633919,8.685706,8.819277,8.549817453360449,9.094107961316897,7.601846432513173,5.348368505148022,-0.030457181855154447,0.561426532934691,0.5918837147898455,0,,,51.42692249747371,57.97375873825313,,,,,,,54.01817286475685,,,20.491214572552984,21.589486098719608,,,,,60,100,-40,,,,,,57.97375873825313,,105,,,,84.22759509606372,-116.47647180664912,84.22759509606372,0.16559166070546474
2010-07-06,8.964277,9.389273,8.79142,9.272138,8.502824778120416,9.129713969053517,7.667348062610696,5.387410987683863,-0.03948145749374221,0.5425318929226677,0.5820133504164099,0,,,44.53510091904312,53.061193128596265,,,,,,,58.309448293649126,,,15.134183388562167,18.236939888487143,,,,,60,100,-40,,,,,,,,,,,,87.0953050785976,-105.29893147816748,87.0953050785976,0.2011343558812263
2010-07-12,9.233206,9.35178,8.801062,8.924991,8.509240151111815,9.088769375242814,7.716667393488708,5.422610788801436,-0.07052823055339086,0.4938530622246713,0.5643812927780621,0,,,34.38103435833063,43.447685924949155,,,,,,,54.1154160158954,,,8.60078627142254,12.156485619467162,,,,,60,100,-40,,,,,,,,,,,,121.25979506430713,-61.608216663955204,121.25979506430713,0.12593636631256447
2010-07-19,8.924277,9.46963,8.557135,9.28356,8.521930854603829,9.12772750019425,7.778114162371503,5.461028193887989,-0.06855286066116961,0.4786902169516001,0.5472430776127697,0,,,29.08808522200912,36.00140683312762,,,,,,,57.53333979250067,,,8.882500857003905,8.710378881505733,,,,,60,100,-40,,,,,,,,,,,,56.485286870796756,-116.77035908869065,56.485286870796756,0.12541183804868233
2010-07-26,9.285705,9.499633,9.103562,9.187491,8.482032650703555,9.1396802001554,7.833383842278503,5.498107425789601,-0.07484109267229988,0.45369171177239487,0.5285328044446947,0,,,31.916188854179776,31.7951028115065,,,,,,,56.31575800007097,,,7.29951455548917,7.174684716714586,,7.29951455548917,,,60,100,-40,,,,,,31.7951028115065,,,,,,38.942507439742826,-119.17574834529233,38.942507439742826,0.07323022135805589
2010-08-02,9.301417,9.438563,9.201058,9.288957,8.518759175653301,9.16953556012432,7.8904651425813075,5.535827322050401,-0.07320235053982505,0.43702986626991347,0.5102322168097385,0,,,35.321516518344154,32.10859686484435,,,,,,,57.348547378213716,,,12.894796444204914,10.567140028793915,12.894796444204914,,,,60,100,-40,,,,,,,,,,,,40.04386972342594,-118.41652137342102,40.04386972342594,0.07779217464969071
2010-08-09,9.338561,9.362487,8.789991,8.89642,8.573576520249494,9.114912448099457,7.929914352676159,5.569266055164327,-0.09804031457034917,0.38768182359680203,0.4857221381671512,0,,,22.08646918466622,29.77472485239672,,,,,,,52.178432944892066,,,11.249744175974445,11.28657140145714,,,,,60,100,-40,,,,,,29.77472485239672,,,,,,131.85407522825756,-49.613517487344474,131.85407522825756,0.02361139545159035
2010-08-16,8.842134,9.095348,8.807848,8.915705,8.57856062594596,9.075070958479566,7.968572809433956,5.602563955112941,-0.11166634631039452,0.3461392052791581,0.4578055515895526,0,,,8.538514966551919,21.982166889854103,,,,,,,52.40679494424543,,,9.93023321726505,11.573959061159442,,,,,60,100,-40,,,,,,,,,,,,195.1533342776653,4.861667510354515,195.1533342776653,0.009892433892887059
2010-08-23,8.992491,8.999991,8.412849,8.629277,8.62390243837839,8.985912166783653,7.994482777691448,5.63268050282326,-0.1368060362698965,0.286798006252182,0.4236040425220785,0,,,-10.28378609856907,6.780399350883029,,,,,,,48.667441773627154,,,3.575503325989401,6.6626077439603035,,3.575503325989401,,,60,100,-40,,,,,,,,,,,,212.39818259081702,25.79590978119917,212.39818259081702,-0.03785206788794457
2010-08-30,8.598562,9.242135,8.58392,9.241777,8.623199549922791,9.037085133426922,8.043396276605508,5.668591910755367,-0.11016510652572231,0.2858976593649256,0.3960627658906479,0,,,-8.34683938005928,-3.3640368373588045,,,,,,,55.9489001259252,,,10.170599947564025,7.279026544129302,,,,,60,100,-40,,,,,,,,,,,,121.96214939248662,-60.71243745174616,121.96214939248662,-0.010242396351980928
2010-09-07,9.165701,9.518563,9.151777,9.407487,8.349036582071163,9.111165506741537,8.096890030464115,5.705794846966756,-0.0807276545230412,0.29515319773684645,0.37588085225988765,0,,,8.42688001423771,-3.401248488130206,,,,,,,57.70721432586387,,,20.987647414811303,13.881466772159962,,,,,60,100,-40,,,,,,-3.401248488130206,,,,,,95.2417585938527,-76.03744882415594,95.2417585938527,-0.05374362197031858
2010-09-13,9.493564,9.927132,9.482848,9.834637,8.690283183351795,9.25585980539323,8.165036970445914,5.7468778534646,-0.03421207174075508,0.3331157625839438,0.3673278343246989,0,,,28.791011785967893,9.623684140048782,,,,,,,61.948568382021655,,,40.596417947929325,30.58720932608001,,,,,60,100,-40,,,,,,,,,,,,31.56143884951586,-134.9397308561276,31.56143884951586,-0.01260990202425514
2010-09-20,9.859993,10.483205,9.851779,10.439992,9.303142741683809,9.492686244314584,8.254250893173525,5.793575506663957,0.03201993185552443,0.40735274914410446,0.37533281728858003,0,,,47.602833415956766,28.27357507205413,,,,,,,67.02557061559042,67.02557061559042,,60.69336607796137,50.02154669579101,,,,,60,100,-40,,,,,,,,,,,,-73.26791366857793,-222.2234161550135,-73.26791366857793,0.02688689503145089
2010-09-27,10.4991,10.52606,9.821419,10.089991,9.291693688706394,9.612147195451668,8.326240701284368,5.836325909582723,0.04609624703990117,0.4329531260884565,0.3868568790485553,0,,,54.719110594948454,43.70431859895771,,,,,,,61.85616509201541,,,73.85822951851819,67.4218177667367,,,,,60,100,-40,,,,,,,,,,,,-137.21920209247284,-268.18279503592015,-137.21920209247284,0.037242677308550465
2010-10-04,10.057136,10.517847,9.920348,10.502492,9.335551996655937,9.790216156361334,8.411583889469295,5.882755422920209,0.07530051707429897,0.48098252539142905,0.4056820083171301,0,,,59.97529562878867,54.09907987989797,,,,,,,65.27558794900072,,,84.10539816322648,79.9676557642211,,,,,60,100,-40,,,,,,,,,,,,-214.0884380756596,-330.33137775666194,-214.0884380756596,0.09638117982693094
2010-10-11,10.526418,11.249989,10.446061,11.240703,10.071758854037656,10.080313525089068,8.522529736941086,5.936068334134933,0.13307018621043953,0.5720197410801795,0.43894955486973997,0,,,69.26108962629866,61.318498616678596,,,,,,,70.41705921869344,70.41705921869344,,86.91839068024319,85.5936407982545,,,,,60,100,-40,,,,,,,,,,,,-318.79963115281237,-431.1802181645416,-318.79963115281237,0.09336235582166572
2010-10-18,11.373916,11.392846,10.71499,10.981059,10.04040800732068,10.260462620071253,8.618942649217907,5.986267246233092,0.1417316437833609,0.6161141095989411,0.4743824658155802,0,,,72.70402703618944,67.31347076375893,,,,,,,66.65647974355113,,,90.67641110484102,89.45977583353645,90.67641110484102,,,,60,100,-40,,,,,,,,,,,,-328.1087891250283,-434.6019966800794,-328.1087891250283,0.11506506454435853
2010-10-25,11.038921,11.128564,10.745351,10.749274,10.029306792512061,10.358224896057003,8.70248505513093,6.033660348260624,0.12061383902501177,0.6251497645968449,0.5045359255718331,0,,,70.92214200222995,70.96241955490602,,,,,,,63.38293432611721,,,86.55852028658065,88.3133068778847,,,,,60,100,-40,,,,,,70.96241955490602,,105,,,,-344.81628201138676,-450.1289063746105,-344.81628201138676,0.05974094005541103
2010-11-01,10.79356,11.434986,10.792845,11.326056,10.146443378761198,10.551791116845601,8.805370190223835,6.086321001511762,0.1332639534218003,0.6711158673490836,0.5378519139272833,0,,,71.42048321339894,71.68221741727278,,,71.68221741727278,,71.68221741727278,,67.66399025451453,67.66399025451453,,83.52159646792578,85.93499325181843,,,,,60,100,-40,,,,,,,,,,,,-486.6678671002255,-581.0145597610449,-486.6678671002255,0.030833868766088776
2010-11-08,11.328558,11.47499,10.843913,11.001061,10.132742565992542,10.64164509347648,8.891475712175842,6.135223887068859,0.10856296852084646,0.6735556245783414,0.5649926560574949,0,,,68.88610010448454,70.40957510670448,,,,,,,63.156715952345394,,,78.42824383501659,80.69210526233572,,,,,60,100,-40,,,,,,,,,,,,-415.4555276274573,-520.8300943499457,-415.4555276274573,0.06602576975304573
2010-11-15,11.016416,11.090705,10.634275,10.954631,10.12782538270736,10.704242274781183,8.97238376267875,6.183178186700014,0.07927583519213477,0.6640874500476635,0.5848116148555287,0,,,62.65554538361806,67.65404290050053,,,,,,,62.512241705993205,,,76.2108417525184,77.42356639919184,,,,,60,100,-40,,,,,,,,,,,,-391.7363407861013,-500.679168104501,-391.7363407861013,0.1409278577042175
2010-11-22,10.952844,11.346415,10.923922,11.277132,10.148208998228263,10.818820219824946,9.06276604649527,6.2338642942950395,0.07201310166680897,0.6748279919390399,0.6028148902722309,0,,,61.433345785878664,64.32499709132709,,,,,,,65.18549860280129,,,72.83942003840653,74.21033489758888,,,,,60,100,-40,,,,,,,,,,,,-390.5115515522648,-515.1011375400462,-390.5115515522648,0.13516559108809387
2010-11-29,11.267846,11.392846,11.102493,11.337129,10.183057784069101,10.922481975859958,9.151956750554278,6.284643047585636,0.06201903529896857,0.6803386843959416,0.618319649096973,0,,,60.61042110400218,61.56643742449964,,,,,,,65.67875735981485,,,72.20538246333138,72.71934680293298,,,,,60,100,-40,,,,,,,,,,,,-483.1458149063984,-609.628203441856,-483.1458149063984,0.2147257359229215
2010-12-06,11.379985,11.57106,11.32535,11.448562,10.335445442349881,11.027697980687966,9.242019701512934,6.336025325719112,0.053978099323082174,0.6857922732508257,0.6318141739277435,0,,,61.19757195739101,61.080446282423964,,,,,,,66.6300551912436,,,73.09502551757973,72.33749358452836,73.09502551757973,,,,60,100,-40,,,,,,61.080446282423964,,,,,,-603.4829394688716,-718.7867119069732,-603.4829394688716,0.17274305879743881
2010-12-13,11.584636,11.609276,11.392846,11.45035,10.381640339324889,11.112228384550374,9.328620889688898,6.386914128448275,0.04046255203302995,0.682392363969031,0.6419298119360011,0,,,60.6255580968333,60.81118371940884,,,,,,,66.64612518083884,,,69.34696088621173,71.05947433669608,,,,,60,100,-40,,,,,,60.81118371940884,,105,,,,-666.4860413836221,-767.1891279238872,-666.4860413836221,0.18792597574489237
2010-12-20,11.485706,11.632844,11.365345,11.557135,10.533843172230254,11.201209707640299,9.416013599897177,6.43835911224481,0.030832572661477764,0.6804705277628482,0.6496379551013705,0,,,59.391061071727975,60.404730375317435,,,,,,,67.65395259986815,,,68.85372650231739,69.79861447274831,,,,,60,100,-40,,,,,,,,,,,,-653.4885793138727,-746.7911046649986,-653.4885793138727,0.21278452148450755
2010-12-27,11.53041,11.666414,11.475348,11.519991,10.568721302785237,11.26496596611224,9.498522517548269,6.488922613615508,0.014887325211229707,0.6682471116154076,0.6533597864041779,0,,,57.85723015487667,59.29128310781265,,,,,,,66.89230069353128,,,65.54095251353922,66.65629774867307,,65.54095251353922,,,60,100,-40,,,,,,,,,,,,-601.9452012568048,-692.8290856349988,-601.9452012568048,0.2390037314391591
2011-01-03,11.629984,12.012492,11.601289,12.004278,11.059170138300574,11.412828372889791,9.596787438428729,6.543801771688986,0.029062243332499405,0.6896875905698021,0.6606253472373027,0,,,60.908159959785436,59.38548372879669,,,,,,,71.43463760687692,,,73.96831645583089,70.06776968048841,,,,,60,100,-40,,,,,,59.38548372879669,,,,,,-611.5915283010222,-687.7692518831807,-611.5915283010222,0.284889424431539
2011-01-10,12.101062,12.445701,12.041771,12.445701,11.497743556993392,11.619402898311833,9.708509538882504,6.602527137144817,0.05857110600543847,0.7338392297441008,0.6752681237386623,0,,,67.16357719495305,61.97632243653839,,,,,,,74.84284573110035,74.84284573110035,,82.08194145933888,76.61458835706414,82.08194145933888,,,,60,100,-40,,,,,,,,,,,,-697.6657958826545,-759.9930242680571,-697.6657958826545,0.34577080031694357
2011-01-18,11.76856,12.449991,11.642846,11.668559,11.502394374351006,11.629234118649466,9.78537422363221,6.652935414387157,0.018244617804820007,0.6980738959946873,0.6798292781898673,0,,,63.357012944878,63.809583366538824,,,63.809583366538824,,63.809583366538824,,60.96884101968571,,,72.01413740990895,77.36160815315122,,,,,60,100,-40,,,,,,63.809583366538824,,105,,106,,-607.1811057221719,-665.4488380375012,-607.1811057221719,0.18788038137945923
2011-01-24,11.673921,12.342848,11.668559,12.003563,11.454466990468791,11.704099894919572,9.872362018783889,6.706175489865892,0.007193642129742384,0.6888213308520452,0.6816276887223028,0,,,60.864278007852946,63.794956049228006,,,,,,,64.07853270038369,,,53.08752190682444,65.0977512604823,,,,,60,100,-40,,,,,,,,,,,,-568.6027228635952,-620.8217765761375,-568.6027228635952,0.17034740021575273
2011-01-31,11.992847,12.382129,11.939276,12.374988,11.42894241972102,11.838277515935658,9.970504214125697,6.762581584494092,0.01737920831887163,0.7033516991208923,0.6859724908020207,0,,,61.74497961726359,61.98875685666485,,,,,,,67.21581449042657,,,33.46702746300517,43.6695035364609,,33.46702746300517,,,60,100,-40,,,,,,,,,,,,-590.6749550702143,-646.1269081077489,-590.6749550702143,0.17842709766811618
2011-02-07,12.424627,12.85713,12.415698,12.744634,11.737236318312377,12.019548812748527,10.079293617493317,6.822104494101116,0.04018834096267354,0.7362079170053626,0.696019576042689,0,,,67.1457102039104,63.251655943008984,,,,,,,70.0371786826487,70.0371786826487,,41.23724554077229,36.70408375606515,,,,,60,100,-40,,,,,,63.251655943008984,,,,,,-658.734054148357,-714.10383390634,-658.734054148357,0.14669155685225682
2011-02-14,12.742489,13.032126,12.482845,12.51999,11.74031586700435,12.119637050198822,10.17500720112103,6.878799872269264,0.031696191289132813,0.735639815154105,0.7039436238649722,0,,,68.43676966431545,65.77581982849648,,,65.77581982849648,,65.77581982849648,,66.2817490358556,,,45.817036916411034,40.16725813696274,,,,,60,100,-40,,,,,,,,,,,,-738.0551352122922,-795.1758641051873,-738.0551352122922,0.11917214230557943
2011-02-22,12.219627,12.443914,12.061415,12.43427,11.733584162218325,12.182563640159058,10.263605742253539,6.934078181997928,0.012823739880963525,0.7199732987161767,0.7071495588352131,0,,,61.59639644832634,65.7262921055174,,,,,,,64.84443021974889,,,46.76765824245753,47.693134876563455,46.76765824245753,,,,60,100,-40,,,,,,65.7262921055174,,105,,,,-674.7723833555118,-729.6893433587895,-674.7723833555118,0.11463981948682433
2011-02-28,12.544273,12.867489,12.417163,12.85713,11.852787293488444,12.317476912127246,10.365312575890655,6.993014020983024,0.02086160110068025,0.7332265602110635,0.7123649591103832,0,,,62.75951721521138,64.26422777595106,,,,,,,68.49541078858373,68.49541078858373,,44.37465236911538,46.51457551061043,,,,,60,100,-40,,,,,,,,,,,,-626.6319500181461,-674.2912809299187,-626.6319500181461,0.10266097871240676
2011-03-07,12.907126,12.91677,12.317841,12.571059,11.860193772524983,12.368193329701796,10.45181243565965,7.048516956097621,0.0000550989323954143,0.7124338327758775,0.712378733843482,0,,,59.98175568555423,61.44588978303066,,,,,,,63.650803214824315,,,38.526144843368016,41.282300130676994,,,,,60,100,-40,,,,,,,,,,,,-483.60795910575587,-543.5110480335699,-483.60795910575587,0.11807368345242632
2011-03-14,12.613556,12.731572,11.652132,11.809628,11.845842217344627,12.256480263761437,10.505060104849466,7.095891195340431,-0.06807627042851072,0.6272833958078436,0.6953596662363544,0,,,44.49865478188627,55.74664256088398,,,,,,,52.868471058195105,,,30.25014077984693,34.62625008584331,,,,,60,100,-40,,,,,,,,,,,,-399.3156029047094,-463.7817665729208,-399.3156029047094,0.10236715073427777
2011-03-21,11.999631,12.573561,11.97356,12.554989,11.763871344677154,12.31618201100915,10.585449473286742,7.150210576481322,-0.0659832858572027,0.6128805589148509,0.6788638447720536,0,,,39.95129884327626,48.14390310357228,,,,,,,60.045892797460304,,,22.420382469856143,26.621196492405474,,,,,60,100,-40,,,,,,,,,,,,-450.34912964930766,-506.73053628693515,-450.34912964930766,0.10952068116810819
2011-03-28,12.612484,12.654276,12.260704,12.305704,11.7328279629145,12.31408640880732,10.652910435118635,7.201509018506383,-0.08331034921278813,0.5747259082560685,0.6580362574688566,0,,,37.21062072374512,40.55352478296924,,,,,,,56.90605642941148,,,18.96866529769725,20.507732629137973,,,,,60,100,-40,,,,,,,,,,,,-562.1038333494336,-617.3249842347651,-562.1038333494336,0.10644756642737759
2011-04-04,12.296776,12.307134,11.926772,11.966419,11.75691067984918,12.244552927045856,10.704420574917904,7.248921058123234,-0.11745491769316962,0.5112176103523947,0.6286725280455643,0,,,23.016584098519935,33.392834555180464,,,,,,,52.83265889820741,,,17.56125971309825,17.692921459939967,,,,,60,100,-40,,,,,,,,,,,,-494.4485909222638,-560.5386234648079,-494.4485909222638,0.0465442504038287
2011-04-11,11.930704,12.004984,11.671419,11.694987,11.781160345574238,12.134639741636684,10.743266317077987,7.293160520231461,-0.15575253441646153,0.4339818600249874,0.5897343944414489,0,,,5.109271451004627,21.77882542442325,,,,,,,49.746492996865186,,,9.933637613819885,13.681617790038212,,9.933637613819885,,,60,100,-40,,,,,,,,,,,,-447.27611984548855,-515.8952373802973,-447.27611984548855,-0.015630603615734782
2011-04-18,11.64642,12.683197,11.434271,12.524846,11.81036317803322,12.212680993309348,10.813132186996498,7.345217092169456,-0.12400876663319638,0.43472343614995346,0.5587322027831498,0,,,5.76397246112423,11.296609336882959,,,,,,,57.893079114881935,,,12.840224006667668,12.323925854298361,,,,,60,100,-40,,,,,,,,,,,,-463.225916237218,-524.8233760384251,-463.225916237218,-0.004446722238389623
2011-04-25,12.512134,12.678201,12.339988,12.504626,11.706714236745134,12.271069994647478,10.879465277702517,7.396554494237422,-0.10399589150652022,0.4287373383999995,0.5327332299065197,0,,,16.35060391250773,9.074615941545554,,,,,,,57.646406766211754,,,20.795185839763526,15.2831378190414,,,,,60,100,-40,,,,,,9.074615941545554,,,,,,-531.7302951031784,-589.4009440314387,-531.7302951031784,-0.005874384413566542
2011-05-02,12.490701,12.565347,12.339273,12.380699,11.740570648406196,12.292995795717982,10.93833718838085,7.446147971906701,-0.09876613140427593,0.40927556565117484,0.5080416970554508,0,,,20.742145530395735,14.285573968009254,,,,,,,56.06042887933694,,,31.0362010945396,25.434039552150463,31.0362010945396,,,,60,100,-40,,,,,,,,,,,,-465.96115053896403,-520.4189542075408,-465.96115053896403,-0.010780113312880072
2011-05-09,12.423563,12.499988,12.155349,12.160702,11.788028602091467,12.266537036574386,10.986273063346307,7.493058957260863,-0.10898214904030157,0.3718140107550738,0.4807961597953754,0,,,17.002174150049484,18.03164119765101,,,,,18.03164119765101,,53.24332425192374,,,29.742377276834624,30.607587762770915,,,,,60,100,-40,,,,,,18.03164119765101,,,,,,-435.7863958955161,-487.6155079879879,-435.7863958955161,-0.05338868855372817
2011-05-16,12.114272,12.229061,11.811773,11.97213,11.81515884479922,12.20765562925951,11.024934119685668,7.537626828332894,-0.1260898779546299,0.32318381235208804,0.44927369030671793,0,,,1.9949541101967831,13.246424596880692,,,,,,,50.869614769164315,,,22.621363474716745,27.689564094315145,,,,,60,100,-40,,,,,,,,,,,,-354.7343239145131,-417.13996108108097,-354.7343239145131,-0.05068739163791955
2011-05-23,11.78463,12.091419,11.764985,12.050342,11.543901784456418,12.176192903407607,11.065146193423484,7.582529466856945,-0.12930746660354347,0.2876393570522886,0.4169468236558321,0,,,-9.537475823450189,3.153217478932051,,,,,,,51.83445884935053,,,14.768658984103688,18.99191190355602,,,,,60,100,-40,,,,,,,,,,,,-335.6917195664198,-399.4781499754299,-335.6917195664198,-0.061682530713829335
2011-05-31,12.182134,12.576133,12.178559,12.2657,11.554566728423818,12.194094322726086,11.112226734857858,7.629128178629513,-0.1146032579225017,0.273692751252705,0.3882960091752067,0,,,-0.38336697317339663,-2.641962895475576,,,,,,,54.49989967492753,,,13.293628122804801,13.671456291344832,,,,,60,100,-40,,,,,,-2.641962895475576,,,,,,-231.9295887361617,-292.3003045253517,-231.9295887361617,-0.12173073338636185
2011-06-06,12.346414,12.394632,11.625346,11.639271,11.550912462107831,12.08312965818087,11.132895137412453,7.669030097250115,-0.14289650855998692,0.20967537347522303,0.35257188203520995,0,,,-13.993529952219399,-7.971457582947636,,,,,,,46.407239744695815,,,11.436262462216746,11.58343273583741,,,,,60,100,-40,,,,,,-7.971457582947636,,,,,,-77.94239078413227,-162.79115824801505,-77.94239078413227,-0.07554805816005486
2011-06-13,11.685701,11.901774,11.36892,11.437846,11.482591214814414,11.954072926544695,11.144853994768827,7.70653075299887,-0.16920810230715339,0.1410617541512682,0.3102698564584216,0,,,-30.976047269300572,-15.117648064897788,,,,,,,44.124886744258596,,,9.344628825556804,10.723537448493621,,,,,60,100,-40,,,,,,,,,,,,1.6834984493463878,-101.37458402110323,1.6834984493463878,-0.11386102567733618
2011-06-20,11.334095,11.898199,11.089275,11.655349,11.480915985184813,11.894328141235755,11.164873406738677,7.745822476849628,-0.1657776689242263,0.10304777030313872,0.268825439227365,0,,,-40.624018321157834,-28.531198514225935,,,,,,,47.164622803560356,,,7.305361655108884,8.466383925358464,,7.305361655108884,,,60,100,-40,,,,,,,,,,,,-14.986228541443865,-112.94284147181176,-14.986228541443865,-0.12834736081356884
2011-06-27,11.699634,12.267845,11.687488,12.259274,11.439921843385898,11.967317312988603,11.20779107706265,7.790732442254109,-0.11884694799282425,0.1202667542363347,0.23911370222915895,0,,,-29.643943580678474,-33.74800305704563,,,,,,,54.59485504162946,,,22.70924500825434,14.88213740099699,,,,,60,100,-40,,,,,,-33.74800305704563,,,,,,-124.98873244299955,-224.22596120420965,-124.98873244299955,-0.12170725010238187
2011-07-05,12.249988,12.85713,12.232131,12.846771,11.751841997429763,12.143208050390882,11.272064799530781,7.841041283624715,-0.04788879585366815,0.17925270741207378,0.22714150326574192,0,,,-6.510813177484575,-25.592925026440295,,,,,,,60.45553530408955,,,48.69323929929185,33.51679264973867,,,,,60,100,-40,,,,,,,,,,,,-160.44532654427235,-244.36669553071698,-160.44532654427235,-0.03441627189986719
2011-07-11,12.726419,13.035701,12.450706,13.032841,11.926835640470493,12.321134640312705,11.341114846608006,7.892700982295116,0.008900556009212995,0.23826719827725817,0.22936664226804518,0,,,11.36982797925203,-8.261642926303672,,,,,,,62.13256835861609,,,76.44012635893883,61.82157282055859,,,,,60,100,-40,,,,,,,,,,,,-140.3643580816774,-218.118205434223,-140.3643580816774,-0.037555444397594596
2011-07-18,13.051056,14.152487,13.045702,14.046416,12.935840309008316,12.666190912250164,11.447205087917496,7.953931977496159,0.1066213364194869,0.3626433127924038,0.2560219763729169,0,,,32.91836531000356,12.592460037257007,,,,,,,69.71243995254706,69.71243995254706,,92.48806097436068,84.97612194872136,,,,,60,100,-40,,,,,,,,,,,,-173.02538388500878,-245.73307717345523,-173.02538388500878,-0.026699749130548442
2011-07-25,13.941061,14.446414,13.714272,13.9457,12.855217715507722,12.92209272980013,11.545185280548182,8.013551559809631,0.15351999845865716,0.4479219744462384,0.2944019759875812,0,,,46.32357330031882,30.203922196524804,,,,,,,68.24198297695365,,,97.35298407663338,96.44116201264644,97.35298407663338,,,,60,100,-40,,,,,,,,,,,,-70.6571322695526,-157.41797223282697,-70.6571322695526,-0.04316750204607459
2011-08-01,14.206415,14.267843,12.948918,13.343562,12.835711592971455,13.006386583840104,11.615709857781587,8.06658648956277,0.13375635217323767,0.4615974162041283,0.32784106403089064,0,,,47.898688380303916,42.38020899687543,,,,,,,60.039608998249996,,,90.65353037763676,94.89296672397346,,,,,60,100,-40,,,,,,,,,,,,251.2805281430933,115.74893180950525,251.2805281430933,-0.01958240943929242
2011-08-08,12.917485,13.558554,12.607845,13.463915,12.733772622044924,13.097892267072083,11.68818849080976,8.120291250860653,0.11904893545620432,0.47665223335114604,0.3576032978949417,0,,,43.9926707127992,46.07164413114065,,,46.07164413114065,,46.07164413114065,,61.05324538838139,,,81.35093958934327,86.84519483765172,,,,,60,100,-40,,,,,,46.07164413114065,,,,106,,251.04770484434908,128.3400351168679,251.04770484434908,0.017783488047950272
2011-08-15,13.558196,13.748914,12.714273,12.715345,12.691717291898858,13.021382813657667,11.728469138228984,8.166013178712786,0.052557680061886436,0.4233003979722998,0.37074271791041336,0,,,37.855392817324464,43.24891730347586,,,,,,,52.14131039076173,,,63.87981589212512,72.50760253914628,,,,,60,100,-40,,,,,,,,,,,,459.0390312362856,319.5509378228919,459.0390312362856,-0.01928026058632511
2011-08-22,13.018202,13.707131,12.681776,13.699275,12.640675628191797,13.156961250926134,11.805755642612162,8.221070510267882,0.0675392122635915,0.45516673323990275,0.38762752097631126,0,,,38.689773608666094,40.179279046263254,,,,,,,60.37707112484555,,,58.87647914716284,62.215417970116114,,,,,60,100,-40,,,,,,,,,,,,458.3046619205973,323.26894912782063,458.3046619205973,0.0833348273707052
2011-08-29,13.863555,14.002846,13.279632,13.358917,12.59460636903524,13.197352400740908,11.866663931137175,8.272193360911983,0.048134050758179,0.44779508442403504,0.39966103366585604,0,,,41.99890514340391,39.51469052313149,,,,,,,56.71937026068207,,,51.647259354350766,53.521022069503765,,51.647259354350766,,,60,100,-40,,,,,,39.51469052313149,,,,,,448.6129052077615,322.67459474094414,448.6129052077615,0.08285475162270954
2011-09-06,13.120348,13.878919,13.088558,13.481414,12.594990771247009,13.254164720592726,11.929987463249443,8.324026402096939,0.03762184399786139,0.4466883386631828,0.4090664946653214,0,,,42.16121432087028,40.94996435764676,,,,,,,57.71808708640494,,,55.610924063256896,54.13322127248028,,,,,60,100,-40,,,,,,,,,,,,517.9560133518048,382.18830478804523,517.9560133518048,0.045058004306064034
2011-09-12,13.321415,14.303662,13.282126,14.303557,12.842896287586507,13.464043176474181,12.023068621553387,8.383524218991496,0.07779866166236349,0.5063148217432758,0.4285161600809123,0,,,50.118487810356854,44.759535758210355,,,,,,,63.792823895734244,,,58.74088772488858,56.0859747357521,,,,,60,100,-40,,,,,,,,,,,,432.8731018332948,305.4267948265824,432.8731018332948,0.09925558674385353
2011-09-19,14.178557,15.102132,14.114436,14.439273,12.937011481330329,13.659089141179345,12.117821734433646,8.4437804257677,0.10365675624738901,0.5580871053901486,0.4544303491427596,0,,,61.05062634466924,51.11010949196547,,,,,,,64.69979990663937,64.69979990663937,,66.907065096993,63.074639440511135,66.907065096993,,,,60,100,-40,,,,,,,,,,,,522.3507196817867,353.53101394902194,522.3507196817867,0.0922439994814816
2011-09-26,14.280704,14.616057,13.613555,13.61856,12.90321644694959,13.650983312943476,12.176674215436249,8.495270769789913,0.05791130945678297,0.5268194859637383,0.4689081765069553,0,,,57.47041318449098,56.21317577983903,,,56.21317577983903,,56.21317577983903,,55.578976292065846,,,61.5481974104442,63.80792157209708,,,,,60,100,-40,,,,,,,,,,,,630.1051342850983,421.0708295946543,630.1051342850983,0.05806670154855706
2011-10-03,13.584634,13.74213,12.651416,13.207131,12.869720200738906,13.562212850354781,12.21708428541914,8.542154951185038,-0.004328240835982711,0.46349787546197696,0.46782611629795967,0,,,39.677344096289104,52.732794541816446,,,,,,,51.62649811583533,,,43.8134387241651,54.41371036264909,,,,,60,100,-40,,,,,,52.732794541816446,,,,,,557.3587462332622,373.60340603198983,557.3587462332622,0.06500375410738267
2011-10-10,13.538918,15.071414,13.507485,15.071414,13.458155829257556,13.864053080283824,12.329018784030154,8.607122702914541,0.07159721271051367,0.5573226321861018,0.4857254194755881,0,,,48.97622858480757,48.70799528852922,,,,,,,64.1436187930873,64.1436187930873,,35.61768716109189,40.93425366416405,,,,,60,100,-40,,,,,,48.70799528852922,,,,,,450.5662469181236,290.2209685716281,450.5662469181236,0.09260327992223881
2011-10-17,15.062127,15.239269,13.955343,14.031062,13.307062412882017,13.89745486422706,12.395765576813286,8.661092248159173,0.044611471753345344,0.5414897591672698,0.4968782874139245,0,,,51.53253783781837,46.72870350630502,,,,,,,55.46679882812368,,,31.117412693686454,31.437278282768435,,31.117412693686454,,,60,100,-40,,,,,,,,,,,,359.55420202391934,218.3626106495139,359.55420202391934,0.04586636675784496
2011-10-24,14.149269,14.607128,14.041089,14.462484,13.249669526247587,14.010460691381647,12.476813358114725,8.718817539222266,0.048361124714703774,0.5573296933073042,0.5089685685926004,0,,,51.49050171909022,50.66642271390538,,,,,,,58.01805335599207,,,39.500370353218344,35.02485211726522,39.500370353218344,,,,60,100,-40,,,,,,,,,,,,265.9988925650249,139.56940871323866,265.9988925650249,0.09855714347714435
2011-10-31,14.372126,14.618917,14.043556,14.294271,13.297498988658473,14.067222753105318,12.548086206816109,8.774294688085726,0.032801034507444315,0.5499698617269058,0.5171688272194614,0,,,49.56697568185989,50.86333841292282,,,50.86333841292282,,50.86333841292282,,56.647271815566526,,,34.84137886365585,36.11404835527191,,,,,60,100,-40,,,,,,50.86333841292282,,,,106,,217.6354575532022,100.55678894719527,217.6354575532022,0.12274464925648777
2011-11-07,14.282483,14.571414,13.580701,13.736419,13.342012775182868,14.001062002484254,12.59468749282332,8.823669059348555,-0.018986953890379743,0.4934351348564867,0.5124220887468665,0,,,39.67015619923139,46.9092112000605,,,,,,,52.21504200536429,,,31.241629130565997,35.00696405558581,,,,,60,100,-40,,,,,,,,,,,,194.42901072534727,75.00100913861431,194.42901072534727,0.07360944062456604
2011-11-14,13.69713,13.969268,13.388554,13.390699,13.324011005526948,13.878989401987402,12.62590363035966,8.869112143335137,-0.07718603132607293,0.41593954958927526,0.4931255809153482,0,,,23.229157108875523,37.4887629966556,,,,,,,49.60905730140054,,,19.70613574358379,25.11431876618839,,,,,60,100,-40,,,,,,,,,,,,225.44191786619322,90.45537111341173,225.44191786619322,0.008403140308818717
2011-11-21,13.228555,13.497484,12.975704,12.984632,13.365866362275025,13.700117921589921,12.639971409561243,8.91006258967011,-0.14002784533855772,0.31809077424215104,0.45811861958070876,0,,,4.064204326442564,22.321172544849826,,,,,,,46.64673197029797,,,7.803446733264984,14.345285098263835,,7.803446733264984,,,60,100,-40,,,,,,,,,,,,319.9070237087035,180.37257636551868,319.9070237087035,-0.04573988931097141
2011-11-28,13.298205,14.058196,13.221414,13.917841,13.413151193541093,13.743662537271938,12.690083942519625,8.959891230568914,-0.11669674764959942,0.3122476850187095,0.4289444326683089,0,,,2.0332855838494313,9.775549006389172,,,,,,,53.55202192189806,,,11.276394452835653,9.528087498729157,,,,,60,100,-40,,,,,,,,,,,,253.56029212530288,127.5775624808789,253.56029212530288,-0.062034976044494074
2011-12-05,14.0532,14.157483,13.812931,14.057847,13.3782322511453,13.806499429817551,12.743721709479638,9.010617158622955,-0.09093157994650708,0.31527995773517503,0.4062115376816821,0,,,7.730302182500068,4.609264030930686,,,,,,,54.508944371648404,,,20.908948884394228,14.026051885999182,,,,,60,100,-40,,,,,,4.609264030930686,,,,,,222.00387537524784,92.56346021162818,222.00387537524784,-0.10081903106125137
2011-12-12,13.988555,14.121411,13.488555,13.607844,13.449952090349209,13.766768343854041,12.777608858127495,9.056360709283423,-0.10243718152737735,0.2781650607724604,0.38060224229983775,0,,,3.857670715878956,4.540419494076151,,,,,,,50.86039265922734,,,30.631938482456786,25.520106063661245,,,,,60,100,-40,,,,,,4.540419494076151,,,,,,257.0940798524755,100.27919471860486,257.0940798524755,-0.10289394664198243
2011-12-19,13.659628,14.413917,13.588557,14.404631,13.475362798181408,13.894340875083232,12.841413648004849,9.109577329091548,-0.05689953646483381,0.30947782171879545,0.36637735818362926,0,,,13.434204652861848,8.340725850413625,,,,,,,56.45169443812528,,,37.832855319698105,34.80033185585945,,,,,60,100,-40,,,,,,8.340725850413625,,,,,,220.34970169747993,61.1375229515858,220.34970169747993,-0.05199566855147941
2011-12-27,14.396418,14.610346,14.303915,14.464271,13.471457884025593,14.008326900066585,12.905055112788972,9.162857863130439,-0.024908761996102313,0.33524140568850136,0.3601501676846037,0,,,27.12640807854833,14.806094482429712,,,,,,,56.84982118229535,,,43.13610433556803,40.72033958898128,,,,,60,100,-40,,,,,,,,,,,,214.8315741161199,42.74888241493386,214.8315741161199,-0.12775905292879522
2012-01-03,14.62141,15.098199,14.607128,15.085696,13.556246606595193,14.223800720053267,12.990570441699209,9.22179157593511,0.032822665545945484,0.40117849961703556,0.36835583407109007,0,,,42.50420581104671,27.68827284748563,,,,,,,60.88621158897896,60.88621158897896,,57.313708282094694,50.261166107470224,,,,,60,100,-40,,,,,,,,,,,,169.40765154955267,14.976358339491327,169.40765154955267,-0.04390726469867913
2012-01-09,15.196413,15.27677,14.952125,14.993201,13.574931848981251,14.377680776042613,13.069104973397279,9.279218535378542,0.058025942879784964,0.44088826267082126,0.3828623197910363,0,,,51.981120750138864,40.537244879911306,,,,,,,59.9814807575719,,,65.9184397263082,60.43874974787258,,,,,60,100,-40,,,,,,,,,,,,125.87898763145216,-8.655706813143453,125.87898763145216,-0.1422014452550369
2012-01-17,15.149983,15.406017,14.991056,15.010701,13.636465716911163,14.50428482083409,13.145245994048366,9.336248211643431,0.06840737946418707,0.46837154412127013,0.39996416465708307,0,,,56.9760464139641,50.4871243250499,,,,,,,60.10299373012438,,,78.34091785269656,73.11155396671403,,,,,60,100,-40,,,,,,,,,,,,57.53735351664268,-53.445578301662806,57.53735351664268,-0.13186813404670747
2012-01-23,15.095339,16.230339,14.983915,15.974271,14.569277022846078,14.798282056667272,13.256188151144508,9.40229818963703,0.12917462430613702,0.5614324450397543,0.4322578207336173,0,,,65.1892761658338,58.04881444331226,,,,,,,66.22106951828758,,,85.91960769322714,81.70190670746929,,,,,60,100,-40,,,,,,,,,,,,-3.833074395474192,-97.36456406499684,-3.833074395474192,-0.09711583760929272
2012-01-30,15.918197,16.428555,15.906766,16.417124,14.93442616407136,15.122050445333818,13.380146419727076,9.472097451431686,0.18481184069260098,0.6632726215993685,0.4784607809067675,0,,,72.44709307270527,64.87080521750106,,,,,,,68.61717024879206,,,94.47956738632207,90.66668129757706,,,,,60,100,-40,,,,,,,,,,,,-208.59069723266066,-293.29827968954294,-208.59069723266066,-0.12541991696720528
2012-02-06,16.370694,17.772129,16.364303,17.622122,16.17078986663769,15.622064756267054,13.54649840326719,9.553192223059233,0.282534149630997,0.8316284679455137,0.5490943183145167,0,,,80.92185687461493,72.852742037718,,,,,,,74.04440913495587,,,98.07162702567535,96.1432540513507,,,,,60,100,-40,,,,,,,,,,,,-196.11966137217695,-273.60768338235334,-196.11966137217695,-0.05141570008060664
2012-02-13,17.84034,18.796054,17.379621,17.932843,16.38405944759214,16.084220405013642,13.718511916864555,9.636571832780037,0.34379719292054,0.9788408094651917,0.6350436165446517,0,,,86.73503874467622,80.03466289733214,,,,,,,75.24052868891468,,,99.71540891251118,99.43081782502236,,,,,60,100,-40,,,,,,,,,,,,-255.00699566814475,-323.86083185828903,-255.00699566814475,0.0008939556403023157
2012-02-21,18.102835,18.674978,18.004272,18.657478,17.01697427276413,16.598871924010915,13.91219686130124,9.726332093150384,0.40462820602885585,1.1408288740807215,0.7362006680518657,0,,,88.75742585295,85.47144049074706,,,,,,,77.82258335675944,,,100,100,,,,,60,100,-40,,,,,,,,,,,,-291.3693600921184,-351.34068061132734,-291.3693600921184,0.04752348835962226
2012-02-27,18.618198,19.578908,18.438554,19.470692,17.84134782470955,17.17323593920873,14.130177062818838,9.823290898193664,0.46673024407766583,1.319613473148948,0.8528832290712821,0,,,90.00446398527907,88.49897619430176,,,,,,,80.31798915092837,,,100,100,,,,,60,100,-40,,,,,,,,,,,,-264.7567491662787,-324.7332841365406,-264.7567491662787,0.04530306679748234
2012-03-05,19.479263,19.562123,18.436444,19.470335,17.794821837230295,17.632655751366983,14.339595021139667,9.919281386768851,0.4733894712761889,1.4446200681665182,0.9712305968903293,0,,,87.6774177500951,88.8131025294414,,,,,,,80.31369135998285,,,99.99737138087085,99.99868569043542,,,,,60,100,-40,,,,,,88.8131025294414,,105,,,,-309.34643113604625,-365.69086883898774,-309.34643113604625,0.19856548139074603
2012-03-12,19.606478,21.428907,19.535695,20.913196,19.196219563142417,18.288763801093587,14.597383294820464,10.028673571975132,0.5359729818236076,1.641196824169839,1.1052238423462313,0,,,89.31424409736026,88.99870861091149,,,88.99870861091149,,88.99870861091149,,84.05047949872323,,,99.99671422608856,99.99737138087085,,,,,60,100,-40,,,,,,88.99870861091149,,,,,,-359.46526183858333,-413.74707450462637,-359.46526183858333,0.2105705759537102
2012-03-19,21.37034,21.773189,20.785694,21.28748,19.413348737203673,18.88850704087487,14.859740028356915,10.140701496632095,0.5609123401124116,1.806364267486746,1.2454519273743343,0,,,89.45552936362576,88.8157304036937,,,,,,,84.85818138868888,,,99.99605707130627,99.99605707130627,,99.99605707130627,,,60,100,-40,,,,,,,,,,,,-336.8352142315682,-386.70215186742155,-336.8352142315682,0.21081304998423464
2012-03-26,21.421051,22.194619,21.259265,21.41248,19.531144541689123,19.393301632699895,15.116710223323311,10.252858496665606,0.5437625554909591,1.9251551217380332,1.381392566247074,0,,,87.72979255296376,88.83318867131659,,,,,,,85.13061909290214,,,99.99868569043542,99.99737138087085,,,,,60,100,-40,,,,,,88.83318867131659,,105,,,,-347.41062982582855,-404.5744878915267,-347.41062982582855,0.2003786178619199
2012-04-02,21.49391,22.666403,21.442117,22.631403,20.750826645854186,20.040921906159916,15.41140405770279,10.37602809371371,0.5697033969446821,2.0935218124279267,1.5238184154832446,0,,,86.00578994345817,87.73037062001589,,,,,,,87.50547510954986,87.50547510954986,,99.99934284521771,99.99868569043542,99.99934284521771,,,,60,100,-40,,,,,,,,,,,,-290.60869713022333,-352.8336719112491,-290.60869713022333,0.29785141091483724
2012-04-09,22.361759,22.999977,21.553907,21.615335,20.706021671150317,20.355804524927933,15.654695467204641,10.487861993278749,0.47736237268966586,2.120521381345327,1.6431590086556611,0,,,81.70976726157788,85.14844991933326,,,,,,,76.4754822788228,,,92.72726303153884,96.36363151576943,,,,,60,100,-40,,,,,,,,,,,,-249.58893401563728,-316.8639133819311,-249.58893401563728,0.24550858542085868
2012-04-16,21.787837,22.151764,20.37212,20.46355,20.636967480353867,20.377353619942348,15.843277997902499,10.587122570460055,0.30597608829852496,2.0256291190288174,1.7196530307302924,0,,,72.37929892180686,80.03161870894763,,,,,,,66.22441907982451,,,76.00422360528904,85.27483543947157,,,,,60,100,-40,,,,,,,,,,,,-226.0273096491578,-290.1613836761254,-226.0273096491578,0.11913344934479637
2012-04-23,20.378912,22.071407,19.821409,21.535693,20.525192303185733,20.60902149595388,16.066509958769068,10.69606356975896,0.23525862650626816,2.0137263138631276,1.7784676873568595,0,,,65.06563058287355,73.05156558875275,,,,,,,70.24631518096793,,,55.16980982666614,66.54103149293675,,,,,60,100,-40,,,,,,,,,,,,-285.8405260765836,-347.40476846228444,-285.8405260765836,0.13966630169726543
2012-04-30,21.34998,21.371404,20.18462,20.18748,20.354207638672467,20.524713196763102,16.228116627052632,10.790505524288722,0.07634789111722773,1.8739025512533942,1.7975546601361665,0,,,54.94820861846307,64.13104604104781,,,,,,,60.441660369709304,,,32.67160684175296,43.968853403751986,,,,,60,100,-40,,,,,,,,,,,,-197.50588497175022,-268.78571965095995,-197.50588497175022,0.11200622070701362
2012-05-07,20.053551,20.567118,19.954622,20.239621,20.32385402162443,20.46769475741048,16.38543052403096,10.884526573798286,-0.0403170077277355,1.747158400476497,1.7874754082042326,0,,,43.69251797227018,54.56878572453559,,,,,,,60.671644305169906,,,17.994463501440876,25.2904688607578,,,,,60,100,-40,,,,,,,,,,,,-126.14117861325016,-204.46104335078545,-126.14117861325016,0.08397801443309393
2012-05-14,20.091768,20.268194,18.649265,18.94212,20.40117952007983,20.162579805928385,16.485692856421903,10.964701632765468,-0.21042637670196518,1.5244424373267762,1.7348688140287414,0,,,26.742604958597916,41.794443849777046,,,,,,,52.45103578609174,,,5.545568683314048,10.790988947126499,,5.545568683314048,,,60,100,-40,,,,,,,,,,,,61.339035680068044,-61.83176274155173,61.339035680068044,0.04820129652982811
2012-05-21,19.089267,20.589265,19.073197,20.081767,20.32920562578841,20.146417244742707,16.62671537185634,11.05541870109616,-0.24910359393246706,1.4234893216131574,1.6725929155456245,0,,,19.137733354526365,29.857618761798147,,,,,,,57.88126627772424,,,5.692120645900852,5.595711963356817,,,,,60,100,-40,,,,,,,,,,,,70.18648373823751,-43.31689678854232,70.18648373823751,0.043617434925585695
2012-05-29,20.389262,20.767836,20.018552,20.035337,20.258341866803526,20.124201195794164,16.76038680825413,11.144771121980776,-0.27849906684442916,1.3244690819900882,1.6029681488345173,0,,,17.00706539047033,20.962467901198195,,,,,,,57.590982923767214,,,8.126982681634765,5.585660777804009,,,,,60,100,-40,,,,,,,,,,,,176.51621396764887,50.92253899119264,176.51621396764887,0.028464648516658017
2012-06-04,20.053551,20.735121,19.589266,20.725696,20.320805662031844,20.244500156635333,16.915889129499064,11.240103707831715,-0.2528810545565794,1.2868668306387931,1.5397478851953725,0,,,16.259128245174594,17.467975663390423,,,,,,,60.760857173574585,60.760857173574585,,15.37689404844296,11.802655502699087,,,,,60,100,-40,,,,,,,,,,,,132.60417506444003,17.118440992794,132.60417506444003,0.08055022372858679
2012-06-11,20.989978,21.017836,20.239264,20.504618,20.322154757600998,20.296523725308266,17.056623595008904,11.332287929644334,-0.2517140070507602,1.2251053763819222,1.4768193834326824,0,,,19.203990784326866,17.49006147332392,,,,,,,59.22510096684261,,,18.38217285959767,16.595945724711928,,,,,60,100,-40,,,,,,17.49006147332392,,,,,,100.31250687090545,-16.90309373316854,100.31250687090545,0.04603502109262931
2012-06-18,20.391407,21.071408,20.370341,20.789268,20.375876489200927,20.395072580246612,17.20300180696934,11.426387233826977,-0.23308544250936514,1.185462580295976,1.418548022805341,0,,,23.584412375446036,19.682510468315822,,,,,,,60.61368295349284,,,21.88088093828027,20.720323616307702,,,,,60,100,-40,,,,,,,,,,,,67.52841471255898,-46.55707669077426,67.52841471255898,0.027234286199702123
2012-06-25,20.617838,20.857122,20.200341,20.857122,19.42076509711515,20.48748246419729,17.34630063806858,11.52022539070432,-0.21779304288457269,1.1463067191996252,1.364099762084198,0,,,24.58359319656398,22.45733211877895,,,,,,,60.95704139232384,,,22.6297373626575,22.117328245012818,,,,,60,100,-40,,,,,,,,,,,,-35.658569780633584,-149.91033547426983,-35.658569780633584,0.01963522660295473
2012-07-02,20.883193,21.940696,20.84284,21.638546,19.506905233035496,20.717695171357832,17.514623985595303,11.620905197761989,-0.15935857488496774,1.1649015434779884,1.324260118362956,0,,,37.55774130580516,28.575248959271715,,,,,,,64.78687828579896,64.78687828579896,,26.68605132872736,24.88892184950244,,,,,60,100,-40,,,,,,,,,,,,-56.44792072960932,-156.29027447894805,-56.44792072960932,0.0484557896080714
2012-07-09,21.617837,22.138196,21.167119,21.606049,19.502328716390103,20.895365937086265,17.67507202537588,11.720259862460875,-0.1285260519247562,1.163602553457011,1.292128605381767,0,,,46.21120183004856,36.11751211080589,,,,,,,64.50182360135021,,,33.03159214373352,29.42212789393038,,,,,60,100,-40,,,,,,,,,,,,-106.18466241513491,-202.41931548277566,-106.18466241513491,0.009685165943112013
2012-07-16,21.611411,21.976767,21.541046,21.582123,19.516190379505097,21.03271734966901,17.828289710655255,11.818387853879175,-0.11577026711153549,1.1474157714923479,1.2631860386038833,0,,,51.05335712419665,44.94076675335011,,,,,,,64.27625397481994,,,43.62320966193284,38.09266413133866,,,,,60,100,-40,,,,,,,,,,,,-63.24199652147399,-168.34307630408918,-63.24199652147399,-0.06306762185999785
2012-07-23,21.228547,21.774261,20.357123,20.898547,19.60554135239759,21.005883279735208,17.948691957296226,11.908737696129133,-0.15684676896273642,1.0671275774004627,1.2239743463631991,0,,,43.03007945300824,46.76487946908447,,,,,,,57.99850115350036,,,45.45383701495649,44.17562140399417,,,,,60,100,-40,,,,,,46.76487946908447,,,,,,-79.92526988120599,-179.553426066982,-79.92526988120599,-0.12802921287745744
2012-07-30,21.104262,22.070692,20.993553,21.989262,19.89902368436919,21.202559023788165,18.10714568446108,12.009041420545758,-0.11592241502174505,1.0790713275860178,1.1949937426077628,0,,,47.770812245378465,47.28474960752777,,,,,,,64.06523626694434,,,56.909199832606646,52.42605187091478,,,,,60,100,-40,,,,,,47.28474960752777,,,,,,-78.1206753573504,-164.18007587298533,-78.1206753573504,-0.1430192180047237
2012-08-06,22.046051,22.321406,21.97355,22.203547,20.095162135485676,21.402756619030534,18.267788873305744,12.110479287007989,-0.08141434001583625,1.0932258175879674,1.1746401576038037,0,,,55.629148213931344,48.81001330410601,,,,,,,65.13699649280073,,,67.24036413661675,60.65128217336271,,,,,60,100,-40,,,,,,,,,,,,-61.189643474195776,-147.96551662335162,-61.189643474195776,-0.14221233483498996
2012-08-13,22.263902,23.149618,22.258906,23.146766,21.13928634009384,21.751558495224426,18.459121309646694,12.220293085147212,-0.006032409949571438,1.1670996451668394,1.1731320551164108,0,,,65.20155361551173,56.20050469160717,,,,,,,69.47789996736289,,,87.56216522430982,77.58653108569725,,,,,60,100,-40,,,,,,,,,,,,-107.33698102434201,-187.4263317827422,-107.33698102434201,-0.06867312992934115
2012-08-20,23.21462,24.102829,23.146766,23.686473,21.687231744372852,22.13854139617954,18.664115493582116,12.334384427583558,0.06527937119366878,1.2547312691084969,1.189451897914828,0,,,74.15347168259657,64.9947245040132,,,,,,,71.66489488604815,,,95.22787424379888,90.45574848759775,,,,,60,100,-40,,,,,,,,,,,,-101.45752992900711,-183.34881691315275,-101.45752992900711,-0.11312507060744768
2012-08-27,24.285333,24.316766,23.473191,23.758547,21.765528262631936,22.462542516943632,18.86389712128478,12.448057687010587,0.10030974996353215,1.3148390853692433,1.2145293354057112,0,,,77.85185208707036,72.40229246172622,,,,,,,71.95560631012233,,,99.58963322715374,99.17926645430748,,,,,60,100,-40,,,,,,,,,,,,-110.28343357827858,-188.19448656530682,-110.28343357827858,-0.055700014834963965
2012-09-04,23.777119,24.374261,23.732119,24.301402,22.330231029586795,22.830314413554905,19.077132606724593,12.566001411517945,0.14057881565225605,1.3902528549710311,1.249674039318775,0,,,79.26130099799973,77.08887492255555,,,,,,,74.12199042632503,,,100,100,,,,,60,100,-40,,,,,,,,,,,,-191.14099110950065,-267.6136708261601,-191.14099110950065,0.07061111688926203
2012-09-10,24.30176,24.892117,23.428548,24.688548,22.766440384616313,23.201961130843923,19.297188112343235,12.686623765632195,0.171763025674188,1.4643778214115102,1.2926147957373222,0,,,78.87041188014294,78.66118832173767,,,,,,,75.57945434398107,,,100,100,,,,,60,100,-40,,,,,,,,,,,,-333.6608109077733,-411.68391249413105,-333.6608109077733,0.07370581966331388
2012-09-17,24.976764,25.181049,24.772122,25.003367,23.00947150000086,23.562242304675138,19.520959833427813,12.809178424680631,0.19061107349772288,1.5308786376094758,1.340267564111753,0,,,79.98548999052029,79.37240095622097,,,79.37240095622097,,79.37240095622097,,76.73381213373617,76.73381213373617,,100,100,,,,,60,100,-40,,,,,,,,,,106,,-413.9042998336327,-488.6504738588345,-413.9042998336327,0.14156222109516156
2012-09-24,24.530694,24.825694,23.583909,23.825154,23.08153532142937,23.61482464374011,19.689751761528683,12.91879012194749,0.10502275259647353,1.4715460048573448,1.3665232522608712,0,,,72.56167719845877,77.13919302304066,,,,,,,64.39288139970354,,,85.92003361904986,92.96001680952493,,,,,60,100,-40,,,,,,77.13919302304066,,105,,,,-390.4671544093358,-466.1685695208646,-390.4671544093358,0.1003461256658373
2012-10-01,23.969973,24.169619,23.237473,23.306766,23.01602929847013,23.553212914992088,19.83159545715501,13.022153066007714,0.0003315421882557068,1.366937679996191,1.3666061378079353,0,,,61.316585535591074,71.28791757485669,,,,,,,59.808141689585945,,,62.66230452490815,76.05116486959777,,,,,60,100,-40,,,,,,,,,,,,-419.47312633491106,-500.5015568807074,-419.47312633491106,0.0920453895923974
2012-10-08,23.10283,23.127122,22.269622,22.489767,23.024818277150835,23.34052373199367,19.935837478443048,13.116358179778782,-0.1299023150968086,1.2042282439369245,1.3341305590337331,0,,,42.42489690432167,58.76771987945716,,,,,,,53.32565390922922,,,31.985656332722353,48.03120181855951,,,,,60,100,-40,,,,,,,,,,,,-327.75073972856364,-409.50127381148786,-327.75073972856364,0.03418039060717823
2012-10-15,22.58391,23.313907,21.772125,21.779981,23.017979757354347,23.028415185594937,20.008156832229595,13.202563381970037,-0.2621805777573214,1.0064048368370813,1.2685854145944027,0,,,25.089038560379937,42.943507000097554,,,,,,,48.38937777390414,,,13.353410561168669,22.980094037360264,,,,,60,100,-40,,,,,,,,,,,,-223.61424159609754,-325.9555876639446,-223.61424159609754,0.016217736510424175
2012-10-22,21.872118,22.692116,21.107122,21.571407,22.939538560400464,22.73701354847595,20.069460760377453,13.28583545777133,-0.3562222475045598,0.8233076052137029,1.1795298527182627,0,,,8.498700914764733,25.33754545982211,,,,,,,47.004233290018576,,,3.277806321977047,6.5556126439540945,,,,,60,100,-40,,,,,,,,,,,,-152.0480158513525,-263.05457172504566,-152.0480158513525,-0.06481100642452306
2012-10-29,21.245689,21.535693,20.526765,20.599981,22.860527163229005,22.30960703878076,20.090265475656768,13.358613025355696,-0.4692396717752345,0.5929802629992196,1.062219934774454,0,,,-8.760987371804728,8.275584034446647,,,,,,,41.072187050115,,,0.6211211808295134,1.242242361659028,,,,,60,100,-40,,,,,,,,,,,,-133.49383115110658,-242.49919504776466,-133.49383115110658,-0.08012046310961948
2012-11-05,20.839797,21.097836,19.061408,19.53784,22.86435258014122,21.75525363102461,20.068601731513365,13.420097870874544,-0.5929458984708532,0.3210375616858876,0.9139834601567408,0,,,-24.569607786882464,-8.277298081307487,,,,,,,35.73089841248675,,,9.86864910777917e-16,3.157967714489334e-15,,,,,60,100,-40,,,,,,,,,,,,-17.4040436690872,-132.0447959481711,-17.4040436690872,-0.12832104232292316
2012-11-12,19.791048,19.803552,18.062482,18.845623,22.72622103870256,21.173327504819685,20.02064178125794,13.474083195542459,-0.6919076455183568,0.049098903258794735,0.7410065487771516,0,,,-37.77093660318214,-23.70051058728978,,,,,,,32.72610428498194,,,9.86864910777917e-16,3.157967714489334e-15,,,,,60,100,-40,,,,,,,,,,,,142.1239642707468,-4.40028759395819,142.1239642707468,-0.1621038689494731
2012-11-19,19.311042,20.428551,19.281405,20.410694,22.640150035938092,21.02080080385575,20.035937946698805,13.543104198571887,-0.6245404495895807,-0.0396690132098243,0.5848714363797564,0,,,-39.70476151405427,-34.01510196803962,,,,,,,44.21640016509763,,,6.1869543023027,3.0934771511513492,,,,,60,100,-40,,,,,,,,,,,,105.37415258515648,-25.418417122329444,105.37415258515648,-0.13160303362797074
2012-11-26,20.567833,21.223193,20.437837,20.902837,22.58281867622823,20.9972080430846,20.069933988004735,13.616335370725402,-0.5235012986483748,-0.06950518693071217,0.45399611171766263,0,,,-35.304947128214195,-37.5935484151502,,,,,,,47.2836512663181,,,15.484997811551878,10.062606769139451,,,,,60,100,-40,,,,,,-37.5935484151502,,,,,,68.9424884787644,-57.16052310008774,68.9424884787644,-0.11605602149413867
2012-12-03,21.201761,21.235339,18.522477,19.044624,22.63964369935478,20.606691234467682,20.02972575318102,13.67034819290724,-0.5554549215979491,-0.24032254027977373,0.31513238131817534,0,,,-40.134682443319136,-38.38146369519587,,,,,,,38.60172986961416,,,21.880106696470268,18.487008425089723,21.880106696470268,,,,60,100,-40,,,,,,-38.38146369519587,,,,,,47.31658148262543,-70.40406435461722,47.31658148262543,-0.1318801436163182
2012-12-10,18.749981,19.627125,18.056413,18.206909,21.242716363686583,20.126734787574147,19.958242743252352,13.715488101435525,-0.6026989845943119,-0.4382413494247146,0.16445763516959733,0,,,-47.75360654257679,-41.06441203803671,,,,,,,35.42501798704767,,,19.379460236440323,21.234878573673942,,,,,60,100,-40,,,,,,,,,,,,50.53174848578443,-60.3305981083232,50.53174848578443,-0.1709108125691077
2012-12-17,18.176051,19.103549,17.901053,18.547484,20.684400766280397,19.810884630059316,19.902918870967948,13.763567662615271,-0.5804807993384912,-0.5611433640035166,0.019337435334974534,0,,,-51.836387591030494,-46.5748921923088,,,,,,,37.68368095801009,,,13.372411839397738,17.38551763646325,,,,,60,100,-40,,,,,,,,,,,,27.70779421564182,-72.08867117953716,27.70779421564182,-0.1945978240556411
2012-12-24,18.583914,18.723196,18.02355,18.199593,19.8829284258318,19.488626304047454,19.83612177798881,13.807707218211139,-0.5585029951475029,-0.6787913085994042,-0.12028831345190122,0,,,-54.24449928355945,-51.278164472388916,,,,,,,36.27944432262002,,,9.755549841652822,11.598611906211145,,9.755549841652822,,,60,100,-40,,,,,,,,,,,,31.76092254007056,-73.52709460143949,31.76092254007056,-0.2146624926337106
2012-12-31,18.233197,19.821409,18.178553,18.82141,19.2593957525581,19.355183043237965,19.796329159244152,13.857594808079684,-0.47467052951850525,-0.7136264753500328,-0.23895594583152752,0,,,-50.84888189805409,-52.309922924214675,,,,,,-52.309922924214675,40.56779532973921,,,12.97507559330705,10.805486251510208,,,,,60,100,-40,,,,,,-52.309922924214675,,,,,,-80.37742701266953,-168.3403501284505,-80.37742701266953,-0.2511373263588026
2013-01-07,18.642839,18.996049,18.39998,18.582126,18.996169841661093,19.20057163459037,19.748713349077715,13.904605068695806,-0.41033498077725034,-0.7518746718030904,-0.3415396910258401,0,,,-49.52377085657093,-51.539050679394826,,,,,,,39.46069079395496,,,17.8767052831291,14.702640819614146,,,,,60,100,-40,,,,,,,,,,,,-164.85425846491148,-245.00574101418675,-164.85425846491148,-0.2781879881317506
2013-01-14,17.952837,18.241053,17.26355,17.857125,18.4263926386853,18.931882307672296,19.674533413819766,13.943933625226196,-0.39165438539075415,-0.8311076727642828,-0.4394532873735286,0,,,-53.47111128966329,-51.28125468142944,,,,,,,36.21653863104576,,,21.470159431968057,19.783938386421013,21.470159431968057,,,,60,100,-40,,,,,,-51.28125468142944,,,,,,-239.4262114712912,-317.73196992069825,-239.4262114712912,-0.24712554019835334
2013-01-22,18.019984,18.392481,15.535699,15.70998,18.41491352163635,18.287501846137836,19.519060730924874,13.961506225970213,-0.4924339460864383,-1.0549957199815765,-0.5625617738951382,0,,,-61.213696395053965,-54.73619284709607,,,,,,,28.657594434071925,,28.657594434071925,16.963148327157036,19.533361719618306,,,,,60,100,-40,,,,,,,,,,,,-352.25780938560194,-422.68979357148044,-352.25780938560194,-0.3180436887341523
2013-01-28,15.63659,16.521416,15.566417,16.200702,18.184510627233756,17.870141876910267,19.388929015986644,13.983786780935684,-0.49334092121064443,-1.1792379254084437,-0.6858970041977993,0,,,-65.9740747119369,-60.21962746555139,,,,,,,32.163144454008574,,,13.998263217607779,16.386460461856608,,,,,60,100,-40,,,,,,,,,,,,-490.02911677003794,-559.4734674675749,-490.02911677003794,-0.34167066417908915
2013-02-04,16.211052,17.100342,15.785699,16.963554,18.24224836814563,17.688824301528214,19.29381627026168,14.013436206001002,-0.4131110248106913,-1.2022857852111635,-0.7891747604004722,0,,,-64.45979893159188,-63.88252334619424,,,,,,,37.34770852403403,,,19.25144575042944,16.1264731022284,,,,,60,100,-40,,,,,,,,,,,,-537.2965500845766,-606.8419279280158,-537.2965500845766,-0.29879624713427105
2013-02-11,17.01784,17.319266,16.425695,16.434266,18.24448427042094,17.43791264122257,19.181677043976908,14.037524064647759,-0.3677516855007541,-1.2488643672764148,-0.8811126817756607,0,,,-61.31531468446707,-63.91639610933195,,,,,,-63.91639610933195,35.31878288218199,,,28.68065289016478,22.836947538079745,,,,,60,100,-40,,,,,,-63.91639610933195,-107,,,,,-588.6971773419262,-651.9615773956493,-588.6971773419262,-0.31136778881962784
2013-02-19,16.467844,16.526054,15.814987,16.100343,16.448500608248015,17.170398712978056,19.060840414801344,14.058049626193553,-0.33332042896775604,-1.2977632179853558,-0.9644427890175997,0,,,-61.29926269913418,-62.35812543839771,,,,,,,34.05436298065378,,,34.67212888130199,31.561258600871067,34.67212888130199,,,,60,100,-40,,,,,,,,,,,,-547.1158723706669,-607.0594724146222,-547.1158723706669,-0.2828993898963084
2013-02-25,16.208916,16.254274,15.356413,15.373912,16.309142993373158,16.811101370382445,18.916254986769918,14.071142784141875,-0.33183286527794853,-1.3792338706150353,-1.0474010053370868,0,,,-62.5499327540413,-61.72150337921418,,,,,,,31.404701424670947,,,30.001490889372413,33.07758479568189,,,,,60,100,-40,,,,,,-61.72150337921418,,,,,,-492.1857137578184,-554.8668410665091,-492.1857137578184,-0.3007287277166582
2013-03-04,15.278558,15.551053,14.964271,15.418555,16.36032477956079,16.532592096305954,18.77909028140639,14.084549870866832,-0.3011072950501694,-1.4237851241497985,-1.122677829099629,0,,,-63.66961323160022,-62.5062695615919,,,,,,,31.758201261668546,,,26.38039540427937,29.36729673833865,,,,,60,100,-40,,,,,,,,,,,,-609.0610385291242,-670.3455972362348,-609.0610385291242,-0.22852227244249743
2013-03-11,15.348199,15.865341,15.183552,15.844981,16.452290581020733,16.395069877044765,18.66402717233163,14.1020665985199,-0.22861581034317746,-1.408447592028601,-1.1798317816854236,0,,,-60.88219663874716,-62.367247541462895,,,,,,,35.213093621341386,,,29.559615806004423,27.359530666322968,,29.559615806004423,,,60,100,-40,,,,,,-62.367247541462895,-107,,,,,-669.2317587965562,-723.9191250114648,-669.2317587965562,-0.1662323207273512
2013-03-18,15.766054,16.503558,15.757125,16.496766,16.524114968090682,16.415409101635813,18.579036538122544,14.125894453260996,-0.11884343641940132,-1.3283860772096752,-1.2095426407902738,0,,,-52.98008887580622,-59.177299582051205,,,,,,,40.22418532483696,,,48.068048596088104,37.82232305202054,,,,,60,100,-40,,,,,,,,,,,,-641.1896208335461,-694.115647736653,-641.1896208335461,-0.10049983656159141
2013-03-25,16.596053,16.78391,15.772131,15.809267,16.34229018465563,16.29418068130865,18.470418124862835,14.142644428850438,-0.07665768045394339,-1.3053647413577032,-1.2287070609037598,0,,,-47.54707492975251,-53.80312014810196,,,,,,,36.95770588891912,,,63.266090289713276,54.15141391631702,,,,,60,100,-40,,,,,,,,,,,,-685.5187806819922,-740.640075420898,-685.5187806819922,-0.09487017847469686
2013-04-01,15.782124,15.846341,14.988554,15.114269,15.632737600037373,16.058198345046918,18.338804433691745,14.15231233503103,-0.07934920459170369,-1.3278935666433895,-1.2485443620516858,0,,,-50.583213103385944,-50.370125636314896,,,,,,,33.93935423167915,,,67.42961296937504,66.38844168550382,67.42961296937504,,,,60,100,-40,,,,,,-50.370125636314896,,,,,,-553.6062751034483,-607.7964253443711,-553.6062751034483,-0.11901603540108922
2013-04-08,15.173203,15.642484,15.088913,15.349986,14.775510414320417,15.916555876037535,18.221595867664618,14.164229485926244,-0.050450934469921105,-1.3116080301390873,-1.2611570956691662,0,,,-51.022806630936074,-49.71769822135818,,,,,,,35.863936966405944,,,61.95309068606264,66.18943307212027,,,,,60,100,-40,,,,,,,,,,,,-510.2233159937304,-558.1970752817581,-510.2233159937304,-0.1630820749107789
2013-04-15,15.249985,15.281767,13.753561,13.947487,14.852717670440386,15.522742100830028,18.05398375520718,14.162072844275237,-0.10769981843806953,-1.3957818687167531,-1.2880820502786836,0,,,-58.56271665428352,-53.389578796201846,,,,,,,30.193890611938613,,,46.85256079943243,54.973163538029034,,,,,60,100,-40,,,,,,,,,,,,-419.27362217668843,-473.97942523052933,-419.27362217668843,-0.21403834667329466
2013-04-22,14.022839,14.956022,13.97409,14.900167,14.775430979694644,15.398227080664022,17.930304666767682,14.16941706473021,-0.06539549722108973,-1.3698264218050458,-1.304430924583956,0,,,-59.34016633460079,-56.3085632066068,,,,,,,37.468866256601444,,,49.25440515245624,48.73937916643833,,49.25440515245624,,,60,100,-40,,,,,,,,,,,,-394.8602363263815,-446.89225700679674,-394.8602363263815,-0.1107290925890437
2013-04-29,15.016055,16.186769,14.999985,16.070698,14.320861052573601,15.532721264531217,17.857378915129733,14.1883352829916,0.051140973363732245,-1.2405047078792908,-1.291645681243023,0,,,-46.77155698112426,-54.89147999000286,,,,,,-54.89147999000286,45.08642491713421,,,56.32981046952337,50.29025253458918,,,,,60,100,-40,,,,,,-54.89147999000286,-107,,-106,,,-513.9765569943121,-547.4573011873791,-513.9765569943121,-0.013653653276338659
2013-05-06,16.275339,16.633912,16.088555,16.177483,14.292482548818343,15.661673611624973,17.791500643948176,14.208127797588698,0.14009333746272246,-1.11652900941462,-1.2566223468773425,0,,,-30.53924728992026,-45.55032353521511,,,,,,,45.739692627319904,,,80.02610827264176,68.04775402205381,,,,,60,100,-40,,,,,,,,,,,,-566.8899102680735,-597.9196100624011,-566.8899102680735,-0.049091116717614444
2013-05-13,16.125341,16.353552,14.960696,15.473556,14.369472223902747,15.62405008929998,17.700600853989425,14.220719122985825,0.15503644117346593,-1.0628267954105102,-1.217863236583976,0,,,-26.758943893293228,-34.68991605477925,,,,,,,42.158131974329706,,,87.54521008200786,82.36606277292576,,,,,60,100,-40,,,,,,,,,,,,-658.3644720375148,-684.6614991419647,-658.3644720375148,-0.04843851496765104
2013-05-20,15.425339,16.012479,15.360702,15.898195,14.322442350766837,15.678879071439983,17.629918271480037,14.237410425244672,0.1944777182556332,-0.9747660887644347,-1.169243807020068,0,,,-20.824427048335135,-26.040872743849544,,,,,,,44.97393262718127,,,91.51382772358477,91.9391188403723,,,,,60,100,-40,,,,,,,,,,,,-592.2982043943302,-613.8139538434256,-592.2982043943302,-0.012828846660666792
2013-05-28,16.067838,16.324987,15.692838,16.061952,14.38464018285492,15.755493657151987,17.568429398088664,14.255565067779552,0.23011426504947075,-0.8816009757082295,-1.1117152407577002,0,,,-11.102993760256773,-19.56212156729504,,,,,,,46.07072959533319,,,91.36117340417934,91.63381020156146,,,,,60,100,-40,,,,,,,,,,,,-582.7894399589975,-605.8477804173482,-582.7894399589975,0.010559956798789445
2013-06-03,16.097483,16.229624,15.456057,15.77895,14.445199312650997,15.76018492572159,17.49825373541852,14.27072312680662,0.2324623613120309,-0.8211372891176616,-1.0535996504296925,0,,,-7.630250963440737,-13.18589059067755,,,,,,,44.413346145634264,,,93.7766026843154,92.43256964555631,93.7766026843154,,,,60,100,-40,,,,,,,,,,,,-577.7368145119071,-601.1481839778303,-577.7368145119071,-0.010182019249708173
2013-06-10,15.883198,16.038523,15.303556,15.358915,14.161947218890209,15.679930940577272,17.41435809873544,14.28155090663939,0.2045478559302567,-0.7979148305168717,-1.0024626864471284,0,,,-11.22946581994526,-9.987570181214258,,,,,,,41.984790918128745,,,90.14519022723101,91.62488819608343,,,,,60,100,-40,,,,,,-9.987570181214258,,,,,,-521.784666418833,-554.575786890952,-521.784666418833,0.03838309578283775
2013-06-17,15.408554,15.560697,14.574989,14.767842,14.200918774683766,15.497513152461817,17.310573153686992,14.286389623986262,0.14774721109699163,-0.8177786725758889,-0.9655258836728805,0,,,-25.62907856630646,-14.829598449897487,,,,,,,38.75427521640703,,,79.92283056015819,85.90794727544237,,,,,60,100,-40,,,,,,,,,,,,-433.2783634335907,-475.5620074562335,-433.2783634335907,-0.003183678650295197
2013-06-24,14.549982,14.594982,13.888205,14.161773,14.201286505063496,15.230365121969454,17.187090794718873,14.285149657578438,0.07452512186693405,-0.8723694813392129,-0.9468946032061469,0,,,-42.947224445480046,-26.60192294391059,,,,,,,35.70270065599625,,,64.42068944442184,72.86114624802407,,,,,60,100,-40,,,,,,,,,,,,-456.3186609911196,-508.18709700964564,-456.3186609911196,-0.06996083865835771
2013-07-01,14.381769,15.117486,14.32927,14.907839,14.216780968987532,15.165859897575563,17.097708371396564,14.291345571433379,0.08096905137489774,-0.8456832889875248,-0.9266523403624225,0,,,-44.76201919893663,-37.77944073690771,,,,,,,41.812810675538664,,,58.63294642700676,61.79595983492678,,58.63294642700676,,,60,100,-40,,,,,,,,,,,,-625.1698135381888,-681.2439884624373,-625.1698135381888,-0.000500185112496888
2013-07-08,15.003917,15.349629,14.65641,15.232485,14.220300685488423,15.17918491806045,17.024562356831993,14.300710142861902,0.1099297118752226,-0.7892402005183943,-0.8991699123936169,0,,,-40.150942945114245,-42.620062196510304,,,,,,-42.620062196510304,44.307672956918154,,,62.92408355027436,59.32458319011376,,,,,60,100,-40,,,,,,-42.620062196510304,,,-106,,,-769.6843928948817,-824.6541723783578,-769.6843928948817,0.03222637575397199
2013-07-15,15.178914,15.53106,15.148911,15.176769,14.261068136524964,15.17870173444836,16.952099872250347,14.309427146415516,0.12696089116646736,-0.7404687984355327,-0.8674296896020001,0,,,-31.344378459332667,-38.75244686779451,,,,,,,43.9572586915059,,,75.90501444213172,68.45088645344627,,,,,60,100,-40,,,,,,,,,,,,-814.2872305503578,-866.5352319459291,-814.2872305503578,0.06475494893325376
2013-07-22,15.33784,15.878202,14.953912,15.749627,14.343362198201753,15.292886787558688,16.90494407333857,14.323757493217352,0.17544685485118816,-0.6481211210380149,-0.823567975889203,0,,,-18.401456076877906,-29.96559249377494,,,,,,,48.4944397574113,,,86.2873919245678,80.61437754759692,,,,,60,100,-40,,,,,,,,,,,,-786.235006813929,-841.7106443193966,-786.235006813929,0.06020422625017958
2013-07-29,15.742843,16.530344,15.721411,16.519271,14.6841173983302,15.53816363004695,16.88981963909,14.345603398757477,0.2532648975982611,-0.5069868538913767,-0.7602517514896378,0,,,3.5231860156023203,-15.407549506869417,,,,,,,53.92379719039761,,,92.97628067118934,90.31802751868362,,,,,60,100,-40,,,,,,,,,,,,-823.2831873932146,-883.217799897688,-823.2831873932146,0.03991256403033944
2013-08-05,16.596053,16.853194,16.201766,16.230339,14.699637941306614,15.676598704037561,16.863957653243332,14.364356986829542,0.2772552796304957,-0.4136826519515182,-0.6909379315820139,0,,,18.95635294227422,1.3593609603328751,,,,,,,51.70707068114801,,,95.42865258675019,94.61306132468353,,,,,60,100,-40,,,,,,,,,,,,-752.6862442308119,-808.087290825381,-752.6862442308119,-0.053319931514524396
2013-08-12,16.316416,18.008911,16.308194,17.940342,16.157621588356143,16.12934736323005,16.906168804096534,14.399938927259099,0.39318535223150286,-0.19945624129263528,-0.5926415935241381,0,,,37.334551058092075,19.93803000532287,,,,,,,61.78054847515307,61.78054847515307,,96.14262551129653,96.04100717377624,96.14262551129653,,,,60,100,-40,,,,,,,,,,,,-628.5614725524825,-681.16232885713,-628.5614725524825,0.053620418671042225
2013-08-19,18.012128,18.347838,17.792838,17.893554,16.030877046330705,16.48218869058404,16.944889792171182,14.434701266291347,0.44765374935526225,-0.033074406830060354,-0.4807281561853226,0,,,50.60815922708924,35.633021075818505,,,,,,,61.40090983786982,,,95.9620277808275,96.10313581482217,,,,,60,100,-40,,,,,,,,,,,,-582.4593866338494,-630.041905428561,-582.4593866338494,0.06364326334458323
2013-08-26,17.883911,18.221409,17.357126,17.400556,16.08798168587851,16.66586215246723,16.96275905522329,14.464212258666556,0.43124746240050993,0.058331171815314775,-0.37291629058519515,0,,,54.33520964067935,47.42597330862022,,,,,,,57.376298416062596,,,95.05883606818693,95.54570893300588,,,,,60,100,-40,,,,,,,,,,,,-485.64858906405857,-531.8524680779135,-485.64858906405857,0.02906237010726358
2013-09-03,17.6107,17.937125,17.405343,17.793553,16.09682413688719,16.891400321973784,16.995339209920417,14.497340027237039,0.4268375720633544,0.16063067449399782,-0.26620689756935656,0,,,55.77537806913452,53.57291564563437,,,53.57291564563437,,53.57291564563437,,59.659760501907286,,,93.24818074543572,94.22231111026808,,,,,60,100,-40,,,,,,,,,,,,-465.53066377968435,-511.5156557001111,-465.53066377968435,0.1037014853839115
2013-09-09,18.035696,18.139979,16.59641,16.603551,16.151851269966677,16.833830457579026,16.979974966394124,14.518297350349108,0.3281818172829606,0.1440203740343442,-0.18416144324861639,0,,,49.884937649921135,53.33184178657833,,,,,,,50.742436932732026,,,84.31144545626374,88.86722612412471,,,,,60,100,-40,,,,,,53.33184178657833,,105,,,,-452.7069067288326,-496.694627391,-452.7069067288326,-0.04627419855491282
2013-09-16,16.464269,17.091056,15.972126,16.693194,16.059090750683342,16.80570316606322,16.96872865398651,14.539938113032202,0.256542239871857,0.13651635659120487,-0.12002588328065213,0,,,38.00762521515527,47.88931364473697,,,,,,,51.3360334200798,,,77.041692110893,81.52827484769803,,,,,60,100,-40,,,,,,,,,,,,-517.6692873235903,-558.204695138091,-517.6692873235903,-0.08462704477526639
2013-09-23,17.717843,17.746765,17.168553,17.241054,16.033618697063105,16.892773332850577,16.979408079320372,14.566814888026906,0.23424897087588326,0.17278533031420196,-0.06146364056168131,0,,,39.40626959260547,42.43294415256062,,,,,,,54.931895378496414,,,70.07831119631544,73.11684913878041,,,,,60,100,-40,,,,,,,,,,,,-489.91123508293754,-527.6220232948017,-489.91123508293754,-0.0840725652126214
2013-09-30,17.044626,17.583915,16.943229,17.251055,16.01930307584431,16.964429666280463,16.99006089973918,14.593523744862459,0.2091948563646792,0.20002992989416768,-0.009164926470511515,0,,,37.98901802013105,38.46763760929726,,,,,,,54.99765610167353,,,69.67905752958859,69.7382494217789,,69.67905752958859,,,60,100,-40,,,,,,,,,,,,-489.92737415876707,-531.6907463321104,-489.92737415876707,-0.06911436796118843
2013-10-07,17.377128,17.637128,17.081413,17.600411,16.064993570426857,17.09162593302437,17.013996197788625,14.623443021032982,0.20490372136505103,0.24696472523580226,0.04206100387075125,0,,,39.15501623521849,38.85010128265167,,,,,,,57.35258029951786,,,72.36269702834855,70.34625823698646,,,,,60,100,-40,,,,,,38.85010128265167,,,,,,-523.5769424935368,-563.2015197262722,-523.5769424935368,-0.0709569741448301
2013-10-14,17.493914,18.187839,17.476772,18.174621,16.353838172539223,17.308224946419497,17.05951089591456,14.65877812530131,0.22773400801627156,0.3267285138910907,0.09899450587481914,0,,,46.208741334068186,41.11759186313924,,,,,,,60.98761798590673,,,78.15643465995329,75.07796769425387,,,,,60,100,-40,,,,,,,,,,,,-740.1993165856209,-777.1648797760408,-740.1993165856209,-0.039586322774528414
2013-10-21,18.277482,19.043909,18.143911,18.784196,16.991888088786425,17.603419157135598,17.127145605878695,14.699827059377915,0.2681045347882627,0.4341251743601475,0.16602063957188481,0,,,56.72357259689225,47.36244338872631,,,,,,,64.47039039446122,64.47039039446122,,87.00001886508686,82.40351879388426,,,,,60,100,-40,,,,,,,,,,,,-802.8903499336899,-831.3167198167606,-802.8903499336899,-0.006731189698001678
2013-10-28,18.894267,19.258909,18.37641,18.572481,16.991338939587393,17.79723152570848,17.183825425256,14.738360929433856,0.26432878095095447,0.4964316157605779,0.23210283480962343,0,,,61.792787358827965,54.90836709659613,,,,,,,62.375210868197094,,,91.70523271606137,89.06047149851622,91.70523271606137,,,,60,100,-40,,,,,,,,,,,,-698.7284681275645,-729.2591343955314,-698.7284681275645,-0.0019634825629340274
2013-11-04,18.610696,18.888731,18.299267,18.59141,16.99332887247401,17.956067220566784,17.239024820344,14.776699726155908,0.2471976274321634,0.5410998690998277,0.29390224166766427,0,,,61.827227663908445,60.11452920654289,,,,,,,62.49327235956,,,91.58691937783817,92.28008790639308,,,,,60,100,-40,,,,,,,,,,,,-662.5960193770982,-692.1211099599802,-662.5960193770982,0.025836353591383088
2013-11-11,18.571053,18.902838,18.371767,18.74966,17.03703881015444,18.114785776453427,17.298265415624627,14.816231669179231,0.23092133885032984,0.5825539152305765,0.3516325763802467,0,,,61.200456312770434,61.60682377850228,,,61.60682377850228,,61.60682377850228,,63.52972945522405,,,90.15075082878397,91.38631161011443,,,,,60,100,-40,,,,,,61.60682377850228,,105,,,,-657.5785613085349,-687.1899990581655,-657.5785613085349,0.05572355813751695
2013-11-18,18.749624,18.828195,18.345339,18.564267,17.085968466571977,18.204682021162743,17.347912536580523,14.853525553067994,0.19357728310313316,0.5936041802591632,0.40002689715603,0,,,58.272338224551035,60.43334073374331,,,,,,,61.37714328853471,,,87.84505748422569,88.87476396629704,,87.84505748422569,,,60,100,-40,,,,,,,,,,,,-725.2915501615286,-759.519090138499,-725.2915501615286,0.03381660780410617
2013-11-25,18.607839,19.940337,18.607124,19.859623,18.213718004673975,18.535670216930193,17.446410986126384,14.90333746796284,0.23904273625304728,0.6988303174723391,0.45978758121929186,0,,,64.36849459394898,61.28042971042348,,,,,,,69.26089116312471,,,90.10780832395976,88.98653942438183,,,,,60,100,-40,,,,,,61.28042971042348,,,,,,-859.7839955867051,-901.4247101133175,-859.7839955867051,0.03808655853344762
2013-12-02,19.928552,20.540544,19.672123,20.000694,18.275772218625836,18.828674973544153,17.546578947454762,14.954057433455748,0.25981961228160333,0.784562096571296,0.5247424842896927,0,,,70.7795798317894,64.47347088342981,,,,,,,69.98375322361014,69.98375322361014,,91.81249672119361,90.4173554170198,,,,,60,100,-40,,,,,,,,,,,,-822.5505418436678,-865.7111264563507,-822.5505418436678,0.05070437740296649
2013-12-09,20.032126,20.391765,19.773909,19.801052,18.274920774438275,19.02315037883532,17.634989655397714,15.002286235112905,0.24169731914933545,0.826864133226362,0.5851668140770265,0,,,71.66411864621884,68.93739769065242,,,,,,,67.54843497358682,,,94.91796576742198,93.56816169593726,94.91796576742198,,,,60,100,-40,,,,,,,,,,,,-684.8140796902737,-745.5818307370141,-684.8140796902737,-0.024228166028535458
2013-12-16,19.822123,20.094226,19.242838,19.607838,18.309925147692685,19.140087903068256,17.712356257146823,15.048112620833175,0.20000312380319996,0.8351707188310264,0.6351675950278265,0,,,67.30172866629844,69.91514238143556,,,69.91514238143556,,69.91514238143556,,65.17071997061845,,,90.63175589007358,92.68472991110532,,,,,60,100,-40,,,,,,69.91514238143556,,105,,,,-765.7569742920421,-833.6578615121025,-765.7569742920421,-0.06953286152706518
2013-12-23,20.285694,20.424265,19.982123,20.003194,18.311567494286066,19.312709122454606,17.80219303137636,15.097416913163192,0.18282551024702276,0.8636994828366049,0.6808739725895822,0,,,67.36901818427948,68.77828849893227,,,,,,,67.69170569257426,67.69170569257426,,87.05936408472478,89.74131996934953,,,,,60,100,-40,,,,,,,,,,,,-769.2557062389436,-850.2655230553567,-769.2557062389436,-0.06003795186667257
2013-12-30,19.909266,20.045694,19.301052,19.320695,18.31576553040849,19.314306297963686,17.861742128185128,15.139439580693907,0.11271200972511375,0.8217639847459743,0.7090519750208606,0,,,59.67765085014594,64.78279923357462,,,,,,,59.62117307363074,,,73.57939129443565,80.0287431645033,,,,,60,100,-40,,,,,,,,,,,,-701.2092141954992,-795.6717915907462,-701.2092141954992,-0.17578393549939703
2014-01-06,19.194624,19.530695,18.968195,19.033552,18.329918706807884,19.25815543837095,17.907695456491595,15.178186967950683,0.03806858917289335,0.7566377114869773,0.718569122314084,0,,,47.4892867777906,58.17865193740534,,,,,,,56.54830005781805,,,53.212198853020425,64.48296133262721,,,,,60,100,-40,,,,,,,,,,,,-699.1711752508629,-795.549647665156,-699.1711752508629,-0.18072532550954234
2014-01-13,18.925338,20.007123,18.924267,19.309624,18.369081227750176,19.26844915069676,17.9626730464331,15.219295794140228,0.0003551334644205095,0.7190130391446097,0.7186579056801892,0,,,41.45413864008622,49.5403587560076,,,,,,,58.762044369779524,,,30.56762112101255,42.551679509951676,,,,,60,100,-40,,,,,,,,,,,,-691.1400524779788,-777.2678935442186,-691.1400524779788,-0.15196510505642388
2014-01-21,19.321052,19.903194,19.300695,19.50248,18.33110985433945,19.31525532055741,18.02305763284749,15.26191454245724,-0.017545794198787434,0.6967256629317049,0.7142714571304923,0,,,39.40023766191172,42.78122102659618,,,,,,,60.292993407346025,60.292993407346025,,20.740419051096428,25.50145930191997,,,,,60,100,-40,,,,,,,,,,,,-582.7509520274372,-657.7646401725426,-582.7509520274372,-0.18392295448355853
2014-01-27,19.645337,19.814266,17.626768,17.878554,18.36447315045806,19.027915056445927,18.017390823716216,15.287950755965129,-0.1379930093995445,0.5417801953810617,0.6797732047806062,0,,,16.79468173805563,32.54968601335119,,,,,,,45.039945089457994,,,16.10958124723024,16.695526006701687,,16.10958124723024,,,60,100,-40,,,,,,,,,,,,-515.8871425679032,-587.2619783229893,-515.8871425679032,-0.17684916289587635
2014-02-03,17.950339,18.676049,17.832125,18.559981,18.169024925425344,18.934328245156742,18.03866886984499,15.320508270831148,-0.16896345221012476,0.4685688895179503,0.637532341728075,0,,,0.6960580552930153,18.963659151753458,,,,,,,50.708554843333225,,,17.074888376753456,16.41319801038465,,,,,60,100,-40,,,,,,,,,,,,-442.08948028282987,-505.94161862790037,-442.08948028282987,-0.1646076350510919
2014-02-10,18.523553,19.499263,18.499982,19.428195,18.179476430752104,19.033101596125395,18.093160090635383,15.361380775598997,-0.12992265389442792,0.4751290243600401,0.605051678254468,0,,,2.6015199502328032,6.697419914527149,,,,,,,56.85135166339932,,,21.82243226066779,19.22626993805416,,,,,60,100,-40,,,,,,,,,,,,-462.6186656859517,-511.2249606955549,-462.6186656859517,-0.08239045786098932
2014-02-18,19.499981,19.685337,18.735696,18.75891,18.16698754284124,18.978263276900314,18.11926793021831,15.39518703653831,-0.14687022343660405,0.42146389895871295,0.568334122395317,0,,,2.247248828612189,1.8482756113793357,,,,,,,51.49235185957533,,,29.257393301537853,25.167489982369847,,,,,60,100,-40,,,,,,1.8482756113793357,,,,,,-520.3243628339605,-571.9113314781814,-520.3243628339605,-0.11576900470919867
2014-02-24,18.68391,19.026767,18.414267,18.794267,18.16248214692401,18.94146402152025,18.145738481974455,15.429008727717033,-0.15271844446141913,0.377436066818543,0.5301545112799622,0,,,-5.990858976650989,-0.3806967326019988,,,,,,,51.75263317061721,,,32.72890515412967,30.805925378061655,32.72890515412967,,,,60,100,-40,,,,,,-0.3806967326019988,,,,,,-554.810842318695,-609.7456348457847,-554.810842318695,-0.14382321241462695
2014-03-03,18.693553,19.098195,18.671767,18.944267,18.206461565000865,18.9420246172162,18.177053325818594,15.463986421968604,-0.143638910796078,0.35060587278486466,0.49424478358094265,0,,,-7.783489407934351,-3.8423665186577165,,,,,,,52.91382543007683,,,30.745409455286485,32.37250011536913,,,,,60,100,-40,,,,,,,,,,,,-577.5725073516595,-626.1555194192784,-577.5725073516595,-0.17698575763130286
2014-03-10,18.869981,19.273552,18.678553,18.73891,18.273881310357947,18.90140169377296,18.199086920884533,15.496572726227622,-0.14802958527595267,0.30920780198600184,0.4572373872619545,0,,,-9.42265878925033,-7.73233572461189,,,,,,,51.090147951380274,,,30.099222830465475,30.992162346583118,,,,,60,100,-40,,,,,,,,,,,,-514.3775060149942,-565.9454249794096,-514.3775060149942,-0.23804597381208686
2014-03-17,18.84641,19.151409,18.757128,19.031052,17.81168978818952,18.92733175501837,18.231713002418473,15.531741674225358,-0.1285463455486986,0.29655445532608127,0.42510080087477986,0,,,-7.175293740748172,-8.127147312644285,,,,,,,53.557014185640206,,,31.4634086048941,30.312854829834965,,,,,60,100,-40,,,,,,-8.127147312644285,,,,,,-543.5815958304497,-589.4098931649714,-543.5815958304497,-0.19076667480186074
2014-03-24,19.229266,19.607123,19.080338,19.173552,17.873532089033123,18.976575804014693,18.26864786506873,15.567978592889784,-0.10437756225726635,0.2946288480531969,0.39900641031046324,0,,,6.938975587968306,-3.2196589806767317,,,,,,,54.76268580012097,,,34.43631176946219,32.67321730830636,,,,,60,100,-40,,,,,,,,,,,,-440.20312386127705,-480.42627622588566,-440.20312386127705,-0.21888677010792648
2014-03-31,19.258195,19.409981,18.949267,18.993552,17.907589654102186,18.979971043211755,18.29707547820329,15.602063900423218,-0.09888223759442977,0.275403613317426,0.3742858509118558,0,,,9.966936411200932,3.2435394194736884,,,,,,,52.884005036488986,,,40.780061648687095,37.59337297698636,40.780061648687095,,,,60,100,-40,,,,,,,,,,,,-378.348010431954,-413.98513509390637,-378.348010431954,-0.26452504540301613
2014-04-07,18.857838,19.008552,18.469267,18.557481,17.9556941073806,18.895473034569402,18.30728745945022,15.63147103574239,-0.12149562940455971,0.22241631415615615,0.34391194356071586,0,,,-6.6786829380149,3.409076353718112,,,,,,,48.51584394427246,,,38.97790954944373,39.530493912473325,,,,,60,100,-40,,,,,,3.409076353718112,,,,,,-255.0120085352351,-285.0787468950143,-255.0120085352351,-0.28791084853361304
2014-04-14,18.639267,18.848553,18.261767,18.747838,17.91485309971056,18.86594602765552,18.324563951236485,15.662479662252416,-0.12028750415265088,0.19355256336990223,0.3138400675225531,0,,,-19.049886910242073,-5.253877812352014,,,,,,,50.45128717520312,,,37.251011339959284,39.22352454668013,,,,,60,100,-40,,,,,,,,,,,,-226.82800698337417,-255.06442927773904,-226.82800698337417,-0.3084850648708652
2014-04-21,18.762124,20.428194,18.712838,20.426408,18.937335378302663,19.178038422124416,18.40698920805074,15.709881934269804,-0.0089634089510649,0.302635806333722,0.3115992152847869,0,,,7.876828064197603,-5.950580594686457,,,,,,,63.54353252320716,,,46.8358511000978,41.84388137996204,,,,,60,100,-40,,,,,,-5.950580594686457,,,,,,-161.04109662276062,-192.32544213633193,-161.04109662276062,-0.22804074413195352
2014-04-28,20.457122,21.408193,20.448194,21.16355,19.535788851281044,19.575140737699535,18.515089631264434,15.764147288157666,0.10548414369889919,0.4434543949084109,0.3379702512095117,0,,,34.3590717109484,7.728670954967975,,,,,,,67.61457109758287,67.61457109758287,,66.51990891493104,55.03653419583352,,,,,60,100,-40,,,,,,,,,,,,-123.57907905498595,-157.35717992972613,-123.57907905498595,-0.14712937077700114
2014-05-05,21.076407,21.586046,20.726051,20.912211,19.51180250476097,19.842554790159628,18.60909439082269,15.81537180270336,0.1525669212916686,0.5286789028240975,0.37611198153242886,0,,,47.567500809112765,29.93446686141959,,,,,,,64.93609583742276,,,85.39136395922722,75.15345809317914,,,,,60,100,-40,,,,,,,,,,,,-6.564701044988475,-46.928601760685034,-6.564701044988475,-0.16819385078614674
2014-05-12,20.981765,21.340336,20.907122,21.339622,19.683000040135184,20.141968232127702,18.716173904908075,15.870339466358054,0.19792711439063992,0.6235208745207288,0.42559376013008887,0,,,54.76320260316192,45.563258374407695,,,,,,,67.32096462079696,,,92.51059300863228,89.66343486914211,,,,,60,100,-40,,,,,,,,,,,,47.356153690464,0.6947803776213135,47.356153690464,-0.09961438194194082
2014-05-19,21.351764,21.954596,21.333193,21.933192,20.333012465839815,20.500212985702163,18.842331477264622,15.930666357240064,0.2499825318965342,0.7380719250007566,0.4880893931042224,0,,,61.522404623897586,54.61770267872409,,,,,,,70.3545144949705,,,95.40300426098125,95.44825737384006,,,,,60,100,-40,,,,,,,,,,,,30.564125746743258,-14.886088781946185,30.564125746743258,-0.026917252008788858
2014-05-27,21.995692,23.006048,21.986764,22.60712,21.032467146851257,20.92159438856173,18.98997024286209,15.997098731794889,0.3080640544220835,0.8731694611318268,0.5651054067097433,0,,,68.51074612626404,61.59878445110784,,,,,,,73.39252478940746,,,98.27157126460557,96.81466120636401,,,,,60,100,-40,,,,,,,,,,,,2.279739247335364,-45.81589082159233,2.279739247335364,0.025577273472141462
2014-06-02,22.641406,23.259262,22.232121,23.056048,21.440605207790455,21.348485110849385,19.149424272553773,16.06733703297106,0.3518167787889872,1.0048763801959772,0.65305960140699,0,,,72.10403434481373,67.37906169832512,,,,,,,75.22473100327976,75.22473100327976,,99.1810387451616,98.36207749032319,99.1810387451616,,,,60,100,-40,,,,,,,,,,,,-77.2256678885438,-125.66754703584827,-77.2256678885438,0.07672249414859923
2014-06-09,23.175,23.7625,22.72,22.82,21.409259550091136,21.64278808867951,19.293368418728136,16.134527709259906,0.33977947026049315,1.0777839392326065,0.7380044689721134,0,,,73.40245427224296,71.33907824777357,,,,,,,72.38545424513805,,,97.86633982524637,98.86529024333497,,,,,60,100,-40,,,,,,,,,,,,-86.82100099971763,-138.27344757478494,-86.82100099971763,0.06274635144515704
2014-06-16,22.8775,23.1875,22.725,22.7275,21.377958725084625,21.859730470943607,19.42804024544468,16.20012942359563,0.30179153741213827,1.1152438907372861,0.8134523533251479,0,,,70.86413391665505,72.12354084457058,,,72.12354084457058,,72.12354084457058,,71.24389552468375,,,94.45123120312263,96.44246295335076,,,,,60,100,-40,,,,,,72.12354084457058,,105,,,,-135.58081899976895,-186.76918437936948,-135.58081899976895,0.12799483817834034
2014-06-23,22.83,23,22.4125,22.995,21.43175081615001,22.086784376754885,19.567921020133124,16.267740076097166,0.2718161612136717,1.1532225548422375,0.8814063936285658,0,,,66.94726815233064,70.40461878040954,,,,,,,72.5977658960456,,,91.34320498420783,93.00344970711699,,91.34320498420783,,,60,100,-40,,,,,,,,,,,,-150.02067009072005,-205.53842358312045,-150.02067009072005,0.11644297032010231
2014-06-30,23.025,23.525,23.0225,23.5075,21.915295472139295,22.37092750140391,19.722414313461236,16.339777488275303,0.2634500626677867,1.2107189719632991,0.9472689092955124,0,,,66.43281817250728,68.08140674716432,,,,,,,75.03711519809445,,,92.23420718845946,91.65284352277803,,,,,60,100,-40,,,,,,,,,,,,-195.47145734695277,-249.07689202255312,-195.47145734695277,0.08953387881614529
2014-07-07,23.535,24.2,23.38,23.805,22.250810081272203,22.657742001123125,19.882515712933344,16.414058309287487,0.25474555171927626,1.2657008489446078,1.0109552972253315,0,,,67.18251486586719,66.8542003969017,,,,,,,76.3604866438086,,,95.23172905817603,93.2404973079479,,,,,60,100,-40,,,,,,66.8542003969017,,,,,,-156.2948287384159,-205.60836620027075,-156.2948287384159,0.1363138118714453
2014-07-14,23.965,24.275,23.1425,23.6075,22.24468078975276,22.847693600898502,20.028593528112427,16.48563484352343,0.21411487504854132,1.2785988910360082,1.064484015987467,0,,,65.11735822655508,66.24423042164318,,,,,,,73.55603762484724,,,96.25552196948931,95.6373939003809,,,,,60,100,-40,,,,,,66.24423042164318,,105,,,,-103.33213260415846,-156.4068450729488,-103.33213260415846,0.11703924613963336
2014-07-21,23.7475,24.47,23.43,24.41775,22.807096447627565,23.1617048807188,20.200717311323704,16.564561362493347,0.2194276630268468,1.3387685947710253,1.1193409317441785,0,,,65.11487748826812,65.80491686023012,,,,,,,77.26672901752926,77.26672901752926,,96.9318685002321,96.99008696186651,96.9318685002321,,,,60,100,-40,,,,,,,,,,,,-77.27174485794784,-125.24196415059448,-77.27174485794784,0.14531887940800559
2014-07-28,24.455,24.86,23.7025,24.0325,22.773571701368454,23.335863904575042,20.35098329911493,16.638869209632716,0.17646428232585376,1.3399212846514956,1.1634570023256419,0,,,64.09767087480975,64.77663552987765,,,,,,,72.05839749997827,,,88.78925957544617,92.83145480702193,,,,,60,100,-40,,,,,,,,,,,,24.05039057076994,-27.925243395940953,24.05039057076994,0.16790589119384278
2014-08-04,24.0925,24.145,23.32,23.685,22.72565586555642,23.405691123660034,20.481729052090813,16.708979963765724,0.1075014647860919,1.2978338333082569,1.190332368522165,0,,,58.08585480843593,62.432801057171254,,,,,,,67.60531057633182,,,73.6082114578162,82.20928432452511,,,,,60,100,-40,,,,,,,,,,,,56.9503195579027,0.7884372215028534,56.9503195579027,0.14592923591258625
2014-08-11,23.8175,24.5475,23.708875,24.495,22.80591258944525,23.62355289892803,20.639112226518623,16.78645279994716,0.09948177706506156,1.314684589853492,1.2152028127884305,0,,,57.55216584881137,59.91189717735234,,,,,,,71.97816884196845,,,58.489062808967674,66.68308213822826,,,,,60,100,-40,,,,,,,,,,,,40.23207963828405,-6.627642273315857,40.23207963828405,0.21516253976289837
2014-08-18,24.6225,25.3675,24.495,25.33,23.63834740448487,23.964842319142424,20.823068609792404,16.871463219848184,0.13144917023444092,1.3795142755814815,1.2480651053470406,0,,,62.17455293498104,59.270857864076106,,,,,,,75.64905534378715,,,58.16193465347367,57.90651284444042,,58.16193465347367,,,60,100,-40,,,,,,59.270857864076106,,,,,,8.371701522232406,-40.8771618599857,8.371701522232406,0.2887760863195759
2014-08-25,25.4475,25.725,25.175,25.625,23.929536875593094,24.29687385531394,21.011379644702505,16.958563088307407,0.15204276974395525,1.4381185675269847,1.2860757977830295,0,,,66.17510989568379,61.967276226492054,,,,,,,76.81168471060505,76.81168471060505,,72.3078214414839,63.33201070629544,72.3078214414839,,,,60,100,-40,,,,,,,,,,,,-25.87769875453713,-72.53585970362468,-25.87769875453713,0.35606058243433003
2014-09-02,25.765,25.935,24.4475,24.7425,23.972069955907873,24.385999084251154,21.15769809000829,17.036015196881465,0.08893610984623157,1.3972459350908188,1.3083098252445873,0,,,63.481054495436915,63.943572442033904,,,63.943572442033904,,63.943572442033904,,66.51905497353445,,,65.05842740968934,67.45446086463949,,,,,60,100,-40,,,,,,63.943572442033904,,105,,106,,-18.44538989007585,-65.7111579393293,-18.44538989007585,0.28984745764018305
2014-09-08,24.825,25.77,24.035,25.415,23.87763638762874,24.591799267400923,21.324651106086396,17.11938817999707,0.0757096681383882,1.4029469104175725,1.3272372422791843,0,,,60.51087317974288,63.38901252362118,,,,,,,69.8538600309224,,,53.61762186964238,62.79531746767407,,,,,60,100,-40,,,,,,,,,,,,-29.637137182789353,-81.94549285945122,-29.637137182789353,0.25477881833356425
2014-09-15,25.7025,25.7625,24.7225,25.24,23.754590931369545,24.721439413920738,21.478194199965362,17.200190287658792,0.040182505047889894,1.3774653735890467,1.3372828685411569,0,,,58.71264481665785,60.90152416394587,,,,,,,67.94600856766608,,,28.44748939519033,40.99932475418263,,,,,60,100,-40,,,,,,,,,,,,-5.157657695009448,-61.59176688500555,-5.157657695009448,0.22095468067126925
2014-09-22,25.45,25.735,24.43,25.1875,23.739620150557435,24.81465153113659,21.62365717251574,17.27966600618955,0.00026615418714071026,1.3376155612750829,1.3373494070879421,0,,,54.99857101351869,58.07402966997313,,,,,,,67.34819813246904,,,22.51980133435266,26.34379574412851,,,,,60,100,-40,,,,,,,,,,,,59.41646188590138,-8.575081996822718,59.41646188590138,0.26924370039846307
2014-09-29,24.6625,25.385,24.51,24.905,23.68786156837476,24.83272122490927,21.752337283397473,17.355539976277218,-0.054987442761830874,1.2686151036356534,1.3236025463974843,0,,,49.10039610776124,54.27053731264591,,,,,,,64.06252145296304,,,10.824719484328783,14.0602249823581,,,,,60,100,-40,,,,,,,,,,,,71.34074154301021,-2.4705216337640223,71.34074154301021,0.21856653053801905
2014-10-06,24.9875,25.595,24.5775,25.1825,23.701228599205134,24.902676979927417,21.88685346836228,17.43342017551824,-0.0810944243300038,1.2222345159849795,1.3033289403149833,0,,,46.667646410842345,50.25553784404074,,,,,,,65.83618735708619,,,9.372364221145457,11.257437338291796,,,,,60,100,-40,,,,,,,,,,,,322.9151521715538,207.97866411782948,322.9151521715538,0.1789940573501759
2014-10-13,25.3325,25.445,23.795,24.4175,23.69328369926191,24.805641583941934,21.98609450881866,17.502913507105124,-0.1539093848608668,1.1109422092388996,1.2648515940997664,0,,,34.409084401267876,43.39237563995713,,,,,,,57.378799867539364,,,5.637509658796658,6.587881101972973,,5.637509658796658,,,60,100,-40,,,,,,,,,,,,268.7487608676349,166.52799791458776,268.7487608676349,0.14847438459104556
2014-10-20,24.57875,26.3725,24.555,26.305,24.27554914931463,25.105513267153547,22.155463351610084,17.590496457283184,-0.08255577727246033,1.161656872509191,1.2442126497816512,0,,,43.729213490441126,41.60198143418376,,,,,,,68.27286643743726,,,17.69579577378364,11.891505216796682,,,,,60,100,-40,,,,,,41.60198143418376,,,,,,233.52171343715585,132.61381647557184,233.52171343715585,0.1651087122474319
2014-10-27,26.2125,27.01,26.175,27,24.836224210077873,25.484410613722837,22.34544518095871,17.68412335820574,-0.0004949809990673071,1.243593923532817,1.2440889045318844,0,,,57.24622111625402,45.12817300265433,,,,,,,71.20841871336083,,,33.168383457902614,23.630997865549038,,,,,60,100,-40,,,,,,,,,,,,37.42685644858199,-64.22505924725942,37.42685644858199,0.2516289576397763
2014-11-03,27.055,27.575,26.93,27.2525,25.123993909358028,25.83802849097827,22.537878703274053,17.779331085984786,0.0557369230921787,1.3137600583971079,1.2580231353049292,0,,,66.48077229855451,55.81873563508319,,,,,,,72.22006544815699,,,56.59903277101971,44.850980230766545,,,,,60,100,-40,,,,,,,,,,,,-3.014390178432933,-113.45686665684866,-3.014390178432933,0.2969796281682247
2014-11-10,27.255,28.5475,27.1,28.545,26.47638720154674,26.379422792782616,22.773452087459386,17.88645216970633,0.15907534326939476,1.4568673143916726,1.2977919711222778,0,,,74.18064905883756,65.969214157882,,,,,,,76.7502241110594,,,73.75378941322548,64.640108296995,,,,,60,100,-40,,,,,,,,,,,,-15.193591964172413,-129.19198181014895,-15.193591964172413,0.29607197225228005
2014-11-17,28.5675,29.3925,28.325,29.1175,26.9898595442934,26.927038234226092,23.022238280108038,17.998203889410746,0.24021076154642884,1.598055423055314,1.357844661508885,0,,,80.16526937650605,73.60889691129935,,,,,,,78.43750811450286,,,86.74108125857703,81.17417958947071,,,,,60,100,-40,,,,,,,,,,,,-65.15839342523194,-178.42980329921284,-65.15839342523194,0.28789675299048384
2014-11-24,29.2125,29.9375,29.155,29.7325,27.60433386255816,27.488130587380873,23.285385798535174,18.114963054690243,0.3053412774770976,1.739521258355257,1.4341799808781595,0,,,83.52984575425201,79.29192139653185,,,,,,,80.11676876855773,80.11676876855773,,95.86257557618987,91.72515115237975,95.86257557618987,,,,60,100,-40,,,,,,,,,,,,-117.85686734791703,-249.62438451753775,-117.85686734791703,0.30515337548958543
2014-12-01,29.7025,29.8125,27.8175,28.75,27.639202872375435,27.7405044699047,23.49968439467105,18.220784317827654,0.25438132893111165,1.7521566420420491,1.4977753131109375,0,,,79.13737094304524,80.94416202460108,,,80.94416202460108,,80.94416202460108,,70.60089022758078,,,89.95919075412212,93.05659110898189,,,,,60,100,-40,,,,,,80.94416202460108,,105,,,,-140.97380055738668,-274.2381327870763,-140.97380055738668,0.3092233901460462
2014-12-08,28.525,28.7125,27.3375,27.4325,27.503724095777187,27.67890357592376,23.653912457625125,18.31244318033683,0.1113708271236884,1.636988847015548,1.5256180198918596,0,,,68.48536780315042,77.05086150014921,,,,,,,60.211601524058175,,,69.92171111622676,81.67630315792897,,,,,60,100,-40,,,,,,,,,,,,-18.97856409240724,-162.55847228033517,-18.97856409240724,0.2220055145699342
2014-12-15,27.675,28.31,26.565,27.945,27.46113666036453,27.732122860739008,23.822190400463356,18.408289516850893,0.03469415680926513,1.568985715903441,1.534291559094176,0,,,57.56467809828232,68.39580561482597,,,,,,,62.534914498840905,,,46.09715139090788,59.30580306390066,,,,,60,100,-40,,,,,,,,,,,,-91.89155243924226,-218.45693186572876,-91.89155243924226,0.27200600764342525
2014-12-22,28.04,28.63,27.9925,28.4975,27.37409118462421,27.885198288591205,24.00553587495499,18.508679670912077,0.006087396286289293,1.5419008044520375,1.5358134081657482,0,,,55.51165060220094,60.5205655012112,,,,,,,64.92673185769704,64.92673185769704,,31.332570153275533,38.43018977474768,,,,,60,100,-40,,,,,,,,,,,,-161.54763381392547,-286.0102169810508,-161.54763381392547,0.29511903695740815
2014-12-29,28.4475,28.6925,26.8375,27.3325,27.444691814293908,27.774658630872963,24.136005056329303,18.596478878166682,-0.10051117440559998,1.4101744401587482,1.5106856145643481,0,,,45.090255572569326,52.72219475768417,,,,,,,56.663325767768896,,,22.58476739042497,25.573246257642108,,,,,60,100,-40,,,,,,,,,,,,-160.3571549386663,-283.09926843904157,-160.3571549386663,0.2538219571469043
2015-01-05,27.0725,28.3125,26.1575,28.0025,27.343106684701485,27.82022690469837,24.28763230902227,18.690071128135173,-0.1330709291342571,1.3443469531465269,1.477417882280784,0,,,34.70003871817735,45.10064829764917,,,,,,,59.84724393516177,,,18.05825303621675,19.98693628186118,,,,,60,100,-40,,,,,,,,,,,,-143.9285813134542,-261.62667417739766,-143.9285813134542,0.2475825266918647
2015-01-12,28.15,28.2,26.3,26.4975,27.205920492937093,27.555681523758697,24.37429378709983,18.767756987556712,-0.2560178754805047,1.157395537930153,1.4134134134106577,0,,,19.97849160670098,33.25626196581586,,,,,,,50.77029649295304,,,9.01297321502227,13.437951185956175,,9.01297321502227,,,60,100,-40,,,,,,,,,,,,-58.66883925646256,-165.87636978150712,-58.66883925646256,0.17213565841136994
2015-01-20,26.96,28.4375,26.625,28.245,27.11496188629873,27.693545219006957,24.52608618760572,18.86205791305366,-0.2210222122618366,1.1371356480833619,1.3581578603451985,0,,,20.148133022562348,24.942221115813535,,,,,,,58.65768522423364,,,12.578529809339043,11.468656163334694,,,,,60,100,-40,,,,,,,,,,,,-74.3654139371057,-182.9897570939604,-74.3654139371057,0.2425153015311581
2015-01-26,28.435,30,27.2575,29.29,27.024786037277394,28.012836175205564,24.712906337111377,18.965818530834223,-0.1331938662201826,1.1916655275699704,1.324859393790153,0,,,33.55422217286768,24.560282267376977,,,,,,,62.54522163168289,,,18.085033342530938,13.61161634612341,,,,,60,100,-40,,,,,,24.560282267376977,,,,,,-12.66261140308643,-118.80980125869485,-12.66261140308643,0.2331251373788617
2015-02-02,29.5125,30.1275,29.02,29.7325,26.82640846318615,28.35676894016445,24.909753147420734,19.072949689731395,-0.05500169183987724,1.2561072789903065,1.3111089708301837,0,,,47.070762058654,33.59103908469465,,,,,,,64.0940564890713,,,31.194191942669654,24.658809419905293,,,,,60,100,-40,,,,,,,,,,,,-72.17850023888893,-172.6625646662049,-72.17850023888893,0.24928826708192742
2015-02-09,29.6375,31.87,29.6075,31.77,28.91327214438714,29.03941515213156,25.178782435757174,19.199288498788793,0.11496628760987693,1.45481683034253,1.339850542732653,0,,,61.601467001604675,47.40881707770876,,,,,,,70.23400507571004,,,43.7324857746225,36.938249088404376,,,,,60,100,-40,,,,,,,,,,,,-131.78240928636367,-223.996643817804,-131.78240928636367,0.2933365659503369
2015-02-17,31.8725,32.375,31.73,32.37375,29.397859848359488,29.70628212170525,25.460938026511794,19.330377667955073,0.24178695441950615,1.6420842357570358,1.4002972813375296,0,,,71.81633028649033,60.162853115582976,,,,,,,71.78293531218634,71.78293531218634,,55.14351565985165,49.63583206149449,,,,,60,100,-40,,,,,,,,,,,,-174.18560759793394,-256.9063449418396,-174.18560759793394,0.33833435455780453
2015-02-23,32.505,33.4,31.6525,32.115,29.518280573476666,30.1880256973642,25.721881633315252,19.457587840413233,0.2793217562329515,1.749449476628719,1.4701277203957674,0,,,75.8495092448834,69.75576884432611,,,,,,,70.08957185921973,,,63.406075495130494,59.497518177327606,,,,,60,100,-40,,,,,,,,,,,,-195.24276985285502,-277.46882767968697,-195.24276985285502,0.28977122623919227
2015-03-02,32.3125,32.57,31.44,31.65,29.472599818228336,30.48042055789136,25.95435686338132,19.57890537433947,0.24512724734122893,1.7765367795723037,1.5314095322310748,0,,,73.80623826168194,73.82402593101853,,,73.82402593101853,,73.82402593101853,,67.01194547695077,,,69.13227372121236,66.55759487839173,69.13227372121236,,,,60,100,-40,,,,,,73.82402593101853,,105,,106,,-173.38044806142682,-255.20176810156204,-173.38044806142682,0.2830269994972446
2015-03-09,31.99,32.3925,30.4075,30.8975,29.518396259783454,30.56383644631309,26.148205613836954,19.691528206435596,0.14886045585861507,1.7174851020543436,1.5686246461957285,0,,,67.2994887016248,72.31841206939669,,,,,,,62.22208660354529,,,67.87262953717747,68.69171111283033,,,,,60,100,-40,,,,,,,,,,,,-174.58400295934922,-259.7105375376417,-174.58400295934922,0.18786549417472162
2015-03-16,30.97,32.311275,30.7175,31.475,29.43877866979892,30.74606915705047,26.357099511333544,19.80877668199345,0.10327263425804545,1.6977154390182854,1.59444280476024,0,,,62.97639245256924,68.02737313862531,,,,,,,64.34115674755972,,,68.05106290234009,68.71565658255945,,,,,60,100,-40,,,,,,,,,,,,-294.6596387849221,-388.85407616716134,-294.6596387849221,0.14210556001972383
2015-03-23,31.78,32.01,30.65,30.8125,29.420737336241856,30.759355325640378,26.531821099124386,19.91826646625222,0.012469915746062377,1.6100301994428179,1.5975602836967555,0,,,56.324868415865666,62.20024985668655,,,,,,,60.14814928585817,,,60.20873490355396,63.71437174768832,,,,,60,100,-40,,,,,,,,,,,,-230.17606809675445,-315.42606231858656,-230.17606809675445,0.11112803208265201
2015-03-30,31.0125,31.6225,30.775,31.33,29.437381097938864,30.873484260512303,26.719984977590098,20.031816053652694,-0.0266361737986478,1.5642650664484457,1.5909012402470935,0,,,51.24238486400112,56.847881910811985,,,,,,,62.23100314197611,,,58.39953860290045,60.22216112183531,,,,,60,100,-40,,,,,,,,,,,,-242.8713284427991,-325.3485964424799,-242.8713284427991,0.08206040937216764
2015-04-06,31.1175,32.03045,31.0825,31.775,29.526050305228946,31.053787408409843,26.918220860821858,20.148663655108887,-0.035855883401871846,1.5460813859947535,1.5819372693966254,0,,,50.20012748685039,52.58912692223904,,,,,,,63.984525116001244,,,56.13861218186187,56.38930962677724,,,,,60,100,-40,,,,,,,,,,,,-256.8947232713811,-339.8306698165744,-256.8947232713811,0.07716061981466026
2015-04-13,32.0925,32.1425,31.115,31.1875,29.59403599771259,31.080529926727873,27.085643572162176,20.258502822719745,-0.09167009172148499,1.467349654744769,1.559019746466254,0,,,47.081350185291534,49.50795417871433,,,,,,,60.00034059107831,,,55.77514966364459,56.00378253705032,,,,,60,100,-40,,,,,,,,,,,,-209.2775008584027,-283.49782075901544,-209.2775008584027,0.031336316276604576
2015-04-20,31.3925,32.6575,31.2925,32.57,29.842051283590266,31.378423941382298,27.300716373253856,20.38100528219517,-0.04783322371958065,1.4992282168167783,1.547061440536359,0,,,50.900936064286924,49.394137912142924,,,,,,,65.48001186967942,65.48001186967942,,54.7899933871893,55.253604575390995,,,,,60,100,-40,,,,,,49.394137912142924,,,,,,-235.7725007023295,-304.6800351664671,-235.7725007023295,0.07118377810645382
2015-04-27,33.0775,33.635,31.145,32.2375,29.82690476333382,31.55023915310584,27.494315731165468,20.498980354014122,-0.05317326455393223,1.4805948598439436,1.5337681243978758,0,,,53.62861317681167,50.53696647546335,,,,,,,63.22336082696019,,,46.27990691710537,50.6081782058593,,,,,60,100,-40,,,,,,,,,,,,-154.72295512008776,-227.46548331801853,-154.72295512008776,0.1022498306577479
2015-05-04,32.375,32.6425,30.84,31.905,29.667125851667116,31.62119132248467,27.667283741707998,20.612473086810002,-0.08893531274150535,1.4225989834709942,1.5115342962124996,0,,,48.47442267206582,51.00132397105478,,,51.00132397105478,,51.00132397105478,,60.947863901671596,,,35.54574148710414,41.84237520038683,,,,,60,100,-40,,,,,,51.00132397105478,,,,106,,-142.95514509825364,-218.83539544201514,-142.95514509825364,0.07570326395613539
2015-05-11,31.8475,32.3725,31.205,32.1925,29.616974005119467,31.735453057987737,27.844743202817487,20.72769723519995,-0.1021209269714265,1.3838831374982163,1.4860040644696428,0,,,45.654049752449474,49.25236186710897,,,,,,,62.22151796086707,,,23.74740085181479,29.67388627645062,,23.74740085181479,,,60,100,-40,,,,,,,,,,,,-163.32693689857112,-242.68350536164877,-163.32693689857112,0.08866335437552958
2015-05-18,32.095,33.2425,32.09,33.135,30.2261187190395,32.01536244639019,28.05220425368739,20.851152984103432,-0.05843153403869472,1.4129646469212744,1.4713961809599692,0,,,53.3719002284446,49.166790884319944,,,,,,,66.14308536841469,66.14308536841469,,25.12128063105223,24.32814611577622,,,,,60,100,-40,,,,,,49.166790884319944,,,,,,-142.7220392806491,-229.4683225686217,-142.7220392806491,0.13448291073269178
2015-05-26,33.15,33.2275,32.28,32.57,30.269253096250967,32.12628995711216,28.2293727143271,20.967758427047677,-0.07745620955880517,1.3745759190114626,1.4520321285702678,0,,,55.32362685006197,51.449858943651996,,,,,,,61.965779345799895,,,27.011314656885943,24.43948997181978,27.011314656885943,,,,60,100,-40,,,,,,,,,,,,-150.40894122962203,-234.1104457379632,-150.40894122962203,0.08304751596604776
2015-06-01,32.8,32.8475,32.09,32.1625,30.338592160804467,32.13353196568973,28.383613000039762,21.07914889046014,-0.12456372286355699,1.2963274749908216,1.4208911978543786,0,,,51.34339059087219,53.346305889792895,,,53.346305889792895,,53.346305889792895,,59.05180137390378,,,24.86861503655114,26.308696140345663,,,,,60,100,-40,,,,,,53.346305889792895,,105,,,,-179.42549736969073,-265.18127378560627,-179.42549736969073,0.10555705755302588
2015-06-08,32.225,32.545,31.405,31.7925,30.430121292175578,32.065325572551785,28.517294843175456,21.185749399012774,-0.18412649283361104,1.1907330818123647,1.3748595746459757,0,,,40.0052438134241,48.890753751452735,,,,,,,56.4410492255693,,,12.989481005415694,19.747658821385034,,,,,60,100,-40,,,,,,,,,,,,-185.8935887570197,-266.9664967336779,-185.8935887570197,0.060448337373893844
2015-06-15,31.525,32.0775,31.4275,31.65,30.460469771305895,31.982260458041427,28.640146025796028,21.28987129554001,-0.23343541751777197,1.0830653027487607,1.3165007202665326,0,,,27.24178248016122,39.53013896148581,,,,,,,55.41878135386526,,,4.943306187033835,9.886612374067669,,,,,60,100,-40,,,,,,,,,,,,-245.73111807392522,-323.8816791457364,-245.73111807392522,0.004145822646875718
2015-06-22,31.8725,32.45,31.6275,31.6875,30.558650501926902,31.92330836643314,28.75965010321579,21.393330287624188,-0.2617133492928194,0.9893590336505085,1.251072382943328,0,,,21.200231500856436,29.482419264813895,,,,,,,55.647796047965386,,,1.5041898524636075,2.3099207235934003,,,,,60,100,-40,,,,,,,,,,,,-261.9618238786661,-346.8122829374207,-261.9618238786661,-0.04741077990633687
2015-06-29,31.365,31.735,31.12,31.61,30.625175466074978,31.860646693146514,28.871428530540662,21.494988692722455,-0.2820696199165842,0.8984853580475978,1.180554977964182,0,,,7.00837681467589,18.48346359856449,,,,,,,55.01505572642965,,,0.5820491511115183,0.46563932088922194,,0.5820491511115183,,,60,100,-40,,,,,,,,,,,,-180.6960377189086,-266.4827769487988,-180.6960377189086,-0.08970211941353748
2015-07-06,31.235,31.5575,29.805,30.82,30.71659150421248,31.65251735451721,28.94784309797044,21.58777487488442,-0.3412208292050398,0.7540289414578822,1.095249770662922,0,,,-13.66904098410014,4.846522443810704,,,,,,,48.877769020319484,,,0.6984589813338205,0.6984589813338261,,,,,60,100,-40,,,,,,,,,,,,-149.66039449728885,-244.39499932174445,-149.66039449728885,-0.1202540337008549
2015-07-13,31.2575,32.405,31.08,32.405,30.63147782534016,31.80301388361377,29.083417878442187,21.69540895573134,-0.26924248747344093,0.758696661321121,1.027939148794562,0,,,-5.8100182304726795,-4.156894133299004,,,,,,,58.85437462305994,,,12.806932023304745,6.75269550231928,,,,,60,100,-40,,,,,,,,,,,,-148.81305004323636,-248.14136308142724,-148.81305004323636,-0.04429944207706993
2015-07-20,32.7425,33.2425,30.4975,31.125,30.583872266387292,31.667411106891016,29.163479922424848,21.78923573229123,-0.3010718559226714,0.6515993288912227,0.9526711848138941,0,,,-7.067955244713708,-8.849004819762202,,,,,,,50.27141744478744,,,17.01287634777334,13.396345055292675,,,,,60,100,-40,,,,,,-8.849004819762202,,,,,,20.971140873715726,-92.11566070298595,20.971140873715726,-0.050273188647125135
2015-07-27,30.7725,30.9775,30.2275,30.325,30.3739528187882,31.398928885512813,29.20902972938858,21.874168710079374,-0.36497865564135423,0.4964478652622013,0.8614265209035555,0,,,-26.181891737730396,-13.01995507097226,,,,,,,45.753629226419804,,,20.334701124260036,20.03999460826607,20.334701124260036,,,,60,100,-40,,,,,,-13.01995507097226,,,,,,9.885478896676503,-105.36735875698852,9.885478896676503,-0.046511676337907905
2015-08-03,30.375,30.6425,28.025,28.88,30.442956188874756,30.89514310841025,29.19612660274589,21.943878474158186,-0.4859714007729813,0.25396226993732895,0.7399336707103102,0,,,-47.05595943906191,-26.768602140502008,,,,,,,38.91107921252114,,,8.055295277393865,14.342351458823934,,,,,60,100,-40,,,,,,,,,,,,123.54266455182625,-2.5732935284450775,123.54266455182625,-0.0716276145101526
2015-08-10,29.1325,29.9975,27.4075,28.99,29.69631646109799,30.5141144867282,29.188043206559776,22.01398913610686,-0.5360577765593285,0.06986145001114963,0.6059192265704781,0,,,-58.80401565689685,-44.01395561122971,,,,,,,39.65532829048025,,,4.354282848314455,7.776553108211677,,,,,60,100,-40,,,,,,,,,,,,138.35308917876694,15.167305294908573,138.35308917876694,-0.019430489450011128
2015-08-17,29.01,29.4125,26.41125,26.44,29.366579571019564,29.69929158938256,29.08027680630253,22.058029045200325,-0.7076090047910385,-0.27859202941831995,0.42901697537271855,0,,,-70.12919443332996,-58.6630565097629,,,,,,,30.36487422284192,,,1.0713836730083277,1.2107547575994213,,1.0713836730083277,,,60,100,-40,,,,,,,,,,,,338.6525275099002,196.9550679685616,338.6525275099002,-0.09373140282719797
2015-08-24,23.7175,28.3275,23,28.3225,29.154859601661023,29.423933271506048,29.05056006880047,22.12036208952669,-0.6618144715830995,-0.39825111410615577,0.2635633574769437,0,,,-77.21202713400187,-68.71507907474289,,,,,,,41.35330857384805,,,8.823605839851995,4.877809214134614,,,,,60,100,-40,,,,,,,,,,,,281.6247952353729,153.87232833791404,281.6247952353729,-0.007830799931117606
2015-08-31,28.0075,28.6325,26.84,27.3175,28.625941058685235,29.00264661720484,28.98259692884751,22.172074904556275,-0.6649575461160084,-0.5676335751680668,0.0973239709479416,0,,,-74.36655602430255,-73.9025925305448,,,,-73.9025925305448,,-73.9025925305448,37.89486276301058,,,16.00908396091514,11.429895743954225,,,,,60,100,-40,,,,,,,,,,,,269.51119610166876,161.35008682192966,269.51119610166876,-0.006192547262297817
2015-09-08,27.9125,28.5525,27.4425,28.5525,28.63980241163629,28.91261729376387,28.965730382618197,22.23556172142636,-0.5541418602349223,-0.5953533543457112,-0.041211494110788977,0,,,-67.52447661805404,-73.03435325878615,,,,,,,44.116662789745604,,,30.04266412888636,23.36075072530454,,,,,60,100,-40,,,,,,-73.03435325878615,-107,,,,,264.14552408318355,168.37734376339705,264.14552408318355,0.007269913326316352
2015-09-14,29.145,29.2225,27.9675,28.3625,28.73231652509084,28.802593835011095,28.94207428918219,22.29652628141217,-0.46738534199185533,-0.6254431716006081,-0.1580578296087528,0,,,-59.068729791939404,-66.98658747809866,,,,,,,43.39214608658521,,,36.335862601332614,32.49614372825237,,,,,60,100,-40,,,,,,,,,,,,226.11906515896837,146.85419035187027,226.11906515896837,-0.0023480647856999677
2015-09-21,28.4175,29.1725,28.0925,28.6775,28.81536534472721,28.777575068008876,28.93169882686132,22.360018557219014,-0.36696337800076567,-0.6167620521097099,-0.24979867410894424,0,,,-50.69452540208326,-59.09591060402556,,,,,,,45.014018874685256,,,45.17575553258291,41.812917518011716,45.17575553258291,,,,60,100,-40,,,,,,,,,,,,285.9155987664287,202.88070119698475,285.9155987664287,-0.0079909716502343
2015-09-28,28.4625,28.6425,26.8275,27.595,28.917482105818124,28.5410600544071,28.879279265023623,22.412107924808875,-0.351589264067997,-0.6892852541939405,-0.3376959901259435,0,,,-52.429224662486654,-54.06415995216977,,,,,,,40.67540103389717,,,44.4034359118258,44.38026171130465,,,,,60,100,-40,,,,,,,,,,,,397.5673080816234,308.7205737066239,397.5673080816234,-0.04423307139921016
2015-10-05,27.47,28.07,27.0525,28.03,27.622304812545398,28.43884804352568,28.84597419580701,22.46800734844262,-0.29268278346268956,-0.7035494694543054,-0.41086668599161585,0,,,-52.15912420481748,-51.76095808979579,,,,,,,43.06437364121204,,,44.76262628253399,45.62261405614226,,,,,60,100,-40,,,,,,-51.76095808979579,,,,,,292.555070248601,211.68046939632865,292.555070248601,-0.03166371714620886
2015-10-12,28.1825,28.1875,27.39,27.76,26.92714018307787,28.303078434820545,28.80338697244203,22.520663991741696,-0.25390340356509716,-0.7282459404479873,-0.47434253688289013,0,,,-50.31964062068047,-51.63599649599487,,,,,,,41.9290288395801,,,41.536638256920114,42.85063128377823,,41.536638256920114,,,60,100,-40,,,,,,-51.63599649599487,,,,,,205.7268756579462,133.1931113242689,205.7268756579462,-0.019801997344851118
2015-10-19,27.7,29.807,27.5275,29.77,26.500915884286595,28.596462747856435,28.841293365679597,22.59279668834128,-0.08368920891810777,-0.5789540480305249,-0.4952648391124171,0,,,-33.598456840742436,-45.35907388874679,,,,,,,52.11115363324698,,,55.04198505223821,48.55231346086604,,,,,60,100,-40,,,,,,,,,,,,88.32198917468325,17.158000174401877,88.32198917468325,0.046108285084064136
2015-10-26,29.52,30.305,28.4975,29.875,26.51377903540898,28.852170198285148,28.881830880750986,22.665256422785646,0.03860096701234961,-0.44701363034698005,-0.48561459735932966,0,,,-16.043639348212793,-33.320578936545225,,,,,,,52.581676644981535,,,70.35942881979082,60.618289878313504,,,,,60,100,-40,,,,,,,,,,,,89.53617296110444,8.583818324510624,89.53617296110444,0.0889959861787546
2015-11-02,29.9675,30.955,29.9025,30.265,26.885651961451195,29.13473615862812,28.936072806996044,22.740875761862405,0.14254269813264359,-0.30743622469352516,-0.44997892282616875,0,,,2.406516792635223,-15.745193132106662,,,,,,,54.385071817371916,,,90.27203740081309,80.54407480162617,90.27203740081309,,,,60,100,-40,,,,,,,,,,,,-3.106767577278191,-82.06778500721856,-3.106767577278191,0.08939218204486053
2015-11-09,30.24,30.4525,28.0675,28.085,26.97274824991897,28.924788926902494,28.902697402800122,22.79405112741601,0.06519890255961774,-0.36848029462664655,-0.4336791971862643,0,,,0.8271058988819109,-4.270005552231879,,,,,,,44.204633137693556,,,87.45948806579588,88.75488597321498,,,,,60,100,-40,,,,,,,,,,,,132.9126447094997,30.126357721366688,132.9126447094997,0.08061552068833516
2015-11-16,27.845,29.98,27.75,29.825,26.867194803496183,29.104831141521995,28.938866132102078,22.864010817690477,0.12829998118592623,-0.2733042207038565,-0.40160420188978274,0,,,3.7214084578309707,2.3183437164493683,,,,,,,51.9775798439436,,,86.32856606533231,89.70530557226034,,,,,60,100,-40,,,,,,,,,,,,113.29216385322702,1.9215654083909328,113.29216385322702,0.0934218176852273
2015-11-23,29.8175,29.9325,29.28,29.4525,26.7913237461036,29.174364913217595,28.959008636725525,22.929567923982116,0.14101408685547823,-0.22533659332043499,-0.3663506801759132,0,,,10.874985067066206,5.141166474593029,,,,,,,50.350784469317105,,,78.13187047865821,81.34491441852437,,,,,60,100,-40,,,,,,,,,,,,50.87540678900396,-60.245991938589256,50.87540678900396,0.07853431903880681
2015-11-30,29.4975,29.8525,28.555,29.7575,26.946229192810485,29.290991930574076,28.9903220235206,22.99750754662906,0.16439518721366586,-0.16085669615883091,-0.3252518833724968,0,,,13.608487884319654,9.40162713640561,,,,,,,51.69191895332875,,,81.90441869451588,80.41987262155702,,,,,60,100,-40,,,,,,,,,,,,75.26169646373056,-37.47399340430029,75.26169646373056,0.07590814509905859
2015-12-07,29.745,29.965,28.21275,28.295,26.997927107609737,29.09179354445926,28.963054493186462,23.050218914324294,0.08006406658933979,-0.22517180013582205,-0.30523586672516184,0,,,5.48885280014467,9.990775250510177,,,,,,,45.33108325861231,,,69.3886634413891,74.27127954726124,,,,,60,100,-40,,,,,,9.990775250510177,,,,,,201.57775165214315,71.15764176011797,201.57775165214315,0.08117845495746472
2015-12-14,28.045,28.2,26.4525,26.5075,26.980968028494754,28.574934835567408,28.8667582385517,23.084619721146936,-0.08828143366443492,-0.4155876588057055,-0.32730622514127056,0,,,-19.305143814186575,-0.06926770990741697,,,,,,,38.98002724388702,,,50.78631136502918,62.366908708262514,,,,,60,100,-40,,,,,,,,,,,,254.01816044266258,124.58352507646012,254.01816044266258,0.05048695858315029
2015-12-21,26.82,27.25,26.3925,27.0075,26.952327455030844,28.261447868453928,28.793846150765358,23.12365335576239,-0.15427645291216308,-0.5201517912814744,-0.3658753383693113,0,,,-33.779706518084325,-15.865332510708745,,,,,,,41.46516410444449,,,28.513762255049887,40.184821466853144,,,,,60,100,-40,,,,,,,,,,,,189.6512221803603,73.75015688074008,189.6512221803603,0.0900655429046314
2015-12-28,26.8975,27.3575,26.205,26.315,27.06644692252864,27.872158294763143,28.696636497794167,23.15540804873988,-0.22841154242251693,-0.6513897663974575,-0.42297822397494056,0,,,-43.255532044208145,-32.113460792159685,,,,,,,39.077273453075776,,,13.16944319211491,20.596825862318074,,,,,60,100,-40,,,,,,,,,,,,203.35099996574937,72.15921926606008,203.35099996574937,0.05786677554721686
2016-01-04,25.6525,26.4625,24.1075,24.24,27.130272142348023,27.145726635810515,28.521866439057142,23.16620000845391,-0.39146971049939616,-0.9123153620991857,-0.5208456515997896,0,,,-56.63202698738756,-44.55575518322669,,,,,,,32.922831790005006,,,7.592167608800896,9.442274695690044,,,,,60,100,-40,,,,,,,,,,,,410.0144545174314,269.94845212677643,410.0144545174314,0.05948442811718076
2016-01-11,24.7425,25.2975,23.84,24.2825,27.017752703608878,26.573081308648412,28.35561677478039,23.17730747105636,-0.4656892210937109,-1.1029571779669283,-0.6372679568732174,0,,,-64.19077414965882,-54.69277772708485,,,,,,,33.1564232822802,,,2.2700887865045414,4.006074654208145,,2.2700887865045414,,,60,100,-40,,,,,,,,,,,,776.3754627869891,600.8669153764536,776.3754627869891,-0.06978800569010297
2016-01-19,24.6025,25.365,23.355,25.355,27.0414846533511,26.32946504691873,28.237945528710572,23.198976053433906,-0.41354207921516717,-1.1541955558921764,-0.7406534766770092,0,,,-65.76582675041602,-62.19620929582081,,,,,,,38.96697870103864,,,7.937808030288869,5.537944875322605,,,,,60,100,-40,,,,,,,,,,,,662.4890150075368,517.0729307625529,662.4890150075368,0.01129226141355717
2016-01-25,25.38,25.3825,23.0975,24.335,26.54459289239745,25.930572037534986,28.084888841310157,23.21027977429526,-0.4175203225308207,-1.2625538798405351,-0.8450335573097144,0,,,-66.83380633457828,-65.59680241155105,,,,,,,35.763898600829805,,,11.823921957719325,8.62990450487368,,,,,60,100,-40,,,,,,,,,,,,604.7637395516209,474.8778524420888,604.7637395516209,-0.035341840716328406
2016-02-01,24.1175,24.3325,23.4225,23.505,26.452479114369062,25.445457630027988,27.90528535733721,23.21321231385451,-0.44339135447237465,-1.3992727504001827,-0.9558813959278081,0,,,-67.93459009212157,-66.84474105903864,,,,,,,33.34746992128001,,,14.382699664491122,13.530252481200586,14.382699664491122,,,,60,100,-40,,,,,,,,,,,,654.8066959967808,532.172788361709,654.8066959967808,-0.05172390082325176
2016-02-08,23.2825,24.0875,23.1475,23.4975,26.495516320485557,25.05586610402239,27.732431029598494,23.216041047049988,-0.42812755287089854,-1.4910408370164312,-1.0629132841455327,0,,,-67.54584875257949,-67.43808172642645,,,,-67.43808172642645,,-67.43808172642645,33.32542796486672,,,9.00027670773096,12.063409918452138,,,,,60,100,-40,,,,,,,,,-106,,,646.6600239973661,519.9595541141255,646.6600239973661,-0.06871316311490663
2016-02-16,23.755,24.7225,23.6525,24.01,26.594229440450874,24.846692883217912,27.58645334216326,23.223941136134066,-0.3537204137415082,-1.505063801322418,-1.1513433875809098,0,,,-62.91187583540018,-66.13077156003375,,,,,,,36.435678530543875,,,8.634807527909494,9.610476350152608,,,,,60,100,-40,,,,,,-66.13077156003375,-107,,,,,559.0854741796633,439.9669079115572,559.0854741796633,-0.07253920746668949
2016-02-22,24.0775,24.505925,23.33,24.2275,25.18267733756153,24.72285430657433,27.45472968168627,23.23392679647104,-0.2641639320846214,-1.4815483026866865,-1.217384370602065,0,,,-59.02560317372409,-63.16110925390126,,,,,,,37.77030673694213,,,12.92277976570076,9.860460433519421,,,,,60,100,-40,,,,,,,,,,,,465.615387965179,350.88201556400134,465.615387965179,-0.10974387710126897
2016-02-29,24.215,25.9375,24.1625,25.7525,23.94949681344999,24.928783445259466,27.387975576522102,23.2589872263569,-0.08576315629886766,-1.3245883159756495,-1.2388251596767819,0,,,-45.97863849758186,-55.972039168902036,,,,,,,46.32988042837044,,,30.17097281906289,20.996545860418564,,,,,60,100,-40,,,,,,,,,,,,370.9580446987827,266.1761945523648,370.9580446987827,-0.07058457509792594
2016-03-07,25.5975,25.7075,25.0375,25.565,23.914354183917848,25.056026756207572,27.31648633822712,23.281932627089667,0.029879160680422512,-1.2014762088262536,-1.2313553695066761,0,,,-34.042933000740746,-46.34905822401556,,,,,,,45.49634414357884,,,52.081714447945316,39.87348194286999,,,,,60,100,-40,,,,,,,,,,,,293.5111274808223,194.14415917920758,293.5111274808223,-0.10015943484427761
2016-03-14,25.4775,26.625,25.445,26.48,23.505650313638,25.340821404966057,27.283682952414292,23.313754192989272,0.17041440387513918,-1.0183373646627523,-1.1887517685378914,0,,,-18.66053131196876,-32.894034270097116,,,,,,,50.230161427010856,,,76.39490400058051,64.10628868297222,,,,,60,100,-40,,,,,,,,,,,,207.4181952115819,115.20885751026074,207.4181952115819,-0.11088855780642966
2016-03-21,26.4825,26.9125,26.2225,26.4175,23.54953243409243,25.556157123972845,27.249714993496085,23.3446372358451,0.25641478601432977,-0.8682332860199793,-1.124648072034309,0,,,-5.016312246645214,-19.2399255197849,,,,,,,49.909394790446285,,,90.4535145791481,83.47012385737642,,,,,60,100,-40,,,,,,,,,,,,197.88761426402152,112.44361069021335,197.88761426402152,-0.11081753109031296
2016-03-28,26.5,27.605,26.22,27.4975,24.67778011737154,25.944425699178275,27.25943205257467,23.38595925339888,0.37605275136608984,-0.6545821328266967,-1.0306348841927866,0,,,8.446000716949607,-5.07694761388812,,,,,,,55.25805842786963,,,97.3023561198336,95.18128421469396,,,,,60,100,-40,,,,,,,,,,,,128.2716843978358,47.453863291992704,128.2716843978358,-0.030459513580225698
2016-04-04,27.605,28.0475,27.03025,27.165,24.681331537559288,26.18854055934262,27.255728834826645,23.42356164888745,0.41950293194064225,-0.5062562192669837,-0.925759151207626,0,,,19.148612247080514,7.526100239128302,,,,,,,53.357782017790186,,,97.36414206406488,97.8971543635057,97.36414206406488,,,,60,100,-40,,,,,,,,,,,,100.40410541641111,29.73497905708495,100.40410541641111,-0.09726639960663444
2016-04-11,27.2425,28.0975,27.165,27.4625,24.737164999162196,26.443332447474095,27.2638375079707,23.463750090192054,0.4521713509222911,-0.3605449625547621,-0.8127163134770532,0,,,26.887203823702897,18.160605595911004,,,,,,,54.86236914882817,,,97.30417551157973,97.7157272031892,,,,,60,100,-40,,,,,,,,,,,,53.05790443160909,-15.671380771475967,53.05790443160909,-0.097732481745344
2016-04-18,27.2225,27.2375,26.155,26.42,24.801117499222038,26.438665957979275,27.230745840991457,23.49316551218019,0.389823178620636,-0.32543734020125825,-0.7152605188218942,0,,,24.445556886045363,23.493790985609593,,,,,23.493790985609593,,48.876963786723906,,,90.90131447763429,93.88159563496572,,,,,60,100,-40,,,,,,,,,,,,22.50192180768014,-41.912947903934885,22.50192180768014,-0.16462327351390538
2016-04-25,26.25,26.4125,23.1275,23.435,24.806930534991892,25.83793276638342,27.08189306291336,23.492586750864966,0.1463345440543844,-0.5323423387539137,-0.6786768828082981,0,,,4.499290978417115,18.610683896055125,,,,,,,36.51854614438733,,,72.4571017734769,82.43196517180674,,,,,60,100,-40,,,,,,18.610683896055125,,,,,,0.22884511537466068,-54.29241192140125,0.22884511537466068,-0.18488112815656352
2016-05-02,23.49125,23.975,22.9625,23.18,24.528756925349615,25.306346213106735,26.928877648681464,23.489476434935963,-0.024036650219658506,-0.7087226955828712,-0.6846860453632126,0,,,-13.11068790729946,5.2780533190543375,,,,,,,35.6835496564905,,,47.46322180338698,61.33242882555597,,,,,60,100,-40,,,,,,,,,,,,38.36905509439745,-17.148337026601013,38.36905509439745,-0.14883809326853364
2016-05-09,23.25,23.4425,22.3675,22.63,24.5961671449675,24.77107697048539,26.760294211478268,23.48092443060824,-0.15841953634810735,-0.8827104657983469,-0.7242909294502395,0,,,-26.179552310441352,-11.596983079774565,,,,,,,33.87379524940768,,,22.789991516866767,35.41405904752465,,,,,60,100,-40,,,,,,,,,,,,76.84740871359793,15.969542432781019,76.84740871359793,-0.184519196131147
2016-05-16,23.0975,23.8575,22.9125,23.805,24.64983377746982,24.57786157638831,26.644400320832062,23.4841490631395,-0.1527545349384566,-0.9152340981233102,-0.7624795631848537,0,,,-30.577924573971615,-23.289388263904144,,,,,,,40.8202327032725,,,18.193601510232845,20.036785446973152,,18.193601510232845,,,60,100,-40,,,,,,,,,,,,65.60242531112557,2.1568983540935704,65.60242531112557,-0.11435151907180822
2016-05-23,23.9675,25.1825,23.9175,25.0875,24.677881364793404,24.67978926111065,26.583345406289627,23.50010280380478,-0.05239864218865242,-0.8279778659206691,-0.7755792237320167,0,,,-25.459600388566535,-27.405692424326503,,,,,,,47.35897849867134,,,27.15762795864002,20.207899369245375,,,,,60,100,-40,,,,,,-27.405692424326503,,,,,,10.03834798183,-50.96253771028708,10.03834798183,-0.004554323810104137
2016-05-31,24.9,25.1,24.1575,24.48,24.682496981593875,24.63983140888852,26.500861272709642,23.509853024662444,-0.01844911245312042,-0.7986406142984173,-0.7801915018452968,0,,,-22.47724689933046,-26.17159062062287,,,,,,,44.817868785911116,,,42.3678452809678,33.79836617086571,,,,,60,100,-40,,,,,,,,,,,,-16.332260742139084,-78.06025812659853,-16.332260742139084,0.013842953384234104
2016-06-06,24.4975,24.9975,24.3875,24.7075,24.748925768622883,24.653365127110813,26.430533379662204,23.521769909989185,0.025428303549326348,-0.7484061224086389,-0.7738344259579653,0,,,-18.634261940433476,-22.190369742776824,,,,,,,45.99348208855627,,,53.52280965197562,48.02257506076396,53.52280965197562,,,,60,100,-40,,,,,,,,,,,,-6.999122425386517,-68.41293846721697,-6.999122425386517,-0.045436317664158614
2016-06-13,24.6725,24.78,23.825,23.8325,24.85810964229268,24.48919210168865,26.32864971771467,23.524861751680834,0.002811269071540723,-0.7703203396185394,-0.7731316086900801,0,,,-22.12961046728734,-21.080373102350425,,,,,,,42.2436151460571,,,52.35323947657896,53.66671189685379,,,,,60,100,-40,,,,,,-21.080373102350425,,,,,,7.909808924683759,-55.97422238226842,7.909808924683759,-0.1065621821794153
2016-06-20,24,24.2225,23.1625,23.35,24.875208953557486,24.261353681350922,26.211839924863114,23.523121833753663,-0.035255550837921645,-0.8172010472374822,-0.7819454963995606,0,,,-30.316512154676154,-23.69346152079899,,,,,,,40.281706422923556,,,47.56454751752074,51.297976583633236,,,,,60,100,-40,,,,,,,,,,,,75.56257093837765,6.9301816872349065,75.56257093837765,-0.09502782170134884
2016-06-27,23.25,24.11625,22.875,23.9725,24.908586885446237,24.203582945080736,26.124022672907696,23.52759325829343,-0.010411598291441782,-0.7949599942638628,-0.784548395972421,0,,,-34.3484025281725,-28.931508383378667,,,,,,,43.921826618600754,,,42.84594246648914,45.14069261017267,,42.84594246648914,,,60,100,-40,,,,,,,,,,,,-11.812441959509208,-77.96621498317144,-11.812441959509208,-0.04157699806260895
2016-07-05,23.8475,24.2225,23.5925,24.17,23.87118782220008,24.19686635606459,26.04739433279367,23.533985365176083,0.025462469617106964,-0.7527203089510373,-0.7781827785681442,0,,,-32.346133621898794,-32.337016101582485,,,,,,,45.07259330288175,,,44.20286274492754,43.19700906601724,,,,,60,100,-40,,,,,,,,,,,,-106.0283616032348,-162.88144862259483,-106.0283616032348,-0.0009932543573515616
2016-07-11,24.1875,24.825,24.1825,24.695,22.630745834900072,24.296493084851672,25.994359260919406,23.54553774960219,0.08721167300840016,-0.669168187307644,-0.7563798603160442,0,,,-21.26560499953583,-29.320047049869043,,,,,,,48.13739285773431,,,52.7859542272064,47.83295430026408,,,,,60,100,-40,,,,,,-29.320047049869043,,,,,,-135.841386766283,-190.53936705485032,-135.841386766283,-0.000626017936261481
2016-07-18,24.675,25.25,24.5775,24.665,22.712656846692923,24.370194467881337,25.942227525197076,23.556676677466843,0.12632433829541234,-0.5984744374467788,-0.7247987757421911,0,,,-8.750215766522254,-20.78731812931896,,,,,,,47.971693019548376,,,65.50387570931876,58.48885549915604,,,,,60,100,-40,,,,,,,,,,,,-173.87022553604976,-230.44130031760483,-173.87022553604976,-0.07610833320202827
2016-07-25,24.5625,26.1375,24.105,26.0525,23.751217071929144,24.70665557430507,25.946551935973662,23.58151074037762,0.23937212923809514,-0.42558361419457214,-0.6649557434326673,0,,,7.663253616895799,-7.45085571638743,,,,,,,55.62503900516727,,,80.03698270853832,72.58295387267673,,,,,60,100,-40,,,,,,,,,,,,-206.80291180222255,-263.08833662349485,-206.80291180222255,-0.034244777978852364
2016-08-01,26.1025,26.9125,26,26.87,24.442737281077065,25.139324459444058,25.982765585543323,23.614232026543018,0.3559132266979076,-0.22006421006028276,-0.5759774367581904,0,,,27.538937169931785,8.817325006768444,,,,,,,59.43387324072799,,,91.82774182439772,85.91634777816921,,,,,60,100,-40,,,,,,,,,,,,-252.83874602000026,-300.7086390555867,-252.83874602000026,-0.029708885537595296
2016-08-08,26.88,27.235,26.79,27.045,24.66075604671442,25.520459567555246,26.024421837090642,23.648369021303782,0.4267205368618476,-0.04257676568088087,-0.46929730254272845,0,,,40.84848901470934,25.350226600512304,,,,,,,60.2255906958517,,,97.53835790250437,95.07671580500873,,,,,60,100,-40,,,,,,,,,,,,-248.6862467436365,-296.03434104548,-248.6862467436365,-0.0104547401803044
2016-08-15,27.035,27.5575,27.02,27.34,25.062487757663387,25.884367654044198,26.07601313759689,23.685101667857975,0.47183649619502477,0.12049831770105257,-0.3513381784939722,0,,,49.25397415348396,39.21380011270836,,,,,,,61.59441325675496,61.59441325675496,,99.62318931177103,99.24637862354207,99.62318931177103,,,,60,100,-40,,,,,,,,,,,,-277.10692915388444,-312.20991540084725,-277.10692915388444,-0.03789591713551629
2016-08-22,27.215,27.33,26.5775,26.735,25.14838148925886,26.054494123235358,26.101855759651915,23.715448914943966,0.43997325315938873,0.19862838795526372,-0.24134486520412501,0,,,50.467322311948635,46.85659516004731,,,,,,,57.2193737297946,,,95.83991609578945,97.91995804789472,,,,,60,100,-40,,,,,,,,,,,,-313.9965783986327,-356.3535671461478,-313.9965783986327,-0.02838646494288004
2016-08-29,26.655,27,26.375,26.9325,25.195997097168938,26.230095298588285,26.134430043587134,23.747459373501737,0.41174214843768053,0.2733328203429757,-0.13840932809470485,0,,,49.38316461287495,49.70148702610251,,,49.70148702610251,,49.70148702610251,,58.267677258087616,,,91.67874170618785,94.27933938901496,,,,,60,100,-40,,,,,,49.70148702610251,,,,,,-360.54265505342676,-413.38019130139367,-360.54265505342676,0.016794758759685217
2016-09-06,26.975,27.19,25.7825,25.7825,25.259854447371158,26.14057623887063,26.120628865407248,23.767708533964406,0.30033477316666674,0.23700913836362858,-0.06332563480303816,0,,,42.848912970056645,47.566466631626746,,,,,,,50.46687655076512,,,79.0022478489308,85.21062846622662,,,,,60,100,-40,,,,,,,,,,,,-291.3530814073491,-353.6747019738675,-291.3530814073491,-0.003368877564596445
2016-09-12,25.6625,29.0325,25.6325,28.73,26.597364843987503,26.658460991096504,26.2229571451952,23.817084568452323,0.40344263540449865,0.44097765945258516,0.03753502404808652,0,,,51.42048884559924,47.88418880951028,,,,,,,63.890077974093906,63.890077974093906,,79.66799726779982,80.30200144764883,,,,,60,100,-40,,,,,,47.88418880951028,,,,,,-264.7434302423766,-334.824756160437,-264.7434302423766,0.16420770233497142
2016-09-19,28.7975,29.045,27.8875,28.1775,26.26398164084554,26.962268792877204,26.29960588459931,23.860471786676676,0.4113180574099912,0.5516825958105755,0.14036453840058433,0,,,58.818447747610335,51.029283187755404,,,,,,,60.557583018683864,,,78.29782370501673,77.1058769324048,,78.29782370501673,,,60,100,-40,,,,,,,,,,,,-282.06280656194446,-353.03843685853934,-282.06280656194446,0.17323612884596565
2016-09-26,27.91,28.66,27.8875,28.2625,26.27476866649943,27.22231503430176,26.376582124418945,23.904273062431137,0.39883707183159217,0.6389108781900745,0.24007380635848236,0,,,60.94359547097156,57.06084402139371,,,,,,,60.89751279982921,,,87.26582316929463,83.26385247604217,,,,,60,100,-40,,,,,,,,,,,,-278.0513871870455,-350.6678119751686,-278.0513871870455,0.20622378360398688
2016-10-03,28.1775,28.64,28.07,28.515,26.3397851903209,27.480852027441408,26.460441648951537,23.950150942406946,0.384031786562942,0.7201135395621598,0.33608175299921783,0,,,61.65384703403724,60.47196341753971,,,,,,,61.95275812502872,,,87.28467387488305,86.33172802248545,,,,,60,100,-40,,,,,,,,,,,,-243.86022588030997,-316.9100279796834,-243.86022588030997,0.1770200469398715
2016-10-10,28.755,29.6725,28.68,29.4075,27.106586248155118,27.866181621953125,26.576012564678926,24.004452923079512,0.4085138115160496,0.8467240173942798,0.43821020587823023,0,,,65.79646799757795,62.79797016752892,,,,,,,65.51622559202357,65.51622559202357,,91.55995057025547,90.65632868258467,,,,,60,100,-40,,,,,,,,,,,,-159.52200299298084,-244.74456834701368,-159.52200299298084,0.1545863287293441
2016-10-17,29.3325,29.5525,29.07,29.15,27.10558008757261,28.1229452975625,26.676953248417007,24.055652396481705,0.38201557419120147,0.915729673617232,0.5337140994260305,0,,,66.46452372131677,64.63827958431065,,,,,,,63.652857566446336,,,92.66885591475574,91.50972600367959,92.66885591475574,,,,60,100,-40,,,,,,,,,,,,-136.8816388124389,-218.42737410210214,-136.8816388124389,0.14605649990950775
2016-10-24,29.275,29.59,28.3275,28.43,27.20107436703171,28.18435623805,26.745700179851635,24.099178243282882,0.2945666172261079,0.9019223709586655,0.6073557537325576,0,,,61.98876443233354,64.74991871707608,,,64.74991871707608,,64.74991871707608,,58.603986306909256,,,86.10972435552601,89.62775174870255,,,,,60,100,-40,,,,,,64.74991871707608,,105,,,,-34.721340846540905,-150.5314879017199,-34.721340846540905,0.09049817557395984
2016-10-31,28.4125,28.5575,27.0275,27.21,27.17831905510087,27.98948499044,26.763908015935886,24.130131693598475,0.14091894001464156,0.7835044287508595,0.6425854887362179,0,,,46.92915628743894,58.46081481369642,,,,,,,51.15564757794334,,,64.02681554451819,76.11832846930443,,,,,60,100,-40,,,,,,,,,,,,85.22799385283015,-64.98030828322538,85.22799385283015,0.1115057302208909
2016-11-07,27.52,27.93,26.4575,27.1075,27.11897483687938,27.813087992352003,26.77738221138938,24.159757248886052,0.02482870911222379,0.6736213751264977,0.6487926660142739,0,,,31.06561575335337,46.66117882437529,,,,,,,50.57064617900906,,,37.813294129382584,52.538396960211635,,,,,60,100,-40,,,,,,,,,,,,-193.90436866586626,-334.07479768627536,-193.90436866586626,0.1429946540553364
2016-11-14,26.9275,27.635,26.02,27.515,27.072083777102282,27.753470393881603,26.806308399178032,24.193142748897134,-0.029145181421799782,0.6123611892370242,0.641506370658824,0,,,17.981331420375664,31.992034487056,,,,,,,52.890892273574686,,,19.50103343160184,28.50639019537228,,,,,60,100,-40,,,,,,,,,,,,-360.46721072661785,-484.2430162887707,-360.46721072661785,0.15003584421241398
2016-11-21,27.53,28.105,27.5025,27.9475,27.008184935880692,27.792276315105283,26.851061010974973,24.230499537465324,-0.0396944833176176,0.5918882665118019,0.6315827498294195,0,,,16.604867794515904,21.88393832274832,,,,,,,55.30327086293357,,,18.644664610519555,17.718299296856014,,18.644664610519555,,,60,100,-40,,,,,,,,,,,,-517.6549905945055,-638.0170133271761,-517.6549905945055,0.136693208446917
2016-11-28,27.8575,28.11625,27.2125,27.475,27.093493154746355,27.72882105208423,26.875529206623014,24.26278312415721,-0.08013759648995333,0.5314107542169779,0.6115483507069313,0,,,11.813575744947912,15.466591653279833,,,,,,,52.14306791384569,,,20.34065344663326,17.68700337132026,,,,,60,100,-40,,,,,,,,,,,,-471.7177195773228,-596.5593745404168,-471.7177195773228,0.09297962457717793
2016-12-05,27.5,28.675,27.0625,28.4875,27.129672215121616,27.88055684166738,26.938743747539757,24.30482010799644,-0.04224559604767697,0.5587413556473351,0.600986951695012,0,,,15.52430121287491,14.647581584112913,,,,,,,57.74795895450236,,,29.4545956181087,25.368631170586696,,,,,60,100,-40,,,,,,14.647581584112913,,,,,,-705.041770563264,-806.2758518967047,-705.041770563264,0.15773279992315034
2016-12-12,28.3225,29.1825,28.1225,28.9925,27.062017056898643,28.102945473333904,27.01928320842055,24.351463689011403,0.010467796599486268,0.6140716974443698,0.6036039008448836,0,,,27.128105984868327,18.155327647563723,,,,,,,60.26262298262572,,,38.61899802598907,33.44321490988878,,,,,60,100,-40,,,,,,,,,,,,-686.8523577335795,-792.4075151882129,-686.8523577335795,0.12840015220252463
2016-12-19,28.95,29.375,28.8975,29.13,27.078122981405883,28.308356378667124,27.10205641593347,24.399011313996365,0.046230777916412835,0.6613923732403997,0.6151615953239868,0,,,37.67050617316121,26.774304456968153,,,,,,,60.94818527580996,,,54.60268074654738,46.635175675203705,,,,,60,100,-40,,,,,,,,,,,,-601.9701108729288,-719.2425124267196,-601.9701108729288,0.08379934992408004
2016-12-27,29.13,29.50415,28.8575,28.955,27.17629276844832,28.4376851029337,27.17472087021059,24.44434453475262,0.04944642598201143,0.6769696278015012,0.6275232018194897,0,,,43.029874702197816,35.942828953409126,,,,,,,59.53207777478466,,,61.72930391779826,57.455893698894236,,,,,60,100,-40,,,,,,,,,,,,-492.5209998051235,-619.3802374400433,-492.5209998051235,0.06149611140778043
2017-01-03,28.95,29.54,28.69,29.4775,27.313286142130583,28.64564808234696,27.265025934123898,24.494425683660555,0.07649358863312394,0.7231401876108947,0.6466465989777708,0,,,46.91042762321012,42.53693616618972,,,,,,,62.36077502833465,,,68.5957324028913,66.44109119009399,,,,,60,100,-40,,,,,,,,,,,,-448.42627256782833,-569.4929215418535,-448.42627256782833,0.08125317133966158
2017-01-09,29.4875,29.9825,29.485,29.76,27.628944274835543,28.868518465877568,27.362868054354333,24.54681945795249,0.10156944229599119,0.7736084018477598,0.6720389595517686,0,,,53.24734551919879,47.729215948202246,,,,,,,63.84119159306704,,,74.29334736938677,71.33494562279111,,,,,60,100,-40,,,,,,,,,,,,-463.2578593736778,-565.9487539887893,-463.2578593736778,0.10702045263396627
2017-01-17,29.585,30.125,29.555,30,27.94901968377586,29.094814772702055,27.46628499339926,24.601079960858435,0.12115145197410704,0.8234782745194025,0.7023268225452954,0,,,57.08891410974741,52.415562417385445,,,,,,,65.1043826585595,,,84.75498171058368,79.3780215382096,,,,,60,100,-40,,,,,,,,,,,,-414.4837031239182,-513.9580714453731,-414.4837031239182,0.09573166454190192
2017-01-23,30,30.61,29.875,30.4875,28.5015897063633,29.373351818161645,27.584764013265957,24.659651304531486,0.15178224850036748,0.8920546331707548,0.7402723846703874,0,,,61.60780156385066,57.31468706426563,,,,,,,67.59545504143074,,,92.37135010900909,88.03159780423958,,,,,60,100,-40,,,,,,,,,,,,-414.5775752832057,-502.32933118257796,-414.5775752832057,0.17458792657671
2017-01-30,30.2325,32.6225,30.155,32.27,30.320940441623065,29.952681454529316,27.768498757843762,24.735376167172966,0.27003042580072345,1.0778104169212916,0.8077799911205682,0,,,71.29473805219135,63.33048457526314,,,,,,,74.73860561667698,,,97.80717404945605,95.6143480989121,,,,,60,100,-40,,,,,,,,,,,,-441.0180161408047,-520.9967255130184,-441.0180161408047,0.1366542337446629
2017-02-06,32.2825,33.235,32.225,33.03,30.86765898150713,30.568145163623452,27.974832139889106,24.817909737648858,0.37112769987411176,1.2716896159632078,0.9005619160890961,0,,,79.49318861782315,70.79857607795505,,,,,,,77.07301482625587,,,99.45185040229643,98.90370080459286,,,,,60,100,-40,,,,,,,,,,,,-473.5601950242948,-550.8155026924695,-473.5601950242948,0.19915366672572246
2017-02-13,33.27,34.0675,33.1875,33.93,31.777826197113765,31.24051613089876,28.20836813440326,24.90857730244837,0.4642640317458413,1.4808919557713978,1.0166279240255565,0,,,84.59457581619723,78.46083416207058,,,,,,,79.5029868415743,,,100,100,,,,,60,100,-40,,,,,,,,,,,,-482.9128868380593,-557.9399567483841,-482.9128868380593,0.23303067679644407
2017-02-21,34.0575,34.37,33.82,34.165,32.018338611605635,31.82541290471901,28.44196154089725,25.00068101088172,0.5040313407793886,1.6466670999997923,1.1426357592204037,0,,,85.8907600917597,83.32617484192669,,,,,,,80.09961435059502,,,100,99.99999999999999,,,,,60,100,-40,,,,,,,,,,,,-426.01963468568493,-509.22360097595066,-426.01963468568493,0.21980350465829204
2017-02-27,34.285,35.06965,34.07,34.945,32.87310013934809,32.44933032377521,28.696982656940495,25.09962945853464,0.5418951495757827,1.8200046961901322,1.2781095466143495,0,,,85.81671993737658,85.43401861511119,,,85.43401861511119,,85.43401861511119,,81.98513994999817,81.98513994999817,,100,100,,,,,60,100,-40,,,,,,,,,,,,-360.3797011064695,-452.0920371621415,-360.3797011064695,0.22549297366864715
2017-03-06,34.84125,34.995,34.2625,34.785,32.87828584368037,32.91646425902017,28.93572843509969,25.196001304718376,0.5153573052277634,1.9223061781490536,1.4069488729212902,0,,,83.02573089461812,84.91107030791814,,,,,,,80.29452631591693,,,98.67085789040837,99.33542894520419,,,,,60,100,-40,,,,,,84.91107030791814,,105,,,,-332.1288463598387,-429.89348495084306,-332.1288463598387,0.26817657954960844
2017-03-13,34.7125,35.255,34.705,34.9975,32.97376542627463,33.33267140721613,29.173444967056565,25.293528654920184,0.4724423862360201,1.9975018557163153,1.5250594694802952,0,,,80.01366073063265,82.95203718754244,,,,,,,80.86233144525048,,,97.47413280659146,98.23863811219887,,,,,60,100,-40,,,,,,,,,,,,-365.3781470216862,-459.91285132341704,-365.3781470216862,0.34231019318028066
2017-03-20,35.1,35.7,34.9325,35.16,33.20224646725501,33.6981371257729,29.408211831093563,25.391702499149833,0.41724463014694924,2.0466152571639817,1.6293706270170325,0,,,76.94989823564507,79.99642995363195,,,,,,,81.3085142143386,,,96.51114027725399,96.93454872277614,,96.51114027725399,,,60,100,-40,,,,,,,,,,,,-316.21848392683415,-416.2923329009776,-316.21848392683415,0.36948594297188525
2017-03-27,34.8475,36.125,34.655,35.915,33.98744314816537,34.14150970061832,29.66337999458009,25.49641192701899,0.3941027682074798,2.1219990872763823,1.7278963190689025,0,,,74.11969994871501,77.02775297166424,,,,,,,83.27157809159904,83.27157809159904,,97.52052321953215,96.95960144294504,,,,,60,100,-40,,,,,,,,,,,,-329.6333050310461,-421.51190873716354,-329.6333050310461,0.4231895890453233
2017-04-03,35.9275,36.365,35.7625,35.835,33.91512578043927,34.48020776049466,29.905404308518126,25.59928345013323,0.33808006512280264,2.150496400472406,1.8124163353496032,0,,,72.07150607839561,74.38036808758523,,,,,,,82.2796319583844,,,97.73354773571725,97.4090680748214,97.73354773571725,,,,60,100,-40,,,,,,,,,,,,-274.2454313890378,-372.1461071485884,-274.2454313890378,0.3425968579704891
2017-04-10,35.9,35.9698,35.015,35.2625,33.971902510407894,34.636666208395724,30.11548649249781,25.695434858589614,0.23218433819970397,2.102646758099233,1.8704624198995292,0,,,66.3462455748462,70.84581720065226,,,,,,,75.32347677667353,,,90.74090260113306,94.40531939874963,,,,,60,100,-40,,,,,,,,,,,,-208.92808022739447,-315.39226948520866,-208.92808022739447,0.3099163753947553
2017-04-17,35.37,35.73,35.1125,35.5675,33.9742951882359,34.82283296671658,30.329290943772403,25.793664362484243,0.15605120005259532,2.0655264199652734,1.909475219912678,0,,,61.2851692462224,66.56764029982139,,,,,,,76.47151750041209,,,81.96297657166937,87.26511658586709,,,,,60,100,-40,,,,,,,,,,,,-210.94115654968644,-318.9573113969889,-210.94115654968644,0.36054547428178857
2017-04-24,35.875,36.225,35.795,35.9125,34.02470267479048,35.040766373373266,30.548240318526425,25.89434929420082,0.10476073516071027,2.040426138863566,1.9356654037028558,0,,,59.44540231020495,62.358939043757836,,,,,,,77.74053996661887,,,72.95678243870157,77.41272180959783,,72.95678243870157,,,60,100,-40,,,,,,,,,,,,-232.58821899519802,-344.6014365975364,-232.58821899519802,0.30556987551970455
2017-05-01,36.275,37.245,36.0675,37.24,35.39079534087688,35.48061309869861,30.810662266819506,26.00724134102469,0.13419199130025317,2.103405392828172,1.969213401527919,0,,,61.592339804573044,60.77430378700012,,,,,,,81.8264799903059,,,76.17322556647136,74.37703268955494,,,,,60,100,-40,,,,,,60.77430378700012,,,,,,-232.11763372334383,-355.58299357980246,-232.11763372334383,0.3279547742126877
2017-05-08,37.2575,39.105,37.2575,39.025,37.11752424509996,36.18949047895889,31.13279315831678,26.136771277929917,0.24156595376716528,2.2711708437368756,2.0296048899697103,0,,,68.32121996025633,63.119654025011435,,,,,,,85.6606587683464,85.6606587683464,,83.33508871148726,78.28510973354192,83.33508871148726,,,,60,100,-40,,,,,,,,,,,,-199.91442759182675,-329.11335838347475,-199.91442759182675,0.3844775309793884
2017-05-15,39.0025,39.1625,37.4275,38.265,36.98734394187853,36.60459238316711,31.41248754426514,26.257450170686834,0.22919764193098402,2.3161019423834404,2.0869043004524563,0,,,69.4378912056512,66.45048365682685,,,,,,,78.06401649041936,,,78.28397090301064,80.73060698471043,,,,,60,100,-40,,,,,,,,,,,,-163.56634984785828,-291.0927477682975,-163.56634984785828,0.39452753899527776
2017-05-22,38.5,38.725,38.1675,38.4025,36.88503366031578,36.96417390653369,31.686605679784154,26.378296437645172,0.1991795251875743,2.3358787069369242,2.13669918174935,0,,,68.84419024707029,68.86776713765927,,,68.86776713765927,,68.86776713765927,,78.43878637149982,,,65.44614029807158,73.77867077672167,,,,,60,100,-40,,,,,,68.86776713765927,,105,,106,,-152.00883169370223,-285.4395209013343,-152.00883169370223,0.353982206275923
2017-05-30,38.355,38.8625,38.055,38.8625,36.958245541721794,37.34383912522695,31.968013300184776,26.502517368613876,0.1797996780975497,2.361448779371287,2.181649101273737,0,,,67.39191468287743,68.55799871186629,,,,,,,79.69599273306682,79.69599273306682,,48.946690426041926,57.71108137320406,,,,,60,100,-40,,,,,,,,,,,,-269.8254077493927,-404.4505171010917,-269.8254077493927,0.3902958605948864
2017-06-05,38.585,38.995,36.505,37.245,36.99051371731309,37.32407130018156,32.17495395507949,26.60940774305553,0.0351126195195528,2.225539875673178,2.190427256153625,0,,,59.41248803627913,65.21619765540895,,,,,,,65.21142274042174,,,35.4671645080297,42.05755957859018,,,,,60,100,-40,,,,,,,,,,,,-357.1298790676849,-483.64133217362047,-357.1298790676849,0.333290593007477
2017-06-12,36.435,36.875,35.55,35.5675,36.78011988036216,36.97275704014525,32.30799497644892,26.698542989393285,-0.18443892551181795,1.9598785992638525,2.1443175247756705,0,,,41.90976364224188,56.23805545379947,,,,,,,54.15344825572404,,,22.444526814585927,28.48703063638023,,,,,60,100,-40,,,,,,,,,,,,-279.46990105537856,-413.88836268750765,-279.46990105537856,0.20964401149027623
2017-06-19,35.915,36.79,35.915,36.57,36.69832560319343,36.892205632116195,32.47513242835288,26.796766442235143,-0.2679531128530339,1.809376133709378,2.077329246562412,0,,,31.01680794886093,44.113019875793974,,,,,,,58.68873132958881,,,10.80156099981594,16.720478607473193,,,,,60,100,-40,,,,,,,,,,,,-283.202646318037,-409.5450240170517,-283.202646318037,0.17524565898223562
2017-06-26,36.7925,37.07,35.57,36.005,36.6898737743939,36.714764505692955,32.61355860763316,26.888390656740267,-0.36124723686320825,1.6257702004834016,1.9870174373466098,0,,,20.550821742435232,31.159131111179338,,,,,,,55.345937124381386,,,7.481528644862656,9.061930918668915,,,,,60,100,-40,,,,,,,,,,,,-256.25671062384845,-371.4459287412242,-256.25671062384845,0.12299757140741147
2017-07-03,36.22,36.325025,35.6025,36.045,36.64238279050862,36.58081160455436,32.74812493674558,26.97950119746922,-0.41634756143148577,1.4665829855572525,1.8829305469887383,0,,,10.454460038567115,20.674029909954417,,,,,,,55.54015825653565,,,6.550174617712914,5.971029749660235,,6.550174617712914,,,60,100,-40,,,,,,,,,,,,-195.11912687405783,-304.8193962428198,-195.11912687405783,0.09518441194918789
2017-07-10,36.0275,37.3325,35.8425,37.26,36.70935187690087,36.71664928364349,32.92506121373595,27.08179471789241,-0.368685607086888,1.4220735381301282,1.7907591452170162,0,,,11.018048858454714,14.007776879819012,,,,,,,61.106736082672924,,,8.462980452832102,7.489101690621556,,,,,60,100,-40,,,,,,,,,,,,-186.91564926059274,-289.39768783503433,-186.91564926059274,0.1253776807592798
2017-07-17,37.205,37.935,37.1425,37.5675,36.66189817140795,36.88681942691479,33.1071176367267,27.18613009383378,-0.31618698639880405,1.395525412218511,1.711712398617315,0,,,19.0859397962898,13.519482897770542,,,,,,,62.39756098990456,,,14.081264088424373,11.182176719414253,,,,,60,100,-40,,,,,,13.519482897770542,,,,,,-201.11280394048498,-295.8708355013917,-201.11280394048498,0.09093540300299233
2017-07-24,37.645,38.4975,36.825,37.375,36.71747687345024,36.98445554153183,33.27448557254134,27.287511883944884,-0.2945970792035322,1.3434660496128998,1.638063128816432,0,,,24.518308331848054,18.20743232886419,,,,,,,61.024020447008496,,,19.602632357997017,16.4056188471178,,,,,60,100,-40,,,,,,,,,,,,-160.9104759513059,-258.4397745011387,-160.9104759513059,0.05910339763200416
2017-07-31,37.475,39.9375,37.0325,39.0975,36.7158713824895,37.407064433225464,33.502839079500504,27.405024203507622,-0.17062966088987386,1.4247760527040896,1.5954057135939634,0,,,37.246655741962776,26.950301290033547,,,,,,,67.87831535216696,,,26.57550231619451,23.23275048967494,,,,,60,100,-40,,,,,,,,,,,,-126.19948032379571,-227.81436095547707,-126.19948032379571,0.08353014763428387
2017-08-07,39.265,40.4575,38.6575,39.37,36.74348771231168,37.79965154658037,33.732923821480874,27.52407868904486,-0.08113929192726443,1.4939815986848828,1.5751208906121472,0,,,48.85996350655696,36.874975860122596,,,,,,,68.81811965724548,,,33.22624031976761,29.792595162781392,,,,,60,100,-40,,,,,,,,,,,,-15.072302083105598,-138.21174987266306,-15.072302083105598,0.09112741928476391
2017-08-14,39.83,40.6275,39.18,39.375,36.67895287571799,38.1147212372643,33.95418171083457,27.641998304079237,-0.034835994795417546,1.5315758971178752,1.5664118919132928,0,,,55.55484333439892,47.220487527639555,,,,,,,68.83624367670528,,,43.15918845339825,38.22412913156611,,,,,60,100,-40,,,,,,,,,,,,80.3953892047318,-52.173249895815275,80.3953892047318,0.017342242353690637
2017-08-21,39.375,40.185,38.777525,39.965,37.25474195602385,38.48477698981144,34.18990007511557,27.764615236376958,0.019383918649365617,1.5906417902249999,1.5712578715756342,0,,,57.661157133978215,54.02532132497803,,,,,,,70.99160475870153,,,50.79332018233073,46.58519340416143,,,,,60,100,-40,,,,,,,,,,,,54.868954803871475,-62.68720446021252,54.868954803871475,0.07836037530573357
2017-08-28,40.035,41.235,39.9825,41.0125,38.294763959165,38.99032159184915,34.45745301334633,27.89643498526873,0.10487591769683435,1.7023527686966773,1.597476850999843,0,,,63.41968176428754,58.87856074422155,,,,,,,74.39739930782176,74.39739930782176,,60.691983522756416,56.119915445310816,,,,,60,100,-40,,,,,,,,,,,,-36.92540061501429,-146.74407637653755,-36.92540061501429,0.12436217792875573
2017-09-05,40.9375,41.0625,39.6325,39.6575,38.30745939065322,39.12375727347932,34.66137642458765,28.01346050780337,0.0519260515476081,1.662384415434353,1.610458363886745,0,,,61.780308780746246,60.953715893003995,,,,,,,63.88626447994163,,,61.877592653802736,61.00517096707688,61.877592653802736,,,,60,100,-40,,,,,,,,,,,,-61.12078232137531,-164.6087897626216,-61.12078232137531,0.07037611862063212
2017-09-11,40.125,40.99,39.4775,39.97,38.29639086274942,39.293005818783456,34.86955774127049,28.13243105001428,0.021276830277683123,1.6370544017338489,1.6157775714561657,0,,,59.4601109573541,61.553367167462625,,,61.553367167462625,,61.553367167462625,,65.11758530912135,,,61.035356903683876,62.521194937024596,,,,,60,100,-40,,,,,,61.553367167462625,,105,,106,,-110.00791280839799,-200.13446435123583,-110.00791280839799,0.05400088275171801
2017-09-18,40.0275,40.125,37.64,37.9725,38.27432722969589,39.028904655026764,34.991241751416744,28.230342183844982,-0.14125539361163697,1.4392083294416196,1.5804637230532566,0,,,44.20778895369507,55.149402897265134,,,,,,,52.679829032733714,,,43.0387939853532,52.09428029539455,,,,,60,100,-40,,,,,,,,,,,,-160.91556502505287,-241.92819810555653,-160.91556502505287,-0.058143989376404324
2017-09-25,37.4975,38.679725,37.29,38.53,38.11491099900333,38.92912372402141,35.130016584694516,28.332826341219658,-0.2145530401272142,1.3122724228942388,1.526825463021453,0,,,28.900338947228843,44.18941295275934,,,,,,,55.26343668960693,,,30.25616360222772,38.51128843752762,,,,,60,100,-40,,,,,,,,,,,,-299.8400077477705,-374.3048893590917,-299.8400077477705,-0.07196230366145341
2017-10-02,38.565,38.8725,38.115,38.825,38.123349499074514,38.90829897921713,35.27491789509865,28.43722607911797,-0.24434092553107134,1.2213993061076138,1.4657402316386852,0,,,20.76088008565,31.289669328857972,,,,,,,56.62111807151123,,,16.028378541984875,22.010275881552364,,16.028378541984875,,,60,100,-40,,,,,,,,,,,,-375.3236427027213,-434.43127311198407,-375.3236427027213,-0.0411407061670441
2017-10-09,38.9525,39.5,38.775,39.2475,38.22150310628348,38.976139183373704,35.430705428624194,28.54479099375361,-0.23660255088810933,1.1699870430285486,1.406589593916658,0,,,20.531014131080898,23.397411054653247,,,,,,,58.571849980712315,,,18.053391106309938,17.038575545491277,,,,,60,100,-40,,,,,,,,,,,,-389.81025312040845,-439.9892234552598,-389.81025312040845,-0.02615358231682319
2017-10-16,39.475,40.2175,38.755,39.0625,38.3172885986918,38.99341134669896,35.573128745148736,28.649444814711288,-0.24397906753409404,1.1016157594990403,1.3455948270331344,0,,,22.240114950403036,21.17733638904465,,,,,,,57.348506346501175,,,19.63837536768754,17.097859651230277,,,,,60,100,-40,,,,,,21.17733638904465,,,,,,-449.84475255306137,-512.7184555543034,-449.84475255306137,-0.08561466538524808
2017-10-23,39.2225,40.9,38.8175,40.7625,38.300875127356676,39.347229077359174,35.77663350024094,28.769972727002717,-0.13959024208109172,1.1711070244317696,1.3106972665128613,0,,,32.08579783440267,24.9523089719622,,,,,,,64.69016953578794,,,29.739285005185913,25.181416940411314,,,,,60,100,-40,,,,,,,,,,,,-438.96388845250476,-509.4969181807937,-438.96388845250476,-0.022774669334589145
2017-10-30,40.9725,43.565,40.93,43.125,40.30956261825977,40.10278326188734,36.06480473552561,28.912808819271348,0.07197605649757266,1.400667337134827,1.3286912806372544,0,,,52.08224874148347,35.46938717542972,,,,,,,71.95732768060726,,,45.70864655870715,36.97333431787991,,,,,60,100,-40,,,,,,,,,,,,-399.1522723702312,-473.2247512388313,-399.1522723702312,0.11164451042557384
2017-11-06,43.09125,44.06,42.93,43.6675,40.652808145526926,40.81572660950987,36.36294964785794,29.059621666840787,0.22331626775031488,1.607836615325148,1.384520347574833,0,,,64.7179893250041,49.62867863363008,,,,,,,73.32314806101162,73.32314806101162,,67.18034685795672,55.77545139635209,,,,,60,100,-40,,,,,,,,,,,,-331.12458648473455,-413.54752374086195,-331.12458648473455,0.10243795857322899
2017-11-13,43.375,43.625,42.095,42.5375,40.70671470656072,41.1600812876079,36.60508887735371,29.193729908961775,0.22173040460717308,1.6616833533337996,1.4399529487266265,0,,,66.34568994024691,61.0486426689115,,,,,,,66.06258107670179,,,76.1585323208257,71.33656644018679,,,,,60,100,-40,,,,,,,,,,,,-332.7382980329646,-410.17524669706887,-332.7382980329646,0.10445344936155365
2017-11-20,42.5725,43.875,42.39,43.7425,40.768556513234955,41.67656503008632,36.8849873527516,29.338493790464643,0.27288545084025584,1.7810597622769464,1.5081743114366906,0,,,68.0967730728365,66.38681744602917,,,,,,,69.54627913288385,,,78.34145310779121,79.0621616841521,78.34145310779121,,,,60,100,-40,,,,,,,,,,,,-345.87678929969843,-413.77974729760183,-345.87678929969843,0.12266809276205634
2017-11-27,43.7625,43.77,41.79,42.7625,40.768838190861025,41.89375202406906,37.11547804480056,29.472065991554548,0.21435228867279044,1.7761146722776786,1.5617623836048882,0,,,64.73228665832855,66.39158322380399,,,66.39158322380399,,66.39158322380399,,63.778152741292914,,,68.79224673305417,74.04643404975083,,,,,60,100,-40,,,,,,66.39158322380399,,105,,,,-325.7173730633896,-392.18342960712874,-325.7173730633896,0.08200153811940562
2017-12-04,43.12,43.155,41.615,42.3425,40.69838546294238,41.98350161925525,37.32045929794564,29.60013001153908,0.12538642708886272,1.7184954174659666,1.5931089903771039,0,,,58.6986363849193,63.84256537202811,,,,,,,61.41327629068627,,,61.77913318977667,66.1792675818353,,,,,60,100,-40,,,,,,,,,,,,-296.4960325064097,-361.7864424058326,-296.4960325064097,0.07550514724725986
2017-12-11,42.3,43.5425,42.1975,43.4925,40.69582221558935,42.2853012954042,37.56250010979091,29.738362548737694,0.1219176277267422,1.7455060250355316,1.6235883973087895,0,,,57.83385400655908,60.42159234993564,,,,,,,65.23682487378305,,,54.90516842628898,57.681848766663386,,,,,60,100,-40,,,,,,,,,,,,-271.67857205069885,-343.279816513863,-271.67857205069885,0.13390793920188912
2017-12-18,43.72,44.3,43.3125,43.7525,40.731299200190115,42.578741036323365,37.8052452035246,29.877806702481596,0.1151429750736701,1.7675171161508771,1.652374141077207,0,,,60.10827381304608,58.88025473484148,,,,,,,66.06052927525747,66.06052927525747,,56.14994497708125,55.45184420944878,,,,,60,100,-40,,,,,,58.88025473484148,,,,,,-254.1006498596627,-315.4107589658879,-254.1006498596627,0.1052030447539872
2017-12-26,42.7,42.9625,42.305,42.3075,40.806027828747965,42.524492829058694,37.98180421515109,30.00148524275541,-0.002420134830825482,1.6493489725386752,1.6517691073695007,0,,,51.39669513638461,56.44627431866326,,,,,,,57.81283054239277,,,49.56026320202501,52.024265058669585,,,,,60,100,-40,,,,,,56.44627431866326,,105,,,,-249.71871352154216,-307.15425733572647,-249.71871352154216,0.0830506923496007
2018-01-02,42.54,43.8425,42.315,43.75,40.80970441240882,42.76959426324696,38.20800797141967,30.138286384618542,0.0010185693239257443,1.653042319024408,1.6520237497004822,0,,,50.87517970723638,54.126716218889015,,,,,,,62.831370321809594,,,43.27198826752901,47.62207090628805,,,,,60,100,-40,,,,,,,,,,,,-304.31531106307995,-348.58075600195804,-304.31531106307995,0.1550453678272555
2018-01-08,43.5875,44.34,43.25,44.2725,41.320618382951054,43.070175410597564,38.44583118822674,30.278925326065124,0.021404031544563384,1.6787787891311865,1.6573747575866231,0,,,54.438816027746434,52.23689695712247,,,,,,,64.48901805558961,,,35.65608729736723,39.33258539222122,,,,,60,100,-40,,,,,,52.23689695712247,,,,,,-438.9852545061563,-471.56607309251115,-438.9852545061563,0.16243336146603127
2018-01-16,44.475,45.025,43.7675,44.615,41.71825278416883,43.37914032847805,38.68775937692373,30.421572835258505,0.03980679018798727,1.7071332453216073,1.66732645513362,0,,,58.81277320619366,54.70892298039215,,,,,,,65.57913687672976,65.57913687672976,,41.485399927256736,38.46807367144917,,,,,60,100,-40,,,,,,,,,,,,-488.26066277776425,-519.4631507120546,-488.26066277776425,0.14834821248996402
2018-01-22,44.325,44.86,42.515,42.8775,41.74552044244249,43.27881226278244,38.852062930769854,30.545512409037027,-0.07682934284430387,1.57128977657824,1.648119119422544,0,,,51.73850491165066,54.99669804853025,,,54.99669804853025,,54.99669804853025,,56.112473891938,,,34.15959595574787,36.200376824268325,,,,,60,100,-40,,,,,,54.99669804853025,,105,,106,,-527.6678149999889,-555.9243960371357,-527.6678149999889,0.1309387487427768
2018-01-29,42.54,42.54,40.025,40.125,41.61548326798231,42.64804981022595,38.90198203152398,30.640830693524222,-0.3365907973768443,1.2273806227014887,1.563971420078333,0,,,25.31921846290838,45.290165526917555,,,,,,,44.971293216287584,,,24.228088462478375,31.269429548812123,,,,,60,100,-40,,,,,,,,,,,,-372.6373031818091,-426.66541493947454,-372.6373031818091,0.06941092241488718
2018-02-05,39.775,40.97,37.56,39.1025,41.422234463126436,41.93893984818076,38.909845481268135,30.725026408016518,-0.561271589028338,0.8623819337929106,1.4236535228212486,0,,,0.6403643947876461,25.899362589782225,,,,,,,41.64377822238039,,,8.217593743895343,16.43518748779068,,8.217593743895343,,,60,100,-40,,,,,,,,,,,,-139.43052078511656,-239.08988495047913,-139.43052078511656,0.10282380619010294
2018-02-12,39.625,43.705,39.3775,43.1075,41.16314628718883,42.172651878544606,39.0744593839635,30.848235100474064,-0.43006380611732964,0.8860737651745865,1.316137571291916,0,,,0.4971119647629125,8.818898274152973,,,,,,,55.587804620260336,,,13.952130084430344,11.272751886251328,,,,,60,100,-40,,,,,,,,,,,,-163.17042609691356,-251.9826331413011,-163.17042609691356,0.11438863393880436
2018-02-20,43.0125,43.9125,42.7525,43.875,40.75220726667534,42.51312150283569,39.26271587871003,30.977854651713127,-0.28829957237132775,0.9557631058277565,1.2440626781990842,0,,,10.86869246857936,4.002056276043306,,,,,,,57.686815602047226,,,26.544303112738717,17.4300286270217,,,,,60,100,-40,,,,,,4.002056276043306,,,,,,-141.68489407929292,-230.71306347924633,-141.68489407929292,0.127830274228175
2018-02-26,44.0875,45.15375,43.1125,44.0525,40.862406747627105,42.82099720226855,39.450550550133165,31.10795062532792,-0.1843456037516249,1.013630673509553,1.197976277261178,0,,,21.279050743426886,10.881618392256385,,,,,,,58.18198969402807,,,47.27296952820235,36.70900623436745,,,,,60,100,-40,,,,,,,,,,,,-116.83309515578512,-199.6743246648379,-116.83309515578512,0.10994464169834559
2018-03-05,43.8025,45,43.5675,44.995,41.21884197993945,43.25579776181484,39.667979940324024,31.2461302210958,-0.06029914187661367,1.122602349915411,1.1829014917920246,0,,,30.00344743079362,20.717063547599952,,,,,,,60.819517750886874,60.819517750886874,,60.06682363255628,53.40728942140138,,,,,60,100,-40,,,,,,,,,,,,-263.7725324001878,-332.4608110894128,-263.7725324001878,0.17675012149321462
2018-03-12,45.0725,45.875,44.405,44.505,41.28392469565806,43.505638209451874,39.85766700148779,31.37805927362221,-0.02144318447120197,1.156097511203022,1.177540695674224,0,,,37.2117969169071,29.498098363709204,,,,,,,58.73313616204518,,,67.81881035169431,65.05022784228426,67.81881035169431,,,,60,100,-40,,,,,,,,,,,,-278.54116287288093,-340.195209073156,-278.54116287288093,0.09934373665356716
2018-03-19,44.33,44.3675,41.235,41.235,41.33900150311106,43.0515105675615,39.911680060252976,31.476138285824973,-0.2153841104048122,0.9083105576682087,1.1236946680730209,0,,,23.654734385279177,30.289992910993295,,,,,30.289992910993295,,47.06153073294586,,,59.980692678890776,64.31878401564927,,,,,60,100,-40,,,,,,30.289992910993295,,,,,,-162.4427696232662,-240.15971651440032,-162.4427696232662,0.00005635527437957154
2018-03-26,42.0175,43.7875,41.2975,41.945,41.13300139574598,42.8302084540492,39.9914180971058,31.580306064075472,-0.2905857030309673,0.7604625392843118,1.0510482423152792,0,,,13.631560062745441,24.832697121643903,,,,,,,49.425551377977094,,,48.235670349548066,55.675333725583194,,,,,60,100,-40,,,,,,,,,,,,-93.81681150994507,-190.13067714814576,-93.81681150994507,-0.037393500239324806
2018-04-02,41.97,43.5576,41.1175,42.095,41.04421558176412,42.683166763239356,40.07391150506243,31.684929884333428,-0.3224971782941939,0.6479267694475368,0.9704239477417307,0,,,5.234246059815028,14.173513502613213,,,,,,,49.93722125931984,,,35.59281697953951,41.90606056868106,,35.59281697953951,,,60,100,-40,,,,,,,,,,,,-65.85011850813686,-156.470554030301,-65.85011850813686,-0.03171914056869145
2018-04-09,42.47,43.96,42.46125,43.6825,40.977828754495256,42.88303341059149,40.21542477937371,31.804308691454487,-0.23312946635707732,0.679012114795384,0.9121415811524614,0,,,8.927031226692762,9.264279116417741,,,,,,,55.14072132227381,,,38.610187232496,36.82398870722573,,,,,60,100,-40,,,,,,,,,,,,-65.69555150665738,-151.6577260247917,-65.69555150665738,-0.02688350333888839
2018-04-16,43.757525,44.734125,41.3575,41.43,40.998340986317025,42.59242672847319,40.26305518018259,31.90008671442509,-0.3169595924327211,0.5159420906115599,0.832901683044281,0,,,2.6502598833917883,5.603845723299859,,,,,,,47.544553398162584,,,36.6307294018505,35.734354487966314,,,,,60,100,-40,,,,,,,,,,,,-51.93272395999241,-139.53813947482956,-51.93272395999241,-0.0757357426471925
2018-04-23,41.7087,41.73,40.1575,40.58,40.80144163015152,42.18994138277856,40.27548438880288,31.98645401079897,-0.4147255657136929,0.3144947259021649,0.7292202916158578,0,,,-15.381997749699599,-1.2682355465383501,,,,,,,45.009746318842886,,,33.93161461075003,36.44667982375026,,33.93161461075003,,,60,100,-40,,,,,,,,,,,,-40.67222869453925,-128.71302320667877,-40.67222869453925,-0.09573556664026708
2018-04-30,40.53255,46.0625,40.46,45.9575,41.83883865656928,42.94345310622285,40.498308530418456,32.12546939377609,-0.11773145929161999,0.5820559675013328,0.6997874267929528,0,,,0.33537805923007546,-4.132119935692579,,,,,,,59.725881839949274,,,40.71928595782596,37.59555640728411,,,,,60,100,-40,,,,,,-4.132119935692579,,,,,,-76.00455075007756,-158.9470189872826,-76.00455075007756,-0.05877266342545547
2018-05-07,46.295,47.5925,45.91625,47.1475,42.52267160967147,43.78426248497828,40.75906113706871,32.274942335131556,0.14415356207044205,0.8799793793810053,0.7358258173105633,0,,,22.84555253318235,2.599644280904275,,,,,,,62.15393102791025,62.15393102791025,,58.79078838306546,48.21028541806214,,,,,60,100,-40,,,,,,,,,,,,-136.7309960682453,-220.0475609895949,-136.7309960682453,-0.034192027285973925
2018-05-14,47.2525,47.3825,46.275,46.5775,42.61355220898065,44.34290998798262,40.987235210124844,32.41725634174716,0.25765680008230385,1.057896817413443,0.8002400173311393,0,,,34.524471638030235,19.23513407681422,,,,,,,60.26849505815136,,,81.55116333270405,69.07915838046118,,,,,60,100,-40,,,,,,,,,,,,-204.5980876922007,-283.6752771733049,-204.5980876922007,-0.01916828705025037
2018-05-21,47,47.4125,46.44,47.145,42.7791913369106,44.903327990386096,41.22871618227681,32.5638010547646,0.3442125242579056,1.2305056726535213,0.8862931483956157,0,,,41.833613867255636,33.067879346156076,,,,,,,61.52727342076813,,,90.89272778582708,86.29497880116746,,,,,60,100,-40,,,,,,,,,,,,-235.58025356634604,-313.9161358690676,-235.58025356634604,-0.032793003256244534
2018-05-29,46.9,47.565,46.535,47.56,43.36478481284556,45.43466239230888,41.477001822187525,32.713016964667446,0.3988239510311874,1.3848230871846,0.9859991361534125,0,,,46.3255400569539,40.894541854079925,,,,,,,62.46926212224571,,,95.24592535623006,95.00137394197344,,,,,60,100,-40,,,,,,,,,,,,-314.5656620088286,-393.2041111656008,-314.5656620088286,-0.034529751946946824
2018-06-04,47.90875,48.55,47.4425,47.925,43.88230018335659,45.932729913847105,41.72986449582723,32.86437997994439,0.4264506061749367,1.5190623938720833,1.0926117876971466,0,,,50.90721635685389,46.35545676035448,,,,,,,63.324863240845886,63.324863240845886,,97.7707038133637,96.6305902919252,97.7707038133637,,,,60,100,-40,,,,,,,,,,,,-360.09917800722343,-438.9851818627643,-360.09917800722343,-0.05216475970730372
2018-06-11,47.8375,48.22,47.065,47.21,44.01285017025969,46.18818393107768,41.94477177050067,33.00712246770613,0.3658204502130429,1.5498873504634503,1.1840669002504074,0,,,50.824410527574045,49.35238898046061,,,49.35238898046061,,49.35238898046061,,60.402626814022916,,,95.8201624565389,96.51040475459166,,,,,60,100,-40,,,,,,,,,,106,,-390.99023655136466,-462.80605788771624,-390.99023655136466,-0.04477329401257295
2018-06-18,46.97,47.305,45.8625,46.23,44.12728944381257,46.196547144862144,42.112819936363394,33.13869338842547,0.23530550811521467,1.4781987853944258,1.2428932772792112,0,,,44.73229671140139,48.821307865276445,,,,,,,56.529194036668976,,,88.08244163392993,92.55140519028704,,,,,60,100,-40,,,,,,48.821307865276445,,,,,,-392.62837536020743,-469.56859281722245,-392.62837536020743,0.009682982374071582
2018-06-25,45.85,46.82,45.1825,46.2775,44.19248305496881,46.212737715889716,42.276140723172674,33.269427782570496,0.1328662856134062,1.408976134295969,1.2761098486825628,0,,,36.9939124383974,44.18353989245761,,,,,,,56.67507802463407,,,78.02306450218657,83.69738181010803,,,,,60,100,-40,,,,,,,,,,,,-311.2413980219879,-396.91975775954563,-311.2413980219879,0.0340443556179163
2018-07-02,45.955,47.1085,45.855,46.9925,44.22516283675675,46.36869017271177,42.46109598893061,33.40597576483348,0.09568987501093273,1.3957221924462289,1.3000323174352961,0,,,34.95522586446521,38.89381167142133,,,,,,,58.923009609775576,,,72.53343644033278,75.25727453812588,,72.53343644033278,,,60,100,-40,,,,,,,,,,,,-352.8338711088992,-433.8434381669009,-352.8338711088992,-0.002531521495698044
2018-07-09,47.375,47.96,46.9025,47.8325,44.310365491274126,46.661452138169416,42.67173928348235,33.54952326966101,0.10912689082705884,1.4364409309691197,1.327314040142061,0,,,39.781966160332345,37.24370148773165,,,,,,,61.46753859775503,,,75.86644958365703,73.47281117602972,,,,,60,100,-40,,,,,,37.24370148773165,,,,,,-335.95498545273574,-419.5082675911007,-335.95498545273574,-0.025061727516373363
2018-07-16,47.88,48.1625,47.3,47.86,44.4174822418974,46.90116171053553,42.875200488051675,33.69191607294796,0.10148245709451276,1.454167111510202,1.3526846544156892,0,,,43.57497431353455,39.43738877944403,,,,,,,61.552007717177304,,,82.41319148547035,78.22401732619117,,,,,60,100,-40,,,,,,,,,,,,-340.326806279511,-419.5976734836279,-340.326806279511,-0.010373684767622569
2018-07-23,47.67,48.99,47.39,47.745,44.54480493890473,47.069929368428426,43.066173017932,33.83174775381415,0.07169999690696072,1.4423096505493902,1.3706096536424295,0,,,46.98677050151423,43.44790365846037,,,,,,,60.94673801679251,,,87.53479884138457,84.98301282970075,,,,,60,100,-40,,,,,,,,,,,,-258.44920513778175,-352.3980964866047,-258.44920513778175,-0.08322869355859383
2018-07-30,47.975,52.185,47.2675,51.9975,48.630176014697255,48.05544349474274,43.41642113487585,34.012501507507544,0.30816332432575244,1.75581380904962,1.4476504847238676,0,,,60.466561847613036,50.34276888755394,,,,,,,71.98327213671391,,,91.54984993979434,89.94716259435165,,,,,60,100,-40,,,,,,,,,,,,-229.6402587490942,-320.14389712540384,-229.6402587490942,0.04514259818238115
2018-08-06,52,52.445,51.13,51.8825,48.16819915650459,48.82085479579419,43.74842422762581,34.1903124377811,0.4196825417429111,1.9722536619025064,1.5525711201595953,0,,,70.38580372670529,59.27971202527752,,,,,,,71.39219824803382,,,93.81055716295444,92.71505911605357,,,,,60,100,-40,,,,,,,,,,,,-168.796575340168,-269.20864310260316,-168.796575340168,0.11772718572713751
2018-08-13,51.925,54.4875,51.925,54.395,50.651363502468556,49.935683836635356,44.165937003013035,34.39135410506686,0.6137675602021568,2.3197805704122914,1.7060130102101345,0,,,78.36229101496794,69.73821886309543,,,,,,,76.04735225981072,,,97.23047521236589,95.62988572995603,,,,,60,100,-40,,,,,,,,,,,,-149.92447073286473,-250.261617083948,-149.92447073286473,0.19657305968142225
2018-08-20,54.525,54.795,53.46,54.04,50.54662325229223,50.75654706930828,44.55315515975762,34.5868630194443,0.6650329143920211,2.537304153200161,1.8722712388081397,0,,,81.26072096561434,76.66960523576252,,,,,,,74.19921897358533,,,96.29502463192497,96.58179229212026,,,,,60,100,-40,,,,,,,,,,,,-219.93820332688932,-315.66859579595746,-219.93820332688932,0.20743088306441138
2018-08-27,54.2875,57.2175,54.0825,56.9075,53.143293019985634,51.986737655446625,45.037639271139675,34.808958909798086,0.828230932434098,2.9075599043507623,2.0793289719166643,0,,,84.66926652310474,81.430759501229,,,,,,,78.72381774213376,78.72381774213376,,97.25801512905353,97.33883798115313,97.25801512905353,,,,60,100,-40,,,,,,,,,,,,-262.67671181290945,-348.2743056512379,-262.67671181290945,0.22374449034127572
2018-09-04,57.1025,57.4175,55.1775,55.325,52.95823637570095,52.6543901243573,45.44106518207538,35.0130986221384,0.7671547560874803,3.0382724170260147,2.2711176609385344,0,,,83.58698618065173,83.17232455645694,,,83.17232455645694,,83.17232455645694,,71.25323928219885,,,90.27779652929618,93.43526057681902,,,,,60,100,-40,,,,,,,,,,,,-238.55367330147132,-334.0426137146491,-238.55367330147132,0.2450603216712997
2018-09-10,55.2375,57.0875,54.1175,55.96,52.92032663457945,53.31551209948584,45.85357242983713,35.221525501520105,0.7084767423459781,3.156713588871007,2.448236846525029,0,,,79.84380418625976,82.70001896333875,,,,,,,72.39210744668775,,,85.0820447431253,88.61540356124448,,,,,60,100,-40,,,,,,82.70001896333875,,105,,,,-244.27118724665837,-346.0348657665311,-244.27118724665837,0.28861355437040614
2018-09-17,55.5375,55.7375,53.825,54.415,52.78083901782378,53.53540967958867,46.18931468749057,35.412505347276124,0.5136405799779471,3.0902875714974627,2.5766469915195156,0,,,72.4458476617106,78.6255460095407,,,,,,,65.54737170274831,,,70.43750775435849,77.38600847887412,,,,,60,100,-40,,,,,,,,,,,,-230.7673350199932,-325.8467083544346,-230.7673350199932,0.16573238751424785
2018-09-24,54.205,56.61,54.1575,56.435,52.77060051655065,54.11532774367093,46.591106268373295,35.62168439854701,0.47001604218471726,3.164167044250412,2.694151002065695,0,,,69.05614755093941,73.78193313296993,,,,,,,69.61639155478402,,,65.0473883361594,68.78311740679194,,,,,60,100,-40,,,,,,,,,,,,-184.26418319817626,-282.9654886536283,-184.26418319817626,0.18308470315210768
2018-10-01,56.9875,58.3675,55.145,56.0725,52.71573619393989,54.50676219493675,46.96292563039787,35.825175101049034,0.37033804589606234,3.157073559435773,2.7867355135397105,0,,,67.54930430911526,69.6837665072551,,,,,,,68.05382424971593,,,56.55558651671636,59.47795983220061,,,,,60,100,-40,,,,,,,,,,,,-73.4888771621442,-177.88085435296864,-73.4888771621442,0.174084416907769
2018-10-08,55.5525,56.8175,53.08,55.5275,52.55479075151561,54.7109097559494,47.29879129195089,36.02121813486944,0.22826131406894223,3.072062156125888,2.843800842056946,0,,,60.11273772388044,65.57272986131171,,,,,,,65.65368238739553,,,52.18408676869373,54.828261501036614,,,,,60,100,-40,,,,,,,,,,,,124.41819141279112,2.642937347571177,124.41819141279112,0.17408670037816373
2018-10-15,55.29,55.7475,53.25,54.8275,52.33176998355021,54.73422780475952,47.59403477069792,36.20834531760706,0.056645781660345396,2.9146080691323775,2.857962287472032,0,,,51.109431182442826,59.59049107181284,,,,,,,62.58253154623877,,,39.89007144061081,45.73831702970116,,,,,60,100,-40,,,,,,,,,,,,265.4330657013746,133.98058510255822,265.4330657013746,0.15164436072949056
2018-10-22,54.9475,56.0575,53.1675,54.075,52.30182212758234,54.60238224380762,47.84819026988623,36.38612297613834,-0.1279672634460649,2.698003208164451,2.825970471610516,0,,,42.399398964930356,51.20718929041788,,,,,,,59.34936056348796,,,25.1178848895087,33.45437691672219,,,,,60,100,-40,,,,,,,,,,,,484.4452355738519,328.71138781118395,484.4452355738519,0.12886490581267307
2018-10-29,54.7975,55.59,51.3575,51.87,52.21794197561217,54.055905795046094,48.00590829851814,36.54019140423647,-0.40345267024138565,2.321654633808784,2.7251073040501694,0,,,25.85411911432691,39.787649753900034,,,,,,,50.98749109591705,,,12.204562844973545,18.808086100940702,,,,,60,100,-40,,,,,,,,,,,,403.63701092406063,263.4911354818778,403.63701092406063,0.08937173121830352
2018-11-05,51.075,52.53,49.5425,51.1175,51.94826754878273,53.46822463603687,48.12793150249782,36.68523925096048,-0.6278390056701371,1.9403085469624983,2.5681475526326354,0,,,5.21471676441595,24.48941161455775,,,,,,,48.4630894614302,,,3.7304054085502627,7.46081081710054,,,,,60,100,-40,,,,,,,,,,,,396.6120998469587,251.94729266699088,396.6120998469587,0.11123447153114044
2018-11-12,49.75,49.9625,46.4825,48.3825,51.875712723869675,52.451079708829496,48.13791458083124,36.80162990517978,-0.9335222770616363,1.4012447063055902,2.3347669833672264,0,,,-16.405273517785048,4.88785412031928,,,,,,,40.556819599760836,,,0.9335065981677252,1.8670131963354646,,,,,60,100,-40,,,,,,,,,,,,411.7735362384208,249.77505763662893,411.7735362384208,0.10100638299625092
2018-11-19,47.5,47.675,43.025,43.0725,51.100483243593274,50.5753637670636,47.93927087177904,36.864026622541175,-1.4363392689561425,0.5393428971720482,1.9756821661281907,0,,,-35.989633818633166,-15.72673019066741,,,,,,,30.195731098591963,,,-8.141635513917814e-15,-2.0724163126336257e-15,,,,,60,100,-40,,,,,,,,,,,,382.3601660132533,226.1795926117873,382.3601660132533,0.031752494261798055
2018-11-26,43.56,45.7,42.565,44.645,50.716163011908044,49.38929101365088,47.810083778768096,36.94144924321241,-1.5938585812057364,-0.016641060378979944,1.5772175208267565,0,,,-46.38330564744991,-32.9260709946227,,,,,,,35.48347821740808,,,2.7266528078701024,1.3633264039350532,,,,,60,100,-40,,,,,,,,,,,,348.2946812835709,185.0560303187351,348.2946812835709,0.0321172849050978
2018-12-03,46.115,46.235,42.075,42.1225,50.67679422534318,47.935932810920704,47.58704127763993,36.99300198706104,-1.7843951819674768,-0.6532764566325895,1.1311187253348873,0,,,-52.793355210763885,-45.055431558948975,,,,,,,31.355771665654643,,,3.941881762505082,2.9934356842038348,,,,,60,100,-40,,,,,,,,,,,,494.96837559564887,278.6822066244197,494.96837559564887,-0.023636888861179546
2018-12-10,41.25,43.1425,40.8325,41.37,50.49380892353295,46.62274624873656,47.34323573734033,37.03655420609526,-1.8686138735357256,-1.2046486165847696,0.663965256950956,0,,,-58.1183556738923,-52.43167217736868,,,,,,,30.219688689578277,,,4.7569364026394725,4.623544964472615,4.7569364026394725,,,,60,100,-40,,,,,,,,,,,,768.6104891237128,486.194532692707,768.6104891237128,-0.040630963469417074
2018-12-17,41.3625,42.0875,37.4075,37.6825,50.225679714709166,44.83469699898925,46.96438335548385,37.04298152742765,-2.0648255706701977,-1.917066706386791,0.14775886428340657,0,,,-63.759442261966434,-58.223717715540865,,,,,,,25.34475900509254,,25.34475900509254,2.163675032936225,3.5270014368712865,,,,,60,100,-40,,,,,,,,,,,,1354.3176729194013,936.8864358394876,1354.3176729194013,-0.166587496044624
2018-12-24,37.0375,39.63,36.6475,39.0575,49.42973830651566,43.6792575991914,46.65430949840605,37.063026487353746,-1.9931634944165206,-2.3436955037372442,-0.35053200932072365,0,,,-66.13424069721451,-62.67067954435774,,,,,,,29.912008731108244,,,3.579317543527509,3.212327889215637,,,,,60,100,-40,,,,,,,,,,,,1206.259914206783,811.0889020504899,1206.259914206783,-0.13644931050676834
2018-12-31,39.6325,39.84,35.5,37.065,48.739221284621685,42.35640607935312,46.27825814552738,37.0630461242955,-1.967723131160397,-2.81018592327122,-0.842462792110823,0,,,-67.14363680006134,-65.67910658641408,,,,,,,27.290982508798308,,,4.54720030214072,3.460264107780496,,,,,60,100,-40,,,,,,,,,,,,998.7581116237316,666.3454653140371,998.7581116237316,-0.1839052586413204
2019-01-07,37.175,38.6325,36.475,38.0725,47.801598335720136,41.499624863482495,45.95646370844788,37.07309044146668,-1.7766494375294708,-3.0632745890226616,-1.2866251514931908,0,,,-65.62284715176573,-66.3002415496805,,,,-66.3002415496805,,-66.3002415496805,30.621118083554094,,,8.585867798655368,6.688044822912765,,,,,60,100,-40,,,,,,-66.3002415496805,-107,,,,,810.8020913285077,528.8281079842122,810.8020913285077,-0.1505587613366346
2019-01-14,37.7125,39.47,37.305,39.205,45.73648416888298,41.040699890785994,45.69170042576365,37.09430347189985,-1.479749828600347,-3.1363124372436246,-1.6565626086432776,0,,,-61.49946762686126,-64.7553171928961,,,,,,,34.286214360257205,,,12.810873403591728,10.434893519520593,,,,,60,100,-40,,,,,,,,,,,,658.8380747233243,419.950270168901,658.8380747233243,-0.15426318046233062
2019-01-22,39.1025,39.5325,37.925,39.44,45.11280672824848,40.720559912628794,45.44653570318468,37.117643735861044,-1.1859882583487429,-3.1390479315792064,-1.9530596732304635,0,,,-56.784658368828815,-61.30232438248526,,,,,,,35.05743612756099,,,20.017489577201765,16.426380804116093,,,,,60,100,-40,,,,,,,,,,,,523.5947884099927,320.8684028654645,523.5947884099927,-0.09936346286035672
2019-01-28,38.9475,42.25,38.415,41.63,42.57707053337359,40.90244793010304,45.296867636393124,37.16254280316591,-0.7821263769718025,-2.9307176444452168,-2.1485912674734142,0,,,-47.847147449830636,-55.3770911485069,,,,,,,41.93699596243888,,,33.18866724532636,26.293196532150755,,,,,60,100,-40,,,,,,,,,,,,405.66846324453945,230.71051143537997,405.66846324453945,-0.07615393047826413
2019-02-04,41.8525,43.8925,41.82,42.6025,38.70638692384691,41.24245834408243,45.19120616045614,37.216671730497595,-0.40634224222786175,-2.6565190702582413,-2.2501768280303795,0,,,-34.269705417231414,-46.30050374529694,,,,,,,44.75247100550358,,,49.561251448506184,40.70380980145044,,,,,60,100,-40,,,,,,,,,,,,328.27419720007777,168.7631457198563,328.27419720007777,-0.06518754915222809
2019-02-11,42.7625,43.12,42.3125,42.605,38.807359286429275,41.514966675265946,45.08978631102649,37.27028693715931,-0.12883291815277031,-2.4112179757213426,-2.2823850575685722,0,,,-23.73166818782026,-35.28284035162743,,,,,,,44.75993066322142,,,70.84543988741672,60.048427707224334,,,,,60,100,-40,,,,,,,,,,,,209.49707043642718,70.80621013442787,209.49707043642718,-0.10305436575768771
2019-02-19,42.4275,43.33,42.3725,43.2425,37.70647648025575,41.86047334021276,45.017343710594076,37.329711942759715,0.113350013969026,-2.14069754010729,-2.254047554076316,0,,,-14.278597539010175,-24.093323714687273,,,,,,,46.74629168265827,,,85.77731853708245,77.90394555933399,,,,,60,100,-40,,,,,,,,,,,,100.49760308434948,-19.3403735263772,100.49760308434948,-0.070570158006341
2019-02-25,43.54,43.9675,43.1825,43.7425,38.46512101738034,42.23687867217021,44.96734983959039,37.393520779150165,0.3116621421251753,-1.8644698764198466,-2.176132018545022,0,,,-4.542584363074505,-14.184283363301633,,,,,,,48.32512162294747,,,95.88219059707333,91.76438119414667,,,,,60,100,-40,,,,,,,,,,,,19.498038887195044,-83.09666924885406,19.498038887195044,-0.07411180325296207
2019-03-04,43.9225,44.4375,42.375,43.2275,38.72993380185317,42.435002937736165,44.899120434116256,37.45157032363623,0.40659578098157256,-1.6678872923180563,-2.074483073299629,0,,,1.6253623690200323,-5.731939844354869,,,,,,,46.77764815267232,,,97.5656157524104,97.19548075491292,,,,,60,100,-40,,,,,,,,,,,,36.86203181679595,-60.71545665815332,36.86203181679595,-0.09120112862020605
2019-03-11,43.8725,46.8325,43.8375,46.53,41.58083138743509,43.254002350188934,44.96307649552346,37.54190295723189,0.6744544248929831,-1.2314150421834,-1.9058694670763832,0,,,15.111738961411142,4.064838989118889,,,,,,,56.46283686500835,,,98.2797922915899,98.62383383327192,,,,,60,100,-40,,,,,,,,,,,,-2.5674285135305652,-89.67628272030726,-2.5674285135305652,-0.03740746788518712
2019-03-18,46.45,49.4225,46.1825,47.7625,42.651843431189725,44.15570188015115,45.0728578094245,37.643600440244505,0.9030177369645609,-0.7770972958706821,-1.680115032835243,0,,,29.23533057650222,15.324143968977799,,,,,,,59.44649223978598,,,97.93575074990788,97.93575074990788,,,,,60,100,-40,,,,,,,,,,,,49.71755848892954,-34.280594952978696,49.71755848892954,0.019045791986909782
2019-03-25,47.8775,48.22,46.145,47.4875,42.554033186104746,44.82206150412092,45.1675496600353,37.7415496895953,0.9967065415248813,-0.4342318559291414,-1.4309383974540226,0,,,35.89680473710219,26.747958091671848,,,,,,,58.47779647010757,,,98.72592869626607,98.33083972308697,,,,,60,100,-40,,,,,,,,,,,,25.22345694548779,-62.593214052437105,25.22345694548779,0.030392768434682717
2019-04-01,47.91,49.275,47.095,49.25,44.11713795852584,45.70764920329673,45.32764575179862,37.85606163298242,1.1287040899894534,-0.020058284967205964,-1.1487623749566593,0,,,42.84319489785615,35.99177673715352,,,,,,,62.6981608856519,,,98.92347318285562,98.72592869626607,,,,,60,100,-40,,,,,,,,,,,,-15.726262499146344,-99.39444786108488,-15.726262499146344,0.05753996033527557
2019-04-08,49.105,50.7125,49.0525,49.7175,44.639842390059705,46.50961936263739,45.49979689878691,37.9740858953408,1.1925768677850657,0.3419587097746728,-0.8506181580103929,0,,,49.36860937232462,42.70286966909432,,,,,,,63.75671179135946,,,99.12101766944517,99.12101766944515,,,,,60,100,-40,,,,,,,,,,,,-57.412396590210655,-134.959093704524,-57.412396590210655,0.0988844311659576
2019-04-15,49.645,51.0375,49.5025,50.965,46.0128893621983,47.40069549010991,45.71411858903056,38.10334872225283,1.2574616964273004,0.7212089625237326,-0.5362527339035678,0,,,53.751295695724004,48.654366655301594,,,,,,,66.50453367099075,,,99.70700588981506,99.41401177963012,,,,,60,100,-40,,,,,,,,,,,,-26.973779028354166,-110.42107666733784,-26.973779028354166,0.10796146944881814
2019-04-22,50.7075,52.12,50.53,51.075,46.25732583632699,48.13555639208793,45.92434923259799,38.23241987924534,1.2441208868418878,1.018898374648792,-0.22522251219309575,0,,,56.85779460240041,53.32589989014968,,,,,,,66.74537294174661,,,99.85350294490752,99.70700588981504,,,,,60,100,-40,,,,,,,,,,,,-52.978546477744324,-140.34451727327644,-52.978546477744324,0.15301922342045585
2019-04-29,51.1,53.8275,49.7775,52.9375,48.23680256230363,49.09594511367034,46.19937475288827,38.37873908442698,1.2914539626605093,1.3890949411325408,0.09764097847203157,0,,,59.496911132550004,56.70200047689147,,,,,,,70.62022750075523,70.62022750075523,,100,100,100,,,,60,100,-40,,,,,,,,,,,,-88.80062893633624,-170.2818777690443,-88.80062893633624,0.22603398642765
2019-05-06,51.0725,52.21,48.1925,49.295,47.9939952364248,49.13575609093627,46.32077182140245,38.48735859602473,1.0200752522218557,1.3727350437493513,0.35265979152749555,0,,,53.78049277051232,56.711732835154244,,,56.711732835154244,,56.711732835154244,,56.63799342351092,,,88.74889292760227,94.37444646380112,,,,,60,100,-40,,,,,,56.711732835154244,,105,,,,-37.200514584275126,-127.503354538309,-37.200514584275126,0.2936948142470352
2019-05-13,46.9275,48.117225,45.7125,47.25,47.669245576680176,48.75860487274902,46.357212142131765,38.574549057755824,0.6627840491726413,1.1811398529932973,0.5183558038206559,0,,,38.68175447199101,50.653052791684445,,,,,,,50.550621790096066,,,69.27236900382167,80.41701934976167,,,,,60,100,-40,,,,,,,,,,,,4.108669885593095,-99.77547189498009,4.108669885593095,0.27200880812056727
2019-05-20,45.88,47,44.4525,44.7425,47.533763749774444,47.955383898199216,46.293890097342285,38.63592170394731,0.23934806698509736,0.8175408875520276,0.5781928205669302,0,,,21.874600745016476,38.11228266250661,,,,,,,44.23523401353325,,,40.07143322457973,55.34848112461112,,,,,60,100,-40,,,,,,,,,,,,73.36163899730344,-44.3617497322564,73.36163899730344,0.25766725446909167
2019-05-28,44.73,45.1475,43.7475,43.7675,47.52010205336199,47.11780711855937,46.19481597587788,38.68698218450505,-0.10609392030721432,0.4455754201829123,0.5516693404901266,0,,,6.427010260379792,22.327788492462428,,,,,,,42.02370017052059,,,19.3788257302794,30.41993886074719,,,,,60,100,-40,,,,,,,,,,,,243.65952281597558,110.97675021906295,243.65952281597558,0.19561712429713637
2019-06-03,43.9,47.98,42.5675,47.5375,47.707059049550416,47.201745694847496,46.24747025133365,38.77504703839057,-0.08148551848448549,0.4498124423845198,0.5312979608690053,0,,,1.0308782440094149,9.77749641646856,,,,,,,52.06283807139628,,,13.79565303904465,15.180851000612295,,13.79565303904465,,,60,100,-40,,,,,,,,,,,,204.8123368494346,52.617341088324245,204.8123368494346,0.19990130933756925
2019-06-10,47.9525,49.1975,47.575,48.185,47.307447688868244,47.398396555877994,46.323451810104885,38.8686784111429,-0.02531164821003329,0.4996584006064637,0.524970048816497,0,,,6.329068428525929,4.595652310971712,,,,,,,53.55909818489688,,,21.188110532382094,15.781097185513184,,,,,60,100,-40,,,,,,4.595652310971712,,,,,,197.57373014953737,45.77782452681074,197.57373014953737,0.15456075475242534
2019-06-17,48.225,50.2125,48.0425,49.695,47.472451425377656,47.85771724470239,46.4556693861792,38.97640300406685,0.10280254447153703,0.6534732294059182,0.5506706849343812,0,,,14.11936672503241,7.159771132522585,,,,,,,56.95356271060943,,,36.32643812615794,27.91461380226096,,,,,60,100,-40,,,,,,,,,,,,160.74214284962142,16.54549279466334,160.74214284962142,0.1336756396451041
2019-06-24,49.635,50.3925,48.8225,49.48,47.55281203785068,48.18217379576191,46.5742705867212,39.080916407011465,0.15897180196407157,0.7493854373894706,0.590413635425399,0,,,20.37367633771378,13.607370497090706,,,,,,,56.31860306817332,,,45.05005172672104,40.35837244568699,,,,,60,100,-40,,,,,,,,,,,,107.87993505878117,-25.553687713457265,107.87993505878117,0.14203018442233464
2019-07-01,50.7925,51.27,50.1625,51.0575,47.71314689228992,48.757239036609526,46.75008350488899,39.200086393011354,0.2811337160918699,0.9418307805402364,0.6606970644483665,0,,,29.110601638954556,21.201214900566914,,,,,,,59.874421278658126,,,53.77301618255612,50.50650645573055,,,,,60,100,-40,,,,,,,,,,,,71.90176504809372,-50.90756267464684,71.90176504809372,0.17263079360306388
2019-07-08,50.2025,51.0975,49.6025,50.825,47.83060068569778,49.17079122928762,46.90988415175609,39.31575717517045,0.3221038873904185,1.0633269236863896,0.7412230362959711,0,,,33.10947068122987,27.531249552632733,,,,,,,59.10619051228357,,,57.479564802172135,55.43509663037025,,,,,60,100,-40,,,,,,,,,,,,34.283262312076666,-76.19709673380197,34.283262312076666,0.17063511358994488
2019-07-15,51.0225,51.625,50.59,50.6475,47.98180777957651,49.4661329834301,47.056457322275456,39.428510835119,0.31281275474526016,1.1322389797275463,0.8194262249822861,0,,,37.044068763846155,33.088047028010195,,,,,,,58.48555518778136,,,60.79132226479578,59.536550853236804,,,,,60,100,-40,,,,,,,,,,,,38.95903280079004,-79.61580641856526,38.95903280079004,0.12395600787032657
2019-07-22,50.9125,52.4325,50.9025,51.935,47.185428652463905,49.95990638674408,47.24777272140191,39.55295351337652,0.365285780986887,1.2760334512158948,0.9107476702290078,0,,,42.11053654774983,37.42135866427529,,,,,,,61.64988120087586,61.64988120087586,,62.969924553279895,61.87749393922213,,,,,60,100,-40,,,,,,,,,,,,7.330117746100981,-111.50384161518971,7.330117746100981,0.1447297639630082
2019-07-29,52.115,55.3425,50.4075,51.005,47.26968374871648,50.16892510939527,47.39511496762144,39.666904224686206,0.31137243300473705,1.299963211484929,0.9885907784801921,0,,,46.36022720961529,41.83827750707042,,,,,41.83827750707042,,58.1797065677444,,,63.089141385057005,63.071682903451595,,,,,60,100,-40,,,,,,,,,,106,,140.54282361044628,6.951402314844799,140.54282361044628,0.032160573199606884
2019-08-05,49.4975,50.8825,48.145,50.2475,46.89792062380816,50.184640087516215,47.50697320418531,39.77218378463958,0.20390325974406287,1.2434698531602706,1.0395665934162077,0,,,36.200732341487395,41.557165366284174,,,,,,,55.426744347984055,,,65.6310609178271,64.60776921741355,,,,,60,100,-40,,,,,,41.557165366284174,,,,,,183.17140113581968,33.86932916669117,183.17140113581968,0.06872427931965278
2019-08-12,49.905,53.035,49.7875,51.625,46.84914057925044,50.472712070012975,47.66846445108,39.89012225444416,0.2042860198706391,1.2949241182545066,1.0906380983838675,0,,,37.78660517736654,40.11585490948975,,,,,,,59.227477528101446,,,70.12400977376807,67.50224300810977,,,,,60,100,-40,,,,,,,,,,,,203.50387365657969,39.52945113638368,203.50387365657969,0.05839688246520822
2019-08-19,52.655,53.60875,50.25,50.66,46.74848768073255,50.510169656010376,47.78577957064549,39.99728521708651,0.1222897308318942,1.2435002619237352,1.121210531091841,0,,,38.381440679643866,37.45625939949927,,,,,,,55.62765110734259,,,74.50023369654403,72.10014913768875,,,,,60,100,-40,,,,,,37.45625939949927,,,,,,298.32135117356523,125.06955092976845,298.32135117356523,-0.022499404081896494
2019-08-26,51.465,52.6125,50.83,52.185,46.88913141782308,50.8451357248083,47.958298018855466,40.11855601094634,0.15158549056030735,1.310692394292225,1.1591069037319177,0,,,40.32643429806231,38.83149338502424,,,,,,,59.809657281842874,,,80.92333205783666,77.87318972762473,,,,,60,100,-40,,,,,,,,,,,,265.8992873238261,107.78417803344692,265.8992873238261,0.008544514738246637
2019-09-03,51.6075,53.605,51.055,53.315,48.118479173692855,51.33910857984664,48.16836476321407,40.249863911334934,0.22354774703323943,1.438541587523467,1.2149938404902276,0,,,45.28063314769134,41.32950270846584,,,,,,,62.636432606762995,,,85.2900711777831,82.86348374975351,,,,,60,100,-40,,,,,,,,,,,,198.4630532649486,58.1870547546384,198.4630532649486,-0.00021789763008601135
2019-09-09,53.71,56.605,52.7675,54.6875,49.49787351842908,52.00878686387731,48.42401712544097,40.393521981868915,0.33344642962316784,1.6318018775191874,1.2983554478960195,0,,,56.17791726670325,47.261661570818966,,,,,,,65.80143125334004,65.80143125334004,,93.4307287579449,89.63789762743777,,,,,60,100,-40,,,,,,,,,,,,110.56067994404884,-6.028773382568602,110.56067994404884,0.011024144938682928
2019-09-16,54.4325,55.94,54.36825,54.4325,49.32034683854129,52.493529491101846,48.65964390483544,40.53321330543241,0.3567386188865629,1.744278721504223,1.3875401026176601,0,,,61.58136896611437,54.34663979350299,,,,,,,64.69834793148166,,,95.26638494065428,93.86824709389332,,,,,60,100,-40,,,,,,,,,,,,91.36782904513083,-22.20536004028343,91.36782904513083,-0.07702124402130477
2019-09-23,54.7375,55.6225,54.28505,54.705,49.496679207216914,52.935823592881476,48.89671669288111,40.674226108363435,0.35737725912034324,1.8342616765180892,1.476884417397746,0,,,62.97683173973285,60.24537265751682,,,,,,,65.37040905279835,,,95.95406307179833,96.44905220486596,,,,,60,100,-40,,,,,,,,,,,,134.7554964914707,6.377432694313576,134.7554964914707,-0.06557961210489252
2019-09-30,55.225,57.055,53.783,56.7525,51.72513783527285,53.69915887430518,49.204786626493615,40.834208933155836,0.45624543333101064,2.047191209061509,1.5909457757304986,0,,,65.86444140945812,63.474214038435115,,,,,,,70.01675817875021,,,95.65998208017811,95.86089022162552,,,,,60,100,-40,,,,,,,,,,,,156.6181334930215,23.399717658983832,156.6181334930215,-0.0351457003145844
2019-10-07,56.5675,59.41,56.0825,59.0525,53.91680656132479,54.76982709944415,49.59097146467034,41.015485461184134,0.6265732278344882,2.3741623105236087,1.7475890826891205,0,,,72.69128192392033,67.17751835770376,,,,,,,74.2252373699214,,,97.68272541378721,96.57089967625893,,,,,60,100,-40,,,,,,,,,,,,143.5966546761085,-3.5820491881041505,143.5966546761085,0.05630977657576827
2019-10-14,58.725,59.53355,58.3,59.1025,53.8582846640873,55.63636167955532,49.963972583702876,41.1954557551027,0.6877438327746663,2.6072688736574534,1.919525040882787,0,,,76.22031795424374,71.59201376254073,,,,,,,74.310157823955,,,99.04227084834102,98.08454169668204,,,,,60,100,-40,,,,,,,,,,,,115.66999018954331,-20.203494790267023,115.66999018954331,0.10758871854818075
2019-10-21,59.38,61.6825,59.33,61.645,56.59915004522393,56.838089343644256,50.422052090224334,41.39893380729073,0.8347881815865223,2.96301026786594,2.1282220862794174,0,,,80.15354926560272,76.35504971458893,,,,,,,78.25654161097086,,,99.79909185855257,99.59818371710514,,,,,60,100,-40,,,,,,,,,,,,70.09362833689909,-58.34831391930937,70.09362833689909,0.0976930355454724
2019-10-28,61.855,63.9825,59.315,63.955,58.90099647056507,58.2614714749154,50.95275592982338,41.62337227686993,1.0112079636985505,3.3922320409026057,2.381024077204055,0,,,82.78158439824384,79.71848387269677,,,,,,,81.1123492457931,,,99.99999999999997,99.99999999999996,,,,,60,100,-40,,,,,,,,,,,,-0.8324859061734458,-111.37589320670767,-0.8324859061734458,0.16819704968720633
2019-11-04,64.3325,65.11,63.84125,65.035,59.67521100838185,59.61617717993232,51.505000795320505,41.85632379650306,1.1159910078168975,3.776012836975177,2.6600218291582793,0,,,85.46316686494937,82.79943350959866,,,,,,,82.290448225761,,,99.99999999999997,99.99999999999996,,,,,60,100,-40,,,,,,,,,,,,3.864329713130843,-116.58027626003357,3.864329713130843,0.17937282339554156
2019-11-11,64.575,66.445,64.57,66.44,61.28180307921172,60.980941743945856,52.09068703864127,42.100937490070194,1.1885778035687529,4.1457440836192205,2.9571662800504677,0,,,85.96861540803292,84.73778889040871,,,,,,,83.72143199969753,83.72143199969753,,99.99999999999997,99.99999999999996,,,,,60,100,-40,,,,,,,,,,,,-12.292821143802044,-143.5656805763911,-12.292821143802044,0.23133046889284883
2019-11-18,66.45,67,65.1,65.445,61.38238857355374,61.87375339515668,52.61438558614553,42.33321671902472,1.081308092410863,4.308801395564046,3.2274933031531834,0,,,83.57273892198488,85.00150706498907,,,85.00150706498907,,85.00150706498907,,78.83433020936756,,,96.70838272028311,98.35419136014154,,,,,60,100,-40,,,,,,85.00150706498907,,105,,,,2.669509973252815,-135.64464774431997,2.669509973252815,0.18297854716675427
2019-11-25,65.6775,67,65.625,66.8125,61.844717961157045,62.861502716125344,53.17117438668884,42.576791677044376,1.0152357735356858,4.496538020072791,3.481302246537105,0,,,80.7037421767683,83.4150321689287,,,,,,,80.52679102194179,,,93.58161454556314,95.55645079288773,,,,,60,100,-40,,,,,,,,,,,,-60.543128203702246,-190.98198451807997,-60.543128203702246,0.18108414352842037
2019-12-02,66.8175,67.75,64.0725,67.6775,62.84241667821725,63.824702172900274,53.740049900936334,42.82654996881508,0.9440664983946192,4.661385369530379,3.7173188711357597,0,,,76.68445031859514,80.32031047244945,,,,,,,81.53838707292903,,,90.6380747954438,91.9863754923877,,90.6380747954438,,,60,100,-40,,,,,,,,,,,,-109.53528671211998,-235.34889642388356,-109.53528671211998,0.25077538077997685
2019-12-09,67.5,68.825,66.2275,68.7875,63.77242262977316,64.81726173832021,54.33014598325256,43.08486787957314,0.886916969935561,4.825965083555211,3.93904811361965,0,,,74.73918688219673,77.3757931258534,,,,,,,82.78182923478224,,,92.71456092474756,91.5814185615584,,,,,60,100,-40,,,,,,,,,,,,-170.52887094627994,-293.4672788922684,-170.52887094627994,0.28577299526293143
2019-12-16,69.25,70.6625,69.245,69.86,64.8320710133608,65.82580939065618,54.93915986626226,43.351287104652016,0.8371359942335905,4.985468106411638,4.148332112178047,0,,,74.90100740310601,75.44154820129931,,,,,,,83.91577556719999,,,95.39191227782135,93.48032548551981,,,,,60,100,-40,,,,,,,,,,,,-257.7054398651381,-373.7459554573105,-257.7054398651381,0.34343392593133526
2019-12-23,70.1325,73.4925,70.093375,72.45,67.5133516552636,67.15064751252494,55.62585947935001,43.640826536446525,0.8895183882298898,5.26023009746541,4.37071170923552,0,,,76.15159370001805,75.26392932844028,,,,,,,86.27970036006153,,,98.27220257291759,96.92390187597368,,,,,60,100,-40,,,,,,75.26392932844028,,,,,,-264.4862689805676,-372.1557817377996,-264.4862689805676,0.33208410132310884
2019-12-30,72.365,75.15,71.305,74.3575,69.25454082274477,68.59201801001996,56.36043361741472,43.946465078372434,0.9576058835751908,5.567719063704509,4.610113180129318,0,,,76.97722117383219,76.00994075898544,,,,,,,87.71972081245544,,,99.48733372333072,98.97466744666144,,,,,60,100,-40,,,,,,,,,,,,-256.3978564386462,-349.9456396036543,-256.3978564386462,0.35823566456810524
2020-01-06,73.4475,78.1675,73.1875,77.5825,72.29475219254871,70.39011440801596,57.19267151477101,44.28115199301549,1.1138649677397776,6.00244438980404,4.888579422064263,0,,,78.83177196617191,77.32019561334073,,,,,,,89.69978256734385,,,99.93675054497689,99.87350108995379,,,,,60,100,-40,,,,,,,,,,,,-271.59824617707415,-355.4100687666262,-271.59824617707415,0.44659241035281066
2020-01-13,77.91,79.685,77.3875,79.6825,74.06101989308095,72.24859152641277,58.07462557301528,44.63340421199046,1.2428633408428862,6.442158598117871,5.199295257274985,0,,,80.62907973788309,78.81269095929575,,,,,,,90.75170529273626,90.75170529273626,,99.99999999999997,99.99999999999996,99.99999999999997,,,,60,100,-40,,,,,,,,,,,,-377.671292326697,-453.517328990876,-377.671292326697,0.4778526402042653
2020-01-21,79.2975,80.8325,78.9125,79.5775,74.13433990071803,73.71437322113022,58.917875550544096,44.98110665764229,1.204462234825483,6.704873050806839,5.500410815981356,0,,,80.15409890031074,79.87165020145527,,,79.87165020145527,,79.87165020145527,,90.25244327979169,,,99.34799316207636,99.67399658103817,,,,,60,100,-40,,,,,,,,,,106,,-359.91287554002486,-440.1505419016258,-359.91287554002486,0.43438083094498575
2020-01-27,77.515,81.9625,76.22,77.3775,74.25635133638103,74.44699857690418,59.64178239169923,45.30345883020307,0.9267082090256036,6.658796077263361,5.732087868237757,0,,,75.94545946892056,78.9095460357048,,,,,,,80.23343772220218,,,83.22419673972016,91.3675958056387,,,,,60,100,-40,,,,,,78.9095460357048,,105,,,,-239.0196254418385,-332.8504433740575,-239.0196254418385,0.37965255867222775
2020-02-03,76.075,81.305,75.555,80.0075,74.14857624092522,75.55909886152334,60.440437984181614,45.64877267268861,0.8196198959190371,6.756612738136553,5.936992842217516,0,,,71.88566933285226,75.99507590069453,,,,,,,82.71802469533031,,,67.21781666585859,77.13460518715833,,,,,60,100,-40,,,,,,,,,,,,-188.2887844524133,-295.0594536696834,-188.2887844524133,0.45936274952162726
2020-02-10,78.545,81.805,78.4625,81.2375,74.97564222371628,76.69477908921867,61.256009043625475,46.002889362512605,0.7339024826328604,6.854370945508592,6.120468462875731,0,,,69.72529877920893,72.5188091936606,,,,,,,83.75272608040143,83.75272608040143,,50.7977988574596,58.49435588331991,,,,,60,100,-40,,,,,,,,,,,,-219.50900546106539,-332.32137118428636,-219.50900546106539,0.5044949782755225
2020-02-18,78.84,81.1625,77.625,78.2625,74.94541777916513,77.00832327137493,61.922930257600946,46.32388051313437,0.3960473952123298,6.615527706891143,6.219480311678813,0,,,64.19240498880846,68.60112436695657,,,,,,,72.39538887512057,,,39.20644537441229,44.70379018124569,,,,,60,100,-40,,,,,,,,,,,,-192.32554992268985,-300.99021278714343,-192.32554992268985,0.4344902363554201
2020-02-24,74.315,76.045,64.0925,68.34,74.87878079493905,75.27465861709994,62.17458005142052,46.542946378675325,-0.5264076711745629,5.5614707227106095,6.087878393885172,0,,,41.390683955975376,58.436129241330946,,,,,,,48.58832857225599,,,24.905414908855246,31.655293054222174,,,,,60,100,-40,,,,,,,,,,,,300.82455006325375,102.8261895377917,300.82455006325375,0.32806899875136786
2020-03-02,70.57,76,69.43,72.2575,73.30868930958626,74.67122689367996,62.56998867685501,46.798812583862635,-0.8824858031287892,4.984771139974185,5.867256943102975,0,,,29.52945269997938,45.037513881587756,,,,,,,54.92780740312732,,,12.144957572530933,19.038638119032278,,,,,60,100,-40,,,,,,,,,,,,693.4019045972076,469.58506416728414,693.4019045972076,0.28007195955849096
2020-03-09,65.9375,71.61,62,69.4925,72.78074721604438,73.63548151494396,62.84145970913521,47.024620418849075,-1.2893538158646622,4.255564673272147,5.544918489136809,0,,,11.958259553055832,27.626132069670216,,,,,,,50.19518227749832,,,8.037530676892843,9.870468785825906,,,,,60,100,-40,,,,,,,,,,,,1170.0561037613516,866.9241434095961,1170.0561037613516,0.29282335579060453
2020-03-16,60.4875,64.77,57,57.31,71.91944384346978,70.37038521195517,62.62453972054167,47.12696250423366,-2.304791399212858,2.663929240120737,4.968720639333595,0,,,-9.362285407099812,10.708475615311821,,,,,,,35.56771350517239,,,6.045706644304753,5.886820720649727,,,,,60,100,-40,,,,,,,,,,,,1176.4095394411058,885.665208244215,1176.4095394411058,0.1262767542320884
2020-03-23,57.02,64.67,53.1525,61.935,70.80037642607908,68.68330816956413,62.59749894718709,47.274306160907955,-2.570569212993358,1.7555091230918975,4.3260783360852555,0,,,-21.827427520452964,-6.410484458165627,,,,,,,42.46355955859724,,,5.902119150269183,6.05335585911449,,5.902119150269183,,,60,100,-40,,,,,,,,,,,,990.6987140881774,739.1806249270851,990.6987140881774,0.14123949242612305
2020-03-30,62.685,65.6225,59.225,60.3525,69.90052810993058,67.0171465356513,62.5094597727876,47.40443744288897,-2.7428315952956575,0.8975388419656838,3.6403704372613412,0,,,-27.501999442743625,-19.563904123432113,,,,,,,40.84324856201595,,,7.620944616560399,6.799341060626122,,,,,60,100,-40,,,,,,,,,,,,962.3898569812361,706.6023294857969,962.3898569812361,0.07474988502075999
2020-04-06,62.725,67.925,62.345,66.9975,69.79638324493553,67.01321722852104,62.68546135032534,47.59939328922838,-2.316138741028705,0.7451970109754598,3.061335752004165,0,,,-25.486330829716856,-24.93858593097113,,,,,,,49.59283675566833,,,14.151611212307412,10.624163259633352,,,,,60,100,-40,,,,,,,,,,,,784.682610257375,570.8564513974702,784.682610257375,0.12186674113089399
2020-04-13,67.0775,72.0625,66.4575,70.7,69.53182015601156,67.75057378281683,62.999756983645916,47.82925007242014,-1.718904819754513,0.9127047273110236,2.6316095470655365,0,,,-16.40170450300537,-23.130011591821926,,,,,,,53.7242527342558,,,20.727936158710072,16.89436991372408,,,,,60,100,-40,,,,,,-23.130011591821926,,,,,,622.922135665125,440.7007329615664,622.922135665125,0.13041527207025827
2020-04-20,69.4875,70.7525,66.3575,70.7425,69.5672258591536,68.34895902625347,63.30339396467941,48.057242609012974,-1.275741968434863,1.0369320865219578,2.3126740549568208,0,,,-10.047410929179875,-17.311815420634012,,,,,,,53.77136930416746,,,28.844657438028452,24.98246911118362,,,,,60,100,-40,,,,,,,,,,,,486.93629281692046,335.1187815140089,486.93629281692046,0.14258061287015567
2020-04-27,70.45,74.75,69.55,72.2675,69.77295972635692,69.13266722100278,63.65492753469198,48.298140692505385,-0.8548618472563403,1.2440967458863952,2.0989585931427355,0,,,0.8079911707564875,-8.547041420476232,,,,,,,55.53138620102635,,,34.58185559257866,31.608014838431675,,,,,60,100,-40,,,,,,,,,,,,401.12969412293495,278.73354851146183,401.12969412293495,0.11050788043339053
2020-05-04,72.2925,77.5875,71.5793,77.5325,66.87399831733143,70.81263377680222,64.19914606274327,48.58902983984364,-0.22938487531692653,1.8122274989965774,2.041612374313504,0,,,14.161031550675311,1.6405372640839957,,,,,,,61.07424137056301,,,40.620855653454285,37.876063354626886,,,,,60,100,-40,,,,,,,,,,,,274.5606588278559,175.3274487821051,274.5606588278559,0.15532314818164056
2020-05-11,77.025,79.922,75.0525,76.9275,66.09914843752203,72.03560702144178,64.69829719753766,48.87100466730788,0.11745403047994873,2.18842991241344,2.0709758819334914,0,,,25.15347497850879,13.374165899980218,,,,,,,60.14105140325026,,,45.8248031266562,43.14273763807994,,,,,60,100,-40,,,,,,,,,,,,200.09508449551845,120.72245809444965,200.09508449551845,0.13184967245059878
2020-05-18,78.2925,80.2225,77.581025,79.7225,68.41017354912759,73.57298561715342,65.28748162116364,49.177984720369494,0.488178481455146,2.6811989837524237,2.1930205022972777,0,,,34.29475685146468,24.536421126882953,,,,,,,62.9725983152337,,,53.71484315932906,49.825550721543074,,,,,60,100,-40,,,,,,,,,,,,117.35052367815146,52.409283895458785,117.35052367815146,0.13302235351751143
2020-05-26,80.875,81.06,78.2725,79.485,68.74748258133276,74.75538849372273,65.84424704778466,49.479547061460345,0.6598002180603162,3.017770774872673,2.357970556812357,0,,,39.96953597022926,33.13925593340093,,,,,,,62.563467078580324,,,66.36744922927934,59.71147566772655,,,,,60,100,-40,,,,,,,,,,,,55.10497391848755,-0.7560404491700723,55.10497391848755,0.10052003072329639
2020-06-01,79.4375,82.9375,79.3025,82.875,72.28569811123756,76.37931079497818,66.51211971257742,49.811840125525414,0.9276262928723589,3.5175034229028057,2.589877130030447,0,,,45.621684707525084,39.961992509739694,,,,,,,65.98112909088728,,,81.38806694934885,73.35092307166123,,,,,60,100,-40,,,,,,,,,,,,-26.732294066692006,-67.89130582204827,-26.732294066692006,0.09148726564692382
2020-06-08,82.5625,88.6925,81.83,84.7,74.34779110329202,78.04344863598254,67.22536991992732,50.15898599492317,1.1397226058458712,4.0145303873377856,2.8748077814919144,0,,,52.23259924478221,45.941273307512205,,,,,,,67.70081950526063,,,93.4587160057435,87.34151640733891,,,,,60,100,-40,,,,,,,,,,,,-30.05369514547528,-61.00197749076678,-30.05369514547528,0.09022502892912287
2020-06-15,83.3125,89.14,83.145,87.43,76.83687745305689,79.92075890878604,68.01770835443997,50.529841855670206,1.3609274719593563,4.57596712144111,3.2150396494817537,0,,,56.61608285121746,51.490122267841606,,,,,,,70.14643647220163,,,98.16685440519743,96.33370881039485,,,,,60,100,-40,,,,,,,,,,,,-121.86211420993432,-144.45616340153646,-121.86211420993432,0.1394908369237907
2020-06-22,87.835,93.095,87.7875,88.4075,77.71460049212425,81.61810712702884,68.81730802681487,50.90673397650931,1.4613031932772396,5.041668641078303,3.5803654478010634,0,,,61.22304166846327,56.690574588154334,,,,,,,70.99823634259363,,,99.92931926735801,99.85863853471604,,,,,60,100,-40,,,,,,,,,,,,-126.06900253540081,-151.82777005580255,-126.06900253540081,0.07919764783623512
2020-06-29,88.3125,92.6175,87.82,91.0275,80.28909331411538,83.49998570162307,69.68829594733194,51.305945578733095,1.5821735935640455,5.55808243975612,3.9759088461920746,0,,,63.10053828968728,60.31322093645602,,,,,,,73.21717079837754,,,100,100,,,,,60,100,-40,,,,,,,,,,,,-197.69282025623704,-221.4954482274748,-197.69282025623704,0.07025536979185777
2020-07-06,92.5,96.3175,92.4675,95.92,85.26326522024999,85.98398856129846,70.71699022390716,51.74986651824819,1.8509729828338513,6.2896250747343885,4.438652091900537,0,,,66.84841309197594,63.7239976833755,,,,,,,76.80696318064801,,,100,100,,,,,60,100,-40,,,,,,,,,,,,-214.47594384601211,-234.85991218611574,-214.47594384601211,0.11223129833765222
2020-07-13,97.265,99.955,93.8775,96.3275,85.67624627594643,88.05269084903877,71.72132394061668,52.193425060355175,1.9079595243185619,6.823601497298739,4.915641972980177,0,,,68.81379795579998,66.2542497791544,,,,,,,77.08410911408319,,,100,100,,,,,60,100,-40,,,,,,,,,,,,-245.4803176921917,-263.97629178864014,-245.4803176921917,0.13221668914727885
2020-07-20,96.41625,99.25,89.145,92.615,85.56883582766453,88.96515267923101,72.5406837860827,52.595629786122785,1.56192114701269,6.86804340674604,5.30612225973335,0,,,65.17666674786209,66.94629259854601,,,,,,,68.95207505223772,,,93.238591953966,96.619295976983,,,,,60,100,-40,,,,,,66.94629259854601,,105,,,,-213.5748053845205,-229.6169660088874,-213.5748053845205,0.1355460653618151
2020-07-27,93.71,106.415,93.2475,106.26,94.82624041140278,92.4241221433848,73.86300991211867,53.129603619096684,2.085569627515616,7.91308429412787,5.827514666612254,0,,,69.19219172451298,67.72755214272502,,,,,,,78.13607160242503,,,91.54823994245751,93.23859195396601,,,,,60,100,-40,,,,,,67.72755214272502,,,,,,-252.9248407691531,-261.5047903709079,-252.9248407691531,0.13728143339019938
2020-08-03,108.2,114.4125,107.8925,111.1125,98.52400895344543,96.16179771470784,75.32377422929049,53.70654786169274,2.5610002190574885,9.028764940434115,6.467764721376627,0,,,75.99861171937808,70.12249006391771,,,,,,,80.37279231897091,,,89.857887930949,89.857887930949,,89.857887930949,,,60,100,-40,,,,,,,,,,,,-298.75668790203434,-303.0493739398337,-298.75668790203434,0.24088380086514907
2020-08-10,112.6,116.0425,109.106675,114.9075,102.05354402819934,99.91093817176628,76.87607720069087,54.315512559586345,2.907961697690392,10.102716843489617,7.194755145799225,0,,,78.65491809400783,74.61524051263297,,,,,,,81.93828450189866,,,96.61929597698301,93.23859195396601,,,,,60,100,-40,,,,,,,,,,,,-278.982744647119,-282.4949423144094,-278.982744647119,0.24178751500390772
2020-08-17,116.0625,124.868,113.962525,124.37,111.44335159761367,104.80275053741302,78.73858397713437,55.01257213610788,3.511271707933073,11.583844780715566,8.072573072782493,0,,,82.00031926677407,78.88461636005333,,,,,,,85.13990705030093,,,98.3096479884915,96.619295976983,,,,,60,100,-40,,,,,,,,,,,,-246.44042743855186,-259.31404371178945,-246.44042743855186,0.33066417075022736
2020-08-24,128.6975,128.785,123.0525,124.8075,111.24625862635556,108.80370042993042,80.5452081348938,55.70704903027596,3.6596721893989272,12.647163309531152,8.987491120132225,0,,,83.45042955413875,81.36855563830689,,,,,,,85.27068303891534,85.27068303891534,,100,100,100,,,,60,100,-40,,,,,,,,,,,,-256.1785315406334,-272.16603576419135,-256.1785315406334,0.26308278472889945
2020-08-31,127.58,137.98,110.89,120.96,111.39599015304444,111.23496034394434,82.13010193352541,56.35633212450207,3.2333649701770657,13.029197332853556,9.79583236267649,0,,,80.5037860982873,81.98484497306671,,,81.98484497306671,,81.98484497306671,,78.67435347019881,,,94.04051218152537,97.02025609076269,,,,,60,100,-40,,,,,,81.98484497306671,,105,,,,-167.7824348968819,-207.22675653433836,-167.7824348968819,0.2098459978921862
2020-09-08,113.95,120.5,110,112,108.4839551421127,111.38796827515547,83.30147048515187,56.9100004615717,2.135552527896051,12.465273022546555,10.329720494650504,0,,,70.5663645792257,78.17352674388393,,,,,,,65.82738410080007,,,71.80423337354651,83.66730875484525,,,,,60,100,-40,,,,,,,,,,,,-130.91290127926703,-171.36734625536772,-130.91290127926703,0.1336893334442183
2020-09-14,114.72,118.829,106.09,106.84,108.08420834624751,110.47837462012438,84.22455007396944,57.406816377376956,0.912042529611174,11.469773656664472,10.557731127053298,0,,,58.75098309759751,69.94037792503684,,,,,,,59.74119795352137,,,42.90553748336558,59.20325030781674,,,,,60,100,-40,,,,,,,,,,,,-151.65601013758211,-185.66419239075543,-151.65601013758211,0.07648475984905313
2020-09-21,104.54,112.86,103.1,112.28,107.45887203580126,110.83869969609951,85.32476379655887,57.95281820446773,0.34827466130892937,10.99307445368946,10.64479979238053,0,,,47.478645132432476,58.93199760308523,,,,,,,63.586355080947634,,,19.409090025726716,31.341790675653897,,,,,60,100,-40,,,,,,,,,,,,-107.71855374893082,-143.725248319709,-107.71855374893082,0.08109851753820022
2020-09-28,115.01,117.72,112.22,113.02,107.30377403324403,111.27495975687961,86.41085149081147,58.50075036163721,-0.07316278635544649,10.553346309436222,10.626509095791668,0,,,44.43751058209142,50.22237960404047,,,,,,,64.09176324148983,,,13.15221370857165,15.097160362964315,,13.15221370857165,,,60,100,-40,,,,,,,,,,,,-117.22427124912522,-148.50247589794373,-117.22427124912522,0.06518687869386616
2020-10-05,113.91,117,112.25,116.97,107.76832588801231,112.41396780550369,87.60924947156396,59.08253394012838,-0.17827638271941737,10.403663617392397,10.581940000111814,0,,,42.98088029041431,44.965678668312734,,,,,,,66.75967147064033,,,16.929023650591205,13.135425932790229,,,,,60,100,-40,,,,,,,,,,,,-205.91076738564792,-233.320207552863,-205.91076738564792,0.07864473534948058
2020-10-12,120.06,125.39,118.15,119.02,108.30683832458286,113.73517424440296,88.84104360993399,59.67892663724153,-0.20046132220202217,10.331363347359286,10.531824669561308,0,,,48.08024233598896,45.166211069498225,,,,,,,68.09254176139498,68.09254176139498,,23.152725475749484,19.55883484351753,,,,,60,100,-40,,,,,,45.166211069498225,,,,,,-237.56335513371195,-260.89835163416063,-237.56335513371195,0.03909689626842312
2020-10-19,119.96,120.419,114.28,115.04,108.28259987282695,113.99613939552236,89.86845366444638,60.229783088612265,-0.5538688358779655,9.839488624713852,10.393357460591817,0,,,44.647571100830085,45.236231242411115,,,45.236231242411115,,45.236231242411115,,62.796523219593105,,,24.377184784390366,24.055901761288585,24.377184784390366,,,,60,100,-40,,,,,,45.236231242411115,,,,,,-228.0063814730371,-249.82592406431323,-228.0063814730371,-0.01566785795837861
2020-10-26,114.01,117.28,107.72,108.86,108.58594988191074,112.96891151641789,90.61322018740927,60.71366584394946,-1.2354905176513178,8.848994313527669,10.084484831178987,0,,,31.9090415318268,41.54561832288194,,,,,,,55.53120623008868,,,18.696256314764895,22.20939913625084,,,,,60,100,-40,,,,,,,,,,,,-153.82340302339398,-188.03939241625628,-153.82340302339398,-0.04038235096879184
2020-11-02,109.11,119.62,107.32,118.69,108.37891774748854,114.11312921313431,91.71427037613832,61.29054479077583,-1.0625620160135014,8.75628231116211,9.818844327175611,0,,,29.67427621283363,35.41029628183016,,,,,,,62.92301224035873,,,14.935888137399672,17.43833939389261,,,,,60,100,-40,,,,,,,,,,,,-210.40096611004964,-243.85041197693695,-210.40096611004964,-0.029157916924225143
2020-11-09,120.5,121.99,114.13,119.26,107.79524505123936,115.14250337050746,92.79449506727015,61.86735529037011,-0.9516129857912574,8.62932809493654,9.580941080727797,0,,,34.30436391373315,31.96256055279785,,,,,,,63.30616482669486,63.30616482669486,,16.2744107813173,15.041342984205068,,16.2744107813173,,,60,100,-40,,,,,,31.96256055279785,,,,,,-233.96442681731332,-260.42306434476654,-233.96442681731332,0.026128557307166206
2020-11-16,118.92,120.99,116.81,117.34,104.04004897615081,115.58200269640597,93.75706388816151,62.41932190439628,-1.0420646834290892,8.278360226441436,9.320424909870525,0,,,36.66857734015126,33.549072488906006,,,,,,,61.00564581760277,,,20.819714635321752,17.89508618249494,,,,,60,100,-40,,,,,,,,,,,,-285.9708946687109,-305.80068900935447,-285.9708946687109,-0.0037366857499603933
2020-11-23,117.18,117.6202,112.59,116.59,102.95147404928292,115.78360215712478,94.6524731474493,62.95833362674059,-1.17696708518638,7.849216053387551,9.02618313857393,0,,,30.708974915664626,33.89397205651634,,,,,,,60.08170487875927,,,20.428522055082183,20.527216444185612,,,,,60,100,-40,,,,,,33.89397205651634,,,,,,-353.0670956380362,-367.4732910076537,-353.0670956380362,-0.019219471998308712
2020-11-30,116.97,123.78,116.81,122.25,106.38776876004842,117.07688172569982,95.73472910245128,63.54830045632526,-0.9209047491824229,7.875052202095901,8.795956951278324,0,,,39.69012490562696,35.68922572048095,,,,,,,64.47982018687706,,,23.228038174487885,22.63256177577577,,,,,60,100,-40,,,,,,35.68922572048095,,,,,,-458.8730782493024,-466.11451082444387,-458.8730782493024,0.01044645083863097
2020-12-07,122.31,125.95,120.15,122.41,106.65364242004496,118.14350538055986,96.78081815725712,64.13398900899864,-0.7821147233655061,7.81831354707144,8.600428270436947,0,,,47.90230711412827,39.43380231180662,,,,,,,64.59926644405525,,,34.11765785650343,28.097164488046403,,,,,60,100,-40,,,,,,,,,,,,-489.98706402215646,-493.1845997654541,-489.98706402215646,0.018011365089624844
2020-12-14,122.6,129.58,121.54,126.655,111.19552510432747,119.84580430444788,97.95235470010978,64.7560886208494,-0.46162655776936035,8.023395073225245,8.485021630994606,0,,,56.594317669008596,48.062249896254606,,,,,,,67.71930581192453,,,54.169745259496494,43.07528907928836,,,,,60,100,-40,,,,,,,,,,,,-631.8075978363099,-627.1510361717352,-631.8075978363099,-0.02734364397766915
2020-12-21,125.02,134.405,123.449,131.97,116.46620188258979,122.2706434435583,99.28638000598782,65.4248837589504,0.025283003127858805,8.51662538490443,8.49134238177657,0,,,65.22180317180542,56.57280931831409,,,,,,,71.16626680327896,,,74.98929460218467,63.84523546725861,,,,,60,100,-40,,,,,,,,,,,,-605.1153073206171,-601.3053932314197,-605.1153073206171,-0.010187968715941948
2020-12-28,133.99,138.789,131.72,132.69,116.72847317669051,124.35451475484663,100.59632588810595,66.09418839816482,0.29767787639894294,8.86343972727525,8.565761850876306,0,,,72.7171855257701,64.84443545552804,,,,,,,71.61113651985966,71.61113651985966,,89.84304980211228,82.77091369525998,,,,,60,100,-40,,,,,,,,,,,,-582.3670696259594,-580.1589580984343,-582.3670696259594,-0.08198595570525483
2021-01-04,133.52,133.6116,126.382,132.05,116.8587250926412,125.8936118038773,101.82980330425866,66.75046513052139,0.3338692190516266,8.98309837469084,8.649229155639214,0,,,70.68759297157462,69.54219388971671,,,69.54219388971671,,69.54219388971671,,70.5627604154138,,,95.79632938392896,93.6602996034833,95.79632938392896,,,,60,100,-40,,,,,,,,,,,,-730.1094206030577,-724.6664202623554,-730.1094206030577,-0.11480522416312679
2021-01-11,129.19,131.45,126.86,127.14,116.95673044316682,126.14288944310185,102.82236003742499,67.35135602474506,-0.053146825236133566,8.582795624094047,8.63594244933018,0,,,64.6038485912715,69.33620902953875,,,,,,,62.90840151660482,,,85.8655808416978,91.6446766891837,,,,,60,100,-40,,,,,,69.33620902953875,,105,,,,-729.1804350388655,-717.454343851018,-729.1804350388655,-0.12105149724681795
2021-01-19,127.78,139.85,126.938,139.07,123.71910684008347,128.72831155448148,104.24383611438871,68.06497437275755,0.3896775508413093,9.123039387881818,8.733361837040508,0,,,68.19218065484395,67.82787407256336,,,,,,,71.1468812923786,71.1468812923786,,82.55672449196409,85.78307328562867,,,,,60,100,-40,,,,,,67.82787407256336,,,,,,-737.511265031799,-718.826281332651,-737.511265031799,-0.07122040575202063
2021-01-25,143.07,145.09,130.21,131.96,122.9710277800775,129.3746492435852,105.33074450205974,68.70074577203359,0.11343976714623238,8.875161545973299,8.761721778827066,0,,,68.93558346026552,67.243870902127,,,,,,,62.223719611327446,,,67.78267447873984,73.74555241249776,,,,,60,100,-40,,,,,,,,,,,,-648.8728532078356,-628.1305938176235,-648.8728532078356,-0.0775717526493144
2021-02-01,133.75,137.42,130.93,136.76,121.99524008150054,130.85171939486816,106.56326432550838,69.37795228176459,0.16079841722984156,8.962719800364368,8.801921383134527,0,,,66.66258129177524,67.93011513562824,,,67.93011513562824,,67.93011513562824,,65.39768236403592,,,64.68086882109203,67.62797747136636,,,,,60,100,-40,,,,,,67.93011513562824,,105,,106,,-758.1686980791383,-729.3795767598738,-758.1686980791383,0.024154662126875958
2021-02-08,136.03,137.877,133.6921,135.37,122.28772293282194,131.7553755158945,107.69294023431198,70.0345895724933,0.013100593057004062,8.818297124455782,8.805196531398778,0,,,64.40587759158772,66.66801411454284,,,,,,,63.71817606351999,,,46.931368905254736,54.35407363157726,,,,,60,100,-40,,,,,,,,,,,,-818.5016620647496,-780.4014718944422,-818.5016620647496,-0.050543046273404446
2021-02-16,135.49,136.01,127.41,129.87,122.88861415190608,131.37830041271562,108.56262885257425,70.62996679067744,-0.5114327434978243,8.165905602026498,8.677338345524323,0,,,53.502439698943355,61.52363286076879,,,,,,,57.39935198067351,,,34.04277128131953,42.33199172809723,,,,,60,100,-40,,,,,,,,,,,,-840.5831780529769,-800.3193860954527,-840.5831780529769,-0.02330024412952926
2021-02-22,128.01,129.72,118.39,121.26,122.81585599819851,129.3546403301725,109.06056497600271,71.13374821564582,-1.4419696502425072,6.874876282721189,8.316845932963696,0,,,30.698865566910886,49.535727619147345,,,,,,,49.135689803384494,,,17.77845453260263,25.20478101966981,,,,,60,100,-40,,,,,,,,,,,,-725.9316911342539,-688.4431340780976,-725.9316911342539,-0.10596811536510128
2021-03-01,123.75,128.72,117.57,121.42,122.33686628404146,127.76771226413798,109.54524870243398,71.634108929918,-2.015233994700777,5.7978034395877245,7.813037434288502,0,,,13.912123507459938,32.704476257771425,,,,,,,49.28268419441565,,,6.16778835741649,12.110313898727549,,,,,60,100,-40,,,,,,,,,,,,-762.1259291098442,-675.089836972989,-762.1259291098442,-0.06349151448634444
2021-03-08,120.93,123.21,116.21,121.03,121.9392329780385,126.42016981131039,109.99563110626009,72.1256103336004,-2.365021943612599,4.856760004772752,7.221781948385352,0,,,-1.0468057757435147,14.521394432875795,,,,,,,48.909445148250235,,,1.913073687677089,3.6008845592487475,,,,,60,100,-40,,,,,,,,,,,,-982.6484874535088,-847.8007757051729,-982.6484874535088,-0.00452686865193052
2021-03-15,121.41,127.22,119.675,119.99,122.1628591938929,125.1341358490483,110.38756714130872,72.60187291734567,-2.592493873051236,3.9811646070713067,6.573658480122543,0,,,-8.28094043362205,1.5281257660314829,,,,,,,47.86227584909372,,,0.2252628161054202,0.22526281610540966,,0.2252628161054202,,,60,100,-40,,,,,,,,,,,,-904.8942170074163,-778.2006346678688,-904.8942170074163,-0.009647010992580739
2021-03-22,120.33,124.24,118.92,121.21,122.29265496575769,124.34930867923865,110.81197627302211,73.08553587339199,-2.5812392985462536,3.3471093569397254,5.928348655485979,0,,,-14.765544922948855,-8.031097044104781,,,,,,,49.24331506844294,,,1.3917551158372878,0.8085089659713592,,,,,60,100,-40,,,,,,,,,,,,-794.0043593697043,-683.0732465464381,-794.0043593697043,-0.0667155666162911
2021-03-29,121.65,124.18,118.86,123,122.73103675391786,124.07944694339092,111.28993798780556,73.5821972079851,-2.378686324794696,2.954990749492609,5.333677074287305,0,,,-18.28500562237608,-13.77716365964897,,,,,,,51.2939672531295,,,4.931358122482844,3.015745081693584,,,,,60,100,-40,,,,,,,,,,,,-712.3672031206671,-617.9690199016311,-712.3672031206671,-0.06623875658270076
2021-04-05,123.87,133.04,123.07,132.995,123.13810555720944,125.86255755471274,112.14111689024456,74.17336937506983,-1.5378039431313226,3.4114221453731517,4.949226088504474,0,,,-5.068869999014005,-12.706473514779622,,,,,,,60.85963869471177,,,18.277403033364617,11.344194623926137,,,,,60,100,-40,,,,,,-12.706473514779622,,,,,,-625.5731661896367,-560.1564708286073,-625.5731661896367,0.00682038748157089
2021-04-12,132.52,135,130.63,134.16,120.53181230312305,127.52204604377019,113.00460250239183,74.7702512718353,-0.9009145042813431,3.8230829581527956,4.723997462434139,0,,,9.627844941457242,-4.575343559977589,,,,,,,61.80680007714518,,,33.94648486119121,24.9876380821144,,,,,60,100,-40,,,,,,,,,,,,-575.4689541551573,-540.1280215870424,-575.4689541551573,0.012452988335217149
2021-04-19,133.51,135.53,131.3001,134.32,121.06668285289997,128.88163683501614,113.84050044347451,75.36278608505087,-0.48735407252640695,4.11480487177613,4.602158944302537,0,,,19.707221997387343,8.088732313276886,,,,,,,61.94381899083828,61.94381899083828,,49.94652746845988,42.002249504997714,,,,,60,100,-40,,,,,,,,,,,,-551.7473261269469,-524.6501994803075,-551.7473261269469,0.00020082077935085408
2021-04-26,134.83,137.07,131.065,131.46,120.19336264912141,129.3973094680129,114.53146121039708,75.92096731803544,-0.42707002324206567,4.0683214152499545,4.49539143849202,0,,,25.35247972100783,18.22918221995083,,,,,,,57.920062827931794,,,55.40345995420311,52.90076424514907,55.40345995420311,,,,60,100,-40,,,,,,,,,,,,-508.70235774022933,-491.0774359384333,-508.70235774022933,-0.03300879752762807
2021-05-03,132.04,134.07,126.7,130.21,119.36955103132702,129.55984757441033,115.14630586881289,76.46115669795549,-0.4876531381508009,3.885825015803519,4.37347815395432,0,,,23.612531206098907,22.890744308164717,,,,,22.890744308164717,,56.19178873099485,,,54.900900343865615,56.3996904457276,,,,,60,100,-40,,,,,,,,,,,,-519.8473836056421,-512.6997203132636,-519.8473836056421,-0.05276416078144815
2021-05-10,129.41,129.54,122.25,127.45,119.38458310051794,129.13787805952825,115.62880367787905,76.9685083726027,-0.7160707952180445,3.4783896599317643,4.194460455149809,0,,,12.823030646785588,20.596013857964135,,,,,,,52.44830275303858,,,46.79486366388964,51.22449830826002,,,,,60,100,-40,,,,,,20.596013857964135,,,,,,-488.05695022279815,-486.754316619943,-488.05695022279815,-0.05449566983112484
2021-05-17,126.82,128,122.86,125.43,119.31425573619524,128.3963024476226,116.01316431796222,77.45071226939272,-0.9888527193754726,2.958394555930468,3.9472472753059407,0,,,2.4900273824221006,12.97519641176889,,,,,,,49.81691656631162,,,34.4657338781914,41.17470175447642,,,,,60,100,-40,,,,,,,,,,,,-479.3193229095621,-476.4353499617715,-479.3193229095621,-0.022693979516287734
2021-05-24,126.01,128.32,124.55,124.61,119.65180889789558,127.63904195809808,116.35029512902253,77.91995891347837,-1.1963066354982859,2.4518639809330836,3.6481706164313694,0,,,-4.1797811693343885,3.711092286624457,,,,,,,48.741500220660306,,,20.752185113060744,27.906591311886785,,,,,60,100,-40,,,,,,,,,,,,-473.07944601691446,-467.9925590596313,-473.07944601691446,-0.09462122769052216
2021-06-01,125.08,126.16,123.13,125.89,120.16096540518875,127.28923356647846,116.72440120239419,78.3972727551353,-1.2151954258869728,2.1291763340726533,3.344371759959626,0,,,-11.062499514048447,-4.250751100320222,,,,,,,50.54681236597107,,,13.631289024538155,17.154280741304348,,13.631289024538155,,,60,100,-40,,,,,,,,,,,,-477.0650012865664,-471.08482104878925,-477.0650012865664,-0.028028259739293775
2021-06-07,126.17,128.46,124.8321,127.35,120.73946787624669,127.30138685318276,117.14109135131991,78.88436456851704,-1.1006482113030964,1.9685614958307553,3.0692097071338518,0,,,-10.446009218688708,-8.562763300690492,,,,,,,52.609268941381494,,,14.997339890537088,13.425189000770212,,,,,60,100,-40,,,,,,,,,,,,-464.87136468900894,-459.97848994900943,-464.87136468900894,-0.05503124007700758
2021-06-14,127.82,132.55,127.07,130.46,121.19123445651478,127.93310948254621,117.6634014944054,79.39755497082035,-0.8006629029452603,2.0683810784522763,2.8690439813975366,0,,,1.198863847655062,-6.769881628360674,,,,,,,56.76978810446589,,,28.187989325939796,20.76344168498888,,,,,60,100,-40,,,,,,-6.769881628360674,,,,,,-390.34929838191636,-389.0733099582804,-390.34929838191636,0.015191933568272474
2021-06-21,130.3,134.64,129.21,133.11,121.34614628104944,128.96848758603699,118.26915045540912,79.93200716016543,-0.42770556815196237,2.3344120212075836,2.762117589359546,0,,,15.392506902934636,2.0484538439670206,,,,,,,60.01055011606272,,,47.20687575839002,36.64894481599368,,,,,60,100,-40,,,,,,,,,,,,-430.2857895852043,-428.332708147684,-430.2857895852043,-0.006220340949099805
2021-06-28,133.41,140,133.35,139.96,127.13713583240306,131.16679006882958,119.11977200617739,80.5293006212583,0.24044719487529997,3.062676582953671,2.822229388078371,0,,,34.04820985216058,16.879860200916784,,,,,,,66.94885115296026,,,69.47383665683584,58.081254245337185,,,,,60,100,-40,,,,,,,,,,,,-392.96110056971264,-394.0903975753778,-392.96110056971264,0.03645714624731567
2021-07-06,140.07,145.65,140.07,145.11,132.2187689872314,133.95543205506368,120.13899663338611,81.17189464492738,0.9495590052412344,4.009178144629914,3.0596191393886794,0,,,50.57729819914256,33.339338318079285,,,,,,,71.04115365794252,,,85.87188246874558,77.59374767665301,,,,,60,100,-40,,,,,,,,,,,,-359.69544592067393,-356.9830525616727,-359.69544592067393,0.0904343974502836
2021-07-12,146.21,150,143.63,146.39,133.60671405957203,136.44234564405093,121.16844774580234,81.82083101661964,1.3980317440959826,4.807158819508658,3.409127075412675,0,,,60.95168421641414,48.525730755905784,,,,,,,71.97545003233284,,,95.83607272152878,91.67214544305756,,,,,60,100,-40,,,,,,,,,,,,-261.56900120782416,-279.3497702777322,-261.56900120782416,0.12270017652642731
2021-07-19,143.75,148.7177,141.67,148.56,135.77980591245975,138.86587651524076,122.2426262655748,82.4849023497876,1.7132426039688156,5.5506803303736945,3.837437726404879,0,,,64.65441925279573,58.7278005561175,,,,,,,73.54311750032866,73.54311750032866,,99.02500287680635,98.05000575361272,99.02500287680635,,,,60,100,-40,,,,,,,,,,,,-199.4655464427652,-224.92253931814457,-199.4655464427652,0.19798070708423354
2021-07-26,148.27,149.83,142.54,145.86,135.68586263299832,140.26470121219262,123.16879778457186,83.11550033635689,1.6137067764317692,5.85457119694459,4.240864420512821,0,,,64.89167931274947,63.4992609273198,,,,,,,68.38664469657172,,,95.70416573370521,97.8520828668526,,,,,60,100,-40,,,,,,,,,,,,-177.7445379986261,-204.9366230784819,-177.7445379986261,0.17139552105116423
2021-08-02,146.36,148.045,145.18,146.14,135.56401530206986,141.4397609697541,124.06962924400042,83.74260978574637,1.4459322667732746,6.048279753979415,4.60234748720614,0,,,63.81161689619747,64.45257182058091,,,64.45257182058091,,64.45257182058091,,68.6337204215856,,,90.55220354377505,93.66516392202698,,,,,60,100,-40,,,,,,64.45257182058091,,105,,106,,-185.4273492716032,-215.85723706421246,-185.4273492716032,0.23726918114911424
2021-08-09,146.2,149.4444,145.3,149.1,136.62301420906488,142.97180877580328,125.05121241090237,84.39293207643546,1.4119178571078503,6.367244808590954,4.955326951483103,0,,,63.258880434689544,63.987392214545515,,,,,,,71.2105660282684,71.2105660282684,,86.65418139409852,88.57596363856949,,,,,60,100,-40,,,,,,,,,,,,-120.80419485858445,-178.42864850708287,-120.80419485858445,0.2826244320808567
2021-08-16,148.535,151.68,144.5,148.19,136.9221703369888,144.01544702064263,125.95861584576895,85.02772877219232,1.2133323729428396,6.471992417661653,5.258660044718813,0,,,61.579852715704746,62.883450015530606,,,,,,,69.3140417772224,,,86.08976130807999,86.08779123282766,,86.08976130807999,,,60,100,-40,,,,,,,,,,,,1.1602042066127183,-81.44162150579507,1.1602042066127183,0.25683996750477384
2021-08-23,148.31,150.86,146.83,148.6,136.7663010272039,144.9323576165141,126.84651326358193,85.66028868490682,1.0034809931093456,6.513011286105495,5.50953029299615,0,,,59.88147562172484,61.573402924039726,,,,,,,69.70781764371934,,,86.89816589398639,86.15511558023316,,,,,60,100,-40,,,,,,,,,,,,-81.77801474004414,-151.17950850474142,-81.77801474004414,0.20212404640390386
2021-08-30,149,154.98,148.61,154.3,142.2715652395465,146.80588609321129,127.92312058657872,86.34327088704705,1.1328774296501907,6.925627080058888,5.792749650408697,0,,,62.21427633400539,61.22520155714502,,,,,,,74.61412403152721,74.61412403152721,,89.18753141426876,88.02700260490236,89.18753141426876,,,,60,100,-40,,,,,,61.22520155714502,,,,,,-149.63655751458163,-207.3286887766066,-149.63655751458163,0.2075335666613546
2021-09-07,154.97,157.26,148.7,148.97,142.2193105795789,147.23870887456903,128.74848840671288,86.96642242050928,0.761633761422579,6.744791852186921,5.983158090764342,0,,,60.85962109401558,60.98512434991529,,,,,,,64.09743124201034,,,83.31781798092274,86.15622809830506,,,,,60,100,-40,,,,,,60.98512434991529,,105,,,,-135.1571834210213,-188.72347263540541,-135.1571834210213,0.14328807852779588
2021-09-13,150.63,151.42,145.76,146.06,141.8593598238947,147.00296709965522,129.42737121429278,87.55441821732013,0.2487626101100595,6.294111353401917,6.045348743291857,0,,,52.39748973271904,58.49046238691335,,,,,,,59.16510632087139,,,66.81951596753865,76.11662500556322,,,,,60,100,-40,,,,,,,,,,,,-114.21951370810831,-164.4101139744226,-114.21951370810831,0.1428041669266427
2021-09-20,143.8,147.4701,141.27,146.92,141.93940555075935,146.98637367972418,130.11335665686954,88.14512052361546,-0.08596673830394685,5.937890320411924,6.023857058715871,0,,,39.853931960820596,51.037014262518426,,,,,,,60.14694522802848,,,40.56672737547156,54.783817385999406,,,,,60,100,-40,,,,,,,,,,,,-113.45232939754318,-161.7900932518003,-113.45232939754318,0.18881404973730817
2021-09-27,145.47,145.96,139.1101,142.65,141.93657658284798,146.11909894377933,130.60498972914917,88.68745763283322,-0.6186818700822032,5.250504721113117,5.86918659119532,0,,,24.37708051797235,38.87616740383735,,,,,,,53.25894857879148,,,19.291591087371348,30.613806617300128,,,,,60,100,-40,,,,,,,,,,,,-51.0064513252626,-111.46462175147295,-51.0064513252626,0.16379314865817302
2021-10-04,141.76,144.215,138.27,142.9,141.70397825550168,145.47527915502346,131.08714699467274,89.22688591509358,-0.9576989061891403,4.672062958458895,5.629761864648035,0,,,11.277661302552902,25.169557927115303,,,,,,,53.59600989898078,,,7.516475422855262,12.337990942024206,,,,,60,100,-40,,,,,,,,,,,,-46.27800562976031,-105.74378143302333,-46.27800562976031,0.19187961546356097
2021-10-11,142.27,144.895,139.2,144.84,141.7544083801087,145.34822332401876,131.6264745635091,89.78025023434637,-1.0475032538715165,4.320382797308639,5.367886051180156,0,,,4.087502928790696,13.24741491643867,,,,,,,56.24834707613638,,,5.2771032399009385,5.304635485232692,,5.2771032399009385,,,60,100,-40,,,,,,,,,,,,-112.40927733344023,-173.79036662701907,-112.40927733344023,0.28299401533089136
2021-10-18,143.445,150.18,143.16,148.69,141.83695063867236,146.016578659215,132.29563242376366,90.36641689868124,-0.8521190145059041,4.302737283047776,5.15485629755368,0,,,10.314626469984011,8.559930233775871,,,,,,,61.03634744420037,,,12.98015038576906,8.476207917448406,,,,,60,100,-40,,,,,,8.559930233775871,,,,,,-100.15304509099657,-183.10120905847015,-100.15304509099657,0.2764455393769708
2021-10-25,148.68,153.165,146.4128,149.8,141.72431130733864,146.773262927372,132.98207821106706,90.95779583501276,-0.6611447057447224,4.328425415372777,4.9895701211175,0,,,20.320824096449744,11.574317831741483,,,,,,,62.32414381236352,,,24.58961171865303,17.97822182149124,,,,,60,100,-40,,,,,,,,,,,,-129.2161278017245,-215.26462559329377,-129.2161278017245,0.257884259403046
2021-11-01,148.985,152.43,147.8,151.28,141.65797478538587,147.6746103418976,133.69964377141739,91.5580167719778,-0.4578262267544613,4.4172873376744235,4.875113564428885,0,,,28.113990917879853,19.58314716143787,,,,,,,64.04085687267863,,,37.05954550832914,30.7010463716407,,,,,60,100,-40,,,,,,,,,,,,-302.9950136559564,-387.0346936672404,-302.9950136559564,0.2695683850589495
2021-11-08,151.41,151.57,147.48,149.99,141.89954801500116,148.13768827351808,134.3384812705775,92.13942954041583,-0.4331604018428594,4.333663062125311,4.76682346396817,0,,,30.947640289092405,26.460818434474003,,,,,,,61.39913591806527,,,41.75720742541114,39.53336527791367,,,,,60,100,-40,,,,,,,,,,,,-266.99592026396436,-368.48293118228753,-266.99592026396436,0.26015422533122357
2021-11-15,150.37,161.02,149.34,160.55,148.4510088710725,150.62015061881448,135.36638396584897,92.82013173404354,0.23546295368352865,5.0611521560725805,4.825689202389052,0,,,45.85639555101943,34.97267558599723,,,,,,,71.7379335426084,71.7379335426084,,53.77906031537482,48.739303712168955,,,,,60,100,-40,,,,,,,,,,,,-52.996662034152635,-249.667852785508,-52.996662034152635,0.2693978787080241
2021-11-22,161.68,165.7,156.36,156.81,147.64665109456735,151.8581204950516,136.20731008483529,93.45684684116749,0.3595268124310378,5.275097717927849,4.9155709054968115,0,,,56.32141984390083,44.37515189467089,,,,,,,65.05281807418578,,,57.58133085148704,54.49063204861584,,,,,60,100,-40,,,,,,,,,,,,96.63909469932968,-143.36460682450655,96.63909469932968,0.18453037022521113
2021-11-29,159.37,170.3,157.8,161.84,148.5240331592411,153.85449639604127,137.21251361092018,94.1372762258325,0.6946291733374057,5.783857372168569,5.089228198831163,0,,,64.67177907483844,55.616531489919566,,,,,,,69.23053055457959,,,68.77176982391957,64.25859655519452,,,,,60,100,-40,,,,,,,,,,,,556.3410774812697,162.70168532540373,556.3410774812697,0.15882860985612318
2021-12-06,164.29,179.63,164.28,179.45,165.15803079072387,158.97359711683302,138.8688856261782,94.98615904945605,1.9456827698437804,7.521331661135889,5.575648891292109,0,,,76.2311518943741,65.74145027103778,,,,,,,78.82929272364072,78.82929272364072,,74.01229824693874,70.49539231022008,,,,,60,100,-40,,,,,,,,,,,,510.6426997574025,171.301378902603,510.6426997574025,0.17320235783451016
2021-12-13,181.115,182.13,169.69,171.14,163.637457162815,161.4068776934664,140.13441952319084,95.74390871065549,2.0466661083456037,8.133981526724114,6.08731541837851,0,,,79.56996509287866,73.4909653540304,,,,,,,67.98691932105288,,,77.5703303300513,76.48870198410116,77.5703303300513,,,,60,100,-40,,,,,,,,,,,,635.9803907106021,285.6102191021297,635.9803907106021,0.0990695393184543
2021-12-20,168.28,176.8499,167.46,176.28,162.98978165118535,164.38150215477313,141.55189326737943,96.54526285283802,2.275196788510936,8.93131140401718,6.656114615506244,0,,,78.422458718112,78.07452523512158,,,,,,,70.68839197555477,,,77.11952828458618,77.6050548572078,,,,,60,100,-40,,,,,,,,,,,,523.9839560359471,210.9538156290152,523.9839560359471,0.14728696180315623
2021-12-27,177.085,181.33,177.07,177.57,162.82409724752927,167.0192017238185,142.96436804120768,97.35147914285953,2.320808076140983,9.557124710682473,7.23631663454149,0,,,79.05686951768253,79.01643110955773,,,79.01643110955773,,79.01643110955773,,71.34582233213409,71.34582233213409,,70.90402259724405,74.27350139561354,,,,,60,100,-40,,,,,,,,,,,,492.3505094839568,187.14403096919423,492.3505094839568,0.08568459245741032
2022-01-03,177.83,182.94,171.03,172.17,163.29023315842002,168.0493613790548,144.10968694155247,98.09594203696044,1.8171482512039052,9.507751948546371,7.690603697342466,0,,,74.71062453843932,77.39665092474462,,,,,,,64.75899381101684,,,66.15929935376627,69.12178605459292,,,,,60,100,-40,,,,,,77.39665092474462,,105,,,,530.1049623050556,209.48147988388615,530.1049623050556,0.037492254379858016
2022-01-10,169.08,177.18,168.17,173.07,162.74307364710432,169.05348910324383,145.24538549286413,98.84195256395586,1.3935282479566133,9.432514007288233,8.03898575933162,0,,,67.70839000229826,73.82529468614004,,,,,,,65.3368067118063,,,57.89100035293472,61.6283392894209,,,,,60,100,-40,,,,,,,,,,,,793.7222418859545,385.0303017231796,793.7222418859545,0.04500837363287606
2022-01-18,171.51,172.54,162.3,162.41,162.64928267231116,167.72479128259508,145.91850763039886,99.47447044889162,0.30137418839346175,8.415703494823447,8.114329306429985,0,,,53.10600264603608,65.17500572892456,,,,,,,53.98016458887223,,,39.50493634236816,49.09008668853112,,,,,60,100,-40,,,,,,,,,,,,1397.5909251794176,786.8429741371469,1397.5909251794176,-0.03601729071656177
2022-01-24,160.02,170.35,154.7,170.33,162.3107624814318,168.24583302607607,146.87582105665774,100.17950059367877,0.032493755484876985,8.154946500786082,8.122452745301205,0,,,40.294390362236264,53.702927670190206,,,,,,,59.62823218219335,,,28.761011981069096,35.39886784369798,,,,,60,100,-40,,,,,,,,,,,,1709.8471206013414,1051.9624333849383,1709.8471206013414,0.07949627566899994
2022-01-31,170.16,176.2399,169.51,172.39,161.2992794470438,169.07466642086086,147.87637709365154,100.89801302558246,-0.08032513091335503,8.02204633165951,8.102371462572865,0,,,41.05740921849398,44.81926740892211,,,,,,,60.97772793469615,60.97772793469615,,20.252436053417437,23.13695355537007,,,,,60,100,-40,,,,,,,,,,,,1530.7840077647338,951.6056273149496,1530.7840077647338,0.1219117471243681
2022-02-07,172.86,176.65,168.04,168.64,161.63434520082637,168.9877331366887,148.69063681546913,101.57206264721846,-0.46001106048326257,7.527357636968787,7.98736869745205,0,,,38.50590607849876,39.95256855307633,,,,,,,57.20664252792149,,,21.040807088534784,20.393172211743646,,,,,60,100,-40,,,,,,,,,,,,1383.3687336256914,851.3136950758679,1383.3687336256914,0.0454265115394231
2022-02-14,167.37,173.34,166.19,167.3,161.67689197219593,168.65018650935096,149.42041576388212,102.2260719741118,-0.8322112907520092,6.947104584012038,7.779315874764047,0,,,31.821162130713496,37.12815914256874,,,,,,,55.869115511911325,,,17.396065613942984,18.462122936169177,,,,,60,100,-40,,,,,,,,,,,,1420.0289638755658,880.1657505166193,1420.0289638755658,0.01574347659681351
2022-02-22,164.98,166.69,152,164.85,161.92497111703906,167.89014920748076,150.02549749863184,102.84919563606094,-1.2491491075854322,6.217879490282257,7.46702859786769,0,,,12.137332167168381,27.48813345879354,,,,,,,53.39630574928774,,,10.827017598521953,14.918121363521657,,,,,60,100,-40,,,,,,,,,,,,1181.8418795345538,723.7719776954157,1181.8418795345538,0.026625650030808225
2022-02-28,163.06,168.91,161.97,163.17,159.11104460867912,166.9461193659846,150.54096818496,103.44940264465735,-1.6202843430183584,5.4416731690947415,7.0619575121131,0,,,4.303744299405481,16.08741286576245,,,,,,,51.696552816531046,,,5.454580633980593,8.493770848300057,,,,,60,100,-40,,,,,,,,,,,,1223.325174164635,750.3588908417038,1223.325174164635,-0.04311193461620761
2022-03-07,163.36,165.02,154.5,154.73,159.43811285091633,164.50289549278767,150.70524394241255,103.95965734471052,-2.370970337099462,4.098244590738773,6.469214927838235,0,,,-12.088261806594272,1.4509382199931968,,,,,,,44.06274221288126,,,1.5252173755305627,3.050434751061127,,1.5252173755305627,,,60,100,-40,,,,,,,,,,,,1189.0842334074284,739.384547052303,1189.0842334074284,-0.11847884695912558
2022-03-14,151.45,164.48,150.1,163.98,159.2303905044223,164.39831639423014,151.22582261133755,104.55687468456415,-2.18586079939091,3.7368889285995976,5.9227497279905075,0,,,-20.327405059049386,-9.370640855412725,,,,,,,52.40694371411562,,,7.200890765929682,4.204292987880123,,,,,60,100,-40,,,,,,,,,,,,961.0689182424414,583.1328112246116,961.0689182424414,-0.06644550599169112
2022-03-21,163.51,175.28,163.015,174.72,155.63607689696357,166.46265311538411,152.14716290108902,105.25501523496649,-1.3238461615701116,4.2679420260278675,5.591788187597979,0,,,-5.4656155764127305,-12.62709414735213,,,,,,,59.92611114202557,,,21.17659388445926,13.13766907822444,,,,,60,100,-40,,,,,,-12.62709414735213,,,,,,787.2382058347248,460.7450273655912,787.2382058347248,-0.03965522412992835
2022-03-28,172.17,179.61,171.94,174.31,155.24707140432332,168.03212249230728,153.01629376771297,105.94212951123548,-0.7912983909343172,4.602665198930083,5.3939635898644,0,,,10.189447359670456,-5.2011910919305535,,,,,,,59.537105803736985,,,38.42468742411452,29.065595520725594,,,,,60,100,-40,,,,,,,,,,,,669.558532046593,370.6095678445747,669.558532046593,-0.0642728719381127
2022-04-04,174.57,178.49,169.2,170.09,155.5422805897288,168.44369799384583,153.68585087486147,106.58041677978039,-0.7345128739955742,4.475822497369933,5.210335371365507,0,,,16.798168840473114,7.17400020791028,,,,,,,55.518564861253225,,,49.468207008654204,43.98392800887649,49.468207008654204,,,,60,100,-40,,,,,,,,,,,,656.9115262199397,355.0441918728339,656.9115262199397,-0.14329175074919262
2022-04-11,168.71,171.27,165.04,165.29,155.5849748333196,167.81295839507666,154.14091554643554,107.16459173719551,-1.0142428528569019,3.9425318052943794,4.956774658151281,0,,,11.805785271578156,12.93113382390724,,,,,,,51.25558966954894,,,48.31430551827906,49.84121909312338,,,,,60,100,-40,,,,,,12.93113382390724,,,,,,671.109430543587,356.8543388050459,671.109430543587,-0.13874667220344994
2022-04-18,163.92,171.53,161.5,161.79,156.06176234522533,166.60836671606134,154.44087964265375,107.70812813782042,-1.4049556897885784,3.200580045915558,4.605535735704136,0,,,3.2562200134813075,10.620058041844192,,,,,,,48.32448885373075,,,41.00369592843538,45.93681745218436,,,,,60,100,-40,,,,,,,,,,,,938.1804431720257,524.6990044768556,938.1804431720257,-0.1561865439963
2022-04-25,161.12,166.2,155.38,157.65,155.96163646342353,164.81669337284907,154.56672749980459,108.20506218620032,-1.8823897461621062,2.2525485530015033,4.134938299163609,0,,,-11.67145452217181,1.1301835876292177,,,,,,,45.025063841043945,,,27.042971464273023,34.2359773191668,,,,,60,100,-40,,,,,,,,,,,,1070.3294535043847,626.5719127537909,1070.3294535043847,-0.25254301062989076
2022-05-02,156.71,166.48,153.27,157.28,155.7558052874647,163.30935469827926,154.6731303429495,108.69337002514361,-2.144268161062736,1.4546030978351894,3.5988712588979253,0,,,-22.139359268141583,-10.184864592277362,,,,,,,44.729380155711475,,,15.676443217291249,21.818356612162034,,,,,60,100,-40,,,,,,,,,,,,1505.7240983217694,940.8315649803744,1505.7240983217694,-0.2168904614310407
2022-05-09,154.925,156.74,138.8,147.11,155.2232477669315,160.06948375862342,154.37653699616715,109.07562504976904,-2.877838261185385,0.0015734324161940094,2.879411693601579,0,,,-40.36041003645295,-24.72374127558878,,,,,,,37.413272921941626,,,6.019473721539578,10.355860718719716,,,,,60,100,-40,,,,,,,,,,,,1352.865171354175,827.9530986203064,1352.865171354175,-0.24896789849923118
2022-05-16,145.55,149.77,132.61,137.59,153.9758729264364,155.57358700689875,153.71824142769,109.35935017365193,-3.8205599575976263,-1.8962882533954541,1.9242717042021722,0,,,-54.455580016558805,-38.985116440384445,,,,,,,32.090459745506806,,,2.2279362876358957,3.918372280512924,,2.2279362876358957,,,60,100,-40,,,,,,,,,,,,1371.4351401988702,861.961626143887,1371.4351401988702,-0.2402388202812659
2022-05-23,137.79,149.68,137.14,149.64,153.00616771740522,154.386869605519,153.55831039131002,109.76015265948624,-3.4596999560145627,-2.400353240816031,1.0593467151985316,0,,,-56.9045030949537,-50.57349771598848,,,,,,,43.17605690723038,,,9.54093070311462,5.325612106336886,,,,,60,100,-40,,,,,,,,,,,,1148.4469328899847,704.3322395722712,1148.4469328899847,-0.14621651003068098
2022-05-31,149.07,151.74,144.46,145.38,152.765727166162,152.5854956844152,153.23759233674883,110.11457900118289,-3.3336778191190906,-3.1077505587003316,0.225927260418759,0,,,-55.66978548890259,-55.676622866805026,,,,,,,40.6355570296977,,,18.633802917751485,12.890338857538547,,,,,60,100,-40,,,,,,-55.676622866805026,-107,,,,,976.9111269099875,568.9991051045855,976.9111269099875,-0.17861520633438016
2022-06-06,147.03,149.8697,137.06,137.13,153.29388951143613,149.49439654753218,152.60592204903318,110.3833891603751,-3.608488147451136,-4.284682923895161,-0.6761947764440251,0,,,-58.63502406058363,-57.06977088147997,,,,,,,36.17040703370544,,,25.884600166052007,22.475679152490198,25.884600166052007,,,,60,100,-40,,,,,,-57.06977088147997,,,,,,1043.836376562717,633.7265405401154,1043.836376562717,-0.17507054577973918
2022-06-13,132.87,137.34,129.04,131.56,152.58436883204786,145.90751723802575,151.7805917726005,110.594101706043,-3.940870674617323,-5.602283119715679,-1.6614124450983558,0,,,-65.08451793962736,-59.796442496371185,,,,,,,33.479652219376916,,,20.206839120170322,23.521116599479722,,,,,60,100,-40,,,,,,,,,,,,1078.5933990058593,666.6853513510035,1078.5933990058593,-0.27624402395352454
2022-06-21,133.42,141.91,133.32,141.66,148.73048534404444,145.0580137904206,151.3837058207338,110.90321512190327,-3.2829094658973252,-5.765049277470013,-2.4821398115726874,0,,,-62.540625103854616,-62.08672236802187,,,,,,,41.9610692455607,,,19.91262217572904,21.502831792983205,,,,,60,100,-40,,,,,,,,,,,,933.3945991866121,557.2880147417302,933.3945991866121,-0.24022514973950534
2022-06-27,142.695,143.49,133.7737,138.93,143.97759353375554,143.8324110323365,150.89532520031287,111.18208860327736,-2.8500096155043186,-6.044651830953086,-3.1946422154487673,0,,,-59.6387875344657,-62.42131019264922,,,,,,-62.42131019264922,40.450833447678185,,,21.673759711403683,19.64062340553579,,,,,60,100,-40,,,,,,-62.42131019264922,-107,,,,,941.8683084254101,576.8720120614156,941.8683084254101,-0.19906978441917123
2022-07-05,137.77,147.55,136.93,147.04,140.61186542420157,144.4739288258692,150.7441359767712,111.5388837415532,-1.8825879656434372,-5.547877172503064,-3.665289206859627,0,,,-50.86822919306045,-57.68254727712692,,,,,,,46.63237003235175,,,35.53399917133623,28.274326729604727,,,,,60,100,-40,,,,,,,,,,,,793.3467978026083,478.3498280502491,793.3467978026083,-0.14438359125756078
2022-07-11,145.67,150.86,142.1201,150.17,136.46744646533003,145.61314306069536,150.72162084042722,111.92327295805516,-0.9443734157882084,-4.845755976594887,-3.901382560806679,0,,,-38.04635042820464,-49.517789051910256,,,,,,,48.8522665957016,,,50.3305536880737,41.79041875162168,,,,,60,100,-40,,,,,,,,,,,,724.5564709294068,406.83167749565837,724.5564709294068,-0.14537998676073385
2022-07-18,150.74,156.28,146.7,154.09,136.3619288606636,147.30851444855628,150.85371414080262,112.3428423813581,-0.02107969495276807,-3.9277321794976388,-3.9066524845448707,0,,,-21.81131911788697,-36.908632913050674,,,,,,,51.58465056608968,,,71.54624957120755,61.18921484500214,,,,,60,100,-40,,,,,,,,,,,,611.9098398513328,311.95319067826597,611.9098398513328,-0.09277231348079476
2022-07-25,154.01,163.63,150.8,162.51,141.71750537061618,150.34881155884503,151.31082339018292,112.84201807905603,1.1316888888690695,-2.492041373458534,-3.6237302623276033,0,,,-3.1603813082434122,-21.006016951445,,,,,,,56.9376938055607,,,86.65869700286359,78.52284173191647,,,,,60,100,-40,,,,,,,,,,,,517.017141696545,217.96170146403574,517.017141696545,-0.0010932975658576865
2022-08-01,161.01,167.19,159.63,165.35,144.20982641557217,153.349049247076,151.86137933566593,113.36448556085647,2.009175925122831,-1.1122603559240645,-3.1214362810468956,0,,,13.189929906700613,-3.927256839809914,,,,,,,58.60987292217481,,,96.11630609520395,92.23261219040789,,,,,60,100,-40,,,,,,,,,,,,399.3776613880823,130.15048301602923,399.3776613880823,-0.036974272008078776
2022-08-08,166.37,172.17,163.25,172.1,151.38983881445986,157.0992393976608,152.65505073426726,113.94891854035043,2.913070247210884,0.5199015279667094,-2.3931687192441746,0,,,26.819446002837328,12.28299820043152,,,,,,,62.372084454274145,62.372084454274145,,99.13242537896846,98.26485075793691,,,,,60,100,-40,,,,,,,,,,,,279.49081386297644,29.214031558569395,279.49081386297644,-0.04854586821663827
2022-08-15,171.52,176.15,171.3101,171.52,151.59485032771275,159.98339151812863,153.39485266625678,114.52176512203849,3.3117095583569736,1.7464682287020423,-1.5652413296549312,0,,,37.07549522045814,25.694957043332035,,,,,,,61.84876866860853,,,99.66936964773649,99.83468482386824,99.66936964773649,,,,60,100,-40,,,,,,,,,,,,272.3106658878898,35.72057127519315,272.3106658878898,-0.06369832496768295
2022-08-22,169.69,171.05,163.56,163.62,152.36808959001897,160.7107132145029,153.7958388362075,115.01030477256546,2.8980741305315236,2.057351333509473,-0.8407227970220503,0,,,37.78655637039177,33.89383253122909,,,,,,,55.03519032700147,,,94.58626592722517,97.16914658151377,,,,,60,100,-40,,,,,,,,,,,,310.98145390827347,77.40774013424894,310.98145390827347,-0.062449965814657074
2022-08-29,161.145,162.9,154.67,155.81,152.64036890501762,159.73057057160233,153.8748255485131,115.41627188925635,1.9961423779021605,1.6544551753556505,-0.3416872025465101,0,,,29.301613100109876,34.721221563653266,,,,,34.721221563653266,,49.227086424083126,,,83.9899386507073,89.87182926148898,,,,,60,100,-40,,,,,,34.721221563653266,,,,,,403.5302804704056,148.78815101893093,403.5302804704056,-0.06279892129635964
2022-09-06,156.47,157.82,152.68,157.37,152.7517711260878,159.25845645728185,154.01189121327727,115.83372192020903,1.428858599316084,1.444386046598595,0.015527447282510931,0,,,20.15708179951939,29.081750423340353,,,,,,,50.36067495345762,,,72.32984031333744,78.69277848488427,,,,,60,100,-40,,,,,,,,,,,,356.5247749303319,126.28121447003437,356.5247749303319,0.01239762708362926
2022-09-12,159.59,164.26,148.37,150.7,153.39950175993866,157.5467651658255,153.8820131264821,116.18065006030645,0.572587609721618,0.7312619594345335,0.15867434971291547,0,,,10.967154301577887,20.141949733735725,,,,,,,45.640706882441016,,,60.951539696295455,66.49450739357678,,,,,60,100,-40,,,,,,,,,,,,603.5202703975442,311.502811839119,603.5202703975442,0.001639551963617447
2022-09-19,149.31,158.74,148.56,150.43,152.46525163422876,156.1234121326604,153.74664006269848,116.52143961194518,-0.012799819477087804,0.1426745753665557,0.1554743948436435,0,,,1.496012329697864,10.873416143598385,,,,,,,45.45388893265967,,,49.84983793516608,55.26878750278423,,,,,60,100,-40,,,,,,,,,,,,1180.1529485070816,691.2295733229156,1180.1529485070816,-0.007887804560554499
2022-09-26,149.66,154.72,138,138.2,152.41344794606957,152.53872970612832,153.13696790337696,116.73714668048304,-1.160945790442423,-1.2957078432093851,-0.13476205276696224,0,,,-14.829801626239215,-0.7888783316544821,,,,,,,37.851149419874346,,,32.46300770159026,41.191368942435645,,,,,60,100,-40,,,,,,,,,,,,1268.3069578694303,754.6423781732944,1268.3069578694303,-0.07263703249020086
2022-10-03,138.21,147.54,137.685,140.09,151.4310588070646,150.04898376490266,152.6253221032445,116.96951338017972,-1.697878760526132,-2.2571105034246273,-0.5592317428984952,0,,,-26.361853469468333,-13.231880922003223,,,,,,,39.5440655998939,,,18.67824240019511,26.38050490717075,,,,,60,100,-40,,,,,,,,,,,,1285.8875109840797,783.7983094145137,1285.8875109840797,-0.07280217016175004
2022-10-10,140.42,144.52,134.37,138.38,151.49955460655997,147.71518701192213,152.06668202076435,117.18255304803863,-2.049442129892107,-3.1210344052636287,-1.071592275371522,0,,,-35.352524183825174,-25.5147264265109,,,,,,,38.51572531824922,,,8.099531940787589,12.727422558884875,,8.099531940787589,,,60,100,-40,,,,,,,,,,,,1222.089781714247,714.9258895209658,1222.089781714247,-0.14848895694769923
2022-10-17,141.065,147.8479,140.27,147.27,151.52101499180569,147.6261496095377,151.87857684347946,117.48193062965018,-1.5852515623403007,-3.053156728296898,-1.4679051659565971,0,,,-34.728145414360235,-32.14750768921791,,,,,,,46.37039435696191,,,12.873654955553544,10.048732781754211,,,,,60,100,-40,,,,,,,,,,,,1228.073457766202,703.1211823353357,1228.073457766202,-0.0718883947582014
2022-10-24,147.185,157.5,144.13,155.74,151.63838534953385,149.24891968763015,152.0300052025587,117.86260793681784,-0.6572861773273961,-2.2895128876158424,-1.6322267102884462,0,,,-24.164652004028966,-31.41510720073812,,,,,,,52.61809369580617,,,25.804363682989376,17.694736454505485,,,,,60,100,-40,,,,,,-31.41510720073812,,,,,,1017.5146472632562,559.8264219107291,1017.5146472632562,0.020921906118075137
2022-10-31,153.155,155.45,134.38,138.38,150.6099292531386,147.07513575010412,151.49471088088973,118.06676109167537,-1.1341933686704606,-3.049968421126522,-1.9157750524560613,0,,,-29.235815884930247,-29.37620443443981,,,,,,,41.80456091378823,,,33.83957255730018,29.322928288856627,,,,,60,100,-40,,,,,,,,,,,,1018.8756204881188,541.6761633815056,1018.8756204881188,0.007872341000875768
2022-11-07,137.11,150.01,134.5933,149.7,141.1520771636287,147.6001086000833,151.42433006203132,118.38151968777811,-0.6337715565453506,-2.7079894981377493,-2.0742179415923987,0,,,-29.593415348603262,-27.66462774585415,,,,,,,49.18204806248518,,,40.12762072181297,38.131362295210735,,,,,60,100,-40,,,,,,-27.66462774585415,,,,,,864.534598581188,415.00777003941374,864.534598581188,0.025651060165683887
2022-11-14,148.97,153.59,146.15,151.29,134.30454308051236,148.33808688006664,151.41906221646147,118.70896725307385,-0.16651317272466803,-2.282359407498234,-2.115846234773566,0,,,-19.841095803225414,-26.223442345586303,,,,,,,50.14377484161642,,,39.4380899491732,39.839068968126334,,,,,60,100,-40,,,,,,-26.223442345586303,,,,,,795.528307930063,354.097266395884,795.528307930063,0.04083208608059573
2022-11-21,150.16,151.83,146.925,148.11,134.8892185747615,148.29246950405332,151.28929507071788,119.0015148425955,-0.04856617907804939,-2.1765539586211275,-2.127987779543078,0,,,-14.657900416862956,-21.364137189563873,,,,,,,48.16866495722864,,,49.30794917073909,44.94422210502836,,,,,60,100,-40,,,,,,,,,,,,694.5231610336879,268.8068543239051,694.5231610336879,-0.0032940856923883073
2022-11-28,145.14,149.13,140.355,147.81,134.16427439084995,148.19597560324266,151.15285212676815,119.28816643620151,0.028161790129435538,-2.092785541881284,-2.1209473320107195,0,,,-17.824613096659125,-17.441203105582492,,,,,,,47.975534707285966,,,55.91646772378328,51.135430653559105,,,,,60,100,-40,,,,,,-17.441203105582492,,,,,,602.7916772093811,203.56924444683145,602.7916772093811,-0.006770757457692902
2022-12-05,147.77,150.9199,140,142.16,134.45182622007496,146.98878048259414,150.80019125905176,119.51574686967214,-0.26645642140986947,-2.4540178587730566,-2.187561437363187,0,,,-23.066110314972065,-18.516207942831375,,,,,,,44.347710795314846,,,57.59217832397587,57.388384419602254,57.59217832397587,,,,60,100,-40,,,,,,,,,,,,651.3750086258573,208.37483636558932,651.3750086258573,-0.05684749928565436
2022-12-12,142.7,149.9692,133.73,134.51,134.41242434721246,144.49302438607532,150.161360229285,119.66494341823262,-0.9054108709401922,-3.3193250260384275,-2.4139141550982353,0,,,-35.39799776869705,-25.42957372677608,,,,,,,39.919882941606744,,,47.706397199161884,53.476567855170174,,,,,60,100,-40,,,,,,,,,,,,826.5795525120652,295.0339570263913,826.5795525120652,-0.14927082907227782
2022-12-19,135.11,136.81,129.64,131.86,133.61593689384014,141.96641950886027,149.4436598281366,119.78628726481737,-1.4055416218662953,-4.170841182431104,-2.765299560564809,0,,,-50.114242128522314,-36.19278340406381,,,,,,,38.47816462956589,,,29.647591380622245,39.75684538318689,,,,,60,100,-40,,,,,,,,,,,,856.2923611462351,292.30051029432013,856.2923611462351,-0.18602229772922882
2022-12-27,131.38,131.41,125.87,129.93,134.171941401423,139.55913560708822,148.67841826624888,119.88721972984406,-1.7432904559620086,-4.94441263051732,-3.2011221745553113,0,,,-60.30547780819161,-48.60590590180366,,,,,,,37.412116112278454,,,13.442798623819858,22.090040292212723,,,,,60,100,-40,,,,,,,,,,,,786.0573863923743,253.7004175135347,786.0573863923743,-0.20705711453680398
2023-01-03,130.28,130.9,124.17,129.62,134.85680272989276,137.57130848567058,147.93102931463127,119.98406331462174,-1.854198171496976,-5.518869888926531,-3.664671717429555,0,,,-65.02747201029452,-58.48239731566948,,,,,,,37.232620960676584,,,4.470674070111216,8.318810618426753,,4.470674070111216,,,60,100,-40,,,,,,,,,,,,646.7742252301243,198.48215978380114,646.7742252301243,-0.14252645422252008
2023-01-09,130.465,134.92,128.12,134.76,135.387031106329,137.00904678853647,147.41451836111634,120.1310875602474,-1.4650799423413563,-5.496021645356251,-4.030941703014895,0,,,-61.63522293898806,-62.32272425249139,,,,,,-62.32272425249139,42.21270156146888,,,8.326204862106692,5.517626050359013,,,,,60,100,-40,,,,,,-62.32272425249139,-107,,-106,,,469.17891155191995,110.57631255038277,469.17891155191995,-0.06735496303177471
2023-01-17,134.83,138.61,133.77,137.87,131.41938602730548,137.18123743082919,147.0402235234255,120.30759415168772,-0.9091640027317869,-5.167396706429628,-4.258232703697841,0,,,-52.13774995600069,-59.60014830176109,,,,,,,45.06947315081,,,20.90992090338091,13.394290750602968,,,,,60,100,-40,,,,,,,,,,,,357.51001854247994,63.1988011775859,357.51001854247994,-0.010742621045287197
2023-01-23,138.12,147.23,137.9,145.93,132.1472870253551,138.93098994466334,146.9966853460363,120.56254346361123,0.040125082784491894,-4.208076350217226,-4.248201433001718,0,,,-33.207070024865615,-48.99334763995146,,,,,,,51.764423479041156,,,46.34111337245602,33.06064036873132,,,,,60,100,-40,,,,,,,,,,,,258.87183335293815,17.162655508933895,258.87183335293815,-0.012524308766757643
2023-01-30,144.955,157.38,141.32,154.5,135.3874808092583,142.04479195573066,147.29093297952505,120.90022959830166,1.2186650881290633,-2.724870072840389,-3.9435351609694522,0,,,-11.110811451048399,-32.15187714397157,,,,,,,57.70262457907479,,,69.22128026249639,56.62242448933309,,,,,60,100,-40,,,,,,,,,,,,130.89513637967667,-59.594190947235894,130.89513637967667,0.07480039629586278
2023-02-06,152.575,155.23,149.22,151.01,134.45837503716842,143.8378335645845,147.43677874503388,121.1998293037912,1.7066955042810195,-1.8101657806181777,-3.516861284899197,0,,,4.044408131674217,-13.424491114746603,,,,,,,54.7301329396226,,,85.85796703371255,78.28941411981639,,,,,60,100,-40,,,,,,,,,,,,136.18692976518997,-45.12251986592027,136.18692976518997,0.09694408724429988
2023-02-13,150.952,156.33,150.85,152.55,135.03134824879925,145.5802668516676,147.63729722562078,121.5117713007684,2.053457471193659,-0.9500394459071231,-3.003496917100782,0,,,15.383968799924489,2.7725218268500975,,,,,,,55.81812717876006,,,91.0701628418859,89.34674541676004,91.0701628418859,,,,60,100,-40,,,,,,,,,,,,108.69839708060996,-57.82751625393473,108.69839708060996,0.15773090535346326
2023-02-21,150.2,151.3,145.7202,146.71,135.63910908817073,145.80621348133408,147.6009326285376,121.76249994454184,1.8178426717222629,-0.7311935774479537,-2.5490362491702165,0,,,16.91900864706203,12.115795192886909,,,,,,,50.80216944947521,,,85.93170575118782,89.52087792924902,,,,,60,100,-40,,,,,,,,,,,,192.57141579322635,11.777486701326119,192.57141579322635,0.17379608500239732
2023-02-27,147.71,151.11,143.9,151.03,136.0106298675871,146.85097078506726,147.73540585879104,122.0537188505663,1.8738009479443365,-0.2067850642397957,-2.080586012184132,0,,,19.03078107964768,17.111252842211396,,,,,,,54.107062925405266,,,83.49802827016904,85.53304259511911,,,,,60,100,-40,,,,,,,,,,,,148.46752201263973,-21.272965426187724,148.46752201263973,0.22599676655595366
2023-03-06,153.785,156.3,147.6096,148.5,136.30129916275945,147.18077662805382,147.76538994276,122.31686592668007,1.6681563854533727,0.004609469632583796,-1.663546915820789,0,,,23.580016931675218,19.843268886128307,,,,,,,51.89530074735526,,,77.65038383698942,79.7765787980811,,77.65038383698942,,,60,100,-40,,,,,,,,,,,,527.8370634648871,240.77666465130096,527.8370634648871,0.1478633848724484
2023-03-13,147.805,156.74,147.7,155,136.85972065113378,148.74462130244305,148.04910014108316,122.64207124084245,1.881795897961263,0.68869795663079,-1.193097941330473,0,,,29.83160307848101,24.14746702993463,,,,,,,56.80924479295683,,,82.69928607895726,80.59644374475779,,,,,60,100,-40,,,,,,,,,,,,670.0485064712713,316.99908926015536,670.0485064712713,0.13243354666413465
2023-03-20,155.07,162.14,154.15,160.25,142.11402631890994,151.04569704195444,148.52756680221717,123.01627948720223,2.2629741362561573,1.6356197289897239,-0.6273544072664335,0,,,40.421908353402955,31.277842787853057,,,,,,,60.352980319766466,,,86.79960626827186,83.48138245639954,,,,,60,100,-40,,,,,,,,,,,,791.8578689310402,411.1810730310362,791.8578689310402,0.20717180321778558
2023-03-27,159.94,165,155.98,164.9,146.9180244389878,153.81655763356355,149.16962300605178,123.43303292514051,2.68573203489154,2.7298106363479917,0.04407860145645148,0,,,48.99871025359445,39.75074056182614,,,,,,,63.24649087514825,,,95.03792164446604,91.24895044555824,,,,,60,100,-40,,,,,,,,,,,,694.2473473072147,324.60269611630235,694.2473473072147,0.18650628410262501
2023-04-03,164.27,166.84,161.8,164.66,146.91387983620297,155.98524610685084,149.77708877052035,123.8432515029998,2.7941998888320514,3.5368284624965156,0.7426285736644643,0,,,55.197445539807056,48.20602138226815,,,,,,,62.989449678884284,,,97.96756721034903,96.21996433605402,,,,,60,100,-40,,,,,,,,,,,,702.5660114331756,327.4022059133383,702.5660114331756,0.17365379189111016
2023-04-10,161.42,166.32,159.78,165.21,147.7886027050456,157.83019688548066,150.38230097559799,124.2548609407809,2.744038175090393,4.172676292527456,1.4286381174370626,0,,,56.925229890911204,53.70712856143757,,,,,,,63.359146262798134,,,99.56712387776568,99.4190776708873,,,,,60,100,-40,,,,,,,,,,,,708.4631002635074,354.2381684745496,708.4631002635074,0.21396574002181232
2023-04-17,165.09,168.16,164.03,165.02,148.09870251182807,159.26815750838452,150.95632838831963,124.66048421500199,2.5436007921256287,4.6081391075940985,2.0645383154684698,0,,,58.607980373351666,56.91021860135664,,,,,,,63.123173575801715,,,99.46318512512917,99.58917760488661,,,,,60,100,-40,,,,,,,,,,,,691.469809306506,344.3766832973587,691.469809306506,0.15598626515550976
2023-04-24,165,169.85,162.8,169.68,153.2009380466975,161.3505260067076,151.69059002015024,125.10843959594725,2.5631990786303263,5.268537163756378,2.7053380851260513,0,,,59.922139254774955,58.485116506345946,,,,,,,66.44379720174149,,,99.59007549548778,99.55812843024783,99.59007549548778,,,,60,100,-40,,,,,,,,,,,,643.9298439780503,317.2172863342025,643.9298439780503,0.22799775616887877
2023-05-01,169.28,174.3,164.31,173.57,157.26087104336196,163.7944208053661,152.5486060977914,125.5906441770821,2.664702435074281,6.036216128968903,3.3715136938946215,0,,,62.38331622258292,60.30447861690319,,,,,,,68.97056736510365,,,99.57455090816839,99.52707925560905,,,,,60,100,-40,,,,,,,,,,,,562.3062359820412,252.26868881889294,562.3062359820412,0.35482471240299895
2023-05-08,172.48,174.59,171,172.57,156.9986659688361,165.54953664429286,153.3337587998388,126.05810045392705,2.4940795569883494,6.489113140130058,3.995033583141709,0,,,64.08330926076717,62.129588246041685,,,,,,,67.55393842977603,,,98.3473988452865,98.98471070300711,,,,,60,100,-40,,,,,,,,,,,,617.3414658034883,300.9471090336397,617.3414658034883,0.38126426436845967
2023-05-15,173.16,176.39,170.4201,175.16,159.25947554249066,167.47162931543428,154.1896898272961,126.54667656881335,2.385258461565135,6.976606660098128,4.591348198532993,0,,,64.6220373806607,63.69622095467026,,,,,,,69.32193779092566,,,98.02874291642618,98.34739884528649,,,,,60,100,-40,,,,,,,,,,,,501.4611992937631,215.32036193661435,501.4611992937631,0.385766783081922
2023-05-22,173.98,175.77,170.52,175.43,159.81238443231277,169.06330345234744,155.02264316740212,127.03307779698436,2.1673846412768096,7.300579000129005,5.1331943588521955,0,,,63.246049744339174,63.98379879525569,,,,,,,69.50957102177361,,,97.71008698756589,97.71008698756589,,97.71008698756589,,,60,100,-40,,,,,,63.98379879525569,,105,,,,442.104617603988,164.35302340268447,442.104617603988,0.39158184006557933
2023-05-30,176.96,181.78,176.57,180.95,165.69792840143327,171.44064276187794,156.03940225887655,127.56956458507406,2.2226828184527205,7.911547881918096,5.688865063465376,0,,,66.23738433660583,64.70182382053524,,,,,,,73.14712939931245,,,99.23669566252197,98.47339132504392,,,,,60,100,-40,,,,,,64.70182382053524,,,,,,330.81286894871744,82.65247369310543,330.81286894871744,0.3740694543490671
2023-06-05,182.63,184.951,177.32,180.96,165.89021922990233,173.34451420950236,157.0166806016657,128.1008126986554,2.089599818213636,8.30086483623242,6.211265018018785,0,,,67.33685112368502,65.60676173487668,,,,,,,73.15341516969704,,,99.61834783126102,99.23669566252198,,,,,60,100,-40,,,,,,,,,,,,246.11962004895065,23.988387567086242,246.11962004895065,0.33534233211211445
2023-06-12,181.27,186.99,180.97,184.92,169.8364892849093,175.65961136760188,158.11092842120823,128.66617774642998,2.0927367277139703,8.827185927661247,6.734449199947277,0,,,68.8740590146584,67.48276482498308,,,,,,,75.60335384117187,,,100.00000000000004,100.00000000000004,,,,,60,100,-40,,,,,,,,,,,,163.18878004005057,-45.82768289965671,163.18878004005057,0.3123327099122475
2023-06-20,184.41,187.56,182.5901,186.68,171.8124543359872,177.8636890940815,159.23128416939613,129.24342970915208,2.035920564922799,9.279349906100776,7.243429341177977,0,,,68.99453453958135,68.4018148926416,,,,,,,76.63018950736891,,,100.00000000000003,100.00000000000004,,,,,60,100,-40,,,,,,,,,,,,212.60900185095045,-14.768104190628186,212.60900185095045,0.2966370166222114
2023-06-26,186.83,194.48,185.23,193.97,179.454436169131,181.0849512752652,160.59358675098844,129.8874751846829,2.292776781160951,10.109400317629166,7.8166235364682155,0,,,71.52695980684071,69.79851778702682,,,,,,,80.34272847694416,80.34272847694416,,100.00000000000003,100.00000000000004,,,,,60,100,-40,,,,,,,,,,,,135.77100151441408,-80.2648125196049,135.77100151441408,0.36674033620620183
2023-07-03,193.78,193.88,189.2,190.68,179.16983358562163,183.00396102021216,161.77344609408692,130.4923759291139,2.052355355184691,10.38206773044908,8.32971237526439,0,,,71.00655430405077,70.50934955015761,,,70.50934955015761,,70.50934955015761,,74.55234143410735,,,93.6341988993002,96.81709944965012,,,,,60,100,-40,,,,,,,,,,106,,128.35809214815697,-72.94393751604036,128.35809214815697,0.3868397470747336
2023-07-10,189.26,191.7,186.6,190.69,179.54555975807722,184.54116881616972,162.90742860020117,131.09135726315256,1.718773782959559,10.478179603963838,8.759405821004279,0,,,67.49255720187008,70.00869043758719,,,,,,,74.55837914066899,,,85.63043019731624,90.42803968589571,,,,,60,100,-40,,,,,,70.00869043758719,,105,,,,83.20207539394666,-106.04503978585122,83.20207539394666,0.4361125238810639
2023-07-17,191.9,198.23,191.23,191.94,179.84730548964313,186.02093505293578,164.045960811958,131.69681639486248,1.4195046031213785,10.533786574906003,9.114281971784624,0,,,67.14602725901818,68.54837958831301,,,,,,,75.35034619664393,,,77.02271345600428,81.33238649242391,,,,,60,100,-40,,,,,,,,,,,,46.256243504138155,-133.12775982478735,46.256243504138155,0.34141291608111013
2023-07-24,193.41,197.2,192.25,195.83,181.6389265260972,187.98274804234862,165.29239372129297,132.33495752526187,1.3226732453677048,10.767623528494255,9.44495028312655,0,,,66.2961654735836,66.9782499781573,,,,,,,77.69152175178539,77.69152175178539,,77.43778619066597,77.10535837741335,,,,,60,100,-40,,,,,,,,,,,,33.300562867022094,-140.74089440209875,33.300562867022094,0.4101149770071517
2023-07-31,196.06,196.73,181.92,181.99,181.90114605994742,186.78419843387888,165.94720181065404,132.82903754988612,0.223300233041261,9.724075574428127,9.500775341386866,0,,,55.279874173283424,62.90735563529507,,,,,,,56.872017406559394,,,61.117447944449744,68.17953757810069,,,,,60,100,-40,,,,,,,,,,,,52.700460527563564,-124.2425499653535,52.700460527563564,0.3163926533198552
2023-08-07,182.13,183.13,176.55,177.79,180.7803499128083,184.9853587471031,166.41162526905975,133.27641031058377,-0.8321221831758834,8.460622612417012,9.292744795592895,0,,,36.56856971162213,52.71486978616306,,,,,,,52.26730830251311,,,41.19879889686461,53.55579252711166,,,,,60,100,-40,,,,,,,,,,,,138.57310406800656,-78.92572269892557,138.57310406800656,0.24494201798047183
2023-08-14,177.97,179.69,171.96,174.49,180.9153249190363,182.88628699768248,166.72842427811622,133.6864957801302,-1.7453377579429006,7.11107259816427,8.85641035610717,0,,,18.721068170993686,36.85650401863309,,,,,,,48.89741448455296,,,13.816193929569398,27.63238785913879,,,,,60,100,-40,,,,,,,,,,,,285.19617605564173,2.6971359736063505,285.19617605564173,0.17995620947135538
2023-08-21,175.07,181.55,173.735,178.61,180.87637313910514,182.03102959814598,167.19436842407245,134.13349582211896,-2.044043526723927,6.3013559477022625,8.34539947442619,0,,,8.610981306824645,21.300206396480153,,,,,,,52.99628022123216,,,7.88128005770781,11.151091345508297,,7.88128005770781,,,60,100,-40,,,,,,,,,,,,383.3423258637069,61.29765670567792,383.3423258637069,0.18468697853731986
2023-08-28,180.09,189.92,178.545,189.46,180.8280607720262,183.51682367851677,168.06753044665786,134.68400830150085,-1.5077761380010557,6.46067930192487,7.9684554399259255,0,,,12.196631357490244,13.17622694510286,,,,,,,61.74924956473774,61.74924956473774,,13.390100458541248,7.847917421747456,,,,,60,100,-40,,,,,,,,,,,,315.46190297939654,26.516264577372866,315.46190297939654,0.1973084152272595
2023-09-05,188.28,189.98,173.54,178.18,180.27462785973862,182.4494589428134,168.46409788012227,135.11680423879935,-1.8851241464042285,5.612050256920639,7.497174403324868,0,,,5.971469265843859,8.926360643386248,,,,,,,51.043744265708575,,,17.801257609151914,14.786566870886547,17.801257609151914,,,,60,100,-40,,,,,,,,,,,,422.65064789223345,87.1496710178505,422.65064789223345,0.1948259649991873
2023-09-11,180.07,180.3,173.58,175.01,179.03715444118586,180.96156715425073,168.72079992403903,135.51375146030384,-2.293469547103636,4.6303374694453225,6.923807016548959,0,,,-5.366306817853551,4.26726460182685,,,,,,,48.484617890227945,,,17.42769169213203,18.650903806754094,,,,,60,100,-40,,,,,,,,,,,,494.89598463910005,124.94063992369587,494.89598463910005,0.10548360741007867
2023-09-18,176.48,179.695,173.86,174.79,179.27664340967257,179.7272537234006,168.95880777015515,135.90455990348488,-2.5063479828305013,3.790872038010832,6.297220020841333,0,,,-13.454344312937451,-4.2830606216490485,,,,,,,48.3025452250769,,,7.425847888876038,12.96803092566983,,,,,60,100,-40,,,,,,,,,,,,650.3694419774455,224.95143266484206,650.3694419774455,0.015251675811188402
2023-09-25,174.2,176.97,167.62,171.21,179.62545459469598,178.02380297872048,169.04708981838436,136.255857814893,-2.794266948763581,2.804386334886857,5.598653283650438,0,,,-24.545465620772596,-14.455372250521199,,,,,,,45.303422505497096,,,3.014690738265372,6.029381476530738,,3.014690738265372,,,60,100,-40,,,,,,,,,,,,639.393179799728,227.68753581668898,639.393179799728,0.008928407256692425
2023-10-02,171.22,177.99,170.82,177.49,179.44720783793198,177.91704238297638,169.37818433531046,136.66614778688412,-2.4785158124550914,2.500508518081574,4.9790243305366655,0,,,-26.398908184139614,-21.466239372616553,,,,,,,51.07617988373652,,,4.46367409378532,2.702753259913223,,,,,60,100,-40,,,,,,,,,,,,725.8671471088685,290.835256577291,725.8671471088685,0.021761734141169678
2023-10-09,176.81,182.34,175.8,178.85,179.59312156379397,178.1036339063811,169.74962808686692,137.0858876099002,-2.109282014508305,2.342421812401284,4.451703826909589,0,,,-20.305205879619876,-23.749859894844025,,,,,,,52.258302112332615,,,10.170773276652767,6.641535370240741,,,,,60,100,-40,,,,,,-23.749859894844025,,,,,,852.0731203618016,382.501573563238,852.0731203618016,-0.01992267637163672
2023-10-16,176.75,179.075,172.64,172.88,173.44861288066582,177.0589071251049,169.87238776973487,137.44204793218975,-2.1888581616047835,1.7156311249036094,3.904489286508393,0,,,-24.655505420545918,-23.786539828101805,,,,,,,46.87241904901783,,,13.453259003614406,11.707781029487757,,,,,60,100,-40,,,,,,-23.786539828101805,,,,,,1053.5143712051104,512.9558329153766,1053.5143712051104,-0.10219698582117023
2023-10-23,170.91,174.01,165.67,168.22,173.672997674904,175.2911257000839,169.8075882493531,137.74829621147146,-2.4569781841247837,0.8332665563524131,3.290244740477197,0,,,-36.73180573870739,-27.23083901295773,,,,,,,43.114887993502734,,,10.799219393523403,12.624296736963165,,,,,60,100,-40,,,,,,,,,,,,1259.2390309859993,636.9638632943991,1259.2390309859993,-0.12046323998108861
2023-10-30,169.02,177.78,167.9,176.65,173.60921212669655,175.56290056006713,170.0759181219275,138.13537784120805,-1.988245390780143,0.804938002002018,2.793183392782161,0,,,-35.04824996277678,-32.145187040676696,,,,,,,50.83840242869234,,,14.090646254085925,13.088542883999137,,,,,60,100,-40,,,,,,,,,,,,1046.6501162612722,503.8795245135992,1046.6501162612722,-0.09658907776091262
2023-11-06,176.38,186.565,176.21,186.4,173.32998268907536,177.7303204480537,170.71607819557738,138.61562283781294,-0.9934683455685382,1.551347960821488,2.544816306390026,0,,,-14.830521230373432,-28.870192310619203,,,,,,,57.985851345136794,,,30.239489531826422,21.1364676844773,,,,,60,100,-40,,,,,,-28.870192310619203,,,,,,1073.6228223955864,484.99233823839927,1073.6228223955864,-0.06602491112860302
2023-11-13,185.82,190.96,184.21,189.69,173.23284106842712,180.12225635844297,171.4601535604567,139.12382559564566,-0.1311226039031177,2.380913051511129,2.512035655414247,0,,,5.442081625725237,-14.812229855808326,,,,,,,60.106091468250014,,,54.82262089752837,41.020125699601245,,,,,60,100,-40,,,,,,,,,,,,899.327763778207,372.2664585586904,899.327763778207,-0.08167501005167183
2023-11-20,189.89,192.93,189.25,189.97,173.72406670639663,182.09180508675436,172.18602989141917,139.62975767927108,0.4112198604299051,3.026060480951628,2.614840620521723,0,,,20.412493796830383,3.6746847307273947,,,,,,,60.29084991920359,,,74.40732724725228,64.19557049228389,,,,,60,100,-40,,,,,,,,,,,,738.5408976367148,260.03619336620125,738.5408976367148,-0.08695102620197157
2023-11-27,189.92,192.09,188.19,191.24,175.6287762273683,183.9214440694035,172.93324440548116,140.14329242873106,0.7868022158022163,3.5983433902744935,2.811541174472277,0,,,29.14179445713054,18.33212329322872,,,,,,,61.174385132302255,,,85.48065163315428,81.05137584099617,,,,,60,100,-40,,,,,,,,,,,,580.6243707936757,150.02961275416467,580.6243707936757,-0.09270417126117035
2023-12-04,189.98,195.99,187.4511,195.71,180.65672078255628,186.2791552555228,173.826450507227,140.69619499162926,1.2405971606821065,4.36228762532491,3.121690464642804,0,,,36.90943211661061,28.821240123523847,,,,,,,64.21073594584911,,,91.72860593283269,89.4965558232996,,,,,60,100,-40,,,,,,,,,,,,455.96539428573465,60.93331952613472,455.96539428573465,-0.005772955392050744
2023-12-11,193.11,199.62,191.42,197.57,182.3721121552308,188.53732420441824,174.7575700951789,141.26210349917523,1.5502338861241638,5.059482822298008,3.5092489361738446,0,,,44.130858906833396,36.727361826858186,,,,,,,65.4294651858487,65.4294651858487,,95.78242900423803,93.85886036903855,95.78242900423803,,,,60,100,-40,,,,,,,,,,,,275.7898680519646,-59.236374933162494,275.7898680519646,0.010100140915745232
2023-12-18,196.09,197.68,192.97,193.6,182.28624700128574,189.54985936353458,175.4964889149758,141.78287858873568,1.3776930869698072,5.231365294886103,3.853672207916296,0,,,46.228802842485315,42.42303128864311,,,,,,,60.653613703991894,,,94.20255276834445,95.01793980462304,,,,,60,100,-40,,,,,,,,,,,,115.64625567888015,-182.10248858167841,115.64625567888015,0.033462334180558814
2023-12-26,193.61,194.66,191.09,192.53,182.7050865011939,190.14588749082768,176.1644697418395,142.2878250704398,1.093908814378512,5.221058225889436,4.127149411510924,0,,,44.364409241046275,44.90802366345499,,,,,44.90802366345499,,59.38791339524536,,,88.50423650350098,92.02540909462631,,,,,60,100,-40,,,,,,44.90802366345499,,,,106,,60.07420919181108,-204.44749065773692,60.07420919181108,0.06742783981893131
2024-01-02,187.15,188.44,180.17,181.18,183.2568660368229,188.35270999266214,176.36115720294384,142.6748118856593,0.09673690477315233,4.248070542477365,4.151333637704212,0,,,28.456026764566538,39.68307961603271,,,,,,,47.90122126176213,,,69.34921925003698,79.26716703612885,,,,,60,100,-40,,,,,,,,,,,,63.697080247845435,-182.72976508360296,63.697080247845435,0.04551860619353326
2024-01-08,182.085,187.05,181.5,185.92,182.51351846276413,187.8661679941297,176.73601378322056,143.10511226490647,-0.26869342799510587,3.8154668527103297,4.084160280705436,0,,,18.442624217523136,30.42102007437865,,,,,,,52.093373900505966,,,55.238379410175064,63.72277354916772,,,,,60,100,-40,,,,,,,,,,,,63.024883839146284,-176.77889870476605,63.024883839146284,0.06039979789218382
2024-01-16,182.16,191.95,180.3,191.56,182.75041000113814,188.60493439530376,177.31734657603545,143.5872504513253,-0.1609556132719394,3.882965764115511,4.04392137738745,0,,,16.07572103066429,20.991457337584656,,,,,,,56.59540152748919,,,46.02063030864694,49.556629338105346,,46.02063030864694,,,60,100,-40,,,,,,,,,,,,121.56581405021065,-158.2736443948086,121.56581405021065,0.06037491673472339
2024-01-22,192.3,196.38,191.94,192.42,182.14466642962827,189.367947516243,177.9096074946223,144.07314845678476,-0.06697454741533981,3.960203193118275,4.027177740533615,0,,,24.715955187902665,19.744766812030033,,,,,,,57.25889968552151,,,52.42496044964231,48.52213436241388,,,,,60,100,-40,,,,,,19.744766812030033,,,,,,74.00839331380872,-190.40570905029793,74.00839331380872,0.048341185047782724
2024-01-29,192.01,192.2,179.25,185.85,182.55790454179768,188.6643580129944,178.22099543600964,144.48883852189138,-0.4605551816284885,3.451483763498004,3.9120389451264925,0,,,14.383842050546301,18.391839423037755,,,,,,,50.82846938918145,,,48.361381126540024,48.88379501728482,,,,,60,100,-40,,,,,,18.391839423037755,,,,,,107.8250490749344,-160.3319437684256,107.8250490749344,0.09422108058180553
2024-02-05,188.15,191.05,185.84,188.85,181.74876850309784,188.70148641039552,178.63781914440142,144.93024311371335,-0.5273131554442521,3.2528975008211773,3.7802106562654294,0,,,12.93376326386947,17.344520167439484,,,,,,,53.41637430620067,,,42.51971494882791,47.301545917580434,,,,,60,100,-40,,,,,,,,,,,,-10.870414393235492,-241.1806812650755,-10.870414393235492,0.14128218491122171
2024-02-12,188.415,188.67,181.35,182.31,182.13457075287656,187.4231891283164,178.78182623677785,145.3021809931789,-0.9933441135050698,2.5385305143840924,3.531874627889162,0,,,0.2398774099202381,9.185827574778672,,,,,,,47.5110008502628,,,25.004933760972033,33.89667968445365,,,,,60,100,-40,,,,,,,,,,,,-87.98488450355627,-284.6023755805163,-87.98488450355627,0.11653742188600061
2024-02-20,181.79,185.04,180,182.52,182.1656728419568,186.44255130265313,178.92842128631597,145.6725075504607,-1.2521682670496,1.9666642940771624,3.2188325611267623,0,,,-11.835726466673915,0.44597140237193383,,,,,,,47.712085045761384,,,16.26987922692405,21.597707567853462,,,,,60,100,-40,,,,,,,,,,,,-74.71490550290966,-271.9473982022406,-74.71490550290966,0.07448295393094344
2024-02-26,182.24,183.9225,177.38,179.66,182.54598192467418,185.0860410421225,178.9571106476369,146.01069155493371,-1.5606175031227867,1.268060682223279,2.8286781853460656,0,,,-23.71293514176045,-11.769594732838039,,,,,,,45.15957012186595,,,4.764710867290944,9.14616511451672,,,,,60,100,-40,,,,,,,,,,,,-154.76674086601696,-322.5024167109241,-154.76674086601696,0.05555311974037098
2024-03-04,176.15,176.9,168.49,170.73,178.71448321576887,182.214832833698,178.6344788575335,146.25665482304382,-2.267817617287302,-0.006093836263062258,2.26172378102424,0,,,-41.437106125000355,-25.66192257781157,,,,,,,38.23964658138419,,,2.1430556643867362,3.902854708708304,,,,,60,100,-40,,,,,,,,,,,,-188.44551525401386,-341.1383409453016,-188.44551525401386,0.06996612238027895
2024-03-11,172.94,174.38,170.285,172.62,177.11202012892824,180.2958662669584,178.3986169415518,146.5189766656006,-2.4921985205846986,-0.8535243697066335,1.6386741508780651,0,,,-49.75240150720797,-38.30081425798959,,,,,,,40.33586856381933,,,1.9193050101143974,1.1512808150897669,,1.9193050101143974,,,60,100,-40,,,,,,,,,,,,-84.1826942987386,-259.11318804615587,-84.1826942987386,0.09881862948834526
2024-03-18,175.57,178.67,170.06,172.28,177.51830440543335,178.69269301356672,178.15867117913803,146.77530525599263,-2.5388284443154285,-1.5348614045162208,1.0039670397992078,0,,,-52.1179886696963,-47.769165433968205,,,,,,,40.07081424502391,,,4.156122151484519,2.8457075320432925,,,,,60,100,-40,,,,,,,,,,,,-69.78584078987708,-245.6380629468548,-69.78584078987708,0.022482158521609882
2024-03-25,170.565,173.6,169.45,171.48,177.3527112336167,177.25015441085338,177.89676250544633,147.02112311414197,-2.4951727017875447,-2.1149988374352233,0.3801738643523215,0,,,-55.05686729342069,-52.30908582344165,,,,,,,39.410682521025905,,,6.228465828465162,5.1526994082487585,,,,,60,100,-40,,,,,,,,,,,,-138.91568791899033,-296.43114241106304,-138.91568791899033,-0.0323575187789987
2024-04-01,171.19,171.92,168.2302,169.58,177.8360890026441,175.71612352868272,177.57061495621315,147.2455895508172,-2.4617285858242943,-2.6969868679280466,-0.23525828210375221,0,,,-57.46476468884044,-54.87987355065247,,,,,,,37.80812616690089,,,5.206396865629564,5.795890687716594,,,,,60,100,-40,,,,,,,,,,,,-61.84010829735577,-233.44366197268798,-61.84010829735577,-0.07471480383096495
2024-04-08,169.03,178.36,167.11,176.55,178.35068264531236,175.88289882294617,177.53059084028322,147.53717572444089,-1.864764659915981,-2.5662141069987285,-0.7014494470827475,0,,,-52.06766448152961,-54.86309882126358,,,,,,,46.460151385706006,,,13.015858704741675,9.488213175426862,,,,,60,100,-40,,,,,,-54.86309882126358,-107,,,,,95.7671841203453,-111.90845070492654,95.7671841203453,-0.01700134586662684
2024-04-15,175.36,176.63,164.075,165,174.17849102779005,173.70631905835694,177.03919512105642,147.71093516996885,-2.1235442277993375,-3.3558797318319193,-1.2323355040325819,0,,,-55.40262087327238,-54.97835001454748,,,,,,-54.97835001454748,37.17572813860726,,,13.330607050466945,11.955405344633228,,,,,60,100,-40,,,,,,-54.97835001454748,,,,,,227.44587791664623,-7.0160051222126185,227.44587791664623,-0.08478220238602478
2024-04-22,165.515,171.34,164.77,169.3,173.43288452580504,172.82505524668557,176.73569727317187,147.9257517354418,-1.8887716281694864,-3.59330003924444,-1.7045284110749535,0,,,-56.30010434332291,-54.590129899374965,,,,,,,41.86155561380144,,,20.245190503957126,17.934923499567848,,,,,60,100,-40,,,,,,,,,,,,224.27390011361965,-0.2858223727194087,224.27390011361965,-0.11038648157848102
2024-04-29,173.37,187,169.11,183.38,168.1255356311047,174.93604419734845,176.99625816442003,148.2785303251389,-0.7285156145161467,-2.6151729292201367,-1.88665731470399,0,,,-36.85110617187695,-49.51794379615742,,,,,,,54.0254496138205,,,33.63680458441328,26.133718858368407,,,,,60,100,-40,,,,,,-49.51794379615742,,,,,,141.67864554750702,-60.23385466858862,141.67864554750702,-0.09635863924888509
2024-05-06,182.354,185.09,180.42,183.05,166.65942594316863,176.55883535787876,177.233659805031,148.62451509802307,0.03304083482257281,-1.845356271175774,-1.8783971059983469,0,,,-18.498397923243072,-37.21653614614764,,,,,,,53.73996677631537,,,59.87875067070331,45.86321229005279,,,,,60,100,-40,,,,,,,,,,,,107.73707362977845,-96.55497200157254,107.73707362977845,-0.05927269920035536
2024-05-13,185.435,191.095,184.62,189.87,173.67660980437088,179.22106828630302,177.7292025577749,149.0349179328686,0.9609990634065306,-0.6771482767401835,-1.6381473401467141,0,,,0.41169144021020543,-18.312604218303267,,,,,,,58.63390699435037,,,85.42434564872961,71.4707176648178,,,,,60,100,-40,,,,,,,,,,,,77.23942387890965,-110.81770436492295,77.23942387890965,-0.02259456033666865
2024-05-20,189.325,192.8231,186.625,189.98,173.79399481834437,181.37285462904242,178.20962598688178,149.44233168478036,1.514202764290472,0.2546061152163759,-1.2595966490740962,0,,,13.747938371651017,-1.4462560371272797,,,,,,,58.710231777896524,,,95.15942071904078,90.8977760305192,,,,,60,100,-40,,,,,,,,,,,,101.37771044638058,-100.66903084402784,101.37771044638058,0.015593183983519053
2024-05-28,191.51,193,189.1,192.25,176.33469518846266,183.54828370323395,178.760228889357,149.8682786331905,1.9379127147422184,1.1627942443536767,-0.7751184703885416,0,,,23.742695891813565,12.6341085678916,,,,,,,60.34593341033825,,,99.79983984003397,99.59967968006792,,,,,60,100,-40,,,,,,,,,,,,121.12721763794774,-87.82011614511369,121.12721763794774,0.01570060255261173
2024-06-03,192.9,196.94,192.52,196.89,181.55435981785817,186.21662696258716,179.47120030546066,150.33615645773585,2.405077883555231,2.231228884055497,-0.17384899949973387,0,,,33.315869235312235,23.602167832925613,,,,,,,63.54398229661913,,,99.90351090126038,99.80702180252077,,,,,60,100,-40,,,,,,,,,,,,188.19499624922994,-43.671004118729364,188.19499624922994,0.015394528009023115
2024-06-10,196.9,220.2,192.15,212.49,197.57976268801116,191.47130157006973,180.7660551954426,150.9546026621365,3.5689503077143354,4.2873388851431855,0.7183885774288501,0,,,47.206183435038525,34.75491618738811,,,,,,,71.82126198257296,71.82126198257296,,100,100,100,,,,60,100,-40,,,,,,,,,,,,299.4322696584609,45.17826935740324,299.4322696584609,0.09270261129490828
2024-06-17,213.37,218.95,207.11,207.49,194.63763678172467,194.67504125605578,181.81405303091543,151.51714392917992,3.7857149920598805,5.450532317503701,1.66481732544382,0,,,55.35907270467261,45.29370845834112,,,,,,,66.57290436092119,,,97.03857693905778,98.51928846952887,,,,,60,100,-40,,,,,,,,,,,,382.2627660841953,88.7822203833299,382.2627660841953,0.015059344405896213
2024-06-24,207.72,216.07,206.59,210.62,194.22137701160148,197.86403300484463,182.94369801009523,152.1052320492876,3.9076969272755493,6.549438484538257,2.6417415572627077,0,,,58.64628269412762,53.73717961127959,,,,,,,68.15123997487882,,,94.29878825066552,96.03886047747942,,,,,60,100,-40,,,,,,,,,,,,389.1240813416142,69.91272576817899,389.1240813416142,0.0010397095898845169
2024-07-01,212.09,226.45,211.92,226.34,208.02199293934422,203.5592264038757,184.64551377440523,152.84388645675736,4.75843433269532,8.589784473131857,3.8313501404365375,0,,,64.5162022360963,59.507185878298856,,,,,,,74.66094651488902,,,93.05857425464077,93.55843248542995,,93.05857425464077,,,60,100,-40,,,,,,,,,,,,412.0106120067753,96.29223017396463,412.0106120067753,0.064933580451039
2024-07-08,227.09,233.08,223.25,230.54,211.26899344367678,208.95538112310055,186.44529754795798,153.61698211390404,5.275319566374404,10.425499598404542,5.150180032030138,0,,,69.30509578326732,64.15586023783042,,,,,,,76.07627281993427,76.07627281993427,,95.52013908479381,94.0394275543227,95.52013908479381,,,,60,100,-40,,,,,,,,,,,,220.73595527827067,-48.48817531221073,220.73595527827067,0.08529050545709486
2024-07-15,236.48,237.23,222.27,224.31,211.24120819769985,212.02630489848045,187.93018784019492,154.32039522719853,4.878214994538528,11.247948775203298,6.36973378066477,0,,,69.64510960888987,67.8221358760845,,,67.8221358760845,,67.8221358760845,,69.8103258116928,,,95.20279443345444,94.99128887650635,,,,,60,100,-40,,,,,,,,,,106,,211.51123613676697,-45.12668889180876,211.51123613676697,0.07155050704487112
2024-07-22,227.01,227.78,214.62,217.96,210.48255046929273,213.21304391878436,189.10782753273628,154.95362512543537,3.9102796389786167,11.25758332938804,7.347303690409424,0,,,64.04725201619134,67.66581913611618,,,,,,,63.9906130973542,,,88.73665723349067,92.4721162681622,,,,,60,100,-40,,,,,,67.66581913611618,,105,,,,51.23646593008203,-180.558200002389,51.23646593008203,0.08344384481868061
2024-07-29,216.96,225.6,215.75,219.86,210.03522543577182,214.5424351350275,190.31379508047212,155.59945970130167,3.152882786016523,11.288407172930079,8.135524386913556,0,,,59.02505144248137,64.23913768918753,,,,,,,64.9380704625901,,,76.83118191713896,83.51946550587489,,,,,60,100,-40,,,,,,,,,,,,232.8298357609762,-65.91125454740919,232.8298357609762,0.0682504986661395
2024-08-05,199.09,216.78,196,216.24,210.09270933321667,214.881948108022,191.33050899888497,156.20284816198523,2.2076918203399067,10.895139162338438,8.687447341998531,0,,,45.83229325750014,56.30153223872429,,,,,,,61.59309415124246,,,62.616527701079654,70.09428798234536,,,,,60,100,-40,,,,,,,,,,,,274.1335019862533,-23.018299175152954,274.1335019862533,0.14891773468967387
2024-08-12,216.07,226.8271,215.6,226.05,208.14465866655834,217.1155584864176,192.69205766559537,156.89784469768688,2.0463830641077063,11.245426172133165,9.199043108025458,0,,,46.435466036758704,50.43093691224675,,,,,,,66.63815359907937,,,53.95126978453682,58.296051329322644,,,,,60,100,-40,,,,,,,,,,,,233.3819561705709,-53.37860841603426,233.3819561705709,0.1802331435490798
2024-08-19,225.72,228.34,223.04,226.84,208.1404544760899,219.0604467891341,194.03119265910144,157.593786541491,1.8045531134058521,11.454734499782774,9.650181386376921,0,,,48.41414694462748,46.89396874629546,,,,,,,67.01614211738007,,,50.21407039204952,51.29334911091599,,,,,60,100,-40,,,,,,46.89396874629546,,,,,,105.49432777592166,-147.3097705222099,105.49432777592166,0.2054983320379381
2024-08-26,226.76,232.92,223.8905,229,208.98327915636918,221.04835743130727,195.4025184371759,158.30429612814282,1.6082484214472235,11.66049191318595,10.052243491738727,0,,,50.61036546525133,48.48665948221251,,,,,,,68.08712666326976,68.08712666326976,,52.42764851323149,50.89914423484925,,,,,60,100,-40,,,,,,,,,,,,69.94990454393587,-175.98072133635353,69.94990454393587,0.17762629308355143
2024-09-03,228.55,229,217.48,220.82,209.23311635948568,221.0026859450458,196.39928242003174,158.9263429328379,0.7872285286862919,11.036279152596592,10.2490506239103,0,,,45.50039564564198,48.174969351840275,,,,,,,60.08330788144621,,,41.56062436408393,46.55304829824115,,,,,60,100,-40,,,,,,48.174969351840275,,,,,,192.6862855359476,-90.34786291156202,192.6862855359476,0.21357037180101468
2024-09-09,220.82,224.04,216.71,222.5,209.1093223338081,221.30214875603664,197.42283997218735,159.55891663499872,0.24513638244200742,10.555471101962809,10.310334719520801,0,,,39.39264131446239,45.16780080845191,,,,,,,61.10070854183296,,,28.94333799668214,37.10275730372617,,,,,60,100,-40,,,,,,,,,,,,92.19786998395712,-157.5573423821871,92.19786998395712,0.22157232238834054
2024-09-16,216.54,233.09,213.92,228.2,209.59294216710754,222.68171900482932,198.62978742425844,160.24191248937686,0.1622764032022772,10.513180223523648,10.35090382032137,0,,,39.726823927926155,41.539953629343515,,,,,,,64.43278537247565,64.43278537247565,,17.33859304222796,23.00732630100518,,17.33859304222796,,,60,100,-40,,,,,,,,,,,,55.43462089596488,-195.2741892217894,55.43462089596488,0.2186436102967777
2024-09-23,227.34,229.52,224.02,227.79,208.3505891551713,223.70337520386346,199.77332517232674,160.9140327631144,-0.018697880207099615,10.327531470062496,10.346229350269596,0,,,41.97283544209307,40.364100228160545,,,,,,,64.00555502813711,,,18.87752823347199,17.5522087350082,,,,,60,100,-40,,,,,,40.364100228160545,,,,,,26.26468982397128,-203.4061548178277,26.26468982397128,0.22877518658089382
2024-09-30,230.04,233,223.02,226.8,207.60983278694476,224.32270016309076,200.83319477341198,161.5696145266655,-0.2886529664609956,9.985413142193352,10.274066108654347,0,,,43.368089669715886,41.68924967991171,,,,,,,62.91432039967055,,,21.425497081954582,18.680925419823915,,,,,60,100,-40,,,,,,,,,,,,1.489291674158295,-217.33230848731355,1.489291674158295,0.19138741526561934
2024-10-07,224.5,229.75,221.33,227.55,207.7119875878773,224.9681601304726,201.88091262543503,162.2261357751564,-0.48852737085034725,9.663406895091413,10.15193426594176,0,,,41.35945928196802,42.23346146459233,,,,,,,63.42607321134985,,,22.063517828854792,22.124988033432647,,,,,60,100,-40,,,,,,42.23346146459233,,,,,,-50.59967044841599,-267.81734330780193,-50.59967044841599,0.20344382213220918
2024-10-14,228.7,237.49,228.6,235,214.02970276017177,226.97452810437807,203.17970036561405,162.95025382714488,-0.205307014705145,9.895300497560328,10.100607512265473,0,,,50.01978807995071,44.915779010544874,,,,,,,68.15490304822053,68.15490304822053,,35.39986087288183,29.242959528531458,,,,,60,100,-40,,,,,,44.915779010544874,,,,,,-125.03609400324947,-315.48691725183795,-125.03609400324947,0.1959439983672321
2024-10-21,234.45,236.85,227.76,231.41,214.1075811344452,227.86162248350246,204.28677093951154,163.63144533135238,-0.33821817315736347,9.677834795818768,10.016052968976132,0,,,51.86062956704585,47.7466256429882,,,,,,,63.845541314226374,,,44.77406192973311,38.27673342524383,,,,,60,100,-40,,,,,,,,,,,,-98.66589509356771,-286.30747775150377,-98.66589509356771,0.14890292586300566
2024-10-28,233.32,234.73,220.27,222.91,214.3013253391277,226.87129798680198,205.017093647766,164.22128169621453,-1.0375589423143925,8.719104291083141,9.756663233397534,0,,,41.5073212328903,47.79591295996229,,,47.79591295996229,,47.79591295996229,,54.935927302423,,,44.79709672633615,45.605586526031715,44.79709672633615,,,,60,100,-40,,,,,,47.79591295996229,,,,,,-32.54482325837358,-226.06975452395758,-32.54482325837358,0.07668132503890145
2024-11-04,220.99,228.66,219.71,226.96,213.7140878149043,226.8890383894416,205.87759977922616,164.84554754998354,-1.2519897315532162,8.191676068956014,9.44366580050923,0,,,31.054689468814214,41.4742134229168,,,,,,,57.963880368764826,,,31.586924103285476,39.60846139185848,,,,,60,100,-40,,,,,,,,,,,,-120.2639463023057,-322.2388900650561,-120.2639463023057,0.2006149178028536
2024-11-11,225,228.87,221.5,225,213.95593868526828,226.51123071155328,206.62749782709963,165.44409931565534,-1.5319381450392306,7.528743119210191,9.060681264249421,0,,,22.54028399878134,31.700764900161953,,,,,,,55.99144171384955,,,18.041248675105777,25.90912277289115,,,,,60,100,-40,,,,,,,,,,,,78.87495302538625,-197.28636459868233,78.87495302538625,0.2130914356194633
2024-11-18,225.25,230.7199,225.17,229.87,214.4062287791777,227.18298456924262,207.5389685005467,166.08515305380803,-1.398910136901904,7.312043593122041,8.710953730023945,0,,,25.411921192611256,26.33563155340227,,,,,,,59.6842424561272,,,20.292407422034678,18.580894059025553,,20.292407422034678,,,60,100,-40,,,,,,,,,,,,-32.73867479741128,-286.8706619443765,-32.73867479741128,0.19834257910207875
2024-11-25,231.46,237.81,229.74,237.33,217.39008386637929,229.2123876553941,208.70724424562331,166.79405700352137,-0.8455339079186501,7.654036345125633,8.499570253044283,0,,,39.80299156542923,29.251732252273943,,,,,,,64.61197403220822,,,31.085814448620418,23.58723106490125,,,,,60,100,-40,,,,,,29.251732252273943,,,,,,-87.69527937970011,-329.25781431812624,-87.69527937970011,0.2093879956853143
2024-12-02,237.27,244.63,237.16,242.84,223.1715064473522,231.9379101243153,210.04578368697142,167.5507330532376,-0.1802177555759492,8.274298058574345,8.454515814150295,0,,,55.059108241080104,40.0913403330402,,,,,,,67.76465098884123,,,55.61054290972933,42.952351109210504,,,,,60,100,-40,,,,,,,,,,,,-78.11431949248188,-314.8473026239214,-78.11431949248188,0.2778415972034507
2024-12-09,241.83,250.8,241.75,248.13,228.79925598682703,235.17632809945223,211.53928236591372,168.35251680395166,0.5067540666824613,9.087958397503371,8.58120433082091,0,,,66.39033021347522,53.75081000666152,,,,,,,70.49826315926009,,,77.65653664767001,65.54155145948192,,,,,60,100,-40,,,,,,,,,,,,45.17919314251479,-227.60233851048113,45.17919314251479,0.32300736207617425
2024-12-16,247.99,255,245.69,254.49,235.24716627348226,239.03906247956178,213.2236242339171,169.20960618898695,1.238416950475255,10.129225518914978,8.890808568439724,0,,,74.01043352151402,65.15329065868978,,,,,,,73.43264357074447,,,92.24663988594003,85.63338407949657,,,,,60,100,-40,,,,,,,,,,,,182.41933984387578,-128.94736787221183,182.41933984387578,0.39699326618239816
2024-12-23,254.77,260.1,253.06,255.59,236.39165439680494,242.34924998364943,214.8850507345478,170.06911259506668,1.6212328340270012,10.917349610973474,9.296116776946473,0,,,78.78065767244073,73.06047380247666,,,,,,,73.91870994172504,73.91870994172504,,98.10523625470691,96.21047250941383,98.10523625470691,,,,60,100,-40,,,,,,,,,,,,159.25218714498925,-112.77511916817332,159.25218714498925,0.3359048430843268
2024-12-30,252.23,253.5,241.8201,243.36,236.7572505113189,242.55139998691953,216.00171541162436,170.7983751563098,0.9109457586682002,10.434798975281723,9.523853216613523,0,,,71.41489962068194,74.73533027154555,,,74.73533027154555,,74.73533027154555,,60.57097244618943,,,84.52817888897323,91.97906336758247,,,,,60,100,-40,,,,,,74.73533027154555,,105,,,,105.75178948226394,-120.45237022850546,105.75178948226394,0.2704360233933747
2025-01-06,244.31,247.33,233,236.85,236.13531833193895,241.41111998953562,216.8192951994038,171.45560525425697,-0.0842818448406355,9.418500910562727,9.502782755403363,0,,,56.63355750591595,68.9430382663462,,,,,,,54.85862239047607,,,58.67552311974777,73.60708516246488,,,,,60,100,-40,,,,,,,,,,,,230.16055503094327,-7.642848368777209,230.16055503094327,0.233614256338065
2025-01-13,233.53,238.96,228.03,229.98,235.4777955939433,239.1248959916285,217.3354012700154,172.03793754028425,-1.2287154392684698,7.9668884563177755,9.195603895586245,0,,,37.28049386495139,55.10965033051642,,,,,,,49.519561074149316,,,27.077294410363994,43.743961077030654,,,,,60,100,-40,,,,,,,,,,,,186.49499957077177,-30.79869411990863,186.49499957077177,0.18678132896771057
2025-01-21,224,227.03,219.38,222.78,235.3529530515188,235.8559167933028,217.54891494570109,172.54283368416202,-2.424934696127309,6.164435525427109,8.589370221554418,0,,,15.310132746263914,36.40806137237709,,,,,,,44.59217560550694,,,9.025764803454654,18.051529606909316,,,,,60,100,-40,,,,,,,,,,,,136.22318146699507,-71.56256791628888,136.22318146699507,0.1923623031794083
2025-01-27,224.02,247.19,223.98,236,235.28417069069602,235.88473343464224,218.27248690861478,173.17424827436938,-2.2822208009967646,5.7365942203084614,8.018815021305226,0,,,12.053679290208528,21.548101967141275,,,,,,,53.74683644245614,,,8.859957184148817,7.032635527998726,,8.859957184148817,,,60,100,-40,,,,,,,,,,,,116.00078483663232,-85.82391920423639,116.00078483663232,0.16112619679740192
2025-02-03,229.99,234,225.7,227.63,233.24744421278916,234.2337867477138,218.63944820631616,173.7160965502463,-2.680392562823303,4.668324317776097,7.3487168805994,0,,,1.3276596074486395,9.563823881307025,,,,,,,48.27594548627194,,,11.619938834253496,8.48178912720146,,,,,60,100,-40,,,,,,,,,,,,132.18246032088103,-84.76502480346613,132.18246032088103,0.08564839136447974
2025-02-10,229.57,245.55,227.2,244.6,233.37191248330421,236.30702939817104,219.65750906097043,174.42140902238316,-1.773459396053524,5.131892635532495,6.905352031586019,0,,,6.8910912098015205,6.757476702486229,,,,,,,57.72711461162624,,,24.087133840540936,18.40490876567158,,,,,60,100,-40,,,,,,6.757476702486229,,,,,,64.51292208072083,-131.17138393010865,64.51292208072083,0.11306205964677693
2025-02-18,244.15,248.69,241.84,245.55,232.3374901630682,238.15562351853683,220.672900862501,175.12915619628978,-1.1143715810231578,5.512387555307072,6.62675913633023,0,,,18.2608673788364,8.826539398695521,,,,,,,58.19042558884093,,,30.49861015118094,26.38116693976943,,,,,60,100,-40,,,,,,,,,,,,114.60148170240792,-94.59476867008891,114.60148170240792,0.12969626526436537
2025-02-24,244.925,250,230.2,241.84,233.0198122942776,238.89249881482945,221.50298318161862,175.79294568687396,-0.9400293383984897,5.451722463332118,6.391751801730607,0,,,19.90538237213496,15.019113653590962,,,,,,,55.61178994123308,,,39.48689468132321,35.83980041016229,39.48689468132321,,,,60,100,-40,,,,,,,,,,,,344.6739395746974,48.05882563356363,344.6739395746974,0.11949789934063497
2025-03-03,241.79,244.0272,229.23,239.07,231.80339713040064,238.92799905186357,222.1918858019473,176.42256811785035,-1.0165244169215164,5.121096280578712,6.137620697500228,0,,,15.376358025677789,17.847535925549717,,,,,17.847535925549717,,53.687461134786865,,,38.610351468204726,38.742686312871506,,,,,60,100,-40,,,,,,17.847535925549717,,,,,,398.3695869247525,90.229948245643,398.3695869247525,0.11522903664155429
2025-03-10,235.54,236.16,208.42,213.49,231.38855447822917,233.84039924149084,221.85063537834154,176.79139828583195,-2.699593517308168,2.7631288008650188,5.462722318173187,0,,,-10.054190051117342,8.40918344889847,,,,,,,39.881497102233176,,,28.898029820041593,34.852016304026314,,,,,60,100,-40,,,,,,,,,,,,444.12057112025195,118.36995765552608,444.12057112025195,0.07522821668213428
2025-03-17,213.31,218.84,209.97,218.27,218.69865772978423,230.72631939319268,221.7102183046811,177.20412069094806,-3.35774563350404,1.2655402762931374,4.623285909797177,0,,,-26.909159132889226,-7.195663719442925,,,,,,,42.85625764637061,,,19.217756537591875,24.964393258694642,,,,,60,100,-40,,,,,,,,,,,,485.18955818929714,163.2117835363395,485.18955818929714,0.16101437881758313
2025-03-24,221,225.02,217.68,217.9,219.3494678919425,228.16105551455414,221.56079797900733,177.60905481342618,-3.660006205635001,0.04827815275342573,3.708284358388427,0,,,-33.04158999424849,-23.33497972608502,,,,,,,42.67916695916203,,,10.097352620842294,14.152467098557642,,,,,60,100,-40,,,,,,,,,,,,652.4278203366976,272.62782289336866,652.4278203366976,0.09624321231790589
2025-03-31,217.005,225.62,187.34,188.38,220.17236304251804,220.2048444116433,220.2595902151247,177.7162283973722,-5.57529885985714,-3.2608392164329985,2.314459643424142,0,,,-48.62488488178817,-36.191878002975294,,,,,,,31.447497660150233,,,7.280385088687305,8.518532034247665,,7.280385088687305,,,60,100,-40,,,,,,,,,,,,1403.80458027548,778.5136732763925,1403.80458027548,0.02420067358797985
2025-04-07,177.2,200.61,169.2101,198.15,216.51647996805247,215.79387552931465,219.3925474615904,177.9195495078461,-5.881102722439628,-5.036918759625394,0.8441839628142347,0,,,-60.42471444519142,-47.36372977374268,,,,,,,37.35812326990357,,,9.252087317729789,7.647162730428366,,,,,60,100,-40,,,,,,,,,,,,1254.9310202253926,696.0566417715938,1254.9310202253926,0.1032666096402352
2025-04-14,211.44,212.94,192.37,196.98,214.1046028274773,212.0311004234517,218.5136240317241,178.10920573164864,-5.8468404670443705,-6.464366620991228,-0.617526153946858,0,,,-60.23551637583958,-56.428371900939716,,,,,,,36.944868694535984,,,13.024143321784406,10.73688417293174,,,,,60,100,-40,,,,,,,,,,,,1112.2162892753213,604.9554341767587,1112.2162892753213,0.04260266768664736
2025-04-21,193.265,209.75,189.8112,209.28,213.4121311969432,211.48088033876135,218.15152112851925,178.41936288854765,-4.728277377377125,-6.527872875668265,-1.7995954982911395,0,,,-57.50882800558046,-59.38968627553715,,,,,,-59.38968627553715,43.99995530068184,,,25.371638590207507,19.22792288902082,,,,,60,100,-40,,,,,,-59.38968627553715,-107,,,,,931.813327588899,504.96353705371166,931.813327588899,0.06420078985968437
2025-04-28,210,214.56,202.16,205.35,212.85929325430442,210.25470427100908,217.64950069210673,178.68732942697005,-4.013716439869825,-6.816741048128421,-2.8030246082585957,0,,,-51.48978632401069,-56.41137690181025,,,,,,,42.35943496365427,,,32.96521475809208,28.189296569553857,,,,,60,100,-40,,,,,,,,,,,,764.2109043909174,404.0610757712186,764.2109043909174,0.023631746915159096
2025-05-05,203.1,204.1,193.25,198.53,213.42291516471124,207.90976341680727,216.8997163512398,178.8847689351594,-3.7651196663893645,-7.5094241912453015,-3.744304524855937,0,,,-52.70772744208309,-53.90211392389141,,,,,,,39.584764689582045,,,38.863718714079255,36.745981166545754,,,,,60,100,-40,,,,,,,,,,,,667.9907399562052,335.14088017645156,667.9907399562052,-0.037724360629186215
2025-05-12,210.97,213.94,206.75,211.26,210.279135510089,208.5798107334458,216.67855100413234,179.20691053779464,-2.5653952603870813,-6.951048600339789,-4.385653339952707,0,,,-42.13059779099271,-48.77603718569549,,,,,,,46.651079681517736,,,42.47037539032989,40.91583499722571,,,,,60,100,-40,,,,,,,,,,,,552.9015145096224,245.11526559891493,552.9015145096224,-0.017947766212392243
2025-05-19,207.91,209.48,193.46,195.27,207.5620544022255,205.91784858675666,215.83899998436246,179.36674227373697,-2.659410266656371,-7.709916173273172,-5.0505059066168005,0,,,-44.42621865650977,-46.42151462986185,,,,,,,40.24565806718267,,,41.582037773893624,42.04261189820851,,,,,60,100,-40,,,,,,,,,,,,503.28305732605475,221.45794458093036,503.28305732605475,-0.0327099515691098
2025-05-27,198.3,203.81,196.78,200.85,186.46976480206655,204.90427886940532,215.25119606340706,179.58050603220727,-2.1767793081708913,-7.771480041830415,-5.594700733659524,0,,,-44.120871499501526,-43.559229315668,,,,,,,43.19432414941304,,,45.4288961957272,44.0010429561168,,,,,60,100,-40,,,,,,-43.559229315668,,,,,,439.04977417586286,174.82922738439757,439.04977417586286,-0.011248696796001883
2025-06-02,200.28,206.24,200.12,203.92,187.5212101733475,204.70742309552426,214.80683543346953,179.8226900517873,-1.5132391586413618,-7.486249681961226,-5.973010523319864,0,,,-39.86445398378513,-42.8038480465988,,,,,,,44.8173482738349,,,46.36848670998205,45.178796626220105,,,,,60,100,-40,,,,,,-42.8038480465988,,,,,,323.76799705297867,95.76936785996165,323.76799705297867,0.02897610227944874
2025-06-09,204.39,206,195.7,196.45,188.47326658953696,203.0559384764194,214.0869595341178,179.98813592191877,-1.4402817025441603,-7.773362651500065,-6.333080948955905,0,,,-41.268831637030694,-41.751385706772446,,,,,,,41.67837005027955,,,54.96372497192917,51.085594043234984,,,,,60,100,-40,,,,,,,,,,,,324.9010884978917,95.62948279451408,324.9010884978917,-0.008437647697366784
2025-06-16,197.3,201.7,195.07,201,182.46374754742718,202.64475078113554,213.57374543474063,180.19720919632755,-0.9709435751799038,-7.546760417930784,-6.57581684275088,0,,,-41.650792269109765,-40.92802596330852,,,,,,,44.2547103302201,,,64.73518763856156,58.96760199287261,,,,,60,100,-40,,,,,,-40.92802596330852,,,,,,275.8281633164568,58.24230410460242,275.8281633164568,0.020964123401080333
2025-06-23,201.625,203.67,198.96,201.08,183.57347986546807,202.33180062490842,213.08379463337826,180.40499815954817,-0.5608171828714958,-7.27683832134025,-6.716021138468754,0,,,-38.216132347214746,-40.37858541778506,,,,,,,44.30157625294566,,,74.00362384862339,69.33796922053016,,,,,60,100,-40,,,,,,-40.37858541778506,,,,,,192.0412245316465,-11.4381148235071,192.0412245316465,0.03775947500394264
2025-06-30,202.01,214.65,199.2607,213.55,187.16823130364895,204.57544049992674,213.10207719677518,180.734799172886,0.5826760083415765,-5.987676128041784,-6.57035213638336,0,,,-21.42669050881191,-33.76453837504547,,,,,,,51.22589256601878,,,84.50601572586456,79.54602080317406,,,,,60,100,-40,,,,,,,,,,,,111.67009279861983,-72.08573031014218,111.67009279861983,0.04303406367455152
2025-07-07,212.68,216.23,207.22,211.16,186.85417192481688,205.8923523999414,213.02591730670557,181.0375374895737,1.1762269779991676,-5.100068413884401,-6.276295391883568,0,,,-5.9957614685665614,-21.87952810819773,,,,,,,49.93690372197495,,,89.27620008667853,86.67192232465719,,,,,60,100,-40,,,,,,,,,,,,66.82098501705258,-93.52468843557088,66.82098501705258,0.03513653283735328
2025-07-14,209.925,212.4,207.54,211.18,187.47387393018712,206.9498819199531,212.95352839271712,181.33746248967745,1.5450896053026124,-4.3449333852553025,-5.890022990557915,0,,,3.1628568932805567,-8.086531694699291,,,,,,,49.94832126018309,,,93.03950901829764,91.85637663346255,,,,,60,100,-40,,,,,,,,,,,,1.0353513775884693,-131.065654174558,1.0353513775884693,0.04759930020864599
2025-07-21,212.1,215.78,211.63,213.88,188.97216864945943,208.33590553596247,212.98986061261056,181.66126883306373,1.9212953113965723,-3.4884038513121993,-5.409699162708772,0,,,14.482481218917936,3.8831922145439903,,,,,,,51.563870048665436,,,93.83228081072724,93.44192021832175,93.83228081072724,,,,60,100,-40,,,,,,,,,,,,-16.425621600154905,-141.7809897791838,-16.425621600154905,0.037112587189664537
2025-07-28,214.03,214.845,201.5,202.38,190.09415660306948,207.14472442876996,212.57378764741014,181.86742536208797,1.3717923453898573,-3.6949587309714502,-5.0667510763613075,0,,,9.10623604947687,8.917191387225133,,,,,,,44.87969909953807,,,83.90858886865263,89.06561513589268,,,,,60,100,-40,,,,,,,,,,,,98.37903687260055,-57.8208098193322,98.37903687260055,0.025308046774186896
2025-08-04,204.505,231,201.675,229.35,205.35671684570738,211.58577954301597,213.23167832790386,182.33988879132093,2.7228179059816124,-1.6632286938842924,-4.386046599865905,0,,,27.01946897194425,16.86939541344635,,,,,,,58.535654039539516,,,83.24729299199892,84.86719749713579,,,,,60,100,-40,,,,,,,,,,,,93.21921198667314,-64.58066257945362,93.21921198667314,0.047593176576779195
2025-08-11,227.92,235.12,224.76,231.59,205.121237071014,215.58662363441277,213.95161251112333,182.82993964911873,3.6098182563511143,0.12622622057298827,-3.483592035778126,0,,,44.489869868251304,26.871858296557473,,,,,,,59.439802474378574,,,81.14808417262047,80.6687798583789,,81.14808417262047,,,60,100,-40,,,,,,,,,,,,61.724809807278014,-95.56599665591659,61.724809807278014,0.09315052666617518
2025-08-18,231.7,233.12,223.7804,227.76,205.531862994513,218.02129890753022,214.49311790284398,183.27700492624191,3.7638778451799304,1.221255270696787,-2.5426225744831434,0,,,51.296747255021465,40.935362031739004,,,,,,,57.132211597399376,,,91.44079913950415,86.5340938131831,,,,,60,100,-40,,,,,,,,,,,,-62.22515561222707,-203.64490635484086,-62.22515561222707,0.15183974035870823
2025-08-25,226.48,233.41,224.69,232.14,206.60892992347632,220.84503912602418,215.1851524948893,183.76320388219972,3.965832686859082,2.414668284090709,-1.5511644027683729,0,,,55.55569344352097,50.447436855597914,,,,,,,59.09941133256041,,,93.5710802920451,91.27926338419435,,,,,60,100,-40,,,,,,,,,,,,-77.27512731909488,-216.61855974486983,-77.27512731909488,0.0832164988152029
2025-09-02,229.25,241.32,226.97,239.69,214.7368635003709,224.61403130081933,216.14612690685442,184.31968941571017,4.380483598027338,3.9244400947657994,-0.4560435032615382,0,,,60.89436156770535,55.91560075541593,,,,,,,62.327714382451965,,,95.94366507755072,96.02443295520561,95.94366507755072,,,,60,100,-40,,,,,,,,,,,,-133.22510417016855,-269.05154888216623,-133.22510417016855,0.14407528276731932
2025-09-08,239.3,240.15,225.95,234.07,214.46923039320154,226.50522504065546,216.84902389089933,184.814717381723,4.056248958322918,4.614267694642109,0.5580187363191913,0,,,60.66467925677423,59.03824475600018,,,,,,,58.59797233759018,,,94.68440840918582,95.27365280454084,,,,,60,100,-40,,,,,,,,,,,,-168.09326704831972,-282.86035817631785,-168.09326704831972,0.10728872926927682
2025-09-15,237,246.3,235.03,245.5,220.05214250797286,230.30418003252436,217.9725915814523,185.4185510396163,4.3647382417293725,6.013941538480907,1.6492032967515344,0,,,65.10740370497075,62.222148176483444,,,,,,,63.42082036897034,,,94.71285772212784,94.84594416449558,,,,,60,100,-40,,,,,,,,,,,,-229.34903667589793,-335.0675657806237,-229.34903667589793,0.1901584162315158
2025-09-22,248.3,257.6,248.12,255.46,230.08270375740338,235.3353440260195,219.44268602923847,186.1154808800181,4.949875017091189,7.836547068115522,2.886672051024332,0,,,71.9867599419187,65.91961430122123,,,,,,,67.04476529934689,,,94.49900340210522,94.41823552445034,,,,,60,100,-40,,,,,,,,,,,,-198.5583027348256,-290.509826547783,-198.5583027348256,0.22207371278251148
2025-09-29,254.56,259.24,253.01,258.02,232.72679634616026,239.8722752208156,220.9555218712291,186.83094873195822,5.194202765529487,9.37942550793619,4.185222742406704,0,,,75.00260653023138,70.69892339237362,,,,,,,67.92946635986576,67.92946635986576,,98.19325709325337,96.38651418650674,98.19325709325337,,,,60,100,-40,,,,,,,,,,,,-275.1840658739482,-352.2353126300043,-275.1840658739482,0.23636095137115956
2025-10-06,257.99,259.07,244,245.27,233.64345375000593,240.9518201766525,221.90903081745543,187.41243182915267,4.223222882324323,9.464251345312107,5.241028462987784,0,,,70.79192301015874,72.59376316076961,,,72.59376316076961,,72.59376316076961,,59.335060580693415,,,91.64830024315506,94.46909294151756,,,,,60,100,-40,,,,,,72.59376316076961,,105,,106,,-187.8778720786849,-274.55616487909435,-187.8778720786849,0.2455082645555874
2025-10-13,249.38,253.38,244.7,252.29,233.23177848214837,243.21945614132198,223.10044137363366,188.05797977115114,3.7934617244283917,9.982855618523274,6.1893938940948825,0,,,66.72955067865844,70.84136007301619,,,,,,,62.18851182321893,,,85.85454370158601,90.13414873699115,,,,,60,100,-40,,,,,,,,,,,,-112.80916806437855,-208.27322581016813,-112.80916806437855,0.2682323460322776
2025-10-20,255.885,265.29,255.43,262.82,238.5623657334235,247.1395649130576,224.65807112368725,188.80188046994564,3.940808701842384,11.115404771397863,7.174596069555479,0,,,68.979905937149,68.8337932086554,,,,,,,66.0587006582304,,,81.45927788093742,83.33025049321206,,81.45927788093742,,,60,100,-40,,,,,,68.8337932086554,,,,,,-164.11659205267335,-251.31445748104665,-164.11659205267335,0.28052654226544993
2025-10-27,264.88,277.32,264.6501,270.37,245.98791103817896,251.78565193044608,226.45069578550343,189.61350354984668,4.242993167638961,12.47833752910418,8.23534436146522,0,,,73.01224992154266,69.5739021791167,,,,,,,68.5584316411426,,,87.3677391383874,83.97468055290462,,,,,60,100,-40,,,,,,,,,,,,-56.09539349764184,-167.43910157540176,-56.09539349764184,0.3207763769498652
2025-11-03,270.42,273.4,266.25,268.47,245.65806024973762,255.12252154435686,228.09851163705233,190.3981453055696,4.013638199644678,13.252392111021067,9.238753911376389,0,,,72.52897449502268,71.50704345123812,,,,,,,67.20896920698056,,,91.46121132812667,88.31788141219658,,,,,60,100,-40,,,,,,,,,,,,169.55831441102026,-36.99562856169237,169.55831441102026,0.268647943766883
2025-11-10,268.96,276.699,267.455,272.41,248.44177023189923,258.5800172354855,229.83621706305027,191.2141836607381,3.8266950419563077,14.022122713821773,10.195427671865465,0,,,71.62303602929757,72.38808681528764,,,72.38808681528764,,72.38808681528764,,68.59754091063667,,,95.28833958903769,93.98550453650059,,,,,60,100,-40,,,,,,72.38808681528764,,105,,106,,326.0022572453802,49.73084935861536,326.0022572453802,0.2791541512817515
2025-11-17,268.815,275.43,265.32,271.49,248.833215215335,261.16201378838844,231.46969874685223,192.0129480024223,3.3572589963340835,14.392001417283069,11.034742420948985,0,,,68.40102550307239,70.85101200913088,,,,,,,67.87051796596799,,,95.05926582329178,95.3285618830538,,,,,60,100,-40,,,,,,,,,,,,480.3654832007657,128.8706949297762,480.3654832007657,0.24602988580493093
2025-11-24,270.9,280.38,270.9,278.85,255.51298555709678,264.69961103071074,233.32774977638744,192.8769982710549,3.2561288786233273,15.104903519228145,11.848774640604818,0,,,67.88551695322829,69.30319282853274,,,,,,,70.57342654820546,70.57342654820546,,97.36272081548745,96.52664650901988,,,,,60,100,-40,,,,,,,,,,,,301.2081226188082,-3.6512496029103403,301.2081226188082,0.2763511520661978
2025-12-01,278.01,288.62,276.14,278.78,255.8256294458756,267.5156888245686,235.11019096162715,193.7317545071638,2.909560570609175,15.485725353866286,12.576164783257111,0,,,68.13136865917707,68.13930370515925,,,,,,,70.51230773768913,,,97.53429308449037,97.01433776361638,,,,,60,100,-40,,,,,,,,,,,,190.07937305175219,-71.16920422056303,190.07937305175219,0.22760204191200184
2025-12-08,278.13,280.03,273.81,278.28,255.68737019974162,269.6685510596549,236.80312464940647,194.5730305817194,2.393250970698217,15.567728496629883,13.174477525931666,0,,,64.37691895427469,66.79793485556002,,,,,,,70.04291971770971,,,98.44506994807554,98.28579585586762,98.44506994807554,,,,60,100,-40,,,,,,,,,,,,89.1558506787063,-144.59298527136977,89.1558506787063,0.24137880796767142
2025-12-15,280.15,280.15,266.95,273.67,256.4532723283315,270.4688408477239,238.2488844670768,195.36006510329432,1.5298713184924146,15.086816674047185,13.55694535555477,0,,,57.790057224440446,63.43278161263073,,,,,,,65.67607932754589,,,89.83888712666285,94.08409167474339,,,,,60,100,-40,,,,,,,,,,,,103.8547869189415,-158.30335158566612,103.8547869189415,0.29634178728320365
2025-12-22,272.86,275.43,269.56,273.4,256.16732430487923,271.05507267817916,239.62735958601496,196.13658186843566,0.7676964441809808,14.516565910780997,13.748869466600016,0,,,51.31716573333427,57.82804730401646,,,,,,,65.41730530732474,,,78.71722271357567,85.4081180115043,,,,,60,100,-40,,,,,,,,,,,,162.24482566095213,-125.88456038827229,162.24482566095213,0.24313232323515152
2025-12-29,272.69,277.84,269,271.01,256.94894399738786,271.0460581425433,240.85805136695555,196.8815910040731,-0.028133952441706356,13.713702026047883,13.74183597848959,0,,,45.53830658395893,51.54850984724454,,,,,,,63.03556002958547,,,61.64521281184419,70.22760890447944,,,,,60,100,-40,,,,,,,,,,,,156.38213008623353,-116.63282213585916,156.38213008623353,0.21921379502713947
2026-01-05,270.64,271.51,255.7,259.37,257.2504479975745,268.71084651403464,241.58401013687887,197.50336621796293,-1.393589501339795,11.999849101814846,13.39343860315464,0,,,28.47736732115111,41.77761321281476,,,,,,,52.877892663840456,,,42.67495392086052,52.609762994144255,,,,,60,100,-40,,,,,,,,,,,,58.85810643419106,-179.06321811115748,58.85810643419106,0.19587145064555972
2026-01-12,259.16,261.82,254.93,255.53,256.53470171203344,266.0746772112277,242.1309117001385,198.0807456585802,-2.543541573884049,10.21401163579958,12.757553209683628,0,,,11.455835285960031,28.490503063690014,,,,,,,49.99846988956982,,,23.04630252364385,32.97389165351835,,,,,60,100,-40,,,,,,,,,,,,2.702087082519995,-213.77899663640162,2.702087082519995,0.12165763920146687
2026-01-20,252.73,254.79,243.42,248.04,257.14436587545964,262.46774176898214,242.36264065307427,198.57785266695254,-3.725275081779335,8.100959357459459,11.826234439238794,0,,,-6.730530129661734,11.067557492483127,,,,,,,44.83905505977549,,,7.643143040224342,15.286286080448699,,7.643143040224342,,,60,100,-40,,,,,,,,,,,,-23.24374693248366,-225.8191790661468,-23.24374693248366,0.07779999017826912
2026-01-26,251.48,261.95,249.8,259.48,256.9647683129268,261.8701934151857,243.03390964707134,199.18384418270426,-3.6484211229126267,7.26570803559801,10.914129158510637,0,,,-11.876800575468298,-2.3838318063900097,,,,,,,52.88392696157102,,,9.29347949350994,7.926418095197302,,,,,60,100,-40,,,,,,,,,,,,71.89147978251341,-181.12478287230198,71.89147978251341,0.10724571625428125
2026-02-02,260.03,280.905,259.205,278.12,256.5408562905749,265.1201547321486,244.4098347589509,199.969278568946,-2.3189350650635134,8.015460327181245,10.334395392244758,0,,,0.4801190346684603,-6.042403890153866,,,,,,,62.5300454460876,62.5300454460876,,24.415212650054595,14.872741547982939,,,,,60,100,-40,,,,,,-6.042403890153866,,,,,,33.365756185692774,-261.8293678046107,33.365756185692774,0.09449757801843696
2026-02-09,277.905,280.18,255.45,255.78,255.03436655553384,263.2521237857189,244.8557235919332,200.52460913044902,-2.88397987227496,6.7294205519010575,9.613400424176017,0,,,-0.07434139521599226,-3.823674312005286,,,,,,,49.39895877683393,,,33.62199255157139,27.9655524367729,,,,,60,100,-40,,,,,,,,,,,,97.29925506102134,-210.58766456740872,97.29925506102134,0.00203633425783219
2026-02-17,258.05,266.82,255.54,264.58,253.13262608728135,263.5176990285751,245.62922462754366,201.1619762037779,-2.613004115277871,6.347145280078678,8.960149395356549,0,,,-2.676411784441819,-0.756878048329793,,,,,,,53.56056039307077,,,38.67925359744331,37.648655903345684,38.67925359744331,,,,60,100,-40,,,,,,-0.756878048329793,,,,,,125.97211777719927,-188.66263464606166,125.97211777719927,-0.005168866114894721
2026-02-23,263.49,276.11,262.89,264.18,252.85315279533268,263.6501592228601,246.3567060146988,201.78902121667562,-2.413398804180039,5.9434008901315,8.356799694311539,0,,,4.036689297798446,0.4286453727135357,,,,,,,53.34452231452225,,,31.299247320809783,35.3966946498826,,,,,60,100,-40,,,,,,0.4286453727135357,,,,,,133.06809636316302,-167.99670107405046,133.06809636316302,-0.005554851442236495
2026-03-02,262.41,266.53,254.37,257.46,252.62078473852324,262.41212737828806,246.79212930824002,202.34296130407188,-2.666817757409005,5.023277497550282,7.690095254959287,0,,,-5.03371782251916,-1.2244801030541868,,,,,,,49.69630514916711,,,29.47995369504887,31.46788966834391,,,,,60,100,-40,,,,,,-1.2244801030541868,,,,,,187.05571520622428,-115.63366451513218,187.05571520622428,-0.060204564267955826
2026-03-09,255.69,262.48,249.52,250.12,252.70501440005728,259.9537019026304,246.9226340412502,202.81835472393186,-3.2243876371523346,3.659610708518869,6.883998345671204,0,,,-18.473413723344365,-6.490147416021702,,,,,,,45.97574349116403,,,20.13525465519875,23.741081755972075,,,,,60,100,-40,,,,,,,,,,,,269.4092215323653,-30.972998239653613,269.4092215323653,-0.12407392902297847
2026-03-16,252.105,255.13,246,247.99,252.66894194291035,257.5609615221043,246.96449152982862,203.26782383115642,-3.6035256306739383,2.3795913073287807,5.983116938002719,0,,,-31.185571588213588,-18.230901044692377,,,,,,,44.91854690091756,,,11.163798208647027,16.587260423368328,,,,,60,100,-40,,,,,,,,,,,,400.4257267082989,57.3857287130107,400.4257267082989,-0.14800570686353434
2026-03-23,253.97,257,248.07,248.8,253.18258894698818,255.80876921768345,247.03647225414906,203.7208803104484,-3.65511383914106,1.4142246390763944,5.069338478217454,0,,,-36.74160958352046,-28.800198298359472,,,,,,,45.43544523224089,,,4.370209520085622,7.752545647130599,,4.370209520085622,,,60,100,-40,,,,,,,,,,,,576.7119582158809,179.67923258337242,576.7119582158809,-0.16717290233526952
2026-03-30,250.07,256.18,245.51,255.92,253.676689736489,255.83101537414674,247.38484589124124,204.24027453621508,-3.0876756464141923,1.2097439201997133,4.297419566613906,0,,,-38.25233044974781,-35.39317054049395,,,,,,,49.91149485916255,,,7.75910288916981,5.5616037913264975,,,,,60,100,-40,,,,,,,,,,,,529.1279658129936,152.46482665912293,529.1279658129936,-0.13859284263274696
2026-04-06,256.51,262.19,245.7,260.48,253.89835475531123,256.7608122993174,247.89838134648667,204.7998737945612,-2.3183255276655657,1.3995126570319485,3.717838184697514,0,,,-33.24255649909075,-36.07883217745301,,,,,,,52.60879328938148,,,18.136408383597633,11.804323036812258,,,,,60,100,-40,,,,,,-36.07883217745301,,,,,,459.28651748335835,98.38031272110058,459.28651748335835,-0.11665316325265422
2026-04-13,259.73,272.3,256.66,270.23,253.27275798707473,259.45464983945396,248.77413109760485,205.4509198264561,-1.1262539218458878,2.310020782390154,3.436274704236042,0,,,-13.128594122899827,-28.2078270239128,,,,,,,57.86460585684496,,,37.58821785398482,27.40038285634144,,,,,60,100,-40,,,,,,,,,,,,199.4162415772933,-107.6888350463723,199.4162415772933,-0.10012052155437096
2026-04-20,270.33,275.77,265.4,271.06,252.81327527371224,261.7757198715632,249.64808674083602,206.10374649484956,-0.2984056415360561,3.0632676523159716,3.3616732938520277,0,,,4.893276042242906,-13.825958193249226,,,,,,,58.29119075445301,,,54.453451735520716,45.28786251326316,,,,,60,100,-40,,,,,,,,,,,,124.97692492687634,-167.1999559470319,124.97692492687634,-0.0652510880041503
2026-04-27,266.09,287.22,265.07,280.14,255.15946989701848,265.4485758972505,250.84384804511697,206.84042563420428,0.7849331930283094,4.342839785137414,3.557906592109105,0,,,21.830621143303286,4.531767687548787,,,,,,,62.75950513137771,,,73.30911083330722,64.50332886900523,,,,,60,100,-40,,,,,,,,,,,,35.89021130380786,-227.70905486575333,35.89021130380786,-0.05800100383215781
2026-05-04,279.655,294.76,274.8601,293.32,266.95950776151716,271.0228607178004,252.50957949432808,207.70091891147587,2.231481545614338,6.347258524127028,4.11577697851269,0,,,37.90848322952648,21.544126805024224,,,,,,,68.12868105797057,,,85.14376427011254,79.00536557390315,,,,,60,100,-40,,,,,,,,,,,,-0.6352816605208744,-261.7619539810709,-0.6352816605208744,-0.010874893393897885
2026-05-11,291.979,303.2,290.23,300.23,272.9095572071231,276.86428857424033,254.3809685337662,208.62160628549103,3.4246293826467262,8.396563706821098,4.971934324174372,0,,,51.032815868917254,36.923973413915675,,,,,,,70.54100106600228,,,95.34911612723351,91.02382200459954,,,,,60,100,-40,,,,,,,,,,,,76.75295136866474,-191.44159871178528,76.75295136866474,0.010123894268174952
2026-05-18,300.24,311.4,294.91,308.82,281.59816026375717,283.2554308593923,256.5158325128342,209.61860522792395,4.495812156632733,10.591699519965289,6.095887363332555,0,,,59.90394477441647,49.615081290953405,,,,,,,73.2660553033346,,,98.49276220269823,96.98552440539646,,,,,60,100,-40,,,,,,,,,,,,8.252414756180215,-239.36130803691523,8.252414756180215,0.053537436862020865
2026-05-26,309.56,315,307.67,312.06,284.4268631020602,289.0163446875138,258.6940351593897,210.63792258884013,5.0827250541604,12.449293681033055,7.366568626872655,0,,,65.70062637184225,58.879129005058665,,,,,,,74.23974651618099,74.23974651618099,,99.94573504164457,99.89147008328915,99.94573504164457,,,,60,100,-40,,,,,,,,,,,,-56.88438792676166,-273.11379748474883,-56.88438792676166,0.09112265939375871
2026-06-01,309.625,316.94,305.02,307.34,285.3535157376274,292.6810757500111,260.6017200550999,211.6001323143243,4.815766868557928,13.386277212570064,8.570510344012137,0,,,66.53452198214735,64.04636437613536,,,,,,,70.2043929842167,,,97.29036936459119,98.64518468229558,,,,,60,100,-40,,,,,,,,,,,,13.458228059922277,-229.82037976024907,13.458228059922277,0.1007491658281259
2026-06-08,308.739,317.4,287.38,291.13,285.55826461351114,292.3708606000089,261.7989075039195,212.39147428134595,3.2833721554102215,12.674725538274913,9.391353382864692,0,,,60.24112048080404,64.15875627826455,,,64.15875627826455,,64.15875627826455,,58.39508326572352,,,85.40732110039303,91.68754906191822,,,,,60,100,-40,,,,,,64.15875627826455,,105,,106,,-64.44326795097268,-314.3984925311128,-64.44326795097268,0.06226801801385933
2026-06-15,294.12,302.07,291.7,298.01,283.16267428397464,293.4986884800071,263.21895034690306,213.2433999103873,2.5042233936517633,12.521632624929396,10.017409231277632,0,,,53.7990733338607,60.1915719322707,,,,,,,61.38196435301692,,,72.93722265049698,80.23427312168714,,,,,60,100,-40,,,,,,,,,,,,-40.90812832352306,-297.23513025272865,-40.90812832352306,0.03362946007941035
2026-06-22,297.31,302.42,273.75,283.78,283.6639118351193,291.55495078400565,264.0252660195735,213.94525662769686,0.8851403521414163,11.123834671454404,10.238694319312987,0,,,40.27872382624183,51.43963921363553,,,,,,,52.876221362193114,,,54.778010718717965,63.58082168890264,,,,,60,100,-40,,,,,,,,,,,,-111.65210499197343,-409.55601566132344,-111.65210499197343,-0.05313600075361458
2026-06-29,286.73,309.42,279.85,308.63,281.5964895611822,294.9699606272045,265.7744712737079,214.88739337767004,1.316454672843733,11.884262660367654,10.56780798752392,0,,,39.7338775764137,44.603891578838734,,,,,,,62.66397717458761,,,50.57423246912434,53.19095921652218,,,,,60,100,-40,,,,,,,,,,,,-231.35172226616007,-497.81855826835556,-231.35172226616007,0.05398037161292605
2026-07-06,307.36,316.91,307,315.32,282.8081688782406,299.0399685017636,267.71743318454287,215.8867227967977,1.8483788865591464,12.878281595722854,11.029902709163707,0,,,47.85221629856338,42.6216059004063,,,,,,,64.7964861351605,,,47.62340954157461,47.294881138352245,,47.62340954157461,,,60,100,-40,,,,,,42.6216059004063,,,,,,-178.37868185413095,-433.6697294922909,-178.37868185413095,0.06373859093592582
2026-07-13,317.015,334.99,311.91,333.74,302.1347282440806,305.9799748014109,270.3065534518157,217.0593922217052,3.1598474530417207,14.979712025465858,11.819864572424137,0,,,58.15232965626642,48.57947451041449,,,,,,,69.92099139883385,69.92099139883385,,59.74802237459896,53.85137210393034,,,,,60,100,-40,,,,,,,,,,,,-75.03710333519805,-371.1843241300562,-75.03710333519805,0.1500437289445205
2026-07-20,333.505,334.37,319.35,333.02,301.09510479807483,311.3879798411287,272.76590429684256,218.21322911502156,3.662497951213936,16.397987011441558,12.735489060227621,0,,,63.173548910109396,56.392698288313056,,,,,,,69.49263066130769,,,68.13575584450797,62.46703056977012,68.13575584450797,,,,60,100,-40,,,,,,,,,,,,32.242369998474345,-299.1508106518642,32.242369998474345,0.20907127039403006
2026-07-27,334.54,344.5699,300,308.91,301.28116874106945,310.89238387290294,274.18331981461347,219.11568454671288,2.1308044535011508,15.39899462710406,13.268190173602909,0,,,59.11212958157349,60.146002715983094,,,60.146002715983094,,60.146002715983094,,56.85662107124024,,,63.797789308448415,66.76118309535255,,,,,60,100,-40,,,,,,60.146002715983094,,105,,106,,80.01648454420632,-252.0324814424344,80.01648454420632,0.18861581357810528
2026-08-03,309.58,316.2894,301.32,313.33,297.2325281167074,311.37990709832235,275.71848374345217,220.05314042186998,1.2201788694647995,14.793413760433907,13.573234890969108,0,,,49.94128263287543,57.40898704151943,,,,,,,58.36033621652713,,,50.99814506927238,59.1587916948337,,,,,60,100,-40,,,,,,,,,,,,37.286214627077925,-268.93566663471904,37.286214627077925,0.24434819532989582
2026-08-10,306.83,309.97,300.57,305.93,297.701718965514,310.2899256786579,276.9032490868462,220.90763653707526,-0.010542701296619938,13.560056514348332,13.570599215644952,0,,,37.97684480494592,49.010085673131606,,,,,,,54.890415939070564,,,30.406825581501405,41.12138628206453,,,,,60,100,-40,,,,,,,,,,,,15.052357422154685,-269.1291817920428,15.052357422154685,0.2840696023904438
2026-08-17,306.21,320.28,302.939,309.35,298.4530247536916,310.1019405429263,278.1756706912836,221.7876600541193,-0.6868466253812517,12.712040933918388,13.39888755929964,0,,,33.66256644821812,40.52689796201315,,,,,,,56.19444535368637,,,22.73047530302593,26.997678482675287,,,,,60,100,-40,,,,,,,,,,,,11.406474254490178,-251.1056941934896,11.406474254490178,0.23864913317165437
2026-08-24,311.47,322.37,308.21,319.7,298.496237271285,312.021552434341,279.80407576221364,222.7619121928843,-0.5363774674934252,12.728415724932859,13.264793192426284,0,,,36.386016883456044,36.00847604554003,,,,,,,59.98671430305873,,,20.28368620468724,19.680727353422316,,20.28368620468724,,,60,100,-40,,,,,,36.00847604554003,,,,,,56.60529711731016,-212.72284070376423,56.60529711731016,0.2302604828262082
2026-08-31,319.6,330.81,312.8,319.97,298.9907917519075,313.6112419474728,281.3792100460484,223.72915684768148,-0.5176503395121035,12.617730268036155,13.135380607548258,0,,,41.85143957701475,37.300007636229644,,,,,,,60.084370195520265,,,27.727694366657474,23.701326478160905,,,,,60,100,-40,,,,,,,,,,,,89.04069764143557,-179.50050603035254,89.04069764143557,0.18873332540756974
2026-09-08,317.1,336.22,309.9,332.27,298.90002091248556,317.3429935579783,283.37492729914453,224.8091652372568,0.1864280549572861,13.368415676244865,13.181987621287579,0,,,48.646157596142935,42.29453801887124,,,,,,,64.37527793448633,,,41.34884658870172,33.8346001221274,,,,,60,100,-40,,,,,,,,,,,,191.9423889793564,-101.40950493392481,191.9423889793564,0.21494416735274505
2026-09-14,334.79,338.49,328.35,336.13,300.018590847308,321.10039484638264,285.44375367957025,225.91683523489604,0.7441164030596692,14.112133125112166,13.368016722052497,0,,,57.351657016709424,49.2830847299557,,,,,,,65.63134555291097,,,54.96114615851059,47.634861906862795,,,,,60,100,-40,,,,,,,,,,,,266.1346818922008,-37.516867673211216,266.1346818922008,0.22137732522461043
2026-09-21,335.28,345.34,333.05,341.07,306.089405786786,325.0943158771061,287.6251751039008,227.0626378693747,1.2480424465230655,14.928069780206329,13.680027333683263,0,,,64.00768378823871,56.66849946703036,,,,,,,67.23310950323005,,,69.25067430526269,62.412968018989936,,,,,60,100,-40,,,,,,,,,,,,319.5647397299825,12.031653721918119,319.5647397299825,0.19249813218045078
2026-09-28,340.37,342.988,328.7,333.02,306.8323053734441,326.6794527016849,289.40536431551254,228.1169399801272,0.8600186889108894,14.755050694821875,13.895032005910986,0,,,63.08758772422786,61.48230950972533,,,,,,,62.122029720270085,,,69.62680801895394,69.40735675990041,,,,,60,100,-40,,,,,,,,,,,,397.82569614271296,63.480443954296604,397.82569614271296,0.16119542479048257