time,open,high,low,close,Plot,fast EMA,slow EMA,third EMA,Histogram,MACD,Signal,Plot,MFI Bar TOP Line,MFI Bar BOTTOM Line,WT Wave 1,WT Wave 2,VWAP,rsiMFI,WT Bearish Divergence,WT Bullish Divergence,WT 2nd Bearish Divergence,WT 2nd Bullish Divergence,RSI,RSI Bearish Divergence,RSI Bullish Divergence,Stoch K,Stoch D,Stoch Bearish Divergence,Stoch Bullish Divergence,Schaff Trend Cycle 1,Schaff Trend Cycle 2,Over Bought Level 2,Over Bought Level 3,Over Sold Level 2,Sommi bearish flag,Sommi bullish flag,Sommi higher VWAP,Sommi bearish diamond,Sommi bullish diamond,Buy and sell circle,Buy circle,Sell circle,Divergence buy circle,Divergence sell circle,Gold  buy gold circle,Test signals,Dataset 1,Dataset 2,CMF
1999-03-08,51.125,51.734375,49.65625,50.0625,,,,,,,,0,,,,,,,,,,,,,,,,,,,,60,100,-40,,,,,,,,,,,,,,,
1999-03-15,50.4375,53.25,49.90625,51.21875,,,,,,,,0,,,,,,,,,,,,,,,,,,,,60,100,-40,,,,,,,,,,,,,,,
1999-03-22,51.4375,52.46875,48.5,51.75,,,,,,,,0,,,,,,,,,,,,,,,,,,,,60,100,-40,,,,,,,,,,,,,,,
1999-03-29,52.375,54.1875,52.0625,53.5625,,,,,,,,0,,,,,,,,,,,,,,,,,,,,60,100,-40,,,,,,,,,,,,,,,
1999-04-05,54.429685,56.25,53.8125,55.8125,,,,,,,,0,,,,,,,,,,,,,,,,,,,,60,100,-40,,,,,,,,,,,,,,,
1999-04-12,54.5,55.90625,51.125,51.96875,,,,,,,,0,,,,,,,,,,,,,,,,,,,,60,100,-40,,,,,,,,,,,,,,,
1999-04-19,52.3125,55.71875,48.84375,55.3125,,,,,,,,0,,,,,,,,,,,,,,,,,,,,60,100,-40,,,,,,,,,,,,,,,
1999-04-26,55.6875,57.28125,51.8125,53.71875,,,,,,,,0,,,,,,,,,,,,,,,,,,,,60,100,-40,,,,,,,,,,,,,,,
1999-05-03,53.5625,54.375,51.03125,52.96875,,52.93055555555556,,,,,,0,,,,,,,,,,,,,,,,,,,,60,100,-40,,,,,,,,,,,,,,,
1999-05-10,53.3125,56,52.6875,53.40625,,53.02569444444445,,,,,,0,,,,,,,,,,,,,,,,,,,,60,100,-40,,,,,,,,,,,,,,,
1999-05-17,52.9375,54.992185,52.41406,52.875,,52.995555555555555,,,,,,0,,,,,,,,,,,,,,,,,,,,60,100,-40,,,,,,,,,,,,,,,
1999-05-24,52.96875,53.0625,48.9375,52.03125,,52.80269444444444,,,,,,0,,,,,,,,,,,,,,,,,,,,60,100,-40,,,,,,,,,,,,,,,
1999-05-31,51.9375,52.742185,49.57031,52.5625,,52.75465555555555,,,,,,0,,,,,,,,,,,,,,,,,,,,60,100,-40,,,,,,,,,,,,,,,
1999-06-07,52.929685,54.03125,51.3125,51.78125,,52.55997444444444,,,,,,0,,,,,,,,,,,54.668930390492356,,,,,,,,,60,100,-40,,,,,,,,,,,,,,,
1999-06-14,51.96875,55.21875,50.6875,55.0625,48.542410714285715,53.06047955555555,,,,,,0,,,,,,,,,,,62.00640341515474,,,,,,,,,60,100,-40,,,,,,,,,,,,,,,
1999-06-21,55.4375,57.09375,54.1875,54.6875,48.414381377551024,53.38588364444444,,,,,,0,,,,,,,,,,,60.78818879330388,,,,,,,,,60,100,-40,,,,,,,,,,,,,,,
1999-06-28,55.15625,59.9375,54.703125,58.75,51.46513985058309,54.45870691555555,,,,,,0,,,,,,,,,,,68.1353646071831,,,,,,,,,60,100,-40,,,,,,,,,,,,,,,
1999-07-05,59.0625,59.90625,57.9375,59.84375,52.32923700411287,55.53571553244444,,,,,,0,,,,,,,,,,,69.78653128619038,,,,,,,,,60,100,-40,,,,,,,,,,,,,,,
1999-07-12,60.0625,61.71875,58.78125,61.375,54.115987932390524,56.70357242595556,,,,,,0,,,,,,,,,,,71.98801740840541,71.98801740840541,,,,,,,,60,100,-40,,,,,,,,,,,,,,,
1999-07-19,61.625,61.625,56.6875,57.28125,54.21484593721977,56.81910794076445,,,,,,0,,,,,,,,,,,59.443426064209206,,,72.22222222222223,77.77777777777779,,,,,60,100,-40,,,,,,,,,,,,,,,0.08937573399905317
1999-07-26,56.5,58.4375,55.78125,56.59375,54.0209283702755,56.77403635261156,,,,,,0,,,,,,,,,,,57.616762165781196,,,50,66.66666666666667,,,,,60,100,-40,,,,,,,,,,,,,,,0.07841256756262738
1999-08-02,56.6875,57.8125,53.75,55.328125,54.16675491525582,56.48485408208925,,,,,,0,,,,,,,,,,,54.28965821912533,,,16.666666666666668,33.333333333333336,,,,,60,100,-40,,,,,,,,,,,,,,,0.06717246752323312
1999-08-09,55.53125,57.71875,52.9375,57.65625,54.10127242130898,56.7191332656714,,,,,,0,,,,,,,,,,,59.006934110881865,,,11.653393529597617,14.160030098132145,,11.653393529597617,,,60,100,-40,,,,,,,,,,,,,,,0.09923465106290355
1999-08-16,57.625,58.84375,56.69531,57.96875,53.93778867692976,56.96905661253712,,,,,,0,,,,,,,,,,,59.61300604221756,,,14.489278914649343,9.53132869759045,,,,,60,100,-40,,,,,,,,,,,,,,,0.09534180419393075
1999-08-23,58.5,61.75,58.367185,59.875,54.162098057149066,57.5502452900297,,,,,,0,,,,,,,,,,,63.20770548942062,,,29.105391542610278,21.701192294497975,,,,,60,100,-40,,,,,,,,,,,,,,,0.06755070634461971
1999-08-30,60.125,62.679685,58.125,62.65625,55.418376767352704,58.57144623202376,,,,2.7214316321273486,,0,,,,,,,,,,,67.74539761007239,,,44.55392057164843,36.266165266431926,,,,,60,100,-40,,,,,,,,,,,,,,,0.16852040612072258
1999-09-06,62.53125,63.742185,61.03125,63.125,55.75344842682751,59.48215698561901,,,,2.932153469569073,,0,,,,,,,,,,,68.45573059959167,,,61.10888361680606,52.89225847529991,,,,,60,100,-40,,,,,,,,,,,,,,,0.14016873584058095
1999-09-13,63.0625,63.492185,60.19531,63.3125,56.080211396339834,60.2482255884952,,,,3.0787913368573854,,0,,,80.24125740585963,,,,,,,,68.75391709482142,68.75391709482142,,73.42271674573777,67.25315453166318,73.42271674573777,,,,60,100,-40,,,,,,,,,,,,,,,0.20853699212181742
1999-09-20,63.5,63.75,58.625,60.078125,56.12582129660127,60.21420547079616,,,,2.900579793144729,,0,,,72.47667011646084,,,,,,,,58.4318164293072,,,66.56126963040862,70.51008174473546,,,,,60,100,-40,,,,,,,,,,,,,,,0.1689054473705506
1999-09-27,60.9375,61.375,58.75,60.210935,55.90701263255833,60.21355137663693,,,,2.738494853846838,,0,,,62.29263539772995,71.6701876400168,,,,,,,58.707584161602476,,,53.59489083019001,62.34862953406855,,,,,60,100,-40,,,,,,,,,,,,,,,0.19936782689145
1999-10-04,60.53125,63.9375,60.1875,63.75781,56.50628601594701,60.92240310130954,,,,2.863238905920035,,0,,,65.29801206482954,66.68910585967343,,,,,,,65.35689227471826,65.35689227471826,,43.76638272314325,48.746593772169945,,,,,60,100,-40,,,,,,,,,,,,,,,0.28635289603739134
1999-10-11,63.9375,64.6875,59.50781,59.875,56.48853772909366,60.712922481047634,,,,2.6186035175908273,,0,,,59.89062687921026,62.49375811392324,,,,,,,54.87695804201369,,,35.116769937469286,38.46521591884166,,,,,60,100,-40,,,,,,,,,,,,,,,0.16561471465179678
1999-10-18,59.9375,63.25,57.41406,61.96875,56.26781574844411,60.96408798483811,,,,2.5641187715483937,,0,,,52.06601129944793,59.0848834144959,,,,,,,58.74169009265333,,,34.10187731546318,34.68956256528496,,34.10187731546318,,,60,100,-40,,,,,,,,,,,,,,,0.17614217090967363
1999-10-25,61.6875,66.25,60.44531,65.75,57.96129962355524,61.921270387870486,,,-0.0074024824207779005,2.7938487423522034,2.8012512247729813,0,,,62.184123628513476,58.04692060239055,,,,,,,64.66306513492334,,,35.148837086440714,33.89504754865494,,,,,60,100,-40,,,,,,58.04692060239055,,,,,,,,,0.2480824030334183
1999-11-01,65.75,69.21875,65.19531,68.1875,60.12589393615844,63.17451631029639,,,0.26815287902437746,3.136442323553453,2.8682894445290756,0,,,75.22130887101258,63.15714793299133,,,,,,,67.88212650892899,,,55.81711021363262,45.38775977928328,,,,,60,100,-40,,,,,,,,,,,,,,,0.23096800481673294
1999-11-08,68.4375,72.25,68.21875,72.1875,64.12694579786141,64.97711304823711,,,0.6559296320767771,3.688201484625047,3.03227185254827,0,,,85.48554254262825,74.29699168071811,,,,,,,72.35861661375041,,,76.32213201833387,63.82333782721904,,,,,60,100,-40,,,,,,,,,,,,,,,0.31500104281246044
1999-11-15,72.25,75.90625,70.15625,75.78125,67.7160925265856,67.1379404385897,,,1.0662957588948982,4.365141551166893,3.2988457922719947,0,,,92.0209677334494,84.2426063823634,,,,,,,75.66043803451328,,,91.17234686015667,84.353020144436,,,,,60,100,-40,,,,,,,,,,,,,,,0.3473688769013283
1999-11-22,75.9375,78.78125,74.25,77.6875,69.37699663182948,69.24785235087175,,,1.3591857856785245,4.9978280243701505,3.638642238691626,0,,,95.64289229063908,91.04980085557224,,,,,,,77.22383244880737,,,97.80209996422101,95.60419992844201,,,,,60,100,-40,,,,,,,,,,,,,,,0.34134980305905477
1999-11-29,77.53125,80.1875,73.75,79.125,70.76078258669881,71.2232818806974,,,1.5300779004138505,5.551239614208939,4.021161713795088,0,,,95.0050755973376,94.22297854047535,,,,,,,78.35940552645664,,,99.6652789293129,99.3305578586258,,,,,60,100,-40,,,,,,,,,,,,,,,0.35531265536743994
1999-12-06,79.429685,80.5,77.25,79.5,70.81358383050603,72.87862550455792,,,1.5442520154851138,5.95147673315148,4.407224717666367,0,,,92.99024475098771,94.54607087965479,,,94.54607087965479,,94.54607087965479,,78.66009105123871,,,100,100,,,,,60,100,-40,,,,,,94.54607087965479,,105,,,,,,,0.4002094179165136
1999-12-13,79.63281,84.875,77.9375,83.78125,75.25100641404131,75.05915040364633,,,1.7052233805398718,6.538753943341206,4.833530562801334,0,,,92.08109435810012,93.35880490214181,,,,,,,81.78952651504554,,,100,100,,,,,60,100,-40,,,,,,,,,,,,,,,0.45080845094317135
1999-12-20,84.40625,90.75,83.6875,89.65625,80.74423809875265,77.97857032291707,,,2.0475888856941378,7.393016669919007,5.345427784224869,0,,,93.77749691099027,92.9496120066927,,,,,,,85.04897298085565,,,100,100,,,,,60,100,-40,,,,,,92.9496120066927,,,,,,,,,0.4901713831030645
1999-12-27,90.3125,93.75,87.90625,91.375,82.0906318059846,80.65785625833365,,,2.2157923236646395,8.115168188805669,5.899375865141029,0,,,93.78123056338666,93.21327394415901,,,,,,,85.85157047053859,85.85157047053859,,100,100,,,,,60,100,-40,,,,,,,,,,,,,,,0.455357727362415
2000-01-03,96.1875,96.1875,80,88.5,81.91897953412855,82.22628500666693,,,1.9678042177661457,8.359131137348712,6.391326919582566,0,,,88.33765209150417,91.9654598552937,,,,,,,78.24050177421645,,,95.47911780084334,97.73955890042167,,,,,60,100,-40,,,,,,91.9654598552937,,105,,,,,,,0.4222777099082682
2000-01-10,91,93.9375,86,92.6875,81.5944095674051,84.31852800533355,,,1.918182488286858,8.789055029941139,6.870872541654281,0,,,84.76826335314182,88.96238200267756,,,,,,,80.9108239280323,,,91.62134377044661,94.11534106053956,,,,,60,100,-40,,,,,,,,,,,,,,,0.4569701928829305
2000-01-18,92.0625,96.875,91.4375,96.25,84.81534459830473,86.70482240426684,,,1.9512362478218606,9.309917851431607,7.358681603609746,0,,,83.49360913295907,85.53317485920168,,,,,,,82.85049677380597,82.85049677380597,,88.19503120077074,89.68402139579005,,,,,60,100,-40,,,,,,,,,,,,,,,0.4521873184124257
2000-01-24,97.4375,97.625,84.75,85.75,84.85531998414011,86.51385792341347,,,1.1324935099478637,8.774298491044576,7.641804981096712,0,,,75.04137369920373,81.10108206176821,,,,,,,62.55499375685549,,,69.77264899724693,78.84467137014975,,,,,60,100,-40,,,,,,,,,,,,,,,0.35223572110045853
2000-01-31,85.875,98.242185,83.5,96.90625,84.48618998527296,88.59233633873077,,,1.2022511770281197,9.144618952381862,7.942367775353742,0,,,71.50260579545986,76.67919620920756,,,,,,,70.79093741644802,,,53.757865660785804,63.7305997379168,,,,,60,100,-40,,,,,,,,,,,,,,,0.3685509136308712
2000-02-07,97.25,102.25,96.25,99,85.36106070061061,90.67386907098462,,,1.2441591206725793,9.497566676194467,8.253407555521887,0,,,73.62319327642078,73.38905759036146,,,,,,,72.04121500626103,,,35.43186470850066,43.83737190625007,,35.43186470850066,,,60,100,-40,,,,,,73.38905759036146,,,,,,,,,0.3714012778237307
2000-02-14,99.992185,103.25,95.875,98.8125,85.47812779342414,92.30159525678769,66.1874999,,1.1179947776632861,9.650901027600995,8.532906249937708,0,,,72.87569922531465,72.66716609906511,,,,,,,71.74328882968013,,,38.601238967426255,37.00349175731464,,,,,60,100,-40,,,,,,,,,,,,,,,0.3461718650182456
2000-02-22,99,107.5,96.25,104.1875,90.57790437960813,94.67877620543015,67.67769598235294,,1.2455373435582953,10.089827929385578,8.844290585827283,0,,,73.44327217152615,73.3140548910872,,,,,,,74.95927279147274,,,42.03198196882856,37.82232690648656,,,,,60,100,-40,,,,,,,,,,,,,,,0.32663284467210774
2000-02-28,103.25,111.125,100.5,109.523435,95.27881049535041,97.64770796434412,69.318705355594,,1.5200806241873117,10.744391366061421,9.22431074187411,0,,,75.3434077371702,73.887459711337,,,,,,,77.6900430392756,,,50.68062993816578,46.950470771259994,,,,,60,100,-40,,,,,,,,,,,,,,,0.40975023491744716
2000-03-06,111.75,116.4375,106.28125,114.6875,99.9424915313968,101.0556663714753,71.09787377302169,,1.8579361793991076,11.546730966122993,9.688794786723886,0,,,78.16492851122712,75.6505361399745,,,,,,,79.97914019488405,79.97914019488405,,61.00699535409764,55.66660421110935,,,,,60,100,-40,,,,,,,,,,,,,,,0.41996409277069036
2000-03-13,110,114.125,101,110.8125,99.54481356486846,103.00703309718024,72.65531009564829,,1.6366770715020529,11.734641126101451,10.097964054599398,0,,,74.55776162514223,76.02203262451319,,,76.02203262451319,,76.02203262451319,,73.82181194085767,,,63.62721953494933,62.00315366801404,,,,,60,100,-40,,,,,,76.02203262451319,,105,,106,,,,,0.4139780197380032
2000-03-20,111,120.5,103.5625,117.875,101.85857688166357,105.9806264777442,74.42863126836797,,1.770849872562703,12.311526395302778,10.540676522740075,0,,,74.54020420236806,75.75429811291248,,,,,,,77.27602235734832,,,65.337421936571,65.56837894302815,65.337421936571,,,,60,100,-40,,,,,,,,,,,,,,,0.4249903969191454
2000-03-27,118,119.5,103.5,109.5,100.58296424725903,106.68450118219536,75.8039790617653,,1.131545638105214,11.955108570371593,10.823562932266379,0,,,69.86473777383621,72.98756786711552,,,,,,,66.07550334634611,,,51.97812961306017,58.57850238952971,,,,,60,100,-40,,,,,,,,,,,,,,,0.37120482365257956
2000-04-03,107.76562,109.125,88.3125,106,99.53239537245481,106.54760094575629,76.98813674561765,,0.3494864566093874,11.260421003028114,10.910934546418726,0,,,54.30548380862409,66.23680859494279,,,,,,,62.006606438397114,,,37.150502965401785,46.19630692437701,,,,,60,100,-40,,,,,,,,,,,,,,,0.37495053258586863
2000-04-10,107.625,107.6875,63.125,79.75,97.81579570299377,101.18808075660503,77.09644510853461,,-1.933700327661935,8.493809136841307,10.427509464503242,0,,,27.12340518579128,50.43120892275053,,,,,,,41.32854911018559,,,16.1984850528154,26.469856487161994,,,,,60,100,-40,,,,,,,,,,,,,,,0.3253355664051121
2000-04-17,78.01562,93.625,78,86.875,92.88252458135135,98.32546460528403,77.47991784937639,,-2.903754563551157,6.797816260064295,9.701570823615452,0,,,10.833577864909117,30.754155619774835,,,,,,,46.56805598093411,,,8.889664696891582,12.952785504669627,,8.889664696891582,,,60,100,-40,,,,,,,,,,,,,,,0.3028564224656131
2000-04-24,83.4375,94.75,79.875,94.5,92.43555853982625,97.56037168422722,78.14737205136163,,-2.9613838358071654,5.999841028856494,8.96122486466366,0,,,1.9990787285405762,13.318687259746993,,,,,,,51.58103799737124,,,11.442896567141329,8.409862660466246,,,,,60,100,-40,,,,,,,,,,,,,,,0.33405060513230095
2000-05-01,95.75,96.875,85.51562,91.5,92.12766150126723,96.34829734738177,78.67100451993568,,-3.1154148810618576,5.066956263336337,8.182371144398195,0,,,-3.1469219239083257,3.2285782231804574,,,,,,,49.597684678097345,,,18.05808778996148,13.854662485713227,,,,,60,100,-40,,,,,,,,,,,,,,,0.3076279513168473
2000-05-08,90.5,90.75,79.5,84.6875,92.343988536891,94.01613787790542,78.9069455191539,,-3.5579983107101993,3.734873256010445,7.2928715667206445,0,,,-13.069577436417163,-4.739140210594971,,,,,,,45.311545653433654,,,20.110443156978086,19.23958247049558,20.110443156978086,,,,60,100,-40,,,,,,,,,,,,,,,0.2818286750440358
2000-05-15,84.8125,91.5,81.3125,81.6875,92.45334649854165,91.55041030232434,79.01598687134394,,-3.9068255888272194,2.40933958068662,6.316165169513839,0,,,-19.84027511121824,-12.018924823847911,,,,,,,43.51745182061782,,,15.882954250557763,18.752181359696465,,,,,60,100,-40,,,,,,,,,,,,,,,0.23891740671759262
2000-05-22,81.625,82.625,72.25,77.6875,92.81382174864581,88.77782824185947,78.96388934697751,,-4.233515443225407,1.0242708654820802,5.257786308707487,0,,,-30.436852606380498,-21.115568384671967,,,,,,,41.16323418314191,,,9.151268178163768,13.074391835301798,,,,,60,100,-40,,,,,,,,,,,,,,,0.23910468553106315
2000-05-30,80,94.10937,80,93.25,93.12176305231397,89.67226259348757,79.52412898042937,,-3.271122280832577,1.168883457666766,4.440005738499343,0,,,-25.12596024088857,-25.1343626528291,,,,,,,52.087934350054226,,,10.824791345442577,9.972863588332489,,10.824791345442577,,,60,100,-40,,,,,,-25.1343626528291,,,,,,,,,0.2447440088333774
2000-06-05,92.25,95.3125,89.5625,93.5625,92.54386997714869,90.45031007479005,80.07465333413802,,-2.5169709209165076,1.293792087353708,3.8107630082702157,0,,,-15.694581519107674,-23.75246478879225,,,,,,,52.28068139631566,,,16.25062428470123,12.351528048245216,,,,,60,100,-40,,,,,,,,,,,,,,,0.2354955913239605
2000-06-12,94.3125,95.3125,89.35937,94.17187,85.15680783592379,91.19462205983204,80.62748536025025,,-1.9081931132243892,1.4255216167397293,3.3337147299641186,0,,,-8.073151559376107,-16.297897773124117,,,,,,,52.68280079134198,,,26.109934363880836,21.011577087867895,,,,,60,100,-40,,,,,,,,,,,,,,,0.3064398927232443
2000-06-19,94.01562,99.71875,91.4375,91.64062,82.5451601333578,91.28382164786564,81.05937299318161,,-1.6185236435955774,1.3105601754696465,2.929083819065224,0,,,-0.1253798382016953,-7.964370972228493,,,,,,,50.7580188867312,,,28.904604879607994,27.291805480066756,,,,,60,100,-40,,,,,,,,,,,,,,,0.23138031938339876
2000-06-26,93.0625,95.5,90.625,93.1875,71.53747012383224,91.66455731829251,81.5349858169784,,-1.2801043782409103,1.3289533462640861,2.6090577245049964,0,,,3.8647999456067623,-1.4445771506570153,,,,,,,51.920945423812334,,,33.103612420564644,31.983230190043074,,,,,60,100,-40,,,,,,,,,,,,,,,0.238791021384554
2000-07-03,93.5,97,90.0625,95.40625,73.38747225784422,92.412895854634,82.07895696141063,,-0.8830753918612944,1.5052134846783787,2.388288876539673,0,,,9.022950934998033,4.254123680801031,,,,,,,53.62284798314123,,,38.45501386563674,35.41285666537723,,,,,60,100,-40,,,,,,,,,,,,,,,0.2675376387598592
2000-07-10,94.6875,101.125,92.8125,100.625,79.18792066799821,94.0553166837072,82.8062527668455,,-0.27665818442872947,2.042466146003761,2.3191243304324907,0,,,20.07274494794546,10.986831942850083,,,,,,,57.45989854666789,,,56.304515979552264,47.082549419021746,,,,,60,100,-40,,,,,,,,,,,,,,,0.2782903244624507
2000-07-17,100.9375,102.0625,95.65625,97.3125,79.53164062028405,94.70675334696577,83.37512520736136,,-0.11460377311456416,2.1758696140392857,2.29047338715385,0,,,27.246750675265673,18.780815519403053,,,,,,,54.366901337793074,,,70.62273248745856,62.06727964522404,,,,,60,100,-40,,,,,,,,,,,,,,,0.2274158654369296
2000-07-24,97.9375,99,86,86.8125,80.12313057597805,93.12790267757262,83.50992421883738,,-0.6979907672013703,1.417984928152137,2.1159756953535074,0,,,15.30671593898084,20.87540385406399,,,,,20.87540385406399,,45.88520255730887,,,71.39375573528632,71.87304483508713,71.39375573528632,,,,60,100,-40,,,,,,20.87540385406399,,,,,,,,,0.1469964632814434
2000-07-31,87.625,92.76562,83.3125,90,79.7304069634082,92.50232214205809,83.76443699456925,,-0.8429287467105571,1.062314761965311,1.9052435086758681,0,,,2.689595222362799,15.081020612203103,,,,,,,48.526139349779896,,,60.405579218087894,67.7259526003386,,,,,60,100,-40,,,,,,,,,,,,,,,0.12999034756845917
2000-08-07,90.875,94.4375,87.875,90.875,79.87243218030761,92.17685771364647,84.04328260262535,,-0.851114632124542,0.8413502185201907,1.6924648506447326,0,,,-1.4031716636226186,5.531046499240339,,,,,,,49.26250071444054,,,49.03546727588518,55.51765175577327,,,,,60,100,-40,,,,,,,,,,,,,,,0.0943777927007703
2000-08-14,91.375,96.625,90.20312,95.14062,80.41725845314278,92.76961017091718,84.47847230448318,,-0.5548365269451836,0.9989191919632532,1.5537557189084368,0,,,3.656123485649889,1.6475156814633536,,,,,,,52.82650732409809,,,53.561028851897845,50.6901365839075,,53.561028851897845,,,60,100,-40,,,,,,1.6475156814633536,,,,,,,,,0.1270553710315636
2000-08-21,96,99.95312,93.82812,98.375,80.94325713506115,93.89068813673374,85.0234341748956,,-0.14780442171800368,1.3690001917609322,1.516804613478936,0,,,15.69041161574637,5.981121145924544,,,,,,,55.39995714076395,,,62.996014044587646,56.24430800126515,,,,,60,100,-40,,,,,,,,,,,,,,,0.09129633274727122
2000-08-28,98.25,103.51562,97.76562,102.5,83.34909591112822,95.61255050938699,85.70878969744871,,0.36448301345708645,1.972408380300294,1.6079253668432076,0,,,30.24202129269159,16.529518798029283,,,,,,,58.525957718765525,,,78.42985486681332,70.75983773535624,78.42985486681332,,,,60,100,-40,,,,,,,,,,,,,,,0.1417983864130898
2000-09-05,101.625,101.75,94.82812,94.875,83.89558906033335,95.46504040750959,86.06824892499974,,0.16519921606966115,1.814424386930284,1.649225170860623,0,,,30.67870305177911,25.537045320072355,,,,,,,51.32252078026935,,,77.19624231951313,77.56001918130171,,,,,60,100,-40,,,,,,,,,,,,,,,0.09948828619266707
2000-09-11,94.5,96.125,90,91.375,84.12849269888096,94.64703232600768,86.27635681029386,,-0.206765517684373,1.3907682737551568,1.5975337914395298,0,,,18.064529856936957,26.328418067135885,,,,,26.328418067135885,,48.36252880718395,,,63.4476439131831,72.45690632059029,,,,,60,100,-40,,,,,,26.328418067135885,,,,,,,,,-0.008454956937658712
2000-09-18,91.8125,95.23437,87.5,92.9375,84.56574322038946,94.30512586080614,86.53757811185096,,-0.34391612746529643,1.1676386321079093,1.5115547595732057,0,,,6.992612546022915,18.57861515157966,,,,,,,49.76377246786064,,,42.77483305641256,54.205128269081406,,,,,60,100,-40,,,,,,,,,,,,,,,0.018003472002915334
2000-09-25,93.625,94.25,88,88.6875,84.74185156179021,93.18160068864492,86.62188877413132,,-0.6968564483686501,0.6404841991123931,1.3373406474810432,0,,,-4.9041373732227065,6.717668343245722,,,,,,,46.07921937784362,,,25.40733803895959,34.14939885685971,,,,,60,100,-40,,,,,,,,,,,,,,,-0.026962309154330174
2000-10-02,90.25,90.25,81.25391,83,85.11743359309091,91.14528055091594,86.47985392024381,,-1.2566974797666384,-0.23353120222725465,1.0231662775393837,0,,,-22.82962956249507,-6.913718129898286,,,,,,,41.61248840701253,,,14.827962291667955,19.416434912034777,,,,,60,100,-40,,,,,,,,,,,,,,,-0.024199701412459387
2000-10-09,82.5625,83.8125,74.3125,81.25,85.07388976501299,89.16622444073275,86.27476160964602,,-1.662725757168285,-1.0552409189209726,0.6074848382473124,0,,,-39.11997729335239,-22.284581409690052,,,,,,,40.30999314455062,,,4.4841278153934345,8.96825563078687,,4.4841278153934345,,,60,100,-40,,,,,,,,,,,,,,,0.016804527803021052
2000-10-16,81.125,87.875,74.5625,86.3125,84.96146906751207,88.5954795525862,86.27624154652264,,-1.5125149838886696,-1.2831588916135246,0.22935609227514497,0,,,-43.69129328177023,-35.213633379205895,,,,,,,45.64216021163798,,,8.537349794448804,6.828547315049687,,,,,60,100,-40,,,,,,,,,,,,,,,0.04575414558782209
2000-10-23,86.1875,87.5,73.625,79.71875,84.31243556268977,86.82013364206895,86.01908501528646,,-1.7619659630060867,-1.9731013614824633,-0.2111353984763767,0,,,-49.159377237751315,-43.99021593762464,,,,,,,40.53309513521721,,,8.609242305984582,6.866159221454274,,,,,60,100,-40,,,,,,,,,,,,,,,0.014282973005011631
2000-10-30,78.1875,83.9375,75.70312,83.0625,83.62940445106908,86.06860691365516,85.90314050488307,,-1.6106366422408394,-2.224431201277426,-0.6137945590365865,0,,,-50.63969564585261,-47.83012205512472,,,,,,,43.97814981846585,,,14.89806864185987,12.59865373702064,14.89806864185987,,,,60,100,-40,,,,,,,,,,,,,,,0.0462274486996342
2000-11-06,83.625,84.125,71.75,71.75,83.80096413313557,83.20488553092413,85.34811538704452,,-2.1476955955898274,-3.298414053523871,-1.1507184579340435,0,,,-56.79148321250262,-52.19685203203551,,,,,,,36.275778879481905,,,9.225855671436452,11.500380070021727,,,,,60,100,-40,,,,,,,,,,,,,,,0.00556713803158027
2000-11-13,70.95312,78.0625,68.26562,72.82812,83.36875240934017,81.12953242473931,84.85713517578787,,-2.2924340107252563,-4.016260971340614,-1.7238269606153578,0,,,-61.97545215479228,-56.4688770043825,,,,,,,37.40760487012229,,,9.870310052887284,10.972358731331214,,,,,60,100,-40,,,,,,,,,,,,,,,-0.0026000533063042165
2000-11-20,70.9375,72.0625,66.5,70.4375,75.71071580867302,78.99112593979144,84.29165928654129,,-2.3998280484987142,-4.7236120212387505,-2.3237839727400362,0,,,-66.60159902009612,-61.78951146246367,,,,,,,35.87688605616644,,,3.902000920055188,5.88089862185123,,,,,60,100,-40,,,,,,,,,,,,,,,0.010207218744661602
2000-11-27,72.5625,72.9375,60.5,64,74.23807610805352,75.99290075183316,83.49590794197104,,-2.730978314894772,-5.737506866358501,-3.006528551463729,0,,,-70.72942475499526,-66.43549197662789,,,,,,,32.05089083875562,,,3.0639629109565165,4.204822603653887,,3.0639629109565165,,,60,100,-40,,,,,,,,,,,,,,,-0.055273679447634325
2000-12-04,64.125,74,61.75,68,73.79696352890684,74.39432060146653,82.88822527758002,,-2.5126938882519894,-6.147395911778716,-3.6347020235267267,0,,,-69.25472599974557,-68.86191659161231,,,,,,,36.60193001474185,,,6.407028669366646,4.165065943812896,,,,,60,100,-40,,,,,,,,,,,,,,,-0.03659307035814795
2000-12-11,72.05859,74.78125,62.5625,63.875,69.16414470541349,72.29045648117322,82.14260860002786,,-2.474268851555304,-6.727538087970856,-4.253269236415552,0,,,-67.36728469011035,-69.11714514828373,,,,,,,34.05381707492273,,,10.326792661444255,7.806419984017012,,,,,60,100,-40,,,,,,-69.11714514828373,-107,,,,,,,,-0.059225027772543536
2000-12-18,65.15625,65.96875,54.25,60.5,66.43813436931254,69.93236518493858,81.29387885100715,,-2.497087892870362,-7.374629102503505,-4.877541209633143,0,,,-70.63748706902011,-69.08649925295867,,,,,,,32.07462387630588,,,12.209695928169673,11.47888714753281,12.209695928169673,,,,60,100,-40,,,,,,-69.08649925295867,,,,,,,,,-0.06348116233118144
2000-12-26,60.59375,62.48437,58,58.375,66.1836247715045,67.62089214795085,80.39509928822255,,-2.4716338757469263,-7.967083554316801,-5.495449678569875,0,,,-71.04392014878648,-69.68289730263898,,,,,,,30.851566381653384,,,7.158953883870431,10.026394453854724,,,,,60,100,-40,,,,,,,,,,,,,,,-0.09503359495331883
2001-01-02,58.5625,65.25,52.15625,56.625,66.9807772878256,65.42171371836068,79.46293853182166,,-2.387692604942579,-8.480065434748099,-6.0923728298055195,0,,,-70.70049728950862,-70.79396816910507,,,,-70.79396816910507,,-70.79396816910507,29.83654531171163,,29.83654531171163,2.934229250405472,5.775119130875905,,,,,60,100,-40,,,,,,-70.79396816910507,-107,,,,,,,,-0.12432656568408718
2001-01-08,56.3125,64.625,53.51562,62.73437,63.241078910123775,64.88424497468854,78.8069162364561,,-1.764484329833527,-8.297978242097429,-6.533493912263902,0,,,-66.50364131894595,-69.41601958574701,,,,,,,37.60076141368972,,,12.416228958065126,7.304327649987857,,,,,60,100,-40,,,,,,,,,,,,,,,-0.07630109924296954
2001-01-16,62.5625,68.3125,60.5625,66.3125,63.06984041654351,65.16989597975083,78.3169391291441,,-0.9934597580039775,-7.775318609768874,-6.781858851764897,0,,,-56.34570733190543,-64.51661531345333,,,,,,,41.69448116116137,,,31.820144598477256,20.315439708257987,,,,,60,100,-40,,,,,,,,,,,,,,,-0.060074350733891536
2001-01-22,65.875,69.125,63,65.54687,53.15636467250468,65.24529078380067,77.81615210447178,,-0.4451494968204299,-7.338295722790434,-6.893146225970004,0,,,-46.354140169144046,-56.40116293999847,,,,,,,41.06990210292262,,,57.19937623766717,43.81293305754331,,,,,60,100,-40,,,,,,,,,,,,,,,-0.0499214537404386
2001-01-29,64.75,68,60,61.55,53.68649005304006,64.50623262704053,77.17826378664935,,-0.2703711830740607,-7.23111020481258,-6.96073902173852,0,,,-43.25434010430816,-48.65139586845254,,,,,,,37.86230998048062,,,67.63104173127027,62.293188092257026,67.63104173127027,,,,60,100,-40,,,,,,,,,,,,,,,-0.0628824036563912
2001-02-05,61.19,63.12,56,56.39999,51.52027219210863,62.884984101632426,76.36342952050624,,-0.411852095716994,-7.475554141384762,-7.063702045667768,0,,,-48.425014141259915,-46.01116480490404,,,,,,,34.14033534651547,,,63.86774131804327,67.82254935604027,,,,,60,100,-40,,,,,,-46.01116480490404,,,,,,,,,-0.12173862489678722
2001-02-12,56.25,60.49001,54.125,55.13,49.4168598926723,61.333987281305944,75.53074600989815,,-0.4955889950734491,-7.68318828950958,-7.187599294436131,0,,,-53.35139663118988,-48.343583625585985,,,,,,,33.266699681833586,,,50.72771368279781,58.584314003981355,,,,,60,100,-40,,,,,,,,,,,,,,,-0.13999842892334483
2001-02-20,55.74001,55.84,48.23,51.17999,49.83493990033857,59.30318782504475,74.57581440166685,,-0.7086465067739383,-8.073407427903554,-7.364760921129616,0,,,-61.050413316275,-54.275608029574926,,,,,,,30.62603449615463,,,34.06892552899308,42.73047442491168,,,,,60,100,-40,,,,,,,,,,,,,,,-0.13045361971130565
2001-02-26,52.08099,52.60001,45.64999,46.7,48.35780133602867,56.782550260035805,73.48264520944461,,-1.0237977828476001,-8.644508149689116,-7.620710366841516,0,,,-67.27379137196814,-60.55853377314435,,,,,,,27.904471567952186,,,19.82416133295321,26.98170316514879,,,,,60,100,-40,,,,,,,,,,,,,,,-0.20305549522139457
2001-03-05,47.5,50.66,44.95,45.10001,48.64741981202662,54.44604220802864,72.36960069142718,,-1.2002903878559028,-9.121073351661394,-7.920782963805491,0,,,-70.22460526764947,-66.1829366519642,,,,,,,26.976952533417744,,,7.97731234903543,13.507155207975737,,,,,60,100,-40,,,,,,,,,,,,,,,-0.2862573581038932
2001-03-12,44,45.319,40.56,41.10001,49.09349696831043,51.77683576642291,71.14334223293984,,-1.4310497168618905,-9.709595109882855,-8.278545393020964,0,,,-73.97628296766977,-70.4915598690958,,,,,,,24.748973741376403,,24.748973741376403,2.5190148318087897,5.0380296636175785,,2.5190148318087897,,,60,100,-40,,,,,,,,,,,,,,,-0.33010648956556804
2001-03-19,41.44,43.83,39.49001,42.8,49.643568613431114,49.98146861313833,70.03183861596182,,-1.316703894449903,-9.924425261083343,-8.60772136663344,0,,,-74.17006112677899,-72.79031645403275,,,,,,,27.50555852543083,,,4.746149605879368,2.9849421754634613,,,,,60,100,-40,,,,,,,,,,,,,,,-0.29365793938788326
2001-03-26,43.47,43.72,38,39.14999,50.21420799818604,47.81517289051067,68.82078572906136,,-1.3304705127925125,-10.27080950762408,-8.940338994831567,0,,,-73.69604737530985,-73.94746382325287,,,,,,,25.34593963555949,,,6.642882499321276,4.948280508734453,,,,,60,100,-40,,,,,,-73.94746382325287,-107,,,,,,,,-0.2873792688577901
2001-04-02,39.17,39.85001,33.60001,36.3,50.54694314117275,45.51213831240853,67.54546079850994,,-1.3697260393353385,-10.65249654400074,-9.282770504665402,0,,,-74.42700743692308,-74.09770531300398,,,,-74.09770531300398,,-74.09770531300398,23.767419694105556,,,8.032463247639292,7.727442005370485,,,,,60,100,-40,,,,,,-74.09770531300398,,,,,,,,,-0.2858897918332875
2001-04-09,36.78999,42.8,35.85001,42.8,50.014567202517554,44.969710649926824,66.57505057111739,,-0.8230832789385367,-10.311624603338572,-9.488541324400035,0,,,-69.28625631894066,-72.46977037705787,,,,,,,33.93353178965039,,,18.32796540207796,13.332724945993027,,,,,60,100,-40,,,,,,-72.46977037705787,-107,,,,,,,,-0.2384795316990679
2001-04-16,41.94099,51,39.89999,48.39999,46.13429168805201,45.65576651994146,65.86230309774024,,0.006572697864445587,-9.48032545206948,-9.486898149933925,0,,,-56.84884505728997,-66.85403627105124,,,,,,,41.24635523580046,,,41.827722883267434,28.82903402865146,,,,,60,100,-40,,,,,,,,,,,,,,,-0.17180756733139468
2001-04-23,46.99001,47.72,43.10001,45.14999,40.4996879960483,45.554611215953166,65.05005552527983,,0.4053232714705395,-8.980244060595751,-9.385567332066291,0,,,-48.159758986011255,-58.098286787413976,,,,,,,38.56268310153616,,,68.73402892555157,53.90441886178735,,,,,60,100,-40,,,,,,,,,,,,,,,-0.17729835025938936
2001-04-30,46.25,49.39999,45.11,48.2,39.60829385347343,46.08368897276253,64.3892690340924,,0.9142156289089858,-8.24279779593006,-9.157013424839045,0,,,-36.54570204929455,-47.18476869753194,,,,,,,42.37455403071369,,,86.66760439993254,77.93131488176607,,,,,60,100,-40,,,,,,,,,,,,,,,-0.12289412216191746
2001-05-07,48,48.60001,45.09,45.55,36.154121435368175,45.97695117821002,63.65047417001034,,1.0996207400885236,-7.78248749972839,-8.882108239816914,0,,,-29.498746016478734,-38.06806901726153,,,,,,,40.03642764737916,,,90.9378347177591,90.21080058573325,,,,,60,100,-40,,,,,,,,,,,,,,,-0.15901752582930215
2001-05-14,45.3,48.78999,44.06,48.03999,33.945967761413314,46.389558942568016,63.03829832020602,,1.3980669657560032,-7.13452453262191,-8.532591498377913,0,,,-22.119439142765025,-29.387962402846114,,,,,,,43.22526099912498,,,95.35211041577126,94.44324589985662,,,,,60,100,-40,,,,,,,,,,,,,,,-0.10469444090976093
2001-05-21,48.17,51.95,47.64999,48.99001,34.8927050641695,46.909649154054414,62.48738505274696,,1.6502563625415991,-6.469771045200915,-8.120027407742514,0,,,-9.279958287579467,-20.299381148941087,,,,,,,44.446368862372104,,,95.49495725136907,94.72893957105225,,,,,60,100,-40,,,,,,,,,,,,,,,-0.10818564587895914
2001-05-29,48.5,48.5,44.08,46.05,35.28536827387168,46.73771932324353,61.84278171734512,,1.6082187953816014,-6.109753913515512,-7.717972708897113,0,,,-9.844578071337875,-13.747991833894133,,,,,,,41.45702945570003,,,95.9265912557142,96.09378309370005,95.9265912557142,,,,60,100,-40,,,,,,,,,,,,,,,-0.1440730840388138
2001-06-04,46.338,49.49001,45.28999,47.35001,35.56284125430942,46.860177458594826,61.274437728429625,,1.6508918610746193,-5.654357882553839,-7.305249743628458,0,,,-5.614957537661755,-8.246497965526373,,,,,,,43.28429745615376,,,94.67944502320202,95.34481609895458,,,,,60,100,-40,,,,,,,,,,,,,,,-0.15777549720608822
2001-06-11,46.89999,48.47,41.28101,42.60001,35.9219218790016,46.00814396687586,60.54210722927552,,1.3545626969387285,-5.612046372455048,-6.966609069393776,0,,,-15.348022158686423,-10.269185922562018,,,,,,,38.52464578451369,,,88.47383248440491,91.68028458349691,,,,,60,100,-40,,,,,,-10.269185922562018,,,,,,,,,-0.18321933909039786
2001-06-18,42.64,44.23,41.25999,43.25,35.82835817335863,45.45651517350069,59.863985377147074,,1.2028149912079353,-5.4630903303838565,-6.665905321591792,0,,,-25.46020783841257,-15.474395844920247,,,,,,,39.510694938047294,,,84.68622221476599,87.1634746905736,,,,,60,100,-40,,,,,,,,,,,,,,,-0.14369141886726522
2001-06-25,43.61,46.52,42.481,45.7,36.344189018118726,45.50521213880055,59.30853497020013,,1.2617739824617598,-5.088687843514592,-6.3504618259763514,0,,,-24.628436984489955,-21.812222327196313,,,,,,,43.229004553680916,,,82.49547221299991,83.11682363756778,,,,,60,100,-40,,,,,,,,,,,,,,,-0.0864743971234841
2001-07-02,45.65199,46.48,41.49001,41.64999,36.67046194539596,44.73416771104044,58.616043010584434,,1.032017830443725,-5.060439537921695,-6.09245736836542,0,,,-30.752508725538565,-26.947051182813695,,,,,,,38.94214779019287,,,82.17778603937964,82.10966565153743,,,,,60,100,-40,,,,,,,,,,,,,,,-0.08120618236865984
2001-07-09,41.89799,44.42999,39.87,43.14999,36.83757394929625,44.41733216883235,58.009531127816416,,0.9851813120808721,-4.86098072826433,-5.846162040345202,0,,,-36.942674285030186,-30.774539998352903,,,,,,,41.27860261978598,,,79.5430623477622,80.80153797779458,,,,,60,100,-40,,,,,,,,,,,,,,,-0.05059488953989788
2001-07-16,43.37,43.86,41.14,41.64999,37.05417795291795,43.863863735065884,57.36798049535303,,0.861752105092231,-4.768971908979914,-5.630724014072145,0,,,-41.2179572806669,-36.30438009707855,,,,,,,39.63550862690308,,,61.46860149745066,70.86692403496325,,,,,60,100,-40,,,,,,,,,,,,,,,-0.03367079461120037
2001-07-23,42.24001,42.39999,39.31,41.95,37.51816595628095,43.481090988052706,56.76335380926076,,0.8096947733937512,-4.618605547329956,-5.428300320723707,0,,,-46.702640491442985,-41.621090685713355,,,,,,,40.151682413380136,,,45.058103243643586,55.117768041238755,,,,,60,100,-40,,,,,,,,,,,,,,,0.03975145236332903
2001-07-30,42.13,44.004,41.39999,43.17999,37.89615624511803,43.420870790442166,56.23067287556426,,0.8626045745966167,-4.3500446024779365,-5.212649177074553,0,,,-42.57823206712218,-43.499609946410686,,,,,,,42.34148910054985,,,36.2329166027544,39.88363765287381,,,,,60,100,-40,,,,,,-43.499609946410686,,,,,,,,,0.10293459729013221
2001-08-06,42.539,42.85001,39.23,40.28,38.31657294189531,42.79269663235373,55.6051562922088,,0.7130003964162483,-4.321398681554243,-5.034399077970491,0,,,-48.103236196997834,-45.794702918521004,,,,,,,38.722599292699414,,,29.62566859837964,31.707992798860662,,,,,60,100,-40,,,,,,-45.794702918521004,,,,,,,-291,,0.04820952195619262
2001-08-13,40.59,41.7,37.71001,37.75999,36.87467701747421,41.786155305882986,54.90534584937708,,0.4669312413044677,-4.450735026339906,-4.917666267644374,0,,,-56.20714577411301,-48.96287134607767,,,,,,,35.83901183069237,,,23.125429659623414,26.5940998174451,,,,,60,100,-40,,,,,,,,,,,,,-268.0909090909091,,0.03802340405752349
2001-08-20,37.85001,39.39,36.53999,39.3,37.052916516226055,41.288924244706386,54.29337150234268,,0.4313358199137802,-4.378496492752149,-4.809832312665929,0,,,-61.32329981660766,-55.211227262572834,,,,,,,38.85356634221428,,,15.483483132375774,19.541767541112964,,,,,60,100,-40,,,,,,,,,,,,,-240.2561983471075,,0.09076605838770505
2001-08-27,39.28,39.89999,35.75,36.63,35.7312689079242,40.35713939576511,53.60069026695669,,0.25987112364074694,-4.484993408114995,-4.744864531755742,0,,,-65.41057157212035,-60.98033905428034,,,,,,,35.70287997318209,,,12.797125519999103,14.169052316359618,,,,,60,100,-40,,,,,,,,,,,,,-201.11870773854253,,0.011054774875216668
2001-09-04,36.51801,37.5,33.35001,33.7,35.850465414501045,39.02571151661209,52.82027104080152,,-0.00495023064255129,-4.751052320058932,-4.746102089416381,0,,,-71.9798142459152,-66.23789521154774,,,,,,,32.56363222173378,,,11.425198723638578,11.425198723638571,,,,,60,100,-40,,,,,,,,,,,,,-126.36985178608026,,-0.07925725588998196
2001-09-10,33.49001,34.32001,33.342,34.10001,35.961147884893826,38.040571213289674,52.08614315684852,,-0.10187861529318099,-4.873450358532857,-4.771571743239676,0,,,-75.30071241241482,-70.89703274348346,,,,,,,33.42933846414198,,,5.733915959293233,8.579557341465899,,,,,60,100,-40,,,,,,,,,,,,,-56.120787824974734,,-0.06839909599627046
2001-09-17,31.25,32.8,27.2,28.19,33.99705446454426,36.07045697063174,51.149039503638775,,-0.49095232618599294,-5.385262150972167,-4.894309824786174,0,,,-82.31666176791325,-76.5323961420811,,,,,,,27.73129233155767,,27.73129233155767,4.311095268206897,5.733915959293225,,4.311095268206897,,,60,100,-40,,,,,,,,,,,,,134.0829917795661,,-0.14543869471715049
2001-09-24,29.08,30.42999,27.42,28.98,33.66726271707682,34.65236557650539,50.27966540545686,,-0.614043215517281,-5.6618638441827756,-5.0478206286654945,0,,,-83.92761273854636,-80.51499563962481,,,,,,,29.472136466519686,,,5.796794336894914,4.34253445700773,,,,,60,100,-40,,,,,,,,,,,,,120.61335691055412,,-0.10695633334707971
2001-10-01,28.85001,33.2,27.85001,31.75999,33.91674466585704,34.073890461204314,49.55340362485071,,-0.43557255590370403,-5.592286323545125,-5.1567137676414205,0,,,-79.09590072345286,-81.78005840997082,,,,-81.78005840997082,,-81.78005840997082,35.404029065001524,,,17.299311269387953,11.184487833169632,,,,,60,100,-40,,,,,,-81.78005840997082,-107,,,,,,99.59274656318061,,-0.10133518751410772
2001-10-08,31.13,35.25,30.75101,34.55,33.814120761152964,34.169112368963454,48.96503485524872,,-0.07581247556162829,-5.2514793620934554,-5.175666886531827,0,,,-68.56888833746407,-77.19746726648776,,,,,,,40.81606898332958,,,41.16800746772501,28.250300964459587,,,,,60,100,-40,,,,,,,,,,,,,62.39406536987506,,-0.03343467515730863
2001-10-15,34.12,36,32,33.55,33.84039856392776,34.04528989517076,48.36052368445465,,0.13702029156797657,-5.004391522071856,-5.141411813639833,0,,,-58.65649140248586,-68.7737601544676,,,,,,,39.530073254136695,,,64.68184166935896,51.71588300382866,,,,,60,100,-40,,,,,,,,,,,,,45.59514439353414,,-0.04403855112234912
2001-10-22,33.44,37.06,33.22,36.00999,31.036093666504346,34.438229916136606,47.87618903016231,,0.4671010015603132,-4.557535561689441,-5.0246365632497545,0,,,-44.90896745516549,-57.378115731705144,,,,,,,44.214188323464285,,,83.24210478583186,74.55443096938585,,,,,60,100,-40,,,,,,,,,,,,,-6.331245496199358,,-0.009390663958056713
2001-10-29,36,36.158,32.84,35.60001,30.16780126175403,34.67058593290928,47.39477024466575,,0.6691476761244282,-4.188201968094219,-4.8573496442186475,0,,,-35.74560547516639,-46.43702144427258,,,,,,,43.604357405137975,,,90.5981572872652,87.69347337792438,,,,,60,100,-40,,,,,,,,,,,,,-28.81647358779947,,0.06980375919384012
2001-11-05,36.25999,39.39999,36.16,37.73,30.346101171628742,35.282468746327424,47.01575964683572,,0.9409233058250406,-3.6811955119373465,-4.622118817762387,0,,,-17.60517531707983,-32.7532494158039,,,,,,,47.666928784782264,,,96.84630898406664,94.78130944175429,,,,,60,100,-40,,,,,,,,,,,,,-52.668023844563194,,0.04994625092028667
2001-11-12,37,40.24001,36.3,39.37,30.512811087940975,36.09997499706194,46.7159259351951,,1.208742194496815,-3.1111910746413685,-4.3199332691381835,0,,,-2.262652833294837,-18.537811208513684,,,,,,,50.633251314081576,,,98.00989730475018,97.10848608312135,,,,,60,100,-40,,,,,,,,,,,,,-64.91020132736989,,0.059487093312031274
2001-11-19,39.78999,40.49001,37.98,39.28,30.58260886737376,36.73597999764955,46.42432099656,,1.3468820394833991,-2.6363307197839347,-3.983212759267334,0,,,9.906226905546982,-3.3205337482758917,,,,,,,50.46320089369462,,,99.49987290225548,99.20559071431724,,,,,60,100,-40,,,,,,,,,,,,,-97.65380108602994,,0.08302064245747125
2001-11-26,39.58,40.97,36.74001,39.64999,31.131696805418496,37.31878199811964,46.15866095747921,,1.422785723814481,-2.2047306044992325,-3.6275163283137135,0,,,17.61808441254372,8.420552828265292,,,,,,,51.19321570525183,,,99.6470139962246,99.49987290225549,,,,,60,100,-40,,,,,,,,,,,,,-114.44401907038812,,0.08485935916305247
2001-12-03,39.28999,43.24001,38.44,41.73,33.215872033602885,38.20102559849571,45.98498797875454,,1.5615886568209048,-1.6755305072875828,-3.2371191641084875,0,,,28.27339072714675,18.599234015079155,,,,,,,55.21291929348258,,,99.79415509019371,99.79415509019371,99.79415509019371,,,,60,100,-40,,,,,,,,,,,,,-139.09056105759032,,0.1305073934811435
2001-12-10,41.325,42.25999,39.57001,40.11,33.13830831691696,38.58282047879657,45.754596293313185,,1.4928541704991312,-1.3710514509845737,-2.863905621483705,0,,,33.23715420226898,26.376209780653156,,,,,,,51.62544080315512,,,97.54708888154269,98.67062198586821,,,,,60,100,-40,,,,,,,,,,,,,-142.89227722893747,,0.07036743358970524
2001-12-17,40.02,41.5,38.67999,39.48,33.36771772285147,38.762256383037254,45.508533693575416,,1.3574193963133,-1.1671313760920796,-2.5245507724053797,0,,,33.62577773540391,31.712107554939887,,,,,,,50.24990628632586,,,93.65504873302116,95.88195208336332,,,,,60,100,-40,,,,,,,,,,,,,-154.18459046003974,,0.037814099789477036
2001-12-24,39.53999,40.802,39.14999,40.33,33.562165028362074,39.075805106429804,45.30545394088618,,1.2786341976199962,-0.9262580253803847,-2.204892223000381,0,,,34.19066608544012,33.684532674371006,,,,,,,52.11478108309721,,,90.00406543413918,91.96495800704365,,90.00406543413918,,,60,100,-40,,,,,,,,,,,,,-173.42375583094164,,0.062093057056271675
2001-12-31,40.31,42.28999,38.91,41.67,33.90958038347907,39.59464408514384,45.162887119674956,,1.2678422949557977,-0.6200893543056338,-1.8879316492614315,0,,,37.41587508784947,35.07743963623117,,,,,,,54.99586665887786,,,90.7419694932692,90.23881430761303,,,,,60,100,-40,,,,,,,,,,,,,-205.52852749804316,,0.12440117674033795
2002-01-07,42.118,42.60001,40.11,40.85001,33.98532607037342,39.845717268115074,44.99375468360927,,1.1594978176461832,-0.43855937720370264,-1.5980571948498858,0,,,39.82893995750993,37.14516037693318,,,,,37.14516037693318,,52.88643790524163,,,90.9831171910945,90.31363298058727,90.9831171910945,,,,60,100,-40,,,,,,,,,,,,,-217.2506134074899,,0.06683697763360313
2002-01-14,40.49001,40.75,38.22,38.59,34.18280135106103,39.59457381449206,44.74262704895792,,0.901147430668163,-0.47162290651468197,-1.372770337182845,0,,,30.78827278096133,36.01102927544025,,,,,,,47.452015570418844,,,83.38426281513932,87.41656292770143,,,,,60,100,-40,,,,,,36.01102927544025,,,,,,,-233.20504733340084,,0.05307759361927431
2002-01-22,39,39.51401,37.33,38.83,34.34617125455667,39.441659051593646,44.51075932154781,,0.7198103002394665,-0.47300746188351184,-1.1928177621229783,0,,,19.826444020497235,30.147885586322833,,,,,,,48.06595315652602,,,68.24742573380809,76.87485389294878,,,,,60,100,-40,,,,,,,,,,,,,-237.16776600005522,,0.108150239658342
2002-01-28,39.15401,39.408,36.85001,38.14,34.56158616494548,39.181327241274914,44.26092562266358,,0.5352585584163141,-0.5237445641025857,-1.0590031225188998,0,,,8.885782211914984,19.83349967112452,,,,,,,46.37830095800617,,,49.24996384233759,59.36797199047996,,,,,60,100,-40,,,,,,,,,,,,,-252.22817218186339,,0.09879830544777835
2002-02-04,37.961,38.07001,34.97,36.17,34.70818858173509,38.57906179301993,43.94363442177481,,0.27545989549924266,-0.7146782531448466,-0.9901381486440892,0,,,-7.491446337906824,7.073593298168471,,,,,,,41.83506700579224,,,30.781481265697572,40.07872895006445,,,,,60,100,-40,,,,,,,,,,,,,-243.64123178516095,,0.12706573567327084
2002-02-11,36.14,39.17,35.64,35.78,34.75688939732544,38.01924943441595,43.6234918954307,,0.08232107543290978,-0.8872368043529519,-0.9695578797858617,0,,,-15.981135631649295,-4.862266585880374,,,,,,,40.97422878359467,,,15.607603399920565,22.957849018841774,,,,,60,100,-40,,,,,,,,,,,,,-227.52464418785894,,0.0863546432552838
2002-02-19,35.375,35.46001,33.09,33.64999,34.750683011802195,37.14539754753276,43.23237417404126,,-0.17014299005781353,-1.1822366173581287,-1.0120936273003152,0,,,-32.042348767430155,-18.504976912328754,,,,,,,36.527139234934225,,,4.956931893721676,9.913863787443361,,4.956931893721676,,,60,100,-40,,,,,,,,,,,,,-202.52016342643003,,0.029975930935687345
2002-02-25,34.008,35.75,33.75,35.74001,34.80491993953061,36.86432003802621,42.93855597113768,,-0.1768561404382536,-1.2331638028481322,-1.0563076624098786,0,,,-37.433908778445804,-28.48579772584175,,,,,,,43.09259357704556,,,9.50467640268758,6.816677646593639,,,,,60,100,-40,,,,,,,,,,,,,-241.15286098526096,,0.05128989492791015
2002-03-04,35.702,39.03,32.74001,38.67,34.99528137242128,37.225456030420965,42.77116161932836,,0.024822550217243222,-1.0252794746383245,-1.0501020248555677,0,,,-32.42446410577981,-33.96690721721859,,,,,,,50.81860518900315,,,27.248059402275523,16.67219849083314,,,,,60,100,-40,,,,,,-33.96690721721859,,,,,,,-274.57961353339533,,0.11914390435051611
2002-03-11,38.35001,39.19,36,37.23,34.57347698867691,37.22636482433677,42.55386116366842,,0.06760575107123157,-0.9655948360165283,-1.0332005870877599,0,,,-23.9553134158651,-31.271228766696904,,,,,,,47.39283877642865,,,46.851656900382906,35.92997731831631,,,,,60,100,-40,,,,,,,,,,,,,-298.292411072778,,0.08036679653957307
2002-03-18,37.63499,37.94,35.89999,36.67999,34.62465720377141,37.11708985946942,42.32351327489711,,0.0651965665893195,-0.9517048788511104,-1.01690144544043,0,,,-21.758013450222702,-26.04593032395587,,,,,,,46.106753548327674,,,58.07565310304503,52.93714075056437,58.07565310304503,,,,60,100,-40,,,,,,,,,,,,,-327.69379087772745,,0.028849820518266917
2002-03-25,36.69,36.901,35.39999,36.06,34.01647597493059,36.90567188757554,42.077885303332515,,0.02997340765526091,-0.9794346858713538,-1.0094080935266148,0,,,-25.63010699303086,-23.78114461970622,,,,,,,44.627852156386226,,,55.176075683564385,57.83491332627599,,,,,60,100,-40,,,,,,-23.78114461970622,,,,,,,-387.2040107181406,,0.026196085284869764
2002-04-01,35.8,36.89999,34.17999,34.37,32.27014554814984,36.39853751006043,41.77561529143712,,-0.09232431247883266,-1.1248134841251556,-1.032489171646323,0,,,-34.585089145026615,-27.324403196093396,,,,,,,40.76647713264506,,,46.11323941843655,51.98947058331289,,,,,60,100,-40,,,,,,,,,,,,,-398.62146331484223,,-0.056963647194443655
2002-04-08,33.479,34.98,32.88901,33.52,32.35013515185342,35.82283000804834,41.45186567216508,,-0.20897036869142416,-1.293702132510603,-1.084731763819179,0,,,-46.502486359799924,-35.57256083261914,,,,,,,38.931093206477335,,,33.57634977979704,39.976736463501766,,,,,60,100,-40,,,,,,,,,,,,,-449.78119725759825,,-0.07932899856098402
2002-04-15,33.80299,35.5,33.2,34.46001,32.35426978386389,35.550266006438676,41.1776752536488,,-0.20124875028295675,-1.3362927016728747,-1.135043951389918,0,,,-49.404195551771664,-43.49725701886607,,,,,,,42.05648339291803,,,27.960510438892022,30.833498056859142,,,,,60,100,-40,,,,,,,,,,,,,-464.3664341198531,,-0.09752777634906486
2002-04-22,34.00999,34.02,31.00999,31.03999,32.47682194215933,34.64821080515094,40.78011896919198,,-0.393768904985188,-1.627255082621403,-1.233486177636215,0,,,-60.36144395623662,-52.089375289269405,,,,,,,34.99699630184544,,,20.322805279160118,23.227274118834362,,,,,60,100,-40,,,,,,,,,,,,,-422.6634460980616,,-0.17507052005691084
2002-04-29,31.244,32.19501,23.88,29.74001,32.42633180343366,33.66657064412075,40.34717351941975,,-0.5655110201257183,-1.9403749527933627,-1.3748639326676444,0,,,-73.70663413082562,-61.15742454627797,,,,,,,32.73436278962993,,,15.648228186799162,18.450578908502273,,,,,60,100,-40,,,,,,,,,,,,,-440.36100135295953,,-0.1164456317791155
2002-05-06,29.63699,31.89,28.42,29.56,31.68444953175983,32.845256515296605,39.924147106893486,,-0.6424640741885921,-2.1779440254033844,-1.5354799512147923,0,,,-74.89065711574229,-69.65291173426817,,,,,,,32.41993734611387,,,5.044035650763643,10.0880713015273,,5.044035650763643,,,60,100,-40,,,,,,,,,,,,,-396.6590011069669,,-0.11897746854821668
2002-05-13,29.87,33.63,29.675,32.92999,31.687703136634127,32.86220321223728,39.64986643603492,,-0.42795416274948694,-2.070422654651651,-1.642468491902164,0,,,-66.67578471159433,-71.75769198605408,,,,-71.75769198605408,,-71.75769198605408,43.43858175822847,,,15.89280059783106,11.157869665189537,,,,,60,100,-40,,,,,,-71.75769198605408,-107,,,,,,-388.1755463602457,,-0.07179193392902207
2002-05-20,32.60001,32.7,30.41,31.24001,31.605010055445977,32.53776456978983,39.320068144425704,,-0.3639459454125078,-2.0974009236677986,-1.7334549782552908,0,,,-62.12345956957869,-67.89663379897178,,,,,,,39.90397729374079,,,26.637349765358884,18.475607765297582,,,,,60,100,-40,,,,,,,,,,,,,-374.8709015674737,,-0.10683673618653583
2002-05-28,31.47099,31.52699,29.89999,30.03999,30.30965362291412,32.038209655831864,38.95614351131097,,-0.3655270817653766,-2.1903638304620117,-1.824836748696635,0,,,-61.61974117206396,-63.472995151079,,,,,,,37.55335448167061,,,38.91530512791053,33.31435838792845,38.91530512791053,,,,60,100,-40,,,,,,,,,,,,,-366.712555827933,,-0.12151350554647442
2002-06-03,30.008,30.25,27.52,28.3,30.02152550699168,31.29056772466549,38.53825553047525,,-0.4417619823275385,-2.3770392266060583,-1.9352772442785198,0,,,-66.1336110412908,-63.292270594311155,,,,,,,34.37280530865799,,,31.47052210951207,35.56409696308423,,,,,60,100,-40,,,,,,-63.292270594311155,,,,,,,-270.03754567739975,,-0.11144569593232863
2002-06-10,28.36,28.75,26.2,27.62,29.487140113635135,30.55645417973239,38.110088646927196,,-0.49213910616559,-2.5504511269855072,-2.0583120208199173,0,,,-70.34832954440061,-66.0338939192518,,,,,,,33.18295400878819,,,21.670030531443736,28.808315046679994,,,,,60,100,-40,,,,,,,,,,,,,-186.39435555423617,,-0.1141439565190734
2002-06-17,28.002,29.14999,25.64999,25.82001,27.99235439123262,29.609165343785914,37.62812477842024,,-0.5940216851522067,-2.8008391272601756,-2.206817442107969,0,,,-72.51678721525509,-69.6662426003155,,,,,,,30.18646144849032,,,10.194506154514613,15.574426395294152,,,,,60,100,-40,,,,,,,,,,,,,-136.14083636255685,,-0.1643094674479098
2002-06-24,25.457,26.8,20.59,26.10001,27.95432979185886,28.90733427502873,37.17604184593318,,-0.5887520343131998,-2.9427574849994684,-2.3540054506862687,0,,,-77.36363987560613,-73.40958554508728,,,,,,,31.232936035602407,,,5.870764928060713,7.771965446515993,,5.870764928060713,,,60,100,-40,,,,,,,,,,,,,-179.56977520572835,,-0.0924358680535496
2002-07-01,25.978,26.39,23.09,26.34,27.531878378154655,28.393867420022985,36.7510990284456,,-0.517809145258668,-3.0012668822596034,-2.4834577370009354,0,,,-75.90675527426909,-75.2623941217101,,,,,,,32.17691817151824,,,6.844735804955784,5.618405483313016,,,,,60,100,-40,,,,,,,,,,,,,-174.19345244105045,,-0.020292418347645516
2002-07-08,26.2,26.55,23.53,24.8,26.02529635114361,27.67509393601839,36.28242847831048,,-0.5218370978992404,-3.135754109374986,-2.6139170114757455,0,,,-73.69179314750824,-75.65406276579448,,,,-75.65406276579448,,-75.65406276579448,29.37384889575401,,,7.387482507099697,6.703898887600843,7.387482507099697,,,,60,100,-40,,,,,,-75.65406276579448,-107,,,,,,-136.15827926995038,,-0.007581710752791121
2002-07-15,24.688,26.44,23.75,23.99001,26.087060183204777,26.93807714881471,35.800372851710065,,-0.5248672646880097,-3.2700010923357574,-2.7451338276477477,0,,,-70.96154777398331,-73.52003206525355,,,,,,,27.98475398233475,,,6.308795850338366,7.189930988468457,,,,,60,100,-40,,,,,,,,,,,,,-64.12950122086848,,-0.11913391194774713
2002-07-22,23.855,24.5,21.64,22.67,26.191555170118725,26.084461719051767,35.285456269290066,,-0.558465198519341,-3.443215325796924,-2.884750127277583,0,,,-72.02229414626096,-72.22521168925083,,,,,,,25.82836249857479,,,2.2497878064677925,4.499575612935602,,,,,60,100,-40,,,,,,,,,,,,,-34.287773726165085,,-0.1802225490992527
2002-07-29,23.27699,24.69,21.82001,22.25,26.264300515110243,25.317569375241412,34.77426190578849,,-0.5507517665616444,-3.5731898354796385,-3.022438068917994,0,,,-70.69301109966236,-71.22561767330221,,,,,,,25.160091661788954,,25.160091661788954,0.9046101187013643,1.8092202374027453,,0.9046101187013643,,,60,100,-40,,,,,,,,,,,,,4.67363967859221,,-0.20459112552920905
2002-08-05,22.11,23.717,21.3,23.33,24.6404426211738,24.92005550019313,34.325467321247764,,-0.4205677513024866,-3.5481477580461025,-3.127580006743616,0,,,-68.37693009882908,-70.3640784482508,,,,,,,30.191618313976974,,,6.819251160620367,3.4096255803101756,,,,,60,100,-40,,,,,,,,,,,,,-13.448840262970023,,-0.15507059917397714
2002-08-12,23.05,25,22.47,24.7,23.566534576804244,24.876044400154502,33.94799801453217,,-0.20098032679376665,-3.3788054152358242,-3.1778250884420576,0,,,-61.14388610469369,-66.73794243439504,,,,,,,36.095739487366096,,,22.6976947088606,13.906066539662936,,,,,60,100,-40,,,,,,,,,,,,,-21.003596578793662,,-0.11242064939819962
2002-08-19,24.77,26.21001,24.67999,25.14999,21.927505678461085,24.930833520123603,33.60297809239365,,0.004877472886967382,-3.1717282473333483,-3.1766057202203157,0,,,-49.17939487538838,-59.566737026303706,,,,,,,37.96274110433604,,,47.8768266218359,34.367963215665156,,,,,60,100,-40,,,,,,,,,,,,,-50.82112447355847,,-0.09438645959933571
2002-08-26,25.3,25.51801,23.02,23.49001,21.484109558571006,24.642668816098883,33.20639110837821,,0.05667393081673122,-3.1057633066994015,-3.1624372375161327,0,,,-46.00513190834865,-52.10947096281023,,,,,,,33.99378330498709,,,65.25575344638841,55.84662994971043,,,,,60,100,-40,,,,,,,,,,,,,-65.21728366018422,,-0.10576315648728757
2002-09-03,23.06,23.42999,21.92999,22.85001,20.285528875815935,24.284137052879107,32.80025851589279,,0.07415603787533964,-3.069742190171958,-3.1438982280472976,0,,,-48.91177011438157,-48.03209896603951,,,,,,,32.571469279933524,,,71.53831596875874,69.78179972714763,71.53831596875874,,,,60,100,-40,,,,,,-48.03209896603951,,,,,,,-78.81414117651438,,-0.1016630102986556
2002-09-09,22.677,24.35001,22.39,22.99001,20.49513109897194,24.025311642303286,32.41554288781857,,0.11882289481476604,-2.99536960952884,-3.114192504343606,0,,,-47.371819789489976,-47.42957393740671,,,,,,,33.233479814747696,,,67.97190349590491,70.97587903631151,,,,,60,100,-40,,,,,,-47.42957393740671,,,,,,,-82.6661155080572,,-0.07596652922125961
2002-09-16,22.86,23.21001,21.48,21.67,20.63262030618823,23.55424931384263,31.994149049080583,,0.08474186711101206,-3.008265170454841,-3.093007037565853,0,,,-50.98213780596998,-49.088575903280486,,,,,,,30.20445076135833,,,59.888392123177596,64.50988610305583,,,,,60,100,-40,,,,,,-49.088575903280486,,,,,,,-31.27227632477407,,-0.1282087631507951
2002-09-23,21.45,22.33,20.64999,21.31,19.603135998603353,23.105399451074103,31.575162811861738,,0.06416222628634394,-3.0128042547079232,-3.076966480994267,0,,,-55.12792553587079,-51.160627710443556,,,,,,,29.412413399867404,,,51.45590358985264,55.78665831962574,,,,,60,100,-40,,,,,,,,,,,,,-23.768226083906043,,-0.12018440149479441
2002-09-30,21.07001,21.99001,20.11011,20.35001,19.759338427274542,22.554321560859282,31.134960740808335,,0.014687613164080737,-3.058606964539166,-3.0732945777032468,0,,,-58.86038934283572,-54.99015089489213,,,,,,,27.34122764303062,,27.34122764303062,38.32069677218131,44.75836013693538,,38.32069677218131,,,60,100,-40,,,,,,,,,,,,,48.735087749531374,,-0.1954035928830499
2002-10-07,20.25999,22.38,19.75999,22.22,19.87582782532636,22.487457248687427,30.785354437247225,,0.13026496837642787,-2.910463367232712,-3.0407283356091397,0,,,-56.88738345070655,-56.958566109804316,,,,,,-56.958566109804316,36.74152871026194,,,45.505158464315656,42.504624799034524,,,,,60,100,-40,,,,,,-56.958566109804316,-107,,-106,,,,47.14688997688931,,-0.13519874739299398
2002-10-14,21.87,23.85001,21.78,23.81,19.878266552088764,22.751965798949943,30.51181112598263,,0.3250697359050303,-2.634391165727852,-2.959460901632882,0,,,-44.108741081172504,-53.285504624904895,,,,,,,43.477427782880575,,,60.12503648398318,50.159699626247594,,,,,60,100,-40,,,,,,,,,,,,,8.574728162909437,,-0.060086359727335066
2002-10-21,23.52,24.86,23.3,24.62,19.95910251265385,23.125572639159955,30.280759709277426,,0.5088020453092055,-2.323458344996375,-2.8322603903055805,0,,,-27.143831793790245,-42.71331877522308,,,,,,,46.61467518993372,,,84.49691706697097,71.89747490131437,,,,,60,100,-40,,,,,,,,,,,,,-132.98431332125588,,-0.009766258864650525
2002-10-28,25,25.39999,23.37,25.25,20.207033047464293,23.550458111327963,30.083475014795958,,0.663315958939426,-2.003115441631298,-2.666431400570724,0,,,-12.340807380128632,-27.864460085030434,,,,,,,48.99982758514389,,,94.53112209572438,89.06224419144877,,,,,60,100,-40,,,,,,,,,,,,,-166.078074535573,,0.023615694594228694
2002-11-04,26.05,26.82001,24.96001,25.07001,20.277246401216843,23.85436848906237,29.88686854362749,,0.7382129727171711,-1.74366518467426,-2.481878157391431,0,,,2.839112439354901,-12.215175578187965,,,,,,,48.33149231317388,,,98.90543702650731,98.72680832141054,,,,,60,100,-40,,,,,,,,,,,,,-184.9729700745597,,0.02619701398518075
2002-11-11,24.95,26.45,24.14999,26.44,21.556728801129925,24.371494791249898,29.751697228191116,,0.8565149967535288,-1.41123441144952,-2.267749408203049,0,,,13.235751834699597,1.2446856313086503,,,,,,,53.555083094294545,,,99.23672144300339,99.38937715440271,,,,,60,100,-40,,,,,,,,,,,,,-202.25061187918527,,0.020737411835395923
2002-11-18,26.715,29.7,25.3,27.72,22.856961029620642,25.041195832999918,29.67202282708558,,0.9881257302406601,-1.032592245402224,-2.020717975642884,0,,,27.64386204466988,14.572908772908155,,,,,,,57.86654884921562,,,99.08406573160407,99.08406573160407,,,,,60,100,-40,,,,,,,,,,,,,-218.20504608296977,,-0.008858991109657472
2002-11-25,27.75999,28.28999,26.89999,27.72,22.575749527504883,25.576956666399933,29.59547291229791,,1.0372401047500568,-0.7241678447053133,-1.76140794945537,0,,,36.05910399690554,25.646239292091703,,,,,,,57.866548849215626,,,99.69468857720135,99.38937715440271,99.69468857720135,,,,60,100,-40,,,,,,,,,,,,,-234.89503770424795,,0.006269481318701068
2002-12-02,28.42,28.78999,25.74001,26.47,22.744624561254533,25.755565333119947,29.47290534710976,,0.9499365432199216,-0.573987270430468,-1.5239238136503896,0,,,38.221348669933285,33.97477157050293,,,,,,,52.302007600650505,,,96.35901132316445,97.95052209448323,,,,,60,100,-40,,,,,,,,,,,,,-218.5504853943847,,0.042263841199359636
2002-12-09,26.22,26.55,25.00999,25.03999,22.664297092593493,25.61245026649596,29.299065529576044,,0.7680525439942969,-0.5638581336575186,-1.3319106776518155,0,,,31.279576419808087,35.18667636221567,,,,,35.18667636221567,,46.732555395354325,,,88.41775036783545,92.90075032187913,,,,,60,100,-40,,,,,,35.18667636221567,,,,,,,-221.54130623176934,,0.02966976246319081
2002-12-16,25.22,26.2,24.81,25.32001,22.80541730026539,25.553962213196765,29.143024136259335,,0.6438015910864716,-0.5271586887937261,-1.1709602798801977,0,,,24.801231525543386,31.434052205094947,,,,,,,47.90925808979672,,,79.30991948981313,84.33052248631591,,,,,60,100,-40,,,,,,,,,,,,,-214.89743237144765,,0.058599497239712264
2002-12-23,25.17999,25.91,24.75,24.82001,22.957887493103573,25.40717177055741,28.973494170131517,,0.5109409471545714,-0.5322840959369834,-1.0432250430915548,0,,,17.119775647543783,24.400194530965113,,,,,,,45.94592084894321,,,71.6045019336445,75.35826769359777,,,,,60,100,-40,,,,,,,,,,,,,-208.5524446675481,,0.001833530459587826
2002-12-30,24.84,25.71001,24.28,25.67999,23.132324100739034,25.46173541644593,28.84433714385185,55.54870449999999,0.46527489885038587,-0.46163141952857245,-0.9269063183789583,0,,,11.459586679798614,17.793531284295288,,,,,,,49.78058687038819,,,70.92613598299876,70.99808115824975,,,,,60,100,-40,,,,,,,,,,,,,-226.088363818903,,-0.018288017082716098
2003-01-06,25.71001,27.25999,25.2,27.10001,23.25572809354339,25.789390333156742,28.775932157818442,55.26563291293532,0.5113346123918239,-0.2877380528891784,-0.7990726652810023,0,,,19.82456519916197,16.134642508834816,,,,,,,55.435851142130325,,,74.38605539604201,71.86925944338073,74.38605539604201,,,,60,100,-40,,,,,,16.134642508834816,,,,,,,-236.7995703972843,,0.04456711901933533
2003-01-13,27.33,27.47,25.27,25.31,23.280320372576004,25.693512266525392,28.640013249668698,54.96756691380163,0.406449679742269,-0.29101056560316607,-0.697460245345435,0,,,20.51553170879727,17.266561195919312,,,,,,,48.04709242186975,,,68.66372509870443,71.27112308846496,,,,,60,100,-40,,,,,,,,,,,,,-267.38146668868717,,0.041171969797937503
2003-01-21,25.41,25.84,24.64,24.82001,23.283154631677718,25.518811813220314,28.490209200662083,54.66759122311704,0.2944916669073556,-0.32934566171124047,-0.6238373286185961,0,,,9.61825000289588,16.6527823036184,,,,,,,46.22022639626402,,,51.15139738616424,61.3154933074939,,,,,60,100,-40,,,,,,16.6527823036184,,,,,,,-269.6757454725622,,0.003579644724334142
2003-01-27,24.45,25.45,24.00999,24.44,23.42864358655788,25.30304945057625,28.331377467302786,54.36681917114573,0.19031686906349188,-0.3859412422892312,-0.5762581113527231,0,,,-3.2795603479772364,8.951407121238665,,,,,,,44.78940701179459,,,25.341099102981186,39.43145669493519,,,,,60,100,-40,,,,,,,,,,,,,-255.18924629573266,,0.001418397268623495
2003-02-03,24.528,24.86,23.64999,23.81,23.529453330375173,25.004439560460998,28.154068547016404,54.062771219194026,0.08009390621423429,-0.4761407285849302,-0.5562346347991645,0,,,-16.658079331472177,-3.439796558851151,,,,,,,42.430357436794026,,,8.996348619461369,17.5576850536961,,,,,60,100,-40,,,,,,,,,,,,,-234.24574696923577,,0.0062936046184277825
2003-02-10,23.899,24.61,23.32001,24.49001,23.65591952106266,24.9015536483688,28.010379976545174,53.768514888654785,0.05527736812357509,-0.48713792464469563,-0.5424152927682707,0,,,-24.746501335066554,-14.894713671505295,,,,,,,45.77027692450932,,,6.93585398189065,6.389365415008755,,6.93585398189065,,,60,100,-40,,,,,,,,,,,,,-228.01924752028384,,0.05646453356987966
2003-02-18,24.7,25.37,24.50999,25.17,23.141936698129616,24.955242918695042,27.89899252648458,53.48395255145424,0.0851655817516066,-0.4359583155787625,-0.5211238973303691,0,,,-20.15362517721269,-20.519401947917114,,,,,,,48.97697451067448,,,15.950587768621013,9.954632567810302,,,,,60,100,-40,,,,,,-20.519401947917114,,,,,,,-230.1975661529595,,0.12129296474952227
2003-02-24,25.13,25.22,24.08,25.16,23.29894336254893,24.996194334956034,27.791581054857733,53.20212217780793,0.10354722495786162,-0.39168986613304213,-0.49523709109090375,0,,,-19.323510731466772,-21.407879081248648,,,,,,,48.930878513779966,,,29.112245362155925,21.91334406062903,,,,,60,100,-40,,,,,,,,,,,,,-243.79800867060322,,0.10049947983794978
2003-03-03,25.27,25.48,23.96001,24.53999,23.40759097950972,24.904953467964827,27.66406768015743,52.91692683275512,0.07458775845541699,-0.40200239302163254,-0.47659015147704953,0,,,-21.189579339277586,-20.222238415985654,,,,,,,46.02154661881259,,,35.21595399530639,32.172399405931834,,,,,60,100,-40,,,,,,-20.222238415985654,,,,,,,-226.74382527594813,,0.02645646298747458
2003-03-10,24.33,25.98,23.53999,25.72,23.4541937666876,25.06796277437186,27.587829731915964,52.646310645364515,0.13217697526057048,-0.31136893240133645,-0.44354590766190694,0,,,-13.96930634127272,-18.160798804005665,,,,,,,51.91619835709664,,,44.488742303601256,40.88703496389157,,,,,60,100,-40,,,,,,-18.160798804005665,,,,,,,-239.15403886213937,,0.030296596459008774
2003-03-17,25.42999,27.75999,25.35001,27.17,23.43602635478134,25.48837021949749,27.571444252232986,52.39281501705243,0.25792318112056317,-0.12114193126120298,-0.37906511238176616,0,,,12.453219123658712,-7.568555518963836,,,,,,,58.01906944795975,,,59.09777922626076,51.13637917012835,,,,,60,100,-40,,,,,,,,,,,,,-272.03512270538675,,0.012657245849755904
2003-03-24,26.47,26.77,25.95,26.08,23.35845590086839,25.606696175597992,27.512956242341495,52.13099596215638,0.2571123182037577,-0.05767471462706908,-0.31478703283082676,0,,,22.807348309225514,7.097087030537197,,,,,,,52.58394869671224,,,72.42843784334553,65.0016261530988,,,,,60,100,-40,,,,,,,,,,,,,-298.9378276680437,,0.03869576619365648
2003-03-31,25.60001,26.85001,25.21001,26.05,23.456423336520647,25.695356940478394,27.455585409308494,51.87148356452299,0.24408115583456286,-0.009685588037623205,-0.25376674387218606,0,,,26.70702071058981,20.655862714491374,,,,,,,52.43748259077561,,,76.13870507021025,74.79795973910149,76.13870507021025,,,,60,100,-40,,,,,,,,,,,,,-321.8582226374903,,-0.0231481239266157
2003-04-07,27.11,27.2,25.3,25.50999,23.487393098197742,25.658283552382716,27.379287550119926,51.60918014597052,0.19096970452918235,-0.015054613210708112,-0.20602431773989047,0,,,28.640084649869337,26.05148455656158,,,,,,,49.73602787909829,,,66.44741291182052,72.55738143963809,,,,,60,100,-40,,,,,,,,,,,,,-314.24763670340116,,-0.06881507190725313
2003-04-14,25.60001,26.98,25.491,26.82001,23.479007876897906,25.890628841906175,27.357355097174047,51.36252173655788,0.23315022864954488,0.08541346807204064,-0.14773676057750423,0,,,35.19876561702266,30.181956992493934,,,,,,,55.729864958770015,,,67.55722827898015,68.23283783582058,,,,,60,100,-40,,,,,,,,,,,,,-332.56624821187364,,-0.04568561564854751
2003-04-21,26.948,27.75,26.62,26.95,23.52993588569091,26.10250307352494,27.341380387480946,51.11961107251253,0.257008589712725,0.17352397656340202,-0.08348461314932298,0,,,45.78997945737994,36.54294324142398,,,,,,,56.29016597429099,,,71.12789669361425,67.3687141233428,,,,,60,100,-40,,,,,,,,,,,,,-347.5542030824421,,-0.03111402335703883
2003-04-28,27.05,28.28999,26.95,28.28,24.738511893855847,26.538002458819953,27.378188999736594,50.892351260845736,0.3441283394143307,0.34667581111859036,0.002547471704259688,0,,,56.63678548094351,45.87517685178204,,,,,,,61.667657408662855,,,84.98083985180538,77.93259442240905,,,,,60,100,-40,,,,,,,,,,,,,-399.8170752492707,,0.07109554267273742
2003-05-05,28.325,28.89999,27.75999,28.41,24.930048187151858,26.912401967055963,27.418652176217513,50.66864627317563,0.38896660602309635,0.48875572923313015,0.09978912321003379,0,,,64.48873981676142,55.63850158502829,,,,,,,62.16060256034013,,,92.21367379446687,87.8358780335053,,,,,60,100,-40,,,,,,,,,,,,,-426.2139706584942,,0.09280468313217999
2003-05-12,28.36,28.99001,28.17,28.7,25.305759030926723,27.26992157364477,27.468901110483493,50.450052777920156,0.41427745476620415,0.617635941667789,0.20335848690158487,0,,,68.64406031435601,63.25652853735365,,,,,,,63.30112221667064,,,98.10342580610504,96.20685161221006,98.10342580610504,,,,60,100,-40,,,,,,,,,,,,,-455.0841578114954,,0.122175356168341
2003-05-19,28.52,28.67999,27.41,28.10001,25.431060528717673,27.435939258915816,27.493650478699827,50.22766429256772,0.36828075504455215,0.6637094307072751,0.2954286756627229,0,,,65.47588053362912,66.20289355491552,,,,,,,59.295340756695715,,,94.71329715516958,96.5045159664419,,,,,60,100,-40,,,,,,66.20289355491552,,105,,,,,-475.9779473003144,,0.09540391739845994
2003-05-27,27.92999,29.87,27.89999,29.78999,26.570260490952123,27.906749407132654,27.58370300894689,50.02430434935809,0.4253022376835734,0.8270564727671896,0.40175423508361624,0,,,69.33764669216747,67.81919584671753,,,,,,,65.8831933903536,,,94.10173195324774,95.28138556259819,,,,,60,100,-40,,,,,,67.81919584671753,,,,,,,-517.6183205184391,,0.095344396018395
2003-06-02,30.08,31.47,28.66,30.13,26.85882117016983,28.351399525706125,27.68355779290976,49.82635107225005,0.45678307943553786,0.9727330843780386,0.5159500049425008,0,,,74.30844631239313,69.7073245127299,,,,,,,67.04567063849777,,,92.92207834389728,92.92207834389728,,92.92207834389728,,,60,100,-40,,,,,,,,,,,,,-643.5058986059955,,0.13979152092073244
2003-06-09,30,30.75,29.53,29.96001,26.69104822944341,28.6731216205649,27.772830428481925,49.62867603670527,0.43701715495691007,1.0622214486386383,0.6252042936817283,0,,,74.82776082851841,72.82461794435967,,,,,,,65.83077534916733,,,96.25106842655137,94.58657338522433,,,,,60,100,-40,,,,,,,,,,,,,-613.7775534049056,,0.14992035360900358
2003-06-16,30.17,31.24001,30,30.38,27.01240192734031,29.014497296451918,27.875072372463027,49.43714692191219,0.42282200744612175,1.1537318029893804,0.7309097955432586,0,,,75.27553184157385,74.8039129941618,,,74.8039129941618,,74.8039129941618,,67.4113401029197,67.4113401029197,,97.0833159472149,96.25106842655138,97.0833159472149,,,,60,100,-40,,,,,,,,,,,,,-582.1816346040135,,0.15288062853217874
2003-06-23,30.33,30.57001,29.47,29.83,27.07008750395886,29.177597837161535,27.95173620099389,49.24205093263943,0.3499964554942123,1.168405364911024,0.8184089094168117,0,,,70.25929833509613,73.45419700172947,,,,,,,63.259965128967856,,,93.2465356105937,95.58104953923606,,,,,60,100,-40,,,,,,73.45419700172947,,105,,,,,-563.6031555851021,,0.17002966142113846
2003-06-30,30.16,31.10001,29.25999,30.58,27.34936553939037,29.458078269729228,28.054805369582365,49.05635888355844,0.32640538791402085,1.2264156443093377,0.9000102563953168,0,,,67.47810388525701,71.00431135397567,,,,,,,66.32365391096849,,,92.44933666860845,93.43156462176167,,,,,60,100,-40,,,,,,,,,,,,,-582.0389454787198,,0.15082237241166166
2003-07-07,30.97,32.49001,30.96201,31.84,28.57726514371963,29.93446261578338,28.20324437469678,48.885051829990694,0.36671328869542963,1.3584018672646039,0.9916885785691743,0,,,71.8402942213693,69.85923214724082,,,,,,,70.76113912519385,70.76113912519385,,91.37459420987128,91.2820797042873,,,,,60,100,-40,,,,,,69.85923214724082,,,,,,,-610.7591372098616,,0.1377547508758995
2003-07-14,32.34399,32.75,30.92,31.28,28.53745906202537,30.203570092626705,28.323901458042005,48.70987718491616,0.3279748562409939,1.4016571488704166,1.0736822926294227,0,,,71.6971501127369,70.33851607312107,,,,,,,66.53959168036599,,,90.61917202942439,91.04314037243984,,,,,60,100,-40,,,,,,,,,,,,,-585.1665668080686,,0.0638271597977222
2003-07-21,31.24001,32.02,30.61,31.8,28.5119262718807,30.522856074101366,28.46021904792271,48.541619700489136,0.3098980020209823,1.4610547951556505,1.1511567931346682,0,,,68.74096401570195,70.75946944993605,,,70.75946944993605,,70.75946944993605,,68.43400099441455,,,88.4531001792311,89.6421281900816,,,,,60,100,-40,,,,,,70.75946944993605,,105,,106,,,-583.3181001156925,,0.11223113660415059
2003-07-28,31.86,32.33,31.23,31.46001,28.54821725246065,30.710286859281094,28.577857908788484,48.37165343481263,0.25013017038673935,1.4638195061180923,1.213689335731353,0,,,66.29352093307288,68.9105450205039,,,,,,,65.79546250291725,,,79.31108107650802,84.0203595019514,,,,,60,100,-40,,,,,,,,,,,,,-553.6239000946574,,0.04377859330431163
2003-08-04,31.42,31.92,29.92999,30.07001,28.626201734427745,30.582231487424874,28.63637367707129,48.18954752998862,0.09978508785400453,1.3384206955488587,1.2386356076948541,0,,,55.471068483197406,63.50185114399074,,,,,,,56.19862850957554,,,60.00692322504398,70.4699303173833,,,,,60,100,-40,,,,,,,,,,,,,-519.3286455319924,,-0.04099836019112306
2003-08-11,30.08,31.28999,30.03,31.17,28.57147161054005,30.6997851899399,28.735731572088103,48.02019879834695,0.05922719122055953,1.3126695967205535,1.253442405499994,0,,,48.26689510664793,56.6771615076394,,,,,,,61.06702232513551,,,42.2388657385178,52.15586256520123,,,,,60,100,-40,,,,,,,,,,,,,-527.6325281625393,,0.01837604736014821
2003-08-18,31.31,33.37,31.05,32.44,29.22493935264433,31.04782815195192,28.880997000633666,47.86517194463205,0.10032253801424695,1.3788455780178026,1.2785230400035557,0,,,55.17490113620485,52.97095490868338,,,,,,,65.81886028513824,,,36.713221069769006,38.82305679601927,,36.713221069769006,,,60,100,-40,,,,,,52.97095490868338,,,,,,,-599.881159405714,,0.026904434587794204
2003-08-25,32.36,33.46001,31.81,33.39,30.073157970312597,31.516262521561536,29.05782064766764,47.72114038299392,0.16979196213714287,1.4907629926749841,1.3209710305378413,0,,,61.695969283769564,55.04592184220744,,,,,,,68.89532320797804,,,54.391932637240316,43.92727988245846,,,,,60,100,-40,,,,,,,,,,,,,-637.1754940592206,,0.09777926820916956
2003-09-02,33.49001,34.34,33.13,33.94,30.624359543861694,32.00101001724923,29.249278661484595,47.58401460803876,0.2274899504733039,1.6053334686294711,1.3778435181561672,0,,,68.69717375803414,61.85601472600285,,,,,,,70.5573688815833,,,74.26940420894918,61.99969478835984,,,,,60,100,-40,,,,,,,,,,,,,-679.5072224120895,,0.08420293716652123
2003-09-08,34,34.53,33.00999,33.82001,30.688333862157286,32.364810013799385,29.428523027700887,47.44705933830703,0.2315095148241526,1.6672304116863579,1.4357208968622053,0,,,70.52547147624104,66.9728715060149,,,,,,,69.67742730517573,,,88.58533487750861,82.1415921941445,,,,,60,100,-40,,,,,,,,,,,,,-637.7786365189822,,0.10488910111407908
2003-09-15,33.84,34.86,33.444,34.58,31.343451443431768,32.80784801103951,29.63054173249693,47.31902889712985,0.2573043815320222,1.757351373777233,1.5000469922452109,0,,,72.18203826198022,70.46822783208512,,,70.46822783208512,,70.46822783208512,,72.06767789027384,72.06767789027384,,95.66750576220362,93.22580067870463,95.66750576220362,,,,60,100,-40,,,,,,,,,,106,,,-730.909793515531,,0.08937273626166733
2003-09-22,34.13,34.8,32.52,32.58,31.372347768900926,32.762278408831605,29.74620676259509,47.17237189317831,0.11867281366979432,1.6483880093324537,1.5297151956626593,0,,,65.49865487770154,69.40205487197426,,,,,,,58.84371318726019,,,79.69524929572671,88.1321967495072,,,,,60,100,-40,,,,,,69.40205487197426,,105,,,,,-638.0171037854345,,0.017905473781999196
2003-09-29,32.75999,34.47,32.35699,34.19,31.27575149969372,33.04782272706528,29.92047316406195,47.04319406339544,0.11436052498792826,1.6726658518975697,1.5583053269096414,0,,,62.11676997913838,66.59915437294003,,,,,,,64.52110902558435,,,67.02486211413687,75.85430922898065,,,,,60,100,-40,,,,,,,,,,,,,-652.9230849153555,,0.05354006841086638
2003-10-06,34.28,35.27,34.00999,35.00999,31.639900678287027,33.440256181652224,30.120062059588932,46.92346068963031,0.1437857722360789,1.73803754220474,1.5942517699686611,0,,,65.40418216707066,64.33986900797018,,,,,,,67.030509694726,67.030509694726,,53.88199831956362,59.30442837009165,,53.88199831956362,,,60,100,-40,,,,,,64.33986900797018,,,,,,,-662.3916149307454,,0.07805822049272101
2003-10-13,35.14,35.85001,34.60001,34.61,31.70061991555224,33.674204945321776,30.29613805725211,46.80093869271857,0.11463054295274167,1.7375399486595882,1.6229094057068465,0,,,67.03420735291594,64.85171983304166,,,,,,,64.61539017130586,,,58.220145580416016,55.773818607290195,,,,,60,100,-40,,,,,,,,,,,,,-669.2295031251552,,-0.011186646102784973
2003-10-20,34.64999,35.67999,33.49001,34.2,31.758432064441365,33.77936395625742,30.449230682457912,46.675556218164154,0.049386490158084495,1.684642518404452,1.6352560282463675,0,,,62.73909363643896,65.05916105214185,,,65.05916105214185,,65.05916105214185,,62.129616361095245,,,55.40847867033813,54.98574954081344,,,,,60,100,-40,,,,,,65.05916105214185,,105,,106,,,-605.7332298296726,,-0.03381010611270756
2003-10-27,34.28,36,34.03999,35.17999,31.847831916981264,34.059489165005935,30.634750655694855,46.56117247469983,0.05353621573038625,1.7021762979093502,1.648640082178964,0,,,62.748749528637724,64.17401683933086,,,,,,,65.56033030814311,,,54.67064103445734,56.459740605579846,,54.67064103445734,,,60,100,-40,,,,,,,,,,,,,-631.9635516788229,,-0.01031293449840396
2003-11-03,35.42999,36.17999,35.14999,35.63,32.25585178005404,34.37359133200475,30.830642786844077,46.452404589379434,0.06701897639561061,1.7324138026734772,1.6653948262778666,0,,,64.8668229346779,63.45155536658486,,,,,,,67.04545444768407,67.04545444768407,,56.72219229858867,55.53928346509377,56.72219229858867,,,,60,100,-40,,,,,,63.45155536658486,,,,,,,-747.9701786463097,,0.00474532181737185
2003-11-10,35.7,36.02,34.85001,35.03999,32.34971951005018,34.506871065603804,30.995715226575683,46.33884822530601,0.01912031752547283,1.6892952231847076,1.6701749056592348,0,,,62.184136118903396,63.26656952740634,,,,,,,63.175953988275964,,,55.781304597895065,55.587312947802154,,,,,60,100,-40,,,,,,63.26656952740634,,105,,,,,-716.5210552560716,,-0.00925099294096288
2003-11-17,34.84,34.97,33.73,34.23199,32.41688383076088,34.45189485248304,31.122627962788403,46.21838197430794,-0.07869529071386738,1.5718057922669004,1.6505010829807678,0,,,50.115823337359195,59.055594130313494,,,,,,,58.19317408465081,,,42.531716884305354,49.735957787170584,,,,,60,100,-40,,,,,,,,,,,,,-651.6990452095131,,-0.03759896933464695
2003-11-24,34.52,35.52,34.47,35.38,32.459250699992246,34.63751588198644,31.289583728953563,46.11053737754865,-0.07766286885933527,1.5534224969065988,1.631085365765934,0,,,48.68946279323726,53.663140749833275,,,,,,,62.719055945866465,,,30.437266918881804,38.044326516797945,,,,,60,100,-40,,,,,,,,,,,,,-646.8446733532379,,-0.022198891983203257
2003-12-01,35.71001,36.12,34.95799,35.03999,32.50173136427851,34.71801070558915,31.436658484680873,46.00038267727454,-0.10951348873238698,1.4941935048504504,1.6037069935828374,0,,,49.23912409516418,49.3481367419202,,,,,,,60.61365592861323,,,21.14339926967298,25.11112046043795,,21.14339926967298,,,60,100,-40,,,,,,,,,,,,,-590.1456418344674,,-0.03732606200191049
2003-12-08,35.02,35.46001,34.13,35.24001,32.55917769540147,34.82241056447132,31.58580952449731,45.893314292426034,-0.12559184360093623,1.4467171890816672,1.5723090326826035,0,,,43.71715410569019,47.21524699803053,,,,,,,61.43861345630632,,,23.448583615930367,21.725763157933617,,,,,60,100,-40,,,,,,,,,,,,,-588.300979682746,,-0.03463776133636036
2003-12-15,35.92999,35.99001,34.42,35.46001,32.58852071715852,34.94993045157705,31.73773895490918,45.78950031936707,-0.12938026825452154,1.4105836973644514,1.539963965618973,0,,,43.740110613601054,45.565462938151796,,,,,,,62.377567117194324,,,23.229490633751645,22.20151585508462,,,,,60,100,-40,,,,,,,,,,,,,-577.7008015586104,,0.009212875825035834
2003-12-22,35.35001,36.09,35.28999,35.85001,32.80149209450433,35.129946361261645,31.89900448608921,45.69059991817934,-0.11412312061317453,1.3973100648525048,1.5114331854656793,0,,,48.5355447795434,45.33093649961154,,,,,,,64.05828324688213,,,35.07518367090589,29.894809207039412,,,,,60,100,-40,,,,,,45.33093649961154,,,,,,,-539.0279285479539,,0.06805213144019356
2003-12-29,36.03,36.78999,36.02,36.36,33.414946230611164,35.37595708900932,32.073945486634734,45.597758127948694,-0.07981079096391763,1.4116696967607822,1.4914804877246999,0,,,56.82514332342411,49.70026623885618,,,,,,,66.19750315909334,,,52.21489312975272,42.235702451674136,,,,,60,100,-40,,,,,,,,,,,,,-554.6592142665078,,0.03775934210631399
2004-01-05,36.58,38.35001,36.56,37.73,34.86102435699608,35.84676567120746,32.29575154598239,45.519471977421844,0.019711982585528975,1.516120465956611,1.496408483371082,0,,,68.21206945873652,57.857585853901334,,,,,,,71.18807100290984,,,73.89209777731104,62.55845937430646,,,,,60,100,-40,,,,,,,,,,,,,-631.0848116725972,,0.043203894679589246
2004-01-12,37.85001,38.63,37.60001,38.57001,35.62167404578208,36.39141453696597,32.54180089712034,45.45032310202461,0.12102259954995875,1.6476867328085305,1.5266641332585718,0,,,75.97245163399595,67.00322147205219,,,,,,,73.7612517379176,73.7612517379176,,88.97058222118763,81.34024610763056,,,,,60,100,-40,,,,,,,,,,,,,-737.2512095503068,,0.057235458353285265
2004-01-20,38.73,39,37.78,38.00999,35.685128042511934,36.71512962957277,32.756239685468564,45.37628993683034,0.1285204533221238,1.6873146999112265,1.5587942465891027,0,,,77.73008889624042,73.97153666299096,,,,,,,69.29173489860639,,,90.92341114729771,90.91836920241394,90.92341114729771,,,,60,100,-40,,,,,,,,,,,,,-735.0237169047965,,0.014034821401469548
2004-01-26,37.98,38.64999,36.66,37.07001,35.71690532518965,36.786105703658215,32.92540714878352,45.29364038522009,0.05228415104195894,1.6241494353915513,1.5718652843495924,0,,,71.65100387399337,75.11784813474324,,,75.11784813474324,,75.11784813474324,,62.41476930440238,,,76.11266160926289,84.938673661363,,,,,60,100,-40,,,,,,75.11784813474324,,105,,,,,-686.8375865584699,,-0.029271261932506037
2004-02-02,37.2,37.75999,36.32899,37.131,35.63641423053325,36.85508456292657,33.090332358635145,45.21242008287959,-0.008678264316234197,1.5610174539542996,1.5696957182705338,0,,,62.78727541181247,70.72278939401542,,,,,,,62.675154067186426,,,55.836848868858496,67.47220009676532,,,,,60,100,-40,,,,,,,,,,,,,-650.1398435478388,,-0.05021212153658259
2004-02-09,37.34,37.7,36.75999,36.94,35.64152821406658,36.87206765034126,33.24129971712004,45.130107445239,-0.0729331862930136,1.4785292354042667,1.5514624216972803,0,,,55.81241534188129,63.41689820922903,,,,,,,61.23588761103819,,,36.62673405133155,46.185403825194406,,,,,60,100,-40,,,,,,,,,,,,,-620.1144174482318,,-0.019191044070550174
2004-02-17,37.28,37.89999,36.55,36.86,35.71641834163326,36.869654120273005,33.38320953213494,45.04781781891821,-0.12863344827743495,1.3906706113504868,1.5193040596279217,0,,,49.41417311957891,56.00462129109088,,,,,,,60.60439447281525,,,27.29962059122795,31.46720077521908,,,,,60,100,-40,,,,,,,,,,,,,-552.8208870030987,,-0.09387972354273426
2004-02-23,37,37.03,35.89999,36.57001,35.72739060294517,36.8097252962184,33.5081820995022,44.963461522212555,-0.18915980491298212,1.282854303486694,1.472014108399676,0,,,35.33629016298599,46.85429287481539,,,,,,,58.24564811814928,,,16.95592344086067,21.027987891606728,,,,,60,100,-40,,,,,,,,,,,,,-537.7625439116263,,-0.10961318002934033
2004-03-01,36.67999,37.17999,36.21001,36.63,35.769004845591944,36.77378023697472,33.630606330894274,44.88054150706616,-0.22677213310757294,1.1885489420152098,1.4153210751227827,0,,,26.655519335504508,37.13532753935647,,,,,,,58.606696299519186,,,10.35771700022934,14.182833349452542,,,,,60,100,-40,,,,,,,,,,,,,-573.6238995640578,,-0.06785272639107881
2004-03-08,36.69,36.82001,34.8,35.50999,35.8305080709068,36.52102218957978,33.70430765125136,44.787302188587894,-0.32283867554068557,1.0117727306969257,1.3346114062376113,0,,,6.749563955120397,22.913791151203625,,,,,,,49.88264803557079,,,3.754139755469034,6.73118478801472,,,,,60,100,-40,,,,,,,,,,,,,-503.87409964332005,,-0.07058500451706262
2004-03-15,35.36,35.62,34.63,34.75,35.73761392298489,36.16681775166383,33.74531519433955,44.6874285349701,-0.426795770142671,0.8011166935592726,1.2279124637019436,0,,,-12.524395965659178,6.960229108321908,,,,,,,44.96259002739467,,,1.736345710937157,2.695596698950966,,1.736345710937157,,,60,100,-40,,,,,,,,,,,,,-434.0788087990801,,-0.12624778423393448
2004-03-22,34.53,35.584,34.006,35.22,35.798499357057395,35.977454201331064,33.803145971032116,44.59322526596542,-0.450781065087565,0.6644361323424874,1.1152171974300524,0,,,-24.531918475536727,-10.102250162025173,,,,,,,48.37405431741263,,,2.909538634646072,1.843316678784726,,,,,60,100,-40,,,,,,,,,,,,,-393.33720719924736,,-0.08230201655682298
2004-03-29,35.50999,37.16,35.49001,37.10001,35.7710358315533,36.20196536106485,33.93243475648184,44.51866591008517,-0.332373271133267,0.6997506085134688,1.0321238796467358,0,,,-14.357712113694834,-17.13800885163025,,,,,,,59.3048128239432,,,14.540632681477575,8.458530169096479,,,,,60,100,-40,,,,,,-17.13800885163025,,,,,,,-457.2758967993842,,0.004108123786161334
2004-04-05,37.03999,37.5,36.66,36.94,35.13379970072806,36.34957228885188,34.05037849152177,44.44325629903955,-0.26035514451238806,0.7066799490062508,0.9670350935186388,0,,,-1.9362435562191358,-13.608624715150237,,,,,,,58.169214992630096,,,28.058494282938344,20.178871087560694,,,,,60,100,-40,,,,,,,,,,,,,-462.3166428358598,,0.0023537232735911
2004-04-12,37.07001,37.36,35.78999,36.09,34.34025186496177,36.29765783108151,34.130363648716994,44.36013932093965,-0.2646286196794503,0.6362493189193259,0.9008779385987762,0,,,-0.2269547494579056,-5.506970139790629,,,,,,,52.39541415429058,,,36.329809775091036,32.30511805558918,,,,,60,100,-40,,,,,,,,,,,,,-405.53179868388526,,-0.054806313471264245
2004-04-19,36.00999,37.25999,35.45,37.21001,34.394313874607356,36.48012826486521,34.251134093865346,44.288993755557165,-0.19017159215286006,0.6631634484077011,0.8533350405605612,0,,,4.61565383098573,0.8174851751028923,,,,,,,58.303338926902256,,,40.43175790264277,39.28903369454861,40.43175790264277,,,,60,100,-40,,,,,,,,,,,,,-389.0714716504516,,0.0473286388117335
2004-04-26,37.17999,37.28999,34.72,34.77,34.336865026421115,36.138102611892165,34.27148177645886,44.194277399780475,-0.2970296912364252,0.4820479265150297,0.7790776177514549,0,,,-8.031917101281124,-1.214406006584437,,,,,,,45.095043176587566,,,31.160897151741377,36.062694477203145,,,,,60,100,-40,,,,,,-1.214406006584437,,,,,,,-326.5130222594604,,-0.0506984433296566
2004-05-03,35,35.75,34.85001,34.97,34.1749482388196,35.904482089513735,34.29887464797028,44.10249354505629,-0.34277465948839025,0.350609293390967,0.6933839528793573,0,,,-20.90530591406547,-8.107189728120291,,,,,,,46.17776180173552,,,24.55692983728476,29.236860402896514,,,,,60,100,-40,,,,,,,,,,,,,-273.51065457592216,,-0.11214046429193075
2004-05-10,34.67,35.45,34.27,34.75,34.251738364618205,35.67358567161099,34.31656583824596,44.00943390779205,-0.37383924048571004,0.22608490227221978,0.5999241427579298,0,,,-32.23690139695511,-20.391374804100572,,,,,,,45.117522048291676,,,9.029379217777242,16.048714383376772,,,,,60,100,-40,,,,,,,,,,,,,-222.8723537439363,,-0.1284433432168809
2004-05-17,34.38,35.511,34.11,35.019,34.29447205285976,35.54266853728879,34.3441122759618,43.91997685398317,-0.36201508963470863,0.14740528071454406,0.5094203703492527,0,,,-38.08271461675508,-30.408307309258557,,,,,,,46.73741078190974,,,7.207677296322629,9.07559947912399,,7.207677296322629,,,60,100,-40,,,,,,,,,,,,,-192.35010760867516,,-0.10354951630662346
2004-05-24,35.3,36.55,34.94901,36.55,34.30258190622692,35.74413482983103,34.430617676904475,43.846643750958464,-0.24256595672479664,0.2062129244432569,0.44877888116805353,0,,,-26.717229574543964,-32.34561519608472,,,,,,,54.93803028304751,,,18.36624971893539,11.02057465089244,,,,,60,100,-40,,,,,,-32.34561519608472,,,,,,,-183.74099713437062,,-0.06385610853414893
2004-06-01,36.25999,36.66,35.82001,36.19,34.28154248435357,35.833307863864825,34.499613062123906,43.77045824099868,-0.1820476364279845,0.22121933563307294,0.40326697206105744,0,,,-14.981910535524158,-26.593951575607736,,,,,,,52.86464908013485,,,34.07828416012853,24.802062055189168,,,,,60,100,-40,,,,,,,,,,,,,-178.5153612917578,,-0.1051586546586703
2004-06-07,36.44,37.19,36.34,36.84,34.3707201640426,36.03464629109186,34.59139294204061,43.701498457506155,-0.09676771430553943,0.28230732917913315,0.3790750434846726,0,,,0.4678299144059963,-13.74377006522071,,,,,,,56.10501419209683,,,54.80904348442327,44.6711295052232,,,,,60,100,-40,,,,,,,,,,,,,-166.05802287507456,,-0.07675049667253862
2004-06-14,36.61,36.99001,36.10001,36.44,34.43066943803956,36.11571703287349,34.663887336470395,43.629244741511066,-0.06722620812032892,0.2950422833342614,0.36226849145459034,0,,,7.708203365424699,-2.2686257518978246,,,,,,,53.64636674671339,,,59.334148001205634,56.742439932775625,,,,,60,100,-40,,,,,,,,,,,,,-158.59292780687923,,-0.055598970571518844
2004-06-21,36.52,37.39,36.015,37.33,34.62204090675102,36.35857362629879,34.76844077425587,43.56656568935673,0.008308932670282432,0.3726546572924434,0.36434572462216097,0,,,17.771380623338345,8.649137967723009,,,,,,,58.07490830231707,,,70.17519339607179,66.80580008135064,70.17519339607179,,,,60,100,-40,,,,,,,,,,,,,-187.9396682056285,,-0.02178008699058823
2004-06-28,37.49001,37.89999,36.63,36.82001,34.61903798484023,36.450860901039036,34.84889446938309,43.49943578199994,0.019349286784274,0.38853233310250346,0.36918304631822946,0,,,26.51296153604695,17.330848508269995,,,,,,,54.823457936676014,,,69.65186665635059,68.69354402328244,,,,,60,100,-40,,,,,,,,,,,,,-161.95063762278699,,-0.030272885437838664
2004-07-06,36.60001,36.60001,35.55,35.75,34.631250985923074,36.31068872083123,34.88423194117199,43.4223269682487,-0.046396464554677164,0.311187465624883,0.35758393017956014,0,,,15.690441151594761,19.99159443699335,,,,,19.99159443699335,,48.63445192694792,,,63.73304781328112,67.90521790669348,,,,,60,100,-40,,,,,,19.99159443699335,,,,,,,-121.59597623682579,,-0.035943891299216116
2004-07-12,35.57001,35.81,34.619,34.67,34.64258877264285,35.98255097666498,34.87583068857701,43.33523913771886,-0.1573555498063528,0.16088949292161914,0.31824504272797194,0,,,-2.9334797804536343,13.089974302396023,,,,,,,43.29069096951041,,,41.89488823529586,53.49021086996981,,,,,60,100,-40,,,,,,,,,,,,,-63.12398055740296,,-0.08989241702400058
2004-07-19,34.78,35.64999,34.03,34.21001,34.66440386031122,35.628042781331985,34.849720073338695,43.24444083784106,-0.25091058335524286,0.004606813533918341,0.2555173968891612,0,,,-18.105079699120072,-1.7827061093263186,,,,,,,41.20184506786128,,,20.51794106147983,32.72408136086258,,,,,60,100,-40,,,,,,,,,,,,,-6.192347728784213,,-0.12844703050170386
2004-07-26,34.24001,35.10001,33.7,34.89,34.62337644171756,35.480434225065586,34.85129967830581,43.16131207328543,-0.2553300486460276,-0.06364516391837327,0.1916848847276543,0,,,-27.816073845851626,-16.284877775141783,,,,,,,45.419451241728346,,,12.02853138358447,15.667107282471983,,,,,60,100,-40,,,,,,,,,,,,,3.1153518582674877,,-0.07259454945380538
2004-08-02,34.61,35.02,32,32.72,34.616705267309165,34.92834738005247,34.767719298764405,43.057418420814926,-0.384947145797063,-0.2894990475186745,0.09544809827838853,0,,,-42.181597551972786,-29.367583698981502,,,,,,,36.39429130123739,,,8.376929697596978,8.363903910497001,,8.376929697596978,,,60,100,-40,,,,,,,,,,,,,110.73074242949161,,-0.05868296165839223
2004-08-09,32.81,33.48199,32.35001,32.52,34.37908346250137,34.44667790404198,34.6795734439109,42.95256848627945,-0.4596427805692935,-0.47910537743322834,-0.019462596863934853,0,,,-51.73250602093438,-40.57672580625294,,,,,,,35.68626963956949,,,8.389955484696959,8.38995548469696,,,,,60,100,-40,,,,,,,,,,,,,182.4160619877659,,-0.12706981317377664
2004-08-16,32.61,34.14101,32.586,34.00999,34.42815178660841,34.35934032323358,34.65331526963988,42.863587605818964,-0.3871002055762717,-0.5033378538342745,-0.1162376482580028,0,,,-51.50829252460747,-48.47413203250488,,,,,,,44.41387572481457,,,11.570945209375463,9.98045034703621,,,,,60,100,-40,,,,,,,,,,,,,151.97677798999024,,-0.1370019187756038
2004-08-23,34.05,34.67999,33.81,34.56,34.403853801850666,34.39947225858687,34.64965584730106,42.78096484357201,-0.2851794227970892,-0.47271192675436424,-0.18753250395727508,0,,,-44.175756731574424,-49.138851759038765,,,,,,-49.138851759038765,47.275128982696174,,,23.92811821647227,17.35190799733905,,,,,60,100,-40,,,,,,-49.138851759038765,,,,,,,114.34463653726475,,-0.09823281520471402
2004-08-30,34.41,34.88,33.64999,34.14101,34.48857995886134,34.3477798068695,34.629708951328475,42.69499514363597,-0.23137713902629284,-0.47675392774014114,-0.2453767887138483,0,,,-39.33820093902599,-45.007416731735965,,,,,,,45.348713093509865,,,37.27820472674827,29.555544490204184,,,,,60,100,-40,,,,,,,,,,,,,84.46379353048933,,-0.07616981951545236
2004-09-07,34.39999,35.19,34.12,35.12,34.51582281894267,34.5022238454956,34.64893605127638,42.61962205762964,-0.120811829876601,-0.3963915760595995,-0.2755797461829985,0,,,-27.832533272092398,-37.11549698089761,,,,,,,50.45871754190453,,,48.39273809020088,43.0726673948249,,,,,60,100,-40,,,,,,,,,,,,,9.106740161309403,,-0.0942623888574966
2004-09-13,35.25,35.73,35.10001,35.42999,34.05398833187534,34.68777707639648,34.67956561789299,42.54808343019054,-0.022883234804100983,-0.30418378968812476,-0.2813005548840238,0,,,-12.05192027537532,-26.40755149549791,,,,,,,51.99832089822886,,,56.73982435513105,53.04833061478283,,,,,60,100,-40,,,,,,,,,,,,,-66.18539441347409,,-0.035664923983890096
2004-09-20,35.28999,35.85001,34.75,34.799,33.091552736741384,34.71002166111718,34.68424931915209,42.47097812242745,0.001992344147394076,-0.27881012469978117,-0.28080246884717525,0,,,-3.865463306019411,-14.583305617829046,,,,,,,48.66343295239054,,,62.51239214684374,59.7922277936859,,,,,60,100,-40,,,,,,,,,,,,,-71.4244136110242,,-0.03924312089665094
2004-09-27,34.62,36.14999,34.23,36.10001,33.474307541259854,34.98801932889374,34.739769345852004,42.407585404791355,0.10306687445317197,-0.15196887578071028,-0.25503575023388225,0,,,6.592510051619655,-3.1082911765916976,,,,,,,55.096167104740395,,,71.74805775569757,67.289997526719,,,,,60,100,-40,,,,,,,,,,,,,-113.89270204538349,,0.021799331090605903
2004-10-04,36.36,36.95,35.5,35.58,33.38757343116986,35.10641546311499,34.772719567583295,42.33964923160935,0.13015478493203628,-0.09234226906883691,-0.2224970540008732,0,,,19.10604252876935,7.277696424789862,,,,,,,52.260622238640316,,,77.45712825333288,74.08823274783587,,,,,60,100,-40,,,,,,,,,,,,,-122.27584712804102,,-0.04424279348397894
2004-10-11,35.69,36.14,35.2,35.63,33.374176043229156,35.211132370491995,34.806338408070225,42.272886552687865,0.14552937990469944,-0.0405853291199989,-0.18611470902469834,0,,,23.214708500473847,16.30442036028761,,,,,,,52.51518233468931,,,86.59234611401479,82.5542084928839,,,,,60,100,-40,,,,,,,,,,,,,-94.58932946839717,,-0.10425301179822133
2004-10-18,35.50999,36.78999,35.39999,35.8,33.43459275442708,35.32890589639359,34.845305529322374,42.208479721317836,0.16008276273266656,0.013988744391134844,-0.1460940183415317,0,,,29.7616271848836,24.02745940470893,,,,,,,53.42984773965083,,,87.50157338509912,86.61491356604346,,,,,60,100,-40,,,,,,,,,,,,,-92.84581501959771,,-0.12363582897676179
2004-10-25,35.73,37.24001,35.41,36.89999,34.226388271968005,35.64312271711488,34.925881390917574,42.15565892807089,0.23234344149780892,0.14433528353072944,-0.08800815796707948,0,,,38.857620043302,30.611318576219812,,,,,,,58.96987880717481,,,91.86329488291088,90.68632667628056,,,,,60,100,-40,,,,,,,,,,,,,-129.60112137967087,,-0.08981728592468494
2004-11-01,36.98,38.16,36.8,37.96001,35.215949823970284,36.1065001736919,35.04486682656786,42.113911177542825,0.33390556147007666,0.32937379387051635,-0.004531767599560296,0,,,52.029735458862106,40.21632756234923,,,,,,,63.50255257617191,,,95.08565705851574,92.89995260268186,,,,,60,100,-40,,,,,,,,,,,,,-233.31000840154886,,-0.038764731150468884
2004-11-08,37.95,38.75999,37.64,38.66,35.917658407972404,36.61720013895352,35.18663675493775,42.07954390214439,0.4247718911543198,0.5264330963433395,0.10166120518901967,0,,,61.946979603646916,50.94477836860367,,,,,,,66.17568546709546,,,98.38527076731512,96.77054153463025,,,,,60,100,-40,,,,,,,,,,,,,-336.34455232854003,,-0.041638666719559514
2004-11-15,38.64,39.36,38.32001,38.67999,35.97353137883152,37.02975811116281,35.32363099984215,42.045717495157874,0.45980679108790656,0.6764196940489029,0.21661290296099633,0,,,67.84682070173112,60.607845254746714,,,,,,,66.25215477705713,,,99.54522691905825,99.09045383811652,,,,,60,100,-40,,,,,,,,,,,,,-337.0091791778964,,-0.025069105595895737
2004-11-22,38.61,39.48,38.48,39.21001,36.54829985177213,37.46580848893025,35.47603801945618,42.017501500181176,0.4895119755320535,0.8285028723760632,0.33899089684400974,0,,,70.56138448782868,66.78506159773558,,,,,,,68.31004124304202,,,100,100,,,,,60,100,-40,,,,,,,,,,,,,-364.8256920546425,,0.01466010527607641
2004-11-29,39.46001,40.59,38.97,40.13,37.515554862359835,37.9986467911442,35.65854633241869,41.99872039072664,0.538090680255766,1.0116042471637172,0.4735135669079512,0,,,73.9305680504813,70.77959108001369,,,,,,,71.56995334321388,71.56995334321388,,100,100,,,,,60,100,-40,,,,,,,,,,,,,-403.03920259016206,,0.08434121697495564
2004-12-06,40.12,40.5,38.81,39.92999,37.47087237219128,38.38491543291536,35.8260539272258,41.97813600872936,0.5232501648950938,1.1275762730268184,0.6043261081317246,0,,,73.03617606793968,72.50937620208322,,,72.50937620208322,,72.50937620208322,,69.87698406315445,,,98.52399784615716,99.26199892307858,,,,,60,100,-40,,,,,,,,,,106,,,-371.5775293919509,,0.15109806558826294
2004-12-13,40.22,40.67999,37.21001,39.47501,37.41938148846333,38.60293434633229,35.96915024380518,41.953229282274336,0.4519734926459803,1.1692929739392,0.7173194812932197,0,,,67.26181560626814,71.4095199082297,,,,,,,66.02797423961695,,,93.27051433699665,96.08175636080726,,,,,60,100,-40,,,,,,71.4095199082297,,105,,,,,-364.01797859341445,,0.1264634071990914
2004-12-20,39.57001,39.92999,39.09,39.758,37.11728566785881,38.833947477065834,36.11773258718537,41.93138620483877,0.39512555390059323,1.2112264236689612,0.8161008697683679,0,,,64.6691442467567,68.3223786403215,,,,,,,67.24374042574661,,,87.93899383166729,91.03081418643909,,,,,60,100,-40,,,,,,,,,,,,,-368.74198248552085,,0.17773123721060302
2004-12-27,39.98,40.16,39.39999,39.91499,37.21248097729746,39.050155981652665,36.26664464258987,41.911322561009534,0.3413597319660838,1.2428005347259727,0.9014408027598889,0,,,62.86204055189936,64.93100013497474,,,,,,,67.93341518329841,67.93341518329841,,83.56656800659086,85.60989545081581,,,,,60,100,-40,,,,,,,,,,,,,-368.06162203360793,,0.23243778641750157
2005-01-03,40.08,40.29201,38.21001,38.55,37.31230233606193,38.95012478532213,36.356187989939286,41.8778765653776,0.19443697851138275,1.1444870258991173,0.9500500473877346,0,,,54.27854951178873,60.60324477014826,,,,,,,56.69047912100291,,,70.95923861666284,77.07222281814677,,,,,60,100,-40,,,,,,,,,,,,,-312.05041802749736,,0.1430238596868058
2005-01-10,38.44,38.87,38.00999,38.42999,37.21613788348608,38.846097828257705,36.43751355896128,41.843569236368864,0.07583575253906294,1.0448447380615633,0.9690089855225004,0,,,41.29170462806596,52.810764897251346,,,,,,,55.810719577028,,,54.1290846412113,63.656916064991854,,,,,60,100,-40,,,,,,,,,,,,,-275.31397838613424,,0.11039963554895721
2005-01-18,38.28,38.78999,36.99001,37.05,37.30141232037993,38.48687826260616,36.461532635080445,41.79587203003683,-0.0993786415187804,0.8447856836240248,0.9441643251428052,0,,,23.546134110807646,39.70546275022077,,,,,,,46.76932240893535,,,29.44515529169577,42.084454554000295,,,,,60,100,-40,,,,,,,,,,,,,-230.71143686138254,,0.07578906880350748
2005-01-24,37.12,37.28999,36.46001,36.92,37.24631429749565,38.17350261008493,36.47951174743023,41.74735589043448,-0.22089409886703304,0.6680467015590139,0.888940800426047,0,,,5.602287176673958,23.480041971849175,,,,,,,46.00866848629444,,,15.218673740666723,22.961114182038852,,,,,60,100,-40,,,,,,,,,,,,,-198.76390288658573,,0.04353567512270783
2005-01-31,37.36,37.82001,37,37.75,37.33372327624596,38.08880208806794,36.52933481615845,41.70758120495752,-0.24061364233946692,0.5881737475017133,0.8287873898411802,0,,,-1.881013665731344,9.08913587391674,,,,,,,51.46813106730607,,,8.941964895155142,10.541504779749022,,8.941964895155142,,,60,100,-40,,,,,,,,,,,,,-233.53410236175193,,0.08103220656427321
2005-02-07,37.8,38.00999,36.88,37.7,37.40488447079982,38.011041670454354,36.57524325474048,41.667704775057445,-0.2511068850528021,0.5149037835251775,0.7660106685779796,0,,,-7.395458157262518,-1.2247282154399828,,,,,,,51.13071810239938,,,11.950683502395703,9.680006328661806,,,,,60,100,-40,,,,,,,,,,,,,-230.16426556870613,,0.15122289196138966
2005-02-14,37.71001,38.48,37.25999,37.35001,37.438108437171266,37.87883533636348,36.6056262643585,41.6247426379922,-0.2738395256551167,0.42371126150908367,0.6975507871642004,0,,,-9.682861160799469,-6.319777661264458,,,,,,,48.70922983937697,,,15.432820019224742,13.107356431285078,,,,,60,100,-40,,,,,,,,,,,,,-198.31621728348682,,0.06449038012122904
2005-02-22,37.03,37.7,36.69701,37.62,37.256089263087595,37.82706826909078,36.645405626540516,41.58489445253954,-0.2628620902687404,0.3689731743282749,0.6318352645970153,0,,,-15.679450769518118,-10.91925669586005,,,,,,,50.66193527821719,,,16.370203162669235,16.18001265215811,16.370203162669235,,,,60,100,-40,,,,,,,,,,,,,-216.80417777739825,,0.1462884368648966
2005-02-28,37.46001,38.02,36.923,37.52,37.288797887152775,37.765654615272624,36.679703445107556,41.544447741568995,-0.25434406918828945,0.3139051781116535,0.568249247299943,0,,,-17.91953261408989,-14.427281514802507,,,,,,,49.89966398603067,,,15.574678246350084,16.367008443261224,,,,,60,100,-40,,,,,,,,,,,,,-243.7488727269622,,0.15606887327193428
2005-03-07,37.61,38.28999,37.0199,37.17,37.319668752356144,37.646523692218096,36.69893076098569,41.5009208983693,-0.2631888044606434,0.2392632417241387,0.5024520461847821,0,,,-19.34213490836598,-17.647039430658012,,,,,,,47.20651793547449,,,13.706313968499398,14.688842414904515,,,,,60,100,-40,,,,,,,,,,,,-80.99999999999997,-188.52180495842362,-80.99999999999997,0.14473684289079206
2005-03-14,37.24001,37.48,36.35001,36.50999,37.323607412902135,37.41921695377448,36.69152131937841,41.451259894405425,-0.3016367768413687,0.12540607513307123,0.4270428519744399,0,,,-30.239227089928796,-22.50029820412824,,,,,,,42.51854343358943,,,8.970522558933588,11.361794672350092,,,,,60,100,-40,,,,,,,,,,,,-58.090909090909086,-156.063294965983,-58.090909090909086,0.06510708355412255
2005-03-21,36.61,36.75,36.07001,36.27,35.982289026266265,37.189373563019586,36.674991071559646,41.39970506958547,-0.32913179210118415,0.015628111847959758,0.3447599039491439,0,,,-40.87247213191803,-30.15127804340427,,,,,,,40.91787606052087,,,4.20274626372866,6.927132123767163,,,,,60,100,-40,,,,,,,,,,,,-32.983471074380155,-126.77905951762241,-32.983471074380155,0.005960523634989955
2005-03-28,36.41,36.884,35.94,36.2,35.9485455243901,36.99149885041567,36.65636397071417,41.347966710684126,-0.33672184929530224,-0.07614240766998392,0.2605794416253183,0,,,-46.57608933185117,-39.22926285123267,,,,,,,40.43685172278128,,,1.3429351415345454,2.685870283069074,,1.3429351415345454,,,60,100,-40,,,,,,,,,,,,-2.4410217881291985,-98.27377596896376,-2.4410217881291985,-0.06024804608222858
2005-04-04,36.25999,37.07001,36.03,36.64,35.3109444155051,36.921199080332535,36.655722246372434,41.30112127077682,-0.29812351530348513,-0.1120749525040381,0.18604856279944704,0,,,-46.47082376449859,-44.639795076089264,,,,,,,44.85157818059234,,,6.0484281548260554,3.393804178335563,,,,,60,100,-40,,,,,,,,,,,,18.91189126425793,-71.31490761097034,18.91189126425793,-0.034979459111915356
2005-04-11,36.75,36.78,34.67999,34.74001,35.33658981439759,36.484961264266026,36.58059627592645,41.23583658151536,-0.3812517923438673,-0.29051617763038706,0.09073561471348021,0,,,-57.15159858912735,-50.06617056182571,,,,,,,33.30415032495921,,,7.252543442763788,5.802034754211026,,,,,60,100,-40,,,,,,,,,,,,143.65518376166563,39.83325740920613,143.65518376166563,-0.11254263809951995
2005-04-18,34.72,35.71001,34.59,35.09,35.208974827654906,36.20596901141282,36.52214152000777,41.17468397871421,-0.3918608121069437,-0.3990904004201994,-0.007229588313255722,0,,,-63.56367642195198,-55.72869959185931,,,,,,,36.563373037266224,,,12.614566825844442,10.658809478580485,,,,,60,100,-40,,,,,,,,,,,,167.5360594413628,61.68175606207775,167.5360594413628,-0.1421089774266869
2005-04-25,35.3,35.7,34.35001,34.98,35.18047519710813,35.960775209130254,36.46166538196825,41.113045332159835,-0.38492238111694155,-0.48838256470943264,-0.10346018359249111,0,,,-66.37254473041928,-62.36260658049954,,,,,,,35.96496959703681,,,10.95435827824993,11.295523215231192,,,,,60,100,-40,,,,,,,,,,,,229.80223045202408,121.37598223260902,229.80223045202408,-0.16285915365808354
2005-05-02,35.07001,36.02,34.886,35.85699,35.08758554017183,35.9400181673042,36.437952621891064,41.06074627412839,-0.3034845599834664,-0.48281588357182414,-0.17933132358835774,0,,,-61.43322624561014,-63.78981579932713,,,,,,-63.78981579932713,43.895617635957755,,,23.796094149537844,18.19392645336318,,,,,60,100,-40,,,,,,-63.78981579932713,-107,,,,,219.8381885516561,109.30762182668005,219.8381885516561,-0.14631850189965778
2005-05-09,35.87,36.47,35.3,36.24001,35.10647228730241,36.000016533843365,36.43019016613063,41.01277874901269,-0.2104533782497296,-0.4423980464005197,-0.23194466815079012,0,,,-51.837557120487894,-59.88110936550577,,,,,,,47.00121998045791,,,38.78652170001123,29.396124646750902,,,,,60,100,-40,,,,,,,,,,,,188.0494269968095,97.6153269491018,188.0494269968095,-0.12914696914097032
2005-05-16,36.24001,37.69,36.13,37.66,35.15886712392367,36.33201322707469,36.47841800275296,40.979417766435446,-0.04837588229730588,-0.2924145210224225,-0.2440386387251166,0,,,-30.03523317942468,-47.768672181840905,,,,,,,56.640766374960855,,,64.1054172912494,51.44650379537071,,,,,60,100,-40,,,,,,,,,,,,161.13134936102594,72.59435841290149,161.13134936102594,-0.09152911959168296
2005-05-23,37.66,38.27,37.59,38.21001,35.66467232935769,36.70761258165975,36.54632357127245,40.95186147025201,0.09307230285290413,-0.12769826015898644,-0.22077056301189057,0,,,-7.8865130250414985,-29.91976777498469,,,,,,,59.71529354029307,,,81.69860533407831,72.08461505213906,,,,,60,100,-40,,,,,,,,,,,,124.56201311356668,41.21356597419208,124.56201311356668,-0.017870345407917314
2005-05-31,38.19,38.67999,37.92,38.10001,35.749339305832144,36.9860920653278,36.607252450830394,40.92348483870722,0.17184306114974196,-0.0059667365747131385,-0.1778097977244551,0,,,7.761827257892408,-10.053306315524589,,,,,,,58.81175827785322,,,93.9569139404999,88.99768857103636,93.9569139404999,,,,60,100,-40,,,,,,,,,,,,83.73255618382731,-5.370718748388299,83.73255618382731,-0.03670318817214972
2005-06-06,38.12,38.47099,37.38,37.547,35.8165314982727,37.09827365226224,36.64410529589587,40.88988797464048,0.1785360009015035,0.045360203402424304,-0.1331757974990792,0,,,14.710065377774086,4.861793203541666,,,,,,,54.33425742908041,,,93.2993071511927,94.20683730709159,,,,,60,100,-40,,,,,,,,,,,,53.963000514040544,-44.39422443049949,53.963000514040544,-0.0253695977026623
2005-06-13,37.48,38.21001,37.25,37.87,35.83163853411037,37.25261892180979,36.6921795980176,40.859839338076895,0.19519909742799188,0.11082307428591065,-0.08437602314208123,0,,,19.278360423622967,13.916751019763156,,,,,,,56.4330075659538,,,90.85826210507548,93.25611012885206,,,,,60,100,-40,,,,,,,,,,,,-12.212090488512288,-115.41345635222683,-12.212090488512288,-0.01925414097096406
2005-06-20,37.72,38.17999,36.95799,36.97,35.864377924531055,37.196095137447834,36.7030745157424,40.821134469041304,0.13874388693570577,0.08905383552755097,-0.04969005140815479,0,,,18.000796827413815,17.329740876270293,,,,,17.329740876270293,,49.55782069839484,,,81.53260468416141,85.97935011122888,,,,,60,100,-40,,,,,,,,,,,,-1.8098922178736743,-93.52010065182199,-1.8098922178736743,-0.11199641468309213
2005-06-27,36.95,37.25999,36.67999,36.72501,35.85735164420741,37.101878109958264,36.703934730811326,40.78037701163791,0.08090399615674547,0.051439943787777054,-0.029464052368968416,0,,,10.206409542224524,15.828522264420437,,,,,,,47.83911161959623,,,73.56969382540507,78.17141524730073,,,,,60,100,-40,,,,,,15.828522264420437,,,,,,-20.571729996442087,-114.69826416967251,-20.571729996442087,-0.16790277777002283
2005-07-05,36.64,37.81,36.5498,37.77,35.942541526764025,37.23550248796661,36.74574121195598,40.75042301152211,0.10736739064941199,0.10474518594279658,-0.0026222047066154115,0,,,11.722241104605885,13.309815824748078,,,,,,,55.04366341780456,,,69.17901780591141,71.10296681810654,,69.17901780591141,,,60,100,-40,,,,,,,,,,,,-90.46777908799808,-188.38948886609572,-90.46777908799808,-0.08901230317111683
2005-07-11,37.87,39,37.8,38.89,36.60446498913802,37.56640199037329,36.82982979187928,40.731911339765674,0.18982544721778577,0.23465960431561683,0.04483415709783105,0,,,27.524463343729302,16.484371330186573,,,,,,,61.25697964714942,,,75.84616307150948,71.97884183506115,,,,,60,100,-40,,,,,,16.484371330186573,,,,,,-109.47363743563479,-193.2277636177147,-109.47363743563479,-0.08730235857159126
2005-07-18,38.75999,39.69299,38.688,39.42,37.12200320419959,37.93712159229864,36.93140509415852,40.7188574955889,0.2649722133531728,0.37604942378929707,0.11107721043612426,0,,,41.87646490894914,27.041056452428112,,,,,,,63.82038032096964,,,87.39858116775363,80.44142885929533,,,,,60,100,-40,,,,,,,,,,,,-150.4784306291557,-238.09544295994834,-150.4784306291557,-0.0708213787080438
2005-07-25,39.44,39.92101,39.19,39.575,37.297575832471054,38.26469727383891,37.035075482622894,40.707475828966125,0.3070615374292154,0.4949041322226435,0.1878425947934281,0,,,51.04569512651305,40.1488744597305,,,,,,,64.56322018927165,64.56322018927165,,95.67820296402829,91.35640592805657,,,,,60,100,-40,,,,,,,,,,,,-226.7550796056728,-319.3508169672305,-226.7550796056728,-0.029406862689755113
2005-08-01,39.64,40.14,39.427,39.48,37.35581898729455,38.50775781907113,37.130954875461214,40.69526213912567,0.30957043402377915,0.574805637323152,0.2652352032993729,0,,,55.94877356667407,49.62364453404543,,,,,,,63.69488031099474,,,98.18853643316496,97.68320158563544,98.18853643316496,,,,60,100,-40,,,,,,,,,,,,-198.25415604100505,-287.6506684277341,-198.25415604100505,-0.019878593873169977
2005-08-08,39.52,39.685,38.97,39.21001,37.412474773916365,38.648208255256904,37.21248644897254,40.68048351087566,0.2752665383377715,0.6093183762215872,0.33405183788381576,0,,,54.66894305943755,53.88780391754156,,,53.88780391754156,,53.88780391754156,,61.16223658222133,,,94.87744923064297,97.11219243549509,,,,,60,100,-40,,,,,,,,,,,,-162.2079458517314,-261.7141832590551,-162.2079458517314,-0.017424329483297776
2005-08-15,39.14,39.63,38.74001,38.82001,37.46479800435091,38.68256860420552,37.27552658822852,40.66197133663809,0.21140121857262423,0.598303361099596,0.3869021425269718,0,,,50.608777104743396,53.74216457695167,,,,,,,57.57948741232745,,,84.80594419846108,90.23711642585185,,,,,60,100,-40,,,,,,53.74216457695167,,105,,,,-130.8974102423257,-237.76614993922695,-130.8974102423257,-0.024375049735771755
2005-08-22,38.88,39.17999,38.27,38.4599,37.48838528975442,38.63803488336442,37.32197260437643,40.6400601790596,0.13378098032147168,0.5541283679288114,0.4203473876073397,0,,,41.61794789789673,48.96522268735922,,,,,,,54.392330859745556,,,69.47154254401775,77.74014077122415,,,,,60,100,-40,,,,,,,,,,,,-103.46151747099377,-209.99048631391292,-103.46151747099377,-0.05723104308093022
2005-08-29,38.25999,39.14999,38.25999,38.77,37.50743062620053,38.664427906691536,37.37875799244009,40.62145261508886,0.09407472934280736,0.5379407992858489,0.44386606994304156,0,,,35.447426671006156,42.5580505578821,,,,,,,56.63175394730145,,,58.18915911769432,64.23900863081755,,58.18915911769432,,,60,100,-40,,,,,,,,,,,,-84.65033247626764,-199.99221607501968,-84.65033247626764,0.02048307994630693
2005-09-06,38.94,39.69,38.89999,39.619,37.571971295757635,38.85534232535323,37.46661062018754,40.61147796220241,0.11439062205211592,0.5868543475081864,0.4724637254560705,0,,,40.79070529861212,39.28535995583834,,,,,,,62.1448025356022,62.1448025356022,,59.58646925209881,58.12879810639498,,,,,60,100,-40,,,,,,39.28535995583834,,,,,,-119.25936293512805,-228.17544951592515,-119.25936293512805,0.057577819704057814
2005-09-12,39.63,39.91,39.05,39.39999,37.586759060346374,38.96427186028258,37.54242941939587,40.599423355613325,0.10284361643624829,0.6010182460013809,0.4981746295651326,0,,,44.097381918324075,40.111837962647456,,,,,,,60.012826092063065,,,66.92728598678875,61.759505493987774,,,,,60,100,-40,,,,,,,,,,,,-105.75766058328657,-225.7799132403024,-105.75766058328657,0.05469161130722037
2005-09-19,39.32001,39.541,38.24001,38.75,37.60906198460735,38.92141748822606,37.589785128439175,40.581021133169415,0.044192338394863695,0.5534150525587123,0.5092227141638486,0,,,34.86291854694922,39.91700192129514,,,,,,,54.05091523900894,,,66.9744076616566,66.77200555017636,66.9744076616566,,,,60,100,-40,,,,,,39.91700192129514,,,,,,-64.71081320450719,-177.4562926511565,-64.71081320450719,0.0038255617774776785
2005-09-26,38.97,39.48,38.44501,39.46001,37.56677327142111,39.02913599058085,37.66312728026509,40.56986679353589,0.04578291138376378,0.5664513533935533,0.5206684420097896,0,,,33.47135766183603,37.47721937570311,,,,,,,58.88447543097132,,,63.86402078900859,66.74997945768591,,,,,60,100,-40,,,,,,,,,,,,-96.58157444005134,-192.46423944185528,-96.58157444005134,0.012423263035393166
2005-10-03,39.55,39.88,37.92,38.34,37.565505180605314,38.89130879246468,37.689671308489984,40.54767906424697,-0.031843420600094596,0.4808641662596713,0.5127075868597659,0,,,21.866162980758546,30.066813063181268,,,,,,,49.911956189156754,,,45.40698470142824,54.74221032408112,,,,,60,100,-40,,,,,,,,,,,,-49.021288178223834,-142.01619590697248,-49.021288178223834,-0.08043113184373679
2005-10-10,38.28999,38.461,37.33,38.06,37.432183381990654,38.72504703397174,37.70419400227469,40.52292603873207,-0.10137201996009038,0.3859925619096529,0.4873645818697433,0,,,-0.13256374985470387,18.40165229757996,,,,,,,47.93383015886146,,,31.355958479210283,39.940434539381776,,,,,60,100,-40,,,,,,,,,,,,8.073491490544136,-92.55870574206838,8.073491490544136,-0.09811076693472512
2005-10-17,38.06,38.86,37.61,38.55,37.42681314041989,38.69003762717739,37.73736286493058,40.50329493386907,-0.11280966484304311,0.3463525008159394,0.4591621656589825,0,,,-8.029156656304473,4.568147524866461,,,,,,,51.57249158420417,,,14.779596756040107,22.100608752473562,,,,,60,100,-40,,,,,,,,,,,,17.514674855899734,-74.82075924351051,17.514674855899734,-0.04173496522797897
2005-10-24,38.71201,39.274,37.92,38.32201,37.40482648753275,38.616432101741914,37.76029020356076,40.48159060616888,-0.13280077302323567,0.2931611993799379,0.42596197240317357,0,,,-10.295627690362839,-6.152449365507334,,,,,,,49.817598630854334,,,12.551419506965292,13.833226548144006,,12.551419506965292,,,60,100,-40,,,,,,,,,,,,71.60291579119068,-33.944257562872195,71.60291579119068,-0.031175491347863352
2005-10-31,38.42999,40.23,38.42,40.08,37.8305531669947,38.90914568139353,37.85125921518583,40.47759467973934,-0.030061775552310266,0.38838475296278574,0.418446528515096,0,,,9.349922082230389,-2.9916207548123026,,,,,,,60.92463647245044,,,29.208843406134584,19.2864710094156,,,,,60,100,-40,,,,,,-2.9916207548123026,,,,,,49.4932947382469,-53.2271198241682,49.4932947382469,0.006088171298865793
2005-11-07,40.2,40.918,39.92,40.71001,38.34866794078079,39.26931854511483,37.96336708910011,40.47990726999069,0.07229979488221405,0.5088212721178635,0.4365214772356495,0,,,30.491290144063303,9.848528178643623,,,,,,,64.01665110484426,,,51.737447629160194,38.468930881740135,,,,,60,100,-40,,,,,,,,,,,,-8.596395214161596,-126.27673440159221,-8.596395214161596,0.09345773560163252
2005-11-14,40.75999,41.651,40.38,41.45,39.1147538021536,39.70545483609186,38.10009779148834,40.48955993397088,0.17591271950503373,0.6564123766169416,0.4804996571119079,0,,,45.98004137145617,28.60708453258329,,,,,,,67.30832084813011,,,80.37504336572808,66.2218167277225,,,,,60,100,-40,,,,,,,,,,,,-77.03341426613221,-186.95369178312092,-77.03341426613221,0.16114670808279302
2005-11-21,41.397,42.02,41.24001,41.89,39.53998567342834,40.14236386887349,38.248721407508405,40.50349466099605,0.255332806329453,0.7996656650237242,0.5443328586942712,0,,,56.67039766786714,44.38057639446222,,,,,,,69.12749974940262,,,93.25570573005231,86.51141146010464,,,,,60,100,-40,,,,,,,,,,,,-52.11824803592638,-168.4166569134626,-52.11824803592638,0.14077098649109476
2005-11-28,41.96001,42.133,41.189,42.10699,39.81340669675489,40.53528909509879,38.40002605819435,40.51944983849857,0.30061202660605546,0.9200978919518406,0.6194858653457851,0,,,61.665796514930186,54.772078518084506,,,,,,,70.01882454467162,70.01882454467162,,99.08804500062229,98.17609000124456,99.08804500062229,,,,60,100,-40,,,,,,,,,,,,-117.18765748393977,-237.79544656556033,-117.18765748393977,0.14528612255158369
2005-12-05,42.05,42.31,41.27,41.715,39.842376932700965,40.771231276079035,38.53002503630437,40.53134586000605,0.2825699650738459,0.9726983216880924,0.6901283566142465,0,,,62.73567190353977,60.3572886954457,,,,,,,66.27421816622507,,,96.46672236420429,98.23336118210214,,,,,60,100,-40,,,,,,,,,,,,-124.97171975958707,-256.3780926445494,-124.97171975958707,0.11546780175525902
2005-12-12,41.87,42.211,41.549,41.58,39.855563580365185,40.93298502086323,38.64963189762577,40.54178022955823,0.24154161283564024,0.9920553726587968,0.7505137598231566,0,,,61.9348801048162,62.11211617442873,,,62.11211617442873,,62.11211617442873,,64.97770593512007,,,90.81380822983719,94.08192500149521,,,,,60,100,-40,,,,,,62.11211617442873,,105,,,,-118.61322525784395,-247.0366212546313,-118.61322525784395,0.07729823894488269
2005-12-19,41.69,41.71001,40.75,41.403,39.92180832462481,41.02698801669058,38.757607117326714,40.5503495805079,0.18502580884699038,0.9817960208818945,0.7967702120349042,0,,,56.19700079491675,60.28918426775758,,,,,,,63.221016129325726,,,82.28654863162036,86.70471806693159,,,,,60,100,-40,,,,,,,,,,,,-115.22900248369048,-243.93905375378927,-115.22900248369048,0.12666609890501723
2005-12-27,41.5,41.67999,40.36,40.412,39.94074844429447,40.90399041335247,38.82248526958841,40.548972967766524,0.06939613238317555,0.8835153775138735,0.814119245130698,0,,,46.121305235732976,54.751062045155315,,,,,,,54.31448012043203,,,67.78082670854508,75.24393101789462,,,,,60,100,-40,,,,,,,,,,,,-86.09645657756495,-208.67740761673667,-86.09645657756495,0.12231450533934009
2006-01-03,40.64,42.7,40.16,42.67999,40.47990998398772,41.259190330681975,38.97375996489867,40.57017711734099,0.13059948496919538,0.9773686013421923,0.8467691163729969,0,,,49.11619010422624,50.478165378292,,,,,,,66.14088101895439,,,64.50805321828973,66.80055200802103,,64.50805321828973,,,60,100,-40,,,,,,,,,,,,-158.6243735634622,-268.9178789591482,-158.6243735634622,0.20546663149547267
2006-01-09,42.64999,43.31,42.52,42.98,40.574211413702876,41.60335226454558,39.13086741725559,40.59415545448188,0.17354042477858778,1.0636946473462316,0.8901542225676439,0,,,58.351836564499955,51.19644396815306,,,,,,,67.35200134074333,67.35200134074333,,66.04917007520552,63.65790424454125,,,,,60,100,-40,,,,,,51.19644396815306,,,,,,-147.0563056428327,-265.4782646029394,-147.0563056428327,0.2383740525335781
2006-01-17,42.67,42.82001,41.14999,41.25,40.6331963127241,41.532681811636465,39.21397065579458,40.60068127085519,0.07283777358179111,0.9812014395448827,0.9083636659630916,0,,,52.26333291572288,53.24378652814969,,,53.24378652814969,,53.24378652814969,,55.05079481628648,,,66.7765605169231,66.0522778420686,66.7765605169231,,,,60,100,-40,,,,,,53.24378652814969,,105,,106,,-189.40970461686317,-299.9367619478595,-189.40970461686317,0.17501659251618135
2006-01-23,41.36,42.39,41.08,42.11,40.539395147529525,41.64814544930917,39.32754043399871,40.6156993676626,0.05250283902828046,0.9739922147484421,0.9214893757201617,0,,,48.37069004313967,52.995286507787505,,,,,,,59.0760144449919,,,59.729357966044006,63.849998757433845,,,,,60,100,-40,,,,,,,,,,,,-324.0624855956153,-414.4937143209759,-324.0624855956153,0.17740011584456314
2006-01-30,42.14,42.32001,40.78,40.92,40.526581208420275,41.502516359447334,39.389989828743865,40.61872723465103,-0.04733905226003521,0.8623155603951176,0.9096546126551528,0,,,37.271739761777184,45.96858757354658,,,,,,,52.08428111260023,,,37.67013647832498,49.61245833077043,,,,,60,100,-40,,,,,,,,,,,,-303.323851850958,-380.9494026262531,-303.323851850958,0.1397047938132588
2006-02-06,40.89,41.37,40.25999,40.96001,40.481823979247395,41.39401508755787,39.451559247224495,40.62212308306246,-0.11317622685360207,0.7681843290881503,0.8813605559417523,0,,,21.641873394383875,35.76143439976691,,,,,,,52.28994935730495,,,24.610213015705714,32.63923945798629,,,,,60,100,-40,,,,,,,,,,,,-259.0831515144202,-326.23132942147976,-259.0831515144202,0.1663115985894109
2006-02-13,40.72,41.55,40.3,41.21001,40.50169226644401,41.3572140700463,39.520518100274515,40.62797270412652,-0.1405895875814951,0.7056235714648835,0.8462131590463786,0,,,12.120006276211074,23.677873144124046,,,,,,,53.63703135731843,,,9.299724484587617,15.227112542119988,,,,,60,100,-40,,,,,,,,,,,,-313.7953057845257,-374.18926952666527,-313.7953057845257,0.1439179726723114
2006-02-21,41.22,41.53999,40.61,41.25999,40.500142818840864,41.337769256037035,39.58873268457747,40.634261433438695,-0.1549269695119394,0.6525544471564544,0.8074814166683938,0,,,6.66769351438679,13.47652439499391,,,,,,,53.918821683994906,,,7.914917849831021,8.945839675035618,,7.914917849831021,,,60,100,-40,,,,,,,,,,,,-315.8325229146119,-384.33667506727147,-315.8325229146119,0.19829152149695153
2006-02-27,41.37,42.00999,40.97,41.45,40.544419760352234,41.36021540482963,39.66172355969208,40.64237823509602,-0.15102749463733756,0.6186970483717218,0.7697245430090593,0,,,9.629046505040595,9.47224876521282,,,,,,,55.04416042315829,,,9.793513529760311,7.460839877800585,,,,,60,100,-40,,,,,,9.47224876521282,,,,,,-342.0447914755915,-412.639097782313,-342.0447914755915,0.1765655672989936
2006-03-06,41.53,41.63,40.19,40.56,40.56981977746993,41.200172323863704,39.696950086762975,40.641558551164714,-0.2044814210301903,0.5141227667213215,0.7186041877515118,0,,,-3.0597824956264557,4.41231917460031,,,,,,,48.97523404817377,,,9.268623914820648,9.38685775899695,,,,,60,100,-40,,,,,,4.41231917460031,,,,,,-289.85482938912037,-353.9774436400743,-289.85482938912037,0.11227181824672142
2006-03-13,40.75999,41.9201,40.62,41.45,40.536261221936364,41.25013785909096,39.76569714218404,40.64960274468546,-0.1770197089512029,0.49732955156250824,0.6743492605137111,0,,,0.11513175422526123,2.228131921213134,,,,,,,54.419527725548896,,,13.87375949960123,12.25602406289172,,,,,60,100,-40,,,,,,,,,,,,-313.51758768200756,-369.6179084327881,-313.51758768200756,0.15461198613228916
2006-03-20,41.58,42.00999,40.82001,41.3,40.51651399179805,41.26011028727277,39.825865881706235,40.656074359166205,-0.16624813724626208,0.4665390889558836,0.6327872262021457,0,,,3.937535752006377,0.33096167020172834,,,,,,,53.37960930265813,,,15.978496160628659,14.149719332053111,,,,,60,100,-40,,,,,,0.33096167020172834,,,,,,-341.05984446709715,-386.96010689955403,-341.05984446709715,0.08987073276521383
2006-03-27,41.28,42.30009,40.99001,41.92999,40.52248013524105,41.394086229818214,39.908380553011874,40.66875013668694,-0.11634623303950087,0.48735443490276964,0.6037006679422705,0,,,16.02943154157292,6.694033015934854,,,,,,,57.10882063058918,,,27.18065485010299,21.915019406430243,,,,,60,100,-40,,,,,,,,,,,,-405.412600018534,-452.0582692814532,-405.412600018534,0.08458762974714122
2006-04-03,42.14999,43.05,41.89999,42.32001,39.850872982723835,41.57927098385457,40.00295425681533,40.68518058308806,-0.05958328296543436,0.5292215642354776,0.588804847200912,0,,,34.62960157062323,18.19885628806751,,,,,,,59.29270031772338,,,35.79493254845491,30.460857094972454,,,,,60,100,-40,,,,,,,,,,,,-400.79212728789145,-442.59312941209816,-400.79212728789145,0.034723372194796626
2006-04-10,42.39999,42.5,41.71001,42.10001,39.862952769672134,41.68341878708365,40.08519173694022,40.69925848773395,-0.04028981882920579,0.5384425736644047,0.5787323924936105,0,,,39.74539172867787,30.13480828029134,,,,,,,57.50352420273176,,,44.62305433395382,40.70535174090519,,,,,60,100,-40,,,,,,,,,,,,-337.01174050827484,-381.2125604280803,-337.01174050827484,0.014233999125844134
2006-04-17,42.03999,42.86,41.39,42,39.92560114326698,41.74673502966692,40.16028225706021,40.71220118934854,-0.037743587716821736,0.5315529078475834,0.5692964955644051,0,,,41.962822931166905,38.77927207682267,,,,,,,56.66150342422208,,,54.00609725649376,49.420489860481844,,,,,60,100,-40,,,,,,,,,,,,-372.10051496131575,-417.3557312593384,-372.10051496131575,-0.042579529499684104
2006-04-24,41.96001,42.49001,41.5,41.85001,39.88663034731934,41.76739002373354,40.22654609011667,40.72352267005154,-0.0489312570247733,0.5081324242834384,0.5570636813082117,0,,,39.89021398747969,40.53280954910816,,,,,40.53280954910816,,55.344805365423525,,,58.24066262412843,55.90344670694126,,,,,60,100,-40,,,,,,40.53280954910816,,,,,,-352.6276940592584,-413.2910528485496,-352.6276940592584,-0.05271642250291778
2006-05-01,41.92999,42.3,41.28,42.16,39.919013179653675,41.84591201898683,40.30236781207288,40.737815976817195,-0.03867421969907581,0.508720906684367,0.5473951263834428,0,,,36.938473434122145,39.59717011758958,,,,,,,57.55326698684075,,,68.49157752821543,64.03818456256305,68.49157752821543,,,,60,100,-40,,,,,,,,,,,,-414.87720423030225,-488.14722505790417,-414.87720423030225,0.019090962089199522
2006-05-08,42.08,42.28,39.96001,40.19,39.94479866682127,41.51472961518947,40.297961231207275,40.73236507157523,-0.16092923551192984,0.3462335819935305,0.5071628175054603,0,,,10.414534633510677,29.08107401837084,,,,,,,42.934646044368655,,,54.42381181505928,60.59261816632551,,,,,60,100,-40,,,,,,,,,,,,-297.62680346115644,-379.3931841382852,-297.62680346115644,-0.038625392564833425
2006-05-15,40.03,40.34,38.75,39.35001,39.783029476334036,41.08178569215157,40.26078667312071,40.718610294743634,-0.28735004053023694,0.14797526684266415,0.4353253073729011,0,,,-17.74744255713273,9.868521836833366,,,,,,,38.426135128717576,,,38.68889559533276,49.64444178708161,,,,,60,100,-40,,,,,,,,,,,,-189.87647555912798,-278.59442338586973,-189.87647555912798,-0.03619820732495845
2006-05-22,39.02,39.58,38.23,39.49001,39.73709951373875,40.76343055372126,40.2305601369199,40.70638541618897,-0.3465590927862607,0.002126441390075229,0.3486855341763359,0,,,-34.893864390347055,-14.07559077132303,,,,,,,39.5718603898193,,,13.8946458130694,25.944411623378954,,,,,60,100,-40,,,,,,,,,,,,-158.9898436392865,-231.57725549752973,-158.9898436392865,-0.0061241512751428456
2006-05-30,39.31,40,38.53999,39.642,39.72873597704312,40.539144442977005,40.20747934723676,40.6957945165254,-0.3589822320980056,-0.10004225594617111,0.2589399761518345,0,,,-41.942590006512404,-31.52796565133072,,,,,,,40.865968760300376,,,8.767900560921724,11.778507632046813,,,,,60,100,-40,,,,,,,,,,,,-163.71896297759807,-227.65411813434253,-163.71896297759807,0.012667269606643265
2006-06-05,39.55,39.56,37.49001,38.14999,39.705254121540044,40.061313554381606,40.12679349048238,40.67046312830127,-0.445527672273691,-0.29796961419027923,0.14755805808341177,0,,,-51.6538715047177,-42.83010863385905,,,,,,,33.285368202957585,,,5.105224575290509,4.453155660784383,,,,,60,100,-40,,,,,,,,,,,,-132.13369698167116,-188.0806421099166,-132.13369698167116,0.027842277245667076
2006-06-12,38.2,38.78999,37.16,38.34,39.584595255715755,39.717050843505284,40.056723157522285,40.64727444045748,-0.4656366450790527,-0.43448774826540415,0.03114889681364859,0,,,-57.616554602881045,-50.40433870470371,,,,,,,34.95014112507049,,,5.970004816737044,5.863649153266848,,,,,60,100,-40,,,,,,,,,,,,-80.83666116682184,-136.61143445356814,-80.83666116682184,0.03635991433224497
2006-06-19,38.5,38.99001,37.91,38.14999,39.547126308878916,39.40363867480423,39.98194930820769,40.62242583905989,-0.4662410901432405,-0.5516524658654021,-0.08541137572216155,0,,,-58.26980810802787,-55.84674473854219,,,,,,,34.03019900243599,,,4.0287454010207835,4.972786193011369,,4.0287454010207835,,,60,100,-40,,,,,,,,,,,,-26.139086409217853,-81.7729918256466,-26.139086409217853,0.040299522589143176
2006-06-26,38.17,39.14,37.38,38.77,39.430892286816125,39.27691093984338,39.934421884356404,40.6039937411588,-0.4018325472747889,-0.5877020598156477,-0.18586951254085882,0,,,-56.81822003044078,-57.56819424711656,,,,,,,39.645884806490194,,,9.000597077371532,6.790564810995135,,,,,60,100,-40,,,,,,-57.56819424711656,-107,,,,,-59.56834342572371,-116.9051751300745,-59.56834342572371,0.05953272702905225
2006-07-03,38.88,39,37.57001,37.69,39.374399980614974,38.95952875187471,39.846405339871836,40.57499877856021,-0.40762633433733636,-0.6954024304625293,-0.2877760961251929,0,,,-56.9882269472929,-57.35875169525384,,,,,,,34.15873764938004,,,8.955228100645973,8.051447538517527,,,,,60,100,-40,,,,,,,,,,,,-17.828644621046692,-74.74059783369732,-17.828644621046692,0.017787551263041903
2006-07-10,37.78999,37.92999,35.78999,35.94,39.36908712485676,38.355623001499765,39.69321297360235,40.528879387728765,-0.4989466337514438,-0.9114593883144977,-0.41251275456305386,0,,,-64.57216954482939,-59.45953884085436,,,,,,,27.481889722818565,,,9.470440365696845,10.002629684479018,,,,,60,100,-40,,,,,,-59.45953884085436,,,,,,107.23110894641633,51.57587449970215,107.23110894641633,-0.052474639830870425
2006-07-17,35.955,36.83,35.53999,35.7,39.262723758795566,37.82449840119981,39.53661638640226,40.48083083660708,-0.5415842605191808,-1.08949308021203,-0.5479088196928491,0,,,-69.43268481696586,-63.66436043636272,,,,,,,26.70632317011585,,26.70632317011585,3.674427493079481,6.536528673962021,,3.674427493079481,,,60,100,-40,,,,,,,,,,,,234.0981800470679,157.65298822702903,234.0981800470679,-0.10143048472845595
2006-07-24,35.85001,37.14,35.8,37.11,37.3153849188816,37.68159872095985,39.441454959484524,40.44729023126771,-0.44493987098166565,-1.1040836584199312,-0.6591437874382655,0,,,-67.03105853884382,-67.01197096687969,,,,-67.01197096687969,,-67.01197096687969,37.86643896562719,,,9.768480284005772,7.321884481780796,,,,,60,100,-40,,,,,,,,,,,,178.80760185669192,124.44335400393278,178.80760185669192,-0.032846397408677154
2006-07-31,37.08,37.63,36.25999,36.95,36.76700028181863,37.53527897676788,39.34375084342631,40.4124913234939,-0.36524209478759706,-1.1156964059227619,-0.7504543111351648,0,,,-62.26800378961006,-66.2439157151399,,,,,,,37.17066920733394,,,17.95110684966819,12.232404024441015,,,,,60,100,-40,,,,,,-66.2439157151399,-107,,,,,135.3880378827479,85.45365327594503,135.3880378827479,-0.04344877719587085
2006-08-07,36.92,37.31,36.25999,36.53,36.776641690260156,37.3342231814143,39.23340767309586,40.373859569031275,-0.31610414862685754,-1.1455844969187368,-0.8294803482918792,0,,,-59.38147321765811,-62.89351184870399,,,,,,,35.32487559751735,,,33.132220161237484,25.537331520900267,,,,,60,100,-40,,,,,,,,,,,,177.13566735861195,126.28026177122777,177.13566735861195,-0.05784034609576026
2006-08-14,36.86,38.98,36.7,38.78999,36.831308712384434,37.625376545131445,39.21601874473916,40.35809967282201,-0.11694523807235124,-0.9756618958823182,-0.858716657809967,0,,,-44.012215000851256,-55.220564002706475,,,,,,,49.84359966828235,,,51.963063778529865,42.080761508382444,,,,,60,100,-40,,,,,,,,,,,,144.92918238431886,90.59294144918631,144.92918238431886,-0.031221503371390246
2006-08-21,38.47,38.81,37.92,38.32001,35.830062375785545,37.76430323610516,39.18088114690625,40.33782017358995,-0.008150098449804077,-0.868904280872222,-0.860754182422418,0,,,-30.13933506385662,-44.511007760788665,,,,,,,47.44416488106837,,,70.68853333893013,60.98738538202806,,,,,60,100,-40,,,,,,,,,,,,136.76024013262452,78.66695209478877,136.76024013262452,-0.02399215411491551
2006-08-28,38.28,39.21001,38.17999,39.08,36.20435292037229,38.02744258888413,39.176925023498164,40.32530454997214,0.11681594688406516,-0.7147342488173365,-0.8315501957014017,0,,,-15.516886294050027,-29.88947878625264,,,,,,,51.53158238289395,,,88.14965155907572,79.63358761566523,,,,,60,100,-40,,,,,,,,,,,,79.16746919942007,18.909324441190805,79.16746919942007,0.001762085379830764
2006-09-05,39.11,39.48,38.36,38.72,36.262610568917125,38.1659540711073,39.15900639512569,40.30933137037042,0.1736252835707588,-0.6145185912379532,-0.788143874808712,0,,,-4.5360127138501465,-16.730744690585603,,,,,,,49.55387336174844,,,92.26538374023298,90.39654106969608,,,,,60,100,-40,,,,,,,,,,,,82.95520207225277,23.653083633701613,82.95520207225277,-0.002848929091314889
2006-09-11,38.41,40.46001,38.3199,40.11,37.33385267113733,38.55476325688584,39.1963002619835,40.307347973650316,0.2960224609290446,-0.4181157986474062,-0.7141382595764508,0,,,9.319846730417746,-3.577684092494147,,,,,,,56.53191877659054,,,96.77899759106515,96.0894842738466,,,,,60,100,-40,,,,,,,,,,,,19.6906198772977,-27.92020429969874,19.6906198772977,0.04575131094310886
2006-09-18,40.12,40.67,39.52,39.87,37.22641890891324,38.817810605508676,39.222719859552775,40.30299625251947,0.34841507679335537,-0.2786194135847566,-0.627034490378112,0,,,20.882059218565203,8.555297745044262,,,,,,,55.10610044839722,,,95.92316838666284,95.86226852309481,,,,,60,100,-40,,,,,,,,,,,,56.1105071723345,2.610741936610168,56.1105071723345,-0.0016095624626388805
2006-09-25,40.05,40.95,39.67999,40.64999,37.808093272562296,39.18424648440694,39.27869123760953,40.30644892662375,0.4184829527089139,-0.1039307994919696,-0.5224137522008835,0,,,30.510641712369704,20.237515887117546,,,,,,,58.767522530228966,,,97.91913475438386,97.32271216682057,,,,,60,100,-40,,,,,,,,,,,,21.36314223191004,-36.045756597319,21.36314223191004,0.054759260154840526
2006-10-02,40.60001,41.56,39.88,41.41,38.589665895950695,39.629397187525555,39.36227197338955,40.31742953431904,0.49372738113802966,0.09474547422165358,-0.3989819069163761,0,,,39.04519889482589,30.145966608586928,,,,,,,62.03587051402903,,,98.09364249332778,97.67172764470838,,,,,60,100,-40,,,,,,,,,,,,-20.702883628437228,-77.67380085235189,-20.702883628437228,0.11129987170130473
2006-10-09,41.375,42.52,41.17,42.42999,39.57110833195422,40.18951575002044,39.48257464109976,40.33845003646512,0.5837379467893075,0.3306905265702582,-0.25304742021904925,0,,,48.8502158980675,39.46868550175436,,,,,,,65.95897764638246,65.95897764638246,,99.50518578064904,99.0103715612981,99.50518578064904,,,,60,100,-40,,,,,,,,,,,,-139.6659956959941,-184.4603825155606,-139.6659956959941,0.09199271360124052
2006-10-16,42.42999,42.62,41.59,42,39.582457022528914,40.551612600016355,39.58129720419389,40.35498287192318,0.584420345555857,0.477478011725772,-0.106942333830085,0,,,53.55384188160709,47.14975222483349,,,,,,,62.9864336662125,,,98.24286217526772,98.75032042312064,,,,,60,100,-40,,,,,,,,,,,,-161.54490556944972,-196.37667660364048,-161.54490556944972,0.0597705982566301
2006-10-23,41.92,42.92,41.82001,42.21001,39.638709378062565,40.883292080013085,39.68438398050001,40.373440853297076,0.5685891000819833,0.6037940412723941,0.035204941190410816,0,,,56.32077666470951,52.90827814812803,,,,,,,63.848468468383366,,,96.75031295013721,97.8090074569223,,,,,60,100,-40,,,,,,,,,,,,-192.17310455682247,-226.1263717666149,-192.17310455682247,0.07012383841394824
2006-10-30,42.17,42.77,41.61,41.92999,39.68094513677238,41.09263166401047,39.77244696165687,40.38892890450805,0.5106688229948904,0.6735409699340238,0.1628721469391334,0,,,55.65864667401805,55.17775507344488,,,,,,,61.77042031785257,,,93.29288620691162,95.00319869614754,,93.29288620691162,,,60,100,-40,,,,,,,,,,,,-151.77799463740018,-197.73975871813946,-151.77799463740018,0.010925641018594081
2006-11-06,42.06,43.35001,42.06,43.03,40.311601198431504,41.48010533120838,39.90019413963111,40.41520821889105,0.5163106059793019,0.8082604044132609,0.2919497984339589,0,,,57.68948328871857,56.556302209148704,,,,,,,66.42133371437166,,,93.77714522034523,93.70712065042956,,,,,60,100,-40,,,,,,,,,,,,-149.6365410669638,-211.78707531484136,-149.6365410669638,0.06994870622796705
2006-11-13,43.06,44.42,43,44.3,41.572912541400676,42.0440842649667,40.07273554592009,40.4538628634792,0.571167693590589,1.0059094154221953,0.4347417218316062,0,,,62.5512852949073,58.63313841921464,,,,,,,70.85596576855063,,,94.83226076753849,93.77356626075338,,,,,60,100,-40,,,,,,,,,,,,-173.33898814569764,-227.8257888939611,-173.33898814569764,0.08164642858525274
2006-11-20,44.16,44.86,44.00999,44.64999,41.91483735987206,42.56526541197336,40.25223572058989,40.49561537230031,0.5939815859055618,1.1772187042135585,0.5832371183079966,0,,,66.16361831719547,62.13479563360712,,,,,,,71.96147735193138,71.96147735193138,,98.28968751076408,96.57937502152815,98.28968751076408,,,,60,100,-40,,,,,,,,,,,,-149.0955357555708,-206.40291818596822,-149.0955357555708,0.11773559721442144
2006-11-27,44.52,44.61,43.25999,43.66,41.98877540559548,42.784212329578686,40.38587353546872,40.52710178650627,0.5086472849085412,1.219046224443673,0.7103989395351319,0,,,63.66188221352271,64.1255952752085,,,64.1255952752085,,64.1255952752085,,64.46781905826924,,,92.54452204158324,95.24499983937251,,,,,60,100,-40,,,,,,64.1255952752085,,105,,,,-131.98725652728524,-187.96602397033766,-131.98725652728524,0.15160759747832483
2006-12-04,43.78999,44.55,43.47,43.89999,41.980290733767234,43.00736786366295,40.52368202427387,40.560662863257456,0.43733629668012675,1.2570693103852904,0.8197330137051636,0,,,61.19854304483901,63.67468119185239,,,,,,,65.41367008367573,,,85.66788893490508,90.29495552840102,,,,,60,100,-40,,,,,,,,,,,,-141.62593715868795,-196.51765597573078,-141.62593715868795,0.20327358532959694
2006-12-11,43.83501,44.75999,43.56,44.42999,42.016697824212436,43.291892290930356,40.67687057234156,40.59916363078723,0.396064071856697,1.3148131035260349,0.9187490316693379,0,,,59.67620681172572,61.51221069002914,,,,,,,67.48446283985758,67.48446283985758,,77.30319868267327,81.3728159876374,,,,,60,100,-40,,,,,,,,,,,,-178.60303949347198,-245.33262761650695,-178.60303949347198,0.17576497500871258
2006-12-18,44.58,44.75,42.92999,42.92999,42.033362979625835,43.21951183274428,40.76522819695561,40.62235593296845,0.24533055252718827,1.2254122223283233,0.980081669801135,0,,,52.829048370984964,57.9012660758499,,,,,,,57.01755819977592,,,62.9811660848698,70.05918397221446,,,,,60,100,-40,,,,,,,,,,,,-147.0388504946589,-204.36305895896024,-147.0388504946589,0.12544444045343212
2006-12-26,42.92999,43.61,42.88,43.16,41.96026348108113,43.20760946619542,40.85914081668284,40.64760612269016,0.14373655320423695,1.1597523613064311,1.0160158081021942,0,,,44.12609505294287,52.21045007855118,,,,,,,58.09718882931056,,,44.11335428369733,54.34085953565722,,,,,60,100,-40,,,,,,,,,,,,-164.84996858653912,-226.29704823914926,-164.84996858653912,0.1482311218391743
2007-01-03,43.46001,44.21001,42.52,43.85001,42.04810108957533,43.33608957295634,40.9764298042639,40.67947083788728,0.10729649902778693,1.1501364318869278,1.042839932859141,0,,,40.0964820577335,45.683875160553775,,,,,,,61.259604386718294,,,27.097948916473342,35.9962237655523,,27.097948916473342,,,60,100,-40,,,,,,,,,,,,-124.87724702535016,-184.24303946839484,-124.87724702535016,0.1258402209306868
2007-01-08,43.88,45.35001,43.63,45.31,42.65253029746281,43.730871658365075,41.146373733508455,40.725545754923225,0.16249769764294575,1.2459620549128232,1.0834643572698774,0,,,47.91422055872333,44.04559922313323,,,,,,,66.97308086400488,66.97308086400488,,32.30000899697774,29.171385273271806,,,,,60,100,-40,,,,,,44.04559922313323,,,,,,-167.6268384752865,-230.74430501959574,-167.6268384752865,0.18535502197023992
2007-01-16,45.33,45.39999,43.91,44.17,42.59663384764404,43.81869732669206,41.26494731258656,40.759818931491154,0.1059484672026012,1.215899941273129,1.1099514740705279,0,,,49.407215462366246,45.805972692941026,,,,,,,59.54466323263728,,,34.942849982278354,30.878501688158668,34.942849982278354,,,,60,100,-40,,,,,,,,,,,,-129.87650420705256,-194.24534047057833,-129.87650420705256,0.12117969991554982
2007-01-22,44.21001,44.47,43.28999,43.57001,42.577590001383754,43.76895986135365,41.35534192777924,40.78778103167532,0.016541335548958758,1.1306281435067262,1.1140868079577675,0,,,41.69815828918891,46.339864770092824,,,46.339864770092824,,46.339864770092824,,56.00298979302562,,,31.850825746918762,34.53437062272979,,,,,60,100,-40,,,,,,46.339864770092824,,,,,,-121.71713980577027,-188.01891493047322,-121.71713980577027,0.0979581261492403
2007-01-29,43.45,44.39999,43.33,44.16,42.6041892869992,43.84716788908292,41.465328518846725,40.82133544927059,-0.0128695799022287,1.0979998330799816,1.1108694129822103,0,,,37.944540681744705,43.01663814443328,,,,,,,58.624614204079336,,,19.25120546882823,26.669222521290536,,,,,60,100,-40,,,,,,,,,,,,-165.95038711381207,-242.01547585220536,-165.95038711381207,0.08920951402016268
2007-02-05,44.14,44.72,43.64,43.84,42.644605766499254,43.845734311266334,41.55845289065666,40.85137191246193,-0.061178364091983184,1.0343964578672313,1.0955748219592145,0,,,36.30640065297465,38.64969987463608,,,,,,,56.64149222740975,,,11.572413844119747,16.036324243928266,,11.572413844119747,,,60,100,-40,,,,,,,,,,,,-189.41395309311898,-261.64902569725893,-189.41395309311898,0.07955174396721135
2007-02-12,43.88,44.86,43.59,44.71001,42.68070535460645,44.018589449013064,41.68204336553287,40.88976632129315,-0.04271644401427177,1.0421792669413747,1.0848957109556465,0,,,39.77568368981113,38.00887500817682,,,,,,,60.57004082131605,,,14.513085683278646,11.991965806808588,,,,,60,100,-40,,,,,,38.00887500817682,,,,,,-220.42959798527914,-284.98556647957554,-220.42959798527914,0.09155478950452746
2007-02-20,44.64999,45.55,44.42999,45.25999,42.68708354356313,44.26686955921045,41.82235499825707,40.9332511340166,-0.0036979519575743858,1.0802732710086786,1.083971222966253,0,,,50.10358498285911,42.06188977521496,,,,,42.06188977521496,,62.8737299866616,62.8737299866616,,21.501657058738147,16.786505780384037,,,,,60,100,-40,,,,,,,,,,106,,-265.8060347152284,-332.2609180287436,-265.8060347152284,0.0696363318028247
2007-02-26,45.48,45.5,42.24001,42.48,42.71443329045148,43.90949564736836,41.84814499832542,40.94864166999653,-0.16634289026241444,0.876042610138235,1.0423855004006495,0,,,31.021357249367146,40.300208640679124,,,,,,,47.63411230789252,,,23.775245974988003,22.700376461704224,23.775245974988003,,,,60,100,-40,,,,,,40.300208640679124,,,,,,-172.93221022155046,-244.5771147507902,-172.93221022155046,-0.05178843384794141
2007-03-05,42.16,43.34,42.06,42.92999,42.43411805541923,43.713594517894684,41.890570292508734,40.96835657875279,-0.24035153655164065,0.7419460797110986,0.9822976162627393,0,,,10.489626212179505,30.53818948146858,,,,,,,49.76911021066289,,,20.922842595029675,23.22815225385583,,,,,60,100,-40,,,,,,,,,,,,-124.21726290854131,-179.19945752337384,-124.21726290854131,-0.019108345919604402
2007-03-12,42.88,43.28,42.10001,42.83,42.45668105146072,43.53687561431575,41.927410673194665,40.98688039388958,-0.28947564562036354,0.6204530592372848,0.9099287048576483,0,,,-3.5414105961635265,12.656524288461037,,,,,,,49.28540239855087,,,11.597617416068397,16.665720814153005,,,,,60,100,-40,,,,,,,,,,,,-78.90503328880652,-112.07228342821494,-78.90503328880652,0.010786473252244093
2007-03-19,43.06,44.45,42.95,44.12,42.49191954778495,43.6535004914526,42.0133945683635,41.01805571335336,-0.23106175380055427,0.6211015126069555,0.8521632664075097,0,,,0.6498203471982951,2.532678654404758,,,,,,,55.35046654663668,,,17.462807382800374,15.018165429947013,,17.462807382800374,,,60,100,-40,,,,,,,,,,,,-121.83139087265988,-150.78641371399408,-121.83139087265988,0.06177618886581869
2007-03-26,44.14,44.32001,43.10001,43.53,42.461782437228884,43.62880039316208,42.07286929117278,41.04305018386726,-0.22775785061598508,0.5674659531375283,0.7952238037535134,0,,,0.9258211090003201,-0.6552563799883038,,,,,,,52.254134813494616,,,20.523323213676083,16.87090244524742,,,,,60,100,-40,,,,,,-0.6552563799883038,,,,,,-108.77113798672173,-130.64342940235875,-108.77113798672173,0.018419576474355107
2007-04-02,43.67,44.58,43.3,44.56,42.44093083456968,43.81504031452967,42.17040382877385,41.07804470940092,-0.155265295117617,0.6011421848564922,0.7564074799741092,0,,,9.82373001711669,3.7997904911051017,,,,,,,56.82221650161986,,,32.11957680175327,27.080586730316252,,,,,60,100,-40,,,,,,,,,,,,-138.99456744368138,-161.4355331473845,-138.99456744368138,0.007708863562201709
2007-04-09,44.71001,44.75,43.95,44.64999,42.459435060671844,43.98203025162373,42.26764250215527,41.11358645358599,-0.10284217345411084,0.6278547631564706,0.7306969366105814,0,,,20.335690414860046,10.361747180325686,,,,,,,57.209708264461966,,,37.062778570754595,33.86496699920105,,,,,60,100,-40,,,,,,,,,,,,-179.177373363012,-206.62907257513274,-179.177373363012,0.025442754535728127
2007-04-16,44.83,45.67,44.72,45.39999,42.68518898490957,44.26562220129899,42.390479658933494,41.15623723514235,-0.023391596359030875,0.7014574411617929,0.7248490375208237,0,,,35.782605257537966,21.980675229838237,,,,,,,60.4170101755321,,,52.80183307739467,45.75570579257194,,,,,60,100,-40,,,,,,,,,,,,-203.87239638791894,-230.8783321069268,-203.87239638791894,0.06958765271485802
2007-04-23,45.44,46.7,45.33,46.57001,43.903407628844604,44.72649976103919,42.554382809563556,41.21010562086233,0.09569234499099,0.8444644687595613,0.7487721237685713,0,,,50.82246316030154,35.64691961089985,,,,,,,64.86740874189536,,,68.259475983988,59.15687561812538,,,,,60,100,-40,,,,,,,,,,,,-224.98650613557,-240.71863536021286,-224.98650613557,0.11613412876464545
2007-04-30,46.5,46.89,45.66,46.63,43.958154941069985,45.10719980883135,42.71421093467871,41.264034918167184,0.16231751066936506,0.9516690121052775,0.7893515014359125,0,,,58.86923033735134,48.49143291839695,,,,,,,65.08545287627926,,,85.67864018294212,77.14182926948807,,,,,60,100,-40,,,,,,,,,,,,-246.80714138364817,-272.4061562038105,-246.80714138364817,0.12330320115145459
2007-05-07,46.64999,46.97,46.07001,46.78,44.123286730993556,45.441759847065086,42.87365364312268,41.31892014286204,0.19794420425435866,1.0367817567538609,0.8388375524995022,0,,,63.23351222305655,57.64173524023648,,,,,,,65.66271711625146,65.66271711625146,,95.26292124104114,90.52584248208227,,,,,60,100,-40,,,,,,,,,,,,-227.38766113207578,-249.2414005303904,-227.38766113207578,0.1988407577867822
2007-05-14,46.77,46.88,45.91,46.71001,44.18448196449402,45.69540987765207,43.0240989904512,41.372562828007695,0.19778364317862995,1.0860671064727896,0.8882834632941596,0,,,63.460802647419904,61.85451506927594,,,,,,,65.11849096064952,,,98.40549684238425,97.75661119529117,98.40549684238425,,,,60,100,-40,,,,,,,,,,,,-192.4080863807893,-218.47023679759212,-192.4080863807893,0.2344154424837573
2007-05-21,46.74001,47.37,45.97,46.45,44.231304681315876,45.84632790212166,43.158448049649195,41.42308459091309,0.16262331966384402,1.0915626128739646,0.9289392932101206,0,,,62.707189075684205,63.13383464872022,,,,,,,63.01649925666503,,,96.13810813564007,97.83264969018937,,,,,60,100,-40,,,,,,63.13383464872022,,105,,,,-148.3338888570094,-176.93019374348444,-148.3338888570094,0.19171429086994007
2007-05-29,46.49001,47.77,46.35001,47.44,44.87335434693617,46.16506232169733,43.326352047702166,41.48295439597863,0.18677105187655363,1.1624031080558126,0.975632056179259,0,,,64.74723115763726,63.63840762691379,,,63.63840762691379,,63.63840762691379,,67.36215567009575,67.36215567009575,,95.21203589915518,95.98050521721962,,,,,60,100,-40,,,,,,63.63840762691379,,,,,,-233.18227270118953,-268.39743124466906,-233.18227270118953,0.163913573704257
2007-06-04,47.27,47.64,46.16,46.91,44.85383046501215,46.31404985735786,43.46688726151777,41.53695484974999,0.14939752239648008,1.162378959174859,1.012981436778379,0,,,62.33167212374219,63.26203078568789,,,,,,,63.06446766929079,,,90.08931279616635,92.26643968862857,,,,,60,100,-40,,,,,,63.26203078568789,,105,,,,-168.967314028246,-192.32517101836555,-168.967314028246,0.19139218769605004
2007-06-11,46.89,47.87,46.45,47.73,45.11712828893985,46.59723988588629,43.634068153222955,41.598577189553474,0.1612361791047332,1.2145266606592955,1.0532904815545623,0,,,62.674742057560834,63.2512151129801,,,,,,,66.6326030519663,,,91.3616213965929,91.26974881949518,,,,,60,100,-40,,,,,,,,,,,,-220.06416602311037,-238.2660490150264,-220.06416602311037,0.2652439581576876
2007-06-18,47.85001,47.92,47.08,47.28999,45.100904839729864,46.73578990870903,43.77743763741029,41.655208162791745,0.12252109431645386,1.2064418494501297,1.0839207551336758,0,,,61.94965660486426,62.31869026205576,,,,,,,63.0896462721651,,,85.06134577645278,87.37209285757508,,,,,60,100,-40,,,,,,,,,,,,-188.23431765527215,-205.85404010320346,-188.23431765527215,0.20867604595768618
2007-06-25,47.31,47.88,46.7,47.60001,45.168697351177734,46.90863392696723,43.92734243594322,41.714360419878396,0.10173532450086764,1.2110899107597604,1.1093545862588927,0,,,59.71734895849414,61.44724920697308,,,,,,,64.52923647778928,,,85.43978699329494,86.27091666390275,,,,,60,100,-40,,,,,,,,,,,,-214.9189871724954,-226.60785099353006,-214.9189871724954,0.26610672151565207
2007-07-02,47.71001,48.91,47.67999,48.86,46.313076111807895,47.29890714157378,44.120779987474855,41.78546131122289,0.15366991707558886,1.3014419826033787,1.1477720655277899,0,,,65.07052507827669,62.2458435472117,,,,,,,69.72770599044578,,,85.01198611039447,84.34580705970166,,85.01198611039447,,,60,100,-40,,,,,,62.2458435472117,,,,,,-253.11553495931446,-265.406423540161,-253.11553495931446,0.25730179031668227
2007-07-09,48.89999,49.97,48.32001,49.89999,47.34784781810733,47.819123713259025,44.347415674240544,41.866202890215696,0.23407159594327664,1.4403615604568856,1.206289964513609,0,,,71.54404833779158,65.44397412485414,,,,,,,73.23517286737084,,,91.30184404026066,88.22262764107394,,,,,60,100,-40,,,,,,,,,,,,-297.09452860307545,-313.514346532859,-297.09452860307545,0.2750350254339576
2007-07-16,49.89999,50.66,49.64,50.05,47.44444083109966,48.26529897060722,44.57104643211346,41.947633707228476,0.2707711631771528,1.5447539184850498,1.273982755307897,0,,,76.41844179614624,71.01100507073816,,,,,,,73.71113589787446,73.71113589787446,,96.6765376000891,93.35307520017822,96.6765376000891,,,,60,100,-40,,,,,,,,,,,,-151.2591597661526,-184.6935562541574,-151.2591597661526,0.3557697562111337
2007-07-23,50.21001,50.31,47.99001,47.99001,47.484837914592546,48.21024117648577,44.70512343477568,42.00775685442023,0.13650106224270164,1.4446090831112741,1.3081080208685725,0,,,69.46880614684073,72.47709876025952,,,72.47709876025952,,72.47709876025952,,58.290183174188456,,,76.84128785101899,87.01590903537135,,,,,60,100,-40,,,,,,72.47709876025952,,105,,,,25.333414736784263,-30.203818753401492,25.333414736784263,0.23411074272953952
2007-07-30,48.21001,48.99001,46.98,47.42,47.33663663497879,48.05219294118862,44.81158918243153,42.06161002004789,-0.0031149247020940685,1.3042143649909548,1.3073292896930488,0,,,55.28555179863295,67.05759991387332,,,,,,,54.850353029920555,,,49.999999999999986,66.66666666666666,,,,,60,100,-40,,,,,,,,,,,,225.27279387555075,144.378693747217,225.27279387555075,0.1615450183281912
2007-08-06,47.46001,49.06,46.63,47.28,47.24330401819459,47.8977543529509,44.908389606649905,42.11353429845537,-0.11131337552931586,1.168187570281404,1.2795009458107198,0,,,42.27451809795347,55.67629201447573,,,,,,,54.002418242218944,,,16.66666666666665,33.33333333333332,,,,,60,100,-40,,,,,,,,,,,,297.95046771635975,209.03711306590475,297.95046771635975,0.09241669645623535
2007-08-13,47.67999,47.88,40.55,46.31,47.09663944546641,47.580203482360716,44.963354720114616,42.15529017608268,-0.2468629370644826,0.9709222744801167,1.2177852115445993,0,,,14.358313502093011,37.30612779955982,,,,,,,48.3877481566346,,,5.555555555555541,11.111111111111102,,5.555555555555541,,,60,100,-40,,,,,,,,,,,,281.9594735861125,185.5758197811948,281.9594735861125,0.15031411121006308
2007-08-20,46.48,48.24001,46.08,48.2,46.260450913647375,47.70416278588857,45.090281985992476,42.21543654248982,-0.20936874382428927,0.9560742817642378,1.165443025588527,0,,,12.926037486449056,23.186289695498516,,,,,,,57.67627945348963,,,8.266419112781977,4.1332095563909785,,,,,60,100,-40,,,,,,,,,,,,247.05775111591024,169.10748891188666,247.05775111591024,0.16561385370690349
2007-08-27,48.05,49.06,46.71001,48.87,46.22256013410114,47.937330228710856,45.238506221835905,42.28165110425609,-0.1427599412108269,0.9869930990749936,1.1297530402858205,0,,,18.024983479333702,15.103111489291924,,,,,,,60.41236046993943,,,21.012613365564494,13.606213850075486,,,,,60,100,-40,,,,,,15.103111489291924,,,,,,203.0472509130175,133.81521820063455,203.0472509130175,0.17181613463974804
2007-09-04,48.92,50,47.95,48.23,46.16023583880819,47.99586418296868,45.355819703332536,42.340838655457524,-0.14467016980248704,0.9489153280327116,1.0935854978351986,0,,,25.56895193296276,18.839990966248507,,,,,,,56.62431360959043,,,33.05807869088282,26.733699732998033,,,,,60,100,-40,,,,,,,,,,,,214.3113871106507,141.30336034597372,214.3113871106507,0.13084887912263574
2007-09-10,48.62,49.37,47.81,49.22,46.145218993179036,48.240691346374945,45.50735618555479,42.40928802206989,-0.08507413777648387,0.9872428256145938,1.0723169633910776,0,,,30.79283832721263,24.795591246503033,,,,,,,60.74871344609459,,,40.23395751339231,37.06734638915144,,,,,60,100,-40,,,,,,,,,,,,218.98204399962333,150.15729482852393,218.98204399962333,0.13107900991703555
2007-09-17,48.99001,52.77,48.59,50.36,46.511274779380535,48.66455307709995,45.697655942984014,42.48839958403934,0.019715255095187123,1.0969610322600616,1.0772457771648745,0,,,44.90266453144203,33.75481826387247,,,,,,,64.9108730206209,,,46.65170745209146,44.021610297645935,,,,,60,100,-40,,,,,,,,,,,,124.62167236332817,53.765059405155995,124.62167236332817,0.1015296841759428
2007-09-24,50.49001,51.67999,50.33,51.41,47.23904086656764,49.21364246167996,45.921669435416014,42.57717172748174,0.14154921307549673,1.2541822935092455,1.1126330804337488,0,,,54.372024940482746,43.35584259971247,,,,,,,68.26828705349311,,,58.53777093898398,52.439478780534536,,,,,60,100,-40,,,,,,,,,,,,81.96318647908666,14.898684967854905,81.96318647908666,0.09941167905046805
2007-10-01,51.45,52.89999,51.34,52.81799,48.75210080466996,49.934511969343966,46.19211337912519,42.67907041676053,0.29020310304042907,1.4753869592342852,1.1851838561938561,0,,,63.20343376043475,54.15937441078651,,,,,,,72.14064717694802,,,72.08007372499941,64.51950378849232,,,,,60,100,-40,,,,,,,,,,,,-36.575574698929074,-107.81016684448232,-36.575574698929074,0.1008146492182829
2007-10-08,52.8,53.94,52.28,53.53,49.53167574719353,50.65360957547517,46.47987363876734,42.78703986534998,0.4027972749963251,1.6886804499392625,1.2858831749429374,0,,,69.37429993431672,62.31658621174474,,,,,,,73.88645593819494,73.88645593819494,,84.76168900252699,78.45002119099847,,,,,60,100,-40,,,,,,,,,,,,-40.834561117305554,-111.84468196366737,-40.834561117305554,0.14051696887564596
2007-10-15,53.61,53.89,52.39,52.44,49.58012747953685,51.010887660380135,46.71360408430587,42.88308921992361,0.3709694169067186,1.7495949460763356,1.378625529169617,0,,,69.67922743980013,67.41898704485054,,,,,,,66.93056669422725,,,88.10987006882183,86.73343515330141,,,,,60,100,-40,,,,,,,,,,,,56.58990454038637,-9.691103424818763,56.58990454038637,0.0546415357373422
2007-10-22,52.16,54.21001,52,53.92999,50.047965516712786,51.594708128304106,46.99659961041152,42.99300863067064,0.4140925173507646,1.8962411758580728,1.4821486585073083,0,,,69.70056201506436,69.58469646306041,,,,,,,70.97680947478219,,,88.76649777422728,89.52316433671308,88.76649777422728,,,,60,100,-40,,,,,,,,,,,,37.209921896679816,-19.74726643848811,37.209921896679816,0.1106906163797443
2007-10-29,54.19,55.07001,53.60001,54.42,50.49954726551902,52.159766502643286,47.2877133511797,43.10671003733063,0.4371726543057872,2.028614476389542,1.591441822083755,0,,,71.22918685458232,70.20299210314893,,,70.20299210314893,,70.20299210314893,,72.18914604249792,72.18914604249792,,87.03939400635964,87.89373105220075,,,,,60,100,-40,,,,,,,,,,106,,166.80811791546532,90.20678200487332,166.80811791546532,0.08056677426611565
2007-11-05,53.86,54.69,50,50,50.56957960369623,51.72781320211463,47.394077533486374,43.175299987207936,0.1321385786938467,1.7566150454510634,1.6244764667572167,0,,,58.10749984257338,66.34574957074003,,,,,,,51.263949462537255,,,72.6304003594487,79.86392222278936,,,,,60,100,-40,,,,,,66.34574957074003,,105,,,,319.2066419308352,228.35100345853263,319.2066419308352,0.01790157020009458
2007-11-12,49.92,51.44,48.64999,50.28,50.174609632003644,51.4382505616917,47.50725096354573,43.245993519673526,-0.06291888904465948,1.5458278554513925,1.608746744496052,0,,,40.04434581441319,56.460344170522966,,,,,,,52.21453526714148,,,52.384031240142136,64.0874994842277,,,,,60,100,-40,,,,,,,,,,,,403.89634339795606,296.8326391933449,403.89634339795606,0.00913989968661737
2007-11-19,50.17,50.78,48.85001,49.84,50.079278944003384,51.118600449353366,47.59873131791649,43.311605524452894,-0.2246252278664198,1.3279652096630272,1.552590437529447,0,,,24.80187684273558,40.98457416657405,,,,,,,50.5364931916784,,,23.79424285799154,38.41648180203692,,,,,60,100,-40,,,,,,,,,,,,432.2788264165095,328.31761388546397,432.2788264165095,-0.005117056682480404
2007-11-26,49.98,52.25,48.89999,51.31,50.11361759086029,51.15688035948269,47.74427126623349,43.39119153913495,-0.2345471074907446,1.2594065531660164,1.493953660656761,0,,,18.561312161688488,27.80251160627908,,,,,,,55.690394278462236,,,16.83213919796068,20.879211326481013,,,,,60,100,-40,,,,,,,,,,,,384.5917670680533,288.62350226992504,384.5917670680533,-0.005649980806998502
2007-12-03,51.14,52.53999,50.38,52.33,49.942643477227406,51.39150428758615,47.92410376559688,43.48013490690475,-0.17699667573468525,1.2727078159884044,1.4497044917230897,0,,,20.127324504709183,21.163504503044408,,,,,,,58.908828534570574,,,16.829477206976602,13.904006349334926,,16.829477206976602,,,60,100,-40,,,,,,,,,,,,342.84780941931626,235.23741094812044,342.84780941931626,0.030115531126116972
2007-12-10,52.44,52.84,50.89,50.97,49.95388465742545,51.307203430068924,48.043550676749945,43.55466092773157,-0.23165542375082304,1.160135212034561,1.391790635785384,0,,,19.673315722045956,19.4539841294812,,,,,,,53.31514148238023,,,21.20838002791333,18.739193797471316,,,,,60,100,-40,,,,,,19.4539841294812,,,,,,398.69366225216794,296.1033362302804,398.69366225216794,0.055849462353178135
2007-12-17,50.78,51.89999,49.17999,51.85001,49.994321467609346,51.41576474405514,48.1928235913872,43.63720171452031,-0.21029921520679418,1.1289166167768911,1.3392158319836853,0,,,13.284603961108452,17.695081395954524,,,,,,,56.22866404837082,,,23.427430822549727,22.571843992018263,23.427430822549727,,,,60,100,-40,,,,,,17.695081395954524,,,,,,348.0220872972282,245.90272964295673,348.0220872972282,0.14200287697627292
2007-12-24,52.00999,52.63,51.42999,51.86,49.92186993420868,51.50461179524411,48.33663443094065,43.71902060293304,-0.19746116171066208,1.0923893798453577,1.2898505415560197,0,,,18.86176683150202,17.273228838218802,,,,,,,56.262233089190666,,,21.522080253342317,22.751186104530287,,,,,60,100,-40,,,,,,17.273228838218802,,,,,,374.74534415227765,253.01132425332824,374.74534415227765,0.1782910075467634
2007-12-31,51.56,51.67999,48.21001,48.39999,50.07173493890806,50.88368743619529,48.33911896306062,43.765597412854106,-0.4116323542700733,0.7753100987184283,1.1869424529885015,0,,,-1.2129286258381882,10.311147388924088,,,,,,,43.690163592415125,,,18.342902814817446,20.315449421217604,,,,,60,100,-40,,,,,,10.311147388924088,,,,,,612.0643724882271,483.372901661814,612.0643724882271,0.10502997916116781
2008-01-07,48.41,48.75999,46.46001,47.05,49.86089815755748,50.11694994895623,48.288565278234714,43.79827803561178,-0.6212665961335044,0.41035920782162094,1.0316258039551254,0,,,-23.214108085548595,-1.8550899599615949,,,,,,,39.919718812239296,,,11.583467564235566,14.957566434760686,,,,,60,100,-40,,,,,,,,,,,,692.5981229449131,556.396010450575,692.5981229449131,0.020470696102427147
2008-01-14,47.69,48.00999,44.75999,45.35001,49.85797971773194,49.16356195916499,48.17332781634315,43.81371815466042,-0.8379879819276785,-0.015859173454472852,0.8221288084732057,0,,,-39.68911021690233,-21.37204897609638,,,,,,,35.71499539321853,,,4.096620817021286,8.193241634042572,,,,,60,100,-40,,,,,,,,,,,,935.7621005912926,783.4149176413796,935.7621005912926,-0.0604918761751971
2008-01-22,42.83,45.87,41.61,43.99001,47.629552595036806,48.12885156733199,48.009276137270874,43.81547230237524,-1.024183247438688,-0.4581002508251544,0.5660829966135337,0,,,-53.71019982373471,-38.87113937539522,,,,,,,32.727435731885464,,,1.3682281156184055,2.7364562312368097,,1.3682281156184055,,,60,100,-40,,,,,,,,,,,,818.3508095746938,682.794023524765,818.3508095746938,-0.027744092546154137
2008-01-28,44.02,45.88,43.57001,45.5899,47.356727409677035,47.62106125386559,47.914398641691626,43.833128299366535,-0.9902570829051079,-0.6717383570178512,0.3185187258872567,0,,,-56.92844197455311,-50.10925067173005,,,,,,,39.20817422004108,,,3.88120802119054,1.9406040105952655,,,,,60,100,-40,,,,,,,,,,,,708.650662379295,582.286019247535,708.650662379295,-0.009004341482735725
2008-02-04,45.58,45.61,42.14999,43.60001,47.3819625947001,46.816851003092474,47.74520693025274,43.830808714298215,-1.0469759131045333,-0.99020116549341,0.05677474761112339,0,,,-60.83329715778955,-57.157312985359134,,,,,,,34.70352335444187,,,6.490145877153525,4.700525946523212,,,,,60,100,-40,,,,,,,,,,,,644.3505419466959,538.2340157479831,644.3505419466959,-0.012690783036763256
2008-02-11,43.78,44.88,43.45,43.82001,47.24110669507866,46.21748280247398,47.59127763887028,43.8307012644047,-1.014119688133321,-1.210874862555528,-0.19675517442220686,0,,,-60.92457337632997,-59.56210416955755,,,,,,,35.58985148905431,,,10.291836155727214,8.671312537756016,10.291836155727214,,,,60,100,-40,,,,,,,,,,,,619.9231706836604,511.282376521077,619.9231706836604,-0.048361234366942125
2008-02-19,44.39,44.5,42.60001,43.67999,47.4003133597159,45.709984241979186,47.43789380989497,43.829201649833514,-0.9475061829667375,-1.3811379031306288,-0.43363172016389123,0,,,-60.8489544510236,-60.86894166171438,,,,,,-60.86894166171438,35.259850867795805,,,9.550987434224375,9.823525112482745,,,,,60,100,-40,,,,,,-60.86894166171438,-107,,,,,639.0280487411767,529.2310353354267,639.0280487411767,-0.06924921577888048
2008-02-25,43.62,44.53,42.85001,42.95,47.011006691164766,45.15798739358335,47.261897974212815,43.820453374710794,-0.8987172074460518,-1.557028229471456,-0.6583110220254041,0,,,-59.812371034236286,-60.52863295386329,,,,,,,33.50520374448931,,,8.624446936026672,9.609925850429436,,,,,60,100,-40,,,,,,,,,,,,655.5684035155082,549.3708470926218,655.5684035155082,-0.1244729419947275
2008-03-03,42.92999,43.53999,41.38,42.07001,47.117364784653,44.54039191486668,47.058294524243685,43.803036027698745,-0.8711821917707232,-1.7472887617388082,-0.876106569968085,0,,,-61.17406725116772,-60.61179757880922,,,,,,,31.460643767059665,,,5.490485666737872,6.974597277766409,,,,,60,100,-40,,,,,,-60.61179757880922,,,,,,814.5559665126884,694.9397839848723,814.5559665126884,-0.094583593440216
2008-03-10,42.00999,43.44,41.17,42.25,47.147554442892066,44.08231353189335,46.8697339546655,43.78758293289577,-0.7887811296594651,-1.8620829820424163,-1.0733018523829512,0,,,-60.65379264199188,-60.54674364246531,,,,,,,32.37502531553821,,,3.334204763998475,4.578437901332543,,3.334204763998475,,,60,100,-40,,,,,,,,,,,,814.6366998740177,697.6780050785319,814.6366998740177,-0.14388190773282739
2008-03-17,41.25999,43.60001,41.05,43.09,43.6998619826855,43.88385082551468,46.721509093698224,43.78064180918537,-0.6323926043664838,-1.8637926078410558,-1.231400003474572,0,,,-57.9002572219849,-59.909372371714845,,,,,,,36.64809639742584,,,6.593535915855387,4.820854378521129,,,,,60,100,-40,,,,,,-59.909372371714845,-107,,,,,805.6118453514691,693.5547314278897,805.6118453514691,-0.12245662244001376
2008-03-24,43.28,45.07001,43.28,43.49001,42.321308269636525,43.80508266041174,46.59478363904339,43.7777499503875,-0.4644660986801088,-1.8119826268247081,-1.3475165281445993,0,,,-48.741055395435076,-55.765035086470625,,,,,,,38.64802824070972,,,13.827140115147067,9.527617327537046,,,,,60,100,-40,,,,,,,,,,,,707.3187825602929,613.8175075319098,707.3187825602929,-0.08422650480306489
2008-03-31,43.64999,46.35001,43.45,45.86,41.18621339323392,44.216066128329395,46.56596859437502,43.79846885635379,-0.17133266176620876,-1.5616823553523602,-1.3903496935861515,0,,,-34.19703763996315,-46.94611675246105,,,,,,,48.98495762049379,,,37.87447782671242,25.560459002342895,,,,,60,100,-40,,,,,,,,,,,,605.0790039129669,518.5779607079261,605.0790039129669,-0.07390957705607064
2008-04-07,46.14999,46.41,44.12,44.28,41.105768150860065,44.22885290266352,46.47632276714463,43.80326021101694,-0.06677711727323965,-1.473821090177701,-1.4070439729044613,0,,,-24.259177371791935,-35.73242346906339,,,,,,,43.670882686187404,,,55.74548363630406,44.951531706611796,,,,,60,100,-40,,,,,,,,,,,,571.428275928791,488.8365133064849,571.428275928791,-0.10717594277545026
2008-04-14,44.21001,46.92999,43.67999,46.71001,41.96822328294149,44.72508432213081,46.48548697235464,43.83218309448941,0.17016215184235683,-1.1943412831015152,-1.364503434943872,0,,,-11.437251577324535,-23.297822196359878,,,,,,,52.293776803685084,,,79.52953766935454,68.94675188894684,,,,,60,100,-40,,,,,,,,,,,,471.16858939628355,389.9571472507604,471.16858939628355,-0.10147758027428251
2008-04-21,46.61,47.78999,45.92999,47.14999,42.28261661987425,45.21006545770465,46.51154591461525,43.86519609852434,0.3502693273504818,-0.9266667757557698,-1.2769361031062516,0,,,3.8404245416276073,-10.61866813582963,,,,,,,53.684477450432425,,,86.18350880246791,82.2546941551736,,,,,60,100,-40,,,,,,,,,,,,426.41066405150474,343.6013022960767,426.41066405150474,-0.11758574159899146
2008-04-28,47.25,49.19,47.03,48.77,43.984581861311796,45.92205236616372,46.60011274149308,43.9140001174445,0.559822155038455,-0.5771584093081827,-1.1369805643466377,0,,,19.326413342789202,3.909862102364091,,,,,,,58.50905024327533,,,96.70410781658742,93.40821563317483,,,,,60,100,-40,,,,,,,,,,,,353.42690695123116,273.8556109695173,353.42690695123116,-0.054118335360054705
2008-05-05,48.73,49.23,47.87199,48.21001,44.01782601407524,46.37964389293097,46.663245967316875,43.9567464844351,0.6364473865044271,-0.34142133121610385,-0.977868717720531,0,,,28.97392055183242,17.380252812083075,,,,,,,56.312399503852376,,,96.69200814819445,95.87408493653777,,,,,60,100,-40,,,,,,,,,,,,380.0765602328255,296.790954429605,380.0765602328255,-0.1189534479827656
2008-05-12,48.28,50.11,48.2,50.0099,45.40316558449844,47.105695114344776,46.7944873019319,44.01697686767455,0.7748907907994053,-0.00925522922127442,-0.7841460200206797,0,,,38.09337533298857,28.797903075870067,,,,,,,61.36326887689001,61.36326887689001,,97.92494279987594,98.33995423990075,97.92494279987594,,,,60,100,-40,,,,,,,,,,,,322.78991291776634,245.5562354424041,322.78991291776634,-0.07558779722327592
2008-05-19,50.05,50.47,47.82001,48.2,45.45936089989141,47.32455609147582,46.84960544695418,44.05859898839421,0.712688698657679,0.10671485330141905,-0.60597384535626,0,,,40.81628568194245,35.961193855587815,,,,,,,54.49938021479707,,,92.79951719562504,95.15472427773807,,,,,60,100,-40,,,,,,,,,,,,349.55538329635425,266.3641926346943,349.55538329635425,-0.07734807899797709
2008-05-27,48.32001,50.24001,48.28999,50.00999,45.40591940704202,47.86164287318066,46.97354209609323,44.11781680940521,0.7573751943233729,0.34074514754795615,-0.4166300467754167,0,,,44.5183897950107,41.142683603313905,,,,,,,59.417349913879015,,,92.02752363781457,93.00232218724807,,,,,60,100,-40,,,,,,,,,,,,300.54531360610804,222.47979397384074,300.54531360610804,-0.01752932401899046
2008-06-02,49.92,50.61,48.67,49.03,45.44335159225331,48.09531429854452,47.054187504089576,44.166694254087744,0.6869386291398483,0.4420432396493936,-0.24489538949045464,0,,,45.72098700859562,43.68522082851626,,,,,43.68522082851626,,55.87498321294125,,,87.25860859129716,89.00356309612187,,,,,60,100,-40,,,,,,,,,,,,295.9007111322702,227.48346779677877,295.9007111322702,0.0000574254940412457
2008-06-09,49.11,49.19,47,48.37,45.49239719280664,48.15025143883562,47.10578799412528,44.20851819185802,0.5668929030139814,0.4637207392770222,-0.10317216373695928,0,,,39.336033635149874,43.191803479585396,,,,,,,53.54586991383224,,,85.63393385759403,86.95856172251041,,,,,60,100,-40,,,,,,43.191803479585396,,,,,,322.1005818354938,245.21374637918262,322.1005818354938,0.006339979259144344
2008-06-16,48.12,49.06,47.21001,47.42,45.50222525046331,48.00420115106849,47.11811003357135,44.2404732347251,0.4022469251245542,0.39963649266873347,-0.002610432455820738,0,,,31.857081647414812,38.97136743038677,,,,,,,50.27780061636004,,,76.34667015243063,80.62907509600286,,,,,60,100,-40,,,,,,,,,,,,408.0822942290404,319.720337946604,408.0822942290404,-0.08946525278064664
2008-06-23,47.62,48,44.97,45.64999,45.5599241611445,47.533358920854795,47.06053669892149,44.254498277165645,0.16502946309006145,0.20367639640675606,0.03864693331669462,0,,,14.518006746565995,28.570374009710225,,,,,,,44.76335194119415,,,62.011477108893644,70.09913135483085,,,,,60,100,-40,,,,,,,,,,,,575.7036952783058,454.3166401381305,575.7036952783058,-0.11295957218862367
2008-06-30,45.53,46.13,44.28,44.63,45.4449288639199,46.952687136683835,46.9652215342579,44.25823461271624,-0.05775067923204601,-0.03354141572336289,0.024209263508683118,0,,,-3.3357431886386486,14.34644840178072,,,,,,,41.894765807094615,,,40.238320591807174,51.61618231385731,,,,,60,100,-40,,,,,,,,,,,,750.1212052277046,622.6227055675613,750.1212052277046,-0.12033467113374842
2008-07-07,45.05,46.03,43.85001,44.56,45.50671894506847,46.47414970934707,46.87089912114975,44.26123725338573,-0.1990455181386628,-0.2245976341646454,-0.02555211602598259,0,,,-15.635485400513089,-1.484407280861913,,,,,,,41.69610826892584,,,20.233260279134107,30.812700572745438,,,,,60,100,-40,,,,,,,,,,,,890.0991679135766,749.4185772825501,890.0991679135766,-0.1463170572575045
2008-07-14,45.13,45.82001,43.3,44.59,45.51695402042073,46.09731976747766,46.781452096790936,44.26450852449632,-0.27502460718259436,-0.3693328750042255,-0.09430826782163117,0,,,-24.521089224140795,-14.49743927109751,,,,,,,41.82418583712296,,,6.570416342437949,12.913777885038938,,,,,60,100,-40,,,,,,,,,,,,760.0811373838354,642.2515632311774,760.0811373838354,-0.09960864602499268
2008-07-21,45,45.89,43.86,45.27,45.477883733247815,45.931855813982125,46.72217946554423,44.27451341479984,-0.263973781998766,-0.4242754953200887,-0.16030171332132268,0,,,-27.94915735969225,-22.70191066144871,,,,,,,44.80168152175237,,,5.426849848506887,5.1836436205933785,,5.426849848506887,,,60,100,-40,,,,,,,,,,,,652.7936578595018,546.3876426436906,652.7936578595018,-0.06014537913229832
2008-07-28,45.27,46.14999,44.21001,44.88,45.5116056094444,45.7214846511857,46.649937133562105,44.280538156941134,-0.2666368457826776,-0.4935977705496697,-0.2269609247669921,0,,,-29.55524507816966,-27.341830554000904,,,,,,,43.42089899576627,,,6.761180828714938,4.854868133421808,,,,,60,100,-40,,,,,,,,,,,,599.5584473395922,491.58988943574684,599.5584473395922,-0.07462330778011045
2008-08-04,44.87,47.44,44.3,47.32001,45.555778780198374,46.04118972094856,46.67621450087339,44.31078165786709,-0.09654356119807506,-0.3476403762645859,-0.2510968150665108,0,,,-21.13155442239203,-26.211985620084647,,,,,,,53.19752297606421,,,21.175490114610877,14.172132457412554,,,,,60,100,-40,,,,,,-26.211985620084647,,,,,,500.5478205505756,395.84627317470193,500.5478205505756,-0.061613140727383844
2008-08-11,47.3,48.57001,47.14,48.16,45.42536529589849,46.464951776758845,46.734402167505806,44.34908233788831,0.07102398849671099,-0.1623168294456221,-0.23334081794233308,0,,,-4.246548279538224,-18.31111592669997,,,,,,,56.031026836868904,,,37.617394075601375,28.020282361755005,,,,,60,100,-40,,,,,,,,,,,,384.08458045047087,295.6924053247562,384.08458045047087,-0.006273196454657934
2008-08-18,48.28999,48.31,46.38,47.49001,44.56856134619145,46.669963421407076,46.76403384721146,44.38033534945161,0.1316990145990747,-0.06871704969348968,-0.2004160642925644,0,,,3.9877240823716917,-7.130126206519521,,,,,,,53.24558018743214,,,56.59286582235262,47.14477130149055,,,,,60,100,-40,,,,,,,,,,,,358.7964749140217,274.65742253843683,358.7964749140217,-0.029428328754273467
2008-08-25,47.14999,47.28,45.92,46.12,43.951521250034915,46.55997073712566,46.73877761790905,44.39764544547697,0.07722138291711331,-0.10388933564617275,-0.18111071856328606,0,,,2.431837402980694,0.7243377352713859,,,,,,,47.96361325008845,,,57.73554264006647,57.18163785319884,57.73554264006647,,,,60,100,-40,,,,,,,,,,,,317.19711583874493,231.0833457132665,317.19711583874493,-0.024864794060959997
2008-09-02,46.86,47.08,42.81,43.45,43.83283973217528,45.937976589700526,46.6098059466185,44.38821613756178,-0.1297142242518387,-0.34325349887808443,-0.21353927462624572,0,,,-13.751607064934504,-2.444015193194042,,,,,,,39.65767031176971,,,43.262260050166205,52.7137319676203,,,,,60,100,-40,,,,,,-2.444015193194042,,,,,,364.9794584135185,270.88637376539987,364.9794584135185,-0.09753485432609892
2008-09-08,44.03999,44.22,42.17,43.42999,43.531922608448475,45.43637927176042,46.48510728204523,44.37868154912832,-0.25194781448583714,-0.5284740427335421,-0.276526228247705,0,,,-29.307173163887427,-13.542314275280413,,,,,,,39.60199123729167,,,23.341303347512692,34.695710563667895,,,,,60,100,-40,,,,,,,,,,,,384.98319324742425,276.17976035350904,384.98319324742425,-0.0910903579425715
2008-09-15,42.39999,43.83,39.5,42.89999,43.56964242213073,44.92910141740834,46.34451444745522,44.363968200380775,-0.34665626501160796,-0.709846559512215,-0.363190294500607,0,,,-42.48154499649874,-28.51344174177356,,,,,,,38.06836367042404,,,7.632947377344934,15.265894754689866,,,,,60,100,-40,,,,,,,,,,,,559.5317035660743,105.96525847105283,559.5317035660743,-0.03563791016362846
2008-09-22,42.75,42.84,40.22,41.08,43.27895367769282,44.15928113392667,46.13806290049619,44.331291899879474,-0.5006817661428197,-0.9890425021791316,-0.4883607360363119,0,,,-51.402965052168696,-41.06389440418496,,,,,,,33.27465455876009,,,1.9978160218929153,3.9956320437858284,,,,,60,100,-40,,,,,,,,,,,,584.1623029176972,185.78975693086142,584.1623029176972,-0.03494243464950882
2008-09-29,40.25999,40.38,36.10001,36.17999,43.24474412928619,42.56342290714134,45.74755023773163,44.25018441828863,-0.8792303000360456,-1.587398611081369,-0.7081683110453233,0,,,-64.9091830897762,-52.93123104614788,,,,,,,24.336382626541265,,,9.868649107779168e-16,-3.947459643111668e-16,,,,,60,100,-40,,,,,,,,,,,,809.7691569326615,417.46434657979563,809.7691569326615,-0.1289237117358081
2008-10-06,35.25999,35.53,29.38,31.32001,42.88440669148003,40.31474032571307,45.18176434605588,44.12152596636536,-1.374102816675648,-2.4257968318898833,-1.0516940152142353,0,,,-78.49371393580063,-64.9352873592485,,,,,,,18.885487469098635,,18.885487469098635,9.868649107779168e-16,-3.947459643111668e-16,,,,,60,100,-40,,,,,,,,,,,,1877.0838556721776,1318.834465383469,1877.0838556721776,-0.13135022730175747
2008-10-13,32.86,36.14999,29.25,32.3,42.2898076420886,38.711792260570455,44.67659711679879,44.003898842321924,-1.5401178166334684,-2.9768412860060707,-1.4367234693726023,0,,,-81.92476458137016,-75.109220535649,,,,,,,22.669162142194608,,,2.7235135888920463,1.3617567944460223,,,,,60,100,-40,,,,,,,,,,,,1640.3413364590542,1146.3191080410202,1640.3413364590542,-0.15090984736116805
2008-10-20,32.78999,33.25999,28.09,29.50999,41.72339423908227,36.871431808456364,44.08182821025766,43.85968084389086,-1.728390868094078,-3.5972120544901998,-1.8688211863961217,0,,,-84.19564246454584,-81.53804032723887,,,,,,,19.818003698027525,,,4.14524369091613,3.0939394412925814,,,,,60,100,-40,,,,,,,,,,,,2000.2792752846808,1482.4429065790164,2000.2792752846808,-0.15356561732595758
2008-10-27,29.14,33.42999,28.66,32.89,41.444581793433535,36.07514544676509,43.64293298632599,43.75052979071781,-1.5230496360483103,-3.77263323145651,-2.2495835954081995,0,,,-80.94341086044182,-82.35460596878595,,,,-82.35460596878595,,-82.35460596878595,31.178209126932472,,,13.523130325869769,9.08201974390432,,,,,60,100,-40,,,,,,-82.35460596878595,-107,,,,,1705.683043414739,1256.5441962919226,1705.683043414739,-0.10989139514799334
2008-11-03,32.81,34.00999,30.3999,31.19,40.57283737961686,35.098116357412074,43.15458267313674,43.62554939479027,-1.4024859555392917,-4.002691039832314,-2.600205084293022,0,,,-76.33216587175271,-80.49040639891346,,,,,,,28.943822856317112,,,20.124965917611352,15.852680170899399,,,,,60,100,-40,,,,,,,,,,,,1536.467944612059,1124.4452515115731,1536.467944612059,-0.10242920450388107
2008-11-10,31.94,31.97,27.28,28.98,39.18118399535851,33.87449308592966,42.598716685954905,43.47982253514061,-1.3707298086343207,-4.313617345085923,-2.9428875364516025,0,,,-75.23092659088208,-77.50216777435888,,,,,,,26.290381825003138,,,27.755446890466676,24.468096588272967,,,,,60,100,-40,,,,,,,,,,,,1408.0192274098663,1011.8188421458325,1408.0192274098663,-0.09299807428560283
2008-11-17,28.49001,29.23,25.05,26.67,36.336813709975765,32.43359446874373,41.97406112964295,43.31256061936807,-1.3995588088775985,-4.692336047548601,-3.292777238671002,0,,,-75.91558257077357,-75.82622501113612,,,,,,,23.81787049171855,,23.81787049171855,25.06014320356944,26.39008381603064,,,,,60,100,-40,,,,,,-75.82622501113612,,,,,,2072.0157315171637,1525.1245072102267,2072.0157315171637,-0.08409243377699502
2008-11-24,27.22,29.36,26.98,29.12,36.22774558783463,31.77087557499498,41.4699803010295,43.17134111071764,-1.157888184394487,-4.740137469164111,-3.582249284769624,0,,,-71.91926203476753,-74.3552570654744,,,,,,,31.24717494544518,,,28.56981193622294,27.978155914053627,,,,,60,100,-40,,,,,,-74.3552570654744,-107,,,,,1742.5583257867702,1268.7382331720037,1742.5583257867702,-0.04514057954146534
2008-12-01,28.5,29.07001,26.84039,28.94,35.82790590298931,31.204700459995987,40.97860852451854,43.0297357265314,-0.9245438035101357,-4.737929039157294,-3.813385235647158,0,,,-67.88400295976896,-71.90628252177002,,,,,,,31.00650800712124,,,37.28800582433306,31.86692054954165,,,,,60,100,-40,,,,,,,,,,,,1541.1840847346302,1101.6949180498211,1541.1840847346302,-0.006820099311837182
2008-12-08,29.55,30.83,28.47,29.67999,34.187406195632924,30.89975836799679,40.53552544512566,42.89690243572014,-0.647831613956813,-4.623174753093174,-3.975343139136361,0,,,-60.84567957921617,-66.88298152458422,,,,,,,33.29464399864594,,,53.52867980952184,44.731979669140095,,,,,60,100,-40,,,,,,,,,,,,1340.0597056919705,946.8412965862173,1340.0597056919705,-0.018467212757821577
2008-12-15,29.73,30.66,28.74001,29.86,29.44258146737343,30.69180669439743,40.116877388454064,42.76718201347417,-0.3927031084190036,-4.466222024660116,-4.073518916241112,0,,,-54.4416590562752,-61.057113865086784,,,,,,,33.87259111205192,,,67.0323542604889,59.77479489250146,,,,,60,100,-40,,,,,,,,,,,,1153.6852137479757,802.8701517523596,1153.6852137479757,-0.001770334023207745
2008-12-22,29.86,29.92,28.74001,29.13,26.35955064827533,30.379445355517944,39.686019451651944,42.631488660106264,-0.22165675814777952,-4.350589863925837,-4.128933105778057,0,,,-50.29711626302934,-55.19481829950691,,,,,,,32.6305385671551,,,78.54007973984227,73.42386326451611,,,,,60,100,-40,,,,,,,,,,,,999.3788112483437,667.8028514337486,999.3788112483437,-0.03574716373539817
2008-12-29,29.23,31.13,28.46001,31.03,26.657441316255664,30.509556284414355,39.34656770844991,42.51605096199575,0.056067650251302226,-4.058848542963929,-4.114916193215231,0,,,-43.13026335894416,-49.28967955941624,,,,,,,38.94327822611373,,,87.60319652859363,83.28815072520801,,,,,60,100,-40,,,,,,,,,,,,815.855391021372,539.1114239003399,815.855391021372,-0.037291638037046666
2009-01-05,30.82001,31.63,29.92,30.07001,26.721196936523114,30.421647027531485,38.982781131647954,42.392209758393804,0.20345135652327873,-3.860601997561133,-4.064053354084412,0,,,-35.49031038534939,-42.9725633357743,,,,,,,37.04333719050628,,,92.17108892955326,89.97917910156355,,,,,60,100,-40,,,,,,,,,,,,667.5180471993044,427.45480137300535,667.5180471993044,-0.06682240091340282
2009-01-12,30.12,30.14999,28.07001,29.42,26.917540012485752,30.22131762202519,38.607770106877446,42.263133044379934,0.28073243103289425,-3.713137815293294,-3.993870246326188,0,,,-36.01769484464799,-38.212756196313855,,,,,,,35.76347627412967,,,92.18899154588027,92.66480604532069,92.18899154588027,,,,60,100,-40,,,,,,,,,,,,590.6965840721581,369.73574657791346,590.6965840721581,-0.03478893080740486
2009-01-20,29.28999,29.42999,27.96001,28.89999,25.3470042973082,29.957052097620153,38.227072847784214,42.13016644692342,0.3176797827404547,-3.5967705179006195,-3.9144503006410742,0,,,-38.06198951357773,-36.52333158119171,,,,,,,34.72371736941311,,,87.43028228641246,90.23418509420195,,,,,60,100,-40,,,,,,-36.52333158119171,,,,,,586.0244778772203,376.1474290182928,586.0244778772203,0.0006125566806590585
2009-01-26,28.96001,30.64999,28.75,29.06,25.39436399035761,29.77764167809612,37.86757979492993,42.00011503949134,0.37008312842504765,-3.4518463901097647,-3.8219295185348123,0,,,-34.676438534999534,-36.25204096440843,,,,,,,35.35026945118783,,,82.65315460836095,85.41146643544619,,,,,60,100,-40,,,,,,-36.25204096440843,,,,,,563.1109364449984,367.75698737860324,563.1109364449984,-0.03337028889499608
2009-02-02,28.77,31.50999,28.74001,31.37,25.86548227676064,30.096113342476897,37.612772744148366,41.89434275054118,0.5657907664504052,-3.114691060471806,-3.680481826922211,0,,,-23.82933499215596,-32.189254346911085,,,,,,,43.788542431916994,,,84.22498305181594,83.24279709088265,,84.22498305181594,,,60,100,-40,,,,,,,,,,,,500.72712981863504,319.98298967340264,500.72712981863504,-0.05709467178928285
2009-02-09,31.39,31.67999,29.64,30.42999,25.862950685563455,30.162888673981517,37.33109498947588,41.78026958884425,0.6323618436841429,-2.8900295223170325,-3.5223913660011754,0,,,-14.864772550025563,-24.456848692393695,,,,,,,41.40604105557271,,,86.55144808264723,84.55122698982986,,,,,60,100,-40,,,,,,,,,,,,483.32219712433766,296.3497188236931,483.32219712433766,-0.051948374419121986
2009-02-17,29.47,29.67,28.39,28.87,25.964884208023207,29.904310939185212,36.99928734282977,41.6518091949254,0.5734959047634551,-2.8055214850468566,-3.3790173898103117,0,,,-21.76544622873557,-20.15318459030571,,,,,,,37.71663035289745,,,86.63418166568223,86.75680037989457,86.63418166568223,,,,60,100,-40,,,,,,-20.15318459030571,,,,,,699.0817976471853,441.5588608557489,699.0817976471853,-0.003449130616450621
2009-02-23,29.03,29.17,27.39,27.53,26.059536764592977,29.42944875134817,36.62794274115017,41.51129368054803,0.45182645871557003,-2.814234316415849,-3.266060775131419,0,,,-32.364218725438604,-22.998145834733254,,,,,,,34.828767948887375,,,70.55827546824122,79.04494576585422,,,,,60,100,-40,,,,,,,,,,,,810.1578344386062,518.5481588819763,810.1578344386062,-0.008915896246165712
2009-03-02,27.12,27.71001,25.71001,26.3,26.184569852836336,28.803559001078536,36.22292537875212,41.35993752452268,0.3031612436429816,-2.887109220577692,-3.1902704642206734,0,,,-45.45797662819324,-33.19588052745581,,,,,,,32.36456852201104,,,47.56811085260084,60.929847456824945,,,,,60,100,-40,,,,,,,,,,,,1139.2200463588597,787.9030390852533,1139.2200463588597,-0.019942693798875914
2009-03-09,26.05,28.84,25.6301,28.74001,26.269243434776598,28.79084920086283,35.929477716840275,41.23436610636822,0.3788893783623699,-2.716658741267711,-3.095548119630081,0,,,-46.154906869209384,-41.325700740947084,,,,,,,41.29123459625436,,,40.368767531986336,44.25387862074441,,40.368767531986336,,,60,100,-40,,,,,,,,,,,,940.2709470208852,630.1024865242981,940.2709470208852,0.07034069136756319
2009-03-16,28.89999,30.2,28.19,29.17999,26.17502604657827,28.868677360690263,35.66479192402301,41.11442206550883,0.46279231585300806,-2.517057724813821,-2.979850040666829,0,,,-35.09556773454309,-42.23615041064858,,,,,,-42.23615041064858,42.76682657792006,,,50.08799828556927,42.71650681568588,,,,,60,100,-40,,,,,,-42.23615041064858,,,-106,,,782.9489566534515,510.9929435198803,782.9489566534515,0.00344135606075
2009-03-23,29.86,31.46001,29.19839,30.82001,26.258952757536967,29.25894388855221,35.474800476022104,41.011990104658,0.622949682708787,-2.201162937280845,-2.824112619989632,0,,,-17.300648369965575,-32.85037432457269,,,,,,,48.040427078656556,,,75.03520308831725,61.003388093828846,,,,,60,100,-40,,,,,,,,,,,,640.5946008982785,398.08513560717483,640.5946008982785,0.05862607595398368
2009-03-30,30.28999,32.39999,29.62,32.35001,27.27832041771289,29.877157110841768,35.35225967304085,40.92580124789523,0.8140650870688928,-1.8065312611535163,-2.620596348222409,0,,,0.301619996054999,-17.364865369484566,,,,,,,52.466919765222436,,,88.77833499396488,81.02079445654701,,,,,60,100,-40,,,,,,,,,,,,520.486491644046,311.16056549677944,520.486491644046,0.12888262134911183
2009-04-06,31.97,33.00999,31.21001,32.94,27.8334325307334,30.489725688673413,35.25766125449022,40.84634053896095,0.9527211431129579,-1.4296949193312116,-2.3824160624441695,0,,,15.828821153638076,-0.39006907342417624,,,,,,,54.100416421409534,,,97.6004822690314,95.20096453806279,,,,,60,100,-40,,,,,,,,,,,,406.76167498149226,230.04046267918315,406.76167498149226,0.19175439485079132
2009-04-13,32.8,33.5,31.85001,33.31,28.31104734996673,31.053780550938733,35.181282381765115,40.77135207588671,1.0350174242988213,-1.0886442820706428,-2.123661706369464,0,,,27.282836941808014,14.471092697167018,,,,,,,55.14761021316236,,,99.42264592189713,98.84529184379424,,,,,60,100,-40,,,,,,,,,,,,311.8959158939482,158.21492401024074,311.8959158939482,0.19188052262984165
2009-04-20,32.7,33.92999,32.06,33.69,28.81240253925482,31.581024440750987,35.12280071973511,40.70089086120127,1.0759535459916232,-0.778719773879935,-1.8546733198715581,0,,,35.305386199465396,26.139014764970483,,,,,,,56.257963770202764,,,100,100,,,,,60,100,-40,,,,,,,,,,,,253.3693857314122,104.90311964474242,253.3693857314122,0.1746254287576529
2009-04-27,33.42,34.89999,33.35001,34.37,29.573660929308048,32.138819552600786,35.093279122882755,40.63789692228385,1.1055129652217086,-0.47278211334442233,-1.578295078566131,0,,,43.26836951326062,35.28553088484467,,,,,,,58.26107199228483,,,100,100,,,,,60,100,-40,,,,,,,,,,,,196.39313378024633,69.46618880024377,196.39313378024633,0.18973059018077162
2009-05-04,34.67,35.34,33.88,34.23,29.6948308629289,32.55705564208063,35.05942503963245,40.57413675390292,1.0715419621503393,-0.23886762587820698,-1.3104095880285462,0,,,48.17843876068462,42.25073149113687,,,,,,,57.67202244251647,,,99.56687538918985,99.78343769459491,,,,,60,100,-40,,,,,,,,,,,,147.95801854747427,27.745063563835828,147.95801854747427,0.150538032308288
2009-05-11,33.78,34.72,32.96001,33.37,29.820200087005404,32.7196445136645,34.993173077293925,40.502453801127764,0.9511411584535421,-0.12148313996161875,-1.0726242984151608,0,,,47.12106628209238,46.1892915186792,,,,,,,54.03629402267932,,,96.29617132443198,97.98566393316219,,,,,60,100,-40,,,,,,,,,,,,114.6929242661153,2.7005065522293137,114.6929242661153,0.12393425974945359
2009-05-18,33.59,35.03999,33.31,33.53999,29.893758652219304,32.8837136109316,34.936185505635336,40.43317555435037,0.846443151690264,-0.01457035880233093,-0.8610135104925949,0,,,46.797952517844536,47.365819186873836,,,,,,,54.64851025472183,,,92.70369882234176,94.84109736104251,,,,,60,100,-40,,,,,,47.365819186873836,,,,,,82.02148349045798,-29.608676457266938,82.02148349045798,0.07254942650770553
2009-05-26,33.19,35.5,33.17999,35.38,30.976348748489357,33.382970888745284,34.95358999561042,40.38289520057574,0.8617233561191918,0.2161406846563949,-0.6455826714627969,0,,,49.02094084177069,47.64665321390252,,,,,,,60.7749995028815,,,91.67282129979463,92.12965539973301,,91.67282129979463,,,60,100,-40,,,,,,47.64665321390252,,,,,,42.563031946738334,-56.95255346503661,42.563031946738334,0.13655167141618949
2009-06-01,35.73,37.08,35.61,36.78,32.3594652664544,34.062376710996226,35.02521391735119,40.34704549708742,0.9213581132999645,0.5061149701621588,-0.41524314313780575,0,,,56.462690093891034,50.7605278178354,,,,,,,64.70508677983366,64.70508677983366,,94.27012895920903,92.58063635047883,,,,,60,100,-40,,,,,,,,,,,,-14.266610225395908,-106.59754374412086,-14.266610225395908,0.14485978179260395
2009-06-08,36.53,37.23,36.12,36.64999,32.432360604564806,34.57989936879698,35.08893062647467,40.310258875225855,0.905925667012478,0.7171639406277919,-0.1887617263846862,0,,,59.97212261229515,55.15191784931894,,,,,,,64.05938375246379,,,97.3291461004078,95.45847524215277,97.3291461004078,,,,60,100,-40,,,,,,,,,,,,-40.76359018441485,-126.3070812451898,-40.76359018441485,0.13123623981533822
2009-06-15,36.28,36.36,35.45,36.16,32.58433484709589,34.89591949503758,35.130933347005076,40.268962767014656,0.8192136757536581,0.8352553683073864,0.016041692553728337,0,,,58.02300262929462,58.15260511182692,,,58.15260511182692,,58.15260511182692,,61.55150997299829,,,95.83312325125036,96.7064212572757,,,,,60,100,-40,,,,,,58.15260511182692,,105,,,,-68.80657378724851,-143.342157382428,-68.80657378724851,0.1860238287568003
2009-06-22,35.8,36.5,34.77,36.37,32.71259807230333,35.190735596030066,35.17952419614213,40.23016711759163,0.7351752053064212,0.9350106991867548,0.19983549388033364,0,,,54.96701712871306,57.65404745676759,,,,,,,62.23790353261043,,,92.7421117225,94.91096641222197,,,,,60,100,-40,,,,,,,,,,,,-121.75083309865789,-203.64358331289566,-121.75083309865789,0.17175927516032252
2009-06-29,36.44,36.84,35.5,35.60001,32.75598392428166,35.27259047682405,35.196013835509106,40.184095902491215,0.5930015960287979,0.941087488916331,0.3480858928875331,0,,,52.297082934766195,55.09570089759128,,,,,,,58.11671160399715,,,80.76853177273212,86.76753645586682,,,,,60,100,-40,,,,,,,,,,,,-104.15977253526555,-189.3447499832783,-104.15977253526555,0.1672143778309201
2009-07-06,35.38,35.53999,34.3,34.92,32.85198507254726,35.20207238145924,35.185189763528356,40.13171683878483,0.4262337263272392,0.8808780507965821,0.4546443244693429,0,,,42.441507595500994,49.901869219660064,,,,,,,54.65425615544808,,,60.30047587297537,71.48593396708154,,,,,60,100,-40,,,,,,,,,,,,-71.58526843794453,-172.19115907722767,-71.58526843794453,0.1804113802981544
2009-07-13,34.95,37.57001,34.48,37.56,33.7268418530796,35.67365790516739,35.27831957672332,40.10612761650837,0.4636967071333168,1.034265208385989,0.5705685012526721,0,,,45.8214689075125,46.85335314592655,,,,,,,63.74002017920067,,,55.15576306587101,58.54901775005215,,55.15576306587101,,,60,100,-40,,,,,,,,,,,,-112.20612872195463,-209.97458469954992,-112.20612872195463,0.29312786719514394
2009-07-20,37.75,39.49001,37.61,39.05,35.0492088635739,36.34892632413391,35.426228612930245,40.095618884005795,0.5527565850879461,1.2615142326126048,0.7087576475246586,0,,,57.32641252022846,48.52979634108063,,,,,,,67.69739281744704,,,62.39053527089827,56.4146491755889,,,,,60,100,-40,,,,,,48.52979634108063,,,,,,-164.5322871361447,-258.16102384508633,-164.5322871361447,0.3538504894193768
2009-07-27,39.28999,40.17999,38.87,39.45,35.4592639447472,36.969141059307134,35.584023569285925,40.08919481550822,0.5986666349805982,1.4570909412504065,0.8584243062698083,0,,,64.87786278826326,56.008581405334745,,,,,,,68.6911545533782,,,85.52876988489865,72.7966173794237,,,,,60,100,-40,,,,,,,,,,,,-190.0718712932093,-274.85901950961613,-190.0718712932093,0.29520646192479477
2009-08-03,39.85001,40.19,39.24001,39.88,35.987175091550974,37.55131284744571,35.7524932332355,40.0871132750554,0.615674575472561,1.6280175256105096,1.0123429501379486,0,,,68.21035737716639,63.47154422855271,,,,,,,69.77407093547399,,,94.43789062609687,88.87578125219375,,,,,60,100,-40,,,,,,,,,,,,-213.6951674217167,-287.61192505332224,-213.6951674217167,0.318950431343854
2009-08-10,39.73,40.22,39.05,39.63,36.12952115644019,37.96705027795657,35.904552322128225,40.08256488425883,0.5688763910825176,1.7234384389910957,1.154562047908578,0,,,67.80474247649035,66.96432088064,,,,,,,68.2864373135393,,,97.86630581612266,98.49838350565473,97.86630581612266,,,,60,100,-40,,,,,,,,,,,,-204.84150061776825,-271.68248413453637,-204.84150061776825,0.29614681167658774
2009-08-17,38.97,40.36,38.46001,40.28999,36.64025964526589,38.43163822236525,36.07653027028006,40.08462881575874,0.5413158534328422,1.831206864699631,1.2898910112667887,0,,,66.07252877045038,67.36254287470238,,,67.36254287470238,,67.36254287470238,,70.1090765216033,,,97.69519010549217,98.15615208439372,,,,,60,100,-40,,,,,,67.36254287470238,,105,,,,-232.14304595999215,-288.6493052009843,-232.14304595999215,0.27793756883440324
2009-08-24,40.36,41.08,39.67,40.44,36.779537527746896,38.8333105778922,36.247646730269075,40.088164847442734,0.4934783684694597,1.9067389718536134,1.4132606033841537,0,,,66.080308092168,66.65252644636958,,,,,,,70.52617361013974,,,97.23422812659061,97.23422812659061,,,,,60,100,-40,,,,,,,,,,,,-260.84431033090266,-308.89488607353263,-260.84431033090266,0.23898673871509116
2009-08-31,40.16,40.59,39.02,40.36,36.839570561479256,39.13864846231376,36.408915485944796,40.09086967483136,0.4196359678922241,1.9378055632494338,1.5181695953572096,0,,,62.70486442315104,64.95256709525648,,,,,,,69.96215570590161,,,98.38179562245422,97.80801187452242,,,,,60,100,-40,,,,,,,,,,,,-245.2362539071022,-297.2776340601631,-245.2362539071022,0.22882743436833725
2009-09-08,40.64999,41.62,40.46001,41.52,37.95245837851646,39.61491876985101,36.60935017277049,40.10508987707185,0.4115425985436427,2.032597843536763,1.6210552449931204,0,,,64.27610083019252,64.35375778183719,,,,,,,73.31449592807908,,,98.66868749642012,98.3817956224542,,,,,60,100,-40,,,,,,,,,,,,-296.10238956035636,-323.22715514013345,-296.10238956035636,0.21371226641457114
2009-09-14,41.23,42.66,41.21001,42.44,38.94728278005099,40.17993501588081,36.838003107171645,40.1283228136184,0.42882948784885766,2.1570921048041924,1.7282626169553348,0,,,67.00553876435556,64.66216800589972,,,,,,,75.64945835478974,75.64945835478974,,98.95557937038602,98.95557937038602,98.95557937038602,,,,60,100,-40,,,,,,64.66216800589972,,,,,,-346.8110460039279,-359.91312693283646,-346.8110460039279,0.22827689902448076
2009-09-21,42.22,43.17,41.58,41.7,38.98962115290449,40.483948012704644,37.028669651988444,40.143961392587364,0.3542033131949318,2.1710167584489994,1.8168134452540676,0,,,66.99571809172419,66.09245256209077,,,66.09245256209077,,66.09245256209077,,70.29019346761486,,,94.65517122988237,96.80537530013419,,,,,60,100,-40,,,,,,,,,,106,,-315.57267400321376,-334.4743765814116,-315.57267400321376,0.23352142215415497
2009-09-28,41.92,42.66,40.72,40.88,39.00893392769703,40.563158410163716,37.17970221465556,40.1512851598253,0.21996712398848395,2.0917723502396726,1.8718052262511886,0,,,62.14075324260344,65.3806700328944,,,,,,,64.78096185178443,,,83.20311359936078,89.46669343218453,,,,,60,100,-40,,,,,,65.3806700328944,,105,,,,-280.0140060026294,-310.9335808393368,-280.0140060026294,0.2209854108327226
2009-10-05,41.09,42.62,40.83,42.48,39.01686721857581,40.94652672813097,37.38755702976711,40.174456451767334,0.209342812219792,2.1334837415259287,1.9241409293061367,0,,,60.25736413081979,63.131278488382485,,,,,,,69.78664625128668,,,74.30426868963393,79.51325957635886,,,,,60,100,-40,,,,,,,,,,,,-360.0114594566968,-347.1274752321846,-360.0114594566968,0.3025105759243399
2009-10-12,42.63,43.293,42.28,42.78,39.30851956010611,41.31322138250478,37.59902538154095,40.20038225821741,0.19331287687011578,2.1657820253937814,1.9724691485236656,0,,,61.47954737068704,61.29255491470343,,,,,,,70.63443512235646,,,67.76968737437454,70.39354657954877,,,,,60,100,-40,,,,,,61.29255491470343,,,,,,-390.0093759191156,-354.92247973542374,-390.0093759191156,0.26252628737514694
2009-10-19,42.81,43.82001,42.59,43.13,39.76176816295568,41.676577106003826,37.81592634697071,40.22953268350878,0.17748540112477773,2.1943258999296376,2.01684049880486,0,,,62.50553081566825,61.41414743905836,,,,,,,71.64020977333297,71.64020977333297,,69.0951828980902,68.10786794207242,,,,,60,100,-40,,,,,,,,,,,,-401.8258530247309,-369.4820288744376,-401.8258530247309,0.22767355977954554
2009-10-26,43.17,43.75999,40.92,40.96001,39.82664043703028,41.53326368480306,37.93922374512872,40.23680111451864,0.0013901257947290802,2.018578156048271,2.017188030253542,0,,,54.54211491810389,59.509064368153076,,,,,,,58.24190901797635,,,52.26700132681983,59.94058216923698,,,,,60,100,-40,,,,,,59.509064368153076,,105,,,,-326.9484252020526,-321.3943872609035,-326.9484252020526,0.17267729364808604
2009-11-02,41.00999,42.64999,40.64,42.60001,39.65688183438525,41.74661294784245,38.1219996766923,40.260315630792086,-0.022785203504548157,1.988706525872857,2.011491729377405,0,,,48.38286682565218,55.143504186474786,,,,,,,63.78696593636465,,,41.83980081701559,49.58887999313546,,,,,60,100,-40,,,,,,,,,,,,-332.048711528952,-324.7772259407392,-332.048711528952,0.1922534894091274
2009-11-09,42.92,44.16,42.88,44.00999,40.49781027478631,42.19928835827396,38.35290125799848,40.29762582352052,0.034899849955950746,2.0551165418223434,2.0202166918663926,0,,,54.8170393152549,52.58067368633701,,,,,,,67.77279953226878,67.77279953226878,,33.756078754740386,36.549074908694784,,33.756078754740386,,,60,100,-40,,,,,,52.58067368633701,,,,,,-298.0398548873244,-312.0904575878775,-298.0398548873244,0.18136691934301424
2009-11-16,44.19,44.64999,43.28,43.44,40.525824540873,42.44743068661917,38.552395326312265,40.328893228261606,0.01443285596207211,2.0382577618189828,2.0238249058569107,0,,,57.885409915057,53.69510535198804,,,,,,,64.65620126056862,,,40.351165466854575,36.439033793847706,,,,,60,100,-40,,,,,,,,,,,,-278.39624490781085,-296.25582893553616,-278.39624490781085,0.17869137745916477
2009-11-23,43.87,44.39999,42.89999,43.50999,40.57898064509636,42.65994254929534,38.74681080371178,40.36054593245801,-0.013136280582362936,2.007404555128957,2.02054083571132,0,,,57.27124003820037,56.65789642283744,,,,,,,64.87109357997394,,,43.61586460961382,40.614527239968766,,,,,60,100,-40,,,,,,,,,,,,-244.1423821972998,-290.5729509472569,-244.1423821972998,0.180506529454356
2009-11-30,43.41,44.73,43.11,44.12,40.71977702758947,42.951954039436266,38.95752410552701,40.39795343561763,-0.009218927737166815,2.009017176039862,2.0182361037770287,0,,,58.025819218663734,57.72748972397372,,,57.72748972397372,,57.72748972397372,,66.77827876670679,,,44.929006013174124,45.18462778636714,,,,,60,100,-40,,,,,,,,,,106,,-288.84376725233614,-340.4687780477556,-288.84376725233614,0.13215929457921577
2009-12-07,44.08,44.59,43.32001,44.13,40.7412215256188,43.187563231549014,39.16036629746712,40.43508822730303,-0.02404203211260736,1.9881835636362695,2.012225595748877,0,,,57.33410650862819,57.54372192183079,,,,,,,66.81027928293369,,,47.92937531229953,46.787334210959756,,,,,60,100,-40,,,,,,57.54372192183079,,105,,,,-282.6903550246386,-344.929000220891,-282.6903550246386,0.11256436273079061
2009-12-14,44.42999,44.7,43.75999,44.46001,41.131859988074595,43.44205258523921,39.36819546227233,40.47513720016568,-0.029357153132897995,1.9755291543327544,2.0048863074656524,0,,,57.615617912358424,57.65851454655013,,,,,,,67.91518101518969,,,52.47174667743506,49.67207350212262,,,,,60,100,-40,,,,,,,,,,,,-301.29210865652254,-368.57827290800174,-301.29210865652254,0.13901994882933627
2009-12-21,44.67,45.98,44.67,45.98,42.755287846069265,43.949642068191366,39.62748191473224,40.529911954392894,0.04757442752035779,2.0643543418660997,2.016779914345742,0,,,63.837498608953425,59.59574100998003,,,,,,,72.4855984209755,,,64.70489960461173,58.438158868902555,,,,,60,100,-40,,,,,,59.59574100998003,,,,,,-413.78445253715483,-492.47313237927415,-413.78445253715483,0.14883562389931726
2009-12-28,46.08,46.3,45.75,45.75,42.76848299992146,44.30971365455309,39.86758066317412,40.58185312897605,0.06023506157002734,2.092073741308276,2.031838679738249,0,,,67.61186631881051,63.02166094670746,,,,,,,70.83160951011195,,,76.35374258776605,69.73763634215011,,,,,60,100,-40,,,,,,,,,,,,-444.00546116676304,-520.205290128497,-444.00546116676304,0.13424715349072344
2010-01-04,46.32001,46.55,45.92,46.55,43.48930564278422,44.757770923642475,40.1296363234418,40.641237674956386,0.09754312590871006,2.153767587124136,2.056224461215426,0,,,69.90185577150886,67.11707356642428,,,,,,,73.14098819067343,73.14098819067343,,89.89899611059141,83.43487034872142,89.89899611059141,,,,60,100,-40,,,,,,,,,,,,-501.459013681897,-569.2588737414976,-501.459013681897,0.1273081907125818
2010-01-11,46.60001,46.64,45.53,45.85001,43.593640954013914,44.97621873891398,40.35396470291467,40.69306625530508,0.0523957936064301,2.1217192032234635,2.0693234096170334,0,,,67.63482772290506,68.38284993774148,,,68.38284993774148,,68.38284993774148,,68.03500847633379,,,86.94316560767251,88.3048254802971,,,,,60,100,-40,,,,,,68.38284993774148,,105,,,,-505.7391930124612,-556.6663512430434,-505.7391930124612,0.09797263665337057
2010-01-19,45.96001,46.64,44.03999,44.16,43.646238028727204,44.812974991131185,40.50322098907488,40.72756310848612,-0.10536647026717594,1.9376153217830634,2.0429817920502393,0,,,57.35181099077459,64.96283149506284,,,,,,,57.530495522413204,,,67.58080495408703,79.27655937892085,,,,,60,100,-40,,,,,,,,,,,,-454.69570337383186,-498.1815601079447,-454.69570337383186,-0.005884238133751834
2010-01-25,44.39,44.89,42.63,42.78999,43.48221959810383,44.408377992904946,40.59289820518959,40.7480847690982,-0.3047816290530345,1.6620047557339461,1.9667863847869806,0,,,37.081514333202165,54.022717682293944,,,,,,,50.66115377218628,,,38.612237507996774,54.67275782007368,,,,,60,100,-40,,,,,,,,,,,,-399.2964845785897,-451.23945827013654,-399.2964845785897,-0.11945584702185055
2010-02-01,42.91,43.97,42.12,42.98,43.378489626810705,44.12270239432396,40.6865100402802,40.770292880848466,-0.41959885238531647,1.442287819305335,1.8618866716906515,0,,,19.53552251120528,37.98961594506068,,,,,,,51.53071161990733,,,13.944322892764472,26.58135337767551,,,,,60,100,-40,,,,,,,,,,,,-305.7880328370279,-361.01410222102083,-305.7880328370279,-0.15571973405793002
2010-02-08,42.92,43.88,42.64,43.75999,43.340740367752794,44.05015991545917,40.80703866615156,40.80004111088977,-0.43676532417626657,1.3159300164703183,1.7526953406465848,0,,,9.50785139003063,22.041629411479363,,,,,,,55.053451078447736,,,9.226569375279691,10.578037088583175,,9.226569375279691,,,60,100,-40,,,,,,,,,,,,-292.00839050302284,-356.28426545356257,-292.00839050302284,-0.06898976453169818
2010-02-16,44.08,45.05,43.85001,44.83,43.39283034148474,44.20612793236734,40.96480185571425,40.840140204313755,-0.37232242651026803,1.28729230750875,1.659614734019018,0,,,12.075336642511067,13.706236847915662,,,,,,,59.43498728579569,,,15.497861683396248,10.044529359155538,,,,,60,100,-40,,,,,,,,,,,,-355.279592229746,-426.0507626438239,-355.279592229746,0.008693219345175187
2010-02-22,45.00999,45.03,43.83,44.75999,43.43405531709297,44.31690034589387,41.1136327633333,40.87914368486785,-0.3320113752696745,1.2446005149319248,1.5766118902015993,0,,,13.591625596315371,11.724937876285694,,,,,,,59.0271226842542,,,26.205761095221455,20.309454465014024,,,,,60,100,-40,,,,,,11.724937876285694,,,,,,-377.9560300061558,-444.0415330722195,-377.9560300061558,-0.010863597160876974
2010-03-01,44.95,46.53999,44.95,46.44,43.4851942230149,44.74152027671509,41.32250990986925,40.934475588501,-0.19649996065643482,1.3309869393810558,1.5274869000374907,0,,,27.14998803608588,17.605650091637443,,,,,,,65.22999072906904,,,40.288749753447235,33.40769030999008,,,,,60,100,-40,,,,,,,,,,,,-522.8731154595821,-596.0339816045432,-522.8731154595821,0.022506112135808443
2010-03-08,46.46001,47.53,46.39999,47.36,44.25982320708527,45.26521622137207,41.55927422712928,40.99841115478458,-0.05647673441463552,1.4568909820191962,1.5133677164338317,0,,,41.33956425332667,27.360392628575976,,,,,,,68.09540477234151,,,53.201249298651845,46.418593879909245,,,,,60,100,-40,,,,,,,,,,,,-612.350730830567,-691.3005304037174,-612.350730830567,0.05970331515608729
2010-03-15,47.25999,47.95,46.91,47.49001,44.449844406579174,45.71017497709766,41.79185210057519,41.06300417812005,0.0287475647131048,1.5493021723252127,1.520554607612108,0,,,50.20193126561544,39.563827851676,,,,,,,68.4929091546379,,,67.19587326660105,60.38636511187524,,,,,60,100,-40,,,,,,,,,,,,-652.8324161341003,-729.2458885121323,-652.8324161341003,0.13514699094291582
2010-03-22,47.31,48.60001,47.25,48,45.02841766325209,46.168139981678124,42.03530888094479,41.13202901216861,0.09934127375305257,1.6447311998034237,1.5453899260503712,0,,,56.50331545424683,49.34827032439632,,,,,,,70.07721041900334,,,76.46153690524544,71.72808998730305,,,,,60,100,-40,,,,,,,,,,,,-604.1356132006276,-678.4739087826538,-604.1356132006276,0.07899101220707994
2010-03-29,48.23,48.7,47.78999,48.16,45.207814973019794,46.5665119853425,42.27549284639794,41.20195907174902,0.13450221047205946,1.7135176891404456,1.579015478668386,0,,,60.00661049518318,55.57061907168182,,,,,,,70.58000716087936,,,82.44912286755464,80.02465274490599,,,,,60,100,-40,,,,,,,,,,,,-611.5655017096044,-687.8422890039894,-611.5655017096044,0.034790652445087056
2010-04-05,48.25999,49.05,48.14,49.03,46.15868390351839,47.059209588274,42.54037547987253,41.279850026258984,0.1906153611095438,1.817284680055316,1.6266693189457722,0,,,62.907425416933094,59.8057837887877,,,,,,,73.22975251060916,,,88.82961846487106,85.93195343578331,,,,,60,100,-40,,,,,,,,,,,,-661.2808650351309,-730.052781912355,-661.2808650351309,0.11419346589116054
2010-04-12,49.05,50.19,48.86,49.53,46.733777910409934,47.5533676706192,42.81447840223047,41.36194107077382,0.2328724228622665,1.9177598475236053,1.6848874246613388,0,,,66.24066311482215,63.05156634231281,,,,,,,74.65120315510515,,,93.59045521391562,90.94544672799832,,,,,60,100,-40,,,,,,,,,,,,-711.0479804832889,-773.6795488373814,-711.0479804832889,0.11850515938406794
2010-04-19,49.36,50.57001,48.89999,50.52,47.73350805966637,48.14669413649536,43.11665571979006,41.45306603524373,0.2949694634492075,2.0535992539728483,1.7586297905236408,0,,,68.22542565031488,65.79117139402338,,,,,,,77.24311116102699,77.24311116102699,,97.99379119896528,95.98758239793057,97.99379119896528,,,,60,100,-40,,,,,,,,,,,,-897.2210749408728,-944.8287217760392,-897.2210749408728,0.1542035528929656
2010-04-26,50.53,50.64999,48.98,49.2375,47.69396891254734,48.36485530919629,43.3566888288179,41.530523089619415,0.2205486528280869,2.0343156065587493,1.8137669537306624,0,,,66.05048301869476,66.83885726127727,,,66.83885726127727,,66.83885726127727,,67.54983062059173,,,91.69911885964407,94.90842535478026,,,,,60,100,-40,,,,,,66.83885726127727,,105,,106,,-894.0899704061687,-930.3144087258502,-894.0899704061687,0.09808363829796024
2010-05-03,49.42999,50.17,41.55,45.41,47.65725827593682,47.77388424735703,43.43721083553093,41.56912484992171,-0.0984562696808089,1.6906966166296513,1.7891528863104602,0,,,43.558187480904536,59.278032049971394,,,,,,,48.05340098802581,,,68.185954748201,81.21543046522747,,,,,60,100,-40,,,,,,,,,,,,-688.8008848777743,-740.2572435029684,-688.8008848777743,0.06204272223274803
2010-05-10,47.42,48.78999,46.38,46.92999,46.630311256227046,47.60510539788562,43.57418256747089,41.62246679171353,-0.21255028912816476,1.5234650249002541,1.736015314028419,0,,,34.51050928952624,48.03972659637518,,,,,,,53.791174366871246,,,42.99674124610822,57.409943471974714,,,,,60,100,-40,,,,,,,,,,,,-562.6552694454517,-618.3922901387923,-562.6552694454517,-0.0000781227741049045
2010-05-17,47.03999,47.58,43.49001,44.84,46.425290452210824,47.0520843183085,43.62382246678576,41.65448204751738,-0.42212517221463886,1.2083588487601205,1.6304840209747593,0,,,16.426899387089144,31.498532052506647,,,,,,,46.19121543150313,,,18.46359855683638,30.16680379127226,,,,,60,100,-40,,,,,,,,,,,,-349.4452204553696,-447.7755101135574,-349.4452204553696,-0.008802418282267755
2010-05-24,44.81,45.99001,43.23,45.60001,46.13348541991005,46.7616694546468,43.70132001710789,41.69374103211919,-0.4977168986459648,1.0083378976673032,1.506054796313268,0,,,2.17594458337428,17.70445108666323,,,,,,,49.02826448839237,,,12.511887747078191,15.091926959199652,,,,,60,100,-40,,,,,,,,,,,,-284.09154400893874,-391.8163264565469,-284.09154400893874,-0.0009873632422026353
2010-06-01,45.45,46.77,44.9375,45.0925,46.05252074705933,46.42783556371744,43.75587609486836,41.72755952931204,-0.5651237027143647,0.7996501679203121,1.3647738706346768,0,,,-4.685199072193091,4.639214966090121,,,,,,,47.22694431228238,,,5.606694777617712,6.976407853148163,,5.606694777617712,,,60,100,-40,,,,,,,,,,,,-163.3476269164044,-287.84972164626566,-163.3476269164044,-0.014060329781694046
2010-06-07,45.34,45.53999,43.59,45.5,46.109840693697954,46.24226845097395,43.824273110755875,41.765096250413414,-0.5641849481591905,0.6595426854356887,1.2237276335948792,0,,,-13.426240937416582,-5.311831808745121,,,,,,,48.861273063283114,,,7.105797540481797,7.0951063295018955,,,,,60,100,-40,,,,,,,,,,,,-128.19351293160364,-259.14977225603553,-128.19351293160364,0.08650104422516772
2010-06-14,45.91,47.34,45.41,47,46.14628207271953,46.393814760779165,43.948811420138,41.81718484493666,-0.44945104325672913,0.6619138295239679,1.111364872780697,0,,,-8.753215244079716,-8.954885084563118,,,,,,,54.48250246137816,,,10.536826908272564,8.106781067523523,,,,,60,100,-40,,,,,,-8.954885084563118,,,,,,-133.0674196713121,-269.30435911857455,-133.0674196713121,0.1975412094356756
2010-06-21,47.60001,47.67999,44.95,45.27,46.18297621038242,46.16905180862333,44.00062273699533,41.851541214638786,-0.4745137478676493,0.5182226879461354,0.9927364358137847,0,,,-9.905097269173686,-10.694851150223316,,,,,,,47.90342616140274,,,12.309334775494875,11.175507762868264,12.309334775494875,,,,60,100,-40,,,,,,,,,,,,-47.0551615492554,-211.2490210970156,-47.0551615492554,0.16739298891175516
2010-06-28,45.28999,45.55,41.77,42.47,46.10276505249796,45.429241446898665,43.94059831593669,41.8576950333986,-0.6530878180905594,0.17637666320058543,0.8294644812911448,0,,,-27.221514661555048,-15.293275724936152,,,,,,,39.53309363413222,,,11.444108915355212,12.324563091963379,,,,,60,100,-40,,,,,,-15.293275724936152,,,,,,84.22759509606372,-116.47647180664912,84.22759509606372,0.08665661926065985
2010-07-06,43.09,44.63,42.25,44.62,45.87828183446239,45.26739315751893,43.96724151923329,41.88518065495682,-0.6011327352880111,0.07804856218113088,0.679181297469142,0,,,-34.210161758871635,-23.778924563200125,,,,,,,47.20666856672574,,,9.777104556916626,10.890256410175446,,,,,60,100,-40,,,,,,,,,,,,87.0953050785976,-105.29893147816748,87.0953050785976,0.09623634879231965
2010-07-12,44.58,45.81,44.3,44.34,44.587333132000786,45.08191452601515,43.9818594988712,41.90960671809158,-0.5611168367297236,-0.02221474844301241,0.5389020882867112,0,,,-32.22770105149,-31.219792490638895,,,,,,,46.376324676777564,,,12.183993467492314,10.89889859434737,,,,,60,100,-40,,,,,,,,,,,,121.25979506430713,-61.608216663955204,121.25979506430713,0.026809905595677336
2010-07-19,44.48,46.10001,43.86,46.06,42.46627362257216,45.27753162081212,44.06335520479782,41.95090416368271,-0.4017676606723623,0.03669251244625826,0.43846017311862057,0,,,-25.815488827777,-30.75111721271288,,,,,,,51.99545982153811,,,20.242546994147624,15.65453375814758,,,,,60,100,-40,,,,,,-30.75111721271288,,,,,,56.485286870796756,-116.77035908869065,56.485286870796756,0.0377315153863005
2010-07-26,46.12,46.72,45.07001,45.81,42.470109792388435,45.384025296649696,44.13185107911948,41.989303127228155,-0.30078113322218747,0.06248375659088623,0.3632648898130737,0,,,-15.458768526470788,-24.500652801912597,,,,,,,51.15145570240942,,,27.33255827152434,23.241191278458402,,,,,60,100,-40,,,,,,,,,,,,38.942507439742826,-119.17574834529233,38.942507439742826,0.004538817470730594
2010-08-02,46.38,46.99001,46.05,46.75999,42.557960521503546,45.659218237319756,44.234915350526556,42.036772648350265,-0.16440296443893188,0.15776118426440888,0.32216414870334076,0,,,-1.3066184991962526,-14.19362528448135,,,,,,,54.21116303228391,,,47.1896021830855,37.65842246522724,,,,,60,100,-40,,,,,,,,,,,,40.04386972342594,-118.41652137342102,40.04386972342594,0.015560770228317944
2010-08-09,47.00999,47.19,44.45,44.72,42.70667619853901,45.471374589855806,44.253938277956884,42.06347142796867,-0.20343000033026087,0.06787664829051465,0.2713066486207755,0,,,-2.679814013281518,-6.4817336796495235,,,,,,,47.31651470502027,,,56.205912678962505,50.139133130864764,,,,,60,100,-40,,,,,,,,,,,,131.85407522825756,-49.613517487344474,131.85407522825756,-0.016258220309813075
2010-08-16,44.48,45.82001,44.3,44.92,42.621913612929085,45.361099671884645,44.28005834548799,42.091894597839634,-0.206937171742234,0.01263518394298302,0.21957235568521702,0,,,-9.040218764563075,-4.3422170923469485,,,,,,,48.01867266393849,,,64.48022926559267,61.98848316479734,64.48022926559267,,,,60,100,-40,,,,,,-4.3422170923469485,,,,,,195.1533342776653,4.861667510354515,195.1533342776653,-0.017504064839881036
2010-08-23,45.25,45.34,42.97,44.07001,42.71748978343415,45.102881737507715,44.27182115546885,42.111577338159634,-0.2545335856703569,-0.09859462640272909,0.1559389592676278,0,,,-22.239228475139665,-11.319753750994755,,,,,,,45.24246161515386,,,53.30080159869485,58.961567697709484,,,,,60,100,-40,,,,,,,,,,,,212.39818259081702,25.79590978119917,212.39818259081702,-0.05201999725864579
2010-08-30,43.87,46.02,43.17999,46.00999,42.68481194176028,45.28430339000617,44.33998463956811,42.15036751389934,-0.14863969893960832,-0.02986066440688262,0.1187790345327257,0,,,-20.399073252498592,-17.226173497400442,,,,,,,52.09109770447037,,,57.50255351104087,57.40427947203748,,,,,60,100,-40,,,,,,,,,,,,121.96214939248662,-60.71243745174616,121.96214939248662,-0.019724743769903477
2010-09-07,45.82001,46.7,45.625,46.60001,42.34731394592026,45.54744471200494,44.42861308507524,42.19464256351228,-0.037904711387617376,0.07139814529820399,0.10930285668582136,0,,,-3.383009462556508,-15.340437063398255,,,,,,,53.987236307349846,,,64.21090128559257,58.4156664052274,,,,,60,100,-40,,,,,,-15.340437063398255,,,,,,95.2417585938527,-76.03744882415594,95.2417585938527,-0.04229944489657352
2010-09-13,46.95,48.14,46.94,47.995,43.74394366406881,46.03695576960395,44.56847139546445,42.25235756288032,0.12151737069094753,0.2611995700495058,0.13968219935855825,0,,,17.892574912544347,-1.9631692675035843,,,,,,,58.22234345438205,,,81.95289499535701,72.878188426679,,,,,60,100,-40,,,,,,,,,,,,31.56143884951586,-134.9397308561276,31.56143884951586,0.026360586719901862
2010-09-20,48.17999,49.69,48.11011,49.66,45.492591973778175,46.761564615683156,44.76813918387761,42.326065447826785,0.3200528561571065,0.5397482695549414,0.21969541339783488,0,,,36.71939082545105,17.07631875847963,,,,,,,62.66559195026918,62.66559195026918,,91.8301300425837,86.17349945379004,,,,,60,100,-40,,,,,,,,,,,,-73.26791366857793,-222.2234161550135,-73.26791366857793,0.08607692038495605
2010-09-27,49.64999,49.84,48.59,49.00999,45.548121118508305,47.211249692546524,44.93448627470594,42.392572159788706,0.3842283117878551,0.6999808031326538,0.31575249134479866,0,,,46.231358648658166,33.614441462217854,,,,,,,59.96819173870673,,,95.66896220935774,94.96307165353197,,,,,60,100,-40,,,,,,,,,,,,-137.21920209247284,-268.18279503592015,-137.21920209247284,0.10867437287102798
2010-10-04,48.86,49.87,48.2,49.75,45.753255324329146,47.71899975403722,45.12332995020767,42.46578039700474,0.44865741529088493,0.8765742604584048,0.4279168451675199,0,,,51.35615382592858,44.76896776667926,,,,,,,61.98626284749164,,,95.81597327793874,96.3733899881096,,,,,60,100,-40,,,,,,,,,,,,-214.0884380756596,-330.33137775666194,-214.0884380756596,0.19264076250481044
2010-10-11,49.78,51.5,49.25999,51.49001,47.540175658305635,48.47320180322978,45.37300367765051,42.55557372638778,0.57266310311077,1.1437457240559823,0.5710826209452123,0,,,59.021759716460224,52.20309073034898,,,,,,,66.3121996769758,,,95.44460593400382,95.63065530023977,,95.44460593400382,,,60,100,-40,,,,,,,,,,,,-318.79963115281237,-431.1802181645416,-318.79963115281237,0.1878401491305595
2010-10-18,51.52,51.72,50.42,51.64,47.65229525414095,49.106561442583825,45.61876823931127,42.64596602761775,0.6247330798518248,1.3519989707599933,0.7272658909081685,0,,,63.59489580399584,57.99093644879488,,,,,,,66.66643675246547,,,97.67532139097887,96.46693897937338,,,,,60,100,-40,,,,,,,,,,,,-328.1087891250283,-434.6019966800794,-328.1087891250283,0.27744324308248697
2010-10-25,51.85001,52.49001,51.42,52.17999,48.291407021702305,49.72124715406706,45.87607105345593,42.74083193779071,0.652450548122058,1.542829076060741,0.890378527938683,0,,,67.06012821968241,63.22559458004616,,,,,,,67.97964331180248,,,99.02371006172538,98.04742012345076,,,,,60,100,-40,,,,,,,,,,,,-344.81628201138676,-450.1289063746105,-344.81628201138676,0.2395902589787097
2010-11-01,52.38,53.8614,51.98,53.67,49.906314377295004,50.510997723253645,46.181715325869426,42.84957987870821,0.7225923305853117,1.7936189411703225,1.0710266105850108,0,,,70.62334304922346,67.09278902430059,,,,,,,71.35323459737691,71.35323459737691,,99.81395063376408,99.62790126752815,99.81395063376408,,,,60,100,-40,,,,,,,,,,,,-486.6678671002255,-581.0145597610449,-486.6678671002255,0.24857870726675313
2010-11-08,53.57001,54.0401,52.11,52.50999,49.906377636059645,50.910796178602915,46.42988296014906,42.94570336250216,0.6448828835917915,1.8771302150747502,1.2322473314829587,0,,,69.85271810629686,69.17872979173426,,,69.17872979173426,,69.17872979173426,,65.53028521105885,,,95.53102308583188,97.76551154291595,,,,,60,100,-40,,,,,,,,,,,,-415.4555276274573,-520.8300943499457,-415.4555276274573,0.2729029565665978
2010-11-15,52.78,52.88,50.85001,52.47,49.89947923348396,51.22263694288233,46.666750295045176,43.040472483273284,0.5485840492402025,1.9179773930332118,1.3693933437930093,0,,,64.70834853998633,68.39480323183555,,,,,,,65.33117131434135,,,89.78880050607827,93.2185339102261,,,,,60,100,-40,,,,,,68.39480323183555,,105,,,,-391.7363407861013,-500.679168104501,-391.7363407861013,0.3571224100311249
2010-11-22,52.25,53.25,51.77,52.968,49.87880357394939,51.57170955430587,46.913858126612034,43.13925385159892,0.47876482199373926,1.9678493712851832,1.489084549291444,0,,,62.17789729091077,65.57965464573132,,,,,,,66.69635571653308,,,83.99762332056034,86.91271209294975,,83.99762332056034,,,60,100,-40,,,,,,,,,,,,-390.5115515522648,-515.1011375400462,-390.5115515522648,0.3399089911873831
2010-11-29,52.7,53.94,51.88,53.87,50.138174747238715,52.031367643444696,47.1866480039998,43.24602744511535,0.4538936730574481,2.056451640613254,1.602557967555806,0,,,61.36771276878344,62.75131953322685,,,,,,,69.08504707944444,,,84.26464468224457,83.99272275364764,,,,,60,100,-40,,,,,,,,,,,,-483.1458149063984,-609.628203441856,-483.1458149063984,0.4507409832756645
2010-12-06,53.86,54.55,53.67999,54.495,50.73544797957881,52.524094114755755,47.473250043058634,43.35795752028833,0.43978688717020686,2.1522915765185644,1.7125046893483575,0,,,63.25947820287062,62.268362754188274,,,,,,,70.66446782188751,,,88.13779357223495,85.4736720758706,,,,,60,100,-40,,,,,,62.268362754188274,,,,,,-603.4829394688716,-718.7867119069732,-603.4829394688716,0.4346031403360106
2010-12-13,54.71001,54.74001,54.03,54.52,50.90470026675175,52.92327529180461,47.74959317862496,43.46902261958894,0.3938735349621194,2.2048466080510067,1.8109730730888873,0,,,63.50172780761824,62.70963959309077,,,,,,,70.72926929959911,,,92.78684712696821,90.22804398334432,,,,,60,100,-40,,,,,,,,,,,,-666.4860413836221,-767.1891279238872,-666.4860413836221,0.4610430962563
2010-12-20,54.59,54.96001,54.16,54.742,51.283505961983764,53.287020233443684,48.02380521083575,43.58119154874726,0.34210565928415315,2.238605147194079,1.8964994879099257,0,,,62.81980779113414,63.19367126720767,,,63.19367126720767,,63.19367126720767,,71.33833950852973,,,96.75464994264772,94.91421630612173,96.75464994264772,,,,60,100,-40,,,,,,63.19367126720767,,105,,106,,-653.4885793138727,-746.7911046649986,-653.4885793138727,0.45882945718166884
2010-12-27,54.62,54.92,54.21001,54.46001,51.416254107556355,53.52161818675495,48.27620539864611,43.689438498510974,0.2564388469157979,2.217048046554673,1.9606091996388753,0,,,60.493804793145195,62.27178013063253,,,,,,,69.35252397265742,,,95.08828015989288,96.0293235423879,,,,,60,100,-40,,,,,,,,,,,,-601.9452012568048,-692.8290856349988,-601.9452012568048,0.5034570886200521
2011-01-03,54.959,56.05,54.92,55.87,52.6803802427309,53.99129454940396,48.57400126536587,43.810638115441215,0.2614093684453329,2.2873709101955413,2.0259615417502084,0,,,62.20816321034583,61.840591931541724,,,,,,,73.36821760979977,,,95.37707614553833,95.87411816191207,,,,,60,100,-40,,,,,,61.840591931541724,,,,,,-611.5915283010222,-687.7692518831807,-611.5915283010222,0.5456035123655687
2011-01-10,55.72,57.02,55.58,57,53.81106879682155,54.593035639523166,48.9044325882927,43.94187554712837,0.3044649394524681,2.4065427160657933,2.102077776613325,0,,,65.18082954765372,62.62759918371492,,,,,,,76.08840555612895,76.08840555612895,,94.75790123720348,94.63576834524237,,,,,60,100,-40,,,,,,,,,,,,-697.6657958826545,-759.9930242680571,-697.6657958826545,0.6051509455598155
2011-01-18,56.52,57.25999,55.64999,55.67999,53.833135311334296,54.81042651161853,49.170140722085144,44.05867270586341,0.21208658575012773,2.367186008800985,2.1550994230508573,0,,,63.94676798139729,63.77858691313228,,,63.77858691313228,,63.77858691313228,,67.3790779696361,,,81.72415081008833,88.30209246962647,,,,,60,100,-40,,,,,,,,,,,,-607.1811057221719,-665.4488380375012,-607.1811057221719,0.5154286074646345
2011-01-24,55.78999,57.35001,55.47,55.73,53.82933993195328,54.994341209294824,49.42739010553279,44.174805315755314,0.12661158533394934,2.313363904718294,2.1867523193843446,0,,,61.55767246693081,63.56175666532729,,,,,,,67.53161265149542,,,62.17171527494415,73.59241845740078,,,,,60,100,-40,,,,,,63.56175666532729,,105,,,,-568.6027228635952,-620.8217765761375,-568.6027228635952,0.4353883222583335
2011-01-31,55.81,57.42,55.39,57.375,54.162242793956615,55.47047296743586,49.7390610817864,44.306150536494066,0.15144417597858428,2.376057539357575,2.2246133633789906,0,,,61.07979397693599,62.194744808421376,,,,,,,72.16899048859408,,,47.91148195055683,55.43004628603786,,47.91148195055683,,,60,100,-40,,,,,,,,,,,,-590.6749550702143,-646.1269081077489,-590.6749550702143,0.4404384620176885
2011-02-07,57.49001,58.48,57.39999,58.44,55.166725451531136,56.064378373948685,50.08027437269674,44.4467858545389,0.20675424532616526,2.483056170036697,2.276301924710532,0,,,65.00738434564775,62.54828359650486,,,,,,,74.70309735023346,,,56.972011245521,51.271988049651355,,,,,60,100,-40,,,,,,62.54828359650486,,,,,,-658.734054148357,-714.10383390634,-658.734054148357,0.4258528217719874
2011-02-14,58.42999,59.03999,58.23,58.73,55.53267363356463,56.597502699158944,50.41947929925765,44.588907388324586,0.22833763844124544,2.5617239727620884,2.333386334320843,0,,,67.61017425914409,64.56578419390928,,,,,,,75.36479952542714,75.36479952542714,,74.86711564556188,63.19979583689758,74.86711564556188,,,,60,100,-40,,,,,,,,,,,,-738.0551352122922,-795.1758641051873,-738.0551352122922,0.4727750962067884
2011-02-22,58,58.13,56.13,57.64999,55.64534123116715,56.80800015932716,50.703028738502454,44.71886840933628,0.13969910188333134,2.508010211675007,2.3683111097916756,0,,,61.62354482999432,64.74703447826207,,,64.74703447826207,,64.74703447826207,,68.17057398963038,,,73.21138358773626,73.90730926777236,,,,,60,100,-40,,,,,,64.74703447826207,,105,,,,-674.7723833555118,-729.6893433587895,-674.7723833555118,0.4489304999128597
2011-02-28,57.87,58.36501,56.69501,57.9675,55.49424542894093,57.03990012746173,50.98790996444353,44.850695589342884,0.07549023274165823,2.462673900718748,2.38718366797709,0,,,58.17900011675848,62.47090640196564,,,,,,,69.10971153181667,,,60.01435269847187,69.76964968971754,,,,,60,100,-40,,,,,,,,,,,,-626.6319500181461,-674.2912809299187,-626.6319500181461,0.4181992313807739
2011-03-07,58.21001,58.2599,55.82001,56.49001,55.48679932687372,56.92992210196938,51.203678593288885,44.966509663080764,-0.08476542318752456,2.281226888992684,2.3659923121802087,0,,,49.379296003608495,56.39394698345378,,,,,,,60.16128373588912,,,32.10143121523443,46.74434401134882,,,,,60,100,-40,,,,,,,,,,,,-483.60795910575587,-543.5110480335699,-483.60795910575587,0.3247411107154194
2011-03-14,56.17999,56.59,53.77,54.45,55.369900803525596,56.43393768157551,51.33098531512069,45.06087275101031,-0.33252599275090056,1.950334821241583,2.2828608139924835,0,,,28.99334389033727,45.51721333690143,,,,,,,50.399979098924604,,,16.954433760873982,25.40661041202357,,,,,60,100,-40,,,,,,,,,,,,-399.3156029047094,-463.7817665729208,-399.3156029047094,0.2468632115361517
2011-03-21,55.28999,57.22,54.49561,56.84,55.20705074613091,56.51515014526041,51.547025106684586,45.178077997268915,-0.33867414557740716,1.8595181320207246,2.1981922775981317,0,,,22.33039050740895,33.567676800451586,,,,,,,58.86988210865914,,,11.908855869610587,12.444621817016426,,11.908855869610587,,,60,100,-40,,,,,,,,,,,,-450.34912964930766,-506.73053628693515,-450.34912964930766,0.23420521118564694
2011-03-28,57.09,57.89999,56.23,57.46001,55.06297569283585,56.704122116208325,51.77890686720676,45.300286275903055,-0.3052467399691978,1.8166338526366346,2.1218805926058324,0,,,25.786875990382203,25.703536796042822,,,,,,,60.75336592652674,60.75336592652674,,20.149578250981495,15.043625883473032,,,,,60,100,-40,,,,,,25.703536796042822,,,,,,-562.1038333494336,-617.3249842347651,-562.1038333494336,0.29562887183553377
2011-04-04,57.62,57.73,56.64999,56.95,55.08633600049043,56.75329769296666,51.98169483319865,45.41620382539656,-0.32018597828002715,1.7216481197557982,2.0418340980358254,0,,,27.150715870951064,25.089327456247418,,,,,,,58.37135464063159,,,30.034921916734405,24.17461609354088,,,,,60,100,-40,,,,,,,,,,,,-494.4485909222638,-560.5386234648079,-494.4485909222638,0.24463175663943038
2011-04-11,57.16,57.28999,56.14999,56.64999,55.19231057188397,56.73263615437333,52.164765231896745,45.52798279230804,-0.350525874410355,1.6036767550228817,1.9542026294332366,0,,,23.26906614531469,25.40221933554933,,,,,,,56.94845406403339,,,32.329992295406036,31.45268573730749,,,,,60,100,-40,,,,,,25.40221933554933,,,,,,-447.27611984548855,-515.8952373802973,-447.27611984548855,0.21392573848557722
2011-04-18,56.09,58.47,55.32001,58.34,55.28214553103511,57.05410892349867,52.406931301234124,45.65546555059353,-0.26113079028986297,1.6277891415709078,1.8889199318607708,0,,,28.46517253482021,26.294984850362,,,,,,,62.52351125555305,,,35.207028309027294,34.879145802871776,,,,,60,100,-40,,,,,,26.294984850362,,,,,,-463.225916237218,-524.8233760384251,-463.225916237218,0.19258361967993412
2011-04-25,58.39999,59.28999,58.28,59.08,55.428422278818324,57.459287138798935,52.668620269813175,45.78904300780156,-0.1614066271391903,1.687161647936783,1.8485682750759733,0,,,43.942519728867964,31.892252803000968,,,,,,,64.69238141639381,64.69238141639381,,40.79379087944736,37.58244785689553,,,,,60,100,-40,,,,,,,,,,,,-531.7302951031784,-589.4009440314387,-531.7302951031784,0.17901837705974505
2011-05-02,59.19,59.34,58.08,58.47,55.54496497318844,57.66142971103915,52.89612535727148,45.91522168434085,-0.14622207058002656,1.66579068685094,1.8120127574309666,0,,,49.84422423239331,40.75063883202717,,,,,,,61.51328428969285,,,46.711260279491924,43.24064131904146,,,,,60,100,-40,,,,,,,,,,,,-465.96115053896403,-520.4189542075408,-465.96115053896403,0.1404318489304556
2011-05-09,58.56,59.31,58.24001,58.41,55.61746747510355,57.811143768831315,53.112355735417694,46.039547836735466,-0.14938831639795147,1.6252773619335272,1.7746656783314787,0,,,52.49968081928406,48.76214159351512,,,48.76214159351512,,48.76214159351512,,61.19285302656706,,,47.966099239636364,47.529802905303576,47.966099239636364,,,,60,100,-40,,,,,,,,,,106,,-435.7863958955161,-487.6155079879879,-435.7863958955161,0.09473723004836294
2011-05-16,58.16,58.34,56.98,57.765,55.711935512596156,57.80191501506505,53.294812373244454,46.156219002539096,-0.2008833569360704,1.5235614821613908,1.7244448390974612,0,,,43.93237549520091,48.75876018229277,,,,,,,57.69292514068015,,,42.411779025889516,45.851958216422645,,,,,60,100,-40,,,,,,48.75876018229277,,,,,,-354.7343239145131,-417.13996108108097,-354.7343239145131,0.10677511430975839
2011-05-23,56.99001,57.49001,56.47,57.42999,55.748225833125,57.727530012052036,53.45697620174467,46.26839582838448,-0.25972980319212646,1.3997825851073031,1.6595123882994296,0,,,29.965220892953027,42.132425735812674,,,,,,,55.89411775500693,,,36.907822316432,40.29741001054739,,,,,60,100,-40,,,,,,,,,,,,-335.6917195664198,-399.4781499754299,-335.6917195664198,0.10345113998687451
2011-05-31,57.97,58.36,56.27,56.35001,55.8012097021875,57.45202600964163,53.57042850755861,46.36871039725627,-0.36704940843473266,1.2007006277560137,1.5677500361907464,0,,,17.511271779234246,30.469622722462734,,,,,,,50.405533139564064,,,24.806749496496444,30.52583336266647,,,,,60,100,-40,,,,,,,,,,,,-231.9295887361617,-292.3003045253517,-231.9295887361617,0.028367802257506815
2011-06-06,56.24001,56.53,54.59,54.64,55.73683758060268,56.8896208077133,53.61237248765435,46.4510117863383,-0.538495642491672,0.8946304830761562,1.4331261255678283,0,,,-6.16306801914552,13.771141551013924,,,,,,,43.13925607753688,,,15.040010815897062,20.671480471109284,,,,,60,100,-40,,,,,,,,,,,,-77.94239078413227,-162.79115824801505,-77.94239078413227,0.036492888252725175
2011-06-13,54.71001,55.47,53.61501,53.78999,55.69849203913106,56.26969464617064,53.619337880295355,46.524036445180705,-0.685037178880552,0.5768296519671381,1.2618668308476901,0,,,-25.02235011219299,-4.558048784034749,,,,,,,40.03165822842457,,,4.74936779850189,9.498735597003757,,,,,60,100,-40,,,,,,,,,,,,1.6834984493463878,-101.37458402110323,1.6834984493463878,0.04336844437231252
2011-06-20,53.66,55.37,53.64,54.38,55.6750297506217,55.891755716936515,53.6491677673426,46.60220523677095,-0.7148269332191912,0.3683331643237011,1.0831600975428923,0,,,-34.638658187380884,-21.941358772906458,,,,,,,43.11315321853237,,,4.334969685438453,4.519620132890442,,4.334969685438453,,,60,100,-40,,,,,,,,,,,,-14.986228541443865,-112.94284147181176,-14.986228541443865,-0.012272090913752535
2011-06-27,54.42999,57.985,54.32001,57.91,55.67109905414872,56.29540457354921,53.81625922744681,46.714720607549346,-0.4806247756562456,0.4823791279725853,0.9630039036288309,0,,,-24.403161268866533,-28.021389856146797,,,,,,,57.32597897947453,,,18.790049325111873,10.432604472052558,,,,,60,100,-40,,,,,,-28.021389856146797,,,,,,-124.98873244299955,-224.22596120420965,-124.98873244299955,-0.010412746755404313
2011-07-05,57.95,59.36,57.83,59.03,55.39102197885238,56.84232365883937,54.020719649899874,46.837260701006564,-0.24593999490322171,0.6555789099998037,0.9015189049030254,0,,,-4.441836638966237,-21.161218698404547,,,,,,,60.70084979373495,,,41.59045124047908,28.61967897427895,,,,,60,100,-40,,,,,,,,,,,,-160.44532654427235,-244.36669553071698,-160.44532654427235,0.0021139599665239567
2011-07-11,58.41,58.71001,56.87,57.85001,55.43594898036292,57.04386092707149,54.17088789892341,46.94684029602142,-0.1694747208969749,0.6896755037818068,0.8591502246787817,0,,,3.7114375054260336,-8.377853467468908,,,,,,,55.67535325577965,,,61.10022668992255,50.97729276617387,,,,,60,100,-40,,,,,,,,,,,,-140.3643580816774,-218.118205434223,-140.3643580816774,-0.024897194540803795
2011-07-18,57.535,59.7,56.98,59.60001,55.907676910337,57.555090741657196,54.38379464798524,47.07274248213066,-0.008815420535412732,0.8481309490095157,0.8569463695449284,0,,,15.108704708671398,4.792768525043736,,,,,,,60.879086467889465,60.879086467889465,,71.54344479067666,67.21781842542593,71.54344479067666,,,,60,100,-40,,,,,,,,,,,,-173.02538388500878,-245.73307717345523,-173.02538388500878,-0.0058772580687663336
2011-07-25,59.13,59.83,57.44,58,55.782843559598646,57.64407259332576,54.52560662257405,47.18147141265672,-0.01757668140477886,0.8349755177889548,0.8525521991937337,0,,,20.587213090553025,13.135785101550157,,,,,,,54.53731945606602,,,69.65755263054558,71.60183425767245,,,,,60,100,-40,,,,,,,,,,,,-70.6571322695526,-157.41797223282697,-70.6571322695526,-0.0014553785295541917
2011-08-01,58.67,58.82001,52.32001,53.83,55.71406973391303,56.88125807466061,54.49832793149272,47.24762592596362,-0.2960388850823641,0.4825035928407786,0.7785424779231427,0,,,1.985204206498782,12.560374001907741,,,,,,,42.142550498621624,,,56.483410897322905,64.13729098849798,,,,,60,100,-40,,,,,,12.560374001907741,,,,,,251.2805281430933,115.74893180950525,251.2805281430933,-0.011322867890369197
2011-08-08,52.21001,53.89999,49.92999,53.57001,55.06306546720495,56.219008459728485,54.461923306728295,47.31053522023264,-0.47874452967754166,0.1801118158262156,0.6588563455037573,0,,,-18.9897220879361,1.1942317363719066,,,,,,,41.50541456579745,,,34.123749472803304,46.19757518879329,,,,,60,100,-40,,,,,,,,,,,,251.04770484434908,128.3400351168679,251.04770484434908,0.06825431219242689
2011-08-15,53.77,54.42,49.99001,50.03,54.81999007669031,54.98120676778279,54.28812239273895,47.3375945712751,-0.8000861444082716,-0.3412513350065822,0.45883480940168936,0,,,-33.43896497819624,-16.814494286544516,,,,,,,33.93714577305202,,,13.674572147702825,24.5571497145917,,,,,60,100,-40,,,,,,,,,,,,459.0390312362856,319.5509378228919,459.0390312362856,-0.025360978004820123
2011-08-22,51.21001,53.42,50.06,53.13,54.528564356926715,54.61096541422623,54.24270582831781,47.39523044618778,-0.7659033568690483,-0.4985443866846211,0.2673589701844272,0,,,-39.278401641179734,-30.56902956910402,,,,,,,43.67976179026123,,,13.03101052321438,12.725984846014008,,13.03101052321438,,,60,100,-40,,,,,,,,,,,,458.3046619205973,323.26894912782063,458.3046619205973,0.04549020278609188
2011-08-29,53.64,55.74001,52.99001,53.28,54.40652476000338,54.34477233138098,54.204952658579856,47.453785367121235,-0.6971931394319274,-0.604132454105482,0.09306068532644537,0,,,-35.79159051916571,-36.16965237951389,,,,,,,44.11180778785313,,,19.672686145995566,13.868350768304959,,,,,60,100,-40,,,,,,-36.16965237951389,,,,,,448.6129052077615,322.67459474094414,448.6129052077615,0.01623581370061811
2011-09-06,52.03999,55.1684,51.91,53.17999,54.38463084857457,54.11181586510478,54.1647580445179,47.510762527647394,-0.6248097109171991,-0.6879514533200535,-0.06314174240285442,0,,,-35.45650652625839,-36.84216622886794,,,,,,,43.868735808785054,,,31.92002232912299,25.663275595586725,,,,,60,100,-40,,,,,,,,,,,,517.9560133518048,382.18830478804523,517.9560133518048,-0.021888195933533416
2011-09-12,52.61,56.64999,52.57001,56.59,54.29167221653353,54.607452692083825,54.25986557218387,47.601103199014084,-0.32849309972116975,-0.4737581170543166,-0.14526501733314684,0,,,-24.461668154819243,-31.903255066747775,,,,,,,53.36161357271348,,,43.764049812025334,37.79547255259902,,,,,60,100,-40,,,,,,,,,,,,432.8731018332948,305.4267948265824,432.8731018332948,0.015512240609786399
2011-09-19,55.89999,57.35001,52.75,54.14999,54.08798491535256,54.51596015366706,54.25555672621587,47.66626625176021,-0.2799388217910787,-0.49518854457199524,-0.21524972278091653,0,,,-18.79761588446295,-26.23859685518019,,,,,,,47.17688824492607,,,50.21802051724366,47.08635929214955,,,,,60,100,-40,,,,,,,,,,,,522.3507196817867,353.53101394902194,522.3507196817867,0.0048992522210253055
2011-09-26,54.42,56.2,52.46001,52.49001,53.82455670711309,54.110770122933644,54.186319599697605,47.714263701991456,-0.33880474037092756,-0.638755648244576,-0.2999509078736484,0,,,-21.77589417659803,-21.678392738626737,,,,,,,43.46413678421358,,,52.26921985218648,51.90518712954059,,,,,60,100,-40,,,,,,-21.678392738626737,,,,,,630.1051342850983,421.0708295946543,630.1051342850983,-0.03514975336865495
2011-10-03,52.03999,54.66,50.095,54.07001,53.70280479946216,54.102618098346916,54.18175843892515,47.777504958688056,-0.2543735493724816,-0.6179178445892504,-0.3635442952167688,0,,,-28.765874943008043,-23.113128334689673,,,,,,,47.707609546005656,,,48.193021900230605,50.59224452940784,,48.193021900230605,,,60,100,-40,,,,,,,,,,,,557.3587462332622,373.60340603198983,557.3587462332622,0.009854004484200955
2011-10-10,54.98,58.19,54.89,58.17999,52.05187088521486,54.91809247867753,54.338551833477105,47.881012272531954,0.07748465311414587,-0.2666884788240864,-0.3441731319382323,0,,,-6.458189014642333,-18.999986044749466,,,,,,,56.837207515538495,,,54.486045392421076,51.84978565768197,,,,,60,100,-40,,,,,,-18.999986044749466,,,,,,450.5662469181236,290.2209685716281,450.5662469181236,0.030402956235545914
2011-10-17,57.89999,58.28999,55.78999,57.3,51.90102367912808,55.394473982942024,54.45468705569369,47.97473354345203,0.22840392648155178,-0.058668223836292555,-0.28707215031784433,0,,,7.95670843565023,-9.08911850733338,,,,,,,54.62510339454571,,,64.19659186147646,57.82732203029162,,,,,60,100,-40,,,,,,,,,,,,359.55420202391934,218.3626106495139,359.55420202391934,0.06473002970681899
2011-10-24,57.52,59.2,56.2126,58.94,52.75238841633322,56.10357918635362,54.6305816809606,48.08384067237291,0.41830204264846077,0.23580540299273167,-0.1824966396557291,0,,,21.22931700855537,7.575945476521088,,,,,,,57.930816312110245,,,79.0881828390855,71.46613312449813,,,,,60,100,-40,,,,,,,,,,,,265.9988925650249,139.56940871323866,265.9988925650249,0.13266388725306935
2011-10-31,58.41,58.64,56.12,57.8,52.76758924373799,56.4428633490829,54.75487259543274,48.180518874637855,0.444310068913101,0.37289094648564713,-0.07141912242745385,0,,,26.90231665795536,18.696114034053654,,,,,,,54.917903622432405,,,85.0218089426927,81.82992803292989,,,,,60,100,-40,,,,,,,,,,,,217.6354575532022,100.55678894719527,217.6354575532022,0.1748504985628295
2011-11-07,57.75,58.98,56.23,57.85001,52.80561858347099,56.72429267926632,54.87625053286675,48.27673271668126,0.44116256379055885,0.48003408231074474,0.038871518520185874,0,,,31.128722416163782,26.420118694224836,,,,,,,55.02905708636063,,,90.74452217117044,89.1032416871173,90.74452217117044,,,,60,100,-40,,,,,,,,,,,,194.42901072534727,75.00100913861431,194.42901072534727,0.18575189524209207
2011-11-14,57.69,58.36,55.3,55.39999,52.85093154179449,56.45943214341305,54.89678933549943,48.34761089860483,0.2593543610555993,0.363064469839685,0.1037101087840857,0,,,25.86616260990186,27.965733894673665,,,,,27.965733894673665,,48.66141670532506,,,83.53899518120349,86.91937071752152,,,,,60,100,-40,,,,,,27.965733894673665,,,,,,225.44191786619322,90.45537111341173,225.44191786619322,0.11406305626134888
2011-11-21,54.67999,54.73,52.87,52.88,52.848722145952024,55.743545714730445,54.81769955763671,48.39270929762368,-0.029960662286913825,0.06625928092544342,0.09621994321235725,0,,,5.55414830407506,20.849677776713566,,,,,,,43.10374651309866,,,62.56082909183958,74.41652012094704,,,,,60,100,-40,,,,,,,,,,,,319.9070237087035,180.37257636551868,319.9070237087035,0.07693270623969474
2011-11-28,54.16,57.34,54.14,56.62,52.922386278384025,55.918836571784354,54.88837800635684,48.474572886702056,0.028073717292702166,0.13131208982823495,0.10323837253553278,0,,,6.10093239661231,12.50708110352974,,,,,,,51.930697821622616,,,49.31870424355469,57.37529154868174,,,,,60,100,-40,,,,,,,,,,,,253.56029212530288,127.5775624808789,253.56029212530288,0.09253287776230863
2011-12-05,57.49001,57.62,56.00999,57.02,52.715072972785165,56.13906925742749,54.97197102571539,48.559602012207506,0.08756273244146906,0.2126917880873691,0.12512905564590004,0,,,12.551246436040655,8.068775712242674,,,,,,,52.779503172376465,,,43.45246035205692,44.71804392631839,,43.45246035205692,,,60,100,-40,,,,,,8.068775712242674,,,,,,222.00387537524784,92.56346021162818,222.00387537524784,0.06457912385677239
2011-12-12,56.42,57.0087,54.58,54.86,52.929709189014794,55.88325540594199,54.9675800050991,48.62229253944922,-0.018727820043602877,0.10171928059139645,0.12044710063499933,0,,,5.768943204863922,8.140374012505628,,,,,,,47.83789590889399,,,49.317021695069414,45.520759276590475,,,,,60,100,-40,,,,,,8.140374012505628,,,,,,257.0940798524755,100.27919471860486,257.0940798524755,0.055906128122883474
2011-12-19,55.06,56.08,54.17,56.08,53.010444246942306,55.92260432475359,55.01120431862463,48.696498583832806,-0.007607479245730464,0.11093775157783625,0.11854523082356672,0,,,0.1116136487856334,6.143934429896736,,,,,,,50.664288650793885,,,49.37660958834164,48.51334501700677,,,,,60,100,-40,,,,,,,,,,,,220.34970169747993,61.1375229515858,220.34970169747993,0.14125544753738536
2011-12-27,56.00999,56.42,55.44,55.83,53.16112680073214,55.90408345980288,55.04331395318837,48.76747869742651,-0.0172738386331468,0.09695293253213322,0.11422677116528002,0,,,0.6139065744869644,2.164821142712172,,,,,,,50.06210522133777,,,46.655225162967554,49.165902149789986,,46.655225162967554,,,60,100,-40,,,,,,,,,,,,214.8315741161199,42.74888241493386,214.8315741161199,0.048139334677688966
2012-01-03,56.91,57.94,56.56,57.81,53.4339034578227,56.2852667678423,55.1518114452202,48.85745403377053,0.10289058842637183,0.2428400066982448,0.13994941827187296,0,,,16.29002009188213,5.6718467717182435,,,,,,,54.68347518105845,,,55.270564851430024,51.23138800967041,,,,,60,100,-40,,,,,,5.6718467717182435,,,,,,169.40765154955267,14.976358339491327,169.40765154955267,0.14418148746725482
2012-01-09,57.95,58.47,57.431,58.17999,53.525767496549655,56.664211414273844,55.27056354540764,48.95021558567331,0.19514963397502555,0.3838864607406549,0.18873682676562936,0,,,29.736022977438132,15.546649881269076,,,,,,,55.51681716707703,,,63.8571748994318,57.79215991704958,,,,,60,100,-40,,,,,,,,,,,,125.87898763145216,-8.655706813143453,125.87898763145216,0.10574686749719854
2012-01-17,58.71001,59.97,58.49001,59.77,54.59406981822468,57.285369131419074,55.44701203382303,49.057875132084526,0.3424957961115335,0.6168565719050463,0.27436077579351276,0,,,44.423587565864544,30.149876878394934,,,,,,,59.02481684463398,,,79.75194795337772,72.18395687043976,,,,,60,100,-40,,,,,,,,,,,,57.53735351664268,-53.445578301662806,57.53735351664268,0.16694849346516094
2012-01-23,59.8,60.8,59.41,60.39999,55.33805340263721,57.90829330513526,55.64124646386919,49.170731996441894,0.45459851559597686,0.8426089202884839,0.388010404692507,0,,,54.81212878710806,42.99057977680358,,,,,,,60.36641650067709,,,89.2481358309227,83.93460014499377,,,,,60,100,-40,,,,,,,,,,,,-3.833074395474192,-97.36456406499684,-3.833074395474192,0.19133705610135798
2012-01-30,59.88,62.12,59.66,62.05,57.1510588738774,58.73663464410821,55.89257013195275,49.29888391687531,0.6027938896831426,1.1415027667964353,0.5387088771132926,0,,,63.05675103745973,54.09748913014411,,,,,,,63.73540758856326,,,96.9802684255279,93.96053685105578,,,,,60,100,-40,,,,,,,,,,,,-208.59069723266066,-293.29827968954294,-208.59069723266066,0.16774280276057985
2012-02-06,61.82001,62.98,61.66,62.47501,57.574564668600445,59.484309715286564,56.15070502873892,49.42998964904571,0.6862922666695918,1.3965742104502823,0.7102819437806905,0,,,69.29319935708011,62.38735972721597,,,,,,,64.57566604697607,,,99.09361191947528,98.18722383895054,,,,,60,100,-40,,,,,,,,,,,,-196.11966137217695,-273.60768338235334,-196.11966137217695,0.21627244495970627
2012-02-13,62.92999,63.86,62.63,63.42999,58.6910050494147,60.27344577222925,56.43616718447465,49.56929313512486,0.7571199447613328,1.6566818747323566,0.8995619299710238,0,,,73.36976839229436,68.57323959561141,,,,,,,66.46696502614338,,,100,100,,,,,60,100,-40,,,,,,,,,,,,-255.00699566814475,-323.86083185828903,-255.00699566814475,0.3267798172642115
2012-02-21,63.50999,64.07001,63.09,63.96001,59.36166826017079,61.0107586177834,56.73121984390701,49.71248434771068,0.7874473864156508,1.8838711629905873,1.0964237765749365,0,,,74.59094686715586,72.41797153884345,,,,,,,67.50992885014115,,,100,100,,,,,60,100,-40,,,,,,,,,,,,-291.3693600921184,-351.34068061132734,-291.3693600921184,0.30267936181153676
2012-02-27,63.60001,65.0784,63.33,64.87,60.46010981301574,61.782606894226724,57.05038769316556,49.86330539897724,0.8132542957286497,2.1129916462357485,1.2997373505070988,0,,,75.06560662749352,74.34210729564792,,,74.34210729564792,,74.34210729564792,,69.28669164385582,,,100,100,,,,,60,100,-40,,,,,,,,,,,,-264.7567491662787,-324.7332841365406,-264.7567491662787,0.2800302915740749
2012-03-05,64.83,65.14,63.23,65.02,60.67533054065746,62.43008551538138,57.36292150911985,50.01411828057945,0.7845206247481105,2.280388131442237,1.4958675066941265,0,,,73.30871537135636,74.3217562886686,,,,,,,69.58372251973928,,,100,100,,,,,60,100,-40,,,,,,74.3217562886686,,105,,,,-309.34643113604625,-365.69086883898774,-309.34643113604625,0.3132177939001548
2012-03-12,64.97,66.82001,64.72,66.52,62.212806930610505,63.2480684123051,57.72202262640927,50.178355909628415,0.8074740061369814,2.5052100143653533,1.697736008228372,0,,,74.36253328516707,74.24561842800567,,,,,,,72.46822738721276,,,100,100,,,,,60,100,-40,,,,,,74.24561842800567,,,,,,-359.46526183858333,-413.74707450462637,-359.46526183858333,0.29627266401754776
2012-03-19,66.62,67.49001,66.45,66.939,62.639462149852605,63.98625472984408,58.08347271949126,50.345128487642064,0.790793285243248,2.6862276147824318,1.8954343295391838,0,,,75.13216319000708,74.26780394884351,,,,,,,73.23628961297108,,,100,100,,,,,60,100,-40,,,,,,,,,,,,-336.8352142315682,-386.70215186742155,-336.8352142315682,0.2744032141433922
2012-03-26,67.37,68.50999,67.2,67.55,63.408999139148854,64.69900378387526,58.45470908343278,50.51632123900881,0.7605957214266663,2.8461789813225167,2.0855832598958504,0,,,75.28691042952185,74.92720230156534,,,74.92720230156534,,74.92720230156534,,74.36600195364022,,,100,100,,,,,60,100,-40,,,,,,,,,,,,-347.41062982582855,-404.5744878915267,-347.41062982582855,0.2462717188174471
2012-04-02,67.46001,68.55,66.91,67.72,63.65035777206679,65.30320302710021,58.81805382525895,50.68750212220275,0.6936319272797546,2.952623168995544,2.258991241715789,0,,,73.17591327086254,74.53166229679717,,,,,,,74.68804729340806,74.68804729340806,,100,100,,,,,60,100,-40,,,,,,74.53166229679717,,105,,,,-290.60869713022333,-352.8336719112491,-290.60869713022333,0.32254682695226605
2012-04-09,66.88,67.48,65.92,66.19,63.70676078834774,65.48056242168016,59.10714975368017,50.84175583242959,0.497063169024035,2.880320202995833,2.383257033971798,0,,,66.53051069412271,71.66444479816904,,,,,,,66.53775086577053,,,91.58578508713748,95.79289254356873,,,,,60,100,-40,,,,,,,,,,,,-249.58893401563728,-316.8639133819311,-249.58893401563728,0.31345053883656454
2012-04-16,66.53,67.17,65.24001,65.67999,63.73627787489433,65.52044793734413,59.36490819471232,50.98939995349994,0.2935254606621842,2.750163859799528,2.456638399137344,0,,,58.69655501204803,66.13432632567776,,,,,,,64.01511706570922,,,75.8125144121199,84.7509266137365,,,,,60,100,-40,,,,,,,,,,,,-226.0273096491578,-290.1613836761254,-226.0273096491578,0.24680899552937688
2012-04-23,65.08,67.45,64.45,67.24001,63.74511659811616,65.8643603498753,59.67373571648831,51.15109756590293,0.22772500712078125,2.7412946580383206,2.5135696509175394,0,,,53.503124104016536,59.576729936729095,,,,,,,68.03139172240559,68.03139172240559,,61.35287486268726,69.239632391646,,,,,60,100,-40,,,,,,,,,,,,-285.8405260765836,-347.40476846228444,-285.8405260765836,0.2816050607609389
2012-04-30,67.02,67.63,64.69,64.7,63.60046541253644,65.63148827990024,59.87084411976328,51.28591251549594,-0.01046840254607595,2.5004841477349444,2.5109525502810204,0,,,45.033919031564466,52.41119938254301,,,,,,,56.84127776709743,,,41.89277417049793,51.03144197130691,,,,,60,100,-40,,,,,,,,,,,,-197.50588497175022,-268.78571965095995,-197.50588497175022,0.2762801178382414
2012-05-07,64.31,65.07001,63.48,64.17999,63.474717883069545,65.34118862392019,60.03983023271373,51.414211793948716,-0.21529234465649694,2.241837119460399,2.457129464116896,0,,,29.390183813782762,42.642408983121264,,,,,,,54.84065075361922,,,27.653602921608616,35.38185738665866,,,,,60,100,-40,,,,,,,,,,,,-126.14117861325016,-204.46104335078545,-126.14117861325016,0.20726584232963222
2012-05-14,63.63,64.27,60.75999,60.81,63.550808034278866,64.43495089913615,60.070032968685744,51.507702223859674,-0.5698521122000555,1.7448143238668266,2.314666436066882,0,,,7.697078411484899,27.37372708561072,,,,,,,43.974369518909995,,,8.779909137707916,17.559818275415825,,,,,60,100,-40,,,,,,,,,,,,61.339035680068044,-61.83176274155173,61.339035680068044,0.1413508692644474
2012-05-21,60.92,62.95,60.85001,62.07001,63.3471774604018,63.96196271930892,60.14846344050199,51.61279981367201,-0.7029021936545199,1.4360386939987322,2.138940887653252,0,,,-6.316346626449825,10.256971866272623,,,,,,,48.13678353087426,,,6.497354730239386,8.230014479259323,,,,,60,100,-40,,,,,,,,,,,,70.18648373823751,-43.31689678854232,70.18648373823751,0.1214390605520444
2012-05-29,62.63,63.14999,60.39,60.409,63.35380764180167,63.251370175447136,60.1586805604823,51.700324193635474,-0.8749502061822312,1.045253129925463,1.9202033361076942,0,,,-17.853697398930613,-5.490988537965172,,,,,,,43.519343929144135,,,3.9705791510161985,3.1764633208129474,,3.9705791510161985,,,60,100,-40,,,,,,,,,,,,176.51621396764887,50.92253899119264,176.51621396764887,0.06007717313182253
2012-06-04,60.57001,63.17999,60.03999,62.87,63.27139423881584,63.17509614035771,60.265006813012405,51.81146524643512,-0.7973710883414618,0.9234894756808671,1.720860564022329,0,,,-22.46855272988191,-15.546198918420776,,,,,,,51.05519385983066,,,10.412232175246022,7.588463578232719,,,,,60,100,-40,,,,,,,,,,,,132.60417506444003,17.118440992794,132.60417506444003,0.07425093333003267
2012-06-11,63.35001,63.38,61.67999,62.99001,63.140580364614706,63.13807891228617,60.37186968309035,51.92269454746562,-0.7149764896361017,0.8271399519772018,1.5421164416133035,0,,,-22.310959586640102,-20.877736571817533,,,,,,,51.39776962505306,,,14.54801301343879,11.774180445089073,,,,,60,100,-40,,,,,,,,,,,,100.31250687090545,-16.90309373316854,100.31250687090545,0.08236274539276597
2012-06-18,62.75,64.57001,62.62,63.35001,63.224823195713654,63.18046512982893,60.48865949943975,52.03639917883412,-0.616937724646585,0.7709442858050721,1.3878820104516572,0,,,-16.58574746043456,-20.45508659231885,,,,,,,52.47867027867572,,,23.333551877907407,19.306237527465644,,,,,60,100,-40,,,,,,-20.45508659231885,,,,,,67.52841471255898,-46.55707669077426,67.52841471255898,0.03208633197066047
2012-06-25,62.84,64.16,61.53999,64.16,62.787344396019826,63.37637210386315,60.63263363671662,52.15703202282582,-0.4841094169607021,0.7827452392507794,1.2668546562114815,0,,,-13.603567455922345,-17.500091500998995,,,,,,,54.92227434189749,,,28.511658887024105,25.426507396046457,,,,,60,100,-40,,,,,,,,,,,,-35.658569780633584,-149.91033547426983,-35.658569780633584,0.06058017222201407
2012-07-02,64.23,65.25,63.64999,64.12,62.73110479630412,63.52509768309052,60.76939310194342,52.27606653006138,-0.38957977005729516,0.7798799436398625,1.1694597136971576,0,,,-2.3617463384739388,-10.850353751610273,,,,,,,54.77159971657516,,,33.35152275315099,31.415180528163205,,,,,60,100,-40,,,,,,,,,,,,-56.44792072960932,-156.29027447894805,-56.44792072960932,0.030661034674599904
2012-07-09,64.03,64.50999,61.86,63.38,62.824596596568114,63.49607814647242,60.87176984304368,52.386553430259774,-0.3677948156300199,0.7097161941596326,1.0775110097896525,0,,,-4.133447443711233,-6.699587079369164,,,,,,,51.917063472176444,,,35.66168168141858,34.5520096797444,,,,,60,100,-40,,,,,,,,,,,,-106.18466241513491,-202.41931548277566,-106.18466241513491,0.008868395017152909
2012-07-16,63.24001,65.31,62.63,64.235,60.22140326824182,63.643862517177936,61.00366122174785,52.50444842100346,-0.2901193758856775,0.7148617899325558,1.0049811658182333,0,,,3.401952534974882,-1.0310804157367564,,,,,,,54.861637246615736,,,38.35313340792263,37.19137136926918,,,,,60,100,-40,,,,,,,,,,,,-63.24199652147399,-168.34307630408918,-63.24199652147399,-0.021368474278608027
2012-07-23,63,64.99001,62.14999,64.87,60.32844589193884,63.88909001374235,61.155282350306756,52.62748873522233,-0.19486338292432814,0.7614019371628231,0.9562653200871513,0,,,8.374413577985255,2.5476395564163083,,,,,,,56.9812613329733,,,42.87453540224752,40.508829983540956,,,,,60,100,-40,,,,,,,,,,,,-79.92526988120599,-179.553426066982,-79.92526988120599,-0.018117917508544305
2012-07-30,65.00999,65.88,63.91,65.60001,60.97713547108606,64.23127401099387,61.32958539539276,52.75656854880221,-0.08707426704676469,0.8474224862786954,0.9344967533254601,0,,,22.726731178468775,11.50103243047631,,,,,,,59.35812343641505,,,58.82656591310352,50.60206702343428,,,,,60,100,-40,,,,,,,,,,,,-78.1206753573504,-164.18007587298533,-78.1206753573504,-0.03137293398236742
2012-08-06,65.94,66.92,65.8,66.86,62.285902223151346,64.7570192087951,61.54646439949501,52.896901200057904,0.05694042923838216,1.0056722898734378,0.9487318606350557,0,,,39.66008305459674,23.587075937016923,,,,,,,63.163717842362665,,,75.33762189190801,65.7416373518857,,,,,60,100,-40,,,,,,,,,,,,-61.189643474195776,-147.96551662335162,-61.189643474195776,-0.0072063455408229995
2012-08-13,66.84,68.33,66.5,68.32001,63.884063492926245,65.46961736703608,61.812093638730495,53.05036496921156,0.2287461595253102,1.2346645600416934,1.0059184005163833,0,,,53.32599250428005,38.57093557911519,,,,,,,67.03817477800457,67.03817477800457,,91.99744520578383,83.99489041156767,,,,,60,100,-40,,,,,,,,,,,,-107.33698102434201,-187.4263317827422,-107.33698102434201,0.043356169944050026
2012-08-20,68.27,68.88,67.60001,68.28999,63.93948824343151,66.03369189362887,62.06612879015283,53.202003029219405,0.31335283885923304,1.3976094490904245,1.0842566102311915,0,,,61.405048081540386,51.46370788013906,,,,,,,66.88147878966035,,,97.35044450194934,94.90862385895724,,,,,60,100,-40,,,,,,,,,,,,-101.45752992900711,-183.34881691315275,-101.45752992900711,0.046962686310056095
2012-08-27,68.60001,68.67,67.47,68.16,64.06952694032927,66.4589535149031,62.30510413171547,53.35083881997344,0.3317755740891828,1.49897607784267,1.1672005037534872,0,,,63.7247756119988,59.485272065939746,,,,,,,66.15609652854283,,,99.04897397056075,99.47255327151572,99.04897397056075,,,,60,100,-40,,,,,,,,,,,,-110.28343357827858,-188.19448656530682,-110.28343357827858,0.09507143317590773
2012-09-04,68.03,69.55,67.42,69.42999,65.31168430173432,67.05316081192248,62.5845114206678,53.510830374003554,0.3963370144747649,1.6626217718469434,1.2662847573721785,0,,,66.18823876178324,63.772687485107475,,,,,,,69.64107368526412,,,98.81987308216173,99.01435149471767,,,,,60,100,-40,,,,,,,,,,,,-191.14099110950065,-267.6136708261601,-191.14099110950065,0.16343699582095345
2012-09-10,69.25999,70.42999,68.21001,70.17999,66.05156328018187,67.67852664953799,62.88237332573965,53.676692658839336,0.45234500477362016,1.8317160133392036,1.3793710085655835,0,,,68.79720857593055,66.23674098323754,,,,,,,71.517456009545,71.517456009545,,98.76388457297814,98.69463962129196,,,,,60,100,-40,,,,,,,,,,,,-333.6608109077733,-411.68391249413105,-333.6608109077733,0.1457346365628425
2012-09-17,70.2,70.58,69.87,70.14999,66.02931090302602,68.17281931963039,63.16737790120084,53.84060606521904,0.44924706332206,1.9409298377181585,1.4916827743960985,0,,,70.45884833286806,68.48143189019395,,,68.48143189019395,,68.48143189019395,,71.32642341680685,,,99.3772797710379,99.05327093408646,99.3772797710379,,,,60,100,-40,,,,,,,,,,106,,-413.9042998336327,-488.6504738588345,-413.9042998336327,0.20802055852849147
2012-09-24,69.56,70.08,67.85001,68.57001,66.22435940995274,68.25225745570431,63.37924582664394,53.98716729840094,0.30932504063678,1.8783390751920734,1.5690140345552934,0,,,64.19388531228651,67.81664740702837,,,,,,,61.89375279515994,,,89.23587920264022,94.2515441344835,,,,,60,100,-40,,,,,,67.81664740702837,,105,,,,-390.4671544093358,-466.1685695208646,-390.4671544093358,0.21030592692266528
2012-10-01,68.89999,69.8,68.13,68.98,66.1783358806704,68.39780596456345,63.59888324520692,54.13634971334223,0.21726950032607517,1.8406009099628875,1.6233314096368123,0,,,59.201113686832365,64.61794911066231,,,,,,,63.25962961045441,,,78.00133495892521,84.98104319915915,,,,,60,100,-40,,,,,,,,,,,,-419.47312633491106,-500.5015568807074,-419.47312633491106,0.2986825708816918
2012-10-08,68.58,68.72,66.55,66.67999,66.22559688919394,68.05424277165076,63.71971096108116,54.261162054503004,-0.013399622708658798,1.6065818812509889,1.6199815039596477,0,,,44.42881055331798,55.94126985081228,,,,,,,51.94420141433294,,,51.72092308315316,64.6709217889486,,,,,60,100,-40,,,,,,,,,,,,-327.75073972856364,-409.50127381148786,-327.75073972856364,0.2456879212393457
2012-10-15,66.94,68.3,65.60001,65.67999,66.16091068282294,67.57939221732062,63.796584648881904,54.37478223306516,-0.23586285582111755,1.3251529341832509,1.5610157900043684,0,,,28.105491942758814,43.91180539430304,,,,,,,47.9078976461968,,,32.244535436819326,43.570405492421884,,,,,60,100,-40,,,,,,,,,,,,-223.61424159609754,-325.9555876639446,-223.61424159609754,0.24871743805838253
2012-10-22,65.62,66.19,64.64999,65.35001,66.06227491976416,67.13351577385649,63.85750329010222,54.48398847950232,-0.39822421555231213,1.0632355205639783,1.4614597361162904,0,,,10.349588446881913,27.62796364765289,,,,,,,46.61309251779768,,,10.470878026421786,20.157836452854482,,,,,60,100,-40,,,,,,,,,,,,-152.0480158513525,-263.05457172504566,-152.0480158513525,0.18725104301160486
2012-10-29,65.31,66.21001,64.73,65.17,66.13639599692387,66.74081261908519,63.9089737493139,54.590316952343095,-0.5039252660658984,0.8315531535339176,1.335478419599816,0,,,-2.0054368963148423,12.149881164441952,,,,,,,45.88027734566765,,,3.617097496867617,7.234194993735241,,,,,60,100,-40,,,,,,,,,,,,-133.49383115110658,-242.49919504776466,-133.49383115110658,0.14268234650835887
2012-11-05,65.19501,66.17,63.16,63.42999,66.21379414000073,66.07864809526815,63.89019007287022,54.67827389809092,-0.666978716664465,0.5017550237692348,1.1687337404336997,0,,,-15.349655934107101,-2.335168127846687,,,,,,,39.394790929841186,,,0.13065326666482038,0.26130653332964815,,,,,60,100,-40,,,,,,,,,,,,-17.4040436690872,-132.0447959481711,-17.4040436690872,0.09922132565606998
2012-11-12,63.78999,63.87,61.31,62.3,66.06709384428639,65.32291847621453,63.8278296778557,54.75411196875668,-0.8169817785289795,0.14750651727247543,0.9644882958014549,0,,,-29.791056238732374,-15.71538302305145,,,,,,,35.83138665160584,,,-2.92667125102576e-14,-5.1131938189680826e-14,,,,,60,100,-40,,,,,,,,,,,,142.1239642707468,-4.40028759395819,142.1239642707468,0.02569157831252091
2012-11-19,62.97,64.92,62.96001,64.89999,65.99515785540879,65.23833278097162,63.86987518068489,54.85506597901781,-0.7110410247734956,0.0756870148345854,0.786728039608081,0,,,-31.550083096778078,-25.56359842320586,,,,,,,47.63747572446902,,,7.519690976900886,3.7598454884504395,,,,,60,100,-40,,,,,,,,,,,,105.37415258515648,-25.418417122329444,105.37415258515648,0.0783603269819382
2012-11-26,64.77,66.13499,64.25,65.8,65.9197887228796,65.3506662247773,63.9455663500698,54.963970795146984,-0.5571013810262249,0.0903513133253,0.6474526943515249,0,,,-26.30971527235237,-29.216951535954284,,,,,,,51.01707988847961,,,19.038237474355086,12.339002853515375,,,,,60,100,-40,,,,,,-29.216951535954284,,,,,,68.9424884787644,-57.16052310008774,68.9424884787644,0.10003608275772453
2012-12-03,66.32001,66.37,64.53,64.92999,65.9248045283882,65.26653097982184,63.98417119908667,55.06313516534453,-0.49283552799671193,0.03140828435563492,0.5242438123523468,0,,,-22.741716768773237,-26.867171712634573,,,,,,,47.78713388975422,,,30.892870146627775,24.700687213450422,,,,,60,100,-40,,,,,,,,,,,,47.31658148262543,-70.40406435461722,47.31658148262543,0.055691293912495624
2012-12-10,64.75,66.34,64.47,64.69,64.79375634778904,65.15122478385747,64.01185075990679,55.15892486519184,-0.4468147155120799,-0.03427458203775302,0.4125401334743269,0,,,-20.683244086306253,-23.2448920424773,,,,,,,46.89981084008774,,,34.664114753492804,33.03768867049639,,,,,60,100,-40,,,,,,,,,,,,50.53174848578443,-60.3305981083232,50.53174848578443,-0.0483923023103171
2012-12-17,64.73,66.75999,64.60001,65.2,64.82563089437554,65.16097982708598,64.05844484775359,55.25883606056307,-0.3657610372074631,-0.044661163035002005,0.3210998741724611,0,,,-15.14387004061085,-19.52294363189679,,,,,,,49.07665259831266,,,35.17851634290075,35.93315665052396,,,,,60,100,-40,,,,,,,,,,,,27.70779421564182,-72.08867117953716,27.70779421564182,-0.11240739744088786
2012-12-24,65.06,65.17999,63.60001,63.78,62.513792973348714,64.88478386166878,64.04752544195934,55.34362376145299,-0.3893328528362874,-0.16556619187289812,0.22376666096338926,0,,,-24.564704259647446,-20.130606128854858,,,,,,,43.67591498526924,,,33.31406821763812,34.33563832676075,,33.31406821763812,,,60,100,-40,,,,,,-20.130606128854858,,,,,,31.76092254007056,-73.52709460143949,31.76092254007056,-0.1657202019229072
2012-12-31,63.67999,67.34,63.58,66.63,62.53281847525237,65.23382708933502,64.14879895403936,55.45592601258281,-0.2038574347771352,-0.031055132508029715,0.17280230226910548,0,,,-12.836853797496138,-17.515142699251484,,,,,,,54.55076639271177,,,40.51422550236604,36.93620628713128,,,,,60,100,-40,,,,,,-17.515142699251484,,,,,,-80.37742701266953,-168.3403501284505,-80.37742701266953,-0.16211957943491673
2013-01-07,66.46001,67.28999,66.17,67.25999,62.91832144130578,65.63905967146802,64.27080644603782,55.573379385591934,-0.03828940798041516,0.12494054229358653,0.1632299502740017,0,,,4.604428192510278,-10.932376621544442,,,,,,,56.55929027615275,,,55.95366195255428,47.07301668280621,,,,,60,100,-40,,,,,,,,,,,,-164.85425846491148,-245.00574101418675,-164.85425846491148,-0.13153679813115673
2013-01-14,66.89999,67.48,66.33211,67.07001,63.068442052641075,65.92524973717441,64.3805791344285,55.68777372006365,0.05388040159577895,0.23058045226872537,0.17670005067294642,0,,,16.14936031402213,2.6389782363454173,,,,,,,55.754346586185584,,,76.60487815298865,65.53407706147011,,,,,60,100,-40,,,,,,,,,,,,-239.4262114712912,-317.73196992069825,-239.4262114712912,-0.12348579095763368
2013-01-22,67.14999,67.78999,66.56,67,63.203854048881,66.14019978973953,64.48330152131366,55.800333185535656,0.10274733765060282,0.30513422273619994,0.20238688508559713,0,,,24.658481249311727,15.137423251948038,,,,,,,55.439358558964734,,,90.05179871214648,83.15339597277561,,,,,60,100,-40,,,,,,,,,,,,-352.25780938560194,-422.68979357148044,-352.25780938560194,-0.16661778057146345
2013-01-28,67.00999,67.78,66.63,67.66,63.71787518824664,66.44415983179162,64.60787793224254,55.91833982050545,0.16826453675892405,0.4127175560342522,0.24445301927532814,0,,,31.62885293149425,24.145564831609363,,,,,,,57.87016849219325,,,95.40444775034896,93.8586940491806,,,,,60,100,-40,,,,,,,,,,,,-490.02911677003794,-559.4734674675749,-490.02911677003794,-0.1634463226500331
2013-02-04,67.25,68.13,66.46001,67.99001,64.16517981765759,66.7533298654333,64.74051056235068,56.03845594169445,0.21934057854178796,0.5186287424525631,0.2992881639107751,0,,,36.88013537887864,31.055823186561536,,,,,,,59.07933882087416,,,97.80070695370412,97.37545420261073,,,,,60,100,-40,,,,,,,,,,,,-537.2965500845766,-606.8419279280158,-537.2965500845766,-0.10481919155732736
2013-02-11,68.02,68.23,67.56,67.75,64.1998119735392,66.95266389234664,64.85852975598398,56.15498871839401,0.22181042589947875,0.5765511962851235,0.3547407703856448,0,,,41.950576158102564,36.81985482282514,,,,,,,57.772908255196185,,,97.99408848436755,97.79108453126248,97.99408848436755,,,,60,100,-40,,,,,,,,,,,,-588.6971773419262,-651.9615773956493,-588.6971773419262,-0.1039270482599361
2013-02-19,67.89,68.25999,66.23,67.13901,64.37482611828639,66.98993311387731,64.94796035378853,56.26428246248959,0.16950475101886148,0.5666217091592216,0.39711695814036013,0,,,39.1291813365955,39.31996429119223,,,,,39.31996429119223,,54.45218351687717,,,91.76643276574961,94.98897941844234,,,,,60,100,-40,,,,,,39.31996429119223,,,,,,-547.1158723706669,-607.0594724146222,-547.1158723706669,-0.10927504501623542
2013-02-25,67.60001,67.81,65.96001,67.38,64.34305496698022,67.06794649110185,65.04333445756153,56.37488661709168,0.13959382749028343,0.5716092425032144,0.432015415012931,0,,,34.70110994112609,38.59362247860805,,,,,,,55.54404026709222,,,85.24704668408276,89.30876797967376,,,,,60,100,-40,,,,,,,,,,,,-492.1857137578184,-554.8668410665091,-492.1857137578184,-0.03548795811808635
2013-03-04,67.19,69.02,67.07001,68.77,65.11925746933878,67.40835719288148,65.18947820432382,56.498221078613156,0.1982964516209076,0.6798859795390655,0.4815895279181579,0,,,43.8841238879058,39.23813838854246,,,,,,,61.33550398172902,61.33550398172902,,83.61369055093752,84.23914815085593,,83.61369055093752,,,60,100,-40,,,,,,39.23813838854246,,,,,,-609.0610385291242,-670.3455972362348,-609.0610385291242,0.05112641233961667
2013-03-11,68.67999,69.00999,68.34,68.50999,65.10145479295743,67.62868375430519,65.31969435317387,56.61774116738317,0.20371130093593792,0.7362286540880802,0.5325173531521423,0,,,51.01213186849449,43.19912189917545,,,,,,,59.75792463201961,,,87.23605007551933,84.6614146226374,,,,,60,100,-40,,,,,,,,,,,,-669.2317587965562,-723.9191250114648,-669.2317587965562,0.03776333989201504
2013-03-18,67.88499,68.86,67.62,68.59,65.26778087917477,67.82094700344415,65.44794163344156,56.73686812094155,0.19667753279348,0.7783642691439923,0.5816867363505123,0,,,51.970685984828464,48.95564724707625,,,,,,,60.10003646731738,,,92.11033552568611,89.25489738269816,,,,,60,100,-40,,,,,,,,,,,,-641.1896208335461,-694.115647736653,-641.1896208335461,0.07501453608637387
2013-03-25,68.81,69.06,68.00999,68.97,65.54079653066228,68.05075760275531,65.58606156938502,56.85859082620581,0.2009063272349012,0.8328196453941388,0.6319133181592376,0,,,54.304287633029716,52.42903516211754,,,,,,,61.77216207241908,,,94.10659231196192,93.2474109552498,94.10659231196192,,,,60,100,-40,,,,,,,,,,,,-685.5187806819922,-740.640075420898,-685.5187806819922,0.15886930476173408
2013-04-01,69.00999,69.27,67.19,67.86099,65.63573820704354,68.01280408220425,65.67527444901698,56.968067434900284,0.1164895515593436,0.7775252576084171,0.6610357060490735,0,,,48.80806896915782,51.69434752900532,,,,,,,54.545036406871716,,,75.3763171254019,85.17104539703799,,,,,60,100,-40,,,,,,51.69434752900532,,,,,,-553.6062751034483,-607.7964253443711,-553.6062751034483,0.1640616631763511
2013-04-08,67.88,70.17,67.69,69.94,66.54675690654044,68.3982432657634,65.84251858827122,57.097141390771924,0.18412320211014332,0.8911897086867526,0.7070665065766093,0,,,55.843090589181124,52.98514906378955,,,52.98514906378955,,52.98514906378955,,63.27183994015717,63.27183994015717,,71.94793471244543,76.11080798683268,,,,,60,100,-40,,,,,,52.98514906378955,,,,,,-510.2233159937304,-558.1970752817581,-510.2233159937304,0.16294268312255641
2013-04-15,69.67999,69.78999,66.88,68.09,66.4348456989304,68.33659461261072,65.93065511422137,57.20652306847568,0.0923537530540216,0.8225086978941363,0.7301549448401147,0,,,48.131149639548845,50.92743639929592,,,,,,,53.390513656554006,,,45.195593785120565,55.939459465516286,,45.195593785120565,,,60,100,-40,,,,,,50.92743639929592,,,,,,-419.27362217668843,-473.97942523052933,-419.27362217668843,0.11613361996257178
2013-04-22,68.33,70.05,68.08,69.57001,66.24807100614966,68.58327769008858,66.07337491366367,57.329542838938615,0.11778720128186937,0.8773889464424514,0.759601745160582,0,,,53.54845759898259,52.50756594257084,,,,,,,58.94705016707662,,,51.95221904888126,51.5353069101364,,,,,60,100,-40,,,,,,52.50756594257084,,,,,,-394.8602363263815,-446.89225700679674,-394.8602363263815,0.18062647328348297
2013-04-29,69.78,72.34,69.75999,72.12,68.41035164856754,69.29062215207087,66.31049746606902,57.47671156690937,0.28336305462097333,1.1138055634367987,0.8304425088158254,0,,,69.70771513529786,57.129107457943086,,,,,,,66.4193584086385,,,49.38289734047592,46.39666349332571,,,,,60,100,-40,,,,,,,,,,,,-513.9765569943121,-547.4573011873791,-513.9765569943121,0.2703810344515585
2013-05-06,72.25,73.099,72.09,73.05,69.20961367366986,70.04249772165669,66.57479168308592,57.631669660770974,0.4240678737131782,1.3605273509572982,0.9364594772441199,0,,,80.81552259623946,68.02389844350662,,,,,,,68.67227854353844,,,74.59135340984838,63.48024229873727,,,,,60,100,-40,,,,,,,,,,,,-566.8899102680735,-597.9196100624011,-566.8899102680735,0.34455387106335866
2013-05-13,72.92999,74.33,72.86,74.3,70.58978412555058,70.89399817732534,66.87774102884725,57.797523693997135,0.5612631472082803,1.6380384112544704,1.07677526404619,0,,,87.20612620663366,79.24312131272364,,,,,,,71.46029572800536,71.46029572800536,,89.67859928476429,79.35719856952856,,,,,60,100,-40,,,,,,,,,,,,-658.3644720375148,-684.6614991419647,-658.3644720375148,0.41489689794640117
2013-05-20,74.09,74.95,72.75999,73.41,70.64479954515411,71.39719854186028,67.13390804732383,57.95287171694244,0.5512176697591149,1.7657973512450837,1.2145796814859688,0,,,87.17433492650734,85.06532790979348,,,,,,,66.8700059839243,,,92.28146649579946,92.5663493781396,92.28146649579946,,,,60,100,-40,,,,,,,,,,,,-592.2982043943302,-613.8139538434256,-592.2982043943302,0.35351040351563323
2013-05-28,74.25,74.53999,73.12,73.25,70.59302672050025,71.76775883348822,67.37375479056603,58.105081948614654,0.4947417006903405,1.8330068073488945,1.338265106658554,0,,,84.14098112695117,86.17381408669739,,,86.17381408669739,,86.17381408669739,,66.04377916242262,,,87.02337552593093,91.51083366633031,,,,,60,100,-40,,,,,,86.17381408669739,,105,,,,-582.7894399589975,-605.8477804173482,-582.7894399589975,0.2796462405950655
2013-06-03,73.31,73.82001,71.47,73.39,70.65495481189309,72.09220706679058,67.6096859752497,58.25717068544436,0.43014224533666257,1.8759429133293821,1.4458006679927196,0,,,76.9061106478366,82.74047556709836,,,,,,,66.4368768176315,,,78.28041436461689,82.77333243205618,,,,,60,100,-40,,,,,,,,,,,,-577.7368145119071,-601.1481839778303,-577.7368145119071,0.3040557857353302
2013-06-10,73.55,73.75999,71.55,72.28,70.57959946818643,72.12976565343246,67.79283554484776,58.39670132539018,0.2830850953948425,1.7996570372362726,1.51657194184143,0,,,68.40649919064106,76.48453032180959,,,,,,,60.42821301829559,,,67.61907398359179,72.8903904124732,,,,,60,100,-40,,,,,,,,,,,,-521.784666418833,-554.575786890952,-521.784666418833,0.2980986970688359
2013-06-17,72.88,73.72,69.84,70.42999,70.52962950617312,71.78981052274597,67.89625336661844,58.516435541057945,0.04418312116020262,1.5718008432916832,1.5276177221314806,0,,,53.365938862314366,66.22618290026399,,,,,,,51.945583003639186,,,48.33926927485122,58.20344810039762,,,,,60,100,-40,,,,,,,,,,,,-433.2783634335907,-475.5620074562335,-433.2783634335907,0.20486921801777586
2013-06-24,69.84,71.69,69.14999,71.27,70.2446559700179,71.68584841819677,68.02855715616282,58.64333667995289,-0.06819168360273098,1.442378117628067,1.510569801230798,0,,,37.177443025102285,52.98329369268587,,,,,,,55.04941768903937,,,29.659814895502677,40.035619448755156,,,,,60,100,-40,,,,,,,,,,,,-456.3186609911196,-508.18709700964564,-456.3186609911196,0.18436075279980277
2013-07-01,71.75999,72.61,71.35001,72.58,70.17146482930234,71.86467873455742,68.2070451108231,58.78200994681903,-0.06522175036481914,1.429042613274774,1.4942643636395931,0,,,35.41516756007687,41.986183149164475,,,,,,,59.47193998118592,,,21.91774390527541,25.398647150526482,,21.91774390527541,,,60,100,-40,,,,,,,,,,,,-625.1698135381888,-681.2439884624373,-625.1698135381888,0.22918018186804082
2013-07-08,72.94,75.35001,72.38,75.3,71.27493162720931,72.55174298764594,68.48520020451632,58.94636805680093,0.10001990079018208,1.6192892396273209,1.5192693388371388,0,,,46.63143618138011,39.74134892218639,,,,,,,66.81581917868525,66.81581917868525,,35.73967762549252,27.300051563314895,,,,,60,100,-40,,,,,,39.74134892218639,,,,,,-769.6843928948817,-824.6541723783578,-769.6843928948817,0.27730232193235915
2013-07-15,75.36,75.74001,74.37,74.59,71.13814936812292,72.95939439011676,68.7246041180647,59.10202608608649,0.13918552812717344,1.6932512489961056,1.5540657208689321,0,,,54.43949266630175,45.495365469252874,,,,,,,63.55896669663696,,,49.786713258948346,40.547392716397795,,,,,60,100,-40,,,,,,,,,,,,-814.2872305503578,-866.5352319459291,-814.2872305503578,0.21774786055745074
2013-07-22,74.87,75.38,74.2,75.37,71.30970869897129,73.4415155120934,68.9852078781406,59.263896473289606,0.1920471064457403,1.7941246039261074,1.602077497480367,0,,,58.012769500779086,53.02789944948696,,,,,,,65.55706696436516,,,63.64569082676704,57.62417978567578,,,,,60,100,-40,,,,,,,,,,,,-786.235006813929,-841.7106443193966,-786.235006813929,0.22346364307935238
2013-07-29,75.22,76.99001,75.02991,76.97,73.0311580776162,74.14721240967472,69.29833698095861,59.44007660788374,0.30261472034758197,1.9803458979148445,1.6777311775672625,0,,,64.07967406405223,58.843978743711,,,,,,,69.29800625214762,69.29800625214762,,70.81931996670409,67.58296890069134,,,,,60,100,-40,,,,,,,,,,,,-823.2831873932146,-883.217799897688,-823.2831873932146,0.28258177480259616
2013-08-05,76.89,77.08,75.87,76.49001,73.03248964350075,74.61577192773977,69.5803633738622,59.609727686412256,0.3101253996518418,2.0653879271320648,1.755262527480223,0,,,66.35950508164628,62.8173162154925,,,,,,,66.93529826852199,,,77.30414313382859,74.58278979205808,77.30414313382859,,,,60,100,-40,,,,,,,,,,,,-752.6862442308119,-808.087290825381,-752.6862442308119,0.26000931456705484
2013-08-12,76.2,77.27,75.28999,75.485,73.14088324039356,74.78961754219182,69.8119177513578,59.76769059500517,0.21843587829971822,2.0283073753548706,1.8098714970551524,0,,,64.12727175596774,64.85548363388871,,,64.85548363388871,,64.85548363388871,,62.13030180843767,,,75.30520036709626,76.17289206062712,,,,,60,100,-40,,,,,,64.85548363388871,,105,,106,,-628.5614725524825,-681.16232885713,-628.5614725524825,0.19651436006428719
2013-08-19,75.5,76.77,75.14,76.67,73.13153300893688,75.16569403375345,70.08086215326533,59.93587277813945,0.208639571608094,2.07067096156527,1.8620313899571759,0,,,61.96606066897849,64.1509458355308,,,,,,,65.31111580083461,,,72.63925989797522,74.93538123627874,,,,,60,100,-40,,,,,,,,,,,,-582.4593866338494,-630.041905428561,-582.4593866338494,0.25522763483955585
2013-08-26,76.72,77.28,74.96001,75.47,73.17285207972711,75.22655522700276,70.29220089235297,60.090441208207714,0.09800522392260258,1.9845379198604292,1.8865326959378266,0,,,57.66141137787253,61.25158126760622,,,,,,,59.80077751144128,,,63.968345171545344,68.17933439408195,,63.968345171545344,,,60,100,-40,,,,,,,,,,,,-485.64858906405857,-531.8524680779135,-485.64858906405857,0.18476181819037318
2013-09-03,76.10001,77.34,75.53999,76.92999,73.11264978831802,75.56724218160221,70.55250634755481,60.25799890762853,0.09949815486851654,2.0109053895234723,1.9114072346549558,0,,,57.387725390751854,59.00506581253426,,,,,,,63.8237365227814,,,64.9568080724273,65.00352766338376,,,,,60,100,-40,,,,,,,,,,,,-465.53066377968435,-511.5156557001111,-465.53066377968435,0.22618370059365606
2013-09-09,77.23,78.32001,77.23,78.06,74.21103194629531,76.06579374528177,70.84691786333697,60.43513324685611,0.14990670075918877,2.098790610603942,1.948883909844753,0,,,61.991519853358696,59.01355220732767,,,,,,,66.6243441955188,,,65.7282289027951,64.03097555901745,,,,,60,100,-40,,,,,,59.01355220732767,,,,,,-452.7069067288326,-496.694627391,-452.7069067288326,0.2198614884298911
2013-09-16,78.69,79.685,77.67,78.985,75.21238395013135,76.64963499622542,71.16605833928453,60.61970903544461,0.2149071802192335,2.217517885118795,2.0026107048995616,0,,,66.73759347884821,62.03894624098623,,,,,,,68.76843819375816,,,78.33011636943985,72.24895086673082,,,,,60,100,-40,,,,,,,,,,,,-517.6692873235903,-558.204695138091,-517.6692873235903,0.19005195769117136
2013-09-23,79.34,79.41,78.39999,79.07001,75.27900938226483,77.13370999698033,71.47601722794005,60.80329411966904,0.2315501520411587,2.29204839495101,2.0604982429098513,0,,,68.32468148530859,65.68459827250514,,,,,,,68.96692389651884,,,88.02047965756522,81.96943085846301,,,,,60,100,-40,,,,,,,,,,,,-489.91123508293754,-527.6220232948017,-489.91123508293754,0.16567275590980343
2013-09-30,78.27,79.75999,78,79.39999,75.73548799781734,77.58696599758426,71.78676125821691,60.988335869722086,0.23211678630313504,2.35064422578877,2.118527439485635,0,,,67.81175427405513,67.62467641273729,,,67.62467641273729,,67.62467641273729,,69.77469067740677,,,95.6490723523282,92.44523875836818,,,,,60,100,-40,,,,,,,,,,,,-489.92737415876707,-531.6907463321104,-489.92737415876707,0.1459751508023526
2013-10-07,78.72,79.35001,76.35001,79.23,75.74581099797325,77.9155727980674,72.07865297358096,61.16984496554575,0.19014142124133082,2.3562042160372982,2.1660627947959674,0,,,62.317344336080396,66.15126003181467,,,,,,,68.77562606332083,,,96.41764811903263,96.43993266025524,,,,,60,100,-40,,,,,,66.15126003181467,,105,,,,-523.5769424935368,-563.2015197262722,-523.5769424935368,0.23768088971648774
2013-10-14,78.74001,82.17999,78.67999,82.14999,78.32111235526088,78.76245623845392,72.47360736677386,61.37860262758012,0.3204639072590414,2.566642678869769,2.2461787716107278,0,,,68.84384638165635,66.32431499726393,,,,,,,75.34496150823006,,,97.08773092584136,97.35593284394525,,,,,60,100,-40,,,,,,66.32431499726393,,,,,,-740.1993165856209,-777.1648797760408,-740.1993165856209,0.33411877220349884
2013-10-21,82.31,83.28,81.55,82.89999,78.84460361559938,79.58996299076314,72.88248511709645,61.59274578551465,0.4127335339290439,2.7620956890220327,2.349362155092989,0,,,75.242316693257,68.80116913699788,,,,,,,76.70849929078746,76.70849929078746,,96.74883476941623,96.678140531095,,,,,60,100,-40,,,,,,,,,,,,-802.8903499336899,-831.3167198167606,-802.8903499336899,0.32392778559386787
2013-10-28,82.9,83.485,82.4,82.81,78.88713121448514,80.23397039261052,73.27179942622992,61.80386274287272,0.42176853662650826,2.8765728258761243,2.454804289249616,0,,,77.30412167574225,73.79676158355183,,,,,,,76.16099291178965,,,98.27350050162397,97.54651475468073,98.27350050162397,,,,60,100,-40,,,,,,,,,,,,-698.7284681275645,-729.2591343955314,-698.7284681275645,0.32994143091313194
2013-11-04,83.05,83.4,81.37,82.54,79.01876398487906,80.69517631408841,73.63525827226012,62.01019246682423,0.3657109462957857,2.9119429721193484,2.5462320258235627,0,,,74.8353363388725,75.79392490262387,,,75.79392490262387,,75.79392490262387,,74.43416275874895,,,95.86670325683721,96.88835544249478,,,,,60,100,-40,,,,,,75.79392490262387,,105,,,,-662.5960193770982,-692.1211099599802,-662.5960193770982,0.3990991276339546
2013-11-11,82.39,83.96,82,83.96,80.06600441453055,81.34814105127073,74.04015010472051,62.22859851193046,0.37881153385350874,3.0197464431404484,2.6409349092869396,0,,,73.97483376409174,75.37143059290212,,,,,,,77.35898576646935,,,95.53762360074424,96.23019613030884,,,,,60,100,-40,,,,,,,,,,,,-657.5785613085349,-687.1899990581655,-657.5785613085349,0.41272458829413483
2013-11-18,83.94,84.105,82.455,83.99,80.0941469563498,81.87651284101658,74.43034029669225,62.4451298700207,0.3450024322297969,3.072187949574186,2.727185517344389,0,,,72.06348906244025,73.6245530551348,,,,,,,77.41811398551083,,,95.51139357213484,95.17822232165724,,95.51139357213484,,,60,100,-40,,,,,,,,,,,,-725.2915501615286,-759.519090138499,-725.2915501615286,0.4171545321226148
2013-11-25,84.29,85.84,83.98,85.73,81.8767078880391,82.64721027281327,74.87346420662588,62.676820120070246,0.39190544999120736,3.217067329833398,2.8251618798421907,0,,,73.88224436894104,73.30685573182431,,,,,,,80.60129766350899,,,98.44826931563202,96.89653863126402,,,,,60,100,-40,,,,,,73.30685573182431,,,,,,-859.7839955867051,-901.4247101133175,-859.7839955867051,0.40142151879408167
2013-12-02,85.83,86.18,84.78,86,82.15622875317916,83.31776821825062,75.30979894362095,62.90889156166159,0.3922333292281741,3.3154535413774084,2.9232202121492343,0,,,74.0952076159189,73.34698034910002,,,,,,,81.05033216598711,81.05033216598711,,99.30742747043541,98.61485494087083,99.30742747043541,,,,60,100,-40,,,,,,,,,,,,-822.5505418436678,-865.7111264563507,-822.5505418436678,0.4822898917671262
2013-12-09,86.35,86.53,84.709,84.85,82.2307838422378,83.6242145746005,75.68392447524366,63.127211048610235,0.2718365642579652,3.263015917471691,2.9911793532137256,0,,,71.31007760220227,73.09584319568735,,,,,,,73.22890906375922,,,89.00416015406665,94.50208007703334,,,,,60,100,-40,,,,,,73.09584319568735,,105,,,,-684.8140796902737,-745.5818307370141,-684.8140796902737,0.3885913042637588
2013-12-16,85.27,86.68,84.05,86.5,82.73987071064938,84.1993716596804,76.10808429974391,63.35977611280317,0.2601532166623075,3.31637087404161,3.0562176573793023,0,,,68.90600974241154,71.43709832017753,,,,,,,76.72070611515511,,,79.46342590678596,85.60827301116798,,,,,60,100,-40,,,,,,,,,,,,-765.7569742920421,-833.6578615121025,-765.7569742920421,0.40070017491186055
2013-12-23,87.19,87.9,86.95,87.52,83.65273708846013,84.86349732774431,76.5556104056363,63.60017635048672,0.2764237233254372,3.4017473115360986,3.1253235882106614,0,,,70.73277858791865,70.31628864417745,,,,,,,78.59079321871462,78.59079321871462,,71.51153275716592,74.96197113695895,,,,,60,100,-40,,,,,,70.31628864417745,,,,,,-769.2557062389436,-850.2655230553567,-769.2557062389436,0.4084225701097439
2013-12-30,87.4,87.96,86.62,86.64,83.72897015357013,85.21879786219544,76.9510766642388,63.82942832709879,0.18747865060299862,3.3596719014644094,3.172193250861411,0,,,68.74967536920221,69.46282123317742,,,,,,,73.10212898106752,,,67.20009123871498,68.94496391430171,,,,,60,100,-40,,,,,,69.46282123317742,,105,,,,-701.2092141954992,-795.6717915907462,-701.2092141954992,0.4142975004810762
2014-01-06,86.65,87.64,86,87.3,83.80832942831512,85.63503828975635,77.35691679505297,64.06296635369482,0.1351010392845189,3.3410695499670595,3.2059685106825406,0,,,65.45041620257777,68.3109567198995,,,,,,,74.546459416153,,,62.45183270327507,64.60499458676284,,,,,60,100,-40,,,,,,,,,,,,-699.1711752508629,-795.549647665156,-699.1711752508629,0.4041658163891442
2014-01-13,87.18,88.54,85.675,87.88,84.19916304057833,86.08403063180508,77.76958672465874,64.29995176311078,0.10297558957771402,3.334687997654683,3.231712408076969,0,,,63.12808143414845,65.77605766864276,,,,,,,75.78437357026587,75.78437357026587,,50.77193479663488,56.824439744046344,,,,,60,100,-40,,,,,,,,,,,,-691.1400524779788,-777.2678935442186,-691.1400524779788,0.4599402032845345
2014-01-21,88.43,89,86.71,86.74,84.05279425196558,86.21522450544406,78.12136763741722,64.52323582516938,-0.024773212386875354,3.2007458925933747,3.22551910498025,0,,,60.59661312325442,63.05837025332684,,,,,,,68.67279496223715,,,37.82683817752497,45.167944256015176,,,,,60,100,-40,,,,,,,,,,,,-582.7509520274372,-657.7646401725426,-582.7509520274372,0.3824411781627881
2014-01-27,86.77,86.89,84.76,86.27,83.99902323396805,86.22617960435524,78.44092184771459,64.73962153835177,-0.16294577780063246,3.0218368827294597,3.184782660530092,0,,,50.20962226105412,57.97810560615229,,,,,,,65.91034116979657,,,20.86526561653529,29.233923295332204,,,,,60,100,-40,,,,,,,,,,,,-515.8871425679032,-587.2619783229893,-515.8871425679032,0.38031063055628966
2014-02-03,86.14,87.359,83.74,87.3,83.97195014582746,86.44094368348419,78.78833667721598,64.96410291607961,-0.20431063988949294,2.9293943606682262,3.133705000557719,0,,,42.49070484826725,51.09898007752522,,,,,,,68.88215303655662,,,11.663466072024818,16.57731804520571,,11.663466072024818,,,60,100,-40,,,,,,,,,,,,-442.08948028282987,-505.94161862790037,-442.08948028282987,0.4229876013748073
2014-02-10,87.23,90.01,87.21,89.81,85.66409656398265,87.11475494678736,79.22055876830555,65.21132577263603,-0.08791408686206026,3.023812391980144,3.111726478842204,0,,,52.35101921633833,48.35044877521986,,,,,,,74.70387281025577,,,21.157330871071014,15.390220944681099,,,,,60,100,-40,,,,,,48.35044877521986,,,,,,-462.6186656859517,-511.2249606955549,-462.6186656859517,0.44996585310989595
2014-02-18,89.93,90.465,89.31,89.93,85.68023252369818,87.67780395742989,79.64053685582299,65.45728273012224,-0.03106127736917008,3.0728998821307414,3.1039611594999115,0,,,60.055180272604915,51.63230144573679,,,,,,,74.94663301065762,,,37.38866698420148,27.11284721617697,,,,,60,100,-40,,,,,,,,,,,,-520.3243628339605,-571.9113314781814,-520.3243628339605,0.4267067763544781
2014-02-24,90.1,90.96,89.54,90.34,86.22878734343402,88.21024316594391,80.06012364579071,65.7048719566882,0.004068266453139291,3.1090464925663355,3.104978226113196,0,,,64.18946448188272,58.865221323608615,,,,,,,75.80603282420789,,,54.86572250017885,46.08009313751117,,,,,60,100,-40,,,,,,,,,,,,-554.810842318695,-609.7456348457847,-554.810842318695,0.37938542220005245
2014-03-03,89.48,91.36,88.87,90.53,86.50958824747445,88.67419453275512,80.4707070322303,65.95188815612413,0.009691381024669266,3.117092452394033,3.1074010713693636,0,,,64.82565504598001,63.023433266822515,,,,,,,76.2156260172253,76.2156260172253,,63.32809201848822,59.49300566301226,63.32809201848822,,,,60,100,-40,,,,,,,,,,,,-577.5725073516595,-626.1555194192784,-577.5725073516595,0.3416318112226129
2014-03-10,90.48,91.055,88.63,88.67,86.4410462297977,88.6733556262041,80.79224793292714,66.17793902024229,-0.13432263502518005,2.9394977775878885,3.0738204126130686,0,,,60.200999790288634,63.07203977271709,,,63.07203977271709,,63.07203977271709,,64.6145693744366,,,52.75117665226789,59.07922088533664,,,,,60,100,-40,,,,,,63.07203977271709,,105,,106,,-514.3775060149942,-565.9454249794096,-514.3775060149942,0.26389218047570434
2014-03-17,89.24,90.66,88.825,89,86.38668578481216,88.73868450096327,81.11412056300843,66.40502420412048,-0.22451002068576864,2.793182886755858,3.0176929074416265,0,,,56.00691905745218,60.34452463124023,,,,,,,65.6203833320744,,,36.32830724142373,46.56073131900271,,,,,60,100,-40,,,,,,,,,,,,-543.5815958304497,-589.4098931649714,-543.5815958304497,0.2244237233684978
2014-03-24,89.32,89.39,86.4,87.05,86.398351085897,88.40094760077062,81.3469001487728,66.6104468488556,-0.42122471518299465,2.4911620134628834,2.912386728645878,0,,,40.192673671762435,52.13353083983437,,,,,,,55.518277107457784,,,13.692655899914028,24.976081845718,,,,,60,100,-40,,,,,,,,,,,,-440.20312386127705,-480.42627622588566,-440.20312386127705,0.16504191737437104
2014-03-31,87.73,89.68,86.14,86.37,86.26632600833292,87.99475808061649,81.54388445666406,66.80705931802122,-0.5923880643615975,2.171901648193881,2.7642897125554784,0,,,26.453830325868296,40.88447435169426,,,,,,,52.466905999513024,,,6.357005489065845,10.304781024021638,,,,,60,100,-40,,,,,,,,,,,,-378.348010431954,-413.98513509390637,-378.348010431954,0.05440050551988896
2014-04-07,85.84,87.88,83.91,84.11,86.06515986488057,87.2178064644932,81.64451643875566,66.97922788202101,-0.8380453963137802,1.716732967163253,2.554778363477033,0,,,5.709865925072645,24.118789974234414,,,,,,,43.79948842587727,,,0.803076651370017,1.6061533027400527,,0.803076651370017,,,60,100,-40,,,,,,,,,,,,-255.0120085352351,-285.0787468950143,-255.0120085352351,-0.0670397878731268
2014-04-14,84.85,86.63,83.28,86.2,85.81693416024625,87.01424517159455,81.82316285292211,67.17047934588149,-0.8379994376255517,1.5072790664450935,2.345278504070645,0,,,-7.474383086896109,8.229771054681564,,,,,,,51.780010931467125,,,5.805368414040579,3.5049916955478153,,,,,60,100,-40,,,,,,,,,,,,-226.82800698337417,-255.06442927773904,-226.82800698337417,-0.039466517368585086
2014-04-21,86.41,88.21,85.98,86.19,85.67501029165723,86.84939613727565,81.99441136849379,67.359728307614,-0.8160609494469413,1.3252023172619687,2.14126326670891,0,,,-9.135434733270294,-3.6333172983646307,,,,,,,51.74192632509612,,,12.13152883098099,8.092200698623843,,,,,60,100,-40,,,,,,,,,,,,-161.04109662276062,-192.32544213633193,-161.04109662276062,-0.11414890779693508
2014-04-28,86.58,88.15,85.11,87.49,85.70322384225315,86.97751690982052,82.2099246481607,67.56002951848352,-0.6960895921373935,1.271151276537168,1.9672408686745615,0,,,-9.520778621614046,-8.710198813926864,,,,,,,56.27150041790211,,,23.23354553742599,17.685923292680883,,,,,60,100,-40,,,,,,,,,,,,-123.57907905498595,-157.35717992972613,-123.57907905498595,-0.0484667912967681
2014-05-05,86.98,87.97,85.53,86.8,85.61370785352078,86.94201352785642,82.38992760313478,67.75147201083692,-0.6463728504745145,1.1592748055814184,1.805647656055933,0,,,-11.061433969846993,-9.905882441577157,,,,,,,53.390022255906786,,,27.673850073720526,25.074931223237588,,,,,60,100,-40,,,,,,,,,,,,-6.564701044988475,-46.928601760685034,-6.564701044988475,-0.09139115386464297
2014-05-12,87.31,88.61,86.58,87.71,85.61630014969786,87.09561082228514,82.59855789320792,67.95006432913705,-0.539715098009601,1.1310037835439317,1.6707188815535328,0,,,-3.5714582708030234,-8.051223620754735,,,,,,,56.56759242167929,,,33.171539627124524,31.34925399015592,,,,,60,100,-40,,,,,,-8.051223620754735,,,,,,47.356153690464,0.6947803776213135,47.356153690464,-0.08543015881863472
2014-05-19,87.47,89.9,87.3,89.88,85.67727871043373,87.65248865782812,82.8841046424939,68.16827264427002,-0.32131862244069076,1.2690706035026693,1.59038922594336,0,,,12.750503900237995,-0.6274627801373409,,,,,,,63.07129636840509,,,38.67502853098702,35.65416281256768,,,,,60,100,-40,,,,,,,,,,,,30.564125746743258,-14.886088781946185,30.564125746743258,-0.021341939306306755
2014-05-27,90.28,91.45,90.2,91.31,86.4324730882599,88.3839909262625,83.2145319114157,68.39853858810812,-0.09082790518984174,1.4768543444560578,1.5676822496458995,0,,,32.09807994802226,13.759041859152411,,,,,,,66.63777982250264,,,49.44693946497586,43.89589961086282,,,,,60,100,-40,,,,,,,,,,,,2.279739247335364,-45.81589082159233,2.279739247335364,-0.01912224876814847
2014-06-02,91.43,92.82,90.64,92.82,88.06658215338418,89.27119274101,83.59121693449744,68.64153820414685,0.14047297245065127,1.7432734652092137,1.6028004927585624,0,,,46.024559372400844,30.291047740220364,,,,,,,69.9569064235516,69.9569064235516,,61.75398783864725,55.05046231144746,,,,,60,100,-40,,,,,,,,,,,,-77.2256678885438,-125.66754703584827,-77.2256678885438,-0.013382208891712617
2014-06-09,92.85,93.02,91.73,92.32,88.09468342814245,89.88095419280799,83.93352215275245,68.87714478918022,0.23156279812297864,1.8922539904122857,1.660691192289307,0,,,53.57356005897976,43.89873312646762,,,,,,,67.54630379375192,,,73.55999656453665,67.64387145350233,,,,,60,100,-40,,,,,,,,,,,,-86.82100099971763,-138.27344757478494,-86.82100099971763,0.021347085456065732
2014-06-16,92.16,93.17,91.96,92.77,88.24792032613227,90.45876335424639,84.28005069578177,69.1148846420242,0.2900949757501159,2.023309911976952,1.733214936226836,0,,,57.605279782057124,52.401133071145914,,,,,,,68.60120696913832,,,83.48823052633813,78.72752402352359,,,,,60,100,-40,,,,,,,,,,,,-135.58081899976895,-186.76918437936948,-135.58081899976895,0.005282753062046311
2014-06-23,92.735,93.765,92.43,93.75,89.33164030283712,91.11701068339711,84.6514212567315,69.3600101679742,0.3583144735513719,2.181108028166051,1.822793554614679,0,,,60.82264980183294,57.33382988095661,,,,,,,70.83759633479798,,,91.51188854747625,87.68720894991905,,,,,60,100,-40,,,,,,,,,,,,-150.02067009072005,-205.53842358312045,-150.02067009072005,-0.015994157945920653
2014-06-30,93.71,95.7,93.67,95.7,91.40652313834876,92.03360854671769,85.08469885450673,69.62209961903913,0.4901160798994266,2.435438654488962,1.9453225745895355,0,,,66.12541248181557,61.51778068856854,,,,,,,74.71908168741734,74.71908168741734,,96.15685977202875,93.97480617956091,,,,,60,100,-40,,,,,,,,,,,,-195.47145734695277,-249.07689202255312,-195.47145734695277,-0.03401259814967529
2014-07-07,95.59,95.71,93.63,95.27,91.42320005703813,92.68088683737415,85.4841224288398,69.87730260790441,0.5018573485254509,2.5726442602463493,2.0707869117208983,0,,,66.93951505497628,64.62919244620826,,,,,,,72.41653561240904,,,97.36809859102011,97.10291967289258,97.36809859102011,,,,60,100,-40,,,,,,,,,,,,-156.2948287384159,-205.60836620027075,-156.2948287384159,-0.012246428087073267
2014-07-14,95.7,96.3,94.32,96.12,91.85154291010684,93.36870946989931,85.90121566692451,70.13842397498993,0.5182744019936787,2.718629914212997,2.200355512219318,0,,,67.67942426925714,66.91478393534966,,,,,,,74.12412860559357,,,97.2755112183242,97.63080332757318,,,,,60,100,-40,,,,,,,,,,,,-103.33213260415846,-156.4068450729488,-103.33213260415846,0.017199253214026832
2014-07-21,95.92,97.51,95.55,96.74,92.49357555938491,94.04296757591945,86.32626603292748,70.40311627374625,0.5209022228689717,2.8514832908055325,2.330581067936561,0,,,69.09697472128977,67.90530468184106,,,67.90530468184106,,67.90530468184106,,75.33089661294821,75.33089661294821,,97.03906217575397,97.15790524243272,,,,,60,100,-40,,,,,,,,,,,,-77.27174485794784,-125.24196415059448,-77.27174485794784,0.01135737487369314
2014-07-28,96.8,97.32,94.04,94.67,92.51689159085741,94.16837406073556,86.65347128653816,70.64457780336072,0.34189270798115334,2.7579469529130023,2.416054244931849,0,,,64.38421866117024,67.05353921723905,,,,,,,64.45797570856536,,,87.8927272638573,92.40647318646627,,,,,60,100,-40,,,,,,67.05353921723905,,105,,,,24.05039057076994,-27.925243395940953,24.05039057076994,0.020187155793111637
2014-08-04,94.9,95.69,93.885,94.9,92.34997076293902,94.31469924858845,86.97686456941902,70.8859252879044,0.2044217886479549,2.671581480741793,2.467159692093838,0,,,57.81931969234987,63.76683769160329,,,,,,,65.06492769268868,,,76.10485697968531,83.12722860242356,,,,,60,100,-40,,,,,,,,,,,,56.9503195579027,0.7884372215028534,56.9503195579027,0.06917886078600309
2014-08-11,95.25,97.63,94.93,97.4,93.06568713701482,94.93175939887077,87.38561497846142,71.14974692683073,0.2445930872829245,2.7729010511974934,2.528307963914569,0,,,59.29758703736592,60.500375130295346,,,,,,,70.91381458928457,,,66.55416253260935,71.39244794085353,,66.55416253260935,,,60,100,-40,,,,,,,,,,,,40.23207963828405,-6.627642273315857,40.23207963828405,0.15044145472192316
2014-08-18,97.89,99.25,97.77,99.05,94.63528091294233,95.75540751909661,87.84304184205116,71.42736138527023,0.3391987494172799,2.952306400686169,2.613107651268889,0,,,65.1278917304379,60.748266153384556,,,,,,,74.02338360079708,,,71.61341727340765,68.5062992570319,,,,,60,100,-40,,,,,,60.748266153384556,,,,,,8.371701522232406,-40.8771618599857,8.371701522232406,0.25084179164361053
2014-08-25,99.52,99.9141,99.08,99.78,95.41633227630359,96.56032601527728,88.31115784824523,71.70947719238197,0.40347807761163645,3.1174552482834343,2.713977170671798,0,,,69.05663147356805,64.49403674712396,,,,,,,75.28956199123378,,,82.55946185179616,75.38883402943524,,,,,60,100,-40,,,,,,,,,,,,-25.87769875453713,-72.53585970362468,-25.87769875453713,0.38868309142996826
2014-09-02,100.04,100.34,99.03,99.89,95.71457997085334,97.22626081222182,88.76523008949052,71.98988040439806,0.40489325888957994,3.2200937442837727,2.8152004853941928,0,,,69.8190367910558,68.00118666502057,,,,,,,75.48462850671561,75.48462850671561,,92.13956943181606,87.18244095689316,,,,,60,100,-40,,,,,,,,,,,,-18.44538989007585,-65.7111579393293,-18.44538989007585,0.3596343661663262
2014-09-08,99.89,100.46,99.0645,99.48,95.82568140150667,97.67700864977746,89.18541714480462,72.26341393271251,0.33272420579646145,3.2311057426397696,2.898381536843308,0,,,68.15842254105017,69.01136360189133,,,69.01136360189133,,69.01136360189133,,73.15285251746205,,,93.29994517133537,93.3566694808917,93.29994517133537,,,,60,100,-40,,,,,,69.01136360189133,,105,,,,-29.637137182789353,-81.94549285945122,-29.637137182789353,0.3952778895280456
2014-09-15,99.59,100.5646,98.05,99.98,96.00663272997049,98.13760691982198,89.60873411951816,72.53920085875517,0.2755329294858102,3.2427976987005707,2.9672647692147605,0,,,64.9641741230419,67.64721115171595,,,,,,,74.2055482430173,,,91.48644985651313,93.32820462038607,,,,,60,100,-40,,,,,,,,,,,,-5.157657695009448,-61.59176688500555,-5.157657695009448,0.39193760878641676
2014-09-22,99.74,99.8868,97.7,98.78,95.93121610640117,98.26608553585758,89.96839160502725,72.80030333777253,0.12160947093204078,3.1192766078798115,2.9976671369477708,0,,,58.60163861453994,63.908078426210665,,,,,,,67.34034504332391,,,74.40141706895047,82.92268752308006,,,,,60,100,-40,,,,,,,,,,,,59.41646188590138,-8.575081996822718,59.41646188590138,0.38395541429337543
2014-09-29,97.8,99.3,95.97,98.17,95.89470067022965,98.24686842868607,90.29002330679089,73.0527381304315,-0.047499674324969376,2.938292544041559,2.9857922183665284,0,,,48.100354539675195,57.22205575908566,,,,,,,64.07580654262603,,,52.12320189771585,64.9428113757232,,,,,60,100,-40,,,,,,,,,,,,71.34074154301021,-2.4705216337640223,71.34074154301021,0.39889520108323084
2014-10-06,98.47,98.76,94.42,94.44,95.71079347949896,97.48549474294886,90.4527674908383,73.2655467062481,-0.41626478272306855,2.4654612399626927,2.8817260226857613,0,,,29.73682622355853,45.47960645925787,,,,,,,48.5005767267631,,,23.90981307609759,38.25084129668115,,,,,60,100,-40,,,,,,,,,,,,322.9151521715538,207.97866411782948,322.9151521715538,0.2458038286369752
2014-10-13,94.29,94.99,90.24,93,95.3957368023919,96.58839579435909,90.55265896178581,73.46190942558891,-0.74374790271757,1.952041144288799,2.695789047006369,0,,,5.951008459028468,27.929396407420715,,,,,,,44.02493913645489,,,8.145396212537097,16.29079242507419,,8.145396212537097,,,60,100,-40,,,,,,,,,,,,268.7487608676349,166.52799791458776,268.7487608676349,0.21696521992902373
2014-10-20,92.96,98.69,92.8,98.62,95.04461274507818,96.99471663548726,90.8690252770099,73.71223868503579,-0.5759412073876868,1.9758625377717607,2.5518037451594475,0,,,5.360748860069538,13.682861180885496,,,,,,,59.7348380311206,,,12.644791612707476,8.714592020232256,,,,,60,100,-40,,,,,,,,,,,,233.52171343715585,132.61381647557184,233.52171343715585,0.23618243570202171
2014-10-27,98.4,101.75,98.02,101.4,95.97571183471547,97.87577330838981,91.28200467791147,73.9877387976225,-0.28642263415693003,2.193775452463285,2.480198086620215,0,,,20.37546210242734,10.562406473841767,,,,,,,64.99900644275999,,,28.528731685772854,18.408113644182112,,,,,60,100,-40,,,,,,10.562406473841767,,,,,,37.42685644858199,-64.22505924725942,37.42685644858199,0.27948073985389355
2014-11-03,101.53,102.03,100.67,101.6,96.03030384652149,98.62061864671185,91.68663194544436,74.26248766530784,-0.0997912133533152,2.355459069928571,2.4552502832818863,0,,,32.32155634486007,19.3525891024523,,,,,,,65.35204749254214,,,49.931116247967736,38.771643357120446,,,,,60,100,-40,,,,,,,,,,,,-3.014390178432933,-113.45686665684866,-3.014390178432933,0.28022680789016036
2014-11-10,101.65,103.28,101.38,103.22,97.85385357176996,99.54049491736947,92.13892088876027,74.55062211639931,0.1034175330740239,2.5845221996244163,2.4811046665503924,0,,,42.073773771947636,31.59026407307833,,,,,,,68.16937374183249,,,63.20660890048315,56.538289166786235,,,,,60,100,-40,,,,,,,,,,,,-15.193591964172413,-129.19198181014895,-15.193591964172413,0.27402151739473535
2014-11-17,102.98,104.69,102.42,103.87,98.6157211737864,100.40639593389558,92.5989632068481,74.84235721971872,0.2442252443916697,2.7863862220399795,2.54216097764831,0,,,49.47849846823755,41.291276195015065,,,,,,,69.25600046048439,,,71.34963124964185,68.4161950680697,,,,,60,100,-40,,,,,,,,,,,,-65.15839342523194,-178.42980329921284,-65.15839342523194,0.25708169554130317
2014-11-24,104.15,106.245,104.06,106.01,100.80674108994451,101.52711674711647,93.12488621834424,75.15248301852749,0.4330715032651695,3.083500356729772,2.6504288534646023,0,,,56.576689895209576,49.376320711798236,,,,,,,72.59302104409235,72.59302104409235,,78.54468429609346,75.31184116439525,,,,,60,100,-40,,,,,,,,,,,,-117.85686734791703,-249.62438451753775,-117.85686734791703,0.2535635738578142
2014-12-01,105.72,105.9199,104.42,105.38,100.83911672637704,102.29769339769317,93.60547891566408,75.45325433177598,0.4643657738093463,3.230886070726285,2.766520296916939,0,,,58.8943493331607,54.98317923220259,,,,,,,70.1641596553349,,,81.9715884961683,80.00094296283557,81.9715884961683,,,,60,100,-40,,,,,,,,,,,,-140.97380055738668,-274.2381327870763,-140.97380055738668,0.22910693333287288
2014-12-08,105.11,105.57,102.66,102.67,100.98132267449297,102.37215471815453,93.96095033073608,75.72406772150956,0.2614698887138829,3.0933576578092925,2.8318877690954096,0,,,54.95320426735354,56.808081165241255,,,56.808081165241255,,56.808081165241255,,60.69989930180292,,,78.25752294195938,80.55870183530288,,,,,60,100,-40,,,,,,56.808081165241255,,105,,106,,-18.97856409240724,-162.55847228033517,-18.97856409240724,0.15800587763361032
2014-12-15,103.2,104.74,99.92,104.32,100.92479962631491,102.76172377452363,94.367187572668,76.00860436109653,0.20007336012573074,3.0819794692525733,2.8819061091268425,0,,,49.08950143995733,54.31235168015718,,,,,,,63.910789753516205,,,71.94913910886902,75.94921407396374,,,,,60,100,-40,,,,,,,,,,,,-91.89155243924226,-218.45693186572876,-91.89155243924226,0.2529473889338537
2014-12-22,104.15,105.26,104.09,105.04,100.59945679586384,103.2173790196189,94.78572923648494,76.29747396944383,0.1707779593709935,3.0953785583405846,2.924600598969591,0,,,50.31249720551581,51.451734304275554,,,,,,,65.25281923837431,65.25281923837431,,67.63554785532945,69.79412597576227,,,,,60,100,-40,,,,,,,,,,,,-161.54763381392547,-286.0102169810508,-161.54763381392547,0.26916296561301556
2014-12-29,104.94,105.25,102.44,102.94,100.81878131044499,103.16190321569512,95.10550456054436,76.5625737309419,-0.01721641252407924,2.9030800833144923,2.9202964958385715,0,,,45.42163107666967,48.27454324071426,,,,,,,58.39184509974377,,,64.94137296977497,65.82719495455522,,,,,60,100,-40,,,,,,,,,,,,-160.3571549386663,-283.09926843904157,-160.3571549386663,0.21969522511804668
2015-01-05,102.49,103.65,99.62,102.62,100.78815407398464,103.05352257255609,95.40019065620929,76.82185160426587,-0.18119056811712042,2.693808285692171,2.8749988538092914,0,,,33.28780299402383,43.00731042540309,,,,,,,57.39561872787595,,,60.26927428733405,62.517767323639866,,,,,60,100,-40,,,,,,,,,,,,-143.9285813134542,-261.62667417739766,-143.9285813134542,0.21820297486834772
2015-01-12,102.82,103.62,99.36,100.82,100.58542878298573,102.60681805804487,95.61273219910305,77.06063915049208,-0.4155506937846467,2.355560486578483,2.7711111803631296,0,,,20.226260708571704,32.97856492642172,,,,,,,51.99039600303889,,,48.58154521399249,54.80985566600199,,,,,60,100,-40,,,,,,,,,,,,-58.66883925646256,-165.87636978150712,-58.66883925646256,0.17365072492316272
2015-01-20,101.43,104.58,100.29,104.26,100.36432672705818,102.9374544464359,95.9518407403147,77.33127955695484,-0.3463901543498378,2.3381234874258325,2.6845136417756703,0,,,20.39772577439569,24.637263158997058,,,,,,,59.82381853260665,,,42.014766087020725,46.10088704676317,,,,,60,100,-40,,,,,,,,,,,,-74.3654139371057,-182.9897570939604,-74.3654139371057,0.19602850366032307
2015-01-26,104.14,104.33,99.96,101.1,100.15473196083974,102.56996355714871,96.15372933873373,77.56778423798016,-0.5110213399281553,2.0457369668654763,2.5567583067936317,0,,,11.795936687610062,17.473307723525807,,,,,,,51.46696593550687,,,28.070310220248373,34.1056250824395,,,,,60,100,-40,,,,,,,,,,,,-12.66261140308643,-118.80980125869485,-12.66261140308643,0.185107811442731
2015-02-02,101.33,104.17,99.75,103.13,99.94867967792261,102.68197084571896,96.427308580352,77.8221346435724,-0.48118001444179814,1.9552832887413842,2.4364633031831824,0,,,9.188743339260725,13.794135267088812,,,,,,,55.76712789234104,,,22.953883660773727,26.467851951720743,,,,,60,100,-40,,,,,,,,,,,,-72.17850023888893,-172.6625646662049,-72.17850023888893,0.18311441520582758
2015-02-09,102.73,106.93,102.55,106.91,100.65020255807099,103.52757667657517,96.83839451837741,78.11156613965625,-0.21823379990464176,2.16367105330238,2.381904853207022,0,,,27.276224711470682,16.08696824611381,,,,,,,62.47422912211643,,,22.94926311679238,21.843359240367175,,22.94926311679238,,,60,100,-40,,,,,,16.08696824611381,,,,,,-131.78240928636367,-223.996643817804,-131.78240928636367,0.22153290042763524
2015-02-17,106.91,108.47,106.6432,108.41,101.97161666106592,104.50406134126013,97.29218296863712,78.41304309349051,0.03202709350321964,2.4219387200860467,2.389911626582827,0,,,45.098769305387236,27.187912452039537,,,,,,,64.7706719943856,64.7706719943856,,37.16982788838592,29.45868453495403,,,,,60,100,-40,,,,,,,,,,,,-174.18560759793394,-256.9063449418396,-174.18560759793394,0.23128055049493035
2015-02-23,108.35,108.94,108.05,108.4,102.17052975670407,105.28324907300811,97.7277836365337,78.7114207741523,0.16478031522458636,2.59588702061356,2.4311067053889737,0,,,55.22810857013046,42.534367528996114,,,,,,,64.74205767837509,,,50.73869728859709,42.60338320305739,,,,,60,100,-40,,,,,,,,,,,,-195.24276985285502,-277.46882767968697,-195.24276985285502,0.32029744497416035
2015-03-02,108.61,109.42,107.14,107.41,102.48906334551091,105.70859925840648,98.10747839588532,78.99697877639954,0.1540059833765186,2.6236141846096217,2.469608201233103,0,,,58.221316920641854,52.849398265386505,,,,,,,61.81329512861923,,,57.22183176155422,54.549661534765754,57.22183176155422,,,,60,100,-40,,,,,,,,,,,,-173.38044806142682,-255.20176810156204,-173.38044806142682,0.3029889930380604
2015-03-09,107.63,107.9857,104.68,105.34,102.58627310654586,105.63487940672519,98.3911066940859,79.25909839056472,-0.015437917890292141,2.450310803870238,2.46574872176053,0,,,51.44919068934637,54.96620539337289,,,54.96620539337289,,54.96620539337289,,56.06802827969623,,,53.16542376822531,56.27471522473252,,,,,60,100,-40,,,,,,54.96620539337289,,105,,106,,-174.58400295934922,-259.7105375376417,-174.58400295934922,0.20751389133669235
2015-03-16,105.73,109.07,105.62,108.53,102.65001074179258,106.21390352538015,98.78871035314135,79.55035114289741,0.06026579578733893,2.541080966494704,2.480815170707365,0,,,53.138853298639134,54.269786969542444,,,,,,,61.96929365643369,61.96929365643369,,54.28061985480366,54.62784350241702,,,,,60,100,-40,,,,,,,,,,,,-294.6596387849221,-388.85407616716134,-294.6596387849221,0.1918385019513456
2015-03-23,108.47,108.81,104.24,105.52,102.53715283166454,106.07512282030412,99.05268249615541,79.80875560913724,-0.11015210216044569,2.3431250430068076,2.4532771451672533,0,,,45.82645288570924,50.1381656245649,,,,,,,54.48759809351338,,,45.75923819640897,48.87700122793158,,,,,60,100,-40,,,,,,,,,,,,-230.17606809675445,-315.42606231858656,-230.17606809675445,0.14995272625682277
2015-03-30,106.16,106.82,104.37,105.12,102.31235620083136,105.88409825624329,99.29061651591402,80.06060878715577,-0.2590855088080084,2.129420259157243,2.3885057679652513,0,,,34.766293436345194,44.57719987356452,,,,,,,53.556719473836424,,,40.57705194433971,44.43224381518902,,,,,60,100,-40,,,,,,,,,,,,-242.8713284427991,-325.3485964424799,-242.8713284427991,0.10212383875732978
2015-04-06,104.5,107.76,104.34,107.75,102.40647361505769,106.25727860499464,99.62235704470172,80.33612511763184,-0.19278748760541076,2.1475214084584877,2.3403088960638985,0,,,34.3020607817511,38.29826903460184,,,,,,,58.59524511566246,,,33.04811953723335,36.36489357821086,,,,,60,100,-40,,,,,,,,,,,,-256.8947232713811,-339.8306698165744,-256.8947232713811,0.1273526534150064
2015-04-13,107.83,108.38,105.55,106.01,102.35529692826786,106.20782288399572,99.87285284687027,80.59158655924745,-0.273505818177747,1.9984266233417145,2.2719324415194615,0,,,33.70891811458558,34.25909077756061,,,,,,,54.367800250971015,,,30.851101768189878,32.03885227653149,,30.851101768189878,,,60,100,-40,,,,,,,,,,,,-209.2775008584027,-283.49782075901544,-209.2775008584027,0.07866676097247334
2015-04-20,106.54,110.69,106.5,110.54,104.4020614333916,107.07425830719657,100.29117234307144,80.88958072283702,-0.04137963437235115,2.2202078985540226,2.2615875329263737,0,,,47.951857407031255,38.6542787677893,,,,,,,62.08319825825144,62.08319825825144,,43.76966430685991,36.733506342455975,,,,,60,100,-40,,,,,,38.6542787677893,,,,,,-235.7725007023295,-304.6800351664671,-235.7725007023295,0.1065813762443127
2015-04-27,110.95,111.16,107.06,109.05,104.17191418814933,107.46940664575726,100.63465578059805,81.16978389972422,-0.009425031511173465,2.2498062435374067,2.25923127504858,0,,,54.01259334808793,45.224456289901575,,,,,,,58.55539760302195,,,47.12480383757024,43.67969530156315,,,,,60,100,-40,,,,,,,,,,,,-154.72295512008776,-227.46548331801853,-154.72295512008776,0.17671722903212211
2015-05-04,109.4,109.91,105.995,108.69,104.0410631747101,107.71352531660581,100.9505516323393,81.44361689574687,-0.03247376903507515,2.218639063754736,2.2511128327898113,0,,,51.78240091589491,51.24895055700469,,,,,,,57.69724724758409,,,54.017373472282955,52.35262039735178,54.017373472282955,,,,60,100,-40,,,,,,,,,,,,-142.95514509825364,-218.83539544201514,-142.95514509825364,0.12118886262826577
2015-05-11,108.76,110.01,106.8,109.58,103.94598723365938,108.08682025328464,101.28896137224756,81.72358090673447,-0.008943187752854076,2.239933848098744,2.248877035851598,0,,,52.81567776476444,52.870224009582415,,,,,,,59.294944243226375,,,48.49900655572357,50.81251300805965,,,,,60,100,-40,,,,,,52.870224009582415,,,,,,-163.32693689857112,-242.68350536164877,-163.32693689857112,0.1309075291876125
2015-05-18,109.4,110.87,109.32,110.47,103.95841671696942,108.56345620262772,101.64900210274766,82.00961492756298,0.04256927954633749,2.3020886352845196,2.259519355738182,0,,,59.51652682345161,54.704868501370306,,,,,,,60.89494715466825,60.89494715466825,,50.39396387051285,50.66388859790683,,,,,60,100,-40,,,,,,54.704868501370306,,,,,,-142.7220392806491,-229.4683225686217,-142.7220392806491,0.16564984249311088
2015-05-26,110.23,111.08,108.76,110.05,104.2071012371859,108.86076496210218,101.97845300067912,82.28862373425389,0.02522171864549927,2.291046504045056,2.265824785399557,0,,,60.684249413770125,57.67215133399537,,,,,,,59.69535301958667,,,53.405045588122434,50.77990760568781,,,,,60,100,-40,,,,,,,,,,,,-150.40894122962203,-234.1104457379632,-150.40894122962203,0.13771061767422374
2015-06-01,110.64,110.81,108.63,109.3,104.3280225773869,108.94861196968175,102.26557249084857,82.55739364734589,-0.055493900541214725,2.1964574097230383,2.251951310264253,0,,,57.88468623688753,59.361820824703074,,,59.361820824703074,,59.361820824703074,,57.50393747312492,,,54.099643714004,53.58837753542099,54.099643714004,,,,60,100,-40,,,,,,59.361820824703074,,105,,,,-179.42549736969073,-265.18127378560627,-179.42549736969073,0.15318928477642768
2015-06-08,109.25,110.15,107.2,108.75,104.46030667900212,108.9088895757454,102.51986376571725,82.81801659612852,-0.15880613029610746,2.0534436473941184,2.212249777690226,0,,,48.429055891462355,55.665997180706654,,,,,,,55.87441361204706,,,46.56451157453802,50.942529153055034,,,,,60,100,-40,,,,,,,,,,,,-185.8935887570197,-266.9664967336779,-185.8935887570197,0.10942681406726841
2015-06-15,107.94,110.88,107.31,109.89,104.47314191621625,109.10511166059632,102.80888871608127,83.08738956532126,-0.1626518768409433,2.008934931639047,2.17158680847999,0,,,46.372228994143946,50.89532370749793,,,,,,,58.51418910399808,,,45.00115335736105,46.699927650832535,,,,,60,100,-40,,,,,,,,,,,,-245.73111807392522,-323.8816791457364,-245.73111807392522,0.1730518032044168
2015-06-22,110.7,111.13,108.86,109.27,104.3964889222008,109.13808932847705,103.06226562917612,83.34791305223348,-0.21590073009771515,1.9017108958578461,2.1176116259555613,0,,,47.45072923612866,47.4173380405783,,,,,,,56.52194502207863,,,40.54787651239195,41.64615652117362,,,,,60,100,-40,,,,,,47.4173380405783,,,,,,-261.9618238786661,-346.8122829374207,-261.9618238786661,0.11609594733622328
2015-06-29,108.06,108.66,106.64,107.95,104.5110254277579,108.90047146278164,103.2539414868555,83.59270993728589,-0.34150338390327306,1.69073239607647,2.032235779979743,0,,,28.40604747959403,40.743001903288864,,,,,,,52.406552241029665,,,34.126847522230754,37.75141765299035,,,,,60,100,-40,,,,,,40.743001903288864,,,,,,-180.6960377189086,-266.4827769487988,-180.6960377189086,0.08433099826051735
2015-07-06,107.27,108.32,105.83,107.65,104.56595218291805,108.65037717022531,103.42633593835136,83.8320859578104,-0.4399993271207563,1.4822366210787976,1.922235948199554,0,,,11.158058932027203,29.00494521591661,,,,,,,51.48361398432805,,,19.286717522459764,27.131327235000253,,19.286717522459764,,,60,100,-40,,,,,,,,,,,,-149.66039449728885,-244.39499932174445,-149.66039449728885,0.08153616233416719
2015-07-13,108.58,113.59,108.57,113.59,107.68695559842389,109.63830173618025,103.82491099959248,84.12818460499638,-0.11711691949414904,1.7758397988318677,1.8929567183260168,0,,,30.66811324707936,23.41073988623351,,,,,,,64.78600376765004,64.78600376765004,,29.21295308912064,25.092572844907938,,,,,60,100,-40,,,,,,23.41073988623351,,,,,,-148.81305004323636,-248.14136308142724,-148.81305004323636,0.14285428527246702
2015-07-20,113.83,114.39,110.93,111.1,107.26003019853648,109.9306413889442,104.1102086074516,84.39656087758348,-0.08476472719243988,1.787000809335467,1.871765536527907,0,,,41.8065741913841,27.877582123496868,,,,,,,57.61247612759044,,,39.93515186538193,31.161436218504125,,,,,60,100,-40,,,,,,,,,,,,20.971140873715726,-92.11566070298595,20.971140873715726,0.12042154933050893
2015-07-27,110.47,112.49,109.785,111.95,107.2178851843553,110.33451311115536,104.41765140715938,84.67072445094087,-0.022863007620279374,1.8431867770025576,1.866049784622837,0,,,44.411500282155394,38.962062573539605,,,,,,,59.279885578026416,,,59.213097820628946,50.11709912171275,59.213097820628946,,,,60,100,-40,,,,,,,,,,,,9.885478896676503,-105.36735875698852,9.885478896676503,0.1863499737752172
2015-08-03,111.97,113,109.4,110.31,107.28660767118707,110.32961048892429,104.64872390099627,84.92584162058324,-0.10453908073910068,1.7353759336989611,1.8399150144380618,0,,,42.59794096589087,42.938671813143436,,,,,42.938671813143436,,54.7760555211375,,,48.20993637156761,53.35945919373503,,,,,60,100,-40,,,,,,42.938671813143436,,,,106,,123.54266455182625,-2.5732935284450775,123.54266455182625,0.12089002393339296
2015-08-10,111.01,111.81,108.22,110.51,107.22256426610228,110.36568839113943,104.87857786566309,85.18041036067694,-0.15426257090075457,1.6470868008121187,1.8013493717128732,0,,,35.460164841543104,40.823202029863104,,,,,,,55.22547703631133,,,43.16818159441541,49.426468314444044,,,,,60,100,-40,,,,,,,,,,,,138.35308917876694,15.167305294908573,138.35308917876694,0.16343237603294408
2015-08-17,110.24,111.46,102.4,102.4,107.1645239613807,108.77255071291154,104.7813787336763,85.35174956106822,-0.7113254042924149,0.9121926163473546,1.6235180206397695,0,,,5.699109551263135,27.91907178623235,,,,,,,38.443010890938204,,,24.868161982032085,32.42665809696279,,,,,60,100,-40,,,,,,,,,,,,338.6525275099002,196.9550679685616,338.6525275099002,0.08821742529974086
2015-08-24,94.23,106,84.74,105.62,106.32920082128207,108.14204057032923,104.81426584215959,85.55342369478893,-0.8325011694583095,0.5828915588168826,1.4153927282751921,0,,,-24.05734429629727,5.7006433655029705,,,,,,,45.55906154004927,,,21.326242665689943,24.218011518217015,,,,,60,100,-40,,,,,,,,,,,,281.6247952353729,153.87232833791404,281.6247952353729,0.18252003063913827
2015-08-31,105.03,105.61,100.63,102.16,103.81068647690478,106.94563245626338,104.7101769856043,85.7186632600149,-1.0985236866917818,0.04223811991046489,1.1407618066022467,0,,,-32.00264218725078,-16.786958977428323,,,,,,,40.1554020626653,,,13.419811746715624,15.645940793423883,,13.419811746715624,,,60,100,-40,,,,,,,,,,,,269.51119610166876,161.35008682192966,269.51119610166876,0.17167193868500294
2015-09-08,104.12,106.31,103.59,105.57,103.79635172855444,106.6705059650107,104.74389553518846,85.91618899872122,-1.000456893920731,-0.10980931079866707,0.8906475831220639,0,,,-30.626719941971317,-28.89556880850647,,,,,,,46.88199773122078,,,19.53201409524079,17.173046175912962,,,,,60,100,-40,,,,,,,,,,,,264.14552408318355,168.37734376339705,264.14552408318355,0.1544189428630988
2015-09-14,105.96,108.725,104.85,105.35,103.90304089080054,106.40640477200856,104.76766433773008,86.10956025246529,-0.9087046745709273,-0.24523326009159518,0.6634714144793321,0,,,-25.02316828990937,-29.21751013971051,,,,,,,46.51656418937776,,,20.783211701285385,18.662772029286696,,,,,60,100,-40,,,,,,-29.21751013971051,,,,,,226.11906515896837,146.85419035187027,226.11906515896837,0.11367464888262832
2015-09-21,105.93,106.55,102.27,102.92,104.04139511288622,105.70912381760685,104.69520691272106,86.27682830965469,-0.9646860257312369,-0.542386117684714,0.42229990804652284,0,,,-29.88057734962141,-28.510155193834056,,,,,,,42.54805233886458,,,24.748952519673544,23.573134606799954,,,,,60,100,-40,,,,,,-28.510155193834056,,,,,,285.9155987664287,202.88070119698475,285.9155987664287,0.053269417405855855
2015-09-28,102.48,104.01,98.75,104.01,104.11200974768006,105.36929905408549,104.66833605339866,86.45327777921037,-0.8834923906530638,-0.682065580269807,0.20142681038325685,0,,,-37.980975476302085,-30.961573705277644,,,,,,,44.83504944978029,,,23.589685167561214,24.001948035238417,,,,,60,100,-40,,,,,,,,,,,,397.5673080816234,308.7205737066239,397.5673080816234,0.09395899394256854
2015-10-05,104.78,106.73,104.18,106.53,102.39758047998863,105.60143924326839,104.74134248267714,86.65304615951673,-0.6273035191089347,-0.5827025885029116,0.04460093060602316,0,,,-28.602986083931867,-32.15484630328515,,,,,,,49.83638334210434,,,26.344835165139692,25.44796576567764,,,,,60,100,-40,,,,,,-32.15484630328515,,,,,,292.555070248601,211.68046939632865,292.555070248601,0.12270777167351327
2015-10-12,106.73,108.18,105.49,108.12,102.691324731418,106.10515139461471,104.87383885590549,86.86664769026781,-0.33278154328736476,-0.3713759985031828,-0.038594455215818044,0,,,-14.902121534438423,-27.162027698224147,,,,,,,52.76362049744372,,,35.18684045643246,30.198201944337683,,,,,60,100,-40,,,,,,,,,,,,205.7268756579462,133.1931113242689,205.7268756579462,0.15594698088344233
2015-10-19,107.98,113.24,107.48,112.78,103.79837296488815,107.44012111569177,105.18388439096802,87.12449199185718,0.167006255384788,0.17016336401516696,0.003157108630378963,0,,,6.656146605795522,-12.282987004191613,,,,,,,60.147369996752495,,,54.9421046688298,44.32534821769716,,,,,60,100,-40,,,,,,,,,,,,88.32198917468325,17.158000174401877,88.32198917468325,0.206946663450965
2015-10-26,112.7,114.08,112.27,113.33,104.16706061025329,108.61809689255341,105.50333990504771,87.38524331532129,0.5065797535647649,0.6363818005863351,0.1298020470215702,0,,,23.80375576134982,5.185926944235638,,,,,,,60.92828136497919,,,74.02624636182342,63.44670820303414,,,,,60,100,-40,,,,,,,,,,,,89.53617296110444,8.583818324510624,89.53617296110444,0.2109500137176621
2015-11-02,113.63,115.47,113.39,114.79,106.02298485237806,109.85247751404273,105.86752265386937,87.6579274614375,0.7848525045150042,1.1108676776653255,0.32601517315032125,0,,,35.91255409346084,22.124152153535395,,,,,,,63.012539680250775,63.012539680250775,,91.69410760676253,83.38821521352506,91.69410760676253,,,,60,100,-40,,,,,,,,,,,,-3.106767577278191,-82.06778500721856,-3.106767577278191,0.2064382090329073
2015-11-09,114.36,114.51,109.78,109.84,106.34348593435105,109.84998201123419,106.02330607920783,87.87864460112469,0.5992555545773963,1.0750846163720666,0.4758290617946703,0,,,35.93152652325852,31.882612126023062,,,,,,,52.68910331591259,,,88.38092350576369,90.34190788303503,,,,,60,100,-40,,,,,,,,,,,,132.9126447094997,30.126357721366688,132.9126447094997,0.17372516074682823
2015-11-16,109.74,114.57,109.48,114.48,106.23109408189741,110.77598560898736,106.35494113492517,88.14333470459609,0.7432889329584664,1.4049402279927534,0.661651295034287,0,,,39.09662258681328,36.98023440117755,,,,,,,59.43745070475038,,,85.68027563546809,89.44512259985714,,,,,60,100,-40,,,,,,,,,,,,113.29216385322702,1.9215654083909328,113.29216385322702,0.20090127852139264
2015-11-23,114.53,114.94,112.8377,114.31,106.11530164747617,111.48278848718988,106.6669042276732,88.40369953340607,0.7777206786373559,1.633802143330982,0.856081464693626,0,,,43.341448976353036,39.45653269547495,,,,,,,59.102841671630415,,,79.14267158518334,81.65517774248453,,,,,60,100,-40,,,,,,,,,,,,50.87540678900396,-60.245991938589256,50.87540678900396,0.19295058007395033
2015-11-30,114.6,115.75,111.8432,115.14,106.78459438694215,112.21423078975191,106.99918249325464,88.66973237386969,0.8036963563450665,1.8607019101249591,1.0570055537798926,0,,,45.737159875769365,42.7250771463119,,,,,,,60.285390443624905,60.285390443624905,,84.15566564773313,81.71423134860687,,,,,60,100,-40,,,,,,,,,,,,75.26169646373056,-37.47399340430029,75.26169646373056,0.18293681245594381
2015-12-07,115.22,115.29,110.72,110.79,106.82329478787486,111.92938463180153,107.14784200332308,88.88983453930382,0.49060296137884807,1.6702592555034528,1.1796562941246047,0,,,40.599485619296956,43.226031490473126,,,,,43.226031490473126,,51.78391876831134,,,76.22829717446133,78.92096493091606,,,,,60,100,-40,,,,,,43.226031490473126,,,,,,201.57775165214315,71.15764176011797,201.57775165214315,0.16830084632825762
2015-12-14,110.98,114.48,109.38,109.83,106.76448801731236,111.50950770544122,107.25302466985943,89.09819439463413,0.19662421060067503,1.4254365573754484,1.2288123467747734,0,,,31.90082935605287,39.412491617039734,,,,,,,50.09495584954951,,,65.66955053522108,72.86795760882704,,,,,60,100,-40,,,,,,,,,,,,254.01816044266258,124.58352507646012,254.01816044266258,0.0866131410138629
2015-12-21,110.87,112.9,110.05,112.59,106.63416744464719,111.72560616435298,107.46231782006102,89.33194370414026,0.16699056343277374,1.4375505510657405,1.2705599876329667,0,,,27.69862098063919,33.399645318663005,,,,,,,54.697012877739716,,,54.775750524201655,60.38956848200627,,,,,60,100,-40,,,,,,,,,,,,189.6512221803603,73.75015688074008,189.6512221803603,0.12696793646335547
2015-12-28,112.32,114.545,111.51,111.86,106.80315548431525,111.75248493148239,107.63477594476451,89.55610346827817,0.08149249874752318,1.3724256110673707,1.2909331123198475,0,,,28.582907235157837,29.394119190616635,,,,,,,53.28895457878388,,,50.977419333924374,52.396978673965236,,,,,60,100,-40,,,,,,,,,,,,203.35099996574937,72.15921926606008,203.35099996574937,0.09756900441843816
2016-01-04,109.43,110.18,103.9,104.01,106.9650729497213,110.20398794518592,107.49262786849924,89.69992333426545,-0.4891058550049927,0.6795507935636067,1.1686566485685994,0,,,1.1198107306130538,19.133779648803365,,,,,,,40.99488639291279,,,40.836149333472505,45.098022806806405,,,,,60,100,-40,,,,,,,,,,,,410.0144545174314,269.94845212677643,410.0144545174314,0.09140778311038145
2016-01-11,104.79,106.23,99.51,100.84,106.41185345331265,108.33119035614874,107.23174050110711,89.81076986825286,-1.0340625255716185,-0.12392150839592375,0.9101410171756947,0,,,-22.09963619742624,2.534360589448221,,,,,,,37.23667642746376,,,25.130875825372854,34.098471876191965,,,,,60,100,-40,,,,,,,,,,,,776.3754627869891,600.8669153764536,776.3754627869891,-0.08445624141856088
2016-01-19,102.2,103.81,97.25,103.77,106.07529249236174,107.41895228491899,107.09598597165193,89.94966768050905,-1.1427353697570806,-0.5182781950206561,0.6244571747364245,0,,,-35.51263185872011,-18.830819108511097,,,,,,,42.513668168348,,,13.565661688917178,19.967219753131683,,13.565661688917178,,,60,100,-40,,,,,,,,,,,,662.4890150075368,517.0729307625529,662.4890150075368,0.011302525888274101
2016-01-25,103.46,104.17,100.15,104.13,105.78562874290732,106.76116182793518,106.97967279629303,90.09076551453384,-1.1336640246756846,-0.7926228561081814,0.3410411685675033,0,,,-40.669992427653966,-32.7607534946001,,,,,,,43.149890303741806,,,14.003859698792619,12.833775699210412,,,,,60,100,-40,,,,,,,,,,,,604.7637395516209,474.8778524420888,604.7637395516209,0.05334990445200937
2016-02-01,103.62,104.8,97.72,98.12,105.87951240412823,105.03292946234815,106.6322346474188,90.17065839498625,-1.4552031066343059,-1.477962714725379,-0.02275960809107319,0,,,-47.697766540305636,-41.293463608893234,,,,,,,35.95343483537532,,,13.838970352762798,12.50399700715077,,,,,60,100,-40,,,,,,,,,,,,654.8066959967808,532.172788361709,654.8066959967808,0.02734063078654512
2016-02-08,96.33,98.69,94.84,98.02,105.52954723240478,103.63034356987852,106.29449995536316,90.24876129652867,-1.586627693879136,-2.006044225439993,-0.4194165315608572,0,,,-55.34045209495675,-47.90273702097212,,,,,,,35.84567341074552,,,10.397874615239719,12.78590915680727,,,,,60,100,-40,,,,,,,,,,,,646.6600239973661,519.9595541141255,646.6600239973661,0.11925148338674131
2016-02-16,99.44,102.84,98.85,101.63,105.66600814437588,103.23027485590282,106.11157838848618,90.36200745278212,-1.3516229267152982,-2.10894518995498,-0.7573222632396818,0,,,-52.161468190296425,-51.73322894185293,,,,,,-51.73322894185293,42.57668731813929,,,10.178464745020662,10.885178315522076,,10.178464745020662,,,60,100,-40,,,,,,,,,,,,559.0854741796633,439.9669079115572,559.0854741796633,0.0756934270881197
2016-02-22,102.54,104.3659,99.77,103.43,103.1041504197776,103.27021988472225,106.0064184516828,90.49203722937136,-1.0116960268008406,-2.0219422967407326,-1.010246269939892,0,,,-45.77095609405788,-51.09095879310368,,,,,,,45.65653523050187,,,18.345393188847382,13.54309440647154,,,,,60,100,-40,,,,,,-51.09095879310368,,,,,,465.615387965179,350.88201556400134,465.615387965179,0.060775092306495845
2016-02-29,103.31,106.35,102.5,105.67,103.12515396122205,103.7501759077778,105.99322557122466,90.64306173455175,-0.5934398645839616,-1.752046100669844,-1.1586062360858824,0,,,-33.685606173050175,-43.872676819134824,,,,,,,49.32096957675192,,,33.255830134659575,24.7827758537654,,,,,60,100,-40,,,,,,,,,,,,370.9580446987827,266.1761945523648,370.9580446987827,0.05122148919790411
2016-03-07,105.12,106.49,103.31,106.49,103.25121439256334,104.29814072622224,106.01270692137271,90.8007427123174,-0.2372826305340181,-1.455209524253405,-1.217926893719387,0,,,-22.25340491218043,-33.903322393096154,,,,,,,50.640911113316854,,,49.56017816131826,40.999233177353375,,,,,60,100,-40,,,,,,,,,,,,293.5111274808223,194.14415917920758,293.5111274808223,0.05579352623290814
2016-03-14,106.08,107.86,105.95,107.37,102.73398479309452,104.91251258097779,106.06593410092673,90.96561094403563,0.06565172260762342,-1.1358622404598577,-1.2015139630674811,0,,,-8.75514644042013,-21.564719175216908,,,,,,,52.0915828396204,,,65.12276493110987,57.52388435576416,,,,,60,100,-40,,,,,,,,,,,,207.4181952115819,115.20885751026074,207.4181952115819,0.06844591679393185
2016-03-21,107.16,108.37,106.53,107.26,98.62298587930206,105.38201006478224,106.11276021461588,91.12774416847309,0.25601756499223494,-0.8814920068271874,-1.1375095718194224,0,,,1.878553097078072,-9.709999418507492,,,,,,,51.885084454620184,,,76.52570257886663,70.973543452368,,,,,60,100,-40,,,,,,,,,,,,197.88761426402152,112.44361069021335,197.88761426402152,0.05335561326757194
2016-03-28,107.56,110.4,106.73,110.36,101.97491545935192,106.37760805182579,106.27931863757212,91.31910989814003,0.5701195386634031,-0.4248601484901684,-0.9949796871535715,0,,,13.977508528741431,2.3669717284664635,,,,,,,57.07958859270045,,,85.49805462493677,81.4489041154236,,,,,60,100,-40,,,,,,,,,,,,128.2716843978358,47.453863291992704,128.2716843978358,0.13216585417004492
2016-04-04,110.31,110.71,108.61,109,102.0495643551125,106.90208644146063,106.386012024334,91.4950391528849,0.6593849793902999,-0.17074846291569656,-0.8301334423059965,0,,,22.468862601195074,12.774974742338197,,,,,,,54.2937647782175,,,88.95248725235382,87.38251033613072,,,,,60,100,-40,,,,,,,,,,,,100.40410541641111,29.73497905708495,100.40410541641111,0.07449210016896567
2016-04-11,109.48,111.33,108.015,110.64,102.62316690117589,107.6496691531685,106.55283508220325,91.68553627574177,0.7929979148732544,0.1611139512855715,-0.631883963587683,0,,,29.197081480036616,21.881150869991046,,,,,,,57.03327016914739,,,93.9572041229512,91.99601938723231,93.9572041229512,,,,60,100,-40,,,,,,,,,,,,53.05790443160909,-15.671380771475967,53.05790443160909,0.08469228422392068
2016-04-18,110.33,111.44,108.12,108.98,102.72222640823475,107.9157353225348,106.64801802015606,91.85762049190355,0.7349970967993615,0.2868624074115189,-0.44813468938784257,0,,,31.913850542978363,27.859931541403355,,,,,,,53.515992615947354,,,91.57888634883781,92.39965643123065,,,,,60,100,-40,,,,,,,,,,,,22.50192180768014,-41.912947903934885,22.50192180768014,0.037063925352580615
2016-04-25,108.62,109.39,104.88,105.72,102.8134959505037,107.47658825802785,106.61162515662053,91.99555461636221,0.45615351973004875,0.12205721027471839,-0.33409630945533036,0,,,23.108345611582603,28.07309254486587,,,,,28.07309254486587,,47.30884175975994,,,84.61693675147563,88.97759465701658,,,,,60,100,-40,,,,,,28.07309254486587,,,,,,0.22884511537466068,-54.29241192140125,0.22884511537466068,0.060230563404935926
2016-05-02,105.97,106.87,104.4,105.58,102.72824623975343,107.09727060642227,106.57116926812562,92.13072322714468,0.2515788658040584,-0.019622727200257373,-0.2712015930043158,0,,,12.084497516969511,22.368897890510166,,,,,,,47.05492792197838,,,72.02189591100756,78.76454673359869,,,,,60,100,-40,,,,,,,,,,,,38.36905509439745,-17.148337026601013,38.36905509439745,0.11788972382913138
2016-05-09,105.61,107.49,105.14,105.5,102.94051436548533,106.77781648513782,106.5291626301599,92.26375085672534,0.10753433618326252,-0.13678367277523762,-0.24431800895850014,0,,,5.373411179220807,13.522084769257647,,,,,,,46.89910452699892,,,61.0705694102524,66.91916568871399,,,,,60,100,-40,,,,,,,,,,,,76.84740871359793,15.969542432781019,76.84740871359793,0.0752683238078822
2016-05-16,105.67,107.21,104.54,106.47,103.15476333937924,106.71625318811026,106.52684252701637,92.40510656959374,0.07574342258303565,-0.14963873072970557,-0.22538215331274122,0,,,0.25471250235956244,5.9042070661833,,,,,,,49.112614785375406,,,54.79467817836469,57.52264364423416,,54.79467817836469,,,60,100,-40,,,,,,,,,,,,65.60242531112557,2.1568983540935704,65.60242531112557,0.1119021930289951
2016-05-23,106.55,110.14,106.23,110.13,103.30799452942358,107.3990025504882,106.66814282007455,92.58147366840376,0.2874743141016249,0.13396073931428987,-0.15351357478733502,0,,,10.83873514928074,5.48895294362037,,,,,,,56.521104096835906,,,61.59648560739315,57.62041426476808,,,,,60,100,-40,,,,,,5.48895294362037,,,,,,10.03834798183,-50.96253771028708,10.03834798183,0.22655968881935035
2016-05-31,110.28,110.6,109.34,110.06,103.27313777732189,107.93120204039056,106.80115682713046,92.75538935329527,0.40204557391341117,0.34904339260442896,-0.05300218130898221,0,,,22.51351576739613,11.20232113967881,,,,,,,56.35112279246781,,,71.98242871639746,65.40103177382709,,,,,60,100,-40,,,,,,,,,,,,-16.332260742139084,-78.06025812659853,-16.332260742139084,0.31248484642496216
2016-06-06,110.25,110.75,108.56,108.94,103.6193422217989,108.13296163231244,106.88503302998808,92.91643025525254,0.3817881539099282,0.42423301107842804,0.04244485716849984,0,,,27.358795660852568,20.237015525843145,,,,,,,53.55917991702757,,,80.76739756457135,76.41779443453218,80.76739756457135,,,,60,100,-40,,,,,,,,,,,,-6.999122425386517,-68.41293846721697,-6.999122425386517,0.22847024794780169
2016-06-13,108.34,108.93,106.24,106.49,103.80796063452756,107.80436930584996,106.86954153861599,93.05149065072266,0.1923369915861411,0.28286609665117624,0.09052910506503513,0,,,18.421712745937448,22.764674724728717,,,,,22.764674724728717,,47.93143326841532,,,65.18605557496005,73.51323437587462,,,,,60,100,-40,,,,,,22.764674724728717,,,,,,7.909808924683759,-55.97422238226842,7.909808924683759,0.12047675762048393
2016-06-20,107.73,108.79,104.06,104.29,103.91024916063273,107.10149544467997,106.76838304690556,93.16331661439706,-0.07771414656948904,-0.006613578146826171,0.07110056842266287,0,,,3.8339327814685458,16.538147062752852,,,,,,,43.486420775411915,,,40.83052576518483,55.90923224975642,,,,,60,100,-40,,,,,,,,,,,,75.56257093837765,6.9301816872349065,75.56257093837765,0.1577234606569718
2016-06-27,103.6,108.48,101.75,108.08,103.71523136344467,107.29719635574398,106.81981900585043,93.31174132470157,-0.0016823286672417725,0.06899765758861065,0.07067998625585242,0,,,-4.505963876701115,5.916560550234959,,,,,,,51.824359562831965,,,29.972061402936195,35.63870471513278,,29.972061402936195,,,60,100,-40,,,,,,,,,,,,-11.812441959509208,-77.96621498317144,-11.812441959509208,0.13741537352182723
2016-07-05,107.58,110.36,106.57,110.3,102.90842912319863,107.89775708459518,106.95629669189552,93.48077872445579,0.18709196999358385,0.3045449487478322,0.11745297875424839,0,,,6.859017532737157,2.0623288125015296,,,,,,,55.94857828006487,,,42.68007420768203,33.85434644667924,,,,,60,100,-40,,,,,,2.0623288125015296,,,,,,-106.0283616032348,-162.88144862259483,-106.0283616032348,0.1529853713481751
2016-07-11,110.68,112.3,110.66,111.8,104.39496990011301,108.67820566767615,107.14624584123295,93.66305953316767,0.3902600723453894,0.6052780691859851,0.21501799684059575,0,,,24.085227722190368,8.812760459408805,,,,,,,58.5462170194149,,,69.19462687791619,53.55011845381421,,,,,60,100,-40,,,,,,,,,,,,-135.841386766283,-190.53936705485032,-135.841386766283,0.13559010887116565
2016-07-18,111.86,113.78,111.85,113.65,106.48818633581924,109.67256453414092,107.4012950239297,93.86193456268839,0.6132462250415569,0.9815757781425418,0.368329553100985,0,,,38.00100823621584,22.98175116371446,,,,,,,61.573753358191965,,,87.7048698367071,77.93866923602931,,,,,60,100,-40,,,,,,,,,,,,-173.87022553604976,-230.44130031760483,-173.87022553604976,0.13480696503861175
2016-07-25,113.56,115.54,113.22,115.23,108.29688731183214,110.78405162731273,107.70830306220697,94.0745521292288,0.8183361637380413,1.3912497577735365,0.5729135940354952,0,,,48.9358499769708,37.00736197845901,,,,,,,64.00597460871933,,,97.05170095656717,94.10340191313436,,,,,60,100,-40,,,,,,,,,,,,-206.80291180222255,-263.08833662349485,-206.80291180222255,0.1017113517676004
2016-08-01,115.31,117.04,114.22,116.78,110.0106810752727,111.98324130185019,108.06405588329689,94.30047698366434,0.9976782651612233,1.8200114254870243,0.8223331603258011,0,,,56.8398223338649,47.925560182350516,,,,,,,66.27463010548234,,,99.57851173956416,99.15702347912831,,,,,60,100,-40,,,,,,,,,,,,-252.83874602000026,-300.7086390555867,-252.83874602000026,0.10319723134551949
2016-08-08,116.82,117.37,116.28,117.2,110.51134671275322,113.02659304148015,108.42232820159897,94.52833293407564,1.0770928410047844,2.1686992115817816,1.0916063705769972,0,,,61.767626540982036,55.84776628393925,,,,,,,66.8872804504822,,,100,100.00000000000001,,,,,60,100,-40,,,,,,,,,,,,-248.6862467436365,-296.03434104548,-248.6862467436365,0.13135530111496166
2016-08-15,117.33,117.97,116.43,117.26,110.89339337612799,113.87327443318412,108.76890356624214,94.75451867602513,1.0642824650083411,2.4219594518374237,1.3576769868290826,0,,,63.58133329102842,60.729594055291784,,,,,,,66.98011200495081,66.98011200495081,,100,100.00000000000001,,,,,60,100,-40,,,,,,,,,,,,-277.10692915388444,-312.20991540084725,-277.10692915388444,0.08721098056019336
2016-08-22,117.09,118.0095,116.08,116.78,111.12815099211885,114.45461954654729,109.08306421070324,94.97367769417413,0.9574515634891849,2.5544914411905637,1.5970398777013788,0,,,62.52192381202685,62.62362788134576,,,62.62362788134576,,62.62362788134576,,65.39129884316247,,,98.63164809217673,99.31582404608837,,,,,60,100,-40,,,,,,62.62362788134576,,105,,,,-313.9965783986327,-356.3535671461478,-313.9965783986327,0.10828197972894205
2016-08-29,116.81,117.56,115.91,117.12,111.29049734982465,114.98769563723783,109.39823816322469,95.1940391101525,0.8474389289847395,2.656338538932303,1.8088996099475636,0,,,60.14046853895049,62.081241880668586,,,,,,,66.00999577724652,,,97.48599132055735,98.22986369484495,,,,,60,100,-40,,,,,,,,,,,,-360.54265505342676,-413.38019130139367,-360.54265505342676,0.09702075590310383
2016-09-06,117.29,118.12,114.26,114.28,111.48117611055146,114.84615650979026,109.58967980388255,95.38394916875795,0.5363274342949091,2.4793089028162,1.942981468521291,0,,,53.51769447124542,58.726695607407585,,,,,,,56.818540722878915,,,88.01102638017684,92.67791096122214,,,,,60,100,-40,,,,,,,,,,,,-291.3530814073491,-353.6747019738675,-291.3530814073491,0.08034630972291609
2016-09-12,113.64,117.815,113.63,117.29,111.3725206740835,115.33492520783221,109.89165314490675,95.60191982379519,0.4875909832349219,2.5524701975649435,2.0648792143300216,0,,,50.19078081793533,54.61631460937708,,,,,,,62.77064270352471,,,83.45616603101487,86.74964820185778,,,,,60,100,-40,,,,,,,,,,,,-264.7434302423766,-334.824756160437,-264.7434302423766,0.18634437223271777
2016-09-19,117.57,119.22,116.55,118.33,112.23734062593466,115.93394016626577,110.2225687078516,95.8280698752997,0.4790288555694575,2.6636652837918433,2.184636428222386,0,,,52.89012686004524,52.199534049742,,,,,,,64.5972252384928,,,79.68259684046961,80.7180048350607,,79.68259684046961,,,60,100,-40,,,,,,52.199534049742,,,,,,-282.06280656194446,-353.03843685853934,-282.06280656194446,0.2086520972874803
2016-09-26,117.66,119.07,117.15,118.72,112.68110200979648,116.49115213301262,110.55580130754369,96.05585027455045,0.45352277124128815,2.751539892273996,2.298017121032708,0,,,54.27664981607832,52.452519164686294,,,,,,,65.28907738582188,65.28907738582188,,85.98627259450912,82.6956044737672,,,,,60,100,-40,,,,,,,,,,,,-278.0513871870455,-350.6678119751686,-278.0513871870455,0.27480162304037403
2016-10-03,118.53,119.17,117.89,118.47,112.83816615195387,116.88692170641009,110.86616204058119,96.27887663997781,0.3768566392460051,2.7690879200902145,2.3922312808442094,0,,,54.59676211739877,53.92117959784078,,,53.92117959784078,,53.92117959784078,,64.4148994667751,,,86.80291317325047,85.38248897690762,86.80291317325047,,,,60,100,-40,,,,,,,,,,106,,-243.86022588030997,-316.9100279796834,-243.86022588030997,0.24929858858448392
2016-10-10,119.06,119.48,115.94,117.14,113.07543999824289,116.93753736512808,111.11219490173487,96.4864500067442,0.202361336397602,2.645182951341212,2.44282161494361,0,,,49.82741692006871,52.90027628451526,,,,,,,59.8002764185151,,,75.20562474721456,81.97788189481838,,,,,60,100,-40,,,,,,52.90027628451526,,,,,,-159.52200299298084,-244.74456834701368,-159.52200299298084,0.17681126236328754
2016-10-17,117.1,118.41,116.672,118.15,112.97290856979697,117.18002989210247,111.38818725852958,96.70200771811989,0.1245680475537716,2.598531674385825,2.4739636268320533,0,,,46.61936640576247,50.34784848107665,,,,,,,62.03763209603167,,,63.60822098821813,70.96828673641009,,,,,60,100,-40,,,,,,,,,,,,-136.8816388124389,-218.42737410210214,-136.8816388124389,0.1980092674180977
2016-10-24,118.93,119.66,116.74,117.1,113.13512938624004,117.16402391368197,111.61217991505784,96.90497281545203,-0.020284542835094843,2.448607948288185,2.4688924911232797,0,,,44.02583081795809,46.82420471459642,,,,,,,58.37836648969174,,,44.34123300693587,53.34099721337717,,,,,60,100,-40,,,,,,,,,,,,-34.721340846540905,-150.5314879017199,-34.721340846540905,0.18295074187182328
2016-10-31,117.53,117.53,113.45,113.65,113.11690585865146,116.46121913094558,111.69209442819282,97.07159000136792,-0.3526913527182347,2.028028300225486,2.380719652943721,0,,,24.546185088998364,38.397127437572976,,,,,,,48.24829338809759,,,31.610906302375227,38.70285916131781,,,,,60,100,-40,,,,,,,,,,,,85.22799385283015,-64.98030828322538,85.22799385283015,0.17915973806962307
2016-11-07,115.45,118.38,114.195,115.8,112.93426972589064,116.32897530475647,111.85318876434212,97.25794233966278,-0.42704542728716577,1.8469128688347638,2.2739582961219296,0,,,16.902531928864406,28.49151594527362,,,,,,,53.6752370988959,,,20.72726290320295,25.32873701258329,,20.72726290320295,,,60,100,-40,,,,,,,,,,,,-193.90436866586626,-334.07479768627536,-193.90436866586626,0.21050631031825232
2016-11-14,115.84,118.1,114.03,117.32,112.67182188832703,116.52718024380518,112.06757351868164,97.45756480394473,-0.37499108851414764,1.8052194354792448,2.1802105239933924,0,,,13.283238518633762,18.243985178832176,,,,,,,57.11921680862525,,,24.30420398723611,22.31328755293188,,,,,60,100,-40,,,,,,,,,,,,-360.46721072661785,-484.2430162887707,-360.46721072661785,0.18215021255161148
2016-11-21,117.6,119.19,117.57,118.8,112.60240603916081,116.98174419504414,112.33159024343922,97.66992734320897,-0.24813320565960817,1.8700440169188823,2.1181772225784905,0,,,24.92785980679287,18.371210084763682,,,,,,,60.237405065536805,60.237405065536805,,40.02202496027297,30.616239783977225,,,,,60,100,-40,,,,,,18.371210084763682,,,,,,-517.6549905945055,-638.0170133271761,-517.6549905945055,0.15858481080073508
2016-11-28,118.64,119.51,115.22,115.7,112.77794846493504,116.72539535603532,112.4636847436965,97.84933105123675,-0.3727593649192005,1.6522280164294898,2.0249873813486903,0,,,19.67170048641485,19.29426627061383,,,,,,,51.70562756296601,,,43.232096955391185,40.54678111722286,,,,,60,100,-40,,,,,,,,,,,,-471.7177195773228,-596.5593745404168,-471.7177195773228,0.09021819297411725
2016-12-05,116.32,119.5402,115.77,119.5,113.29523786029682,117.28031628482826,112.73961867531625,98.06476059301548,-0.20728626618104862,1.7658795486223795,1.9731658148034281,0,,,27.827332311171766,24.142297534793162,,,,,,,59.351125870819985,,,50.2511740442612,48.961892754662664,,,,,60,100,-40,,,,,,,,,,,,-705.041770563264,-806.2758518967047,-705.041770563264,0.10047122706924164
2016-12-12,118.95,121.11,118.47,119.6,113.2898351559899,117.74425302786261,113.00865323706856,98.2790415821397,-0.10431185474870253,1.8427759963675499,1.9470878511162524,0,,,41.023057365063785,29.50736338755014,,,,,,,59.53375945322335,,,50.04487521738997,49.3869046405498,,,,,60,100,-40,,,,,,,,,,,,-686.8523577335795,-792.4075151882129,-686.8523577335795,0.05534883559333286
2016-12-19,119.74,120.83,119.55,120.2,113.96341835913348,118.2354024222901,113.29066683561489,98.49716057137213,-0.013761918797366546,1.9298854526195441,1.9436473714169107,0,,,49.87253348915394,39.574307721796494,,,,,,,60.682010309260335,,,62.904931259037184,57.01329091154107,,,,,60,100,-40,,,,,,,,,,,,-601.9701108729288,-719.2425124267196,-601.9701108729288,0.02488300569740102
2016-12-27,120.44,121.52,118.14,118.48,114.2260313334811,118.28432193783208,113.49417009696332,98.69599479454256,-0.08377179450496519,1.8389326282857041,1.9227044227906693,0,,,49.82026385574511,46.905284903320954,,,,,,,55.76766485887022,,,61.06612737733124,60.40791803885649,,,,,60,100,-40,,,,,,,,,,,,-492.5209998051235,-619.3802374400433,-492.5209998051235,-0.02902559185917181
2017-01-03,119.31,122.25,118.89,121.93,115.89988623823245,119.01345755026566,113.82498695590593,98.92717892594014,0.07938083857277745,2.021930471006641,1.9425496324338636,0,,,57.04163839054257,52.244811911813876,,,,,,,62.38676774620516,,,67.6787321023168,66.46959313174322,,,,,60,100,-40,,,,,,,,,,,,-448.42627256782833,-569.4929215418535,-448.42627256782833,-0.0003207171526473607
2017-01-09,122.03,123.37,121.6,123.16,117.02203722121584,119.84276604021252,114.19106589881157,99.16830152369198,0.2382663457624541,2.2403825646369313,2.002116218874477,0,,,65.97302852674625,57.61164359101131,,,,,,,64.44192755126696,,,73.53613122515388,69.42111755975104,,,,,60,100,-40,,,,,,,,,,,,-463.2578593736778,-565.9487539887893,-463.2578593736778,0.04184188291893124
2017-01-17,122.79,123.83,122.4342,123.25,117.29760599112899,120.52421283217002,114.54631821650524,99.4079204140035,0.31285306633027377,2.3931825517873193,2.0803294854570455,0,,,70.4326571051283,64.4824413408057,,,,,,,64.59527117368924,,,88.5066901266744,80.88809905419897,,,,,60,100,-40,,,,,,,,,,,,-414.4837031239182,-513.9580714453731,-414.4837031239182,0.02903702846361685
2017-01-23,123.16,125.9211,122.57,125.8,120.07337699176264,121.57937026573602,114.98763907075994,99.67052817107809,0.4869713790111265,2.689043709220954,2.2020723302098273,0,,,75.47868803801508,70.62812455662987,,,,,,,68.73393803307559,,,95.62940434828442,91.25880869656885,,,,,60,100,-40,,,,,,,,,,,,-414.5775752832057,-502.32933118257796,-414.5775752832057,0.110970179507559
2017-01-30,125.37,125.81,123.85,125.68,120.00369292092245,122.39949621258882,115.40694734249485,99.92932888579374,0.5428435270433423,2.880626739014005,2.3377832119706627,0,,,76.8990546463599,74.27013326316775,,,,,,,68.32675174594668,,,98.93550906970285,98.49907483463888,,,,,60,100,-40,,,,,,,,,,,,-441.0180161408047,-520.9967255130184,-441.0180161408047,0.09205180453609843
2017-02-06,125.42,127.56,125.35,127.38,121.71771485514228,123.39559697007105,115.87647881925976,100.20246989190524,0.636583257502557,3.1335122838488587,2.4969290263463018,0,,,79.47406340212643,77.28393536216713,,,,,,,70.96643637445575,,,99.47661942063903,99.58129553651122,,,,,60,100,-40,,,,,,,,,,,,-473.5601950242948,-550.8155026924695,-473.5601950242948,0.10529270642901555
2017-02-13,127.76,129.82,127.7199,129.81,124.2364495083464,124.67847757605685,116.4228914145829,100.49707218153802,0.7942796560173,3.489778596367927,2.695498940350627,0,,,83.30618576461468,79.89310127103367,,,,,,,74.28510339527591,,,99.37194330476682,99.37194330476682,,,,,60,100,-40,,,,,,,,,,,,-482.9128868380593,-557.9399567483841,-482.9128868380593,0.11448135529106834
2017-02-21,130.03,130.7,129.38,130.26,124.7359888291788,125.79478206084548,116.96552312381495,100.7932207170451,0.8556268508702982,3.7650325039384995,2.9094056530682013,0,,,84.52427669494861,82.43484195389658,,,,,,,74.86156439221182,,,99.7906477682556,99.5812955365112,,,,,60,100,-40,,,,,,,,,,,,-426.01963468568493,-509.22360097595066,-426.01963468568493,0.1303402064204124
2017-02-27,130.02,131.68,129.66,131.02,125.7019896270946,126.83982564867638,117.51667907974377,101.09398469000983,0.8712016392515727,3.998407702132667,3.1272060628810943,0,,,83.73662930468898,83.85569725475075,,,83.85569725475075,,83.85569725475075,,75.8520071251541,,,99.89532388412779,99.7906477682556,,,,,60,100,-40,,,,,,83.85569725475075,,105,,,,-360.3797011064695,-452.0920371621415,-360.3797011064695,0.16308954365176592
2017-03-06,130.56,131.6,130.14,131.39,126.1632760823021,127.7498605189411,118.06073088053813,101.39543757866645,0.8303961802214692,4.165201288157931,3.334805107936462,0,,,81.18850505933769,83.14980368632509,,,,,,,76.34358274116181,,,100,100,,,,,60,100,-40,,,,,,,,,,,,-332.1288463598387,-429.89348495084306,-332.1288463598387,0.16490646872136733
2017-03-13,131.34,132.405,130.76,131.69,126.6280420764234,128.53788841515288,118.59521202247781,101.69687601071952,0.7500318866371449,4.272344966232893,3.5223130795957482,0,,,78.39552555079433,81.10688663827365,,,,,,,76.75915151733761,76.75915151733761,,99.99999999999997,99.99999999999999,,,,,60,100,-40,,,,,,,,,,,,-365.3781470216862,-459.91285132341704,-365.3781470216862,0.21540465040671475
2017-03-20,131.65,132.43,129.68,130.63,126.75461049953601,128.9563107321223,119.06716449218456,101.98476779170738,0.5605842138240966,4.223043346875869,3.6624591330517724,0,,,73.01320561332626,77.53241207448609,,,,,,,71.92291079325474,,,95.33267183569015,97.66633591784507,,,,,60,100,-40,,,,,,,,,,,,-316.21848392683415,-416.2923329009776,-316.21848392683415,0.25816464625492125
2017-03-27,129.73,132.74,129.4,132.38,127.40428117814058,129.64104858569783,119.5892364728832,102.28720791318293,0.49074630277281983,4.275892011517797,3.7851457087449774,0,,,69.09094793581686,73.49989303331249,,,,,,,74.76639802434478,,,92.45517651887616,94.47734019782189,,,,,60,100,-40,,,,,,,,,,,,-329.6333050310461,-421.51190873716354,-329.6333050310461,0.3447896077060551
2017-04-03,132.48,133.48,131.5,131.97,127.2825468082734,130.10683886855827,120.07475661120151,102.58255907822588,0.36057382792870385,4.235862993655857,3.8752891657271533,0,,,66.83936693817212,69.64784016243841,,,,,,,72.89273552941631,,,85.70357760542772,88.7097939510803,,,,,60,100,-40,,,,,,,,,,,,-274.2454313890378,-372.1461071485884,-274.2454313890378,0.277763061023111
2017-04-10,132.11,132.565,130.38,130.4,127.36379346482529,130.16547109484662,120.47966811664459,102.85934953515896,0.12455836288618238,4.030987119334881,3.906428756448699,0,,,60.42470156824956,65.45167214741285,,,,,,,66.02847048349894,,,71.02943808322962,78.79731256654122,,,,,60,100,-40,,,,,,,,,,,,-208.92808022739447,-315.39226948520866,-208.92808022739447,0.208911971667512
2017-04-17,130.8,132.88,130.72,132.56,127.58995107448064,130.6443768758773,120.95340662187421,103.15487839550563,0.0723308751166929,3.996842350344565,3.924511475227872,0,,,57.787868098783214,61.683978868401624,,,,,,,70.20967357229432,,,57.72762141944793,65.35354192464727,,,,,60,100,-40,,,,,,,,,,,,-210.94115654968644,-318.9573113969889,-210.94115654968644,0.3058582251720753
2017-04-24,134.02,136.34,133.8042,135.99,131.02066885487488,131.71350150070185,121.54307695042816,103.48159602341104,0.2189195585008421,4.1981609233539245,3.9792413648530824,0,,,63.91941214766096,60.7106606048979,,,,,,,75.41510762072069,,,56.048195641739525,56.36491394941143,,56.048195641739525,,,60,100,-40,,,,,,60.7106606048979,,,,,,-232.58821899519802,-344.6014365975364,-232.58821899519802,0.2873770729769705
2017-05-01,136.46,137.54,136.38,137.54,132.38562107952666,132.87880120056147,122.17040726609764,103.8204856152179,0.3619617753115669,4.431693583992541,4.069731808680974,0,,,69.43476744947894,63.71401589864103,,,,,,,77.35243446337552,,,72.41770786831236,62.66714849623526,,,,,60,100,-40,,,,,,,,,,,,-232.11763372334383,-355.58299357980246,-232.11763372334383,0.36637961992647156
2017-05-08,137.61,138.63,137.33,138.6,133.59236243098906,134.02304096044918,122.81470502036832,104.16655043496698,0.4631869868353622,4.648715542225176,4.185528555389814,0,,,72.54056828115509,68.63158262609832,,,,,,,78.60168741738413,,,88.2460406555187,78.59795647137365,,,,,60,100,-40,,,,,,,,,,,,-199.91442759182675,-329.11335838347475,-199.91442759182675,0.4146472765490572
2017-05-15,138.63,139.64,135.87,137.84,133.76433654306126,134.78643276835933,123.40393227447153,104.50160963461904,0.41569187173625544,4.705143395060134,4.289451523323878,0,,,71.45411530019057,71.14315034360818,,,,,,,75.37236907532629,,,91.28546363416676,90.6583298370967,,,,,60,100,-40,,,,,,,,,,,,-163.56634984785828,-291.0927477682975,-163.56634984785828,0.43744446439549717
2017-05-22,138.14,141.33,138.0967,141.22,136.19116964712833,136.07314621468745,124.10260159704127,104.86696675268253,0.5407291918605193,4.965363013149528,4.424633821289008,0,,,73.59551371450019,72.53006576528195,,,,,,,79.44176565975681,,,92.90951866597467,93.90643990071248,92.90951866597467,,,,60,100,-40,,,,,,,,,,,,-152.00883169370223,-285.4395209013343,-152.00883169370223,0.4452596520017742
2017-05-30,141.13,143.49,140.57,143.46,138.29180038661917,137.55051697174997,124.8617152599024,105.25097703375036,0.6933672689801131,5.291342907514149,4.597975638534036,0,,,76.54539249251356,73.86500716906811,,,,,,,81.62198148977515,81.62198148977515,,91.91259743123686,91.91259743123686,,,,,60,100,-40,,,,,,,,,,,,-269.8254077493927,-404.4505171010917,-269.8254077493927,0.4608645543378935
2017-06-05,143.44,143.9,138.11,139.98,138.2438146447178,138.03641357739997,125.45458917127877,105.59653945132499,0.48868606434697437,5.208833218967754,4.72014715462078,0,,,72.74988076001314,74.29692898900896,,,74.29692898900896,,74.29692898900896,,69.25996602726006,,,80.57726752185023,86.24493247654355,,,,,60,100,-40,,,,,,74.29692898900896,,105,,106,,-357.1298790676849,-483.64133217362047,-357.1298790676849,0.39320868070999987
2017-06-12,138.84,140.93,137.47,138.15,137.78925645580938,138.05913086191998,125.95244841946392,105.92045448166006,0.17495911421003374,4.938846047383322,4.763886933173288,0,,,64.36985597267964,71.22170974173544,,,,,,,63.75878270518578,,,55.521212822281356,69.46615641073913,,,,,60,100,-40,,,,,,,,,,,,-279.46990105537856,-413.88836268750765,-279.46990105537856,0.23463461228849297
2017-06-19,139.45,141.42,139.28,141.24,137.700023851823,138.695304689536,126.55196024615161,106.27189274552414,0.12291462726489666,4.917530217254409,4.794615589989513,0,,,61.88400225760349,66.3345796634321,,,,,,,68.35636679484861,,,30.693771795451376,44.46835384797083,,,,,60,100,-40,,,,,,,,,,,,-283.202646318037,-409.5450240170517,-283.202646318037,0.24916310476915987
2017-06-26,142,142.29,136.25,137.64,137.64430786240706,138.48424375162878,126.98678533453781,106.58401321571793,-0.18960442161707736,4.557610062968166,4.7472144845852435,0,,,53.07589822766104,59.7765854859814,,,,,,,58.922042039002626,,,15.533412391087044,22.390570939732413,,,,,60,100,-40,,,,,,,,,,,,-256.25671062384845,-371.4459287412242,-256.25671062384845,0.13649613092775525
2017-07-03,138.25,138.43,135.8,137.76,137.19685730080656,138.33939500130302,127.40926434102653,106.89422203944213,-0.4111672585029975,4.233255411456497,4.644422669959495,0,,,40.11481080132498,51.69157042886318,,,,,,,59.12575676626667,,,10.25084088725355,11.524281339970196,,,,,60,100,-40,,,,,,,,,,,,-195.11912687405783,-304.8193962428198,-195.11912687405783,0.13087621150850265
2017-07-10,137.84,142.3,137.5,142.12,137.26851035074895,139.09551600104243,127.98615593549607,107.24472729278101,-0.2925817858599986,4.278695437634497,4.571277223494495,0,,,43.21920680786795,45.469971945618,,,,,,,65.80135034615867,,,9.900301070436123,9.36356410446273,,9.900301070436123,,,60,100,-40,,,,,,,,,,,,-186.91564926059274,-289.39768783503433,-186.91564926059274,0.1714760663801479
2017-07-17,142.25,144.44,141.64,144.11,137.67504532569546,140.09841280083396,128.61846354586876,107.61154592668369,-0.1175953991759604,4.424282974524544,4.541878373700505,0,,,52.45898526065257,45.2643342899485,,,,,,,68.35670158658674,68.35670158658674,,19.457362013130187,14.58229062430172,,,,,60,100,-40,,,,,,45.2643342899485,,,,,,-201.11280394048498,-295.8708355013917,-201.11280394048498,0.19967406345604133
2017-07-24,144.07,145.96,142.3,143.84,137.73468494528865,140.84673024066717,129.21538654407,107.97202805676643,-0.060390984305620954,4.466389643318479,4.5267806276241,0,,,58.05266547831115,51.24361918227723,,,,,,,67.61410703874267,,,30.352674545236344,23.868705132210238,,,,,60,100,-40,,,,,,,,,,,,-160.9104759513059,-258.4397745011387,-160.9104759513059,0.1612224367042913
2017-07-31,144.22,144.52,142.61,143.65,137.6672074491966,141.40738419253373,129.78144981685156,108.327032752719,-0.07476572113100222,4.433323476210347,4.5080891973413495,0,,,58.79909585966971,56.43691553287781,,,,,,,67.05874267712393,,,35.9898617639475,33.28720022202905,35.9898617639475,,,,60,100,-40,,,,,,,,,,,,-126.19948032379571,-227.81436095547707,-126.19948032379571,0.15844381351218986
2017-08-07,143.89,145.47,140.89,142.1,137.854549774254,141.54590735402698,130.2645302161907,108.66308217806508,-0.21987295265310003,4.233248006524974,4.453120959178074,0,,,55.58808679017074,57.47994937605055,,,57.47994937605055,,57.47994937605055,,62.52034781169838,,,32.63920461811645,35.20189412509035,,,,,60,100,-40,,,,,,57.47994937605055,,105,,106,,-15.072302083105598,-138.21174987266306,-15.072302083105598,0.13669573014534406
2017-08-14,143.23,144.96,140.65,141.23,137.64708193323585,141.48272588322158,130.69454863908518,108.98713111161668,-0.3954168719562814,3.958849869232722,4.3542667411890035,0,,,50.26170024825601,54.882960966032165,,,,,,,60.04917247739878,,,24.020641028885755,29.20258011869503,,,,,60,100,-40,,,,,,,,,,,,80.3953892047318,-52.173249895815275,80.3953892047318,0.05811403045129661
2017-08-21,141.23,143.35,140.18,141.97,137.49300465229044,141.58018070657727,131.1367232022583,109.31531886174984,-0.47718794139932097,3.757781814439852,4.234969755839173,0,,,43.42050205630968,49.75676303157882,,,,,,,61.45310473339045,,,15.119645705136382,19.788627115122974,,15.119645705136382,,,60,100,-40,,,,,,,,,,,,54.868954803871475,-62.68720446021252,54.868954803871475,0.08036656001223567
2017-08-28,142.41,146.585,141.06,146,139.40279003426969,142.46414456526182,131.71959680216975,109.680340564618,-0.2848497088477746,3.8789076197794543,4.163757328627229,0,,,50.173657137193075,47.95195314725293,,,,,,,68.07253034811811,68.07253034811811,,17.15873240547493,15.901707761294034,,,,,60,100,-40,,,,,,47.95195314725293,,,,,,-36.92540061501429,-146.74407637653755,-36.92540061501429,0.13759117853145897
2017-09-05,145.55,145.88,143.6,144.21,139.0847336032504,142.81331565220947,132.209416535418,110.02391926546758,-0.30155733747304936,3.786810656785917,4.088367994258967,0,,,53.15479700460192,48.91631873270156,,,,,,,62.87696773531933,,,23.912022800641083,19.172616736521945,,,,,60,100,-40,,,,,,,,,,,,-61.12078232137531,-164.6087897626216,-61.12078232137531,0.09987244427415808
2017-09-11,145.3,146.59,145.29,146.06,139.2958240601611,143.46265252176758,132.75257667128398,110.38248723297536,-0.21543141402485766,3.819078726727895,4.034510140752753,0,,,58.81012546589127,54.04619320256209,,,,,,,65.79959072202975,,,39.88749326872449,31.710543112966253,,,,,60,100,-40,,,,,,,,,,,,-110.00791280839799,-200.13446435123583,-110.00791280839799,0.08463049764980708
2017-09-18,145.88,146.37,143.855,144.32,139.4389794844353,143.63412201741406,133.20620111554734,110.72017392717461,-0.29798067691303487,3.662034294611459,3.960014971524494,0,,,56.54976855487093,56.17156367512138,,,56.17156367512138,,56.17156367512138,,60.91328120586688,,,40.01360154230744,39.18576884346446,,,,,60,100,-40,,,,,,,,,,106,,-160.91556502505287,-241.92819810555653,-160.91556502505287,0.03069364182274105
2017-09-25,143.75,145.555,142.1,145.45,139.55262380697565,143.99729761393124,133.68635009140823,111.06574433585945,-0.2980890566540042,3.587403650706989,3.885492707360993,0,,,51.57974766803255,55.64654722959826,,,,,,,62.853993736840124,,,42.845317367034966,43.649128099925775,,,,,60,100,-40,,,,,,55.64654722959826,,105,,,,-299.8400077477705,-374.3048893590917,-299.8400077477705,0.04983683796864946
2017-10-02,145.67,147.66,144.93,147.66,141.12386496362024,144.72983809114498,134.2343363623334,111.42986628276633,-0.1769169243580655,3.664346551913411,3.8412634762714766,0,,,57.840871736913286,55.32346265327226,,,,,,,66.38973052104704,,,43.33014204072066,42.38580623918398,,,,,60,100,-40,,,,,,55.32346265327226,,,,,,-375.3236427027213,-434.43127311198407,-375.3236427027213,0.08526834034699256
2017-10-09,147.86,148.51,146.95,148.34,141.88073175193307,145.451870472916,134.7874996422419,111.7971312948781,-0.08331835629760276,3.737115530899473,3.8204338871970758,0,,,64.0105853830146,57.81040159598681,,,,,,,67.42333219414955,,,58.896039396461234,51.027015817331,,,,,60,100,-40,,,,,,,,,,,,-389.81025312040845,-439.9892234552598,-389.81025312040845,0.0777014625303223
2017-10-16,148.7,149.21,147.27,148.71,142.48925091250928,146.1034963783328,135.3334800484285,112.16442352079972,-0.031502532109146664,3.7810557220606427,3.8125582541697893,0,,,67.23069231498033,63.027383144969406,,,,,,,68.00334909667913,,,74.88200580774961,65.200888108337,,,,,60,100,-40,,,,,,,,,,,,-449.84475255306137,-512.7184555543034,-449.84475255306137,0.06171046642124836
2017-10-23,149.01,151.52,146.33,151.24,145.1864472759015,147.13079710266624,135.95726514456857,112.55323522706041,0.1293263610501847,3.97421620548252,3.8448898444323354,0,,,71.02526442409138,67.4221807073621,,,,,,,71.7316833532258,,,86.98585636357143,81.32497480247413,,,,,60,100,-40,,,,,,,,,,,,-438.96388845250476,-509.4969181807937,-438.96388845250476,0.1270615201774904
2017-10-30,151.08,153.29,150.77,153.27,146.9074153276228,148.35863768213298,136.63619592321294,112.9583771650996,0.31784802472410156,4.242199875337462,3.924351850613361,0,,,77.56028369099606,71.9387468100226,,,,,,,74.3315310458332,,,94.51365382708416,91.55929227149981,,,,,60,100,-40,,,,,,,,,,,,-399.1522723702312,-473.2247512388313,-399.1522723702312,0.23688971604178377
2017-11-06,153.13,154.54,152.11,153.68,147.41188566136404,149.4229101457064,137.30458039681244,113.36356744206378,0.4097353080043842,4.4365209856188415,4.026785677614457,0,,,80.61003670938233,76.39852827482326,,,,,,,74.83787450937533,,,98.3524588845562,96.70491776911241,,,,,60,100,-40,,,,,,,,,,,,-331.12458648473455,-413.54752374086195,-331.12458648473455,0.2092141143002905
2017-11-13,153.12,154.89,151.78,153.95,147.78246525698088,150.3283281165651,137.9573419498786,113.76741254214275,0.4263688079645238,4.559746687570112,4.133377879605588,0,,,79.99202055004154,79.38744698347331,,,,,,,75.18706736774041,,,99.57800256377809,99.15600512755617,,,,,60,100,-40,,,,,,,,,,,,-332.7382980329646,-410.17524669706887,-332.7382980329646,0.2947123057041421
2017-11-20,154.08,156.31,153.61,156.26,150.0887177386251,151.51466249325208,138.6750932459618,114.19022435764381,0.5241789923233586,4.788601620009786,4.264422627686427,0,,,80.8057445920123,80.46926728381207,,,80.46926728381207,,80.46926728381207,,78.01491785360842,78.01491785360842,,100,100,100,,,,60,100,-40,,,,,,,,,,,,-345.87678929969843,-413.77974729760183,-345.87678929969843,0.2992132364400644
2017-11-27,156.2,156.69,152.26,154.49,150.1438093287233,152.10972999460165,139.29528566768877,114.59121715010507,0.40617099999172,4.772136377676077,4.365965377684357,0,,,77.04800242702055,79.2819225230248,,,,,,,71.27238555805764,,,91.6122269266991,95.80611346334956,,,,,60,100,-40,,,,,,79.2819225230248,,105,,,,-325.7173730633896,-392.18342960712874,-325.7173730633896,0.2436986677013407
2017-12-04,155.47,155.625,152.06,154.7,149.94782294810022,152.6277839956813,139.89939211209312,114.9903095167707,0.2845117580504084,4.721605075247368,4.437093317196959,0,,,71.81504505766097,76.5562640255646,,,,,,,71.58799888803287,,,81.53199862373054,87.62058440937744,,,,,60,100,-40,,,,,,,,,,,,-296.4960325064097,-361.7864424058326,-296.4960325064097,0.23035163167571351
2017-12-11,154.76,157.82,154.76,157.65,151.27940702323593,153.63222719654505,140.5954943822071,115.41478404894212,0.3411535010981499,4.863535193569646,4.522381692471496,0,,,72.5493604288775,73.80413597118634,,,,,,,75.65785814230762,75.65785814230762,,74.71292597071997,78.07190129239306,,,,,60,100,-40,,,,,,,,,,,,-271.67857205069885,-343.279816513863,-271.67857205069885,0.2861542021176453
2017-12-18,158.29,158.77,156.91,157.37,151.2887350930048,154.37978175723603,141.2533181319245,115.83224888427603,0.29967298153799327,4.896972919393988,4.597299937855995,0,,,72.86471795480657,72.40970781378168,,,,,,,74.55966273287787,,,76.32965462773964,74.86416818565245,,,,,60,100,-40,,,,,,72.40970781378168,,,,,,-254.1006498596627,-315.4107589658879,-254.1006498596627,0.2592346965957364
2017-12-26,156.53,157.0653,155.7,155.76,151.47739687207587,154.65582540578882,141.82220761694705,116.22953994015387,0.11330529787795562,4.73893156020344,4.6256262623254845,0,,,67.6599960960652,71.02469149324976,,,,,,,68.37713030853146,,,71.28607979242959,72.93031282593323,,71.28607979242959,,,60,100,-40,,,,,,71.02469149324976,,105,,,,-249.71871352154216,-307.15425733572647,-249.71871352154216,0.2666318778946338
2018-01-02,156.5,162.03,156.17,161.92,155.94972566692758,156.10866032463105,142.6103563378511,116.68417138353543,0.34149985079647927,5.052501075821084,4.711001225024605,0,,,71.23460148995245,70.58643851360807,,,,,,,76.46582424532417,,,71.60306564135807,72.66077977786723,,,,,60,100,-40,,,,,,70.58643851360807,,,,,,-304.31531106307995,-348.58075600195804,-304.31531106307995,0.37505015834636024
2018-01-08,161.9,164.66,161.12,164.49,158.05045954786135,157.78492825970483,143.468381579504,117.15985127026642,0.58768788631596,5.445611082919555,4.857923196603595,0,,,76.85757258809727,71.91739005803832,,,,,,,78.90463794112527,,,74.48841350664269,72.29100631926507,,,,,60,100,-40,,,,,,,,,,,,-438.9852545061563,-471.56607309251115,-438.9852545061563,0.41657668898606076
2018-01-16,165.55,166.61,163.53,166.34,159.8547124372998,159.49594260776385,144.36530779207249,117.6492059839951,0.7849601269909936,5.839123355342338,5.054163228351344,0,,,80.4421074505099,76.17809384285322,,,,,,,80.48194713271488,,,89.08122373773566,81.34840491858513,,,,,60,100,-40,,,,,,,,,,,,-488.26066277776425,-519.4631507120546,-488.26066277776425,0.4192625190335625
2018-01-22,166.27,170.952,166.09,170.93,164.46794726320698,161.78275408621107,145.4070604276775,118.17936313838321,1.1143028742307468,6.447041821139777,5.33273894690903,0,,,84.51695435087169,80.60554479649296,,,,,,,83.74810343155997,83.74810343155997,,95.58331054181775,91.1666210836355,95.58331054181775,,,,60,100,-40,,,,,,,,,,,,-527.6678149999889,-555.9243960371357,-527.6678149999889,0.4955817304424258
2018-01-29,170.52,170.91,164.47,164.61,164.23495103012075,162.34820326896886,146.16011688149408,118.64135952506597,0.8103697314295815,6.345701111196007,5.535331379766426,0,,,80.74345495768345,81.90083891968835,,,81.90083891968835,,81.90083891968835,,67.01923890543438,,,77.24678487059214,87.82690307451763,,,,,60,100,-40,,,,,,81.90083891968835,,105,,,,-372.6373031818091,-426.66541493947454,-372.6373031818091,0.3969525992701648
2018-02-05,163.13,165.75,150.125,156.1,163.7903116708264,161.0985626151751,146.5499162194747,119.01408231586133,-0.016163473384693816,5.515127038035558,5.531290511420252,0,,,60.331636718179304,75.19734867557817,,,,,,,51.89720950466362,,,50,66.66666666666667,,,,,60,100,-40,,,,,,,,,,,,-139.43052078511656,-239.08988495047913,-139.43052078511656,0.3368237161000254
2018-02-12,157.67,166.755,156.46,164.96,162.06814655148168,161.87085009214007,147.27188028929922,119.47125562615126,-0.01837437590722857,5.5083225415362165,5.526696917443445,0,,,54.25352800115354,65.10953989233879,,,,,,,61.65561089169324,,,23.54053246742723,36.77026623371361,,,,,60,100,-40,,,,,,,,,,,,-163.17042609691356,-251.9826331413011,-163.17042609691356,0.3280125790481063
2018-02-20,164.39,168.17,164.31,168.17,161.17899322637584,163.13068007371206,148.09141439560122,119.95582024678657,0.1356719483831288,5.696286852922356,5.560614904539227,0,,,56.59215251444993,57.05910574459427,,,,,,,64.4835579586156,,,22.970613221364182,22.396339619300644,,22.970613221364182,,,60,100,-40,,,,,,,,,,,,-141.68489407929292,-230.71306347924633,-141.68489407929292,0.3352769071914312
2018-02-26,168.93,170.73,161.96,165.99,161.32406513877757,163.70254405896964,148.79331971342077,120.41387178661954,0.035295480574286664,5.604734255257085,5.569438774682799,0,,,55.59743321773685,55.481037911113454,,,,,,,61.16473475924389,,,27.831272762344035,22.379557762314175,,,,,60,100,-40,,,,,,55.481037911113454,,,,,,-116.83309515578512,-199.6743246648379,-116.83309515578512,0.2952220868426536
2018-03-05,165.26,173.16,164.59,173.16,162.98734620029344,165.5940352471757,149.74887580309056,120.9387088832701,0.3773283471284419,6.0410992085933515,5.66377086146491,0,,,60.54065395193961,57.57674656137548,,,,,,,67.18285299460565,67.18285299460565,,35.39704604622355,31.905491669562192,,,,,60,100,-40,,,,,,,,,,,,-263.7725324001878,-332.4608110894128,-263.7725324001878,0.32195166352668203
2018-03-12,173.65,175.21,170.9,171.02,162.48967861455822,166.67922819774057,150.5830375363027,121.43703018791417,0.3837224277496958,6.143423896152029,5.7597014684023335,0,,,64.80303169916738,60.31370628961461,,,60.31370628961461,,60.31370628961461,,63.97720081483995,,,37.5455372945288,36.81566569357911,37.5455372945288,,,,60,100,-40,,,,,,,,,,106,,-278.54116287288093,-340.195209073156,-278.54116287288093,0.22719279699971712
2018-03-19,169.16,169.22,158.43,158.51,162.63613014208977,165.04538255819244,150.89389880938887,121.80591545967623,-0.48325432334090124,5.155633564226207,5.638887887567108,0,,,47.0630710915369,57.46891891421463,,,,,,,49.13089836122907,,,31.88554019074877,35.233772424965245,,,,,60,100,-40,,,,,,57.46891891421463,,105,,,,-162.4427696232662,-240.15971651440032,-162.4427696232662,0.10354559013294443
2018-03-26,161.68,165.62,156.04,160.13,161.58926370336906,164.06230604655394,151.25609885607952,122.18724963420681,-0.9493496137416972,4.452200870389987,5.401550484131684,0,,,30.648712508759843,47.504938433154706,,,,,,,50.734712014507686,,,20.604308327932255,27.005333376968835,,,,,60,100,-40,,,,,,,,,,,,-93.81681150994507,-190.13067714814576,-93.81681150994507,0.0788470749131772
2018-04-02,159,161.58,153.88,156.63,161.0471734388427,162.57584483724315,151.46684007740973,122.5299635681948,-1.4643293645808582,3.5711387784056114,5.03546814298647,0,,,13.208236431402344,30.306673343899693,,,,,,,47.248132142330824,,,8.178356328581486,14.774325973147748,,,,,60,100,-40,,,,,,,,,,,,-65.85011850813686,-156.470554030301,-65.85011850813686,0.04124468020503314
2018-04-09,158.01,163.26,157.46,161.37,160.81237533606821,162.33467586979452,151.85519929006034,122.91643159239187,-1.4537578059879444,3.218270885501539,4.6720286914894835,0,,,6.442421096133395,16.76645667876519,,,,,,,52.0796824915179,,,6.675945056909061,7.284390019182269,,6.675945056909061,,,60,100,-40,,,,,,,,,,,,-65.69555150665738,-151.6577260247917,-65.69555150665738,0.04171505251365634
2018-04-16,162.45,167,161.48,162.3,160.7472056692062,162.32774069583562,152.26479931790112,123.30830789495513,-1.3541669378743988,2.979320019146485,4.333486957020884,0,,,7.990076515808179,9.213578014447974,,,,,,,52.99476780077593,,,7.81079076735139,5.817867078338478,,,,,60,100,-40,,,,,,,,,,,,-51.93272395999241,-139.53813947482956,-51.93272395999241,0.012465469728322692
2018-04-23,163.08,164.41,156.47,162.09,160.82954812140576,162.28019255666848,152.65010130543442,123.69419537858742,-1.273666925397472,2.741403300274044,4.015070225671516,0,,,1.9014353884363402,5.444644333459306,,,,,,,52.748362904028156,,,12.5736078977831,10.254607586641603,,,,,60,100,-40,,,,,,,,,,,,-40.67222869453925,-128.71302320667877,-40.67222869453925,0.01609400940097323
2018-04-30,162.48,165.25,159.22,164.87,160.57600896987677,162.7981540453348,153.1293130189468,124.10390487730794,-1.0156348756821054,2.745526631068884,3.7611615067509896,0,,,3.9362498938209676,4.609253932688496,,,,,,,55.70219723110808,,,20.083782751702152,16.215972042173313,,,,,60,100,-40,,,,,,,,,,,,-76.00455075007756,-158.9470189872826,-76.00455075007756,0.02988551439570683
2018-05-07,165.64,169.86,164.86,169.46,160.61343690059985,164.13052323626783,153.769732116243,124.55520930638946,-0.5420308419831787,3.083622954272016,3.625653796255195,0,,,19.024018437599917,8.287234573285742,,,,,,,60.15721053979486,60.15721053979486,,32.91431889358514,26.168209864331477,,,,,60,100,-40,,,,,,8.287234573285742,,,,,,-136.7309960682453,-220.0475609895949,-136.7309960682453,0.0727757192776788
2018-05-14,169.8398,170.82,166.98,167.46,160.79533426484272,164.79641858901428,154.3066053665864,124.98212264662439,-0.3774605777146931,3.1538280741118285,3.5312886518265216,0,,,28.85015668861531,17.270141673345396,,,,,,,57.43080089324126,,,44.763705541262794,38.284858116648856,,,,,60,100,-40,,,,,,,,,,,,-204.5980876922007,-283.6752771733049,-204.5980876922007,0.06817975320470332
2018-05-21,168.73,170.33,166.88,169.72,161.12995324592538,165.78113487121144,154.91105221495556,125.4272756551157,-0.14249018146634285,3.353175924993593,3.495666106459936,0,,,35.78391212933689,27.886029085184038,,,,,,,59.66843485727381,,,53.757462319993294,49.60447638217554,,,,,60,100,-40,,,,,,,,,,,,-235.58025356634604,-313.9161358690676,-235.58025356634604,0.061419496952209676
2018-05-29,168.91,172.84,167.96,172.74,161.07638515693074,167.17290789696915,155.61022663789848,125.89804903168171,0.173114305636068,3.712058988505021,3.538944682868953,0,,,43.89216921304781,36.175412677000004,,,,,,,62.520429963745045,,,59.241468920295446,56.908984766069686,,,,,60,100,-40,,,,,,,,,,,,-314.5656620088286,-393.2041111656008,-314.5656620088286,0.06415796545158677
2018-06-04,173.16,175.93,173.07,174.44,162.91235764572139,168.62632631757532,156.34864912268677,126.38105351892865,0.43808029125898873,4.086545046942689,3.6484647556837,0,,,53.23653312444751,44.304204822277406,,,,,,,64.06984195333253,,,67.92253278308787,63.832366724627015,,,,,60,100,-40,,,,,,,,,,,,-360.09917800722343,-438.9851818627643,-360.09917800722343,0.0366655821240287
2018-06-11,174.3,177.89,174.28,176.98,165.8200463853127,170.29706105406026,157.1577217061108,126.88452562321793,0.710025454392011,4.535996573673714,3.8259711192817027,0,,,59.9292359756174,52.352646104370905,,,,,,,66.32329642442862,66.32329642442862,,79.02046746602548,72.90689671203023,,,,,60,100,-40,,,,,,,,,,,,-390.99023655136466,-462.80605788771624,-390.99023655136466,0.015430397444622266
2018-06-18,175.53,177.98,173.71,175.32,166.10147164350465,171.30164884324822,157.8699679137143,127.36647064189238,0.7024367362915775,4.704017039646175,4.001580303354597,0,,,61.247110260869064,58.13762645364466,,,58.13762645364466,,58.13762645364466,,63.50346242099062,,,85.6035772359338,82.08847288335927,85.6035772359338,,,,60,100,-40,,,,,,,,,,106,,-392.62837536020743,-469.56859281722245,-392.62837536020743,0.05634335825975769
2018-06-25,173.76,173.99,169.17,171.65,166.26850938325433,171.37131907459857,158.41036132886276,127.80710277480887,0.3901649103639473,4.489286441309531,4.099121530945584,0,,,53.15578271284318,58.110709649776545,,,,,,,57.63451565857106,,,82.85935236117713,84.99285613272083,,,,,60,100,-40,,,,,,58.110709649776545,,105,,,,-311.2413980219879,-396.91975775954563,-311.2413980219879,0.09188655597543498
2018-07-02,170.04,175.74,169.67,175.61,166.1550444273076,172.21905525967887,159.084856963025,128.28275349346748,0.3893329304386022,4.5857876939938365,4.196454763555234,0,,,51.148869941502824,55.18392097173836,,,,,,,61.76512109150552,,,77.05307306664471,80.9876690778578,,,,,60,100,-40,,,,,,,,,,,,-352.8338711088992,-433.8434381669009,-352.8338711088992,0.08255520120579028
2018-07-09,176.49,179.9,175.8,179.61,168.69111268249992,173.6972442077431,159.88976453310246,128.79347236417925,0.5854143642077618,4.928222718814936,4.3428083546071745,0,,,57.951986627729276,54.08554642735843,,,,,,,65.45117536013964,65.45117536013964,,76.24652941303938,76.58434611778597,,76.24652941303938,,,60,100,-40,,,,,,54.08554642735843,,,,,,-335.95498545273574,-419.5082675911007,-335.95498545273574,0.0711760422459335
2018-07-16,179.64,180.65,177.28,178.99,168.85817606232135,174.7557953661945,160.63879337494157,129.2929403008541,0.5984665134757261,5.090891496451832,4.492424982976106,0,,,61.29989409581867,56.8002502216836,,,,,,,64.40852389835612,,,82.24161562026345,78.37760525106285,,,,,60,100,-40,,,,,,,,,,,,-340.326806279511,-419.5976734836279,-340.326806279511,0.0793796492941884
2018-07-23,178.45,182.93,176.6,177.62,169.1447349150127,175.3286362929556,161.3047230465125,129.77380656651724,0.4468879637477343,5.0510349376607735,4.604146973913039,0,,,61.89355029625041,60.38181033993279,,,,,,,62.04258998400849,,,82.78852551606384,81.89784743247115,82.78852551606384,,,,60,100,-40,,,,,,,,,,,,-258.44920513778175,-352.3980964866047,-258.44920513778175,0.0009841298696997198
2018-07-30,177.66,180.09,174.27,180.08,169.45796813536893,176.2789090343645,162.0410084172375,130.27436570515886,0.4434711837202654,5.158485953563371,4.715014769843106,0,,,59.063677883280675,60.75237409178325,,,,,,,64.57397570396074,,,81.9180386501059,83.40522672233311,,,,,60,100,-40,,,,,,60.75237409178325,,105,,,,-229.6402587490942,-320.14389712540384,-229.6402587490942,0.10502241453310042
2018-08-06,179.97,182.63,179.74,180.52,169.82525612569972,177.1271272274916,162.76567475381643,130.77432226530652,0.40317600238125983,5.218984772819681,4.815808770438421,0,,,61.33000937378122,60.76241251777077,,,60.76241251777077,,60.76241251777077,,65.02592289706142,,,80.94353023925166,81.49927866400965,,,,,60,100,-40,,,,,,60.76241251777077,,,,,,-168.796575340168,-269.20864310260316,-168.796575340168,0.17226249980300892
2018-08-13,180.85,182.01,178.12,179.86,170.17630925957832,177.6737017819933,163.4360404497452,131.26273696913432,0.27076014368096946,5.154258950039633,4.883498806358664,0,,,59.345900304235144,59.91319585376569,,,,,,,63.70525416582597,,,80.9430492497444,80.67618272296531,,80.9430492497444,,,60,100,-40,,,,,,59.91319585376569,,105,,,,-149.92447073286473,-250.261617083948,-149.92447073286473,0.18530952071734277
2018-08-20,180.28,182.63,179,182.48,172.31943002675126,178.63496142559464,164.18286239289245,131.77236147690414,0.2962511073899545,5.2538126905961064,4.957561583206152,0,,,59.57643756180482,60.084115746607075,,,,,,,66.6206943225464,,,84.48347145598575,82.64116012574719,,,,,60,100,-40,,,,,,,,,,,,-219.93820332688932,-315.66859579595746,-219.93820332688932,0.25523051706424066
2018-08-27,183.43,187.5199,183.11,186.65,176.69661359626906,180.2379691404757,165.06392661277903,132.31840763136282,0.517620892500342,5.60458769883158,5.086966806331238,0,,,66.01299554543547,61.645111137158494,,,,,,,70.68139143830939,70.68139143830939,,88.44817645247166,86.1080128669228,88.44817645247166,,,,60,100,-40,,,,,,61.645111137158494,,,,,,-262.67671181290945,-348.2743056512379,-262.67671181290945,0.2638775181421768
2018-09-04,186.1,186.4,180.44,181.11,176.6875840536784,180.41237531238056,165.69318439267005,132.80389611264278,0.22930987974258077,5.373604156009463,5.144294276266883,0,,,62.44068210007402,62.67670506910478,,,,,,,60.14981446212839,,,78.69838943801881,83.62772542507062,,,,,60,100,-40,,,,,,62.67670506910478,,105,,,,-238.55367330147132,-334.0426137146491,-238.55367330147132,0.26402286383441725
2018-09-10,182.12,184.945,180.52,183.99,176.5120423355585,181.12790024990446,166.41070657334964,133.31321057918365,0.17347664248323547,5.3611400793709265,5.187663436887691,0,,,59.75344890933694,62.73570885161549,,,62.73570885161549,,62.73570885161549,,63.23491105550561,,,64.34265875330038,73.31067774889709,,,,,60,100,-40,,,,,,,,,,,,-244.27118724665837,-346.0348657665311,-244.27118724665837,0.2669262356937425
2018-09-17,183.66,185.48,181.17,183.71,176.60403931159004,181.64432019992356,167.08911023713986,133.81467117043556,0.06422363559780564,5.267942981384948,5.2037193457871425,0,,,57.360122097464924,59.85141770229197,,,,,,,62.7234693493276,,,45.315194425923224,54.9435205151293,,,,,60,100,-40,,,,,,,,,,,,-230.7673350199932,-325.8467083544346,-230.7673350199932,0.22135907119359724
2018-09-24,182.05,186.49,181.3,185.79,176.70589364647648,182.47345615993885,167.8224784631344,134.331838621476,0.07767868312966453,5.300817699699223,5.223139016569559,0,,,57.146079418924614,58.08655014190884,,,,,,,65.00148279403433,65.00148279403433,,47.16450650746634,46.347630277338396,,,,,60,100,-40,,,,,,,,,,,,-184.26418319817626,-282.9654886536283,-184.26418319817626,0.21945936097671218
2018-10-01,186.82,187.53,178.43,180.15,176.67475838601388,182.0087649279511,168.30591068026638,134.7877407247449,-0.3255099840087814,4.816251536558582,5.141761520567363,0,,,48.40236892530779,54.30285681389912,,,,,,,55.10869294834266,,,35.9730172440681,38.90357139061194,,,,,60,100,-40,,,,,,,,,,,,-73.4888771621442,-177.88085435296864,-73.4888771621442,0.20001975328967148
2018-10-08,179.37,181.02,167.81,174.32,176.08727564415574,180.47101194236086,168.54175732025593,135.18109653842905,-0.9800904966313215,3.916648399778211,4.896738896409532,0,,,20.943963910042076,42.16413741809151,,,,,,,47.08412623351597,,,26.4352417626381,33.473582340098716,,,,,60,100,-40,,,,,,,,,,,,124.41819141279112,2.642937347571177,124.41819141279112,0.15663465461804638
2018-10-15,173.69,178.2585,171.56,173.02,174.95461309814462,178.9808095538887,168.71737468024588,135.55760304053422,-1.466596514031484,3.0634932538701776,4.530089767901662,0,,,3.15215871666042,24.166163850670106,,,,,,,45.484203607773715,,,8.739894047116975,17.47978809423395,,,,,60,100,-40,,,,,,,,,,,,265.4330657013746,133.98058510255822,265.4330657013746,0.05731362751344703
2018-10-22,174.06,175.2485,164.23,166.66,174.83306930542,176.51664764311096,168.63669332023625,135.86707962719558,-2.141827953425028,1.8528048261203764,3.9946327795454044,0,,,-16.60488929719612,2.4970777765021346,,,,,,,38.54285013118739,,,3.232816864196267,6.465633728392532,,,,,60,100,-40,,,,,,,,,,,,484.4452355738519,328.71138781118395,484.4452355738519,-0.00568901038574929
2018-10-29,169.16,172.55,160.09,169.38,174.10306435503287,175.08931811448878,168.66584260179562,136.20054152145235,-2.3156060366675257,1.1001252337109975,3.415731270378523,0,,,-29.645152193495903,-14.36596092467719,,,,,,,42.60129416023877,,,2.8899764990416488,1.444988249520825,,2.8899764990416488,,,60,100,-40,,,,,,,,,,,,403.63701092406063,263.4911354818778,403.63701092406063,0.021110896409984183
2018-11-05,169.61,175.58,167.08,171.52,173.21927404395908,174.37545449159103,168.77777034290168,136.55197891924885,-2.197709647219876,0.6685942113536782,2.8663038585735543,0,,,-31.65531622102869,-25.96845257057356,,,,,,,45.65984026575588,,,8.647287970580175,5.407385172430707,,,,,60,100,-40,,,,,,,,,,,,396.6120998469587,251.94729266699088,396.6120998469587,0.03288003355973521
2018-11-12,170.33,170.64,163.46,167.5,172.964325897962,173.00036359327282,168.72766170200356,136.85991942751502,-2.2912854567928393,0.0021970375825048905,2.2934824943753442,0,,,-38.779743577850816,-33.360070664125125,,,,,,,41.19290427112011,,,12.375109459571979,10.24309360910902,,,,,60,100,-40,,,,,,,,,,,,411.7735362384208,249.77505763662893,411.7735362384208,0.040055342731613645
2018-11-19,166.74,166.9,157.13,159.21,171.93044547667898,170.24229087461825,168.35442006663087,137.08230828893278,-2.779781666716091,-1.1812445890197694,1.5985370776963215,0,,,-49.48083032267113,-39.9719633738502,,,,,,,33.80464252001751,,,11.180493054109077,12.188825546745685,,,,,60,100,-40,,,,,,,,,,,,382.3601660132533,226.1795926117873,382.3601660132533,-0.01618865519227317
2018-11-26,161.44,169.47,160.76,169.37,171.43898508548762,170.0678326996946,168.39424673068456,137.403578853222,-2.3064269720271007,-1.2844966373375541,1.0219303346895463,0,,,-48.1207292772807,-45.46043439260087,,,,,,,46.53618656634817,,,13.743028519309231,13.041335727531468,,,,,60,100,-40,,,,,,,,,,,,348.2946812835709,185.0560303187351,348.2946812835709,0.00676000081172173
2018-12-03,173.1,173.31,160.86,161.38,170.9983432936671,168.3302661597557,168.11917823144202,137.6421502079163,-2.4080505844320355,-1.988132895850498,0.41991768858153733,0,,,-48.26236778023497,-48.621309126728924,,,,,,,39.98440564042468,,,16.331961950909637,14.320201443594684,,,,,60,100,-40,,,,,,-48.621309126728924,,,,,,494.96837559564887,278.6822066244197,494.96837559564887,-0.0454491721903698
2018-12-10,161.11,167.6,159.41,161.08,170.27631877269087,166.88021292780456,167.84313202628744,137.87536264365843,-2.368485913716929,-2.540689703564624,-0.1722037898476949,0,,,-50.97712271595631,-49.12007325782398,,,,,,,39.756730392709116,,,21.869029418406377,19.131625651531085,21.869029418406377,,,,60,100,-40,,,,,,-49.12007325782398,,,,,,768.6104891237128,486.194532692707,768.6104891237128,-0.052481916781674194
2018-12-17,160.41,161.67,146.72,147.57,164.57443886035583,163.01817034224365,167.04810724094284,137.97182669695536,-3.080134288368701,-4.022371650308571,-0.9422373619398702,0,,,-62.892441602515284,-54.04397736623551,,,,,,,31.113591079340623,,,15.679456884251023,18.577267353002075,,,,,60,100,-40,,,,,,,,,,,,1354.3176729194013,936.8864358394876,1354.3176729194013,-0.17100406084848555
2018-12-24,146.14,155.59,143.46,152.97,157.72126465604467,161.00853627379493,166.49602460404313,138.12106225220953,-3.0115103908165595,-4.70662535046057,-1.6951149596440103,0,,,-68.52915585294872,-60.79957339047343,,,,,,,37.04042998295768,,,14.507661156672683,16.60085047853175,,,,,60,100,-40,,,,,,,,,,,,1206.259914206783,811.0889020504899,1206.259914206783,-0.12023186092659364
2018-12-31,154.47,157,149.49,156.23,155.8740314663272,160.05282901903595,166.09343540388457,138.30125068751093,-2.587130286761401,-4.929027818095761,-2.3418975313343604,0,,,-66.61627153350912,-66.01262299632437,,,,-66.01262299632437,,-66.01262299632437,40.39442494778263,,,16.89530631651412,14.746682720835457,,,,,60,100,-40,,,,,,,,,,,,998.7581116237316,666.3454653140371,998.7581116237316,-0.07702948960375666
2019-01-07,156.54,161.5229,156.11,160.69,154.52588636158956,160.18026321522876,165.88153597628124,138.52402431251082,-1.8795380010952787,-4.691320032703459,-2.81178203160818,0,,,-57.48916270736665,-64.21153003127482,,,,,,,44.7562027739777,,,35.86325847070955,25.796229672106378,,,,,60,100,-40,,,,,,-64.21153003127482,-107,,,,,810.8020913285077,528.8281079842122,810.8020913285077,-0.06814760646584622
2019-01-14,159.32,166.02,158.59,165.25,154.96648019290458,161.194210572183,165.85676985956434,138.789954418854,-1.0208613499048353,-4.087858718989224,-3.066997369084389,0,,,-43.56030803709022,-55.888580759322,,,,,,,48.89815714650986,,,59.570275860177276,46.02869222546502,,,,,60,100,-40,,,,,,,,,,,,658.8380747233243,419.950270168901,658.8380747233243,-0.05365659525507217
2019-01-22,164.05,165.65,160.32,165.15,155.0874458934114,161.9853684577464,165.8290533944834,139.05224342961168,-0.407564758220452,-3.576453316859954,-3.168888558639502,0,,,-31.554296641235062,-44.201255795230644,,,,,,,48.81121333906394,,,82.1067017690383,70.81388757556971,,,,,60,100,-40,,,,,,,,,,,,523.5947884099927,320.8684028654645,523.5947884099927,-0.007460553470216726
2019-01-28,163.03,168.99,160.99,167.45,153.34977118673916,163.07829476619713,165.89261992803307,139.3348081716056,0.17387366089485035,-2.951546482520939,-3.1254201434157896,0,,,-18.34972527095934,-31.154776649761533,,,,,,,50.98283562138003,,,94.31622386871291,88.78595579870556,,,,,60,100,-40,,,,,,,,,,,,405.66846324453945,230.71051143537997,405.66846324453945,-0.003959905222737915
2019-02-04,167.51,171.37,166.57,168.56,153.35121610197208,164.17463581295772,165.9972230681102,139.62560610024633,0.6285247187405232,-2.3397642449901355,-2.9682889637306586,0,,,-3.6985512323182625,-17.867524381504214,,,,,,,52.04645782613891,,,98.7719959426847,97.69749994664913,,,,,60,100,-40,,,,,,,,,,,,328.27419720007777,168.7631457198563,328.27419720007777,-0.013971840664977376
2019-02-11,169.14,172.5623,167.98,171.94,156.37970066611692,165.72770865036617,166.2302731438706,139.94714235795533,1.1233079169888254,-1.564154067494627,-2.6874619844834524,0,,,9.229607707946066,-4.272889598443839,,,,,,,55.249708373472956,,,99.94883064624008,99.89766129248017,,,,,60,100,-40,,,,,,,,,,,,209.49707043642718,70.80621013442787,209.49707043642718,-0.0163370480764785
2019-02-19,171.39,173.08,170.71,172.89,157.78653633282283,167.16016692029294,166.49143890293448,140.27493198623438,1.4596706414685432,-0.8628736826477734,-2.3225443241163166,0,,,19.60880532155145,8.379953932393091,,,,,,,56.141760881733546,,,99.97441532312004,99.94883064624008,,,,,60,100,-40,,,,,,,,,,,,100.49760308434948,-19.3403735263772,100.49760308434948,0.02722749732236136
2019-02-25,174.2,174.66,171.76,174.39,160.0267837376212,168.60613353623435,166.80118639693706,140.61438539930668,1.7108786227212094,-0.183946045714805,-1.8948246684360144,0,,,27.961205450420202,18.93320615997258,,,,,,,57.58791291764963,,,100,100,100,,,,60,100,-40,,,,,,,,,,,,19.498038887195044,-83.09666924885406,19.498038887195044,0.0519041669452449
2019-03-04,175.37,175.79,169.3375,171.17,160.63844204207683,169.1189068289875,166.97251242058658,140.91842136548274,1.590425711486215,0.09320747092175452,-1.4972182405644605,0,,,30.86523330063427,26.145081357535314,,,,,,,53.48649854278829,,,96.87747773563456,98.43873886781728,,,,,60,100,-40,,,,,,,,,,,,36.86203181679595,-60.71545665815332,36.86203181679595,0.08165236922498592
2019-03-11,171.86,178.88,171.85,178.35,164.65891046764278,170.96512546319,167.418688404093,141.29087488423417,1.9034160955510597,0.8820518788743641,-1.0213642166766956,0,,,38.48029269882579,32.43557714996009,,,,,,,60.314114219324146,,,96.0968471695432,96.87747773563456,,,,,60,100,-40,,,,,,,,,,,,-2.5674285135305652,-89.67628272030726,-2.5674285135305652,0.17099511138091322
2019-03-18,177.95,182.83,177.5915,178.56,164.74541686281117,172.484100370552,167.85560258432463,141.66171195006268,2.0225254796806507,1.5067926329241175,-0.5157328467565331,0,,,46.44497507169314,38.5968336903844,,,,,,,60.49783904508638,,,95.31621660345183,95.31621660345183,,95.31621660345183,,,60,100,-40,,,,,,,,,,,,49.71755848892954,-34.280594952978696,49.71755848892954,0.10034269298399333
2019-03-25,177.92,180.69,176.6,179.66,166.08381565832465,173.9192802964416,168.3185201300374,142.03980436847002,2.066058074529688,2.066839746405577,0.0007816718758890673,0,,,49.43764017901023,44.787635983176386,,,,,,,61.50901398800463,,,98.43873886781728,96.87747773563456,,,,,60,100,-40,,,,,,,,,,,,25.22345694548779,-62.593214052437105,25.22345694548779,0.11924293051234845
2019-04-01,181.42,184.92,180.77,184.66,171.46925739701572,176.0674242371533,168.95936247787907,142.46388591704246,2.3041184760836435,2.8809297669804437,0.5768112908968,0,,,55.37206641250005,50.41822722106781,,,,,,,65.81771149801384,,,99.21936943390864,98.43873886781728,,,,,60,100,-40,,,,,,,,,,,,-15.726262499146344,-99.39444786108488,-15.726262499146344,0.14352289831818882
2019-04-08,184.37,185.95,183.63,185.83,172.83002472580034,178.01993938972262,169.62095610619753,142.89538953975847,2.401952414120853,3.579251808547866,1.1772993944270134,0,,,59.28491002042476,54.69820553731167,,,,,,,66.76093313802767,,,100,100,,,,,60,100,-40,,,,,,,,,,,,-57.412396590210655,-134.959093704524,-57.412396590210655,0.2061355251257035
2019-04-15,185.81,187.93,184.62,187.39,174.98716581681458,179.89395151177808,170.3177813569349,143.33812198214892,2.426180858241068,4.210025467228348,1.7838446089872804,0,,,61.68813592185581,58.7817041182602,,,,,,,68.03498858082841,,,100,100,,,,,60,100,-40,,,,,,,,,,,,-26.973779028354166,-110.42107666733784,-26.973779028354166,0.1742793438663511
2019-04-22,186.54,191.22,186.43,190.65,178.66022540132784,182.04516120942247,171.11512326450608,143.80888693755043,2.5059649812212568,4.9163008355138516,2.410335854292595,0,,,64.31979092853874,61.76427895693977,,,,,,,70.58727751584478,,,100,100,,,,,60,100,-40,,,,,,,,,,,,-52.978546477744324,-140.34451727327644,-52.978546477744324,0.2714697343344113
2019-04-29,190.62,191.32,186.87,191.11,179.29235215837588,183.858128967538,171.8992360776627,144.27954477896785,2.4319868520686576,5.450319419378417,3.018332567309759,0,,,64.5513965502772,63.51977446689059,,,63.51977446689059,,63.51977446689059,,70.94194699992322,70.94194699992322,,100,100,,,,,60,100,-40,,,,,,,,,,,,-88.80062893633624,-170.2818777690443,-88.80062893633624,0.36584363827839506
2019-05-06,187.1,190.2,181.0302,185,179.50075557563474,184.08650317403038,172.41299152559748,144.68472343788358,1.8406865366640175,5.319190738139781,3.4785042014757637,0,,,57.996617831768,62.28926843686131,,,,,,,60.452587358435345,,,88.60130109859219,94.30065054929611,,,,,60,100,-40,,,,,,62.28926843686131,,105,,,,-37.200514584275126,-127.503354538309,-37.200514584275126,0.4939744424789601
2019-05-13,180.3,186.07,178.06,183.04,178.89001589166082,183.8772025392243,172.8297369559662,145.0663679807902,1.2167836446174145,4.999483757247532,3.7827001126301174,0,,,47.24590711317718,56.597973831740795,,,,,,,57.49813754359793,,,69.65276630088513,80.55187106241463,,,,,60,100,-40,,,,,,,,,,,,4.108669885593095,-99.77547189498009,4.108669885593095,0.4700172852370169
2019-05-20,180.51,182.33,177.14,178.16,178.61858618511363,182.73376203137943,173.03876687926166,145.3956578516281,0.4160312352965372,4.302739156750789,3.886707921454252,0,,,32.671373745026415,45.97129956332387,,,,,,,50.80140022827741,,,40.55615433522218,55.691980464422066,,,,,60,100,-40,,,,,,,,,,,,73.36163899730344,-44.3617497322564,73.36163899730344,0.3914439691154443
2019-05-28,178.67,179.66,173.87,173.95,178.66797288617693,180.97700962510353,173.07450151144747,145.6797806590746,-0.411780645412005,3.3719821146892457,3.7837627601012507,0,,,16.077128478360738,31.99813644552145,,,,,,,45.81443643572802,,,20.152360440763456,31.119677656726207,,,,,60,100,-40,,,,,,,,,,,,243.65952281597558,110.97675021906295,243.65952281597558,0.3121400686502069
2019-06-03,173.52,181.7666,169.27,181.04,178.72954625145002,180.98960770008281,173.38687400119463,146.03162363759125,-0.4910794793511144,3.1699134109123577,3.660992890263472,0,,,6.517550216095797,18.422017479827655,,,,,,,54.0448388703741,,,13.315210269239678,15.308947992325583,,13.315210269239678,,,60,100,-40,,,,,,,,,,,,204.8123368494346,52.617341088324245,204.8123368494346,0.32320593097322153
2019-06-10,182.23,185.4,181.94,182.64,177.82863580491787,181.31968616006625,173.7497416874223,146.3958860889585,-0.44630756566274377,3.1031084331850423,3.549415998847786,0,,,11.636436892338129,11.41037186226489,,,,,,,55.69024342178521,,,20.00470145080977,15.128979668143495,,,,,60,100,-40,,,,,,11.41037186226489,,,,,,197.57373014953737,45.77782452681074,197.57373014953737,0.2553169664275693
2019-06-17,183.01,189.77,182.835,188.57,178.154447533138,182.769748928053,174.33092828791555,146.81552901344648,-0.04876981915756007,3.488453724900836,3.537223544058396,0,,,21.915416690728446,13.356467933054128,,,,,,,61.25953602581619,,,36.67910933009297,27.39002860995393,,,,,60,100,-40,,,,,,,,,,,,160.74214284962142,16.54549279466334,160.74214284962142,0.2581114796919026
2019-06-24,188.52,188.72,184.65,186.74,178.06127270934246,183.5637991424424,174.81755855113454,147.21278743122312,0.0539212166334746,3.6046250648502394,3.5507038482167648,0,,,27.729878219397893,20.427243934154827,,,,,,,58.78919621853817,,,46.77886194134878,41.1015842916014,,,,,60,100,-40,,,,,,,,,,,,107.87993505878117,-25.553687713457265,107.87993505878117,0.27003854924683396
2019-07-01,190.3,191.44,188.38,191.05,178.41189608724656,185.06103931395393,175.4541248824626,147.64897860106169,0.358142370974444,3.99838181193482,3.640239440960376,0,,,36.947714018322074,28.86433630948281,,,,,,,62.633788966871045,,,57.66067666325564,53.436420741959864,,,,,60,100,-40,,,,,,,,,,,,71.90176504809372,-50.90756267464684,71.90176504809372,0.2628455797793585
2019-07-08,189.86,193.54,188.65,193.53,181.06747493815752,186.75483145116314,176.16298273020917,148.10550617717053,0.6551283200285831,4.459149840996105,3.8040215209675217,0,,,44.18069736015251,36.286096532624164,,,,,,,64.6873431597879,,,63.41881592640545,60.29467600711462,,,,,60,100,-40,,,,,,,,,,,,34.283262312076666,-76.19709673380197,34.283262312076666,0.26886802857328157
2019-07-15,193.97,194.19,190.69,191.01,181.25908387114626,187.6058651609305,176.74521870157352,148.53241656346734,0.6114293993342717,4.568308270135361,3.9568788708010896,0,,,47.78085084250684,42.969754073660475,,,,,,,60.99716188619572,,,67.85257097378943,66.03325759445664,,,,,60,100,-40,,,,,,,,,,,,38.95903280079004,-79.61580641856526,38.95903280079004,0.2079468888832921
2019-07-22,191.5,195.55,191.44,195.29,183.3955778803501,189.14269212874441,177.47246502700202,148.9976661499005,0.7890531147557356,4.943195264245759,4.154142149490023,0,,,52.06016472181994,48.0072376414931,,,,,,,64.7021125947388,64.7021125947388,,71.09356902953928,69.60049456447426,71.09356902953928,,,,60,100,-40,,,,,,,,,,,,7.330117746100981,-111.50384161518971,7.330117746100981,0.2645533934357093
2019-07-29,195.18,195.18,186.21,187.35,183.59660803175365,188.78415370299552,177.8598193396686,149.37928141209056,0.31443597858152916,4.5471871227169345,4.232751144135405,0,,,46.085680717876784,48.64223209406786,,,48.64223209406786,,48.64223209406786,,54.33004921123991,,,62.92469526657801,67.02697959522062,,,,,60,100,-40,,,,,,48.64223209406786,,,,106,,140.54282361044628,6.951402314844799,140.54282361044628,0.16986722056473008
2019-08-05,183.51,188.32,179.2,186.49,183.13470745805697,188.32532296239643,178.1982577969365,149.7485422935623,-0.09300047619186635,4.116500548895573,4.209501025087439,0,,,30.358655988911934,42.83483380953623,,,,,,,53.326973549338355,,,56.234363709945676,60.96944546310775,,,,,60,100,-40,,,,,,,,,,,,183.17140113581968,33.86932916669117,183.17140113581968,0.26091073031925827
2019-08-12,185.34,189.68,181.16,185.48,182.70008549676717,187.75625836991713,178.4838163147037,150.1040791861637,-0.44633157182861805,3.6515865603016664,4.097918132130284,0,,,19.831129313518538,32.09182200676909,,,,,,,52.103084475977035,,,43.05668927239144,49.108767859875464,,,,,60,100,-40,,,,,,,,,,,,203.50387365657969,39.52945113638368,203.50387365657969,0.23284515292879743
2019-08-19,188.03,189.46,181.56,182.07,182.38222224699808,186.6190066959337,178.62445096902903,150.42214804998295,-0.8993733898948526,2.9737013947617186,3.873074784656571,0,,,9.129838985339045,19.77320809592318,,,,,,,48.068054401617616,,,34.1121871485467,39.1820667346961,,,,,60,100,-40,,,,,,,,,,,,298.32135117356523,125.06955092976845,298.32135117356523,0.15516163633800964
2019-08-26,184.19,188.97,182.91,187.47,182.17563494364109,186.78920535674698,178.9713352447534,150.79078339276919,-0.8268792842293502,2.839475679369883,3.6663549635992334,0,,,6.563245346006839,11.841404548288146,,,,,,,54.158432913680706,,,31.186747113643058,32.105103118647705,,31.186747113643058,,,60,100,-40,,,,,,,,,,,,265.8992873238261,107.78417803344692,265.8992873238261,0.1418174783607806
2019-09-03,186.26,192.325,185.03,191.59,182.1266610190953,187.74936428539758,179.46618484299836,151.19674574707,-0.5085916882387331,3.030615353300817,3.5392070415395502,0,,,14.568062531194938,10.08704895418028,,,,,,,58.20935871945689,,,36.06182991934351,32.85858962743068,,,,,60,100,-40,,,,,,10.08704895418028,,,,,,198.4630532649486,58.1870547546384,198.4630532649486,0.1453131336743928
2019-09-09,192.18,194.71,188.91,192.54,182.02475666058848,188.70749142831806,179.97888347660626,151.60812141127826,-0.25407346701762945,3.2216152077675133,3.4756886747851428,0,,,25.861642342379884,15.66431673986056,,,,,,,59.111926807903835,,,49.88390529271402,42.325317976330695,,,,,60,100,-40,,,,,,,,,,,,110.56067994404884,-6.028773382568602,110.56067994404884,0.12401724110341666
2019-09-16,191.3,194.035,190.11,190.8,182.1437026134036,189.12599314265447,180.4032409873276,151.99809035245957,-0.2239573510562165,3.1957419859648724,3.419699337021089,0,,,31.661501229556034,24.03040203437696,,,,,,,56.6828547251371,,,56.11979464577579,52.23678802797631,56.11979464577579,,,,60,100,-40,,,,,,,,,,,,91.36782904513083,-22.20536004028343,91.36782904513083,0.05218089479791825
2019-09-23,190.36,191.79,185.75,187.03,182.52200956958904,188.70679451412357,180.66311388978534,152.346666567858,-0.465110277288479,2.83831149041049,3.303421767698969,0,,,24.164730629662742,27.22929140053289,,,,,27.22929140053289,,51.69652653918566,,,50.85852181760568,54.79058437697099,,,,,60,100,-40,,,,,,27.22929140053289,,,,,,134.7554964914707,6.377432694313576,134.7554964914707,0.03282210718259896
2019-09-30,187.75,190.5898,181.82,188.81,182.57115174318983,188.72743561129886,180.98259961959766,152.70948580598875,-0.5083996343415418,2.6679222247720418,3.1763218591135836,0,,,13.95692930529975,23.261053721506176,,,,,,,53.776385132768375,,,41.96981088958725,47.71722057524753,,,,,60,100,-40,,,,,,,,,,,,156.6181334930215,23.399717658983832,156.6181334930215,0.049951461002982304
2019-10-07,188.23,192.63,185.27,191.11,182.226812332962,189.20394848903908,181.37975257569187,153.09158047458587,-0.3910587090678961,2.6874984727787137,3.0785571818466098,0,,,16.946031485796958,18.355897140253155,,,,,,,56.404058894606656,,,37.55356629111843,39.56399826110105,,37.55356629111843,,,60,100,-40,,,,,,,,,,,,143.5966546761085,-3.5820491881041505,143.5966546761085,0.11200473282246298
2019-10-14,190.82,194.5,190.645,191.69,179.35846859489328,189.70115879123125,181.7840760040961,153.47564435046064,-0.2880641198224829,2.718477032068506,3.006541151890989,0,,,28.158875864359466,19.687278885152065,,,,,,,57.07074764551192,,,42.79901519176852,39.34089147714995,,,,,60,100,-40,,,,,,19.687278885152065,,,,,,115.66999018954331,-20.203494790267023,115.66999018954331,0.14374389490778133
2019-10-21,192.65,195.74,191.15,195.64,182.8492922666866,190.888927032985,182.32744557256294,153.89519017781925,0.01626140084040051,3.0268679029414898,3.0106065021010893,0,,,39.69524185643552,28.266716402197318,,,,,,,61.42320407242039,,,54.568327873052795,47.73423224340712,,,,,60,100,-40,,,,,,,,,,,,70.09362833689909,-58.34831391930937,70.09362833689909,0.10973839041458261
2019-10-28,196.57,198.88,195.29,198.87,186.3371999619233,192.485141626388,182.97617319716832,154.34270072331358,0.38483822124963574,3.491654278663134,3.106816057413498,0,,,52.697489221481725,40.18386898075891,,,,,,,64.602434686459,,,69.95220033805552,61.89099077129915,,,,,60,100,-40,,,,,,,,,,,,-0.8324859061734458,-111.37589320670767,-0.8324859061734458,0.18412499437259067
2019-11-04,200.19,201.72,198.785,201.23,189.0795428217859,194.2341133011104,183.6920095423774,154.8092410146239,0.7179666139428589,4.004274324842072,3.286307710899213,0,,,62.94046275864514,51.777731278854134,,,,,,,66.77012001320288,,,85.43901890473674,77.57346780424596,,,,,60,100,-40,,,,,,,,,,,,3.864329713130843,-116.58027626003357,3.864329713130843,0.1679961897624345
2019-11-11,200.23,202.91,199.94,202.91,191.20814690594406,195.96929064088832,184.44565622699005,155.28785553189132,0.9663810755413658,4.49428405532592,3.5279029797845545,0,,,68.58782676375687,61.40859291462792,,,,,,,68.26866760321064,,,95.21966331833991,90.43932663667981,,,,,60,100,-40,,,,,,,,,,,,-12.292821143802044,-143.5656805763911,-12.292821143802044,0.1983713996223648
2019-11-18,202.61,203.84,200.62,201.83,191.61970784123378,197.14143251271065,185.12739519848063,155.75096144699688,0.9703368596621678,4.740824054362264,3.770487194700096,0,,,70.0772365350236,67.20184201914188,,,,,,,66.18988082474866,,,96.73789621422469,96.69509060841922,,,,,60,100,-40,,,,,,,,,,,,2.669509973252815,-135.64464774431997,2.669509973252815,0.1625908182940578
2019-11-25,202.67,206.05,202.67,205.1,194.15615728114565,198.73314601016853,185.91063460246178,156.2419966564795,1.0962585555760018,5.140810389170099,4.044551833594097,0,,,72.37539319774501,70.34681883217517,,,,,,,69.26014944788076,,,97.31725151669181,97.85380121335345,,,,,60,100,-40,,,,,,,,,,,,-60.543128203702246,-190.98198451807997,-60.543128203702246,0.13403491869667758
2019-12-02,205.11,205.18,199.23,205,194.33500318963524,199.9865168081348,186.65923716707113,156.72715091860408,1.0744609766897968,5.387628054456343,4.313167077766546,0,,,69.65871529723638,70.70378167666833,,,,,,,69.05240814303085,,,96.53704009177028,96.65887095590021,,96.53704009177028,,,60,100,-40,,,,,,70.70378167666833,,105,,,,-109.53528671211998,-235.34889642388356,-109.53528671211998,0.20747125043513998
2019-12-09,204.63,207.91,203.44,207.19,196.34393153323273,201.42721344650784,187.46436512130364,157.2292688199115,1.1049120194963429,5.694307102136975,4.589395082640632,0,,,70.50226083594082,70.84545644364074,,,,,,,71.1083816816269,,,98.62232344635188,97.61013948509355,,,,,60,100,-40,,,,,,,,,,,,-170.52887094627994,-293.4672788922684,-170.52887094627994,0.2018093131126671
2019-12-16,208.5,212.5186,208.48,211.71,201.00007928085896,203.48377075720626,188.4151743322329,157.77136564757407,1.3126920308759766,6.230260121235602,4.917568090359626,0,,,74.72344208558977,71.62813940625566,,,,,,,74.84494508630415,,,99.09795771094856,98.56140801428693,,,,,60,100,-40,,,,,,71.62813940625566,,,,,,-257.7054398651381,-373.7459554573105,-257.7054398651381,0.29234802121669007
2019-12-23,212.03,214.56,211.44,213.61,202.90384504651192,205.509016605765,189.40320671136104,158.32697394958825,1.4505320629165661,6.730733169005333,5.280201106088767,0,,,77.23497229801947,74.1535584065167,,,,,,,76.24404963586531,,,99.87816913587008,99.75633827174015,,,,,60,100,-40,,,,,,,,,,,,-264.4862689805676,-372.1557817377996,-264.4862689805676,0.263921492078325
2019-12-30,213.51,216.16,211.16,214.18,203.7928561146182,207.243213284612,190.3748456638567,158.88272545257743,1.4491257197592526,7.091608255787833,5.64248253602858,0,,,76.99001454997976,76.31614297786301,,,,,,,76.66584360364058,,,99.93908456793503,99.87816913587007,,,,,60,100,-40,,,,,,,,,,,,-256.3978564386462,-349.9456396036543,-256.3978564386462,0.28226878928123494
2020-01-06,212.49,219.87,212.24,218.43,208.0705092492883,209.48057062768962,191.47504779468585,159.47523564707916,1.5920623213163259,7.6325604376739875,6.040498116357662,0,,,77.61266912490123,77.27921865763349,,,,,,,79.59263086487192,,,100.00000000000001,100.00000000000001,,,,,60,100,-40,,,,,,,,,,,,-271.59824617707415,-355.4100687666262,-271.59824617707415,0.37402948124604485
2020-01-13,219.31,223.56,218.98,223.38,212.67047287433914,212.2604565021517,192.72622239097268,160.11110394909826,1.8590210439886778,8.36427442134351,6.505253377354832,0,,,80.18914195661212,78.26394187716437,,,,,,,82.38104664969595,82.38104664969595,,100.00000000000001,100.00000000000001,,,,,60,100,-40,,,,,,,,,,,,-377.671292326697,-453.517328990876,-377.671292326697,0.3951015813040718
2020-01-21,222.73,225.88,221.6701,222.7,212.7025819547435,214.34836520172135,193.90166465015022,160.73387903418185,1.8261894798034417,8.787990227109134,6.961800747305692,0,,,80.32447681405435,79.37542929852256,,,79.37542929852256,,79.37542929852256,,80.73924378243039,,,98.46308255741553,99.23154127870778,,,,,60,100,-40,,,,,,,,,,,,-359.91287554002486,-440.1505419016258,-359.91287554002486,0.3331507844626918
2020-01-27,217.72,223.56,217.18,219.07,212.86384038654754,215.2926921613771,194.8886581932816,161.31433794926463,1.4147518930783427,8.73024061365362,7.315488720575278,0,,,74.88284280137796,78.46548719068147,,,,,,,72.3954287581902,,,86.85976945161326,92.85354068483747,,,,,60,100,-40,,,,,,78.46548719068147,,105,,,,-239.0196254418385,-332.8504433740575,-239.0196254418385,0.276161074040828
2020-02-03,220.14,230.44,219.99,229.2,218.5235660732227,218.07415372910168,196.23420100923133,161.98981717365004,1.662486172799115,9.393596436574171,7.731110263775056,0,,,75.62106317902187,76.94279426481806,,,,,,,78.96673388482117,,,80.15289882671074,84.71660492698346,,,,,60,100,-40,,,,,,,,,,,,-188.2887844524133,-295.0594536696834,-188.2887844524133,0.3584827577149985
2020-02-10,228.43,234.93,228.38,234.64,223.1018827822782,221.38732298328134,197.7403107735752,162.712704564957,2.00729598224353,10.240230241579468,8.232934259335938,0,,,78.55155964684737,76.35182187574907,,,,,,,81.5253152076895,81.5253152076895,,78.00557775101436,78.11658661171396,,,,,60,100,-40,,,,,,76.35182187574907,,,,,,-219.50900546106539,-332.32137118428636,-219.50900546106539,0.45858789789558185
2020-02-18,233.47,237.47,229.3211,230.27,222.9903197264012,223.16385838662507,199.015984860886,163.38491645983305,1.764249037441866,10.43824555613827,8.673996518696404,0,,,77.59566211688524,77.25609498091815,,,77.25609498091815,,77.25609498091815,,73.72110451653414,,,78.83883327179365,77.79035704008503,,,,,60,100,-40,,,,,,,,,,106,,-192.32554992268985,-300.99021278714343,-192.32554992268985,0.3618739535513872
2020-02-24,221.84,224.25,198.17,205.8,222.6583111745154,219.69108670930007,199.282024670263,163.80695709207353,-0.12127033294308731,8.522408602517544,8.643678935460631,0,,,53.76892747042502,69.9720497447192,,,,,,,46.63829154690594,,,60.850834173716166,69.87088668531234,,,,,60,100,-40,,,,,,69.9720497447192,,105,,,,300.82455006325375,102.8261895377917,300.82455006325375,0.190832103075373
2020-03-02,208.88,219.61,202.91,208.02,218.92843180490715,217.35686936744005,199.6246903694684,164.24688786727677,-1.2338477117237776,7.10136929580591,8.335217007529687,0,,,36.42060093565003,55.92839684098677,,,,,,,48.497844104933165,,,35.52856741909965,50.6938065009554,,,,,60,100,-40,,,,,,,,,,,,693.4019045972076,469.58506416728414,693.4019045972076,0.11985097410806889
2020-03-09,193.48,204.3,176.94,192.34,217.66497239027092,212.35349549395204,199.33901623733237,164.52642132133371,-2.943160873718428,4.656265915381653,7.599426789100081,0,,,11.565894921279959,33.918474442451675,,,,,,,38.28841772918467,,,13.276271672198854,24.68666333594042,,,,,60,100,-40,,,,,,,,,,,,1170.0561037613516,866.9241434095961,1170.0561037613516,0.0980120285935735
2020-03-16,174.15,184.68,166.8,170.7,214.43747436239443,204.02279639516163,198.21591756135857,164.58784996490255,-5.310536660862387,0.9612559630220971,6.271792623884484,0,,,-10.864080685038292,12.374138390630568,,,,,,,29.122421149260745,,29.122421149260745,4.948788063255075,8.031696118052862,,4.948788063255075,,,60,100,-40,,,,,,,,,,,,1176.4095394411058,885.665208244215,1176.4095394411058,-0.02200273233869278
2020-03-23,170.92,192.72,164.93,185.3,212.23194047936624,200.2782371161293,197.7094109903249,164.7939410100279,-5.641415677979845,-0.7799769735903226,4.861438704389522,0,,,-21.404161198694172,-6.900782320817499,,,,,,,39.6772482101224,,,5.60977496712433,3.7378274877908333,,,,,60,100,-40,,,,,,,,,,,,990.6987140881774,739.1806249270851,990.6987140881774,0.014856274831149341
2020-03-30,187.1,195.25,180.86,183.37,209.8625161594115,196.89658969290343,197.14708114756706,164.97877741788832,-5.720560803749239,-2.2892623002970254,3.4312985034522128,0,,,-25.555165677433877,-19.274469187055445,,,,,,,38.84876067940006,,,11.149819629757355,7.911810428607456,,,,,60,100,-40,,,,,,,,,,,,962.3898569812361,706.6023294857969,962.3898569812361,-0.04195634431072612
2020-04-06,190.38,203.22,189.19,200.86,209.576622148025,197.68927175432276,197.29268580844678,165.33580450825758,-4.38539773848238,-2.0504486696507627,2.3349490688316177,0,,,-21.4157142422698,-22.79168037279928,,,,,,,49.25178889898099,,,22.295741315704255,16.615258477193397,,,,,60,100,-40,,,,,,-22.79168037279928,,,,,,784.682610257375,570.8564513974702,784.682610257375,0.0007521406047895184
2020-04-13,199.92,216.51,198.75,215.29,208.53114913745176,201.20941740345822,197.9984628355665,165.8328611798172,-2.419051995671758,-0.6888659257580798,1.7301860699136782,0,,,-9.255154035879805,-18.742011318527826,,,,,,,55.94973524576579,,,32.45460037711566,26.818313434838426,,,,,60,100,-40,,,,,,,,,,,,622.922135665125,440.7007329615664,622.922135665125,0.04536337134068335
2020-04-20,213.27,215.88,203.63,213.84,207.85892419906236,203.73553392276656,198.6196995871129,166.31054415315236,-1.1680832642900838,0.2700819895510733,1.4381652538411571,0,,,0.31310737314731085,-10.119253635000762,,,,,,,55.157256972939784,,,43.22400417267842,38.12877995474121,,,,,60,100,-40,,,,,,,,,,,,486.93629281692046,335.1187815140089,486.93629281692046,0.05483051316305838
2020-04-27,216.18,220.04,211.21,212.74,208.0218581848436,205.53642713821324,199.17343685820651,166.7725287884444,-0.4060783521686697,0.9305673136303199,1.3366456657989896,0,,,9.5954265650968,0.2177933007881029,,,,,,,54.52258032621793,,,48.73116392911761,45.96811089206094,,,,,60,100,-40,,,,,,,,,,,,401.12969412293495,278.73354851146183,401.12969412293495,0.008847555811911942
2020-05-04,211.61,225,211.12,224.86,204.2917254573548,209.40114171057058,200.18075305984547,167.35051357661908,0.8541030045722384,2.4042744215142875,1.550171416942049,0,,,19.51743818774105,9.808657375328387,,,,,,,60.01450282222467,,,52.51628888280126,51.21150578059811,,,,,60,100,-40,,,,,,,,,,,,274.5606588278559,175.3274487821051,274.5606588278559,0.03101330736518114
2020-05-11,223.5,228.095,215.99,223.27,198.75445935325806,212.17491336845646,201.08621372416525,167.90692637685171,1.483584071992914,3.4046515069331917,1.9210674349402777,0,,,27.101432585812063,18.738099112883305,,,,,,,59.00187235792879,,,54.917759160561076,53.78770181807521,,,,,60,100,-40,,,,,,,,,,,,200.09508449551845,120.72245809444965,200.09508449551845,0.03457923455087756
2020-05-18,226.28,232.135,225.47,229.66,203.6898551137396,215.67193069476517,202.2067543624333,168.52138482086315,2.1906395481070877,4.6593668700741375,2.46872732196705,0,,,35.475194979303836,27.36468858428565,,,,,,,61.807552187936444,,,60.51735646329777,57.72590035366172,,,,,60,100,-40,,,,,,,,,,,,117.35052367815146,52.409283895458785,117.35052367815146,0.03916779292565216
2020-05-26,233.44,233.6,223.94,233.36,207.97843689132964,219.20954455581213,203.42845026978884,169.1665451709043,2.7325897179921315,5.884464469457214,3.1518747514650824,0,,,40.754680354642915,34.44376930658627,,,,,,,63.37958053676951,,,71.03870836319776,65.35851145059407,,,,,60,100,-40,,,,,,,,,,,,55.10497391848755,-0.7560404491700723,55.10497391848755,0.057030508227483616
2020-06-01,232.4,240.297,232,239.69,214.7414056848061,223.3056356446497,204.85047182783634,169.86827108960176,3.304257488245586,7.282196611772065,3.977939123526479,0,,,47.07381386895176,41.1012297342995,,,,,,,65.97520850112093,,,83.79865073173593,76.90625482805179,,,,,60,100,-40,,,,,,,,,,,,-26.732294066692006,-67.89130582204827,-26.732294066692006,0.06514233717460689
2020-06-08,239.54,247.815,231.74,235.88,215.33816242160566,225.82050851571975,206.06731606988197,170.5251042130883,3.209941723222099,7.990366277554102,4.780424554332003,0,,,50.52237947533132,46.116957899641996,,,,,,,63.06072589710706,,,93.10593792216606,88.4054569388884,,,,,60,100,-40,,,,,,,,,,,,-30.05369514547528,-61.00197749076678,-30.05369514547528,0.049758323628481475
2020-06-15,232.44,247,231.47,244.24,219.3311508200624,229.5044068125758,207.5642840671415,171.2585857632068,3.4724894309533942,9.121036343023746,5.648546912070352,0,,,52.868064517869726,50.1547526207176,,,,,,,66.57104724722552,,,96.62052352710644,95.43462814876916,96.62052352710644,,,,60,100,-40,,,,,,,,,,,,-121.86211420993432,-144.45616340153646,-121.86211420993432,0.08646231300392311
2020-06-22,243.77,251.15,239.68,240.22,218.89178290434367,231.64752545006064,208.844900378234,171.94476898944356,3.1469718812460252,9.582261763627884,6.435289882381858,0,,,54.668663989694515,52.68636932763186,,,,,,,63.43096020819718,,,95.62408712348618,96.71525301446495,,,,,60,100,-40,,,,,,,,,,,,-126.06900253540081,-151.82777005580255,-126.06900253540081,0.03681343848814788
2020-06-29,239.98,254.27,237.35,252.19,227.01379841117625,235.75602036004852,210.54470820653856,172.74322899949885,3.483202447701405,10.789292942008615,7.30609049430721,0,,,56.83829918757306,54.791675898379104,,,,,,,68.2603150082823,,,96.54089157436763,96.3552808216716,,,,,60,100,-40,,,,,,,,,,,,-197.69282025623704,-221.4954482274748,-197.69282025623704,0.03567115997935227
2020-07-06,255.46,264.23,255.43,263.97,238.17495566752083,241.39881628803883,212.63981768863508,173.65095806418046,4.1965138722048,12.55173283456321,8.35521896235841,0,,,63.040790375210186,58.182584517492586,,,,,,,72.17758595627942,72.17758595627942,,96.36090547797096,95.99530862887825,,,,,60,100,-40,,,,,,,,,,,,-214.47594384601211,-234.85991218611574,-214.47594384601211,0.08416767025668612
2020-07-13,266.87,269.79,252.76,259.42,238.29745883412647,245.00305303043106,214.47433464202194,174.50438136702442,4.057072155574129,13.426559156826073,9.369487001251944,0,,,64.68163381725913,61.52024112668079,,,,,,,68.6331809631447,,,94.97028196765447,95.84839214735905,,,,,60,100,-40,,,,,,,,,,,,-245.4803176921917,-263.97629178864014,-245.4803176921917,0.11712228944289965
2020-07-20,260.12,268.41,251.32,255.56,237.6983546316889,247.11444242434484,216.0855372050799,175.31090493551173,3.4252383557868793,13.651034945985543,10.225796590198664,0,,,62.971246473235226,63.56455688856818,,,63.56455688856818,,63.56455688856818,,65.66942647438712,,,87.19981656644939,91.30457681197807,,,,,60,100,-40,,,,,,63.56455688856818,,105,,106,,-213.5748053845205,-229.6169660088874,-213.5748053845205,0.13776394258994193
2020-07-27,257.36,265.95,256.445,265.79,238.9534721579968,250.84955393947587,218.03473182448855,176.21119443864097,3.409288581461208,14.487407317025173,11.078118735563965,0,,,62.55718756071402,63.40335595040279,,,,,,,69.4562951668481,,,82.15196485156221,85.37278945299875,,82.15196485156221,,,60,100,-40,,,,,,,,,,,,-252.9248407691531,-261.5047903709079,-252.9248407691531,0.1713185645050349
2020-08-03,268.05,274.98,267.87,271.47,245.06608128956847,254.9736431515807,220.1302325372537,177.1590432501968,3.4820582674887497,15.430691569924903,11.948633302436154,0,,,64.93358095510612,63.48733832968512,,,,,,,71.35674481709923,,,82.90715974008589,81.96012901280454,,,,,60,100,-40,,,,,,63.48733832968512,,,,,,-298.75668790203434,-303.0493739398337,-298.75668790203434,0.258563696999571
2020-08-10,271.74,274.83,264.63,272.16,246.3292183403136,258.41091452126454,222.17061557500847,178.10432640193613,3.2802344277066116,16.048926337069418,12.768691909362806,0,,,64.24918303504101,63.913317183620386,,,,,,,71.58938150365792,,,90.08492673901002,85.73879604887823,,,,,60,100,-40,,,,,,,,,,,,-278.982744647119,-282.4949423144094,-278.982744647119,0.24592569467999123
2020-08-17,273.91,282.34,272.1978,281.87,256.42713131600544,263.1027316170116,224.5117679054003,179.13682066659348,3.4850396347384347,17.12499145278585,13.639951818047415,0,,,66.11658118926904,65.09978172647205,,,,,,,74.71958309937482,,,95.44419031604272,92.29340713214862,,,,,60,100,-40,,,,,,,,,,,,-246.44042743855186,-259.31404371178945,-246.44042743855186,0.3277656137142709
2020-08-24,285.06,293.851,281.27,292.53,267.4501933648622,268.98818529360926,227.1791495561689,180.2651110082194,3.98665949357051,18.623276185010553,14.636616691440043,0,,,69.79032966207862,66.71869796212955,,,,,,,77.6484482731608,77.6484482731608,,98.55750615134335,97.53526080794133,98.55750615134335,,,,60,100,-40,,,,,,,,,,,,-256.1785315406334,-272.16603576419135,-256.1785315406334,0.3289242062522855
2020-08-31,293.16,303.5,271.8,283.58,267.4443224102292,271.9065482348874,229.39094761278974,181.29311985390876,3.3874704931395936,18.870954807864535,15.483484314724942,0,,,68.77613868642004,68.2276831792559,,,68.2276831792559,,68.2276831792559,,70.24616493978556,,,89.93435542709712,94.5108589622191,,,,,60,100,-40,,,,,,,,,,,,-167.7824348968819,-207.22675653433836,-167.7824348968819,0.24181926851966026
2020-09-08,272.27,282.195,266.9,270.45,264.7075850952128,271.6152385879099,231.00110652993524,182.18025298969076,1.8552477382231167,17.80254398750384,15.947296249280722,0,,,59.48857856926949,66.01834897258938,,,,,,,61.0036060206854,,,65.50594627021461,78.98737398178743,,,,,60,100,-40,,,,,,66.01834897258938,,105,,,,-130.91290127926703,-171.36734625536772,-130.91290127926703,0.16211426080776936
2020-09-14,274.28,280.45,262.63,266.87,264.3120433026976,270.6661908703279,232.4077298032711,183.0229370395446,0.42376935513871317,16.477007943204114,16.0532385880654,0,,,49.1619434619149,59.142220239201485,,,,,,,58.721442641940435,,,35.357851891975116,52.02451855864178,,,,,60,100,-40,,,,,,,,,,,,-151.65601013758211,-185.66419239075543,-151.65601013758211,0.1582268132597788
2020-09-21,262.52,273.08,260.11,271.56,263.7818973525049,270.84495269626234,233.94311294824087,183.90390284014615,-0.34271772148504454,15.624841436209095,15.96755915769414,0,,,38.91985760278217,49.19012654465553,,,,,,,60.80257947214297,,,14.337362956760979,24.847607424368036,,,,,60,100,-40,,,,,,,,,,,,-107.71855374893082,-143.725248319709,-107.71855374893082,0.16277189384013005
2020-09-28,276.615,282.8794,271.674,274.31,263.98247611304026,271.5379621570099,235.5261281267412,184.80346599596558,-0.7752457559195705,14.998501962794677,15.773747718714247,0,,,38.618758950598846,42.23352000509865,,,,,,,62.01894771940633,,,10.336826478754226,10.797989167992691,,10.336826478754226,,,60,100,-40,,,,,,,,,,,,-117.22427124912522,-148.50247589794373,-117.22427124912522,0.11929577928370207
2020-10-05,276.34,285.79,274.25,285.71,264.4045278192517,274.3723697256079,237.49412310216312,185.80751111043358,-0.42199116437134343,15.246258763250069,15.668249927621412,0,,,42.88819825717532,40.14227160351879,,,,,,,66.66460770160948,,,18.535979203289173,12.693685171311992,,,,,60,100,-40,,,,,,40.14227160351879,,,,,,-205.91076738564792,-233.320207552863,-205.91076738564792,0.14540433705641057
2020-10-12,290.6,297.46,286.54,288.51,264.76491868930515,277.1998957804863,239.4947457256077,186.82942642276757,-0.14261154101906826,15.489985501347576,15.632597042366644,0,,,51.39684371647866,44.30126697475095,,,,,,,67.71533964544653,67.71533964544653,,30.3499812685475,23.738474890469263,,,,,60,100,-40,,,,,,,,,,,,-237.56335513371195,-260.89835163416063,-237.56335513371195,0.06552270075334601
2020-10-19,290.49,291.48,280.82,284.74,265.0695673543548,278.70791662438904,241.26906942264267,187.80366098572512,-0.3431378687777542,15.203674706394452,15.546812575172206,0,,,51.43010004647649,48.571714006710174,,,48.571714006710174,,48.571714006710174,,64.73889983153872,,,38.22214000517917,34.44601022306259,38.22214000517917,,,,60,100,-40,,,,,,,,,,,,-228.0063814730371,-249.82592406431323,-228.0063814730371,0.021177629898352916
2020-10-26,282.32,285.3,267.07,269.38,265.50816968618653,276.8423332995112,242.37145885704885,188.6153658515388,-1.5728126709486183,13.580796736486434,15.153609407435052,0,,,38.287461380278415,47.03813504774453,,,,,,,54.219772609127034,,,31.490399800017002,35.48513925848886,,,,,60,100,-40,,,,,,47.03813504774453,,,,,,-153.82340302339398,-188.03939241625628,-153.82340302339398,0.011868707535410456
2020-11-02,271.73,295.39,266.97,294.61,266.9140147086018,280.395866639609,244.42002909794888,189.6700388281404,-0.7891324813073393,14.167193805800878,14.956326287108217,0,,,40.89805411629254,43.53853851434916,,,,,,,64.4876733323423,,,29.048851160631415,31.897908112525915,,,,,60,100,-40,,,,,,,,,,,,-210.40096611004964,-243.85041197693695,-210.40096611004964,0.035300755558229764
2020-11-09,297.31,299.14,280.62,290.93,264.83229937227316,282.5026933116872,246.2439495254803,190.6776006308455,-0.6277722668959704,14.171610953488255,14.799383220384225,0,,,46.07034121046841,41.7519522356798,,,,,,,62.280440902947106,,,26.953329158413638,26.90052821677732,,26.953329158413638,,,60,100,-40,,,,,,41.7519522356798,,,,,,-233.96442681731332,-260.42306434476654,-233.96442681731332,0.08028083178793398
2020-11-16,290.68,293.74,288.85,290.38,264.3135637028251,284.07815464934976,247.974775034285,191.66966430616046,-0.6637488179610358,13.96969719793293,14.633446015893966,0,,,49.01643564079557,45.32827698918552,,,,,,,61.93719931642598,,,34.46278965920888,30.53287590680114,,,,,60,100,-40,,,,,,,,,,,,-285.9708946687109,-305.80068900935447,-285.9708946687109,0.045985420124685934
2020-11-23,291.41,300.17,288.07,299.01,270.17902343833754,287.0645237194798,249.9761564054895,192.7377273478902,-0.23416730865818636,14.340736880071233,14.57490418872942,0,,,53.89927672069298,49.662017857319,,,,,,,65.19757702868841,,,37.157884375378515,34.928650565605885,,,,,60,100,-40,,,,,,,,,,,,-353.0670956380362,-367.4732910076537,-353.0670956380362,0.02622808848273221
2020-11-30,299.3,305.88,294.78,305.52,277.0198074784563,290.75561897558384,252.15434635037226,193.8599390160704,0.32993786832757976,14.987326524138894,14.657388655811314,0,,,60.20765547442427,54.374455945304284,,,,,,,67.47437808075631,,,49.530115968062404,44.21001338322313,,,,,60,100,-40,,,,,,,,,,,,-458.8730782493024,-466.11451082444387,-458.8730782493024,0.06816961748222675
2020-12-07,305.71,308.6,298.09,301.85,277.4698212299951,292.9744951804671,254.10319551310278,194.93446698605976,0.29837273573797596,15.030354575483784,14.731981839745808,0,,,62.84212057193158,58.98301758901629,,,,,,,64.8820650180678,,,62.16567657123746,54.642172470131925,,,,,60,100,-40,,,,,,,,,,,,-489.98706402215646,-493.1845997654541,-489.98706402215646,0.08633706919764265
2020-12-14,303.08,311.98,303.01,310.06,282.51197685642404,296.3915961443737,256.297580002785,196.07999467774076,0.6525814839018427,15.547708694623111,14.895127210721268,0,,,66.43027437321915,63.160016806525014,,,,,,,67.87332106892971,,,78.69898818049859,70.48434389656045,,,,,60,100,-40,,,,,,,,,,,,-631.8075978363099,-627.1510361717352,-631.8075978363099,0.0625284046981175
2020-12-21,306.46,310.7105,303.6,309.56,283.03254993810805,299.025276915499,258.386302355617,197.20914895955428,0.6726784019016705,15.735975213098357,15.063296811196686,0,,,66.49201093755883,65.2548019609032,,,,,,,67.49402451403812,,,87.44278955203166,82.87209806021075,,,,,60,100,-40,,,,,,,,,,,,-605.1153073206171,-601.3053932314197,-605.1153073206171,0.0797882711420267
2020-12-28,312.25,314.685,310.36,313.74,287.62729637110033,301.9682215323992,260.5570355965732,198.36865991518061,0.7794404804462651,16.03759741175452,15.258156931308253,0,,,68.03833229084749,66.98687253387516,,,,,,,69.05994348129457,,,95.90203821550016,92.68279748482239,,,,,60,100,-40,,,,,,,,,,,,-582.3670696259594,-580.1589580984343,-582.3670696259594,0.07252294234583703
2021-01-04,315.11,319.39,305.18,319.03,294.0503466303074,305.38057722591935,262.8500930241586,199.5692702642833,1.0039870623819152,16.513140759285648,15.509153696903732,0,,,68.15180277310797,67.5607153338381,,,67.5607153338381,,67.5607153338381,,70.97681352235179,70.97681352235179,,97.93664596245702,96.75201297873612,97.93664596245702,,,,60,100,-40,,,,,,,,,,,,-730.1094206030577,-724.6664202623554,-730.1094206030577,0.08474785173619387
2021-01-11,315.98,317.53,310.58,311.86,293.80460758528545,306.6764617807355,264.7720501604661,200.68659095817102,0.4931312055383543,16.125567703826675,15.632436498288321,0,,,65.62317328379099,67.27110278258215,,,,,,,65.05845959443752,,,92.25417461630401,95.68772678124095,,,,,60,100,-40,,,,,,67.27110278258215,,105,,,,-729.1804350388655,-717.454343851018,-729.1804350388655,0.02469432059226375
2021-01-19,314.25,327.13,313.12,325.42,300.7892784720508,310.42516942458843,267.15040113456547,201.92771940634842,0.8699354805184107,16.719855848936334,15.849920368417923,0,,,68.09988707853563,67.29162104514486,,,,,,,70.1568364536579,,,89.71407251553768,91.84251160715507,,,,,60,100,-40,,,,,,67.29162104514486,,,,,,-737.511265031799,-718.826281332651,-737.511265031799,0.07207538116384014
2021-01-25,328.91,330.32,312.76,314.56,300.3671871526186,311.25213553967075,269.0096010900727,203.0484386162355,0.22294511719966614,16.128601764917505,15.905656647717839,0,,,65.99663038876282,66.57323025036315,,,,,,,62.27325279563817,,,76.75036119685484,82.47674456724924,,,,,60,100,-40,,,,,,66.57323025036315,,105,,,,-648.8728532078356,-628.1305938176235,-648.8728532078356,0.07123719872342332
2021-02-01,318.11,332.4025,316.02,331.36,305.588102356003,315.2737084317366,271.45471477281495,204.32517057030282,0.7328648569168159,16.821737718863858,16.088872861947042,0,,,67.90469839210756,67.33373861980199,,,,,,,68.25201652884508,,,75.29271152237976,77.29875857378505,,,,,60,100,-40,,,,,,67.33373861980199,,,,,,-758.1686980791383,-729.3795767598738,-758.1686980791383,0.15350260042945993
2021-02-08,333.1,336.62,329.5,336.45,309.9700236162885,319.5089667453893,274.0035494876065,205.6398454900013,1.1922074102281357,17.57913212473221,16.386924714504076,0,,,71.50093722942037,68.46742200343026,,,,,,,69.8217526439074,69.8217526439074,,71.64196256788424,71.89864185830083,,,,,60,100,-40,,,,,,,,,,,,-818.5016620647496,-780.4014718944422,-818.5016620647496,0.12911375876500433
2021-02-16,337.27,338.19,328.36,331.02,310.8443076436965,321.8111733963114,276.2394887233866,206.88740921646897,0.9216905620625653,17.539037917082283,16.617347355019717,0,,,70.61151837148883,70.00571799767225,,,70.00571799767225,,70.00571799767225,,66.04766380512885,,,71.59467699053347,71.96532543237724,,,,,60,100,-40,,,,,,,,,,,,-840.5831780529769,-800.3193860954527,-840.5831780529769,0.15916744128841398
2021-02-22,326.5,327.8,310.88,314.14,311.268999954861,320.2769387170491,277.7257832832538,207.95459917451404,-0.5249200489757655,15.961197293800012,16.486117342775778,0,,,56.99649423444698,66.36964994511872,,,,,,,55.87620996944883,,,54.97314271734305,63.13889931521084,,,,,60,100,-40,,,,,,66.36964994511872,,105,,,,-725.9316911342539,-688.4431340780976,-725.9316911342539,0.025873693884083893
2021-03-01,319.27,324.33,297.45,308.68,310.1904999580852,317.9575509736393,278.93967413489094,208.95684196879748,-1.9028556074491298,14.107547833464366,16.010403440913496,0,,,39.549195700025535,55.71906943532044,,,,,,,53.015269307806676,,,30.745517782757865,44.880612558420154,,,,,60,100,-40,,,,,,,,,,,,-762.1259291098442,-675.089836972989,-762.1259291098442,0.051094272454525504
2021-03-08,308.12,319.86,299.51,315.46,308.2261785325077,317.4580407789114,280.37184377665994,210.01657488453083,-2.3800481165602516,13.035343295213181,15.415391411773433,0,,,27.215107086849876,41.253599007107454,,,,,,,56.04294696401821,,,14.405983252808653,23.057443908047023,,,,,60,100,-40,,,,,,,,,,,,-982.6484874535088,-847.8007757051729,-982.6484874535088,0.11375679713223884
2021-03-15,315.79,324.2,309.6601,313.14,307.33502292304286,316.59443262312914,281.65686951090856,211.04267861702306,-2.8429732424218326,11.861674858746142,14.704648101167974,0,,,21.593799863299417,29.4527008833916,,,,,,,54.735446192142646,,,9.671555047837959,10.427013925085431,,9.671555047837959,,,60,100,-40,,,,,,,,,,,,-904.8942170074163,-778.2006346678688,-904.8942170074163,0.10987400625875432
2021-03-22,315.21,321.09,307.3899,316,307.3375355713969,316.4755460985033,283.0036589418533,212.0870300735701,-2.93563333915324,11.035106427226424,13.970739766379664,0,,,15.764955597087205,21.524620849078826,,,,,,,56.10315746717221,,,12.215158261148492,9.775233822614426,,,,,60,100,-40,,,,,,,,,,,,-794.0043593697043,-683.0732465464381,-794.0043593697043,0.06870710331907716
2021-03-29,315.45,324.71,311.54,324.57,307.45984017344,318.09443687880264,284.63371153236886,213.20626360517636,-2.4202713308709,10.94540060279104,13.36567193366194,0,,,19.30638524717357,18.88838023585339,,,,,,,60.024271441199694,,,18.575054356824815,15.180321895980669,,,,,60,100,-40,,,,,,18.88838023585339,,,,,,-712.3672031206671,-617.9690199016311,-712.3672031206671,0.1142731119852621
2021-04-05,327.13,337.32,324.6375,337.11,308.30913730390864,321.8975495030421,286.69160519776614,214.43913660412983,-1.2919565612913715,11.750726232047725,13.042682793339097,0,,,35.22618195941584,23.432507601225534,,,,,,,64.98263599899792,,,33.49749002571356,25.904962392194662,,,,,60,100,-40,,,,,,,,,,,,-625.5731661896367,-560.1564708286073,-625.5731661896367,0.167253299321119
2021-04-12,336.04,342.23,334.73,342.01,313.44491321077226,325.9200396024337,288.86095401354004,215.70849842896436,-0.32322532169999896,12.638651141214098,12.961876462914097,0,,,48.21883363093648,34.25046694584196,,,,,,,66.72951127169594,66.72951127169594,,51.6916531002277,41.61077766933921,,,,,60,100,-40,,,,,,,,,,,,-575.4689541551573,-540.1280215870424,-575.4689541551573,0.18621908434698087
2021-04-19,340.39,341.58,333.97,339.42,314.4138479814314,328.62003168194695,290.8436616992836,216.93945864360154,0.01744195450530306,12.983678906045725,12.966236951540422,0,,,53.471006808103276,45.63867413281852,,,,,,,64.87627769077136,,,64.90700898998004,58.16914104257719,,,,,60,100,-40,,,,,,,,,,,,-551.7473261269469,-524.6501994803075,-551.7473261269469,0.17568942322311032
2021-04-26,339.67,342.8,336.9001,337.99,315.236430268472,330.4940253455576,292.6925377110764,218.14394164217268,0.020581300822529514,12.991963577568583,12.971382276746054,0,,,56.046451650553315,52.57876402986435,,,,,,,63.81619077552038,,,69.2824574096469,67.99558007194823,69.2824574096469,,,,60,100,-40,,,,,,,,,,,,-508.70235774022933,-491.0774359384333,-508.70235774022933,0.15786899783967723
2021-05-03,339.23,340,326.21,334.2,316.3059852492954,331.23522027644606,294.3202813302499,219.2987282924993,-0.3386564855903984,12.548061669758056,12.886718155348454,0,,,51.516895111696904,53.678117856784496,,,53.678117856784496,,53.678117856784496,,60.956363028172184,,,63.5751760457607,67.34114094406247,,,,,60,100,-40,,,,,,53.678117856784496,,105,,106,,-519.8473836056421,-512.6997203132636,-519.8473836056421,0.14388155473563188
2021-05-10,332.78,332.96,316,326.39,316.1719863029172,330.26617622115685,295.5779173565146,220.36431308560876,-1.161968541924006,11.434257477943447,12.596226019867453,0,,,37.81790601499758,48.46041759241593,,,,,,,55.41275318734125,,,49.34923887399411,57.269255910698185,,,,,60,100,-40,,,,,,,,,,,,-488.05695022279815,-486.754316619943,-488.05695022279815,0.13800194565415724
2021-05-17,324.63,330.86,316.3,327.01,315.4175587098517,329.6149409769255,296.81054804841597,221.4254641991848,-1.6923627142475617,10.480772627058002,12.173135341305564,0,,,26.3677110212493,38.567504049314586,,,,,,,55.758775030736075,,,34.7034003447579,42.6613084185662,,,,,60,100,-40,,,,,,,,,,,,-479.3193229095621,-476.4353499617715,-479.3193229095621,0.14705025590529808
2021-05-24,329.37,335.5699,326.9032,333.93,315.23701880200514,330.4779527815404,298.266212830831,222.54491231660586,-1.605448973681174,10.166324124204095,11.77177309788527,0,,,27.662073061592544,30.6158966992798,,,,,,,59.55405930672583,,,29.22540275507033,31.65637990459508,,29.22540275507033,,,60,100,-40,,,,,,,,,,,,-473.07944601691446,-467.9925590596313,-473.07944601691446,0.12883972872734614
2021-06-01,335.3,336.0582,328.28,335.6,315.9112746018619,331.50236222523233,299.73028291589645,223.66983856221177,-1.4675583465384054,9.937325164712263,11.404883511250668,0,,,29.886203185540605,27.971995756127473,,,,,,,60.44128043719774,,,35.64615963345558,31.20805928585159,,,,,60,100,-40,,,,,,27.971995756127473,,,,,,-477.0650012865664,-471.08482104878925,-477.0650012865664,0.17368582504096575
2021-06-07,335.05,341.25,334.34,341.24,316.66429784458603,333.44988978018586,301.35811495841034,224.83969091482658,-1.0482438613198681,10.094578684600833,11.142822545920701,0,,,38.20256897665269,31.916948407928604,,,,,,,63.38026228923503,,,49.351542613573756,41.39544270343817,,,,,60,100,-40,,,,,,,,,,,,-464.87136468900894,-459.97848994900943,-464.87136468900894,0.18505965649501893
2021-06-14,341.68,346.38,337.45,342.63,318.1075622842585,335.2859118241487,302.97662025415895,226.01173379129597,-0.7433554235722166,10.21362826645543,10.956983690027647,0,,,46.008206434553564,38.03232619891562,,,,,,,64.0925203999468,,,61.09892841240398,54.89743983239422,,,,,60,100,-40,,,,,,,,,,,,-390.34929838191636,-389.0733099582804,-390.34929838191636,0.22970476361683642
2021-06-21,342.43,351.46,340.15,349.46,325.4134506925257,338.12072945931897,304.7994978912507,227.2400747485965,-0.1773074227456668,10.735349411595564,10.912656834341231,0,,,54.16570278427016,46.12549273182547,,,,,,,67.46142500207088,,,75.95623001173955,69.13012988490054,,,,,60,100,-40,,,,,,,,,,,,-430.2857895852043,-428.332708147684,-430.2857895852043,0.22390817364663976
2021-06-28,350.78,358.97,350.72,358.64,334.69534707163103,342.22458356745517,306.9108901308095,228.54753669139654,0.6731327906174691,11.754072822613068,11.080940031995599,0,,,64.08470778805273,54.752872335625476,,,,,,,71.37230314540199,,,86.59362336920285,80.8174984673495,,,,,60,100,-40,,,,,,,,,,,,-392.96110056971264,-394.0903975753778,-392.96110056971264,0.23124641816201877
2021-07-06,359.26,362.76,354.42,361.01,337.4171079950859,345.98166685396416,309.0324238511699,229.86557115217866,1.2211105555466677,12.607328226428933,11.386217670882266,0,,,69.65405831185235,62.634822961391734,,,,,,,72.30334840617883,,,95.85867973493913,91.71735946987826,95.85867973493913,,,,60,100,-40,,,,,,,,,,,,-359.69544592067393,-356.9830525616727,-359.69544592067393,0.2619004172620389
2021-07-12,362.45,365.49,357.24,357.6,337.91088599543696,348.30533348317135,310.93703468053576,231.13656049394802,1.179135562713471,12.860137124274104,11.681001561560633,0,,,71.22142628308058,68.32006412766187,,,,,,,68.81487934162485,,,94.35947495612024,95.27217454582417,,,,,60,100,-40,,,,,,,,,,,,-261.56900120782416,-279.3497702777322,-261.56900120782416,0.2904613683313924
2021-07-19,354.05,368.485,352.04,368.2,345.5722512814772,352.2842667865371,313.182641163652,232.5003758124162,1.6609879907071239,13.757236549944537,12.096248559237413,0,,,71.85904295189997,70.91150918227761,,,,,,,73.17354316982335,73.17354316982335,,94.53897947201358,95.63118357761086,,,,,60,100,-40,,,,,,,,,,,,-199.4655464427652,-224.92253931814457,-199.4655464427652,0.3689519208095951
2021-07-26,367.49,368.89,360.16,364.57,344.83923333280023,354.7414134292297,315.1978317062539,233.814501426223,1.5339947136131933,14.013741951253905,12.479747237640712,0,,,71.24913733789023,71.44320219095692,,,71.44320219095692,,71.44320219095692,,69.56636082481917,,,89.17640818109831,91.3115917737573,,,,,60,100,-40,,,,,,71.44320219095692,,105,,,,-177.7445379986261,-204.9366230784819,-177.7445379986261,0.3345161566446409
2021-08-02,366.28,369.91,362,368.05,345.2607166661717,357.40313074338377,317.27046575698904,235.15017802894715,1.4822932467995056,14.332613796140095,12.850320549340589,0,,,70.27838850993223,71.12885626657413,,,,,,,71.04860006326341,,,90.04773810379059,90.14586904060921,,,,,60,100,-40,,,,,,,,,,,,-185.4273492716032,-215.85723706421246,-185.4273492716032,0.4155903013165625
2021-08-09,368.52,369.56,364.295,368.82,346.38923690430227,359.686504594707,319.2920161194601,236.48022600875862,1.3041691892553153,14.480532035909732,13.176362846654417,0,,,68.4124550906004,69.97999364614095,,,,,,,71.38269260050154,,,87.44944751530448,87.97243169650507,,87.44944751530448,,,60,100,-40,,,,,,,,,,,,-120.80419485858445,-178.42864850708287,-120.80419485858445,0.4404113306301071
2021-08-16,367.67,369.02,359.96,367.73,347.2392914111378,361.2952036757656,321.1915448990891,237.786193909169,0.934470138396895,14.344450519650536,13.409980381253641,0,,,64.06860665680199,67.58648341911153,,,,,,,70.14141306358047,,,88.15241172178786,88.2952234861629,,,,,60,100,-40,,,,,,,,,,,,1.1602042066127183,-81.44162150579507,1.1602042066127183,0.42535301606671666
2021-08-23,368.8,376.56,368.79,376.04,354.70648488177085,364.2441629406125,323.3424647069679,239.1618536712668,1.0618320217149328,14.737270408397308,13.675438386682375,0,,,65.76000401506913,66.08035525415717,,,,,,,73.89115184655752,,,90.2589718902287,88.86350176799353,,,,,60,100,-40,,,,,,,,,,,,-81.77801474004414,-151.17950850474142,-81.77801474004414,0.4156070278904556
2021-08-30,376.85,382.71,376.83,381.57,360.4988788187872,367.70933035249,325.6258974635574,240.57885015214973,1.3142323131480431,15.31822877811743,14.003996464969386,0,,,69.12953403621587,66.31938156936233,,,,,,,76.05868605012417,76.05868605012417,,93.06239755853407,91.44720927173621,93.06239755853407,,,,60,100,-40,,,,,,66.31938156936233,,,,,,-149.63655751458163,-207.3286887766066,-149.63655751458163,0.3975788445982469
2021-09-07,381.68,382.778,376.245,376.59,361.0511017603024,369.485464281992,327.6244897198885,241.93219492675522,0.9580539680353723,15.201563925013602,14.24350995697823,0,,,68.05574980417734,67.64842928515411,,,67.64842928515411,,67.64842928515411,,70.36005263544612,,,88.54701075375412,90.85651234132602,,,,,60,100,-40,,,,,,,,,,106,,-135.1571834210213,-188.72347263540541,-135.1571834210213,0.35020346232358635
2021-09-13,378.99,379.43,372.76,373.83,361.58345163456653,370.35437142559357,329.436470515187,243.24461089763327,0.3785933959585357,14.716751701926398,14.338158305967863,0,,,63.34254578467843,66.84260987502388,,,,,,,67.33118693107679,,,72.66023398733361,81.55889074654536,,,,,60,100,-40,,,,,,66.84260987502388,,105,,,,-114.21951370810831,-164.4101139744226,-114.21951370810831,0.33453812706931924
2021-09-20,367.46,374.04,360.93,373.33,362.05820508924035,370.9494971404749,331.1577853969444,244.53899287875134,-0.16707484028539454,14.12931475561112,14.296389595896514,0,,,53.053903749058705,61.484066445971486,,,,,,,66.76710854453455,,,45.64717402019321,60.323358608672635,,,,,60,100,-40,,,,,,,,,,,,-113.45232939754318,-161.7900932518003,-113.45232939754318,0.38375666482076876
2021-09-27,370.2,371.2516,354.38,360.18,361.579047582866,368.7955977123799,332.2959114598093,245.68964966602746,-1.4698705144144135,12.459051452878498,13.928921967292911,0,,,36.21638102112965,50.870943518288925,,,,,,,53.901223490024165,,,23.38885906477144,35.37757119734464,,,,,60,100,-40,,,,,,,,,,,,-51.0064513252626,-111.46462175147295,-51.0064513252626,0.33765223579486703
2021-10-04,358.52,365.69,350.32,361.16,360.2998298983756,367.2684781699039,333.4278365006011,246.83860837581824,-2.273830574638069,11.086633748995325,13.360464323633394,0,,,20.513386607776383,36.59455712598824,,,,,,,54.60741812349148,,,8.133255431110582,14.659411806533312,,8.133255431110582,,,60,100,-40,,,,,,,,,,,,-46.27800562976031,-105.74378143302333,-46.27800562976031,0.33413773211040104
2021-10-11,359.58,369.06,356.48,368.94,359.623413477063,367.60278253592315,334.8204703633226,248.05354759595934,-2.2838425874913018,10.505661089269267,12.78950367676057,0,,,15.252989608379472,23.994252412428494,,,,,,,59.89168839103569,,,8.893776040822075,7.698699517382561,,,,,60,100,-40,,,,,,,,,,,,-112.40927733344023,-173.79036662701907,-112.40927733344023,0.3581431215488542
2021-10-18,367.61,377.47,366.99,374.1,359.3938839429871,368.90222602873854,336.36084407456485,249.30774115221845,-1.9576954392961579,10.342384377640371,12.30007981693653,0,,,22.05162126348462,19.272665826546817,,,,,,,62.987541067797636,,,17.809815649502067,11.828895729738393,,,,,60,100,-40,,,,,,19.272665826546817,,,,,,-100.15304509099657,-183.10120905847015,-100.15304509099657,0.33996320268054897
2021-10-25,375.56,386.28,373.56,386.11,364.0207493756309,372.3437808229908,338.3117913657584,250.66895765816653,-0.9963344328238559,11.054661775906709,12.050996208730565,0,,,35.28714860030813,24.197253157390737,,,,,,,69.01753976382179,,,36.05307013976845,26.49643210326606,,,,,60,100,-40,,,,,,,,,,,,-129.2161278017245,-215.26462559329377,-129.2161278017245,0.34988471090709555
2021-11-01,386.56,400.99,384.42,398.6,376.27141013451444,377.5950246583927,340.676034841611,252.14090832823453,0.3456735076887547,12.483088093341507,12.137414585652753,0,,,50.5813980839739,35.97338931592221,,,,,,,73.82239892320288,73.82239892320288,,56.15818465554552,45.42920326415691,,,,,60,100,-40,,,,,,,,,,,,-302.9950136559564,-387.0346936672404,-302.9950136559564,0.37858743445394877
2021-11-08,398.57,399.62,387.53,394.7,375.49916655347766,381.01601972671415,342.7946217105674,253.5594067528292,0.8091539284785743,13.14885699625097,12.339703067772396,0,,,57.165276338248184,47.67794100751007,,,,,,,70.14270620310892,,,70.77247011571137,63.51045361365693,,,,,60,100,-40,,,,,,,,,,,,-266.99592026396436,-368.48293118228753,-266.99592026396436,0.35768800470844125
2021-11-15,395.91,405.3,392.095,403.99,380.81208322822926,385.61081578137134,345.19444046701574,255.05622857618414,1.5376046705665498,14.261708905980583,12.724104235414034,0,,,63.07164225898111,56.9394388937344,,,,,,,73.54550373576188,,,80.98304663409436,76.72193648322217,80.98304663409436,,,,60,100,-40,,,,,,,,,,,,-52.996662034152635,-249.667852785508,-52.996662034152635,0.35469302758698795
2021-11-22,405.57,408.71,389.77,391.2,380.5812201404986,386.7286526250971,346.99858005654454,256.4108929684609,0.9813485559443382,13.950789930344456,12.969441374400118,0,,,62.67181539994355,60.969577999057606,,,60.969577999057606,,60.969577999057606,,62.86037893446129,,,73.04555257343263,77.34243713739941,,,,,60,100,-40,,,,,,,,,,106,,96.63909469932968,-143.36460682450655,96.63909469932968,0.27376239358452925
2021-11-29,395.89,401.19,378.9,383.13,379.5475615590344,386.00892210007765,348.41549848569963,257.67177960559064,-0.051994381503947196,12.904448397520184,12.956442779024131,0,,,54.57023027418715,60.104562644370596,,,,,,,57.181720025140386,,,58.0561694486444,67.5262909229303,,,,,60,100,-40,,,,,,60.104562644370596,,105,,,,556.3410774812697,162.70168532540373,556.3410774812697,0.24376968445405067
2021-12-06,383.63,400.2,379.3,398.01,378.1091643048177,388.40913768006214,350.36038089802514,259.0681798085201,0.1345373378355923,13.124614451318621,12.990077113483029,0,,,52.01627326376475,56.41943964596515,,,,,,,63.72719839420862,63.72719839420862,,42.80181596046842,50.73458697619029,,,,,60,100,-40,,,,,,,,,,,,510.6426997574025,171.301378902603,510.6426997574025,0.24410834721192198
2021-12-13,398,398.475,381.77,384.91,376.97208114018787,387.7093101440497,351.715267921632,260.3203372233607,-0.7100403132317208,12.102526721943377,12.812567035175098,0,,,44.99786348856208,50.52812234217132,,,,,,,55.618324495930324,,,29.276751932244895,35.5021491958987,,,,,60,100,-40,,,,,,,,,,,,635.9803907106021,285.6102191021297,635.9803907106021,0.18128648016121632
2021-12-20,379.565,398.425,377.47,396.92,376.5155039158887,389.5514481152398,353.48800251294057,261.67953784800386,-0.5525433217328484,12.121887883009038,12.674431204741886,0,,,42.348306408692046,46.45414772033963,,,,,,,60.59786524264452,,,28.994295565842602,28.977247686255705,,,,,60,100,-40,,,,,,,,,,,,523.9839560359471,210.9538156290152,523.9839560359471,0.1975709357075869
2021-12-27,398.25,404.58,397.34,397.85,375.4843964933252,391.2111584921918,355.2276886889037,263.0344678196655,-0.4810619673326926,12.07310374557602,12.554165712908713,0,,,49.75070569924058,45.6989585321649,,,,,,,60.965265012021206,60.965265012021206,,24.619868460327616,25.325608758668952,,,,,60,100,-40,,,,,,45.6989585321649,,,,,,492.3505094839568,187.14403096919423,492.3505094839568,0.14279168547800028
2022-01-03,399.05,402.28,378.04,379.86,376.42622531523057,388.9409267937535,356.1936616814957,264.1969109259375,-1.6735744804789867,10.462197612309978,12.135772092788965,0,,,36.79108236110518,42.963364823012604,,,,,,,50.9997932299173,,,23.437812132889427,24.950273968298657,,,,,60,100,-40,,,,,,42.963364823012604,,,,,,530.1049623050556,209.48147988388615,530.1049623050556,0.04589119254716811
2022-01-10,374.82,390.2,369.31,380.01,374.9322092212855,387.1547414350028,357.12763573320177,265.3492799714506,-2.4343535492775654,9.092830156192008,11.527183705469573,0,,,18.416511081171237,34.986099713838996,,,,,,,51.07203605874452,,,15.23060120971796,19.075170219725596,,,,,60,100,-40,,,,,,,,,,,,793.7222418859545,385.0303017231796,793.7222418859545,0.021151441991123295
2022-01-18,374.04,376.22,351.4,351.69,374.0234799911937,380.0617931480022,356.9143951162135,266.2083916135257,-4.6959896680424364,5.657196620416528,10.353186288458964,0,,,-8.241047446223032,15.655515332017794,,,,,,,39.239362778996195,,,5.6233998960630975,11.139545572329176,,,,,60,100,-40,,,,,,,,,,,,1397.5909251794176,786.8429741371469,1397.5909251794176,-0.07315579422521884
2022-01-24,345.905,356.88,334.15,351.8,372.0768028489656,374.4094345184018,356.7138306018522,267.060049408416,-5.954735914080533,2.9097663958582984,8.864502309938832,0,,,-28.36850080473821,-6.064345723263337,,,,,,,39.29854079143033,,,2.0273157798762464,3.8869794948149594,,2.0273157798762464,,,60,100,-40,,,,,,,,,,,,1709.8471206013414,1051.9624333849383,1709.8471206013414,0.022168640471899148
2022-01-31,353.2,370.1,351.52,358.01,371.10917407403946,371.12954761472145,356.76466077432855,267.9650240411681,-6.116044861946935,1.2194462325051632,7.335491094452098,0,,,-33.67896974607453,-23.429505999011923,,,,,,,42.71102112819394,,,2.4149082047205828,1.2761806735439294,,,,,60,100,-40,,,,,,,,,,,,1530.7840077647338,951.6056273149496,1530.7840077647338,0.024953793281623043
2022-02-07,358.62,366.81,345.8,347.06,364.82351878303666,366.31563809177715,356.3840858420019,268.7520387273256,-6.662216698337353,-0.9922797784695945,5.669936919867759,0,,,-40.033768623596345,-34.02707972480302,,,,,,,38.56915742818366,,,2.989305124070619,2.424974512244002,,,,,60,100,-40,,,,,,,,,,,,1383.3687336256914,851.3136950758679,1383.3687336256914,-0.07185624401761176
2022-02-14,346.49,357.0896,339.14,341.51,364.1925531556769,361.3545104734217,355.80078835800185,269.47599854098405,-7.061181982952877,-3.1565405588233375,3.9046414241295393,0,,,-46.68825047139069,-40.13366294702052,,,,,,,36.61928295055393,,,3.513370505803559,3.5335031208503977,3.513370505803559,,,,60,100,-40,,,,,,,,,,,,1420.0289638755658,880.1657505166193,1420.0289638755658,-0.09683276155601601
2022-02-22,338.49,345.98,318.26,345.77,364.04385650169996,358.2376083787374,355.40742410866847,270.2351428341086,-6.7048214891816444,-4.476385437347517,2.2284360518341275,0,,,-53.57459494760392,-46.76553801419698,,,,,,,39.176212067828665,,,3.3071311598467075,3.415283986586843,,,,,60,100,-40,,,,,,,,,,,,1181.8418795345538,723.7719776954157,1181.8418795345538,-0.05027599900171779
2022-02-28,342.51,350.04,334.92,337.3,362.3500096087214,354.0500867029899,354.69732904558344,270.90245484570954,-6.690835652529942,-6.1351085138283,0.5557271387016423,0,,,-54.682154536150954,-51.64833331838185,,,,,,,36.044137482240586,,,3.24802159271493,3.297064852323288,,,,,60,100,-40,,,,,,,,,,,,1223.325174164635,750.3588908417038,1223.325174164635,-0.1215527013578598
2022-03-07,337.29,338.48,319.94,324.4,362.72572320809843,348.1200693623919,353.50919849477623,271.4347687278418,-7.159639261572432,-8.393821938263898,-1.2341826766914656,0,,,-59.60367792987517,-55.95347580454334,,,,,,,31.843639687177728,,,3.1989783331065715,3.1989783331065715,,3.1989783331065715,,,60,100,-40,,,,,,,,,,,,1189.0842334074284,739.384547052303,1189.0842334074284,-0.1583749015320993
2022-03-14,323.13,351.79,317.45,351.49,362.58602869323425,348.79405548991355,353.4300142400791,272.2313381932364,-5.338083839951397,-7.906787476630711,-2.568703636679315,0,,,-55.503634756744425,-56.596489074256844,,,,,,-56.596489074256844,46.12669567009752,,,11.957131911064122,7.578055122085346,,,,,60,100,-40,,,,,,-56.596489074256844,-107,,,,,961.0689182424414,583.1328112246116,961.0689182424414,-0.12131652911274804
2022-03-21,350.2,360.67,345.575,359.35,342.3591695008604,350.90524439193086,353.66217054438977,273.0981905495226,-3.3915117970764426,-6.808093383024868,-3.4165815859484256,0,,,-42.23846385371546,-52.44859218011168,,,,,,,49.4560468110065,,,27.442673592950847,18.60513355476279,,,,,60,100,-40,,,,,,,,,,,,787.2382058347248,460.7450273655912,787.2382058347248,-0.09809301663610576
2022-03-28,359.34,371.83,358.07,361.85,342.8920859650846,353.0941955135447,353.98326189559015,273.9812931311194,-1.8029570176641037,-5.670277858028555,-3.8673208403644517,0,,,-26.330668361640043,-41.35758899069997,,,,,,,50.50990896737843,,,47.0017140995923,36.6549626325916,,,,,60,100,-40,,,,,,,,,,,,669.558532046593,370.6095678445747,669.558532046593,-0.12251967071125754
2022-04-04,362.71,369.31,348.5,349.15,325.4176512532929,352.30535641083577,353.79372221341015,274.7292404631481,-1.4879943758267622,-5.727313810147905,-4.239319434321143,0,,,-19.594736735161735,-29.387956316839077,,,,,,,45.31065789850458,,,57.96060302390132,52.38747131138363,,,,,60,100,-40,,,,,,,,,,,,656.9115262199397,355.0441918728339,656.9115262199397,-0.18388948775849545
2022-04-11,344.81,347.69,338.035,338.43,325.04710473520055,349.5302851286686,353.19122330308033,275.36307886649985,-1.858055059845995,-6.5618882591286365,-4.703833199282641,0,,,-25.477884748663012,-23.801096615154922,,,,,,,41.41258698315384,,,59.907041496164325,60.174070823835166,59.907041496164325,,,,60,100,-40,,,,,,-23.801096615154922,,,,,,671.109430543587,356.8543388050459,671.109430543587,-0.19064808201055597
2022-04-18,337.35,347.87,324.96,325.4,326.08802582554335,344.70422810293485,352.1013714088419,275.8609586787735,-2.7812598209438537,-8.180407975462458,-5.399148154518604,0,,,-34.502048406481805,-26.524889963435516,,,,,,,37.19864785186044,,,52.60610012323167,57.09648678784396,,,,,60,100,-40,,,,,,,,,,,,938.1804431720257,524.6990044768556,938.1804431720257,-0.20314586306508048
2022-04-25,323.73,329.9,312.6,313.25,325.36959540943315,338.41338248234786,350.57778821633826,276.23298894067625,-3.940270056390337,-10.324485725006525,-6.384215668616188,0,,,-46.37232646411657,-35.450753206420465,,,,,,,33.731404746111124,,,36.979703504815596,45.42878315918602,,,,,60,100,-40,,,,,,,,,,,,1070.3294535043847,626.5719127537909,1070.3294535043847,-0.29015803628770626
2022-05-02,312.83,330.29,305.105,309.25,325.5039100230451,332.5807059858783,348.957090639227,276.56151641390335,-4.657226730524477,-12.205749081771785,-7.548522351247308,0,,,-53.61564843019927,-44.830007766932546,,,,,,,32.646142171164186,,,21.653272420939963,29.988220537736122,,,,,60,100,-40,,,,,,,,,,,,1505.7240983217694,940.8315649803744,1505.7240983217694,-0.30462806367898676
2022-05-09,303.48,309.3487,284.94,301.94,324.5022021642561,326.45256478870266,347.11328316317883,276.8140386386406,-5.260150448313237,-14.123710411638854,-8.863559963325617,0,,,-62.33618413351191,-54.10805300927592,,,,,,,30.691200655910464,,,9.491072078140713,15.207773077717604,,,,,60,100,-40,,,,,,,,,,,,1352.865171354175,827.9530986203064,1352.865171354175,-0.27979123575584297
2022-05-16,300.15,306.56,280.21,288.68,323.68294486680924,318.8980518309621,344.821781862662,276.93210790591786,-6.127720413503889,-16.523210480205478,-10.395490066701589,0,,,-67.60033501124656,-61.18405585831925,,,,,,,27.459821861020217,,27.459821861020217,3.407437775030679,5.976892733192249,,3.407437775030679,,,60,100,-40,,,,,,,,,,,,1371.4351401988702,861.961626143887,1371.4351401988702,-0.2721577148979166
2022-05-23,289.75,309.25,282.25,309.1,322.6448773763229,316.9384414647697,343.42092767196937,277.2521864342172,-4.952340836637912,-16.58591611249898,-11.633575275861066,0,,,-65.99643030026067,-65.3109831483397,,,,-65.3109831483397,,-65.3109831483397,38.29781465749127,,,11.60680893293167,6.956492940324067,,,,,60,100,-40,,,,,,,,,,,,1148.4469328899847,704.3322395722712,1148.4469328899847,-0.1983005616004069
2022-05-31,309.07,314.56,303.4001,306.2,321.5881004208712,314.79075317181577,341.96128344953917,277.5402243801454,-4.035035938668031,-16.677370199196105,-12.642334260528074,0,,,-60.13650645622306,-64.5777572559101,,,,,,,37.43725960710291,,,23.68739890167082,16.117476386437506,,,,,60,100,-40,,,,,,-64.5777572559101,-107,,,,,976.9111269099875,568.9991051045855,976.9111269099875,-0.21790389361546234
2022-06-06,310.75,312.35,288.384,288.84,322.8696789622376,309.60060253745263,339.87809586328274,277.6526599584524,-4.24118064391431,-17.943810065420962,-13.702629421506652,0,,,-60.08022245614165,-62.07105307087513,,,,,,,32.67575580299554,,,34.01821505152381,28.887719111372757,34.01821505152381,,,,60,100,-40,,,,,,,,,,,,1043.836376562717,633.7265405401154,1043.836376562717,-0.20655517832418863
2022-06-13,279.75,286.83,269.28,274.69,322.2302733220778,302.6184820299621,337.32169994707556,277.6231807548857,-4.926154140089084,-19.860322096618006,-14.934167956528922,0,,,-65.85833025819261,-62.02501972351911,,,,,,,29.376547998725,,29.376547998725,28.85949600839563,32.03125610634257,,,,,60,100,-40,,,,,,-62.02501972351911,,,,,,1078.5933990058593,666.6853513510035,1078.5933990058593,-0.28314004078725336
2022-06-21,278.75,295.04,277.91,294.61,309.56596808478645,301.01678562396967,335.64673132170003,277.7922038319515,-3.6898452954164576,-19.546474575799493,-15.856629280383036,0,,,-62.91507136987888,-62.95120802807105,,,,,,,38.80038413381815,,,29.230903961163015,30.8245637061124,,,,,60,100,-40,,,,,,-62.95120802807105,-107,,,,,933.3945991866121,557.2880147417302,933.3945991866121,-0.2431210053310314
2022-06-27,296,296.5799,275.78,282.13,298.7662560787303,297.23942849917574,333.548035975751,277.83536598287736,-3.3734056573513698,-20.073386352072248,-16.699980694720878,0,,,-61.41693433543587,-63.39677865450246,,,,,,,35.578201639175674,,,30.16654734362678,28.414518703478972,,,,,60,100,-40,,,,,,,,,,,,941.8683084254101,576.8720120614156,941.8683084254101,-0.215253006106648
2022-07-05,278.31,296.75,276.7501,295.35,285.59796635882094,296.8615427993406,332.0500737806235,278.0096409482219,-2.0023078719020653,-19.20286553459846,-17.200557662696394,0,,,-56.72504866408973,-60.35235145646816,,,,,,,41.18342373326268,,,46.47452042103666,38.12621526051538,,,,,60,100,-40,,,,,,,,,,,,793.3467978026083,478.3498280502491,793.3467978026083,-0.1553308571415002
2022-07-11,292.88,293.11,279.8,291.87,273.43384019033374,295.8632342394725,330.4743846127559,278.14755496863756,-1.1032373244306122,-18.579604318234658,-17.476366993804046,0,,,-53.12888980571129,-57.09029093507896,,,,,,,40.1863025881122,,,59.80324488919827,51.586972835932265,,,,,60,100,-40,,,,,,,,,,,,724.5564709294068,406.83167749565837,724.5564709294068,-0.17372977335406467
2022-07-18,294.72,308.55,288.2,301.99,270.05642303388134,297.088587391578,329.3573499220596,278.3847932276561,0.32327966016600485,-17.07226741859654,-17.395547078762544,0,,,-41.475817715857936,-50.44325206188632,,,,,,,44.42532564850155,,,79.92714304298099,70.67415715249604,,,,,60,100,-40,,,,,,,,,,,,611.9098398513328,311.95319067826597,611.9098398513328,-0.12571169970128893
2022-07-25,302.02,316.39,293.54,315.46,276.1588213886041,300.7628699132624,328.81235580746903,278.7537007577292,2.2186618297279423,-14.622219791602618,-16.84088162133056,0,,,-25.645497631506405,-40.08340171769188,,,,,,,49.57801820674442,,,90.74198286245691,84.670902900211,,,,,60,100,-40,,,,,,,,,,,,517.017141696545,217.96170146403574,517.017141696545,-0.062083651393535486
2022-08-01,313.65,324.72,311.8401,321.75,281.99176271798956,304.96029593060996,328.53540067776436,279.1815246307866,3.8452929431891967,-12.034265442344065,-15.879558385533262,0,,,-7.489579929635237,-24.87029842566653,,,,,,,51.83701619688052,,,97.66553195969479,95.33106391938958,,,,,60,100,-40,,,,,,,,,,,,399.3776613880823,130.15048301602923,399.3776613880823,-0.10437169343207213
2022-08-08,322.69,330.585,315.42,330.39,291.63165109527597,310.04623674448794,328.60813006295007,279.691061699137,5.359412719942716,-9.180292485604866,-14.539705205547582,0,,,7.673609115271576,-8.487156148623356,,,,,,,54.84728323243237,,,99.46884380411714,98.93768760823427,99.46884380411714,,,,60,100,-40,,,,,,,,,,,,279.49081386297644,29.214031558569395,279.49081386297644,-0.11283342536498907
2022-08-15,329.42,334.4209,322.08,322.86,292.233676017042,312.60898939559036,328.38271319773634,280.12060337377244,5.679493100274879,-7.440338830203984,-13.119831930478863,0,,,17.95787040509127,6.047299863575869,,,,,,,51.791028733473794,,,97.77705471418716,98.88852735709357,,,,,60,100,-40,,,,,,,,,,,,272.3106658878898,35.72057127519315,272.3106658878898,-0.12214747714908607
2022-08-22,318.5,321.51,307.35,307.44,293.1961420158247,311.5751915164723,327.56143032723685,280.3924381660732,4.717927495732269,-7.222422560813527,-11.940350056545796,0,,,16.008064614194964,13.879848044852602,,,,,,,46.09304390818794,,,90.1479427522813,94.24036689396083,,,,,60,100,-40,,,,,,,,,,,,310.98145390827347,77.40774013424894,310.98145390827347,-0.11287209773486975
2022-08-29,304.62,307.22,292.95,295.17,293.6371318718372,308.2941532131778,326.2911781575413,280.5394785823312,3.193730405305212,-7.9481870499142815,-11.141917455219494,0,,,4.06111422765507,12.675683082313768,,,,,,,42.1002766486324,,,77.3030358462649,84.33179309360308,,,,,60,100,-40,,,,,,12.675683082313768,,,,,,403.5302804704056,148.78815101893093,403.5302804704056,-0.1031197366192577
2022-09-06,295.66,307.6,290.87,307.09,294.19233673813454,308.05332257054226,325.5381907788142,280.8036628750443,2.933257859735768,-7.475345130549783,-10.408602990285551,0,,,-2.1898560113310186,5.9597742768396715,,,,,,,46.93774470511667,,,68.7268707862153,73.44588469548978,,,,,60,100,-40,,,,,,,,,,,,356.5247749303319,126.28121447003437,356.5247749303319,-0.02227805465854733
2022-09-12,308.5,311.08,285.62,289.32,294.38788411398207,304.30665805643383,324.1178695718019,280.88840254792945,1.5770858509736687,-8.437245676568466,-10.014331527542135,0,,,-11.812326238931687,-3.313689340869212,,,,,,,41.357319594982705,,,60.89017398813155,64.01562086303267,,,,,60,100,-40,,,,,,,,,,,,603.5202703975442,311.502811839119,603.5202703975442,0.0157585691251688
2022-09-19,286.1,293.95,272.02,275.51,293.3223209629834,298.54732644514706,322.21167860820185,280.83488610466645,-0.1456331253723011,-10.19637293425751,-10.05073980888521,0,,,-26.99015072964082,-13.664110993301174,,,,,,,37.59430830397889,,,49.42662719998352,55.15645959753457,,,,,60,100,-40,,,,,,,,,,,,1180.1529485070816,691.2295733229156,1180.1529485070816,0.04744842966898806
2022-09-26,275.03,281.25,267.1,267.26,292.8371551799131,292.28986115611764,320.05671081964493,280.6998126110877,-1.652630726229349,-12.116528216671895,-10.463897490442546,0,,,-39.416899879042504,-26.07312561587167,,,,,,,35.50367064205908,,,30.219787732480007,40.47527434515573,,,,,60,100,-40,,,,,,,,,,,,1268.3069578694303,754.6423781732944,1268.3069578694303,-0.05544264151443778
2022-10-03,269.07,284.18,267.53,269.1,293.49807266706216,287.65188892489414,318.0584084345608,280.58439159008185,-2.2977321360770038,-13.3360626605388,-11.038330524461797,0,,,-45.138794408503486,-37.18194833906227,,,,,,,36.35877900735603,,,14.003542636519025,22.917045298818703,,,,,60,100,-40,,,,,,,,,,,,1285.8875109840797,783.7983094145137,1285.8875109840797,-0.07670040282175597
2022-10-10,269.3,271.81,254.26,260.74,293.7160674765577,282.2695111399153,315.81062771163687,280.3869349573447,-3.0144996038387966,-14.806455029260292,-11.791955425421495,0,,,-52.48833540420733,-45.68134323058444,,,,,,,34.131415900167866,,,5.246309491243297,8.886740019127556,,5.246309491243297,,,60,100,-40,,,,,,,,,,,,1222.089781714247,714.9258895209658,1222.089781714247,-0.15024222281984798
2022-10-17,266.84,277.21,266.74,275.42,293.82849122823217,280.89960891193226,314.2266815268668,280.3375127189631,-2.2613822045100473,-14.618683181059055,-12.357300976549007,0,,,-50.848941818144596,-49.492023876951805,,,,,,-49.492023876951805,41.00635487237603,,,10.027855851730784,6.687907660259988,,,,,60,100,-40,,,,,,,,,-106,,,1228.073457766202,703.1211823353357,1228.073457766202,-0.08997726672171416
2022-10-24,275.69,284.6,271.97,281.22,294.0871704262156,280.9636871295458,312.93230185914655,280.3462936869336,-1.187995812657407,-13.842295742370766,-12.654299929713359,0,,,-45.08699789237692,-49.47475837157628,,,,,,,43.529132789172024,,,20.921981364029868,14.204411433655089,,,,,60,100,-40,,,,,,-49.47475837157628,,,,,,1017.5146472632562,559.8264219107291,1017.5146472632562,-0.01927607762852332
2022-10-31,278.92,282.07,259.08,264.68,287.34594396720024,277.70694970363667,311.04005472741534,280.1904101676607,-1.3931186362028836,-14.395698224966964,-13.00257958876408,0,,,-47.19973837431634,-47.71189269494595,,,,,,,38.44948154901023,,,30.20032719647717,25.352002432640138,,,,,60,100,-40,,,,,,,,,,,,1018.8756204881188,541.6761633815056,1018.8756204881188,-0.020944260762339576
2022-11-07,265.75,288.64,263.03,287.96,271.1783765409716,279.75755976290935,310.1349545420265,280.26771951922626,0.15556118262951557,-12.808128110477185,-12.9636892931067,0,,,-39.27711025577042,-43.85461550748789,,,,,,,47.747138821030525,,,41.00921298215387,36.176657304756645,,,,,60,100,-40,,,,,,,,,,,,864.534598581188,415.00777003941374,864.534598581188,-0.003401651667254274
2022-11-14,285.86,293.26,280.72,284.82,269.75992107375936,280.77004781032747,309.1422112266529,280.31301584241805,1.035888932261141,-11.668828127780273,-12.704717060041414,0,,,-26.71991736984112,-37.73225533330929,,,,,,,46.71600207166452,,,49.57204931778912,45.008629813860885,,,,,60,100,-40,,,,,,,,,,,,795.528307930063,354.097266395884,795.528307930063,0.00021466186634054243
2022-11-21,283.4,289.46,280.46,286.92,270.634926711348,282.000038248262,308.27075196286256,280.3787569783144,1.7832018757297838,-10.475714715379183,-12.258916591108967,0,,,-17.434241683612154,-27.810423103074566,,,,,,,47.536872931936536,,,69.70424894833452,59.84643384448437,,,,,60,100,-40,,,,,,,,,,,,694.5231610336879,268.8068543239051,694.5231610336879,-0.025123266058636903
2022-11-28,284.9,295.75,279.17,292.55,257.413146231966,284.1100305986096,307.65425188588756,280.49986387405255,2.629180411744617,-8.972441076428197,-11.601621488172814,0,,,-6.524271201179053,-16.892810084877443,,,,,,,49.78372132146389,,,82.50982588327604,74.67929616011352,,,,,60,100,-40,,,,,,,,,,,,602.7916772093811,203.56924444683145,602.7916772093811,-0.04270543057836225
2022-12-05,290.38,291.68,278.7801,282.04,257.5543500725399,283.6960244788877,306.6497714197743,280.5151886116242,2.4566435089221415,-8.530817102020137,-10.987460610942279,0,,,-4.16517217406526,-9.374561686285487,,,,,,,45.81556250200627,,,89.3434914742953,87.14735065180345,89.3434914742953,,,,60,100,-40,,,,,,,,,,,,651.3750086258573,208.37483636558932,651.3750086258573,-0.08230175982916213
2022-12-12,282.22,296.875,272.61,274.25,258.0869107816442,281.80681958311015,305.3791921484106,280.4528484264339,1.822750388608494,-8.70902262518166,-10.531773013790154,0,,,-6.814215954661802,-5.834553109968699,,,,,,,43.05962848597204,,,82.54915579637264,86.74457487399275,,,,,60,100,-40,,,,,,-5.834553109968699,,,,,,826.5795525120652,295.0339570263913,826.5795525120652,-0.1737088909761642
2022-12-19,273.87,274.78,262.455,267.36,257.0821314400981,278.91745566648814,303.8882434367082,280.3225713276634,0.9861993345478908,-9.29902384560529,-10.285223180153181,0,,,-24.181037363915497,-11.720141830880854,,,,,,,40.71305911039487,,,68.10363486827463,76.52515968802224,,,,,60,100,-40,,,,,,,,,,,,856.2923611462351,292.30051029432013,856.2923611462351,-0.20553145241637352
2022-12-27,266.74,267.405,259.73,266.28,257.854836337234,276.3899645331905,302.41341036075886,280.1828442497762,0.4350124813497924,-9.74145757846594,-10.176470059815733,0,,,-36.919509019875285,-22.63825411281753,,,,,,,40.33975479199247,,,55.12063899973188,62.069281191685825,,,,,60,100,-40,,,,,,,,,,,,786.0573863923743,253.7004175135347,786.0573863923743,-0.22485314483301086
2023-01-03,268.65,270.155,260.34,268.8,259.2366337417173,274.8719716265524,301.095237405435,280.06958211793767,0.3203326147714325,-9.776054291351443,-10.096386906122875,0,,,-42.150266038970805,-34.416937474253864,,,,,,,41.69121165048832,,,48.129688769509386,51.02837109883092,,48.129688769509386,,,60,100,-40,,,,,,,,,,,,646.7742252301243,198.48215978380114,646.7742252301243,-0.16658323047397597
2023-01-09,270.83,281.219,268.97,280.97,260.2140170458803,276.09157730124195,300.3060124091434,280.0785414998487,1.1003689319809968,-8.72092574114663,-9.821294673127626,0,,,-32.87593858691176,-37.31523788191928,,,,,,,47.86941113684991,,,55.528358747533765,51.11493018575832,,,,,60,100,-40,,,,,,-37.31523788191928,,,,,,469.17891155191995,110.57631255038277,469.17891155191995,-0.0850083109991055
2023-01-17,280.77,284.69,273.89,282.68,260.7495872568889,277.40926184099357,299.61479623623586,280.1044266590542,1.7302645000484524,-7.65846404806706,-9.388728548115512,0,,,-20.910180363592882,-31.978794996491814,,,,,,,48.696856871996296,,,68.30982729870325,60.44811208672589,,,,,60,100,-40,,,,,,,,,,,,357.51001854247994,63.1988011775859,357.51001854247994,-0.03033310547315239
2023-01-23,283.54,298.26,281.18,296.26,265.1881881671111,281.1794094727949,299.48323559952075,280.2651786325959,2.986606635455601,-5.655470253796011,-8.642076889251612,0,,,-0.413448306731798,-18.06652241907881,,,,,,,54.86089855090695,,,84.54959889883948,76.30313190441719,,,,,60,100,-40,,,,,,,,,,,,258.87183335293815,17.162655508933895,258.87183335293815,-0.03161950292162334
2023-01-30,292.93,313.68,289.89,306.18,274.88760329803176,286.1795275782359,299.74585381130424,280.5230375516746,4.3293540820163,-3.230384286731237,-7.559738368747537,0,,,19.71978666129455,-0.5346140030100438,,,,,,,58.78014078000936,,,92.6658758635677,88.57484003276944,,,,,60,100,-40,,,,,,,,,,,,130.89513637967667,-59.594190947235894,130.89513637967667,0.03201155160614274
2023-02-06,303.51,311.03,297.25,299.7,273.72420306245806,288.8836220625887,299.74405562262564,280.71385309842407,4.599392503424387,-1.8104977394670527,-6.40989024289144,0,,,30.787022482569192,16.697786945710646,,,,,,,55.37755994055006,,,94.457771064893,94.61712992935342,94.457771064893,,,,60,100,-40,,,,,,,,,,,,136.18692976518997,-45.12251986592027,136.18692976518997,0.041702144879634424
2023-02-13,301.13,309.27,298.1,301.16,274.07390284371104,291.338897650071,299.7995828531109,280.91729734620094,4.679151134262069,-0.5609513250638543,-5.240102459325923,0,,,37.217704645583716,29.241504596482486,,,,,,,55.999255564777634,,,91.62636915567984,93.57701555153955,,,,,60,100,-40,,,,,,,,,,,,108.69839708060996,-57.82751625393473,108.69839708060996,0.08989605946907785
2023-02-21,297.26,298.73,290.05,291.85,274.7714812120174,291.4411181200568,299.4878345059301,281.02608045718404,3.937484028232733,-0.3182474240350075,-4.2557314522677405,0,,,33.87296194366737,33.959229690606755,,,,,,,51.082738007432624,,,81.71834727389418,86.85270737701025,,,,,60,100,-40,,,,,,33.959229690606755,,,,,,192.57141579322635,11.777486701326119,192.57141579322635,0.1117639922547389
2023-02-27,295.07,299.92,288.37,299.68,275.4278039825876,293.08889449604544,299.4953704076583,281.21169159691357,3.804703034504281,0.5001473408626111,-3.30455569364167,0,,,33.30032127263483,34.796995953961975,,,,,34.796995953961975,,54.70592634724432,,,78.07530230987612,80.60257863758761,,,,,60,100,-40,,,,,,,,,,,,148.46752201263973,-21.272965426187724,148.46752201263973,0.18258581922341616
2023-03-06,300.94,304,287.38,288.55,275.9743894124028,292.1811155968364,299.0661401955933,281.2847095909741,2.841866065172481,0.2477768878239317,-2.5940891773485495,0,,,29.39999281500401,32.191092010435405,,,,,,,49.10511423742496,,,67.76254369439414,71.91427513543275,,67.76254369439414,,,60,100,-40,,,,,,,,,,,,527.8370634648871,240.77666465130096,527.8370634648871,0.0835675823765378
2023-03-13,286.73,309.15,285.19,305.36,275.75764731151685,294.8168924774691,299.31295822713867,281.52426471942215,3.185827935586564,1.3881957421346556,-1.7976321934519084,0,,,34.191487161497896,32.297267083045575,,,,,,,56.40747533181298,,,71.87530097739767,70.72736004757888,,,,,60,100,-40,,,,,,32.297267083045575,,,,,,670.0485064712713,316.99908926015536,670.0485064712713,0.11151947379775044
2023-03-20,304.26,315.25,302.01,310.89,279.2178153606942,298.03151398197525,299.76695986529006,281.8164610903732,3.603710558080392,2.7070060041485817,-0.8967045539318103,0,,,45.40471694288058,36.33206563979416,,,,,,,58.52809446464701,,,75.93339357343191,72.12521032685896,,,,,60,100,-40,,,,,,,,,,,,791.8578689310402,411.1810730310362,791.8578689310402,0.1629557484946007
2023-03-27,311.6,321.17,304.774,320.93,289.6286856920732,302.6112111855802,300.5968830078277,282.20565053226005,4.325623256805623,4.510324517075219,0.18470126026959555,0,,,55.14656317981326,44.91425576139724,,,,,,,62.14962025431043,62.14962025431043,,89.66178978082118,83.02209957221592,,,,,60,100,-40,,,,,,,,,,,,694.2473473072147,324.60269611630235,694.2473473072147,0.15387301451353996
2023-04-03,318.77,321.63,312.82,318.05,289.5222081426394,305.69896894846414,301.2813189683051,282.5623107259689,4.365869073789835,5.642037602506889,1.2761685287170543,0,,,60.440990245603025,53.66409012276562,,,,,,,60.50763721363114,,,94.39429430953493,91.20791135712528,,,,,60,100,-40,,,,,,,,,,,,702.5660114331756,327.4022059133383,702.5660114331756,0.18302060087636676
2023-04-10,315.07,320.36,312.565,318.57,290.50705041816514,308.2731751587713,301.9593064597441,282.9205961913822,4.183778901387811,6.505892155451818,2.322113254064007,0,,,61.787313446305795,59.12495562390736,,,,,,,60.71067539426123,,,95.3574564112031,96.14926751844429,95.3574564112031,,,,60,100,-40,,,,,,,,,,,,708.4631002635074,354.2381684745496,708.4631002635074,0.19370462529310592
2023-04-17,318.15,321.42,314.1,316.61,291.56654681686763,309.9405401270171,302.53384346132276,283.2558141397266,3.70407482125396,6.952206780631457,3.248131959377497,0,,,61.24430649420635,61.157536728705054,,,61.157536728705054,,61.157536728705054,,59.46236775628691,,,91.03872064396523,93.55594096345924,,,,,60,100,-40,,,,,,,,,,,,691.469809306506,344.3766832973587,691.469809306506,0.14927323316555374
2023-04-24,316.38,322.65,309.89,322.56,294.24822204423424,312.4644321016137,303.3191829334277,283.646900566197,3.5593343750701294,7.697299928215159,4.13796555314503,0,,,60.193701560634445,61.075107167048856,,,,,,,62.02992989583959,,,91.09912919704693,91.32135100563174,,,,,60,100,-40,,,,,,61.075107167048856,,105,,,,643.9298439780503,317.2172863342025,643.9298439780503,0.2216449393457482
2023-05-01,322.09,323.76,315.115,322.89,294.77763475536034,314.54954568129097,304.08666595564625,284.0373791675284,3.2653624650080415,8.219668634405082,4.95430616939704,0,,,59.86637255755207,60.43479353746428,,,,,,,62.17388048789319,,,92.50717023338038,91.10318704492352,,,,,60,100,-40,,,,,,,,,,,,562.3062359820412,252.26868881889294,562.3062359820412,0.31409823444926216
2023-05-08,322.42,327.17,321.315,325.03,297.69066084426316,316.64563654503274,304.90797317307187,284.44526594198084,3.001333207709208,8.70597267903355,5.7046394713243425,0,,,61.27042603658517,60.443500051590554,,,,,,,63.155199483598345,,,97.43487573593521,94.91445307054244,,,,,60,100,-40,,,,,,60.443500051590554,,,,,,617.3414658034883,300.9471090336397,617.3414658034883,0.3360292541511674
2023-05-15,325.51,338.205,323.96,336.51,310.2870422125301,320.61850923602617,306.1472683427553,284.96332299728454,3.3591286096014406,9.903550233326143,6.544421623724703,0,,,66.26510563551332,62.467301409883525,,,,,,,67.98242000945092,,,98.97774197052755,97.95548394105508,,,,,60,100,-40,,,,,,,,,,,,501.4611992937631,215.32036193661435,501.4611992937631,0.34400221582280194
2023-05-22,336.25,349.245,329.56,348.4,322.0151106259208,326.1748073888209,307.80423821166687,285.59453371372945,4.106424543515185,11.677452303118685,7.571027759603499,0,,,72.44117679300672,66.65890282170174,,,,,,,72.08585315050252,,,99.99254973355465,99.98509946710931,,,,,60,100,-40,,,,,,,,,,,,442.104617603988,164.35302340268447,442.104617603988,0.3605582401578957
2023-05-30,352.71,355.83,346.51,354.65,327.3376027240693,331.8698459110567,309.64132690924856,286.28165278125454,4.689386381206358,13.432760736111447,8.74337435490509,0,,,78.06815807611333,72.25814683487779,,,,,,,73.98452897610073,,,100,99.99999999999999,100,,,,60,100,-40,,,,,,,,,,,,330.81286894871744,82.65247369310543,330.81286894871744,0.3523457293738365
2023-06-05,354.43,357.66,348.18,354.5,327.95705967235006,336.39587672884534,311.4004905598663,286.9604423058192,4.719665859674066,14.642956679497672,9.923290819823606,0,,,79.15011671211043,76.55315052707682,,,,,,,73.85391989890282,,,99.89953675104204,99.949768375521,,,,,60,100,-40,,,,,,,,,,,,246.11962004895065,23.988387567086242,246.11962004895065,0.3419944928302089
2023-06-12,356.19,372.85,355.2,367.93,341.7894125528965,342.70270138307626,313.61733406732253,287.7661095465573,5.257834243780769,16.495583624549568,11.237749380768799,0,,,81.92505779413335,79.71444419411904,,,,,,,77.67638727391957,77.67638727391957,,99.87442093880256,99.89953675104204,,,,,60,100,-40,,,,,,,,,,,,163.18878004005057,-45.82768289965671,163.18878004005057,0.32829512018914314
2023-06-20,365.95,368.32,360.22,362.54,341.0351687991182,346.670161106461,315.53586998625104,288.5101283570393,4.873093777682316,17.329116602871693,12.456022825189377,0,,,80.30421597819482,80.4597968281462,,,80.4597968281462,,80.4597968281462,,73.03404242415938,,,95.1559786286128,97.50264187758792,,,,,60,100,-40,,,,,,80.4597968281462,,105,,,,212.60900185095045,-14.768104190628186,212.60900185095045,0.2982044181725551
2023-06-26,362,370.49,357.59,369.42,343.2890853134669,351.22012888516883,317.64897312404514,289.31520170672053,4.701996623575145,18.33351860465831,13.631521981083164,0,,,77.83028667942929,80.01985348391916,,,,,,,75.09249289651079,,,91.60757743531107,93.96844384420571,,,,,60,100,-40,,,,,,,,,,,,135.77100151441408,-80.2648125196049,135.77100151441408,0.36910077849014095
2023-07-03,370.07,372.01,364.52,366.24,343.3127220767907,354.22410310813507,319.55450358976884,290.08062258526064,4.021053654581319,18.657839049309814,14.636785394728495,0,,,74.85977231456135,77.66475832406182,,,,,,,72.32789980915227,,,84.35846809467228,87.69324064884965,,,,,60,100,-40,,,,,,,,,,,,128.35809214815697,-72.94393751604036,128.35809214815697,0.3842780512582195
2023-07-10,365.96,382.86,363.41,379.07,353.7575276427342,359.19328248650805,321.88844462546416,290.96608902719834,4.068801364877411,19.722787100825258,15.653985735947847,0,,,74.0883807226794,75.59281323889002,,,,,,,76.16354179215132,76.16354179215132,,86.23680209469609,85.68600268907585,,,,,60,100,-40,,,,,,,,,,,,83.20207539394666,-106.04503978585122,83.20207539394666,0.43889389363684733
2023-07-17,379.8,387.98,375.191,375.63,352.78698995396746,362.48062598920643,323.99595660093615,291.8085160020521,3.523188250337178,20.05797104886932,16.53478279853214,0,,,73.34598139186672,74.09804480970249,,,,,,,73.21576601962502,,,84.23790956078435,84.07177904059496,,,,,60,100,-40,,,,,,,,,,,,46.256243504138155,-133.12775982478735,46.256243504138155,0.3400473077532753
2023-07-24,376.62,384.71,374.34,383.48,357.2473478143984,366.68050079136515,326.32866418521314,292.7206700716834,3.346741372957201,20.718209514728642,17.37146814177144,0,,,71.38727369387084,72.94054526947231,,,,,,,75.55469037554589,,,88.82066206909059,87.20824142986778,88.82066206909059,,,,60,100,-40,,,,,,,,,,,,33.300562867022094,-140.74089440209875,33.300562867022094,0.4386116594818239
2023-07-31,383.79,384.88,371.53,372.04,357.63968011336993,367.7524006330921,328.1212655897146,293.50991713564673,2.172259742359863,20.086792819721268,17.914533077361405,0,,,66.14159489007882,70.29161665860545,,,,,,,66.40037348210627,,,76.68917435144758,82.05386787304555,,,,,60,100,-40,,,,,,,,,,,,52.700460527563564,-124.2425499653535,52.700460527563564,0.3452406584400345
2023-08-07,373.88,375.29,364.69,366.24,357.57827439098634,367.4499205064737,329.6161179195297,294.23359955220747,0.7887781359826427,18.900505747339707,18.111727611357065,0,,,56.67030652668995,64.73305837021319,,,,,,,62.25733368977851,,,57.92825977055146,69.40352076981647,,,,,60,100,-40,,,,,,,,,,,,138.57310406800656,-78.92572269892557,138.57310406800656,0.29209506883022185
2023-08-14,365.43,370.47,354.71,358.13,357.9141119344873,365.5859364051789,330.7343093736658,294.86938463128996,-0.8023928026538059,17.108736608039806,17.91112941069361,0,,,42.8403067552933,55.21740272402068,,,,,,,56.88117467263591,,,29.83867213121266,44.36370596589034,,,,,60,100,-40,,,,,,,,,,,,285.19617605564173,2.6971359736063505,285.19617605564173,0.20963695051092526
2023-08-21,359.62,372.74,358.58,364.02,357.4888182248811,365.27274912414316,332.0396305746985,295.5574504558542,-1.5450514722988444,15.979815070320058,17.524866542618902,0,,,34.943406547239626,44.81800660974094,,,,,,,59.624374229877766,,,15.021742620497607,22.952530577204147,,15.021742620497607,,,60,100,-40,,,,,,,,,,,,383.3423258637069,61.29765670567792,383.3423258637069,0.18586498310172322
2023-08-28,366.99,380.83,364.25,377.59,357.2581883516753,367.73619929931453,333.82591957176913,296.3736947299253,-1.223306552549552,15.99573335193196,17.219039904481512,0,,,37.3182174739617,38.36731025883154,,,,,,,65.15701523489408,65.15701523489408,,16.37378601536355,13.788041247763273,,,,,60,100,-40,,,,,,,,,,,,315.46190297939654,26.516264577372866,315.46190297939654,0.1858294989964972
2023-09-05,376.77,379.3093,369.15,372.58,356.72974632655564,368.7049594394516,335.34568743169973,297.13196642415494,-1.4342245148930886,15.426259260865152,16.86048377575824,0,,,37.80574874066262,36.689124253954645,,,,,,,61.77152524374833,,,22.562767383669538,17.794005053523477,,,,,60,100,-40,,,,,,36.689124253954645,,,,,,422.65064789223345,87.1496710178505,422.65064789223345,0.19426299586527138
2023-09-11,375.66,378.27,369.86,370.81,357.18915016037306,369.1259675515613,336.73644478731933,297.8650811861036,-1.7579104656736249,14.663095693666207,16.421006159339832,0,,,36.788627466648855,37.304197893757724,,,,,,,60.567059402011175,,,26.9573480357524,25.051439142071043,26.9573480357524,,,,60,100,-40,,,,,,37.304197893757724,,,,,,494.89598463910005,124.94063992369587,494.89598463910005,0.1005005811234673
2023-09-18,369.32,371.79,357.59,357.91,357.86563943463216,366.88277404124904,337.5667802858558,298.4625430648489,-2.8415930192725405,12.869014885249157,15.710607904521698,0,,,21.96471769414788,32.18636463381978,,,,,,,52.48664673495843,,,19.118924561535948,23.6081589415803,,,,,60,100,-40,,,,,,,,,,,,650.3694419774455,224.95143266484206,650.3694419774455,0.011462061762584377
2023-09-25,356.93,362.95,351.36,358.27,357.6666651893013,365.1602192329992,338.37867125503794,299.0576421388305,-3.4921195022686025,11.345458526685945,14.837578028954548,0,,,5.943583919355522,21.56564302671741,,,,,,,52.6775175235841,,,11.605593371408258,16.676033463435456,,,,,60,100,-40,,,,,,,,,,,,639.393179799728,227.68753581668898,639.393179799728,0.009817685057957552
2023-10-02,358.54,365.91,353.275,364.7,357.8547605329226,365.0681753863994,339.4108802254286,299.7107999284939,-3.4417180125536397,10.535430513262497,13.977148525816137,0,,,-1.2310493422162985,8.892417423762357,,,,,,,56.090637073732054,,,7.183367849877218,8.88289479015676,,7.183367849877218,,,60,100,-40,,,,,,,,,,,,725.8671471088685,290.835256577291,725.8671471088685,0.018713505593992586
2023-10-09,362.3,373.74,360.78,365.28,357.880134780571,365.11054030911953,340.4253555107059,300.36322977995167,-3.320119539944894,9.826999100885018,13.147118640829913,0,,,1.1175642976872573,1.9433662916088164,,,,,,,56.39794240347963,,,9.423940961957909,7.716719028223639,,,,,60,100,-40,,,,,,,,,,,,852.0731203618016,382.501573563238,852.0731203618016,-0.048110888688463145
2023-10-16,366.62,370.48,354.37,354.6,351.9672680105302,363.0084322472956,340.9812239220508,300.90289913537504,-3.8712902412034254,8.30800583932563,12.179296080529056,0,,,-8.027761894515695,-2.713748979681579,,,,,,,49.48878462884133,,,10.004967878848936,9.156234890746932,,,,,60,100,-40,,,,,,,,,,,,1053.5143712051104,512.9558329153766,1053.5143712051104,-0.14111792751932725
2023-10-23,353.26,359.91,342.35,345.31,351.4960345812066,359.4687457978365,341.15097984667625,301.34476083552056,-4.71771634176306,6.282150653325232,10.999866995088292,0,,,-25.73359871677653,-10.881265437868322,,,,,,,44.36692419999226,,,7.4290252845035205,9.21072858291254,,7.4290252845035205,,,60,100,-40,,,,,,,,,,,,1259.2390309859993,636.9638632943991,1259.2390309859993,-0.1985517354235757
2023-10-30,347.83,369.02,346.45,367.71,350.8513178254061,361.1169966382692,342.19251004876736,302.0051114739731,-3.6716973554922525,6.410245300722977,10.08194265621523,0,,,-22.16771645121751,-18.643025687503243,,,,,,,56.20626126659692,,,14.425791311722897,11.338151369122807,,,,,60,100,-40,,,,,,,,,,,,1046.6501162612722,503.8795245135992,1046.6501162612722,-0.1808365432764732
2023-11-06,368.49,378.54,366.91,378.39,350.1740808378771,364.57159731061535,343.6120194586196,302.76516011602314,-2.2339389742366134,7.289518938419462,9.523457912656076,0,,,-1.5608367456976566,-16.487383971230567,,,,,,,60.54336400079149,,,32.397645516541445,21.989011068375092,,,,,60,100,-40,,,,,,-16.487383971230567,,,,,,1073.6228223955864,484.99233823839927,1073.6228223955864,-0.11664619625330405
2023-11-13,376.79,387.75,375.24,386.04,358.17807506374305,368.86527784849227,345.2758618327914,303.593765488003,-0.8142915221519775,8.505593509966104,9.319885032118082,0,,,17.889225141602715,-1.9464426851041512,,,,,,,63.359185342242775,,,58.3245446189097,44.242200114212544,,,,,60,100,-40,,,,,,,,,,,,899.327763778207,372.2664585586904,899.327763778207,-0.12185919547366454
2023-11-20,386.05,393.07,386.05,389.51,361.8510697020471,372.9942222787938,347.01053391778,304.448653393595,0.2546821854361365,9.638237763913253,9.383555578477116,0,,,33.00956309212995,16.445983829345003,,,,,,,64.60058403478263,,,76.79079701519134,67.19869077967434,,,,,60,100,-40,,,,,,,,,,,,738.5408976367148,260.03619336620125,738.5408976367148,-0.10619347914807122
2023-11-27,389.01,394.14,385.82,389.94,363.25242186618664,376.38337782303506,348.6940423915925,305.29931355883286,0.8532368452829804,10.450101635080841,9.596864789797861,0,,,41.42179766205721,30.77352863192996,,,,,,,64.76086152452433,,,88.34635949119544,83.87062783917652,,,,,60,100,-40,,,,,,,,,,,,580.6243707936757,150.02961275416467,580.6243707936757,-0.13827409491015888
2023-12-04,386.09,392.62,382.66,392.17,366.2001060186019,379.54070225842804,350.3989819056477,306.16369849854595,1.2384918307124178,11.144979578188384,9.906487747475966,0,,,45.240878615993154,39.89074645672677,,,,,,,65.63502171078481,,,94.23737594408622,91.9199365705238,,,,,60,100,-40,,,,,,,,,,,,455.96539428573465,60.93331952613472,455.96539428573465,-0.043533608606028715
2023-12-11,391.74,406.5399,391.53,405.34,379.8022413029874,384.7005618067424,352.553531634838,307.15052736920717,2.165201478340496,12.612989595401586,10.44778811706109,0,,,53.44331672911689,46.70199766905575,,,,,,,70.34207879820951,,,97.16195325651549,95.92520324347349,,,,,60,100,-40,,,,,,,,,,,,275.7898680519646,-59.236374933162494,275.7898680519646,-0.038419714054048856
2023-12-18,404.93,410.4699,402.9,408.38,382.52209549563116,389.4364494453939,354.74280490406005,308.15778580334444,2.731296900853639,13.861909243128139,11.1306123422745,0,,,59.74007352924915,52.8080896247864,,,,,,,71.3242738257806,,,99.15891976453435,98.3178395290687,,,,,60,100,-40,,,,,,,,,,,,115.64625567888015,-182.10248858167841,115.64625567888015,0.03147617806729916
2023-12-26,409.25,412.92,407.58,409.52,384.42767438880037,393.45315955631514,356.89093020194,309.1663650490823,2.914211916471597,14.773377237863997,11.8591653213924,0,,,63.07598352980396,58.753124596056665,,,,,,,71.70495446972991,71.70495446972991,,99.73311721159291,99.46623442318582,99.73311721159291,,,,60,100,-40,,,,,,,,,,,,60.07420919181108,-204.44749065773692,60.07420919181108,0.062897071049883
2024-01-02,405.84,406.09,395.34,396.75,385.45712621817177,394.1125276450521,358.4540309783345,310.0378440038178,1.9530223869685166,14.300443305103045,12.347420918134528,0,,,57.96604594702024,60.26070100202444,,,60.26070100202444,,60.26070100202444,,61.75607422342611,,,92.39236282413788,96.19618141206894,,,,,60,100,-40,,,,,,60.26070100202444,,105,,106,,63.697080247845435,-182.72976508360296,63.697080247845435,0.06605872960818528
2024-01-08,397.99,411.25,397.8399,409.56,385.1901886311595,397.2020221160417,360.458186626243,311.02811421273503,1.9531219443789531,14.788823348608219,12.835701404229265,0,,,57.463321829902526,59.5017837689089,,,,,,,66.76696947374735,,,86.84568402185917,90.56997806998129,,,,,60,100,-40,,,,,,,,,,,,63.024883839146284,-176.77889870476605,63.024883839146284,0.115365029835878
2024-01-16,408.31,421.34,402.92,421.18,396.479460871791,401.99761769283333,362.83943420952755,312.1241528772849,2.4753390793082897,15.929875253364628,13.454536174056338,0,,,60.75943996202754,58.7296025796501,,,,,,,70.55786071588679,,,83.40068863112656,84.62782786804924,,83.40068863112656,,,60,100,-40,,,,,,58.7296025796501,,,,,,121.56581405021065,-158.2736443948086,121.56581405021065,0.13501622066555163
2024-01-22,423.41,429.85,420.57,423.81,398.24235652380594,406.3600941542667,365.2304367895461,313.235454838705,2.7180713154000316,16.852125318306378,14.134054002906346,0,,,65.7022730486,61.30834494684336,,,,,,,71.35893406297029,,,89.93915999998819,86.29331484197932,,,,,60,100,-40,,,,,,,,,,,,74.00839331380872,-190.40570905029793,74.00839331380872,0.13179109233629904
2024-01-29,424.27,430.24,416.79,429.01,403.9429024863912,410.8900753234133,367.7315961311325,314.387440362698,2.9307197681850035,17.7974537131376,14.866733944952596,0,,,67.03463557959974,64.49878286340909,,,,,,,72.93618789238246,,,95.32786537234469,91.60357132422257,,,,,60,100,-40,,,,,,,,,,,,107.8250490749344,-160.3319437684256,107.8250490749344,0.21604393421578336
2024-02-05,429.07,437.845,425,437.05,411.8519808802204,416.12206025873064,370.4499649103038,315.6079633441637,3.287927367199895,18.976643153952466,15.68871578675257,0,,,69.49401479123861,67.41030780647945,,,,,,,75.22177326242837,75.22177326242837,,98.77286076307732,97.54572152615462,98.77286076307732,,,,60,100,-40,,,,,,,,,,,,-10.870414393235492,-241.1806812650755,-10.870414393235492,0.303127773069424
2024-02-12,436.94,439.14,425.3305,430.57,411.8168393887761,419.0116482069845,372.80761334519383,316.7518642064108,2.7828900957161053,19.1673284063977,16.384438310681595,0,,,68.33496113018087,68.28787050033975,,,68.28787050033975,,68.28787050033975,,70.05600512004645,,,91.84333127053198,95.68470549038268,,,,,60,100,-40,,,,,,,,,,,,-87.98488450355627,-284.6023755805163,-87.98488450355627,0.28168279189151785
2024-02-20,428.55,440.59,421.63,436.78,411.6464222895778,422.5653185655876,375.31633439048034,317.94617401530223,2.567392716565763,19.5936792063888,17.026286489823036,0,,,66.47887412957876,68.10261668366608,,,,,,,72.04883384639214,,,85.26211284806897,89.6315456867048,,,,,60,100,-40,,,,,,68.10261668366608,,105,,,,-74.71490550290966,-271.9473982022406,-74.71490550290966,0.2618489579835237
2024-02-26,437.6,446.58,434.3,445.61,419.3123921260365,427.1742548524701,378.07294872810854,319.2164608410206,2.7060207331887582,20.408812406308982,17.702791673120224,0,,,67.87196677447936,67.56193401141302,,,,,,,74.64783513640191,74.64783513640191,,81.61621812955084,83.03176832980402,,,,,60,100,-40,,,,,,67.56193401141302,,,,,,-154.76674086601696,-322.5024167109241,-154.76674086601696,0.3158730664917652
2024-03-04,445.61,448.64,433.65,439.02,419.4365069741768,429.5434038819761,380.4630291701435,320.40853585752785,2.0691046329391902,20.28917246429421,18.22006783135502,0,,,66.11839588294514,66.8230789290011,,,,,,,69.42832139031255,,,79.6947310236612,80.12070249651329,,,,,60,100,-40,,,,,,66.8230789290011,,105,,,,-188.44551525401386,-341.1383409453016,-188.44551525401386,0.36721101581796595
2024-03-11,437.51,444.02,432.7417,433.92,419.16461361887843,430.41872310558085,382.55938096739277,321.5380031624281,1.0698531105422866,19.557384219532878,18.48753110899059,0,,,61.491113534927216,65.16049206411724,,,,,,,65.58368300209018,,,69.35620888453484,74.54546131229411,,,,,60,100,-40,,,,,,,,,,,,-84.1826942987386,-259.11318804615587,-84.1826942987386,0.37285005527051
2024-03-18,438.73,449.34,433.33,446.38,420.2123840746728,433.6109784844647,385.0621503412205,322.78021208618503,1.0140789461261228,19.755129791648244,18.74105084552212,0,,,60.61255614737799,62.74068852175012,,,,,,,69.98309571713025,69.98309571713025,,59.4812274542869,65.59954272903961,,,,,60,100,-40,,,,,,,,,,,,-69.78584078987708,-245.6380629468548,-69.78584078987708,0.3522924092546167
2024-03-25,443.55,447.225,441.93,444.01,419.7943566407676,435.6907827875717,387.3738307199962,323.9864786325912,0.60385463989833,19.495869145395034,18.892014505496704,0,,,59.438882243141464,60.51418397514889,,,,,,,68.18702083863695,,,53.24765773120423,56.00629602467955,,,,,60,100,-40,,,,,,,,,,,,-138.91568791899033,-296.43114241106304,-138.91568791899033,0.2979023643761067
2024-04-01,444.97,447.53,435.11,440.47,420.9369025949985,436.6466262300574,389.4560334368591,325.1455186461972,-0.08307048591886002,18.78817639809813,18.87124688401699,0,,,55.0973589896156,58.38293246004502,,,,,,,65.46821129047366,,,50.84249282038205,51.38422931450679,,,,,60,100,-40,,,,,,,,,,,,-61.84010829735577,-233.44366197268798,-61.84010829735577,0.24705686101024754
2024-04-08,441.41,446.33,436.28,438.27,420.97998098107007,436.9713009840459,391.37030663541367,326.2711353760858,-0.8217115707271958,17.844107420607997,18.665818991335193,0,,,50.405562082669576,54.98060110514222,,,,,,,63.75668212618183,,,35.77394886086489,43.08441837142899,,,,,60,100,-40,,,,,,,,,,,,95.7671841203453,-111.90845070492654,95.7671841203453,0.21030902645308513
2024-04-15,442.06,442.15,413.07,414.65,421.35855376813646,432.50704078723675,392.2832357869661,327.15052706388593,-2.9191479426038818,15.01688406308034,17.936032005684222,0,,,30.9299588960858,45.477626656123654,,,,,,,48.89054785353807,,,20.41669933714639,29.89940858771271,,,,,60,100,-40,,,,,,,,,,,,227.44587791664623,-7.0160051222126185,227.44587791664623,0.14676291056337976
2024-04-22,417.31,432.55,413.94,431,418.99151421326957,432.2056326297894,393.8015402659086,328.1838551528025,-3.2008544442766684,13.934963950338386,17.135818394615054,0,,,18.524531390060623,33.28668412293867,,,,,,,56.497139873970234,,,13.118453293087718,16.408594005764066,,13.118453293087718,,,60,100,-40,,,,,,,,,,,,224.27390011361965,-0.2858223727194087,224.27390011361965,0.14386385077328462
2024-04-29,433.13,436.48,420.63,435.48,418.28926319803605,432.86050610383154,395.4359896672455,329.2514784846154,-3.07994939429404,13.285881651747502,16.365831046041542,0,,,13.856429671092577,21.103639985746337,,,,,,,58.33771823883027,,,18.133819858693546,14.257485596094634,,,,,60,100,-40,,,,,,,,,,,,141.67864554750702,-60.23385466858862,141.67864554750702,0.13851565090616563
2024-05-06,437.3,444.31,436.52,442.06,418.0314586838906,434.70040488306523,397.2643822293143,330.37395133551473,-2.5719963444255036,13.150835615509664,15.722831959935167,0,,,21.52912972815291,17.970030263102036,,,,,,,60.96553296339102,,,30.328352666164214,23.123793008508063,,,,,60,100,-40,,,,,,17.970030263102036,,,,,,107.73707362977845,-96.55497200157254,107.73707362977845,0.13191897913984052
2024-05-13,443.99,454.69,441.65,451.76,424.1749259207555,438.11232390645216,399.40146527914516,331.58177271526085,-1.6431036337795977,13.66895241771067,15.312056051490268,0,,,33.38102038362481,22.92219326095676,,,,,,,64.53766097826036,,,41.9028821119373,35.83720766724686,,,,,60,100,-40,,,,,,,,,,,,77.23942387890965,-110.81770436492295,77.23942387890965,0.1604455617392719
2024-05-20,451.98,460.58,451.785,457.95,430.4724312121302,442.0798591251617,401.69748624859045,332.83916801162644,-0.7193232239822311,14.41290202151248,15.13222524549471,0,,,44.714986211564955,33.20837877444756,,,,,,,66.64767753196773,66.64767753196773,,53.415890251665004,48.083312345944535,,,,,60,100,-40,,,,,,,,,,,,101.37771044638058,-100.66903084402784,101.37771044638058,0.2090738053229492
2024-05-28,459.18,459.74,443.055,450.71,431.17511469697797,443.80588730012937,403.61954561139083,334.01201211101323,-0.7026049428109911,14.253969066980972,14.956574009791963,0,,,46.639486504415814,41.57849769986853,,,,,,,61.97520776557268,,,57.94158957796846,55.65005096748754,,,,,60,100,-40,,,,,,,,,,,,121.12721763794774,-87.82011614511369,121.12721763794774,0.17175987139931423
2024-06-03,454.57,465.74,447.9,462.96,435.71403507576525,447.6367098401035,405.9466222540814,335.29507666712254,-0.009884384480312036,14.944218529191573,14.954102913671885,0,,,52.295372025021514,47.88328158033409,,,,,,,66.30517238178558,,,64.5291855630559,62.00999186798666,,,,,60,100,-40,,,,,,,,,,,,188.19499624922994,-43.671004118729364,188.19499624922994,0.14374446285536022
2024-06-10,461.82,479.26,461.53,479.19,451.34160399892494,453.9473678720828,408.8189115774507,336.7268669490417,1.3242445790052813,16.609408637428487,15.285164058423206,0,,,62.13337002769977,53.689409519045704,,,,,,,71.03865477018176,,,72.82689087430884,68.23382229879805,,,,,60,100,-40,,,,,,,,,,,,299.4322696584609,45.17826935740324,299.4322696584609,0.19390105054470813
2024-06-17,479.46,486.86,478.14,480.18,451.7879179990017,459.19389429766625,411.61738563323695,338.15426130775774,2.0148592420428137,17.803738110976724,15.78887886893391,0,,,69.29106039031058,61.23993414767728,,,,,,,71.30503501084812,,,86.57530615103158,79.40473775250199,,,,,60,100,-40,,,,,,,,,,,,382.2627660841953,88.7822203833299,382.2627660841953,0.12812720355677942
2024-06-24,478.18,487.2,473.82,479.11,452.57020957050156,463.177115438133,414.2641548240904,339.5568059713621,2.1298717874390682,18.451218603232746,16.321346815793678,0,,,70.56204689318041,67.32882577039692,,,,,,,70.5453001558786,,,94.48281466268594,90.03286583118818,,,,,60,100,-40,,,,,,,,,,,,389.1240813416142,69.91272576817899,389.1240813416142,0.07960329164665099
2024-07-01,480.04,496.6,476.255,496.16,468.6109088868943,469.7736923505064,417.4757565956947,341.11504670796546,3.0296005888286786,20.108347551829524,17.078746963000846,0,,,73.2147544559621,71.02262057981768,,,,,,,75.12117761269576,75.12117761269576,,98.06828200341329,97.20380051264287,,,,,60,100,-40,,,,,,,,,,,,412.0106120067753,96.29223017396463,412.0106120067753,0.12338409283633052
2024-07-08,496.53,503.52,490.725,494.82,467.67227253783045,474.7829538804051,420.5088641801772,342.6444492282842,3.193497156320582,21.07061840840157,17.87712125208099,0,,,75.05612413955859,72.9443084962337,,,72.9443084962337,,72.9443084962337,,74.14051882121397,,,98.16288710991091,98.54782530204731,98.16288710991091,,,,60,100,-40,,,,,,,,,,,,220.73595527827067,-48.48817531221073,220.73595527827067,0.07614799070932585
2024-07-15,496.61,501.01,473.94,475.24,467.8792530708426,474.87436310432406,422.655183231935,343.9638079424306,1.7162837921190714,20.02247599222983,18.306192200110758,0,,,68.65170709440238,72.30752856330768,,,,,,,61.44350685445641,,,87.47039789112682,92.91287704855296,,,,,60,100,-40,,,,,,72.30752856330768,,105,,,,211.51123613676697,-45.12668889180876,211.51123613676697,-0.01723635686650609
2024-07-22,481.16,484.43,455.63,462.97,466.0321635657824,472.49349048345925,424.23615643852577,345.1479491569338,-0.24951215357803136,17.99430200813822,18.24381416171625,0,,,53.58498846922122,65.76427323439407,,,,,,,55.043955550289375,,,62.43070154215743,76.16681768394751,,,,,60,100,-40,,,,,,,,,,,,51.23646593008203,-180.558200002389,51.23646593008203,-0.027375388290605252
2024-07-29,465.71,475.55,444.47,448.75,464.0698661682265,467.7447923867674,425.19748363701495,346.1788153344768,-2.5423676799171346,15.065854561819833,17.608222241736968,0,,,35.0623801248642,52.43302522949593,,,,,,,48.678521159662246,,,32.797795117973465,49.07952359250374,,,,,60,100,-40,,,,,,,,,,,,232.8298357609762,-65.91125454740919,232.8298357609762,-0.017248990226209925
2024-08-05,424.71,452.06,423.45,450.41,461.92201858478177,464.2778339094139,426.18620976889673,347.21594155005414,-3.9008034681156687,12.732217906592382,16.63302137470805,0,,,14.91210075212549,34.51982311540363,,,,,,,49.4182673049224,,,11.504845768716663,22.05508589531097,,11.504845768716663,,,60,100,-40,,,,,,,,,,,,274.1335019862533,-23.018299175152954,274.1335019862533,0.01744819482553567
2024-08-12,451.39,476.41,448.5546,475.03,460.28044582872593,466.4282671275311,428.1016525230576,348.487723226173,-3.128207337031336,12.722762203418881,15.850969540450217,0,,,13.895191904937835,21.28989092730917,,,,,,,58.92983428632959,,,12.248118403518717,10.49172727315075,,,,,60,100,-40,,,,,,,,,,,,233.3819561705709,-53.37860841603426,233.3819561705709,0.06850024917147474
2024-08-19,475.17,485.54,473.37,480,458.8639282695312,469.1426137020249,430.1368818358789,349.7963030945693,-2.307309726460172,12.966832382375003,15.274142108835175,0,,,21.19421997071052,16.66717087592461,,,,,,,60.5520666830548,60.5520666830548,,21.885328056266776,14.682442822135647,,,,,60,100,-40,,,,,,16.66717087592461,,,,,,105.49432777592166,-147.3097705222099,105.49432777592166,0.0825761318625659
2024-08-26,479.45,480.38,467.89,476.27,459.7893619645647,470.56809096161993,431.94602372466795,351.05474783989695,-2.0491253431432117,12.71273542990616,14.761860773049372,0,,,22.951363545560813,19.346925140403055,,,,,,,58.66797403266521,,,34.39703698330828,27.971699197725286,34.39703698330828,,,,60,100,-40,,,,,,,,,,,,69.94990454393587,-175.98072133635353,69.94990454393587,0.1382183442509029
2024-09-03,473.2,473.33,448.19,448.69,460.6029789670958,466.19247276929593,432.6026502452692,352.0262428862661,-3.6745540720041454,10.16866818304419,13.843222255048335,0,,,10.025288612616052,18.05695737629579,,,,,,,46.96286626832253,,,30.16674526129949,32.56101964547204,,,,,60,100,-40,,,,,,18.05695737629579,,,,,,192.6862855359476,-90.34786291156202,192.6862855359476,0.1727455967726154
2024-09-09,453.06,476.53,449.823428,475.34,459.13133761230324,468.0219782154367,434.27862474545475,353.2532454446117,-2.9261803872198158,10.185496771023566,13.111677158243381,0,,,8.859240042033543,13.945297400070132,,,,,,,56.12604518940005,,,27.20722748803007,30.75232515551959,,,,,60,100,-40,,,,,,,,,,,,92.19786998395712,-157.5573423821871,92.19786998395712,0.16736034678073583
2024-09-16,473.19,486.23,469.89,482.44,457.79909921142445,470.9055825723494,436.1673061279859,354.5386857884464,-1.97015029357018,10.648989291280657,12.619139584850837,0,,,18.847513336819276,12.577347330489623,,,,,,,58.209878593648796,,,24.82857844562213,25.27293939722794,,24.82857844562213,,,60,100,-40,,,,,,12.577347330489623,,,,,,55.43462089596488,-195.2741892217894,55.43462089596488,0.1429330653786568
2024-09-23,482.95,493.7,480.17,486.75,456.8648778391798,474.0744660578795,438.15094118179036,355.854221253238,-1.107642774102688,11.234586117222477,12.342228891325165,0,,,30.139923066309827,19.282225481720882,,,,,,,59.47564439412148,,,34.18232840416803,29.102751030723237,,,,,60,100,-40,,,,,,,,,,,,26.26468982397128,-203.4061548178277,26.26468982397128,0.12488390532341619
2024-09-30,485.78,488.41,477.4,487.32,450.14310085066694,476.72357284630357,440.0791395668182,357.16233845469833,-0.5851209824385712,11.61082766327695,12.195948645715522,0,,,34.998434430902854,27.995290278010653,,,,,,,59.65073989690049,,,39.519513230026504,35.671287432920536,,,,,60,100,-40,,,,,,,,,,,,1.489291674158295,-217.33230848731355,1.489291674158295,0.13420430961468383
2024-10-07,485.39,494.47,480.87,493.36,457.2657365041908,480.05085827704283,442.1685850740018,358.5175390670894,0.047329116070486066,12.255110040803629,12.207780924733143,0,,,41.142178580128935,35.42684535911388,,,,,,,61.557494269269675,,,45.62004245795652,43.467432430164585,,,,,60,100,-40,,,,,,,,,,,,-50.59967044841599,-267.81734330780193,-50.59967044841599,0.14890821571620483
2024-10-14,495.77,498.83,487.57,494.47,459.01104103960574,482.9346866216343,444.2196209534527,359.87029987239197,0.4007971131564201,12.708777316178669,12.307980203022248,0,,,46.7737837968353,40.97146560262237,,,,,,,61.915798696272695,,,58.68095605775815,52.12557590709931,,,,,60,100,-40,,,,,,,,,,,,-125.03609400324947,-315.48691725183795,-125.03609400324947,0.16191874405895457
2024-10-21,493.25,500.28,485.05,495.32,460.78525239391956,485.41174929730744,446.2235573866506,361.21805808261695,0.5433690670798832,12.987191536872103,12.44382246979222,0,,,49.230340210033035,45.71543419566576,,,,,,,62.20801086037589,,,74.49514717723147,65.4998207621571,,,,,60,100,-40,,,,,,,,,,,,-98.66589509356771,-286.30747775150377,-98.66589509356771,0.14896491491478223
2024-10-28,498.46,501.35,483.75,487.43,461.0763057943539,485.81539943784594,447.8394963126643,362.47389830070034,-0.012723220311633199,12.427918444402678,12.440641664714311,0,,,47.823809464615806,47.94264449049471,,,,,,,57.752053242080656,,,84.55899933522059,79.461202117791,,,,,60,100,-40,,,,,,47.94264449049471,,,,,,-32.54482325837358,-226.06975452395758,-32.54482325837358,0.08437662515334278
2024-11-04,486.82,514.9175,484.2545,514.14,479.82799823761434,491.48031955027676,450.4395160651089,363.98301374049436,1.2305467247040571,13.978825070594382,12.748278345890325,0,,,55.243695556583944,50.76594841041092,,,,,,,66.54147844277792,66.54147844277792,,89.29038361063832,87.93200934155816,89.29038361063832,,,,60,100,-40,,,,,,50.76594841041092,,,,,,-120.2639463023057,-322.2388900650561,-120.2639463023057,0.14616289032531501
2024-11-11,515.37,515.58,494.49,496.57,477.89842693492756,492.49825564022143,452.2485546507909,365.3022872356138,0.7077969738836849,13.63302456324493,12.925227589361246,0,,,56.893708805212654,53.32040460880413,,,,,,,57.94999340639932,,,81.02956699689912,85.59117210654172,,,,,60,100,-40,,,,,,,,,,,,78.87495302538625,-197.28636459868233,78.87495302538625,0.11875435350884248
2024-11-18,498.13,506.96,496.555,505.79,477.47425358243277,495.1566045121771,454.3482191742893,366.7001749248117,0.8136056981403925,13.942234712036736,13.128629013896344,0,,,57.19787684316934,56.44509373498865,,,,,,,60.825414583479365,,,78.82417469543279,81.19126728946014,,,,,60,100,-40,,,,,,,,,,,,-32.73867479741128,-286.8706619443765,-32.73867479741128,0.12147789770550686
2024-11-25,509.9,511.4525,501.93,509.74,478.6068068979733,498.0732836097417,456.52044587333677,368.12345676635584,0.969662568927367,14.340707225055553,13.371044656128186,0,,,59.14540850215882,57.74566471684694,,,,,,,62.030448166979205,,,71.55489834204518,74.00871016818807,,71.55489834204518,,,60,100,-40,,,,,,,,,,,,-87.69527937970011,-329.25781431812624,-87.69527937970011,0.15908360880750103
2024-12-02,511.01,526.72,510.62,526.48,492.1245349766895,503.75462688779334,459.26395779987257,369.69914376370554,1.963051108543441,15.824858541807487,13.861807433264046,0,,,66.37541422376736,60.90623318969852,,,,,,,66.72916152250332,,,79.78094977512743,76.28001704189064,,,,,60,100,-40,,,,,,,,,,,,-78.11431949248188,-314.8473026239214,-78.11431949248188,0.25311525065943485
2024-12-09,525.55,533.1661,519.16,530.53,496.2027824783545,509.1097015102347,462.05870455281877,371.2994507909323,2.614867503221207,17.130391812290554,14.515524309069347,0,,,71.35922506794364,65.62668259795662,,,,,,,67.77437850699883,67.77437850699883,,87.159831113709,81.67565781292113,87.159831113709,,,,60,100,-40,,,,,,,,,,,,45.17919314251479,-227.60233851048113,45.17919314251479,0.31988034669147347
2024-12-16,533.08,539.15,509.29,518.66,496.653855158472,511.01976120818773,464.27836319780624,372.7657249124156,1.9964867823688586,17.01113278703042,15.01464600466156,0,,,69.68244769082102,69.13902899417734,,,,,,,61.62723699143623,,,82.7291736806238,85.34605857102717,,,,,60,100,-40,,,,,,,,,,,,182.41933984387578,-128.94736787221183,182.41933984387578,0.34943811325007673
2024-12-23,519.55,531.24,516.13,522.56,494.8078655042955,513.3278089665502,466.563917582206,374.25621521179454,1.6162418177021411,17.034948276789237,15.418706459087096,0,,,67.33449320397462,69.45872198757975,,,69.45872198757975,,69.45872198757975,,62.827309956763585,,,71.58165333135153,78.97989996685509,,,,,60,100,-40,,,,,,69.45872198757975,,105,,106,,159.25218714498925,-112.77511916817332,159.25218714498925,0.2812436958408714
2024-12-30,515.51,519.6454,505.71,518.58,495.2008751111315,514.3782471732401,468.6037639515312,375.69227277187616,0.8986218680113396,16.54198379410127,15.64336192608993,0,,,58.53117168530171,65.18270419336578,,,,,,,60.727637561271656,,,51.61749095633081,61.882669349682516,,,,,60,100,-40,,,,,,,,,,,,105.75178948226394,-120.45237022850546,105.75178948226394,0.2682919320348569
2025-01-06,524.02,527.92,503.92,507.19,495.3172411746221,512.940597738592,470.11694967892214,377.00070786867343,-0.4677763925780649,15.058641435367349,15.526417827945414,0,,,49.53418792550043,58.46661760492558,,,,,,,55.0263072792255,,,36.19374683608811,44.48080323275084,,,,,60,100,-40,,,,,,,,,,,,230.16055503094327,-7.642848368777209,230.16055503094327,0.2285666453706182
2025-01-13,501.2,524.0733,499.7,521.74,494.40386680500626,514.7004781908736,472.1413830248468,378.44089983017915,-0.5126911183776475,14.885553929973355,15.398245048351002,0,,,44.35624753315177,50.80720238131797,,,,,,,60.19761399458528,,,27.627733834824138,31.128617668013195,,27.627733834824138,,,60,100,-40,,,,,,,,,,,,186.49499957077177,-30.79869411990863,186.49499957077177,0.2577304695588685
2025-01-21,524.48,533.82,520.06,529.63,493.5024048903629,517.6863825526989,474.39583859249984,379.94526898609774,-0.15082817607700605,15.209709828254745,15.360538004331751,0,,,52.06667207434964,48.65236917766729,,,,,,,62.71609813882178,62.71609813882178,,31.241975657862312,28.629372939196276,,,,,60,100,-40,,,,,,48.65236917766729,,,,,,136.22318146699507,-71.56256791628888,136.22318146699507,0.3311693754664851
2025-01-27,511,531.5178,510.15,522.29,494.18151882676557,518.6071060421591,476.2740410006371,381.3616344688231,-0.5245735774100755,14.704821032569157,15.229394609979233,0,,,49.67624570457909,48.69972177069351,,,,,,,58.95648743350524,,,39.13570949154487,34.0632118403133,,,,,60,100,-40,,,,,,,,,,,,116.00078483663232,-85.82391920423639,116.00078483663232,0.28023176310042835
2025-02-03,513.47,532.1,511.05,522.92,493.72529605342515,519.4696848337272,478.1032942947298,382.7701754193821,-0.8299692959880716,14.191932989994143,15.021902285982215,0,,,47.887886791427746,49.8769348567855,,,,,,,59.18399765254916,,,40.699348145239554,39.86537045244598,,,,,60,100,-40,,,,,,49.8769348567855,,,,,,132.18246032088103,-84.76502480346613,132.18246032088103,0.2566091649287572
2025-02-10,527.22,538.84,521.95,538.15,500.96706062103766,523.2057478669818,480.45806706748544,384.3162433256569,-0.14288584970918805,14.84329497384573,14.986180823554918,0,,,56.34722472258183,51.303785739529566,,,,,,,64.35813828188424,64.35813828188424,,44.813902545662785,43.842334518033795,44.813902545662785,,,,60,100,-40,,,,,,51.303785739529566,,,,,,64.51292208072083,-131.17138393010865,64.51292208072083,0.2962676988239126
2025-02-18,539.73,540.81,525.71,526.08,501.21012771953497,523.7805982935855,482.24716247660365,385.7268279691827,-0.6116502964880741,14.221617952944825,14.8332682494329,0,,,58.04092026028403,54.09201059143121,,,54.09201059143121,,54.09201059143121,,58.04110838250018,,,43.43744349928902,43.54842085247574,,,,,60,100,-40,,,,,,,,,,106,,114.60148170240792,-94.59476867008891,114.60148170240792,0.21714671231170266
2025-02-24,527.88,529.069,496.93,508.17,501.6915471681396,520.6584786348684,483.26374434026627,386.94516798938986,-2.1516054851894033,12.143761392946146,14.29536687813555,0,,,37.06575009620749,50.48463169302446,,,,,,,50.131254599587585,,,36.43648055301567,40.49622445635636,,,,,60,100,-40,,,,,,50.48463169302446,,,,,,344.6739395746974,48.05882563356363,344.6739395746974,0.1500684170991711
2025-03-03,511.52,513.04,480.53,491.79,499.70443665612964,514.8847829078948,483.59810730731465,387.98840014869944,-4.179690313100579,9.070753986759826,13.250444299860405,0,,,11.320530683001103,35.47573367983088,,,,,,,44.167545621616256,,,17.88028335866861,27.865942378278632,,,,,60,100,-40,,,,,,,,,,,,398.3695869247525,90.229948245643,398.3695869247525,0.10538728495794304
2025-03-10,483.45,483.97,466.43,479.66,497.80626260926323,507.8398263263158,483.44367172663567,388.90055537110044,-6.126658353382515,5.59212135813226,11.718779711514776,0,,,-12.259476300413162,12.042268159598484,,,,,,,40.31956629349965,,,6.711893498122269,13.423786996244536,,,,,60,100,-40,,,,,,,,,,,,444.12057112025195,118.36995765552608,444.12057112025195,0.12955956994782777
2025-03-17,479.61,485.84,472.41,480.84,497.06510099431586,502.4398610610526,483.3415669530421,389.8153757156666,-7.057343681692036,2.89710010939973,9.954443791091766,0,,,-24.621475546973116,-8.520140388128382,,,,,,,40.862535843105526,,,1.8303488265139969,2.888830498021654,,,,,60,100,-40,,,,,,,,,,,,485.18955818929714,163.2117835363395,485.18955818929714,0.1717746498852902
2025-03-24,487.74,493.62,468.05,468.94,498.0811652090076,495.7398888488421,482.77679962155025,390.6026854100381,-8.120904560941156,-0.1966869100846793,7.924217650856477,0,,,-33.049363996190095,-23.31010528119212,,,,,,,37.168155740606814,,,0.6432226291719552,0.5145781033375707,,0.6432226291719552,,,60,100,-40,,,,,,,,,,,,652.4278203366976,272.62782289336866,652.4278203366976,0.07593862999650441
2025-03-31,461.92,479.56,422.67,422.67,497.2903676940785,481.12591107907366,480.4196702246267,390.9217631671521,-11.386899563779446,-6.30940680386783,5.077492759911616,0,,,-48.204106883577325,-35.2916488089135,,,,,,,26.917261035966376,,26.917261035966376,0.7718671550063448,0.7718671550063502,,,,,60,100,-40,,,,,,,,,,,,1403.80458027548,778.5136732763925,1403.80458027548,0.010672080080370695
2025-04-07,408.66,467.83,402.39,454.4,492.0817700016443,475.7807288632589,479.39929100013154,391.5533874142451,-10.858397926977723,-8.495504648810538,2.362893278167185,0,,,-55.321850941336926,-45.525107273701444,,,,,,,39.34495068647743,,,8.015403713048997,4.393635434027668,,,,,60,100,-40,,,,,,,,,,,,1254.9310202253926,696.0566417715938,1254.9310202253926,0.06872767567907806
2025-04-14,464.46,465.05,437.76,444.1,486.0237864300983,469.4445830906071,478.01500507855775,392.07623928077004,-10.636792162126955,-10.933096924491508,-0.29630476236455383,0,,,-56.205116500073274,-53.2436914416625,,,,,,,37.12486505227106,,,16.198037738065572,11.201278655801952,,,,,60,100,-40,,,,,,,,,,,,1112.2162892753213,604.9554341767587,1112.2162892753213,0.028142875253614058
2025-04-21,438.23,473.09,427.93,472.56,485.8485159708056,470.0676664724857,477.80108331077116,392.8770727207624,-8.121343674121604,-10.447984355016558,-2.326640680894955,0,,,-52.67959984300998,-54.73552242814005,,,,,,-54.73552242814005,46.21019078423682,,,31.32827103795738,23.87212772207857,,,,,60,100,-40,,,,,,-54.73552242814005,-107,,,,,931.813327588899,504.96353705371166,931.813327588899,0.057875608965782824
2025-04-28,473.03,490.91,462.43,488.83,483.1329076871766,473.82013317798857,478.23358984760364,393.8318282160782,-5.059450109609144,-8.650953317906385,-3.591503208297241,0,,,-39.52730953950045,-49.470675294194564,,,,,,,50.62846779490217,,,42.312711742050375,36.15115866456653,,,,,60,100,-40,,,,,,,,,,,,764.2109043909174,404.0610757712186,764.2109043909174,0.07767126631481601
2025-05-05,484.6,492.7,476.782,487.97,470.924128566664,476.65010654239086,478.61540985358,394.76852644278387,-2.897229948708536,-7.213040644182911,-4.315810695474375,0,,,-26.721581054185883,-39.64283014556543,,,,,,,50.39144899850085,,,54.57296618359074,49.10115288513797,,,,,60,100,-40,,,,,,,,,,,,667.9907399562052,335.14088017645156,667.9907399562052,0.1161061700991874
2025-05-12,506.99,521.93,501.48,521.51,468.0198336690451,485.6220852339127,480.2975506436357,396.0296356324079,0.7896762070746082,-3.3287154366311142,-4.118391643705722,0,,,-6.515422221797788,-24.254770938494698,,,,,,,58.583428583932154,,,64.94034004884969,59.59993109981928,,,,,60,100,-40,,,,,,,,,,,,552.9015145096224,245.11526559891493,552.9015145096224,0.1718078535161373
2025-05-19,514.24,523,505.58,509.24,466.9891312641133,490.3456681871302,481.43254865761077,397.15610691964764,2.3136652820660073,-1.226310041123213,-3.5399753231892204,0,,,6.050545286366294,-9.062152663205781,,,,,,,54.98494345096447,,,73.9570068585038,69.5598855492328,,,,,60,100,-40,,,,,,,,,,,,503.28305732605475,221.45794458093036,503.28305732605475,0.10282836868324301
2025-05-27,516.15,526.48,511.93,519.11,468.39490760239096,496.09853454970414,482.91009576907703,398.36957849258647,3.809739573639509,1.2221991438601663,-2.587540429779343,0,,,16.540418909588517,5.358513991385682,,,,,,,57.272076408915396,,,84.33919575465151,79.32831716873947,,,,,60,100,-40,,,,,,,,,,,,439.04977417586286,174.82922738439757,439.04977417586286,0.12424760519347862
2025-06-02,517.24,533.05,515.97,529.92,478.1359856307916,502.8628276397633,484.7536214251917,399.6785379105707,5.261196170125246,3.988954782877215,-1.2722413872480312,0,,,25.4368683917541,16.009277529236314,,,,,,,59.70144669448334,,,91.18924750109193,87.52067437763054,,,,,60,100,-40,,,,,,,,,,,,323.76799705297867,95.76936785996165,323.76799705297867,0.12326997510905821
2025-06-09,530.14,536.78,525.73,526.96,479.39484380002074,507.68226211181064,486.40877352616457,400.9450201204158,5.717838945440793,5.87505729455296,0.15721834911216703,0,,,31.906804585249002,24.628030628863883,,,,,,,58.711227791052664,,,95.9693226324385,94.03663505749846,,,,,60,100,-40,,,,,,,,,,,,324.9010884978917,95.62948279451408,324.9010884978917,0.07440122600297513
2025-06-16,530.5,535.37,524.88,526.83,481.4252121000193,511.5118096894485,487.9939196623934,402.19760698488926,5.694585598592212,7.275450347352432,1.58086474876022,0,,,35.384597655771664,30.909423544258264,,,,,,,58.66493230170154,,,97.58062811203334,96.98027176399962,,,,,60,100,-40,,,,,,,,,,,,275.8281633164568,58.24230410460242,275.8281633164568,0.04332500223043647
2025-06-23,526.81,549.99,523.65,548.09,501.5605540928751,518.8274477515588,490.35062869524074,403.64927258702966,6.72384235495457,9.985667692453433,3.2618253374988626,0,,,40.8145865948457,36.03532961195547,,,,,,,63.73165635969599,,,98.13448875128566,98.08799304250424,,,,,60,100,-40,,,,,,,,,,,,192.0412245316465,-11.4381148235071,192.0412245316465,0.08300060996084138
2025-06-30,551.26,557.2,544.66,556.22,509.25122880052686,526.305958201247,492.9337412954274,405.167389277706,7.505585790819396,12.643807576023107,5.1382217852037115,0,,,47.00011595370682,41.06643340144141,,,,,,,65.48438086642537,,,98.77347920863042,98.47723183434874,,,,,60,100,-40,,,,,,,,,,,,111.67009279861983,-72.08573031014218,111.67009279861983,0.08976066719666469
2025-07-07,553.52,557.63,549.58,554.2,510.8147124576321,531.8847665609976,495.3363396759989,406.6503008271815,7.426356353857955,14.421167227526155,6.9948108736682,0,,,50.108144187156114,45.974282245236225,,,,,,,64.64350141619781,,,98.96438953161794,98.79487252655376,,,,,60,100,-40,,,,,,,,,,,,66.82098501705258,-93.52468843557088,66.82098501705258,0.11681189424705724
2025-07-14,553.99,564.7262,551.56,561.26,517.947947282087,537.7598132487981,497.92158125733226,408.18870579407525,7.374177357167763,16.212532570127905,8.838355212960142,0,,,52.567704831409955,49.89198832409098,,,,,,,66.28281760074707,,,99.12320987772046,99.11251321875879,,,,,60,100,-40,,,,,,,,,,,,1.0353513775884693,-131.065654174558,1.0353513775884693,0.15268546307955358
2025-07-21,562.09,567.695,558.61,566.37,524.2707796190807,543.4818505990385,500.605832972731,409.76264902000486,7.200436675329602,17.838901057122143,10.638464381792542,0,,,54.44736649179968,52.374405170121925,,,,,,,67.46562557260557,67.46562557260557,,99.13390653668212,99.13390653668212,99.13390653668212,,,,60,100,-40,,,,,,,,,,,,-16.425621600154905,-141.7809897791838,-16.425621600154905,0.20203542712704595
2025-07-28,567.74,574.63,551.68,553.88,525.9800096462892,545.5614804792308,502.6950159934082,411.1966525123431,5.8200091230441355,17.91347578559771,12.093466662553576,0,,,53.092935189749284,53.36933550431965,,,,,,,61.7314245820897,,,92.91204844232522,96.02297748950367,,,,,60,100,-40,,,,,,53.36933550431965,,105,,,,98.37903687260055,-57.8208098193322,98.37903687260055,0.12900107985636852
2025-08-04,559.05,574.77,558.95,574.55,533.7664375286971,551.3591843833847,505.5128585034706,412.82205895500636,5.858546665246415,19.416649994111594,13.55810332886518,0,,,54.29453893873189,53.944946873426964,,,,,,,66.79173026187202,,,90.90454977408936,92.6860313700019,,,,,60,100,-40,,,,,,53.944946873426964,,,,,,93.21921198667314,-64.58066257945362,93.21921198667314,0.16254106186278566
2025-08-11,574.69,583.3199,571.57,577.34,536.4852634195045,556.5553475067078,508.32960915039337,414.459053393265,5.630031195137047,20.59564232278649,14.965611127649442,0,,,56.46604935313906,54.61784116054009,,,,,,,67.42165591580951,67.42165591580951,,89.23607671433848,89.34908525050014,,,,,60,100,-40,,,,,,,,,,,,61.724809807278014,-95.56599665591659,61.724809807278014,0.19482510687560253
2025-08-18,576.44,577.765,558.84,571.97,537.7249017466828,559.6382780053663,510.82531075233874,416.0263264938295,4.712527112450275,20.856270018212285,16.14374290576201,0,,,53.72536947411015,54.82865258866038,,,54.82865258866038,,54.82865258866038,,64.85641490443666,,,91.81415285310106,90.46861051563894,91.81415285310106,,,,60,100,-40,,,,,,54.82865258866038,,105,,,,-62.22515561222707,-203.64490635484086,-62.22515561222707,0.290011368412546
2025-08-25,570.4,578,568.54,570.4,537.8509801933483,561.790622404293,513.1615730757765,417.5623829466272,3.643041715417155,20.697545050033455,17.0545033346163,0,,,51.95014967334001,54.04718950019642,,,,,,,64.08414901229409,,,86.38828148560978,88.7648315849899,,,,,60,100,-40,,,,,,,,,,,,-77.27512731909488,-216.61855974486983,-77.27512731909488,0.20770161510010346
2025-09-02,561.31,581.12,559.535,576.06,539.3201958938234,564.6444979234344,515.628178053197,419.1394736635762,2.987460047093144,20.78882839348273,17.801368346389587,0,,,49.68454942830687,51.78668952525235,,,,,,,65.68016765022008,,,81.74283009049248,85.16427168944446,,,,,60,100,-40,,,,,,,,,,,,-133.22510417016855,-269.05154888216623,-133.22510417016855,0.25440262834333477
2025-09-08,578.37,587.86,577.04,586.66,548.2723247585502,569.0475983387475,518.4137396981696,420.80634457239637,2.934122125138053,21.469021002812156,18.534898877674102,0,,,52.552717221477295,51.395805441041404,,,,,,,68.51847306979862,,,83.37794803563324,82.27225398725916,,83.37794803563324,,,60,100,-40,,,,,,51.395805441041404,,,,,,-168.09326704831972,-282.86035817631785,-168.09326704831972,0.24348749954024657
2025-09-15,588.44,600.05,584.365,599.35,562.0185872757967,575.108078670998,521.5877106903982,422.58289835774565,3.3877464375562276,22.769581924619388,19.38183548706316,0,,,57.457570355687444,53.231612335157216,,,,,,,71.56804292914117,71.56804292914117,,90.00727649946518,85.70489589361955,,,,,60,100,-40,,,,,,,,,,,,-229.34903667589793,-335.0675657806237,-229.34903667589793,0.25737558464767674
2025-09-22,597.74,602.87,588.5,595.97,562.4444024703827,579.2804629367984,524.5046632123434,424.30814315020586,3.1020739040017666,23.25942786706537,20.157353963063603,0,,,59.431601070878045,56.480629549347604,,,,,,,69.62202588857389,,,92.48127603314964,90.93896281390437,,,,,60,100,-40,,,,,,,,,,,,-198.5583027348256,-290.509826547783,-198.5583027348256,0.23793084136967016
2025-09-29,599.11,607.3255,596.1,603.18,566.8576594367838,584.0603703494387,527.5899705373496,426.0879626213481,3.0367586621287472,23.953302290724537,20.91654362859579,0,,,61.65610443299672,59.51509195318741,,,,,,,71.41800276661017,,,94.0712672278809,94.11894520336689,94.0712672278809,,,,60,100,-40,,,,,,,,,,,,-275.1840658739482,-352.2353126300043,-275.1840658739482,0.20074389868421189
2025-10-06,608.45,613.18,589.05,589.5,567.8298980484421,585.148296279551,530.0178148300025,427.7139530430262,1.7729106501437286,23.13268194127545,21.35977129113172,0,,,59.47624506004474,60.187983521306506,,,60.187983521306506,,60.187983521306506,,63.67953852890319,,,77.7759581679057,85.89977371015031,,,,,60,100,-40,,,,,,60.187983521306506,,105,,,,-187.8778720786849,-274.55616487909435,-187.8778720786849,0.17393737396783898
2025-10-13,599.68,608.31,590.13,603.93,567.6577624735534,588.9046370236408,532.9163318954926,429.46734654508566,1.6139722264087588,23.37723657414267,21.763264347733912,0,,,58.33386867936743,59.8220727241363,,,,,,,67.68123525792123,,,70.27689255137717,76.0573792452026,,,,,60,100,-40,,,,,,,,,,,,-112.80916806437855,-208.27322581016813,-112.80916806437855,0.2075442465720185
2025-10-20,607.14,618.42,599.74,617.1,580.7314937254425,594.5437096189127,536.2176522133165,431.3343381217515,2.0718127161513245,24.35303024292307,22.281217526771744,0,,,61.0417850220616,59.61729958715792,,,,,,,70.85607893617724,,,65.00638883901436,66.0403315403104,,65.00638883901436,,,60,100,-40,,,,,,59.61729958715792,,,,,,-164.11659205267335,-251.31445748104665,-164.11659205267335,0.21983778646124183
2025-10-27,624.52,637.01,624.03,629.07,592.6306727450539,601.4489676951301,539.8589207539707,433.3018571454157,2.810934248004692,25.79488533677761,22.98395108877292,0,,,67.5982555218434,62.32463640775748,,,,,,,73.42640589941205,73.42640589941205,,80.30740384217978,72.27091491990743,80.30740384217978,,,,60,100,-40,,,,,,,,,,,,-56.09539349764184,-167.43910157540176,-56.09539349764184,0.23637318867173635
2025-11-03,635.11,635.82,598.67,609.74,592.3891961204071,603.1071741561041,542.5993552342071,435.05746055690406,1.6837117504559096,25.088590776842807,23.404879026386897,0,,,63.885312946246565,64.17511783005052,,,64.17511783005052,,64.17511783005052,,63.61170172789757,,,70.46453167774139,73.31135056441333,,,,,60,100,-40,,,,,,64.17511783005052,,105,,,,169.55831441102026,-36.99562856169237,169.55831441102026,0.22946035558982605
2025-11-10,618.92,624.86,597.17,608.86,589.7021106832352,604.2577393248832,545.1978118916892,436.7868390588254,0.619390216115228,24.179116796530934,23.559726580415706,0,,,57.833342567548065,63.105637011879345,,,,,,,63.19509980361885,,,49.24815787246925,63.61448032511504,,,,,60,100,-40,,,,,,,,,,,,326.0022572453802,49.73084935861536,326.0022572453802,0.175962089105033
2025-11-17,606.3,614.03,580.74,590.07,588.5583884915756,601.4201914599066,546.9575055429955,438.31204464032965,-1.4940987941093162,21.69210308777906,23.186201881888376,0,,,43.044228763276934,54.92096142569053,,,,,,,54.88104564374155,,,18.115592759475575,34.68268343246103,,,,,60,100,-40,,,,,,,,,,,,480.3654832007657,128.8706949297762,480.3654832007657,0.10355313766356271
2025-11-24,595.28,619.32,595.16,619.25,586.6963607421773,604.9861531679253,549.7925053256231,440.1124223056,-1.0896543794649318,21.82413390755721,22.913788287022143,0,,,42.08277305503265,47.65344812861921,,,,,,,63.057674566119246,,,16.127663529405496,17.171416141281156,,16.127663529405496,,,60,100,-40,,,,,,,,,,,,301.2081226188082,-3.6512496029103403,301.2081226188082,0.13292296291604877
2025-12-01,613.63,628.92,612.52,625.48,585.5444778320217,609.0849225343402,552.7606423716771,441.956875814997,-0.5903515609878802,22.175848835787292,22.766200396775172,0,,,47.16122843700317,44.096076751770916,,,,,,,64.54385533936241,64.54385533936241,,24.597769065801337,16.456987783905657,,,,,60,100,-40,,,,,,44.096076751770916,,,,,,190.07937305175219,-71.16920422056303,190.07937305175219,0.13923311033851085
2025-12-08,627.21,629.21,611.36,613.62,586.3105865583059,609.9919380274722,555.1472838472977,443.66496660290744,-1.2108836193427202,21.25259587259677,22.46347949193949,0,,,46.91307306008139,45.3856915173724,,,,,,,59.59908895221181,,,35.55948168742967,29.73535616002155,,,,,60,100,-40,,,,,,,,,,,,89.1558506787063,-144.59298527136977,89.1558506787063,0.07380739377864375
2025-12-15,618.37,618.42,600.28,617.05,586.8148303755697,611.4035504219778,557.574841343482,445.3901908158138,-1.5222452393324133,20.560672942773977,22.08291818210639,0,,,41.280797929701755,45.11836647559543,,,,,,,60.54609426433056,,,36.85585313272679,36.958465956997095,36.85585313272679,,,,60,100,-40,,,,,,45.11836647559543,,,,,,103.8547869189415,-158.30335158566612,103.8547869189415,0.16038114486165625
2025-12-22,621.35,625.515,617.77,623.89,587.2416282058863,613.9008403375823,560.1754358006004,447.1663083201341,-1.4024149891236632,20.329899445701813,21.732314434825476,0,,,45.092592552921346,44.42882118090149,,,,,,,62.44770586613796,62.44770586613796,,34.938866088765565,37.00364492520635,,,,,60,100,-40,,,,,,44.42882118090149,,,,,,162.24482566095213,-125.88456038827229,162.24482566095213,0.13758859438231605
2025-12-29,620.1,622.85,610.15,613.12,589.0200833340372,613.7446722700658,562.2516932201847,448.8175888343616,-2.139236400364787,19.058268934369494,21.19750533473428,0,,,40.73448531035866,42.36929193099391,,,,,,,57.7035792026451,,,31.13027423168014,32.97196900603539,,,,,60,100,-40,,,,,,42.36929193099391,,,,,,156.38213008623353,-116.63282213585916,156.38213008623353,0.12271267887643436
2026-01-05,619.32,627.94,616.72,626.65,589.9179345244631,616.3257378160527,564.7771170154716,450.58706556237786,-1.81872009773652,18.92410521256363,20.74282531030015,0,,,44.93753065665913,43.58820283997971,,,,,,,61.66688927110626,,,31.182382288168277,31.131857821496556,,,,,60,100,-40,,,,,,43.58820283997971,,,,,,58.85810643419106,-179.06321811115748,58.85810643419106,0.13863927068611612
2026-01-12,622.31,630,614.56,621.26,590.5973677727158,617.3125902528421,566.9921320344728,452.28530371598606,-2.0555719627405473,18.17336035687447,20.228932319615016,0,,,45.07637381435278,43.582796593790185,,,,,,,59.27002937038469,,,26.936555954850878,28.598649530466663,,,,,60,100,-40,,,,,,,,,,,,2.702087082519995,-213.77899663640162,2.702087082519995,0.15406441006019786
2026-01-20,610.53,625.3999,607.05,622.72,588.7196986460931,618.3940722022737,569.1775386213562,453.98117134070264,-2.187519169604414,17.494533357609498,19.682052527213912,0,,,40.30291055876665,43.438938343259515,,,,,,,59.729339013262695,,,28.71431987072767,28.48400221888261,,,,,60,100,-40,,,,,,43.438938343259515,,,,,,-23.24374693248366,-225.8191790661468,-23.24374693248366,0.1631144128995205
2026-01-26,623.21,636.6,618.27,621.87,588.8075915999436,619.089257761819,571.2439096558129,455.65170694925285,-2.389230283212477,16.695514673198318,19.084744956410795,0,,,44.97082823122187,43.45003753478043,,,,,,,59.307516860783856,,,25.417640304775226,26.26359512783957,,,,,60,100,-40,,,,,,43.45003753478043,,,,,,71.89147978251341,-181.12478287230198,71.89147978251341,0.09719225322854276
2026-02-02,618.7,629.98,594.76,609.65,588.8920493428047,617.2014062094552,572.750030845781,457.1840282731409,-3.3442553306288865,14.904425793124688,18.248681123753574,0,,,28.575757925740426,37.94983223857631,,,,,,,53.43064187116463,,,20.040151994731545,23.399156748436678,,,,,60,100,-40,,,,,,37.94983223857631,,,,,,33.365756185692774,-261.8293678046107,33.365756185692774,0.03962240882197752
2026-02-09,607.54,617.52,596.42,601.92,586.5576172468901,614.1451249675641,573.89395120477,458.6241871957962,-4.427215421637598,12.714661846706576,17.141877268344174,0,,,10.048855870884974,27.865147342615757,,,,,,,50.033102194314665,,,12.176420804154812,16.401418582761732,,,,,60,100,-40,,,,,,,,,,,,97.29925506102134,-210.58766456740872,97.29925506102134,0.009453148041876996
2026-02-17,598.375,610.35,593.34,608.81,586.4070731578265,613.0780999740513,575.2632080202692,460.11857339285297,-4.590487397485152,11.403768021487735,15.994255418972887,0,,,-3.5624949586130477,11.687372946004118,,,,,,,52.92364126244189,,,8.443322640307493,10.379803886797323,,8.443322640307493,,,60,100,-40,,,,,,,,,,,,125.97211777719927,-188.66263464606166,125.97211777719927,0.03814769864577417
2026-02-23,606.605,616.83,599.05,607.29,586.8515679322675,611.920479979241,576.5191606469253,461.5829656974017,-4.695001596668764,10.125503423136934,14.820505019805697,0,,,-9.2251059856462,-0.9129150244580924,,,,,,,52.20192015500599,,,9.961125514215524,8.595128861949151,,,,,60,100,-40,,,,,,,,,,,,133.06809636316302,-167.99670107405046,133.06809636316302,0.08413429563389954
2026-03-02,598.86,612.88,591.87,599.75,587.1543130799627,609.4863839833928,577.430173954889,462.95776205862154,-5.130690230586291,8.407142231572834,13.537832462159125,0,,,-19.89619588785991,-10.894598944039721,,,,,,,48.637561885131625,,,10.523742037704526,9.720361908927154,10.523742037704526,,,,60,100,-40,,,,,,,,,,,,187.05571520622428,-115.63366451513218,187.05571520622428,0.03322583731834356
2026-03-09,594.225,613.29,591.33,593.72,586.9740050028225,606.3331071867142,578.0689906625404,464.25887885405814,-5.643054512916736,6.4840143210132055,12.127068833929942,0,,,-28.511854831192448,-19.211052234899523,,,,,,,45.92103142508604,,,6.989227903936786,9.158175035209343,,,,,60,100,-40,,,,,,,,,,,,269.4092215323653,-30.972998239653613,269.4092215323653,-0.051274819408525345
2026-03-16,600.04,605.9,578.54,582.06,586.6708617883352,601.4784857493713,578.2255008326368,465.43102931322176,-6.523050408482529,3.973255823326781,10.49630623180931,0,,,-41.72261203752335,-30.0435542521919,,,,,,,41.11103713952086,,,2.691233823191019,5.382467646382042,,,,,60,100,-40,,,,,,,,,,,,400.4257267082989,57.3857287130107,400.4257267082989,-0.08030987548358319
2026-03-23,590.52,595.08,561.57,562.58,585.6179430891684,593.6987885994971,577.6119517803766,466.39768573796584,-8.071526617742368,0.4068979596313511,8.478424577373719,0,,,-56.462245935740384,-42.232237601485394,,,,,,,34.55937726905127,,,0.8033801287773668,1.6067602575547395,,0.8033801287773668,,,60,100,-40,,,,,,,,,,,,576.7119582158809,179.67923258337242,576.7119582158809,-0.11824814251509186
2026-03-30,567.38,587.739,555.6,584.98,579.8316614399421,591.9550308795976,577.9008948478128,467.57760926296123,-7.266739252837195,-0.6049994886727745,6.6617397641644205,0,,,-61.40222556712853,-53.19569451346408,,,,,,,45.39901065241158,,,8.785543142342219,4.392771571171107,,,,,60,100,-40,,,,,,,,,,,,529.1279658129936,152.46482665912293,529.1279658129936,-0.06822508239858907
2026-04-06,586.23,613.67,578.4001,611.07,578.3038284799462,595.7780247036782,579.2016440694672,469.0053942454193,-4.777110605298751,0.6903515075409814,5.4674621128397325,0,,,-46.563291565621206,-54.80925435616337,,,,,,-54.80925435616337,54.83805407204976,,,27.254315249085955,16.921736302921307,,,,,60,100,-40,,,,,,-54.80925435616337,-107,,,,,459.28651748335835,98.38031272110058,459.28651748335835,-0.003019875814733298
2026-04-13,609.48,650,608.11,648.85,602.5678550170929,606.3924197629425,581.9329521451743,470.7948928101415,-0.6050500388176427,4.7111495643176795,5.316199603135322,0,,,-18.284443777574342,-42.08332030344136,,,,,,,64.47276800720896,,,55.74101983718328,40.561812145782625,,,,,60,100,-40,,,,,,,,,,,,199.4162415772933,-107.6888350463723,199.4162415772933,0.003031464120373757
2026-04-20,648.04,664.51,642.21,663.88,614.9194368015862,617.889935810354,585.1465618649714,472.71613765780177,2.95234713101158,9.006633516899797,6.054286385888217,0,,,5.282755980340408,-19.854993120951715,,,,,,,67.46424836455604,,,78.80135105290839,66.52745595741283,,,,,60,100,-40,,,,,,,,,,,,124.97692492687634,-167.1999559470319,124.97692492687634,0.011382831743636072
2026-04-27,663.4,675.97,653.81,674.15,625.5009056014729,629.1419486482832,588.6368927722275,474.7204546960326,5.627499477783637,13.088660733117763,7.461161255334126,0,,,21.77218886243858,2.9235003550682124,,,,,,,69.3732208949684,,,93.66591227949797,87.33182455899596,,,,,60,100,-40,,,,,,,,,,,,35.89021130380786,-227.70905486575333,35.89021130380786,0.07485830423073701
2026-05-04,674.66,711.23,668.9,711.23,662.8901266299392,645.5595589186266,593.4444656046892,477.07378350502734,9.307567312203975,19.095620395589094,9.788053083385119,0,,,36.9239085159355,21.32628445290483,,,,,,,75.0899201211797,,,98.51254102473399,97.02508204946798,,,,,60,100,-40,,,,,,,,,,,,-0.6352816605208744,-261.7619539810709,-0.6352816605208744,0.06380239032328296
2026-05-11,710.36,722.03,696.64,708.93,660.2958318706578,658.2336471349013,597.9733100907798,479.3808105348281,10.890228039158652,23.400838132333433,12.510610093174781,0,,,46.812591221456124,35.16956286661007,,,,,,,74.15974977611708,,,99.5485241778467,99.77426208892335,99.5485241778467,,,,60,100,-40,,,,,,,,,,,,76.75295136866474,-191.44159871178528,76.75295136866474,0.04774746239680681
2026-05-18,711.54,722.12,695.25,717.54,666.6168438798965,670.094917707921,602.6621998911414,481.750553713586,11.746738613834834,27.194033360468325,15.44729474663349,0,,,51.94832716573762,45.228275634376416,,,,,,,75.39577669430065,,,99.4356552223084,99.54852417784672,,,,,60,100,-40,,,,,,,,,,,,8.252414756180215,-239.36130803691523,8.252414756180215,0.08765736026340823
2026-05-26,725.96,741.63,724.16,738.31,687.1856407456182,683.7379341663368,607.9817214640378,484.3033840248936,12.852462239888869,31.512872546494577,18.66041030660571,0,,,57.50869486977155,52.0898710856551,,,,,,,78.1296724619805,78.1296724619805,,99.32278626677008,99.32278626677008,,,,,60,100,-40,,,,,,,,,,,,-56.88438792676166,-273.11379748474883,-56.88438792676166,0.07183274756377356
2026-06-01,737.04,748.65,704.32,705.06,687.3959521209312,688.0023473330695,611.7887127791736,486.499967268427,10.579700358227392,31.885035754389946,21.305335396162555,0,,,56.90835567697228,55.45512590416049,,,,,,,65.50636762028495,,,93.9364388903098,96.62961257853995,,,,,60,100,-40,,,,,,,,,,,,13.458228059922277,-229.82037976024907,13.458228059922277,0.035006720142586045
2026-06-08,717.81,725.66,686.37,721.34,684.6998126837218,694.6698778664555,616.0848416897942,488.8366840120247,9.445286757587422,33.11194384314683,23.66665708555941,0,,,53.649229075757766,56.022093207500525,,,56.022093207500525,,56.022093207500525,,68.22913744840942,,,88.07789428575786,91.68046001009138,,,,,60,100,-40,,,,,,56.022093207500525,,105,,106,,-64.44326795097268,-314.3984925311128,-64.44326795097268,0.049128372956826885
2026-06-15,738.1,744.7599,720.85,740.62,685.2262546348845,703.8599022931644,620.9685733882336,491.3419906387707,9.253760913843266,35.23385822786349,25.980097314020227,0,,,55.37600994793298,55.31119823355434,,,,,,,71.15074169060773,71.15074169060773,,82.50948719127095,85.18439203651148,,,,,60,100,-40,,,,,,55.31119823355434,,,,,,-40.90812832352306,-297.23513025272865,-40.90812832352306,0.1037188073504802
2026-06-22,742.02,745.45,702.81,706.52,685.7672507323929,704.3919218345316,624.3235312945774,493.48306535878294,6.235580863007716,33.77457339277987,27.538992529772155,0,,,51.47706141425322,53.50076681264799,,,,,,,60.49212848215352,,,78.18014198089625,80.16754871731182,,,,,60,100,-40,,,,,,53.50076681264799,,105,,,,-111.65210499197343,-409.55601566132344,-111.65210499197343,0.07883625085227837
2026-06-29,713.99,737.62,705.172,712.6,683.593875680079,706.0335374676253,627.7853535967508,495.6633333651632,4.153908284208676,32.731377885033,28.577469600824323,0,,,47.851814239508734,51.56829520056498,,,,,,,61.60316418224386,,,70.95355384577853,74.48360632051704,,,,,60,100,-40,,,,,,,,,,,,-231.35172226616007,-497.81855826835556,-231.35172226616007,0.0919304373804838
2026-07-06,719.93,726.39,700.91,725.51,683.0317417029305,709.9288299741002,631.6176926713881,497.95036487396754,3.1947522087447346,32.57090986175524,29.376157653010505,0,,,44.178016192175846,47.835630615312596,,,,,,,63.93609520557955,63.93609520557955,,59.51856745896651,65.66334288336343,,,,,60,100,-40,,,,,,,,,,,,-178.37868185413095,-433.6697294922909,-178.37868185413095,0.08123986227988327
2026-07-13,717.72,724.36,686.76,695.33,683.5051887241498,707.0090639792801,634.1162145274121,499.9143413428833,0.23226365680003624,29.666487224010552,29.434223567210516,0,,,34.557986920809256,42.19593911749794,,,,,,,55.410007938969805,,,41.75890930140583,51.07877800210532,,,,,60,100,-40,,,,,,,,,,,,-75.03710333519805,-371.1843241300562,-75.03710333519805,0.06735870124489518
2026-07-20,702.16,710.05,682.48,684.23,682.0491038152819,702.4532511834241,636.0814610165332,501.7483279961879,-2.6134646854450416,26.167392710404215,28.780857395849257,0,,,22.415859908638822,33.71728767387464,,,,,,,52.61441301182327,,,24.064057293525313,33.48523680558164,,,,,60,100,-40,,,,,,,,,,,,32.242369998474345,-299.1508106518642,32.242369998474345,0.06075085674112758
2026-07-27,691.68,695.77,661.14,687.99,682.2941678284761,699.5606009467392,638.1170899962771,503.6014789614,-4.2825451092299005,23.42767600931188,27.71022111854178,0,,,8.789513693778526,21.921120174408866,,,,,,,53.475787557622844,,,8.630401275089229,16.08568023308845,,8.630401275089229,,,60,100,-40,,,,,,,,,,,,80.01648454420632,-252.0324814424344,80.01648454420632,0.15475092543272642
2026-08-03,688.3,728.54,685.82,723.03,681.5131558407278,704.2544807573913,641.4470080356388,505.78484732994326,-3.1206521485522103,23.80940593285152,26.93005808140373,0,,,13.520842367822915,14.908738656746749,,,,,,,60.68997536192356,,,10.666932056024637,9.287966052652072,,,,,60,100,-40,,,,,,,,,,,,37.286214627077925,-268.93566663471904,37.286214627077925,0.2461403702137015
2026-08-10,722.39,734.39,715.5,731.07,679.6322161378187,709.6175846059131,644.961635171496,508.0264906400931,-1.9612325900851388,24.478517343797307,26.439749933882446,0,,,23.01499564173347,15.108450567778297,,,,,,,62.14892625830637,62.14892625830637,,18.769892674094905,12.690201431169255,,,,,60,100,-40,,,,,,15.108450567778297,,,,,,15.052357422154685,-269.1291817920428,15.052357422154685,0.36442041703907974
2026-08-17,732.95,734.58,708.52,713.44,681.2899149851173,710.3820676847305,647.6470612432021,510.070406156112,-2.497871385720721,23.317410701731546,25.815282087452267,0,,,25.451237587391876,20.66235853231608,,,,,,,57.11351849862027,,,25.933400067751784,22.19057052798033,,,,,60,100,-40,,,,,,,,,,,,11.406474254490178,-251.1056941934896,11.406474254490178,0.2878025986032985
2026-08-24,709.66,724.125,702.7,716.43,681.804921057609,711.5916541477844,650.3444313905275,512.123735448091,-2.747821825100896,22.380504806076146,25.128326631177043,0,,,24.44834230960508,24.304858512910133,,,,,,,57.74256839415083,,,26.185974108631346,26.724440435451623,26.185974108631346,,,,60,100,-40,,,,,,,,,,,,56.60529711731016,-212.72284070376423,56.60529711731016,0.2566343627746175
2026-08-31,715.17,721.86,704.66,718.96,682.9452838392084,713.0653233182276,653.0352380026636,514.1818077321896,-2.828072025390142,21.593236599439365,24.421308624829507,0,,,23.948662038233355,24.616080645076764,,,,,24.616080645076764,,58.30320161171832,,,24.525719972672064,26.09379433366961,,,,,60,100,-40,,,,,,24.616080645076764,,,,,,89.04069764143557,-179.50050603035254,89.04069764143557,0.2324510921810005
2026-09-08,720.909,721.886,706.855,714.88,675.0577635649793,713.428258654582,655.4605227868728,516.1788046701777,-3.213139564979599,20.404884168605008,23.618023733584607,0,,,22.832566298114656,23.743190215317693,,,,,,,56.98245759145214,,,24.5574702369549,24.430023466848848,,,,,60,100,-40,,,,,,,,,,,,191.9423889793564,-101.40950493392481,191.9423889793564,0.19075192164642746
2026-09-14,703.325,721.73,700,721.45,676.9113518817664,715.0326069236656,658.0483454226818,518.2213041261958,-3.082093316152122,19.765407088394454,22.847500404546576,0,,,21.6227568711806,22.80132840250953,,,,,,,58.61779434185247,,,26.90450843336628,25.362894871367008,,,,,60,100,-40,,,,,,,,,,,,266.1346818922008,-37.516867673211216,266.1346818922008,0.1981512450393488
2026-09-21,727.89,748.349,727.81,744.5,691.1055410330688,720.9260855389325,661.4386063864982,520.472833438373,-1.5756867906116518,20.87789191628201,22.453578706893662,0,,,39.19144081443563,27.88225466124362,,,,,,,63.84214087214345,,,42.16663097927786,34.36607524024556,,,,,60,100,-40,,,,,,27.88225466124362,,,,,,319.5647397299825,12.031653721918119,319.5647397299825,0.18531221495796776
2026-09-28,740.455,745.1,731.63,739.77,691.0767166735639,724.694868431146,664.5104257438904,522.6548947971951,-1.0554628000017559,21.134250206891465,22.18971300689322,0,,,47.33430966765902,36.04950245109175,,,,,,,62.09930145601521,,,59.08506883955326,49.14586159819556,,,,,60,100,-40,,,,,,,,,,,,397.82569614271296,63.480443954296604,397.82569614271296,0.1977312045157687